case,tau,Q_ward,I_wrong,C_wrong,weighted_C_plus_I
coupled_mixed,0.0,-2.8842326965652964e-05,0.0,1.734723475976807e-18,1.734723475976807e-18
coupled_mixed,0.025,-2.776095399518899e-05,-7.0950120790092e-07,7.054743578760458e-07,6.999562638754318e-18
coupled_mixed,0.05,-2.6700816593478978e-05,-1.3960523612936442e-06,1.3802607295842345e-06,1.3931997916438732e-17
coupled_mixed,0.07500000000000001,-2.5661509442512654e-05,-2.0598969592078878e-06,2.025067276855211e-06,1.8154880674975046e-17
coupled_mixed,0.1,-2.464263485505119e-05,-2.7012754317008484e-06,2.640587335631453e-06,1.8616090114755013e-17
coupled_mixed,0.125,-2.3643802653152335e-05,-3.3204251672889042e-06,3.2274997250336668e-06,5.649159186770468e-17
coupled_mixed,0.15000000000000002,-2.2664630048162444e-05,-3.91758054087577e-06,3.786469050033603e-06,1.2533715927111333e-16
coupled_mixed,0.17500000000000002,-2.170474152216246e-05,-4.492972942158025e-06,4.318145998180242e-06,1.8024014084624257e-16
coupled_mixed,0.2,-2.0763768710834818e-05,-5.0468308044891455e-06,4.823167630391492e-06,1.384881928101836e-16
coupled_mixed,0.225,-1.9841350287750237e-05,-5.5793796341832496e-06,5.302157666019561e-06,-3.1500308275440175e-17
coupled_mixed,0.25,-1.8937131850045976e-05,-6.090842040239762e-06,5.7557267621796e-06,-2.602296972202024e-16
coupled_mixed,0.275,-1.8050765805489692e-05,-6.581437764470206e-06,6.184472787447437e-06,-3.72717366681468e-16
coupled_mixed,0.30000000000000004,-1.7181911260905286e-05,-7.051383712008343e-06,6.588981089961088e-06,-2.0974653356384612e-16
coupled_mixed,0.325,-1.6330233911948568e-05,-7.500893982184852e-06,6.969824759922583e-06,3.1992434417794924e-18
coupled_mixed,0.35000000000000003,-1.5495405934219967e-05,-7.930179899751319e-06,7.327564887521856e-06,2.0454151610296845e-17
coupled_mixed,0.375,-1.4677105875688908e-05,-8.339450046434189e-06,7.662750815760552e-06,2.6346112791397758e-17
coupled_mixed,0.4,-1.3875018550445033e-05,-8.728910292792687e-06,7.975920387212967e-06,2.044906941261332e-17
coupled_mixed,0.42500000000000004,-1.3088834933724881e-05,-9.098763830376433e-06,8.26760018662713e-06,6.965321331861563e-17
coupled_mixed,0.45,-1.231825205823549e-05,-9.449211204157889e-06,8.538305778292218e-06,1.759304372106127e-16
coupled_mixed,0.47500000000000003,-1.1562972911740221e-05,-9.780450345222098e-06,8.78854193876212e-06,2.978591359019747e-16
coupled_mixed,0.5,-1.0822706335903137e-05,-1.0092676603697041e-05,9.018802884853613e-06,3.385743156105944e-16
coupled_mixed,0.525,-1.0097166926377379e-05,-1.0386082781908065e-05,9.229572497089153e-06,1.8965406502202686e-16
coupled_mixed,0.55,-9.38607493413757e-06,-1.0660859167739694e-05,9.421324538698775e-06,-1.3601824473599006e-16
coupled_mixed,0.5750000000000001,-8.689156168025219e-06,-1.0917193568188261e-05,9.594522870045794e-06,-5.2995463377912555e-16
coupled_mixed,0.6000000000000001,-8.006141898513628e-06,-1.1155271343088705e-05,9.749621658778143e-06,-7.286550106778283e-16
coupled_mixed,0.625,-7.336768762679097e-06,-1.1375275438998919e-05,9.887065585490254e-06,-5.069593833270658e-16
coupled_mixed,0.65,-6.680778670362791e-06,-1.1577386423225064e-05,1.0007290045056794e-05,-3.963436566792322e-17
coupled_mixed,0.675,-6.0379187115141685e-06,-1.1761782517972904e-05,1.0110721344104914e-05,1.2866430468792822e-17
coupled_mixed,0.7000000000000001,-5.4079410646971134e-06,-1.1928639634615458e-05,1.0197776895828903e-05,1.7406527066075872e-17
coupled_mixed,0.7250000000000001,-4.790602906782834e-06,-1.207813140804389e-05,1.0268865408358599e-05,1.5392282717505146e-17
coupled_mixed,0.75,-4.185666323783992e-06,-1.2210429231104805e-05,1.0324387070693997e-05,3.066598082239469e-17
coupled_mixed,0.775,-3.5928982228343974e-06,-1.2325702289103648e-05,1.0364733734575388e-05,8.354285958769164e-17
coupled_mixed,0.8,-3.012070245316011e-06,-1.2424117594356248e-05,1.0390289092578747e-05,1.6388224056886752e-16
coupled_mixed,0.8250000000000001,-2.4429586810994185e-06,-1.2505840020774897e-05,1.0401428852550854e-05,2.1420107983345649e-16
coupled_mixed,0.8500000000000001,-1.8853443839175147e-06,-1.257103233847535e-05,1.0398520908493428e-05,1.717952223621172e-16
coupled_mixed,0.875,-1.3390126878400858e-06,-1.2619855248391114e-05,1.038192550789803e-05,-8.029872339970767e-18
coupled_mixed,0.9,-8.037533248614337e-07,-1.2652467416881396e-05,1.0351995415663548e-05,-2.6806559901525195e-16
coupled_mixed,0.925,-2.793603435774072e-07,-1.2669025510319084e-05,1.0309076074525164e-05,-4.693799195891815e-16
coupled_mixed,0.9500000000000001,2.3436797104946228e-07,-1.2669684229645126e-05,1.0253505762128357e-05,-4.3286602329894314e-16
coupled_mixed,0.9750000000000001,7.376291768401884e-07,-1.2654596344875695e-05,1.0185615744713258e-05,-1.231433439377247e-16
coupled_mixed,1.0,1.2306167524818359e-06,-1.2623912729548487e-05,1.0105730427454468e-05,2.473336205982557e-19
coupled_mixed,1.0250000000000001,1.7135201745568322e-06,-1.2577782395098109e-05,1.001416750275215e-05,7.36071631163987e-18
coupled_mixed,1.05,2.186524993500437e-06,-1.2516352525146358e-05,9.91123809420194e-06,8.350050794032893e-18
coupled_mixed,1.075,2.649812908512607e-06,-1.2439768509692296e-05,9.797246897808379e-06,7.355634113956344e-18
coupled_mixed,1.1,3.1035618414370497e-06,-1.2348173979199046e-05,9.672492320438389e-06,2.6994940028994552e-17
coupled_mixed,1.125,3.547946009599878e-06,-1.2241710838558463e-05,9.53726661521645e-06,6.635656108790189e-17
coupled_mixed,1.1500000000000001,3.983135997620872e-06,-1.212051930092258e-05,9.391856014090427e-06,1.102243974262021e-16
coupled_mixed,1.175,4.409298828215785e-06,-1.1984737921391613e-05,9.2365408575594e-06,1.0895893020300418e-16
coupled_mixed,1.2000000000000002,4.82659803197733e-06,-1.183450363054816e-05,9.071595721697051e-06,3.239901023247699e-17
coupled_mixed,1.225,5.235193716158701e-06,-1.1669951767827373e-05,8.897289542437667e-06,-1.1171178728158065e-16
coupled_mixed,1.25,5.635242632459625e-06,-1.149121611471278e-05,8.713885737195864e-06,-2.7001546885983135e-16
coupled_mixed,1.2750000000000001,6.026898243819507e-06,-1.129842892774748e-05,8.521642323898113e-06,-3.1027325077693374e-16
coupled_mixed,1.3,6.410310790233055e-06,-1.1091720971350429e-05,8.320812037330635e-06,-1.5449880957918438e-16
coupled_mixed,1.3250000000000002,6.785627353588387e-06,-1.0871221550427516e-05,8.111642442912986e-06,-2.947674656444965e-18
coupled_mixed,1.35,7.152991921542586e-06,-1.0637058542765589e-05,7.894376048428117e-06,7.470830594782929e-19
coupled_mixed,1.375,7.51254545043969e-06,-1.0389358431207666e-05,7.669250413256182e-06,-1.4399560103323106e-19
coupled_mixed,1.4000000000000001,7.864425927266551e-06,-1.012824633559224e-05,7.4364982547460434e-06,-7.220108842395656e-18
coupled_mixed,1.425,8.208768430670007e-06,-9.85384604445498e-06,7.196347552715018e-06,1.0621793158568926e-18
coupled_mixed,1.4500000000000002,8.545705191040321e-06,-9.566280046481962e-06,6.949021651504392e-06,1.2913864313839063e-17
coupled_mixed,1.475,8.875365649654637e-06,-9.265669561703862e-06,6.694739359882143e-06,3.8480706793762864e-17
coupled_mixed,1.5,9.197876516908385e-06,-8.95213457242416e-06,6.433715048669714e-06,4.853498787767141e-17
coupled_mixed,1.5250000000000001,9.513361829624912e-06,-8.625793853874474e-06,6.1661587463061884e-06,3.022044149213893e-17
coupled_mixed,1.55,9.821943007462617e-06,-8.286765004590076e-06,5.892276232251012e-06,-3.407782953393501e-17
coupled_mixed,1.5750000000000002,1.012373890841461e-05,-7.935164476498647e-06,5.612269128367486e-06,-1.2499156982863358e-16
coupled_mixed,1.6,1.0418865883424309e-05,-7.571107604715436e-06,5.326334988254092e-06,-1.836630009860972e-16
coupled_mixed,1.625,1.0707437830110049e-05,-7.1947086370377775e-06,5.034667384573935e-06,-1.3455541883608188e-16
coupled_mixed,1.6500000000000001,1.0989566245611258e-05,-6.806080763132169e-06,4.737455994363246e-06,-1.786900705527672e-17
coupled_mixed,1.675,1.1265360278570535e-05,-6.405336143405091e-06,4.434886682511477e-06,-1.048457382111373e-17
coupled_mixed,1.7000000000000002,1.1534926780253996e-05,-5.992585937552361e-06,4.127141583673208e-06,-9.219953630863059e-18
coupled_mixed,1.725,1.1798370354810335e-05,-5.567940332789483e-06,3.814399181796546e-06,-1.2971462554252355e-17
coupled_mixed,1.75,1.2055793408688757e-05,-5.131508571746119e-06,3.49683438819956e-06,-8.725286389666548e-18
coupled_mixed,1.7750000000000001,1.2307296199215575e-05,-4.6833989800286424e-06,3.1746186177853547e-06,-9.324985716322592e-18
coupled_mixed,1.8,1.2552976882342038e-05,-4.223718993439657e-06,2.8479198635900788e-06,-6.84656731265651e-18
coupled_mixed,1.8250000000000002,1.2792931559564482e-05,-3.7525751848503813e-06,2.5169027695892687e-06,-2.366610054628515e-18
coupled_mixed,1.85,1.3027254324037398e-05,-3.2700732907222037e-06,2.1817287018770226e-06,4.338079239362899e-18
coupled_mixed,1.875,1.3256037305869666e-05,-2.77631823727348e-06,1.8425558182006557e-06,-1.067769733308771e-17
coupled_mixed,1.9000000000000001,1.3479370716629755e-05,-2.2714141662878827e-06,1.4995391359583915e-06,-4.581262398519609e-17
coupled_mixed,1.925,1.3697342893051207e-05,-1.7554644605604629e-06,1.1528305986028414e-06,-8.304671003883744e-17
coupled_mixed,1.9500000000000002,1.3910040339962714e-05,-1.2285717689775832e-06,8.025791405335408e-07,-7.952961748360077e-17
coupled_mixed,1.975,1.4117547772435173e-05,-6.90838031227025e-07,4.4893075045425446e-07,-2.6580105643076758e-17
coupled_mixed,2.0,1.4319948157166546e-05,-1.4236450213360239e-07,9.202853327137939e-08,-7.009674094562166e-18
coupled_mixed,2.025,1.4517322753106925e-05,4.1674822438938135e-07,-2.6798722928787766e-07,-1.3597261083595673e-17
coupled_mixed,2.0500000000000003,1.4709751151332443e-05,9.86400191756712e-07,-6.309790196099008e-07,-1.1726535880025347e-17
coupled_mixed,2.075,1.489731131417316e-05,1.5664920575165347e-06,-9.96812026509905e-07,-1.3189361779933524e-17
coupled_mixed,2.1,1.5080079613608455e-05,2.156925070537037e-06,-1.3653540888031168e-06,-1.9898497996898024e-17
coupled_mixed,2.125,1.525813086893698e-05,2.757601048580574e-06,-1.7364756402255682e-06,-2.2712764964150436e-17
coupled_mixed,2.15,1.543153838372399e-05,3.368422356268237e-06,-2.1100496556576698e-06,-2.635034795613403e-17
coupled_mixed,2.1750000000000003,1.560037398204417e-05,3.98929188343595e-06,-2.485951598574232e-06,-2.380586098258211e-17
coupled_mixed,2.2,1.5764708044017873e-05,4.620113023883145e-06,-2.864059369755631e-06,-1.8544092314238397e-17
coupled_mixed,2.225,1.5924609540655423e-05,5.260789654515354e-06,-3.244253257180321e-06,-1.0060210314539325e-17
coupled_mixed,2.25,1.6080146068016103e-05,5.9112261148815766e-06,-3.62641588712298e-06,-2.392359856225046e-17
coupled_mixed,2.275,1.6231383880690054e-05,6.571327187107751e-06,-4.010432176336856e-06,-3.077101290785422e-17
coupled_mixed,2.3000000000000003,1.6378387924609588e-05,7.240998076227402e-06,-4.39618928546083e-06,-2.287581880649689e-17
coupled_mixed,2.325,1.652122186920099e-05,7.920144390910534e-06,-4.783576573475987e-06,-4.687480330105298e-18
coupled_mixed,2.35,1.6659948138885577e-05,8.608672124598595e-06,-5.172485553265466e-06,-1.6898307297723292e-17
coupled_mixed,2.375,1.6794627943934794e-05,9.306487637034526e-06,-5.56280984813709e-06,-1.1751735110206163e-17
coupled_mixed,2.4000000000000004,1.6925321310691695e-05,1.0013497636190416e-05,-5.954445149549889e-06,-1.6567964448294115e-17
coupled_mixed,2.4250000000000003,1.7052087111161206e-05,1.0729609160598014e-05,-6.347289175683696e-06,-1.99527081055223e-17
coupled_mixed,2.45,1.7174983091985214e-05,1.1454729562077623e-05,-6.74124163109642e-06,-2.898546745504216e-17
coupled_mixed,2.475,1.7294065902804536e-05,1.2188766488868379e-05,-7.1362041672920484e-06,-3.6105626409661806e-17
coupled_mixed,2.5,1.7409391124019805e-05,1.2931627869159105e-05,-7.5320803442583545e-06,-3.1590940800796385e-17
coupled_mixed,2.5250000000000004,1.7521013293956915e-05,1.3683221895018667e-05,-7.928775592929219e-06,-2.300202671563778e-17
coupled_mixed,2.5500000000000003,1.762898593544765e-05,1.4443457006724792e-05,-8.326197178517777e-06,-5.38712954453735e-18
coupled_mixed,2.575,1.7733361581831128e-05,1.521224187749054e-05,-8.724254164765508e-06,4.950060543754131e-18
coupled_mixed,2.6,1.7834191802386574e-05,1.598948539858716e-05,-9.122857379008364e-06,8.290758487725092e-18
coupled_mixed,2.625,1.793152722720547e-05,1.677509666486255e-05,-9.521919378115487e-06,1.1011428314305904e-18
coupled_mixed,2.6500000000000004,1.8025417571507934e-05,1.7568984960654242e-05,-9.921354415222405e-06,-8.707498697774207e-19
coupled_mixed,2.6750000000000003,1.8115911659415357e-05,1.8371059746098843e-05,-1.032107840730559e-05,-8.626183534837795e-18
coupled_mixed,2.7,1.8203057447190615e-05,1.918123064383983e-05,-1.0721008903487317e-05,-9.429170768834871e-18
coupled_mixed,2.725,1.8286902045940717e-05,1.9999407426113368e-05,-1.1121065054154125e-05,-1.754035827174205e-17
coupled_mixed,2.75,1.8367491743805867e-05,2.0825500002231883e-05,-1.1521167580762215e-05,-1.2292142130554407e-17
coupled_mixed,2.7750000000000004,1.8444872027632885e-05,2.165941840645166e-05,-1.192123874644603e-05,-1.465028185571038e-17
coupled_mixed,2.8000000000000003,1.8519087604142843e-05,2.250107278622716e-05,-1.2321202327260014e-05,-2.3954091748351614e-17
coupled_mixed,2.825,1.8590182420606585e-05,2.3350373390850054e-05,-1.2720983584157616e-05,-3.1953470902221226e-17
coupled_mixed,2.85,1.8658199685024873e-05,2.420723056047013e-05,-1.3120509235639913e-05,-2.3784685158900754e-17
coupled_mixed,2.875,1.872318188583268e-05,2.5071554715495737e-05,-1.351970743108423e-05,-1.5087350856493598e-17
coupled_mixed,2.9000000000000004,1.878517081112881e-05,2.5943256346371168e-05,-1.391850772467125e-05,-4.7704895589362195e-18
coupled_mixed,2.9250000000000003,1.8844207567439756e-05,2.682224600372828e-05,-1.4316841049974785e-05,9.744267025213471e-18
coupled_mixed,2.95,1.8900332598025698e-05,2.7708434288910145e-05,-1.4714639695172574e-05,2.1412992906588713e-18
coupled_mixed,2.975,1.895358570073644e-05,2.860173184486375e-05,-1.511183727879832e-05,-6.528929957436147e-18
coupled_mixed,3.0,1.9004006045427162e-05,2.9502049347400308e-05,-1.5508368726149455e-05,-5.885184917522879e-18
coupled_mixed,3.0250000000000004,1.9051632190937476e-05,3.0409297496828943e-05,-1.5904170246246532e-05,-1.3864235280658388e-17
coupled_mixed,3.0500000000000003,1.909650210164392e-05,3.132338700994036e-05,-1.629917930930265e-05,-1.9766360857126353e-17
coupled_mixed,3.075,1.9138653163592798e-05,3.224422861235417e-05,-1.669333462478266e-05,-1.465028185571038e-17
coupled_mixed,3.1,1.9178122200220332e-05,3.317173303122119e-05,-1.7086576119986277e-05,-1.617494116076812e-17
coupled_mixed,3.125,1.9214945487669097e-05,3.4105810988278566e-05,-1.7478844919108227e-05,-2.142654543374478e-17
coupled_mixed,3.1500000000000004,1.9249158769706087e-05,3.504637319325533e-05,-1.7870083322830965e-05,-1.8709263738952986e-17
coupled_mixed,3.1750000000000003,1.928079727224973e-05,3.5993330337624855e-05,-1.826023478841872e-05,-2.4401325144501884e-17
coupled_mixed,3.2,1.930989571751569e-05,3.694659308870077e-05,-1.8649243910238283e-05,-2.290377089375628e-17
coupled_mixed,3.225,1.9336488337785146e-05,3.790607208407257e-05,-1.9037056400800223e-05,-1.7442102449860553e-17
coupled_mixed,3.25,1.936060888880402e-05,3.887167792637741e-05,-1.942361907221815e-05,-1.4785807127271067e-17
coupled_mixed,3.2750000000000004,1.938229066282321e-05,3.984332117840463e-05,-1.980887981810689e-05,-7.074419175467916e-18
coupled_mixed,3.3000000000000003,1.9401566501276823e-05,4.082091235852915e-05,-2.019278759593686e-05,-8.931115395849343e-18
coupled_mixed,3.325,1.9418468807120832e-05,4.18043619364706e-05,-2.057529240976491e-05,-1.208207795963534e-17
coupled_mixed,3.35,1.9433029556824018e-05,4.2793580329381096e-05,-2.0956345293414447e-05,-1.933267998813215e-17
coupled_mixed,3.375,1.9445280312027375e-05,4.378847789824926e-05,-2.1335898294019828e-05,-1.6866120045727628e-17
coupled_mixed,3.4000000000000004,1.945525223087392e-05,4.478896494461422e-05,-2.17139044559906e-05,-2.1141942363467336e-17
coupled_mixed,3.4250000000000003,1.946297607901778e-05,4.5794951707595905e-05,-2.2090317805301823e-05,-2.0003530082357557e-17
coupled_mixed,3.45,1.9468482240317473e-05,4.6806348361231374e-05,-2.246509333419383e-05,-5.204170427930421e-18
coupled_mixed,3.475,1.947180072722158e-05,4.782306501211552e-05,-2.2838186986227568e-05,-4.926343621231011e-18
coupled_mixed,3.5,1.947296119085226e-05,4.884501169734229e-05,-2.320955564163313e-05,-5.265156800132731e-18
coupled_mixed,3.5250000000000004,1.9471992930789853e-05,4.987209838274211e-05,-2.3579157103065934e-05,-1.8810907692623502e-17
coupled_mixed,3.5500000000000003,1.9468924904574502e-05,5.0904234961411424e-05,-2.3946950081633542e-05,-3.387454162659398e-17
coupled_mixed,3.575,1.946378573691439e-05,5.194133125253037e-05,-2.4312894183276326e-05,-3.6917083973131426e-17
coupled_mixed,3.6,1.9456603728625738e-05,5.298329700046406e-05,-2.4676949895458683e-05,-3.7052609244692114e-17
coupled_mixed,3.625,1.9447406865295055e-05,5.403004187414369e-05,-2.503907857413258e-05,-2.7945310995813877e-17
coupled_mixed,3.6500000000000004,1.943622282567822e-05,5.508147546672317e-05,-2.5399242431023775e-05,-1.2739375526704677e-17
coupled_mixed,3.6750000000000003,1.942307898983905e-05,5.613750729550952e-05,-2.575740452119904e-05,-1.8336569242161094e-17
coupled_mixed,3.7,1.940800244703319e-05,5.7198046802167194e-05,-2.6113528730869334e-05,-1.3552527156068805e-17
coupled_mixed,3.725,1.9391020003344363e-05,5.826300335317476e-05,-2.6467579765548574e-05,-2.4984083812212843e-17
coupled_mixed,3.75,1.9372158189076344e-05,5.9332286240548246e-05,-2.6819523138368537e-05,-1.4724820755068757e-17
coupled_mixed,3.7750000000000004,1.9351443265908596e-05,6.040580468281835e-05,-2.7169325158756322e-05,4.458781434346637e-18
coupled_mixed,3.8000000000000003,1.932890123382009e-05,6.14834678262593e-05,-2.7516952921283547e-05,2.064049885869279e-17
coupled_mixed,3.825,1.9304557837783172e-05,6.256518474636549e-05,-2.7862374294775755e-05,3.266159044612582e-17
coupled_mixed,3.85,1.927843857424188e-05,6.365086444957116e-05,-2.820555791167509e-05,1.666960840196463e-17
coupled_mixed,3.875,1.925056869736693e-05,6.47404158752091e-05,-2.8546473157592053e-05,-2.1412992906588713e-17
coupled_mixed,3.9000000000000004,1.922097322510578e-05,6.583374789770379e-05,-2.888509016110534e-05,-5.4304976314367703e-17
coupled_mixed,3.9250000000000003,1.9189676945022033e-05,6.69307693289946e-05,-2.92213797837889e-05,-7.14218181124826e-17
coupled_mixed,3.95,1.9156704419935676e-05,6.803138892118493e-05,-2.955531361042117e-05,-5.824876171678373e-17
coupled_mixed,3.975,1.9122079993366854e-05,6.91355153694125e-05,-2.9886863939416336e-05,-2.1304572689340162e-17
coupled_mixed,4.0,1.9085827794786668e-05,7.024305731493746e-05,-3.0216003773448144e-05,-4.784042086092288e-18
pure_electric,0.0,-6.592531877863553e-05,0.0,1.734723475976807e-18,1.734723475976807e-18
pure_electric,0.025,-6.35781522123418e-05,-1.6230210261938293e-06,1.6143720209162854e-06,-1.8401790779099675e-19
pure_electric,0.05,-6.12687207794697e-05,-3.196058995291959e-06,3.1621019420963875e-06,3.001037732121986e-18
pure_electric,0.07500000000000001,-5.8996559364911556e-05,-4.719474771661145e-06,4.644494543569119e-06,1.6847485320888034e-18
pure_electric,0.1,-5.6761208010053634e-05,-6.193628701436726e-06,6.0628349468332815e-06,2.8019849895172255e-18
pure_electric,0.125,-5.4562211853593015e-05,-7.618880598014579e-06,7.418388897638406e-06,1.4618094603714715e-17
pure_electric,0.15000000000000002,-5.2399121073151787e-05,-8.995589727865165e-06,8.7124030440245e-06,3.922778985324116e-17
pure_electric,0.17500000000000002,-5.027149082767186e-05,-1.032411479666576e-05,9.946105209707526e-06,5.717641800555978e-17
pure_electric,0.2,-4.8178881200585224e-05,-1.160481393574489e-05,1.1120704662947664e-05,4.675791275433189e-17
pure_electric,0.225,-4.6120857143745276e-05,-1.2838044688832987e-05,1.223739238094719e-05,-1.0018705700123864e-17
pure_electric,0.25,-4.409698842211887e-05,-1.4024163999113163e-05,1.3297341309906341e-05,-9.646519423100325e-17
pure_electric,0.275,-4.2106849559209094e-05,-1.5163528196566199e-05,1.4301706620789209e-05,-1.4425648718098538e-16
pure_electric,0.30000000000000004,-4.015001978322787e-05,-1.6256492985603608e-05,1.5251625960825688e-05,-9.64567239015307e-17
pure_electric,0.325,-3.822608297398048e-05,-1.7303413432982863e-05,1.6148219700883037e-05,-2.205673794650198e-18
pure_electric,0.35000000000000003,-3.633462761045976e-05,-1.8304643956008803e-05,1.6992591178934327e-05,5.488773498207866e-19
pure_electric,0.375,-3.447524671913434e-05,-1.9260538311014195e-05,1.778582693987528e-05,3.601584091725285e-18
pure_electric,0.4,-3.264753782294917e-05,-2.0171449582090446e-05,1.8528996970867267e-05,9.723938234479368e-19
pure_electric,0.42500000000000004,-3.085110289098971e-05,-2.1037730170096022e-05,1.9223154933337497e-05,9.317362419797304e-18
pure_electric,0.45,-2.9085548288829578e-05,-2.185973178192036e-05,1.986933839113851e-05,3.830621800662848e-17
pure_electric,0.47500000000000003,-2.7350484729529614e-05,-2.2637805420002082e-05,2.0468569035097736e-05,7.351568355809524e-17
pure_electric,0.5,-2.5645527225295678e-05,-2.3372301372096775e-05,2.1021852904047275e-05,9.053765766611765e-17
pure_electric,0.525,-2.397029503976931e-05,-2.4063569201289753e-05,2.1530180602366902e-05,5.771682502590803e-17
pure_electric,0.55,-2.2324411640956237e-05,-2.471195773624891e-05,2.1994527514142617e-05,-3.6774782437992704e-17
pure_electric,0.5750000000000001,-2.0707504654776643e-05,-2.5317815061713056e-05,2.241585401397718e-05,-1.6927784044287741e-16
pure_electric,0.6000000000000001,-1.911920581922728e-05,-2.5881488509210997e-05,2.2795105674535895e-05,-2.583687658350847e-16
pure_electric,0.625,-1.7559150939150717e-05,-2.640332464800658e-05,2.313321347082939e-05,-2.086885894127255e-16
pure_electric,0.65,-1.6026979841603835e-05,-2.6883669276265078e-05,2.3431093981287135e-05,-3.498584885339162e-17
pure_electric,0.675,-1.4522336331801162e-05,-2.732286741243854e-05,2.368964958574145e-05,-5.8648561267887755e-18
pure_electric,0.7000000000000001,-1.304486814961202e-05,-2.772126328687584e-05,2.3909768661083478e-05,-6.0816965612858764e-18
pure_electric,0.7250000000000001,-1.1594226926670459e-05,-2.807920033362264e-05,2.4092325772983106e-05,-1.81603863891322e-18
pure_electric,0.75,-1.0170068144012127e-05,-2.8397021182436982e-05,2.4238181865161162e-05,-5.19400603256337e-18
pure_electric,0.775,-8.772051090271001e-06,-2.86750676510074e-05,2.4348184445853113e-05,-2.710505431213761e-18
pure_electric,0.8,-7.399838820411841e-06,-2.891368073736694e-05,2.4423167771401785e-05,1.6310466432328807e-17
pure_electric,0.8250000000000001,-6.053098114995191e-06,-2.9113200612499862e-05,2.4463953027119636e-05,2.875507449338899e-17
pure_electric,0.8500000000000001,-4.731499439962158e-06,-2.92739666131376e-05,2.4471348505550675e-05,3.5260287528302015e-17
pure_electric,0.875,-3.434716906935151e-06,-2.93963172347403e-05,2.444614978200539e-05,-5.7293308552280875e-18
pure_electric,0.9,-2.1624282340224586e-06,-2.9480590124660532e-05,2.438913988766188e-05,-7.972951725915278e-17
pure_electric,0.925,-9.143147071249145e-07,-2.952712207548555e-05,2.4301089480033636e-05,-1.50880284828514e-16
pure_electric,0.9500000000000001,3.0993885827149473e-07,-2.9536249018554634e-05,2.4182757010994885e-05,-1.6104806832735463e-16
pure_electric,0.9750000000000001,1.5106441548162156e-06,-2.9508306017647897e-05,2.4034888892352987e-05,-6.334112379567658e-17
pure_electric,1.0,2.6881094205423277e-06,-2.9443627262842758e-05,2.3858219658917657e-05,-1.0391400196915757e-17
pure_electric,1.0250000000000001,3.842639475669786e-06,-2.9342546064527585e-05,2.3653472129660236e-05,-1.6273196982649618e-17
pure_electric,1.05,4.974535758928145e-06,-2.920539484758227e-05,2.342135756626569e-05,-1.1621292036329e-17
pure_electric,1.075,6.084096363432917e-06,-2.903250514571213e-05,2.316257582934446e-05,-1.5117844042594752e-17
pure_electric,1.1,7.171616072122831e-06,-2.8824207595938334e-05,2.287781553267365e-05,-2.0081457113504952e-17
pure_electric,1.125,8.237386392761993e-06,-2.8580831933238137e-05,2.256775419515883e-05,-2.56650983018053e-17
pure_electric,1.1500000000000001,9.28169559251445e-06,-2.830270698533029e-05,2.2233058390710644e-05,-2.052191424607719e-17
pure_electric,1.175,1.0304828732097095e-05,-2.7990160667602965e-05,2.1874383896001645e-05,-1.2763092449227798e-17
pure_electric,1.2000000000000002,1.1307067699521775e-05,-2.764351997818157e-05,2.1492375836217742e-05,-1.0587911840678754e-17
pure_electric,1.225,1.2288691243429739e-05,-2.7263110993133873e-05,2.1087668828785253e-05,-2.5756577860108765e-17
pure_electric,1.25,1.324997500602612e-05,-2.6849258861809785e-05,2.0660887125139443e-05,-6.299892248498584e-17
pure_electric,1.2750000000000001,1.4191191555621178e-05,-2.6402287802313234e-05,2.02126447505762e-05,-8.782715223490389e-17
pure_electric,1.3,1.5112610418783297e-05,-2.592252109710349e-05,1.9743545642157342e-05,-5.688334460580979e-17
pure_electric,1.3250000000000002,1.6014498112110654e-05,-2.5410281088723324e-05,1.9254183784704268e-05,-1.2569968937253817e-17
pure_electric,1.35,1.689711817363991e-05,-2.486588917563788e-05,1.8745143345074225e-05,-1.734723475976807e-17
pure_electric,1.375,1.7760731193890936e-05,-2.4289665808189432e-05,1.8216998804686246e-05,-1.7611509039311413e-17
pure_electric,1.4000000000000001,1.860559484652912e-05,-2.3681930484687455e-05,1.7670315090057356e-05,-2.1036910278007803e-17
pure_electric,1.425,1.9431963918692136e-05,-2.3043001747597522e-05,1.7105647701780996e-05,-2.3334063630961466e-17
pure_electric,1.4500000000000002,2.024009034096066e-05,-2.2373197179846673e-05,1.6523542841722152e-05,-4.3019109325151406e-17
pure_electric,1.475,2.1030223216988195e-05,-2.1672833401233805e-05,1.592453753861134e-05,-5.133358473539962e-17
pure_electric,1.5,2.1802608852795023e-05,-2.0942226064943e-05,1.5309159771879563e-05,-4.955481554616559e-17
pure_electric,1.5250000000000001,2.2557490785730396e-05,-2.0181689854157995e-05,1.4677928593959805e-05,-2.8490800213845646e-17
pure_electric,1.55,2.329510981311086e-05,-1.9391538478775903e-05,1.4031354250933561e-05,-1.2536087619363645e-17
pure_electric,1.5750000000000002,2.401570402053529e-05,-1.8572084672218094e-05,1.3369938301685536e-05,-2.3513634615779377e-18
pure_electric,1.6,2.4719508809888514e-05,-1.7723640188336597e-05,1.2694173735448497e-05,-1.4728208886857774e-17
pure_electric,1.625,2.5406756927030772e-05,-1.6846515798413842e-05,1.200454508790659e-05,-2.3042684297105986e-17
pure_electric,1.6500000000000001,2.6077678489184433e-05,-1.5941021288254012e-05,1.1301528555725249e-05,-1.6435827308522444e-17
pure_electric,1.675,2.6732501012022357e-05,-1.500746545535666e-05,1.0585592109643022e-05,-1.76284496982565e-17
pure_electric,1.7000000000000002,2.7371449436471972e-05,-1.4046156106145582e-05,9.857195606158276e-06,-1.9959484369100333e-17
pure_electric,1.725,2.799474615521394e-05,-1.3057400053325576e-05,9.116790897763932e-06,-1.7801244419496376e-17
pure_electric,1.75,2.8602611038900652e-05,-1.2041503113291405e-05,8.364821941777081e-06,-2.3020661440477375e-17
pure_electric,1.7750000000000001,2.9195261462100757e-05,-1.0998770103621107e-05,7.601724907825916e-06,-4.425747149403719e-17
pure_electric,1.8,2.9772912328960926e-05,-9.92950484064186e-06,6.827928283983584e-06,-6.433384640985862e-17
pure_electric,1.8250000000000002,3.0335776098601658e-05,-8.834010137065138e-06,6.043852981533343e-06,-6.819970478112725e-17
pure_electric,1.85,3.0884062810243454e-05,-7.712587799689985e-06,5.249912438436144e-06,-5.012232762082597e-17
pure_electric,1.875,3.141798010807375e-05,-6.565538627172738e-06,4.446512721507576e-06,-1.9168355596364817e-17
pure_electric,1.9000000000000001,3.1937733265853746e-05,-5.393162407862031e-06,3.6340526273371393e-06,1.592083127659183e-17
pure_electric,1.925,3.2443525211268086e-05,-4.195757917697632e-06,2.8129237819342345e-06,3.0809129390480666e-17
pure_electric,1.9500000000000002,3.293555655003034e-05,-2.973622918171553e-06,1.983510739173716e-06,1.8289135397114853e-17
pure_electric,1.975,3.341402558973568e-05,-1.7270541543503568e-06,1.146191078008063e-06,-6.618715449845103e-18
pure_electric,2.0,3.3879128363473177e-05,-4.563473529552194e-07,3.0133549847218e-07,-1.614921253499527e-17
pure_electric,2.025,3.4331058653205957e-05,8.382027795388272e-07,-5.506920835434553e-07,-2.115962417624127e-17
pure_electric,2.0500000000000003,3.477000801290994e-05,2.156302558716304e-06,-1.409534442593438e-06,-2.1745453338386025e-17
pure_electric,2.075,3.519616579147878e-05,3.4976593239905317e-06,-2.2748409511715723e-06,-2.0393165238094535e-17
pure_electric,2.1,3.560971915540572e-05,4.861981440331428e-06,-3.1462674883429853e-06,-3.856202195669928e-17
pure_electric,2.125,3.601085311123742e-05,6.248978299944438e-06,-4.0234763494430975e-06,-6.041801309470199e-17
pure_electric,2.15,3.639975052780852e-05,7.65836032390879e-06,-4.90613615694753e-06,-8.127958755262815e-17
pure_electric,2.1750000000000003,3.6776592158256865e-05,9.089838963776001e-06,-5.793921772375907e-06,-7.417636925695359e-17
pure_electric,2.2,3.71415566618236e-05,1.0543126703129438e-05,-6.68651420932323e-06,-4.366624249685369e-17
pure_electric,2.225,3.749482062544228e-05,1.2017937059106395e-05,-7.583600547490452e-06,1.0260957123038594e-17
pure_electric,2.25,3.7836558585117364e-05,1.3513984583883147e-05,-8.484873847811394e-06,4.2900524712535804e-17
pure_electric,2.275,3.816694304709686e-05,1.5030984866124304e-05,-9.39003306851989e-06,5.469461147010468e-17
pure_electric,2.3000000000000003,3.8486144508842186e-05,1.656865453239748e-05,-1.0298782982332347e-05,2.0948818851493356e-17
pure_electric,2.325,3.879433147979574e-05,1.8126711248553992e-05,-1.1210834094532371e-05,-2.139266411585461e-17
pure_electric,2.35,3.9091670501952024e-05,1.970487372110208e-05,-1.2125902562143062e-05,-2.2209203877007755e-17
pure_electric,2.375,3.937832617023748e-05,2.130286169855979e-05,-1.3043710114119325e-05,-3.1990740351900415e-17
pure_electric,2.4000000000000004,3.965446115268968e-05,2.2920395972742277e-05,-1.396398397230346e-05,-2.860938482646125e-17
pure_electric,2.4250000000000003,3.992023621045054e-05,2.455719838005746e-05,-1.488645677353434e-05,-3.765230857134816e-17
pure_electric,2.45,4.0175810217572e-05,2.6212991802769807e-05,-1.581086649257192e-05,-5.795738238292825e-17
pure_electric,2.475,4.042134018063465e-05,2.788750017024707e-05,-1.673695636600532e-05,-7.16386585469797e-17
pure_electric,2.5,4.0656981258184325e-05,2.9580448460190985e-05,-1.7664474817094197e-05,-7.68970390835344e-17
pure_electric,2.5250000000000004,4.088288677998777e-05,3.129156269985256e-05,-1.8593175381479213e-05,-5.59990422088763e-17
pure_electric,2.5500000000000003,4.1099208266108414e-05,3.302056996723249e-05,-1.952281663383272e-05,-1.588356182691264e-17
pure_electric,2.575,4.130609544580682e-05,3.476719839226782e-05,-2.0453162115361204e-05,2.816215143031098e-17
pure_electric,2.6,4.1503696276265945e-05,3.653117715800496e-05,-2.1383980262190683e-05,5.509779915299773e-17
pure_electric,2.625,4.169215696114164e-05,3.8312236501760194e-05,-2.231504433461949e-05,3.578544795559968e-17
pure_electric,2.6500000000000004,4.1871621968946364e-05,4.011010771626826e-05,-2.324613234719504e-05,-1.791644090032296e-17
pure_electric,2.6750000000000003,4.2042234051260525e-05,4.19245231508283e-05,-2.4177026999654475e-05,-2.8880435369582624e-17
pure_electric,2.7,4.220413426078099e-05,4.3755216212479056e-05,-2.5107515608838518e-05,-3.3962633053108426e-17
pure_electric,2.725,4.2357461969199685e-05,4.56019213671114e-05,-2.6037390041208988e-05,-3.5914196963582334e-17
pure_electric,2.75,4.250235488492107e-05,4.746437414061056e-05,-2.6966446646308276e-05,-3.6808663755882876e-17
pure_electric,2.7750000000000004,4.263894907061876e-05,4.934231111998894e-05,-2.7894486191009857e-05,-4.940573774744883e-17
pure_electric,2.8000000000000003,4.276737896062924e-05,5.123546995451937e-05,-2.882131379454249e-05,-6.207735063837316e-17
pure_electric,2.825,4.288777737819114e-05,5.3143589356871705e-05,-2.9746738864343605e-05,-6.881295663493936e-17
pure_electric,2.85,4.300027555252249e-05,5.506640910425245e-05,-3.067057503267426e-05,-6.259912293388181e-17
pure_electric,2.875,4.310500313574729e-05,5.700367003954857e-05,-3.159264009401121e-05,-3.409138206109108e-17
pure_electric,2.9000000000000004,4.3202088219664535e-05,5.895511407247542e-05,-3.251275594321791e-05,4.4520051707686026e-18
pure_electric,2.9250000000000003,4.329165735236795e-05,6.092048418072942e-05,-3.3430748514447564e-05,3.901772568232209e-17
pure_electric,2.95,4.3373835554710036e-05,6.28995244111461e-05,-3.434644772081809e-05,3.06287113727155e-17
pure_electric,2.975,4.3448746336620945e-05,6.489197988086347e-05,-3.52596873947706e-05,-5.204170427930421e-18
pure_electric,3.0,4.351651171327674e-05,6.689759677849304e-05,-3.6170305229218935e-05,-2.496375502147874e-17
pure_electric,3.0250000000000004,4.357725222111947e-05,6.89161223653329e-05,-3.707814271946587e-05,-3.0005295123536335e-17
pure_electric,3.0500000000000003,4.363108693373368e-05,7.094730497655953e-05,-3.798304510576299e-05,-3.5344990823027445e-17
pure_electric,3.075,4.3678133477575466e-05,7.299089402243657e-05,-3.8884861316583474e-05,-3.752694769515452e-17
pure_electric,3.1,4.3718508047560826e-05,7.504663998954338e-05,-3.978344391263218e-05,-3.980377225737408e-17
pure_electric,3.125,4.3752325422507826e-05,7.711429444201525e-05,-4.06786490315305e-05,-4.107770981004455e-17
pure_electric,3.1500000000000004,4.3779698980442186e-05,7.919361002280108e-05,-4.15703363332038e-05,-4.9060148304969076e-17
pure_electric,3.1750000000000003,4.380074071375832e-05,8.128434045493851e-05,-4.245836894592632e-05,-4.6552930781096347e-17
pure_electric,3.2,4.381556124424346e-05,8.338624054284717e-05,-4.3342613413085984e-05,-4.336808689942018e-17
pure_electric,3.225,4.382426983796288e-05,8.549906617363968e-05,-4.422293964056155e-05,-2.325613659981407e-17
pure_electric,3.25,4.382697442000861e-05,8.762257431845087e-05,-4.5099220844816226e-05,1.9244588561617704e-18
pure_electric,3.2750000000000004,4.382378158911181e-05,8.97565230337854e-05,-4.597133350160536e-05,1.3118846287074604e-17
pure_electric,3.3000000000000003,4.381479663211833e-05,9.190067146288362e-05,-4.683915729533465e-05,-2.6291902682773483e-18
pure_electric,3.325,4.380012353833406e-05,9.405477983710653e-05,-4.77025750690533e-05,-2.8880435369582624e-17
pure_electric,3.35,4.377986501373217e-05,9.621860947735723e-05,-4.856147277510631e-05,-3.0710026535651913e-17
pure_electric,3.375,4.3754122495030844e-05,9.83919227955305e-05,-4.9415739426451194e-05,-3.400329063457663e-17
pure_electric,3.4000000000000004,4.372299616363807e-05,0.00010057448329595496,-5.026526704849689e-05,-3.800128614561693e-17
pure_electric,3.4250000000000003,4.368658495946783e-05,0.00010276605557688257,-5.110995063162087e-05,-2.9436088982981445e-17
pure_electric,3.45,4.3644986594623724e-05,0.00010496640533199553,-5.19496880843056e-05,-2.484178227707412e-17
pure_electric,3.475,4.3598297566955395e-05,0.00010717529935193993,-5.27843801868353e-05,-2.630545520992955e-17
pure_electric,3.5,4.35466131734855e-05,0.00010939250552588631,-5.361393054561722e-05,-3.153673069217211e-17
pure_electric,3.5250000000000004,4.349002752371061e-05,0.00011161779284311736,-5.443824554808921e-05,-3.470802204669221e-17
pure_electric,3.5500000000000003,4.342863355277435e-05,0.0001138509313946419,-5.525723431821887e-05,-4.195862407518902e-17
pure_electric,3.575,4.33625230345147e-05,0.00011609169237483606,-5.607080867255955e-05,-4.2256779672622535e-17
pure_electric,3.6,4.329178659438662e-05,0.0001183398480831105,-5.687888307690479e-05,-3.264803791896975e-17
pure_electric,3.625,4.321651372225961e-05,0.00012059517192560432,-5.768137460349966e-05,-2.4137050864958542e-17
pure_electric,3.6500000000000004,4.3136792785093366e-05,0.0001228574384169053,-5.8478202888803676e-05,-2.99781900692242e-17
pure_electric,3.6750000000000003,4.3052711039487726e-05,0.0001251264231818016,-5.926929009180022e-05,-3.1956859034010243e-17
pure_electric,3.7,4.296435464411208e-05,0.00012740190295708494,-6.0054560852907876e-05,-3.480288973678469e-17
pure_electric,3.725,4.2871808672012156e-05,0.0001296836555933458,-6.083394225338094e-05,-4.206704429243757e-17
pure_electric,3.75,4.277515712279708e-05,0.00013197146005681834,-6.16073637752599e-05,-3.607682728945516e-17
pure_electric,3.7750000000000004,4.267448293470604e-05,0.00013426509643125095,-6.23747572618804e-05,-1.677802861921318e-17
pure_electric,3.8000000000000003,4.256986799655365e-05,0.00013656434591980687,-6.313605687889058e-05,-8.131516293641283e-19
pure_electric,3.825,4.246139315955877e-05,0.0001388689908469961,-6.389119907577838e-05,6.69494841509799e-18
pure_electric,3.85,4.2349138249053926e-05,0.0001411788146606381,-6.464012254794003e-05,-1.349831704744453e-17
pure_electric,3.875,4.223318207607636e-05,0.00014349360193385458,-6.538276819922223e-05,-3.8624702394796095e-17
pure_electric,3.9000000000000004,4.211360244884329e-05,0.00014581313836709275,-6.611907910502278e-05,-6.402213828526904e-17
pure_electric,3.9250000000000003,4.1990476184110585e-05,0.0001481372107901774,-6.684900047585103e-05,-7.64633582145402e-17
pure_electric,3.95,4.186387911841571e-05,0.00015046560716439324,-6.757247962140174e-05,-6.860289246402029e-17
pure_electric,3.975,4.173388611920488e-05,0.00015279811658459506,-6.82894659151112e-05,-3.995285005609084e-17
pure_electric,4.0,4.160057109584827e-05,0.0001551345292813476,-6.899991075920951e-05,-2.485533480423019e-17
pure_magnetic,0.0,6.592531877863575e-05,0.0,1.734723475976807e-18,1.734723475976807e-18
pure_magnetic,0.025,6.363458823386865e-05,1.6237410008317492e-06,-1.6150881591153743e-06,8.720204191983022e-19
pure_magnetic,0.05,6.137598130615289e-05,3.198853710484462e-06,-3.164866968613164e-06,6.343006225513828e-18
pure_magnetic,0.07500000000000001,5.9149300640928696e-05,4.725574699926812e-06,-4.650497580563698e-06,4.797594613248357e-18
pure_magnetic,0.1,5.6954347104004295e-05,6.2041446234953205e-06,-6.0731288628324e-06,4.1275915519702056e-18
pure_magnetic,0.125,5.479091982040201e-05,7.634808152983375e-06,-7.433897467382794e-06,1.3630454187216201e-17
pure_magnetic,0.15000000000000002,5.265881621376923e-05,9.017813911277092e-06,-8.733927897706939e-06,2.850774087279073e-17
pure_magnetic,0.17500000000000002,5.055783204632974e-05,1.035341440556333e-05,-9.97433257541279e-06,4.6664739130133914e-17
pure_magnetic,0.2,4.848776145935374e-05,1.1641865960132305e-05,-1.1156211906100319e-05,3.731010726065742e-17
pure_magnetic,0.225,4.6448397014120296e-05,1.2883428648797149e-05,-1.2280654344448347e-05,-4.123356387233934e-18
pure_magnetic,0.25,4.443952973334623e-05,1.4078366226952789e-05,-1.334873645870635e-05,-6.327166709400173e-17
pure_magnetic,0.275,4.2460949143059094e-05,1.5226946063296528e-05,-1.4361522994563516e-05,-9.744944651571275e-17
pure_magnetic,0.30000000000000004,4.0512443314891016e-05,1.6329439071232662e-05,-1.5320066938495636e-05,-6.566538220294238e-17
pure_magnetic,0.325,3.859379890876365e-05,1.7386119639983537e-05,-1.6225409580633218e-05,3.23227772672241e-18
pure_magnetic,0.35000000000000003,3.670480121593456e-05,1.8397265565439776e-05,-1.7078580577114394e-05,4.946672411965114e-19
pure_magnetic,0.375,3.4845234202380724e-05,1.9363157980768374e-05,-1.788059801176127e-05,5.078809551736785e-18
pure_magnetic,0.4,3.301488055251214e-05,2.0284081286781313e-05,-1.8632468457867313e-05,7.132017415881209e-18
pure_magnetic,0.42500000000000004,3.121352171317081e-05,2.1160323082115627e-05,-1.9335187039299512e-05,1.1841520602615119e-17
pure_magnetic,0.45,2.9440937937896773e-05,2.1992174093231532e-05,-1.9989737491401052e-05,3.0056117100371593e-17
pure_magnetic,0.47500000000000003,2.7696908331432653e-05,2.277992810425638e-05,-2.059709222164592e-05,5.2231439659489176e-17
pure_magnetic,0.5,2.598121089444959e-05,2.3523881886696225e-05,-2.1158212370022897e-05,6.995475704783816e-17
pure_magnetic,0.525,2.4293622568456632e-05,2.4224335129036718e-05,-2.1674047869268617e-05,5.140473550296898e-17
pure_magnetic,0.55,2.263391928088263e-05,2.488159036625503e-05,-2.214553750488034e-05,-1.5656556997048487e-17
pure_magnetic,0.5750000000000001,2.1001875990300572e-05,2.549595290926455e-05,-2.2573608975029816e-05,-1.1188966420050406e-16
pure_magnetic,0.6000000000000001,1.939726673176839e-05,2.6067730774314074e-05,-2.295917895038177e-05,-1.7556282491150432e-16
pure_magnetic,0.625,1.781986466227025e-05,2.6597234612363204e-05,-2.3303153133888074e-05,-1.4026526793352312e-16
pure_magnetic,0.65,1.626944210622876e-05,2.7084777638455684e-05,-2.360642632058367e-05,-2.021698238506564e-17
pure_magnetic,0.675,1.4745770601060104e-05,2.7530675561114295e-05,-2.3869882457373814e-05,5.996993266560446e-19
pure_magnetic,0.7000000000000001,1.3248620942725399e-05,2.7935246511782872e-05,-2.4094394702392843e-05,-3.7777669447541795e-18
pure_magnetic,0.7250000000000001,1.1777763231329299e-05,2.8298810974314713e-05,-2.4280825485020405e-05,3.649017936771526e-18
pure_magnetic,0.75,1.0332966916669719e-05,2.8621691714552345e-05,-2.4430026565725946e-05,1.3891340334970526e-18
pure_magnetic,0.775,8.914000843746788e-06,2.8904213710008088e-05,-2.4542839095897592e-05,2.8155375166732943e-18
pure_magnetic,0.8,7.520633298203276e-06,2.914670407966743e-05,-2.4620093677891336e-05,1.5565077438745023e-17
pure_magnetic,0.8250000000000001,6.152632051676342e-06,2.9349492013935232e-05,-2.466261042518604e-05,2.1782299271591588e-17
pure_magnetic,0.8500000000000001,4.809764407034457e-06,2.95129087047439e-05,-2.467119902262345e-05,2.6396934768233016e-17
pure_magnetic,0.875,3.491797243482817e-06,2.9637287275842926e-05,-2.4646658786887585e-05,1.1184223035545782e-17
pure_magnetic,0.9,2.198497061515017e-06,2.972296271328913e-05,-2.4589778727096903e-05,-3.601922904904187e-17
pure_magnetic,0.925,9.29630027689623e-07,2.9770271796156837e-05,-2.4501337605587273e-05,-9.026660712299628e-17
pure_magnetic,0.9500000000000001,-3.1503798078548126e-07,2.9779553027487368e-05,-2.438210399893087e-05,-9.361746946233429e-17
pure_magnetic,0.9750000000000001,-1.5357413316820136e-06,2.9751146565497152e-05,-2.423283635923784e-05,-3.639531167762278e-17
pure_magnetic,1.0,-2.732714593614723e-06,2.968539415506318e-05,-2.405428307565398e-05,4.174178364069192e-18
pure_magnetic,1.0250000000000001,-3.906192492177931e-06,2.9582639059489198e-05,-2.3847182535948613e-05,-3.6253010142484055e-19
pure_magnetic,1.05,-5.05640986633491e-06,2.944322599259064e-05,-2.361226318845118e-05,-1.3857459017080354e-18
pure_magnetic,1.075,-6.18360162509522e-06,2.9267501051109334e-05,-2.3350243604372892e-05,2.4191260973582818e-18
pure_magnetic,1.1,-7.2880027045130885e-06,2.9055811647468208e-05,-2.30618325402724e-05,-1.0018705700123864e-17
pure_magnetic,1.125,-8.369848025002692e-06,2.8808506442888717e-05,-2.2747729000769518e-05,-1.878719077010038e-17
pure_magnetic,1.1500000000000001,-9.429372449003097e-06,2.852593528088483e-05,-2.2408622301633638e-05,-1.543632843076237e-17
pure_magnetic,1.175,-1.046681073900023e-05,2.820844912114923e-05,-2.2045192133118494e-05,-4.424900116456465e-18
pure_magnetic,1.2000000000000002,-1.1482397515927235e-05,2.7856399973847146e-05,-2.1658108623577935e-05,9.459663954936026e-18
pure_magnetic,1.225,-1.2476367217953942e-05,2.74701408343335e-05,-2.124803240340263e-05,2.0599841277224584e-18
pure_magnetic,1.25,-1.3448954059687586e-05,2.7050025618308747e-05,-2.0815614669196167e-05,-1.1722935989999517e-17
pure_magnetic,1.2750000000000001,-1.4400391991787145e-05,2.6596409097429094e-05,-2.036149724834145e-05,-3.231261287185705e-17
pure_magnetic,1.3,-1.533091466102035e-05,2.6109646835386577e-05,-1.98863126637909e-05,-2.505862271157122e-17
pure_magnetic,1.3250000000000002,-1.6240755370762624e-05,2.5590095124474484e-05,-1.9390684199262556e-05,7.487771253728015e-19
pure_magnetic,1.35,-1.713014704197329e-05,2.5038110922633427e-05,-1.8875225964663442e-05,-2.791820594150174e-18
pure_magnetic,1.375,-1.7999322174646975e-05,2.4454051790994392e-05,-1.8340542961724562e-05,-5.905513708256982e-18
pure_magnetic,1.4000000000000001,-1.8848512809737294e-05,2.383827583197847e-05,-1.7787231150128563e-05,-5.624298769768554e-19
pure_magnetic,1.425,-1.9677950491593698e-05,2.3191141627903096e-05,-1.7215877513850758e-05,-1.4809524049794187e-17
pure_magnetic,1.4500000000000002,-2.048786623091005e-05,2.251300818014081e-05,-1.6627060127732615e-05,-3.3054613733651816e-17
pure_magnetic,1.475,-2.1278490468191785e-05,2.1804234848833743e-05,-1.602134822444208e-05,-4.2524442083954894e-17
pure_magnetic,1.5,-2.205005303775997e-05,2.10651812931746e-05,-1.539930226169238e-05,-4.074906102650988e-17
pure_magnetic,1.5250000000000001,-2.2802783132300805e-05,2.0296207412265297e-05,-1.4761473989727963e-05,-2.0610005672591636e-17
pure_magnetic,1.55,-2.3536909267963656e-05,1.9497673286564244e-05,-1.4108406519119238e-05,3.8116482626443515e-18
pure_magnetic,1.5750000000000002,-2.4252659250026962e-05,1.8669939119933166e-05,-1.3440634388794948e-05,2.0803129184565616e-17
pure_magnetic,1.6,-2.4950260139128266e-05,1.781336518229467e-05,-1.2758683634360793e-05,2.0765859734886427e-17
pure_magnetic,1.625,-2.562993821807831e-05,1.6928311752911366e-05,-1.2063071856671312e-05,9.55114351323949e-18
pure_magnetic,1.6500000000000001,-2.6291918959255164e-05,1.6015139064297677e-05,-1.1354308290675852e-05,-1.5720931501039814e-18
pure_magnetic,1.675,-2.6936426992598696e-05,1.5074207246765512e-05,-1.0632893874507401e-05,-4.340196821731035e-18
pure_magnetic,1.7000000000000002,-2.756368607421207e-05,1.4105876273573821e-05,-9.899321318786528e-06,-1.059299403836228e-17
pure_magnetic,1.725,-2.817391905555436e-05,1.3110505906794035e-05,-9.154075176156032e-06,-6.300231061677486e-18
pure_magnetic,1.75,-2.8767347853253e-05,1.2088455643803466e-05,-8.397631911087958e-06,-1.1578940388966286e-17
pure_magnetic,1.7750000000000001,-2.934419341953608e-05,1.1040084664451908e-05,-7.630459969829376e-06,-3.0854022136685144e-17
pure_magnetic,1.8,-2.9904675713282505e-05,9.965751778903876e-06,-6.853019850585826e-06,-5.1506379456639495e-17
pure_magnetic,1.8250000000000002,-3.0449013671703627e-05,8.865815376160739e-06,-6.0657641739094575e-06,-6.132687944710585e-17
pure_magnetic,1.85,-3.097742518265369e-05,7.740633373269265e-06,-5.269137753257172e-06,-4.886024852941706e-17
pure_magnetic,1.875,-3.149012705757552e-05,6.5905631652227055e-06,-4.4635776657222376e-06,-6.21044556926853e-18
pure_magnetic,1.9000000000000001,-3.1987335005083384e-05,5.415961575560887e-06,-3.6495133229463156e-06,4.0479704549283013e-17
pure_magnetic,1.925,-3.2469263605188164e-05,4.217184807675652e-06,-2.8273665421355704e-06,7.066457065763726e-17
pure_magnetic,1.9500000000000002,-3.293612628415925e-05,2.9945883968277824e-06,-1.99755161725719e-06,5.1757524725500395e-17
pure_magnetic,1.975,-3.338813529003761e-05,1.7485271628820581e-06,-1.1604753903035614e-06,1.7017527185049335e-17
pure_magnetic,2.0,-3.3825501668787806e-05,4.793551637643457e-07,-3.1653732277328595e-07,-1.501577657245061e-18
pure_magnetic,2.025,-3.4248435241107655e-05,-8.125743504039962e-07,5.338704327940286e-07,-8.489705351211446e-18
pure_magnetic,2.0500000000000003,-3.4657144579875745e-05,-2.1269089824055366e-06,1.3903629612118523e-06,-5.970735245195563e-18
pure_magnetic,2.075,-3.5051836988248593e-05,-3.4632972322980112e-06,2.2525625129245913e-06,-6.890189509440106e-18
pure_magnetic,2.1,-3.543271847840867e-05,-4.8213885410687155e-06,3.120098432242077e-06,-2.399898449455609e-17
pure_magnetic,2.125,-3.579999375095543e-05,-6.200833333549769e-06,3.992607085516811e-06,-5.3546881826575105e-17
pure_magnetic,2.15,-3.6153866174943976e-05,-7.601283060599671e-06,4.8697317892726355e-06,-6.728660326398711e-17
pure_magnetic,2.1750000000000003,-3.649453776857314e-05,-9.022390240549073e-06,5.751122738267486e-06,-5.963281355259725e-17
pure_magnetic,2.2,-3.682220918050966e-05,-1.0463808499908567e-05,6.636436933580431e-06,-2.888890569905517e-17
pure_magnetic,2.225,-3.7137079671859734e-05,-1.1925192613336929e-05,7.525338110684829e-06,2.967156414231814e-17
pure_magnetic,2.25,-3.743934709877681e-05,-1.3406198542867243e-05,8.417496667493737e-06,7.771357884468755e-17
pure_magnetic,2.275,-3.7729207895708045e-05,-1.4906483476389307e-05,9.312589592485113e-06,8.558759712236352e-17
pure_magnetic,2.3000000000000003,-3.800685705927082e-05,-1.6425705865386187e-05,1.0210300392828747e-05,4.0915079484171724e-17
pure_magnetic,2.325,-3.827248813276544e-05,-1.796352546192275e-05,1.1110319022582596e-05,3.228889594933393e-18
pure_magnetic,2.35,-3.8526293191310304e-05,-1.9519603354915607e-05,1.2012341810857877e-05,-7.189615656294501e-18
pure_magnetic,2.375,-3.8768462827606e-05,-2.109360200567418e-05,1.2916071390133357e-05,-6.69494841509799e-18
pure_magnetic,2.4000000000000004,-3.899918613831208e-05,-2.2685185282646553e-05,1.3821216624644236e-05,-4.1640139687021405e-18
pure_magnetic,2.4250000000000003,-3.921865071104325e-05,-2.429401849546647e-05,1.4727492538852555e-05,-1.9861228547218834e-17
pure_magnetic,2.45,-3.9427042611974686e-05,-2.5919768428250013e-05,1.5634620246056385e-05,-4.175533616784799e-17
pure_magnetic,2.475,-3.962454637405368e-05,-2.7562103372157078e-05,1.6542326877073618e-05,-5.87569814851363e-17
pure_magnetic,2.5,-3.9811344985810375e-05,-2.922069315721947e-05,1.7450345509076662e-05,-6.678685382510707e-17
pure_magnetic,2.5250000000000004,-3.998761988076587e-05,-3.089520918343727e-05,1.835841509459195e-05,-4.352394096171497e-17
pure_magnetic,2.5500000000000003,-4.015355092742718e-05,-3.2585324451144764e-05,1.9266280390617396e-05,1.0076303940537157e-17
pure_magnetic,2.575,-4.030931641986978e-05,-3.429071359064807e-05,2.017369188793243e-05,6.56890991254655e-17
pure_magnetic,2.6,-4.045509306889385e-05,-3.601105289113539e-05,2.1080405740605754e-05,9.231303872356267e-17
pure_magnetic,2.625,-4.0591055993754966e-05,-3.7746020328861994e-05,2.1986183695687014e-05,6.719342963978914e-17
pure_magnetic,2.6500000000000004,-4.0717378714460084e-05,-3.9495295594611316e-05,2.2890793023115294e-05,1.0476103491641187e-17
pure_magnetic,2.6750000000000003,-4.083423314461994e-05,-4.125856012044413e-05,2.3794006445832308e-05,-5.244828009398628e-18
pure_magnetic,2.7,-4.0941789584856766e-05,-4.3035497105778576e-05,2.469560207005346e-05,-1.1838132470826102e-17
pure_magnetic,2.725,-4.104021671675522e-05,-4.4825791542693124e-05,2.5595363315910127e-05,-9.330914946953373e-18
pure_magnetic,2.75,-4.11296815973506e-05,-4.662913024056167e-05,2.649307884825848e-05,-1.2332799712022613e-17
pure_magnetic,2.7750000000000004,-4.121034965415011e-05,-4.844520184998207e-05,2.7388542507790145e-05,-2.223969706310891e-17
pure_magnetic,2.8000000000000003,-4.128238468067535e-05,-5.027369688600826e-05,2.8281553242392662e-05,-4.043396477013128e-17
pure_magnetic,2.825,-4.1345948832523433e-05,-5.2114307750693117e-05,2.917191503881353e-05,-4.957514433689969e-17
pure_magnetic,2.85,-4.140120262393211e-05,-5.396672875494542e-05,3.005943685459138e-05,-4.484531235943168e-17
pure_magnetic,2.875,-4.144830492485189e-05,-5.583065613970602e-05,3.094393255032371e-05,-1.0408340855860843e-17
pure_magnetic,2.9000000000000004,-4.1487412958503755e-05,-5.770578809644714e-05,3.1825220822213895e-05,3.962758940434519e-17
pure_magnetic,2.9250000000000003,-4.151868229942772e-05,-5.959182478699893e-05,3.2703125134975544e-05,7.866564387740138e-17
pure_magnetic,2.95,-4.1542266872004736e-05,-6.148846836270825e-05,3.3577473655063e-05,7.087971702623985e-17
pure_magnetic,2.975,-4.155831894944858e-05,-6.33954229829331e-05,3.4448099184273065e-05,2.7159264420761886e-17
pure_magnetic,3.0,-4.156698915325815e-05,-6.531239483287934e-05,3.531483909366591e-05,8.402566836762659e-19
pure_magnetic,3.0250000000000004,-4.156842645312126e-05,-6.723909214082487e-05,3.617753525782079e-05,-5.21772295508649e-18
pure_magnetic,3.0500000000000003,-4.1562778167261944e-05,-6.91752251946647e-05,3.70360339895133e-05,-5.9495594215142056e-18
pure_magnetic,3.075,-4.155018996322539e-05,-7.112050635782078e-05,3.7890185974769064e-05,-1.0787811616230769e-17
pure_magnetic,3.1,-4.153080585908781e-05,-7.307465008453111e-05,3.873984620830426e-05,-1.39455504435948e-17
pure_magnetic,3.125,-4.1504768225084717e-05,-7.503737293451014e-05,3.958487392934258e-05,-2.065405138584886e-17
pure_magnetic,3.1500000000000004,-4.147221778565016e-05,-7.700839358699246e-05,4.0425132557864174e-05,-2.507217523872729e-17
pure_magnetic,3.1750000000000003,-4.143329362185785e-05,-7.898743285416588e-05,4.126048963124483e-05,-3.264803791896975e-17
pure_magnetic,3.2,-4.138813317425261e-05,-8.097421369400032e-05,4.209081674135147e-05,-1.6154612370034016e-17
pure_magnetic,3.225,-4.133687224606856e-05,-8.296846122247782e-05,4.2915989472003604e-05,1.0150842839895535e-17
pure_magnetic,3.25,-4.127964500682125e-05,-8.496990272523046e-05,4.373588733693791e-05,4.592951453191718e-17
pure_magnetic,3.2750000000000004,-4.121658399626753e-05,-8.697826766859172e-05,4.4550393718157874e-05,5.2475385148298415e-17
pure_magnetic,3.3000000000000003,-4.114782012872367e-05,-8.899328771006758e-05,4.535939580479868e-05,3.122502256758253e-17
pure_magnetic,3.325,-4.1073482697733324e-05,-9.101469670823356e-05,4.616278453239281e-05,3.2526065174565133e-19
pure_magnetic,3.35,-4.0993699381075967e-05,-9.30422307320842e-05,4.6960454522621334e-05,2.7647155398380363e-18
pure_magnetic,3.375,-4.0908596246107265e-05,-9.507562806983318e-05,4.77523040234764e-05,-3.876022766635678e-18
pure_magnetic,3.4000000000000004,-4.081829775542489e-05,-9.711462923712746e-05,4.853823485000304e-05,-1.2088854223213374e-17
pure_magnetic,3.4250000000000003,-4.072292677284898e-05,-9.91589769847469e-05,4.9318152325441775e-05,-8.673617379884035e-18
pure_magnetic,3.45,-4.062260456970932e-05,-0.00010120841630576113,5.0091965222856874e-05,-8.334804200982315e-18
pure_magnetic,3.475,-4.051745083143035e-05,-0.00010326269444216004,5.085958570729722e-05,-3.5236570605778894e-19
pure_magnetic,3.5,-4.040758366440826e-05,-0.00010532156089096568,5.1620929278394304e-05,-9.86623976961809e-18
pure_magnetic,3.5250000000000004,-4.0293119603166186e-05,-0.00010738476740983213,5.237591471352922e-05,-1.5937771935536915e-17
pure_magnetic,3.5500000000000003,-4.0174173617785755e-05,-0.0001094520680221403,5.312446401142985e-05,-1.5585406229479126e-17
pure_magnetic,3.575,-4.005085912160136e-05,-0.00011152321902159487,5.386650233631628e-05,-3.0357660829594124e-18
pure_magnetic,3.6,-3.9923287979151136e-05,-0.00011359797897632998,5.4601957962535294e-05,9.229270993282856e-18
pure_magnetic,3.625,-3.979157051437962e-05,-0.00011567610873253062,5.533076221972584e-05,5.922454367202068e-18
pure_magnetic,3.6500000000000004,-3.965581551907608e-05,-0.00011775737141757723,5.605284943850479e-05,-6.46455545344482e-18
pure_magnetic,3.6750000000000003,-3.951613026154967e-05,-0.00011984153244272532,5.676815689666104e-05,-2.8189256484623115e-18
pure_magnetic,3.7,-3.937262049552299e-05,-0.00012192835950534985,5.747662476585265e-05,-9.134403303190375e-18
pure_magnetic,3.725,-3.922539046924867e-05,-0.0001240176225906976,5.817819605888515e-05,-1.7970651008947236e-17
pure_magnetic,3.75,-3.907454293483007e-05,-0.00012610909397321678,5.887281657747899e-05,-7.399679827213568e-18
pure_magnetic,3.7750000000000004,-3.892017915774551e-05,-0.00012820254821744543,5.956043486055225e-05,9.784924606681678e-18
pure_magnetic,3.8000000000000003,-3.8762398926563894e-05,-0.00013029776217847054,6.0241002133075774e-05,2.065405138584886e-17
pure_magnetic,3.825,-3.860130056284629e-05,-0.00013239451500196719,6.091447225545395e-05,2.574980159653073e-17
pure_magnetic,3.85,-3.8436980931225986e-05,-0.00013449258812382362,6.158080167342588e-05,1.7536970139953034e-17
pure_magnetic,3.875,-3.8269535449660585e-05,-0.00013659176526936037,6.223994936851822e-05,-1.2739375526704677e-17
pure_magnetic,3.9000000000000004,-3.8099058099844694e-05,-0.00013869183245215013,6.289187680905313e-05,-3.3068166260807885e-17
pure_magnetic,3.9250000000000003,-3.7925641437780346e-05,-0.00014079257797244526,6.353654790164538e-05,-4.01425854362758e-17
pure_magnetic,3.95,-3.774937660449716e-05,-0.00014289379241522082,6.417392894328584e-05,-3.060160631840336e-17
pure_magnetic,3.975,-3.757035333691475e-05,-0.0001449952686478394,6.480398857394883e-05,-1.0598076236045806e-17
pure_magnetic,4.0,-3.738865997883966e-05,-0.0001470968018173461,6.542669772974415e-05,-1.6263032587282567e-19
c0,0.0,2.168404344971009e-19,0.0,-1.734723475976807e-18,-1.734723475976807e-18
c0,0.025,-4.336808689942018e-19,2.0924356111342007e-20,-6.938893903907228e-18,-6.95585413226567e-18
c0,0.05,-2.168404344971009e-19,7.446740676351969e-21,-5.204170427930421e-18,-5.2536760834007286e-18
c0,0.07500000000000001,4.336808689942018e-19,-2.632363579328878e-21,-5.204170427930421e-18,-5.2924203362855975e-18
c0,0.1,0.0,-8.615705022037223e-21,1.734723475976807e-18,1.764244289932613e-18
c0,0.125,0.0,-1.8267798976296703e-20,1.5612511283791264e-17,1.602423080456138e-17
c0,0.15000000000000002,0.0,-4.0102081575875705e-20,4.683753385137379e-17,4.8348823590089786e-17
c0,0.17500000000000002,-4.336808689942018e-19,-7.572129466918228e-20,6.938893903907228e-17,7.200059801582518e-17
c0,0.2,0.0,-1.1812937187170376e-19,5.898059818321144e-17,6.147887918065238e-17
c0,0.225,4.336808689942018e-19,-1.544586864375696e-19,-1.214306433183765e-17,-1.2904880822901552e-17
c0,0.25,-2.168404344971009e-19,-1.7155652162231687e-19,-1.1622647289044608e-16,-1.2287164960521428e-16
c0,0.275,-2.168404344971009e-19,-1.6287462420893872e-19,-1.717376241217039e-16,-1.8244606407262982e-16
c0,0.30000000000000004,0.0,-1.3510570186929432e-19,-1.0755285551056204e-16,-1.1490876783269215e-16
c0,0.325,-4.336808689942018e-19,-1.130107250329604e-19,-5.204170427930421e-18,-5.696539275898932e-18
c0,0.35000000000000003,0.0,-1.0585050605815147e-19,-1.734723475976807e-18,-1.977059326135103e-18
c0,0.375,-2.168404344971009e-19,-1.0725533281990262e-19,3.469446951953614e-18,3.655317140326308e-18
c0,0.4,0.0,-1.0855779007930408e-19,1.734723475976807e-18,1.7828508716690343e-18
c0,0.42500000000000004,0.0,-7.857933681947237e-20,1.214306433183765e-17,1.3232454934997966e-17
c0,0.45,0.0,1.8694867633568182e-20,5.377642775528102e-17,5.928416794791802e-17
c0,0.47500000000000003,0.0,2.0608536644902926e-19,1.0234868508263162e-16,1.1360693390097338e-16
c0,0.5,2.168404344971009e-19,4.784585058221973e-19,1.231653667943533e-16,1.37675523811897e-16
c0,0.525,2.168404344971009e-19,7.948629928704313e-19,7.45931094670027e-17,8.433113245493635e-17
c0,0.55,0.0,1.0811886705667734e-18,-5.204170427930421e-17,-5.751184841175313e-17
c0,0.5750000000000001,0.0,1.2469732693836455e-18,-2.0643209364124004e-16,-2.324148993862764e-16
c0,0.6000000000000001,0.0,1.2199828953190878e-18,-3.0184188481996443e-16,-3.422622652154443e-16
c0,0.625,0.0,1.0021920139780018e-18,-2.3071822230491534e-16,-2.629461164830463e-16
c0,0.65,0.0,7.507886903808546e-19,-3.2959746043559335e-17,-3.7157230370044626e-17
c0,0.675,2.168404344971009e-19,7.204449061059263e-19,-5.204170427930421e-18,-5.296929862896184e-18
c0,0.7000000000000001,0.0,7.1451843586385615e-19,-3.469446951953614e-18,-3.31842567431968e-18
c0,0.7250000000000001,2.168404344971009e-19,7.10745076270483e-19,-1.734723475976807e-18,-1.3164554498718897e-18
c0,0.75,2.168404344971009e-19,7.180985017833862e-19,-1.734723475976807e-18,-1.3198787331899732e-18
c0,0.775,-2.168404344971009e-19,7.488989173522173e-19,1.3877787807814457e-17,1.7139318228827656e-17
c0,0.8,-2.168404344971009e-19,8.1471520967425815e-19,3.642919299551295e-17,4.406791741652698e-17
c0,0.8250000000000001,3.2526065174565133e-19,9.197145605460731e-19,5.898059818321144e-17,7.132008438843888e-17
c0,0.8500000000000001,-1.0842021724855044e-19,1.0543539843006421e-18,5.377642775528102e-17,6.558305801905034e-17
c0,0.875,0.0,1.1923082513193626e-18,-1.734723475976807e-18,-9.002842332451572e-19
c0,0.9,1.0842021724855044e-19,1.293528659608311e-18,-9.367506770274758e-17,-1.1230430065514147e-16
c0,0.925,1.0842021724855044e-19,1.3163271164281416e-18,-1.7694179454963432e-16,-2.1439168118208653e-16
c0,0.9500000000000001,0.0,1.2413799919670222e-18,-1.682681771697503e-16,-2.049762924383715e-16
c0,0.9750000000000001,0.0,1.1105462070459894e-18,-6.245004513516506e-17,-7.582781542202967e-17
c0,1.0,1.0842021724855044e-19,1.0639615515526025e-18,-5.204170427930421e-18,-5.38138426958888e-18
c0,1.0250000000000001,-3.2526065174565133e-19,1.0591831312817491e-18,-5.204170427930421e-18,-5.420130784476596e-18
c0,1.05,0.0,1.0573421463598702e-18,-6.938893903907228e-18,-7.62723801628146e-18
c0,1.075,1.0842021724855044e-19,1.046155958906494e-18,-8.673617379884035e-18,-9.866694278730496e-18
c0,1.1,1.0842021724855044e-19,9.976689308566758e-19,-6.938893903907228e-18,-7.778517310106077e-18
c0,1.125,-1.0842021724855044e-19,8.849227038204804e-19,1.734723475976807e-18,3.0904975171329914e-18
c0,1.1500000000000001,0.0,6.967879015614793e-19,1.214306433183765e-17,1.6216873191203895e-17
c0,1.175,1.0842021724855044e-19,4.483386076919554e-19,1.5612511283791264e-17,2.050742592039757e-17
c0,1.2000000000000002,-1.0842021724855044e-19,1.8415097118244524e-19,6.938893903907228e-18,9.14604041765824e-18
c0,1.225,0.0,-2.8092707716659455e-20,-3.122502256758253e-17,-4.0567871333418035e-17
c0,1.25,1.0842021724855044e-19,-1.163130585438458e-19,-7.806255641895632e-17,-1.019963310755891e-16
c0,1.2750000000000001,0.0,-3.767453608781985e-20,-1.0061396160665481e-16,-1.3203662810269694e-16
c0,1.3,0.0,1.7022322235617001e-19,-6.071532165918825e-17,-7.990071313768775e-17
c0,1.3250000000000002,0.0,3.1798493053272463e-19,-5.204170427930421e-18,-6.581090083492688e-18
c0,1.35,-1.0842021724855044e-19,3.231973070887339e-19,-1.214306433183765e-17,-1.58586758128058e-17
c0,1.375,0.0,3.2080055519282455e-19,-1.214306433183765e-17,-1.5945482627718056e-17
c0,1.4000000000000001,-1.0842021724855044e-19,3.131224219180525e-19,-1.214306433183765e-17,-1.603795111664126e-17
c0,1.425,0.0,3.342204616875069e-19,-1.3877787807814457e-17,-1.8450060495655443e-17
c0,1.4500000000000002,1.0842021724855044e-19,4.238477924671831e-19,-1.5612511283791264e-17,-2.0818468719858864e-17
c0,1.475,0.0,6.059110917132687e-19,-1.734723475976807e-17,-2.3119435870041232e-17
c0,1.5,-1.0842021724855044e-19,8.736338497018867e-19,-1.0408340855860843e-17,-1.3435569791654862e-17
c0,1.5250000000000001,-1.0842021724855044e-19,1.183632242804244e-18,-6.938893903907228e-18,-8.405389191812109e-18
c0,1.55,-1.0842021724855044e-19,1.4611109892701213e-18,-6.938893903907228e-18,-8.17768576195695e-18
c0,1.5750000000000002,-2.168404344971009e-19,1.6183865500827028e-18,-2.42861286636753e-17,-3.229239941449449e-17
c0,1.6,-1.0842021724855044e-19,1.5889450374476298e-18,-3.642919299551295e-17,-4.9540910470787735e-17
c0,1.625,1.0842021724855044e-19,1.3792421934792986e-18,-3.642919299551295e-17,-5.001547540456365e-17
c0,1.6500000000000001,2.168404344971009e-19,1.1404528016472956e-18,-8.673617379884035e-18,-1.1159730576586817e-17
c0,1.675,0.0,1.1122921093893003e-18,-1.0408340855860843e-17,-1.3724284534753136e-17
c0,1.7000000000000002,0.0,1.1156942495517173e-18,-1.3877787807814457e-17,-1.8768674044859606e-17
c0,1.725,1.0842021724855044e-19,1.1176593483267556e-18,-8.673617379884035e-18,-1.1374274157166663e-17
c0,1.75,1.0842021724855044e-19,1.1162300799627012e-18,-1.3877787807814457e-17,-1.8974049953271104e-17
c0,1.7750000000000001,0.0,1.1158863373686733e-18,-2.2551405187698492e-17,-3.1699249045918694e-17
c0,1.8,0.0,1.124844719787838e-18,-3.122502256758253e-17,-4.454575385025939e-17
c0,1.8250000000000002,0.0,1.1503271766835829e-18,-3.2959746043559335e-17,-4.730590710568643e-17
c0,1.85,2.168404344971009e-19,1.1936016209055208e-18,-2.6020852139652106e-17,-3.7258288675833357e-17
c0,1.875,2.168404344971009e-19,1.246597324202198e-18,-1.0408340855860843e-17,-1.4213299153672866e-17
c0,1.9000000000000001,-1.0842021724855044e-19,1.2918979081473716e-18,1.734723475976807e-18,3.881796445897113e-18
c0,1.925,1.0842021724855044e-19,1.3079147435467264e-18,3.469446951953614e-18,6.514328674768969e-18
c0,1.9500000000000002,-1.0842021724855044e-19,1.281043571391907e-18,-5.204170427930421e-18,-6.568681233308801e-18
c0,1.975,1.0842021724855044e-19,1.2266071584287309e-18,-8.673617379884035e-18,-1.1923406262135532e-17
c0,2.0,0.0,1.2116844901764484e-18,-5.204170427930421e-18,-6.718786865551437e-18
c0,2.025,0.0,1.2192519052508527e-18,-1.5612511283791264e-17,-2.2694094388833383e-17
c0,2.0500000000000003,2.168404344971009e-19,1.2186033288322224e-18,-1.214306433183765e-17,-1.747592566244666e-17
c0,2.075,1.0842021724855044e-19,1.2092983323281116e-18,-1.734723475976807e-17,-2.5633864227685767e-17
c0,2.1,-2.168404344971009e-19,1.1965240915226059e-18,-2.0816681711721685e-17,-3.118003376740045e-17
c0,2.125,-1.0842021724855044e-19,1.1873835117441331e-18,-2.7755575615628914e-17,-4.220202344920559e-17
c0,2.15,-1.0842021724855044e-19,1.1876500816592162e-18,-3.9898639947466563e-17,-6.150323915167684e-17
c0,2.1750000000000003,-2.168404344971009e-19,1.199356877058008e-18,-3.642919299551295e-17,-5.63323571898421e-17
c0,2.2,1.0842021724855044e-19,1.2195871359974397e-18,-2.0816681711721685e-17,-3.1823396406210585e-17
c0,2.225,0.0,1.2408338266678284e-18,5.204170427930421e-18,9.543695827538465e-18
c0,2.25,0.0,1.2532956293487702e-18,1.9081958235744878e-17,3.1852235294675824e-17
c0,2.275,0.0,1.249476753820165e-18,2.2551405187698492e-17,3.7595989101133124e-17
c0,2.3000000000000003,1.0842021724855044e-19,1.2314580135942033e-18,5.204170427930421e-18,9.661794734797645e-18
c0,2.325,-1.0842021724855044e-19,1.2212065783341568e-18,-5.204170427930421e-18,-7.251999586282235e-18
c0,2.35,-1.0842021724855044e-19,1.2226018914731398e-18,-1.0408340855860843e-17,-1.580992961038564e-17
c0,2.375,1.0842021724855044e-19,1.2236880233914231e-18,-1.214306433183765e-17,-1.8748516457623314e-17
c0,2.4000000000000004,1.0842021724855044e-19,1.2279886049636954e-18,-1.214306433183765e-17,-1.884558066174905e-17
c0,2.4250000000000003,-1.0842021724855044e-19,1.2201998214319932e-18,-1.5612511283791264e-17,-2.471957807387122e-17
c0,2.45,1.0842021724855044e-19,1.1772197995778785e-18,-2.6020852139652106e-17,-4.227488049395036e-17
c0,2.475,-1.0842021724855044e-19,1.08081320690312e-18,-3.2959746043559335e-17,-5.4237314821819566e-17
c0,2.5,0.0,9.290139880208441e-19,-3.642919299551295e-17,-6.052158493816929e-17
c0,2.5250000000000004,0.0,7.433701205203937e-19,-2.2551405187698492e-17,-3.748992435445132e-17
c0,2.5500000000000003,0.0,5.691342725691593e-19,-1.734723475976807e-18,-2.3867573605845724e-18
c0,2.575,0.0,4.655042445145702e-19,2.2551405187698492e-17,3.90862446474016e-17
c0,2.6,1.0842021724855044e-19,4.830170767495592e-19,2.949029909160572e-17,5.1242068460907696e-17
c0,2.625,0.0,6.252007061046923e-19,2.0816681711721685e-17,3.663591646733282e-17
c0,2.6500000000000004,1.0842021724855044e-19,7.915870530302259e-19,-3.469446951953614e-18,-5.2404643768862506e-18
c0,2.6750000000000003,-1.0842021724855044e-19,8.140511208384782e-19,-5.204170427930421e-18,-8.279623887681813e-18
c0,2.7,0.0,8.234264660603142e-19,-1.0408340855860843e-17,-1.74555200766139e-17
c0,2.725,1.0842021724855044e-19,8.2768305013031195e-19,-1.214306433183765e-17,-2.0605086524315876e-17
c0,2.75,0.0,8.236294656301453e-19,-1.5612511283791264e-17,-2.687139241922841e-17
c0,2.7750000000000004,-1.0842021724855044e-19,8.138109042361334e-19,-1.5612511283791264e-17,-2.7020422724235146e-17
c0,2.8000000000000003,0.0,8.032852933084619e-19,-2.2551405187698492e-17,-3.960368375109861e-17
c0,2.825,1.0842021724855044e-19,7.969101260656524e-19,-2.949029909160572e-17,-5.230823711901276e-17
c0,2.85,0.0,7.97350215332611e-19,-2.2551405187698492e-17,-4.001620547079531e-17
c0,2.875,0.0,8.040166008505724e-19,-1.0408340855860843e-17,-1.812745289601638e-17
c0,2.9000000000000004,2.168404344971009e-19,8.131468401372656e-19,5.204170427930421e-18,1.0326309858197179e-17
c0,2.9250000000000003,0.0,8.192369128856215e-19,2.0816681711721685e-17,3.9062430565882185e-17
c0,2.95,0.0,8.180349688893486e-19,2.0816681711721685e-17,3.925260172674637e-17
c0,2.975,0.0,8.11307149483695e-19,3.469446951953614e-18,7.24910288545281e-18
c0,3.0,-2.168404344971009e-19,8.106518685141701e-19,-5.204170427930421e-18,-8.894303047284798e-18
c0,3.0250000000000004,1.0842021724855044e-19,8.05760092401543e-19,-8.673617379884035e-18,-1.5449950550870876e-17
c0,3.0500000000000003,1.0842021724855044e-19,8.040184358712278e-19,-1.214306433183765e-17,-2.2067568711258373e-17
c0,3.075,1.0842021724855044e-19,8.102218005162626e-19,-8.673617379884035e-18,-1.5608116290828895e-17
c0,3.1,0.0,8.212333750729326e-19,-8.673617379884035e-18,-1.5678948933704776e-17
c0,3.125,-2.168404344971009e-19,8.312442019468776e-19,-1.0408340855860843e-17,-1.9067614073468013e-17
c0,3.1500000000000004,-1.0842021724855044e-19,8.353219696110717e-19,-1.214306433183765e-17,-2.2495591424640527e-17
c0,3.1750000000000003,1.0842021724855044e-19,8.314147081091602e-19,-1.734723475976807e-17,-3.2664289942568086e-17
c0,3.2,-2.168404344971009e-19,8.209750648976326e-19,-1.0408340855860843e-17,-1.937637583332282e-17
c0,3.225,-1.0842021724855044e-19,8.083708382603139e-19,-1.734723475976807e-18,-2.5745811026760063e-18
c0,3.25,-1.0842021724855044e-19,7.992474455286558e-19,1.214306433183765e-17,2.4597505137320495e-17
c0,3.2750000000000004,0.0,7.980080033413103e-19,1.3877787807814457e-17,2.813099107724259e-17
c0,3.3000000000000003,0.0,8.045766971764643e-19,3.469446951953614e-18,7.67171181486938e-18
c0,3.325,0.0,8.106111173904208e-19,-5.204170427930421e-18,-9.541145038119731e-18
c0,3.35,1.0842021724855044e-19,8.055950693440121e-19,-5.204170427930421e-18,-9.597434810396771e-18
c0,3.375,0.0,8.070955360437286e-19,-8.673617379884035e-18,-1.661711220057299e-17
c0,3.4000000000000004,0.0,8.084561611945303e-19,-8.673617379884035e-18,-1.670194590150039e-17
c0,3.4250000000000003,1.0842021724855044e-19,7.758968950341254e-19,-8.673617379884035e-18,-1.682107054636332e-17
c0,3.45,0.0,6.697988208527497e-19,-1.734723475976807e-18,-2.866982220676374e-18
c0,3.475,1.0842021724855044e-19,4.653292740582004e-19,-1.734723475976807e-18,-3.088914066165405e-18
c0,3.5,-1.0842021724855044e-19,1.6871938560582955e-19,-1.734723475976807e-18,-3.4030612676639246e-18
c0,3.5250000000000004,1.0842021724855044e-19,-1.7449373914066903e-19,-5.204170427930421e-18,-1.0942673490836536e-17
c0,3.5500000000000003,0.0,-4.829479950518042e-19,-1.214306433183765e-17,-2.5732517816183168e-17
c0,3.575,1.0842021724855044e-19,-6.583481943124192e-19,-8.673617379884035e-18,-1.8782575107160722e-17
c0,3.6,0.0,-6.23456714873441e-19,-6.938893903907228e-18,-1.5194198563707794e-17
c0,3.625,2.168404344971009e-19,-3.828706692095076e-19,-3.469446951953614e-18,-7.704074501204794e-18
c0,3.6500000000000004,0.0,-1.1027338231658484e-19,-1.734723475976807e-18,-3.7888684014074645e-18
c0,3.6750000000000003,-1.0842021724855044e-19,-8.423102667387245e-20,-3.469446951953614e-18,-7.477561122183689e-18
c0,3.7,-1.0842021724855044e-19,-8.527554464942881e-20,-8.673617379884035e-18,-1.8659336941597625e-17
c0,3.725,-1.0842021724855044e-19,-8.066401588578103e-20,-5.204170427930421e-18,-1.1279774993533094e-17
c0,3.75,1.0842021724855044e-19,-7.742885244438715e-20,-5.204170427930421e-18,-1.1331447253331632e-17
c0,3.7750000000000004,-1.0842021724855044e-19,-8.977945673200912e-20,1.734723475976807e-18,3.679940526822806e-18
c0,3.8000000000000003,0.0,-1.3297907043355147e-19,1.0408340855860843e-17,2.2596093876379598e-17
c0,3.825,1.0842021724855044e-19,-2.1519021195756395e-19,1.214306433183765e-17,2.6431823699642013e-17
c0,3.85,-2.168404344971009e-19,-3.3014470526934696e-19,6.938893903907228e-18,1.4971185750915625e-17
c0,3.875,0.0,-4.534943029865978e-19,-8.673617379884035e-18,-1.9673634969351798e-17
c0,3.9000000000000004,0.0,-5.456979066125437e-19,-1.9081958235744878e-17,-4.303653220451771e-17
c0,3.9250000000000003,0.0,-5.643013867814832e-19,-2.6020852139652106e-17,-5.878916923804834e-17
c0,3.95,1.0842021724855044e-19,-4.884660063917127e-19,-2.2551405187698492e-17,-5.1196170319220674e-17
c0,3.975,0.0,-3.586014495007318e-19,-6.938893903907228e-18,-1.6037032478889807e-17
c0,4.0,0.0,-3.1305351713981943e-19,-1.734723475976807e-18,-4.2517570202415724e-18
minkowski,0.0,0.0,0.0,0.0,0.0
minkowski,0.00625,0.0,0.0,0.0,0.0
minkowski,0.0125,0.0,0.0,0.0,0.0
minkowski,0.018750000000000003,0.0,0.0,0.0,0.0
minkowski,0.025,0.0,0.0,0.0,0.0
minkowski,0.03125,0.0,0.0,0.0,0.0
minkowski,0.037500000000000006,0.0,0.0,0.0,0.0
minkowski,0.043750000000000004,0.0,0.0,0.0,0.0
minkowski,0.05,0.0,0.0,0.0,0.0
minkowski,0.05625,0.0,0.0,0.0,0.0
minkowski,0.0625,0.0,0.0,0.0,0.0
minkowski,0.06875,0.0,0.0,0.0,0.0
minkowski,0.07500000000000001,0.0,0.0,0.0,0.0
minkowski,0.08125,0.0,0.0,0.0,0.0
minkowski,0.08750000000000001,0.0,0.0,0.0,0.0
minkowski,0.09375,0.0,0.0,0.0,0.0
minkowski,0.1,0.0,0.0,0.0,0.0
minkowski,0.10625000000000001,0.0,0.0,0.0,0.0
minkowski,0.1125,0.0,0.0,0.0,0.0
minkowski,0.11875000000000001,0.0,0.0,0.0,0.0
minkowski,0.125,0.0,0.0,0.0,0.0
minkowski,0.13125,0.0,0.0,0.0,0.0
minkowski,0.1375,0.0,0.0,0.0,0.0
minkowski,0.14375000000000002,0.0,0.0,0.0,0.0
minkowski,0.15000000000000002,0.0,0.0,0.0,0.0
minkowski,0.15625,0.0,0.0,0.0,0.0
minkowski,0.1625,0.0,0.0,0.0,0.0
minkowski,0.16875,0.0,0.0,0.0,0.0
minkowski,0.17500000000000002,0.0,0.0,0.0,0.0
minkowski,0.18125000000000002,0.0,0.0,0.0,0.0
minkowski,0.1875,0.0,0.0,0.0,0.0
minkowski,0.19375,0.0,0.0,0.0,0.0
minkowski,0.2,0.0,0.0,0.0,0.0
minkowski,0.20625000000000002,0.0,0.0,0.0,0.0
minkowski,0.21250000000000002,0.0,0.0,0.0,0.0
minkowski,0.21875,0.0,0.0,0.0,0.0
minkowski,0.225,0.0,0.0,0.0,0.0
minkowski,0.23125,0.0,0.0,0.0,0.0
minkowski,0.23750000000000002,0.0,0.0,0.0,0.0
minkowski,0.24375000000000002,0.0,0.0,0.0,0.0
minkowski,0.25,0.0,0.0,0.0,0.0
minkowski,0.25625000000000003,0.0,0.0,0.0,0.0
minkowski,0.2625,0.0,0.0,0.0,0.0
minkowski,0.26875,0.0,0.0,0.0,0.0
minkowski,0.275,0.0,0.0,0.0,0.0
minkowski,0.28125,0.0,0.0,0.0,0.0
minkowski,0.28750000000000003,0.0,0.0,0.0,0.0
minkowski,0.29375,0.0,0.0,0.0,0.0
minkowski,0.30000000000000004,0.0,0.0,0.0,0.0
minkowski,0.30625,0.0,0.0,0.0,0.0
minkowski,0.3125,0.0,0.0,0.0,0.0
minkowski,0.31875000000000003,0.0,0.0,0.0,0.0
minkowski,0.325,0.0,0.0,0.0,0.0
minkowski,0.33125000000000004,0.0,0.0,0.0,0.0
minkowski,0.3375,0.0,0.0,0.0,0.0
minkowski,0.34375,0.0,0.0,0.0,0.0
minkowski,0.35000000000000003,0.0,0.0,0.0,0.0
minkowski,0.35625,0.0,0.0,0.0,0.0
minkowski,0.36250000000000004,0.0,0.0,0.0,0.0
minkowski,0.36875,0.0,0.0,0.0,0.0
minkowski,0.375,0.0,0.0,0.0,0.0
minkowski,0.38125000000000003,0.0,0.0,0.0,0.0
minkowski,0.3875,0.0,0.0,0.0,0.0
minkowski,0.39375000000000004,0.0,0.0,0.0,0.0
minkowski,0.4,0.0,0.0,0.0,0.0
minkowski,0.40625,0.0,0.0,0.0,0.0
minkowski,0.41250000000000003,0.0,0.0,0.0,0.0
minkowski,0.41875,0.0,0.0,0.0,0.0
minkowski,0.42500000000000004,0.0,0.0,0.0,0.0
minkowski,0.43125,0.0,0.0,0.0,0.0
minkowski,0.4375,0.0,0.0,0.0,0.0
minkowski,0.44375000000000003,0.0,0.0,0.0,0.0
minkowski,0.45,0.0,0.0,0.0,0.0
minkowski,0.45625000000000004,0.0,0.0,0.0,0.0
minkowski,0.4625,0.0,0.0,0.0,0.0
minkowski,0.46875,0.0,0.0,0.0,0.0
minkowski,0.47500000000000003,0.0,0.0,0.0,0.0
minkowski,0.48125,0.0,0.0,0.0,0.0
minkowski,0.48750000000000004,0.0,0.0,0.0,0.0
minkowski,0.49375,0.0,0.0,0.0,0.0
minkowski,0.5,0.0,0.0,0.0,0.0
minkowski,0.50625,0.0,0.0,0.0,0.0
minkowski,0.5125000000000001,0.0,0.0,0.0,0.0
minkowski,0.51875,0.0,0.0,0.0,0.0
minkowski,0.525,0.0,0.0,0.0,0.0
minkowski,0.53125,0.0,0.0,0.0,0.0
minkowski,0.5375,0.0,0.0,0.0,0.0
minkowski,0.5437500000000001,0.0,0.0,0.0,0.0
minkowski,0.55,0.0,0.0,0.0,0.0
minkowski,0.55625,0.0,0.0,0.0,0.0
minkowski,0.5625,0.0,0.0,0.0,0.0
minkowski,0.56875,0.0,0.0,0.0,0.0
minkowski,0.5750000000000001,0.0,0.0,0.0,0.0
minkowski,0.58125,0.0,0.0,0.0,0.0
minkowski,0.5875,0.0,0.0,0.0,0.0
minkowski,0.59375,0.0,0.0,0.0,0.0
minkowski,0.6000000000000001,0.0,0.0,0.0,0.0
minkowski,0.6062500000000001,0.0,0.0,0.0,0.0
minkowski,0.6125,0.0,0.0,0.0,0.0
minkowski,0.61875,0.0,0.0,0.0,0.0
minkowski,0.625,0.0,0.0,0.0,0.0
minkowski,0.6312500000000001,0.0,0.0,0.0,0.0
minkowski,0.6375000000000001,0.0,0.0,0.0,0.0
minkowski,0.64375,0.0,0.0,0.0,0.0
minkowski,0.65,0.0,0.0,0.0,0.0
minkowski,0.65625,0.0,0.0,0.0,0.0
minkowski,0.6625000000000001,0.0,0.0,0.0,0.0
minkowski,0.6687500000000001,0.0,0.0,0.0,0.0
minkowski,0.675,0.0,0.0,0.0,0.0
minkowski,0.68125,0.0,0.0,0.0,0.0
minkowski,0.6875,0.0,0.0,0.0,0.0
minkowski,0.6937500000000001,0.0,0.0,0.0,0.0
minkowski,0.7000000000000001,0.0,0.0,0.0,0.0
minkowski,0.70625,0.0,0.0,0.0,0.0
minkowski,0.7125,0.0,0.0,0.0,0.0
minkowski,0.71875,0.0,0.0,0.0,0.0
minkowski,0.7250000000000001,0.0,0.0,0.0,0.0
minkowski,0.7312500000000001,0.0,0.0,0.0,0.0
minkowski,0.7375,0.0,0.0,0.0,0.0
minkowski,0.74375,0.0,0.0,0.0,0.0
minkowski,0.75,0.0,0.0,0.0,0.0
minkowski,0.7562500000000001,0.0,0.0,0.0,0.0
minkowski,0.7625000000000001,0.0,0.0,0.0,0.0
minkowski,0.76875,0.0,0.0,0.0,0.0
minkowski,0.775,0.0,0.0,0.0,0.0
minkowski,0.78125,0.0,0.0,0.0,0.0
minkowski,0.7875000000000001,0.0,0.0,0.0,0.0
minkowski,0.7937500000000001,0.0,0.0,0.0,0.0
minkowski,0.8,0.0,0.0,0.0,0.0
minkowski,0.80625,0.0,0.0,0.0,0.0
minkowski,0.8125,0.0,0.0,0.0,0.0
minkowski,0.8187500000000001,0.0,0.0,0.0,0.0
minkowski,0.8250000000000001,0.0,0.0,0.0,0.0
minkowski,0.83125,0.0,0.0,0.0,0.0
minkowski,0.8375,0.0,0.0,0.0,0.0
minkowski,0.84375,0.0,0.0,0.0,0.0
minkowski,0.8500000000000001,0.0,0.0,0.0,0.0
minkowski,0.8562500000000001,0.0,0.0,0.0,0.0
minkowski,0.8625,0.0,0.0,0.0,0.0
minkowski,0.86875,0.0,0.0,0.0,0.0
minkowski,0.875,0.0,0.0,0.0,0.0
minkowski,0.8812500000000001,0.0,0.0,0.0,0.0
minkowski,0.8875000000000001,0.0,0.0,0.0,0.0
minkowski,0.89375,0.0,0.0,0.0,0.0
minkowski,0.9,0.0,0.0,0.0,0.0
minkowski,0.90625,0.0,0.0,0.0,0.0
minkowski,0.9125000000000001,0.0,0.0,0.0,0.0
minkowski,0.9187500000000001,0.0,0.0,0.0,0.0
minkowski,0.925,0.0,0.0,0.0,0.0
minkowski,0.93125,0.0,0.0,0.0,0.0
minkowski,0.9375,0.0,0.0,0.0,0.0
minkowski,0.9437500000000001,0.0,0.0,0.0,0.0
minkowski,0.9500000000000001,0.0,0.0,0.0,0.0
minkowski,0.95625,0.0,0.0,0.0,0.0
minkowski,0.9625,0.0,0.0,0.0,0.0
minkowski,0.96875,0.0,0.0,0.0,0.0
minkowski,0.9750000000000001,0.0,0.0,0.0,0.0
minkowski,0.9812500000000001,0.0,0.0,0.0,0.0
minkowski,0.9875,0.0,0.0,0.0,0.0
minkowski,0.99375,0.0,0.0,0.0,0.0
minkowski,1.0,0.0,0.0,0.0,0.0
pure_de_sitter,0.0,0.0,0.0,6.938893903907228e-18,6.938893903907228e-18
pure_de_sitter,0.0125,0.0,0.0,6.938893903907228e-18,6.964963606188232e-18
pure_de_sitter,0.025,0.0,0.0,6.938893903907228e-18,6.991131253384727e-18
pure_de_sitter,0.037500000000000006,0.0,0.0,6.938893903907228e-18,7.017397213479682e-18
pure_de_sitter,0.05,0.0,0.0,6.938893903907228e-18,7.043761855838596e-18
pure_de_sitter,0.0625,0.0,0.0,6.938893903907228e-18,7.070225551214685e-18
pure_de_sitter,0.07500000000000001,0.0,0.0,6.938893903907228e-18,7.096788671754102e-18
pure_de_sitter,0.08750000000000001,0.0,0.0,6.938893903907228e-18,7.123451591001167e-18
pure_de_sitter,0.1,0.0,0.0,6.938893903907228e-18,7.150214683903621e-18
pure_de_sitter,0.1125,0.0,0.0,6.938893903907228e-18,7.1770783268179e-18
pure_de_sitter,0.125,0.0,0.0,6.938893903907228e-18,7.204042897514424e-18
pure_de_sitter,0.1375,0.0,0.0,6.938893903907228e-18,7.231108775182914e-18
pure_de_sitter,0.15000000000000002,0.0,0.0,6.938893903907228e-18,7.25827634043772e-18
pure_de_sitter,0.1625,0.0,0.0,6.938893903907228e-18,7.285545975323176e-18
pure_de_sitter,0.17500000000000002,0.0,0.0,6.938893903907228e-18,7.312918063318972e-18
pure_de_sitter,0.1875,0.0,0.0,6.938893903907228e-18,7.340392989345546e-18
pure_de_sitter,0.2,0.0,0.0,6.938893903907228e-18,7.3679711397695e-18
pure_de_sitter,0.21250000000000002,0.0,0.0,6.938893903907228e-18,7.395652902409026e-18
pure_de_sitter,0.225,0.0,0.0,6.938893903907228e-18,7.423438666539369e-18
pure_de_sitter,0.23750000000000002,0.0,0.0,6.938893903907228e-18,7.451328822898297e-18
pure_de_sitter,0.25,0.0,0.0,6.938893903907228e-18,7.479323763691589e-18
pure_de_sitter,0.2625,0.0,0.0,6.938893903907228e-18,7.507423882598563e-18
pure_de_sitter,0.275,0.0,0.0,6.938893903907228e-18,7.535629574777605e-18
pure_de_sitter,0.28750000000000003,0.0,0.0,6.938893903907228e-18,7.563941236871726e-18
pure_de_sitter,0.30000000000000004,0.0,0.0,6.938893903907228e-18,7.592359267014141e-18
pure_de_sitter,0.3125,0.0,0.0,6.938893903907228e-18,7.620884064833867e-18
pure_de_sitter,0.325,0.0,0.0,6.938893903907228e-18,7.649516031461342e-18
pure_de_sitter,0.3375,0.0,0.0,6.938893903907228e-18,7.67825556953407e-18
pure_de_sitter,0.35000000000000003,0.0,0.0,6.938893903907228e-18,7.70710308320228e-18
pure_de_sitter,0.36250000000000004,0.0,0.0,6.938893903907228e-18,7.736058978134605e-18
pure_de_sitter,0.375,0.0,0.0,6.938893903907228e-18,7.765123661523796e-18
pure_de_sitter,0.3875,0.0,0.0,6.938893903907228e-18,7.794297542092443e-18
pure_de_sitter,0.4,0.0,0.0,6.938893903907228e-18,7.823581030098722e-18
pure_de_sitter,0.41250000000000003,0.0,0.0,6.938893903907228e-18,7.852974537342166e-18
pure_de_sitter,0.42500000000000004,0.0,0.0,6.938893903907228e-18,7.882478477169453e-18
pure_de_sitter,0.4375,0.0,0.0,6.938893903907228e-18,7.912093264480226e-18
pure_de_sitter,0.45,0.0,0.0,6.938893903907228e-18,7.941819315732917e-18
pure_de_sitter,0.4625,0.0,0.0,6.938893903907228e-18,7.971657048950613e-18
pure_de_sitter,0.47500000000000003,0.0,0.0,6.938893903907228e-18,8.001606883726929e-18
pure_de_sitter,0.48750000000000004,0.0,0.0,6.938893903907228e-18,8.03166924123191e-18
pure_de_sitter,0.5,0.0,0.0,6.938893903907228e-18,8.061844544217954e-18
pure_de_sitter,0.5125000000000001,0.0,0.0,6.938893903907228e-18,8.092133217025756e-18
pure_de_sitter,0.525,0.0,0.0,6.938893903907228e-18,8.122535685590276e-18
pure_de_sitter,0.5375,0.0,0.0,6.938893903907228e-18,8.153052377446731e-18
pure_de_sitter,0.55,0.0,0.0,6.938893903907228e-18,8.183683721736601e-18
pure_de_sitter,0.5625,0.0,0.0,6.938893903907228e-18,8.214430149213673e-18
pure_de_sitter,0.5750000000000001,0.0,0.0,6.938893903907228e-18,8.245292092250086e-18
pure_de_sitter,0.5875,0.0,0.0,6.938893903907228e-18,8.276269984842425e-18
pure_de_sitter,0.6000000000000001,0.0,0.0,6.938893903907228e-18,8.307364262617814e-18
pure_de_sitter,0.6125,0.0,0.0,6.938893903907228e-18,8.338575362840047e-18
pure_de_sitter,0.625,0.0,0.0,6.938893903907228e-18,8.369903724415737e-18
pure_de_sitter,0.6375000000000001,0.0,0.0,6.938893903907228e-18,8.401349787900483e-18
pure_de_sitter,0.65,0.0,0.0,6.938893903907228e-18,8.432913995505072e-18
pure_de_sitter,0.6625000000000001,0.0,0.0,6.938893903907228e-18,8.464596791101693e-18
pure_de_sitter,0.675,0.0,0.0,6.938893903907228e-18,8.49639862023018e-18
pure_de_sitter,0.6875,0.0,0.0,6.938893903907228e-18,8.52831993010428e-18
pure_de_sitter,0.7000000000000001,0.0,0.0,6.938893903907228e-18,8.560361169617941e-18
pure_de_sitter,0.7125,0.0,0.0,6.938893903907228e-18,8.59252278935162e-18
pure_de_sitter,0.7250000000000001,0.0,0.0,6.938893903907228e-18,8.624805241578625e-18
pure_de_sitter,0.7375,0.0,0.0,6.938893903907228e-18,8.65720898027147e-18
pure_de_sitter,0.75,0.0,0.0,6.938893903907228e-18,8.689734461108269e-18
pure_de_sitter,0.7625000000000001,0.0,0.0,6.938893903907228e-18,8.722382141479128e-18
pure_de_sitter,0.775,0.0,0.0,6.938893903907228e-18,8.755152480492593e-18
pure_de_sitter,0.7875000000000001,0.0,0.0,6.938893903907228e-18,8.788045938982096e-18
pure_de_sitter,0.8,0.0,0.0,6.938893903907228e-18,8.821062979512438e-18
pure_de_sitter,0.8125,0.0,0.0,6.938893903907228e-18,8.854204066386295e-18
pure_de_sitter,0.8250000000000001,0.0,0.0,6.938893903907228e-18,8.88746966565075e-18
pure_de_sitter,0.8375,0.0,0.0,6.938893903907228e-18,8.920860245103839e-18
pure_de_sitter,0.8500000000000001,0.0,0.0,6.938893903907228e-18,8.954376274301136e-18
pure_de_sitter,0.8625,0.0,0.0,6.938893903907228e-18,8.988018224562354e-18
pure_de_sitter,0.875,0.0,0.0,6.938893903907228e-18,9.021786568977973e-18
pure_de_sitter,0.8875000000000001,0.0,0.0,6.938893903907228e-18,9.055681782415892e-18
pure_de_sitter,0.9,0.0,0.0,6.938893903907228e-18,9.08970434152811e-18
pure_de_sitter,0.9125000000000001,0.0,0.0,6.938893903907228e-18,9.123854724757425e-18
pure_de_sitter,0.925,0.0,0.0,6.938893903907228e-18,9.158133412344162e-18
pure_de_sitter,0.9375,0.0,0.0,6.938893903907228e-18,9.192540886332931e-18
pure_de_sitter,0.9500000000000001,0.0,0.0,6.938893903907228e-18,9.227077630579405e-18
pure_de_sitter,0.9625,0.0,0.0,6.938893903907228e-18,9.261744130757116e-18
pure_de_sitter,0.9750000000000001,0.0,0.0,6.938893903907228e-18,9.296540874364294e-18
pure_de_sitter,0.9875,0.0,0.0,6.938893903907228e-18,9.33146835073072e-18
pure_de_sitter,1.0,0.0,0.0,6.938893903907228e-18,9.366527051024607e-18
pure_de_sitter,1.0125,0.0,0.0,6.938893903907228e-18,9.401717468259505e-18
pure_de_sitter,1.0250000000000001,0.0,0.0,6.938893903907228e-18,9.437040097301235e-18
pure_de_sitter,1.0375,0.0,0.0,6.938893903907228e-18,9.472495434874851e-18
pure_de_sitter,1.05,0.0,0.0,6.938893903907228e-18,9.508083979571622e-18
pure_de_sitter,1.0625,0.0,0.0,6.938893903907228e-18,9.543806231856044e-18
pure_de_sitter,1.075,0.0,0.0,6.938893903907228e-18,9.579662694072878e-18
pure_de_sitter,1.0875000000000001,0.0,0.0,6.938893903907228e-18,9.615653870454217e-18
pure_de_sitter,1.1,0.0,0.0,6.938893903907228e-18,9.65178026712657e-18
pure_de_sitter,1.1125,0.0,0.0,6.938893903907228e-18,9.688042392117985e-18
pure_de_sitter,1.125,0.0,0.0,6.938893903907228e-18,9.724440755365194e-18
pure_de_sitter,1.1375,0.0,0.0,6.938893903907228e-18,9.760975868720779e-18
pure_de_sitter,1.1500000000000001,0.0,0.0,6.938893903907228e-18,9.797648245960375e-18
pure_de_sitter,1.1625,0.0,0.0,6.938893903907228e-18,9.83445840278989e-18
pure_de_sitter,1.175,0.0,0.0,6.938893903907228e-18,9.87140685685276e-18
pure_de_sitter,1.1875,0.0,0.0,6.938893903907228e-18,9.90849412773723e-18
pure_de_sitter,1.2000000000000002,0.0,0.0,6.938893903907228e-18,9.94572073698366e-18
pure_de_sitter,1.2125000000000001,0.0,0.0,6.938893903907228e-18,9.983087208091855e-18
pure_de_sitter,1.225,0.0,0.0,6.938893903907228e-18,1.0020594066528428e-17
pure_de_sitter,1.2375,0.0,0.0,6.938893903907228e-18,1.0058241839734196e-17
pure_de_sitter,1.25,0.0,0.0,6.938893903907228e-18,1.009603105713159e-17
pure_de_sitter,1.2625000000000002,0.0,0.0,6.938893903907228e-18,1.0133962250132102e-17
pure_de_sitter,1.2750000000000001,0.0,0.0,6.938893903907228e-18,1.0172035952143761e-17
pure_de_sitter,1.2875,0.0,0.0,6.938893903907228e-18,1.0210252698578626e-17
pure_de_sitter,1.3,0.0,0.0,6.938893903907228e-18,1.0248613026860325e-17
pure_de_sitter,1.3125,0.0,0.0,6.938893903907228e-18,1.0287117476431606e-17
pure_de_sitter,1.3250000000000002,0.0,0.0,6.938893903907228e-18,1.0325766588761926e-17
pure_de_sitter,1.3375000000000001,0.0,0.0,6.938893903907228e-18,1.0364560907355064e-17
pure_de_sitter,1.35,0.0,0.0,6.938893903907228e-18,1.0403500977756765e-17
pure_de_sitter,1.3625,0.0,0.0,6.938893903907228e-18,1.044258734756241e-17
pure_de_sitter,1.375,0.0,0.0,6.938893903907228e-18,1.0481820566424717e-17
pure_de_sitter,1.3875000000000002,0.0,0.0,6.938893903907228e-18,1.0521201186061477e-17
pure_de_sitter,1.4000000000000001,0.0,0.0,6.938893903907228e-18,1.05607297602633e-17
pure_de_sitter,1.4125,0.0,0.0,6.938893903907228e-18,1.060040684490141e-17
pure_de_sitter,1.425,0.0,0.0,6.938893903907228e-18,1.0640232997935465e-17
pure_de_sitter,1.4375,0.0,0.0,6.938893903907228e-18,1.06802087794214e-17
pure_de_sitter,1.4500000000000002,0.0,0.0,6.938893903907228e-18,1.0720334751519304e-17
pure_de_sitter,1.4625000000000001,0.0,0.0,6.938893903907228e-18,1.0760611478501313e-17
pure_de_sitter,1.475,0.0,0.0,6.938893903907228e-18,1.080103952675957e-17
pure_de_sitter,1.4875,0.0,0.0,6.938893903907228e-18,1.0841619464814166e-17
pure_de_sitter,1.5,0.0,0.0,6.938893903907228e-18,1.0882351863321152e-17
pure_de_sitter,1.5125000000000002,0.0,0.0,6.938893903907228e-18,1.0923237295080552e-17
pure_de_sitter,1.5250000000000001,0.0,0.0,6.938893903907228e-18,1.0964276335044422e-17
pure_de_sitter,1.5375,0.0,0.0,6.938893903907228e-18,1.100546956032494e-17
pure_de_sitter,1.55,0.0,0.0,6.938893903907228e-18,1.1046817550202515e-17
pure_de_sitter,1.5625,0.0,0.0,6.938893903907228e-18,1.1088320886133934e-17
pure_de_sitter,1.5750000000000002,0.0,0.0,6.938893903907228e-18,1.1129980151760547e-17
pure_de_sitter,1.5875000000000001,0.0,0.0,6.938893903907228e-18,1.117179593291646e-17
pure_de_sitter,1.6,0.0,0.0,6.938893903907228e-18,1.1213768817636784e-17
pure_de_sitter,1.6125,0.0,0.0,6.938893903907228e-18,1.1255899396165903e-17
pure_de_sitter,1.625,0.0,0.0,6.938893903907228e-18,1.1298188260965773e-17
pure_de_sitter,1.6375000000000002,0.0,0.0,6.938893903907228e-18,1.1340636006724252e-17
pure_de_sitter,1.6500000000000001,0.0,0.0,6.938893903907228e-18,1.1383243230363464e-17
pure_de_sitter,1.6625,0.0,0.0,6.938893903907228e-18,1.1426010531048192e-17
pure_de_sitter,1.675,0.0,0.0,6.938893903907228e-18,1.1468938510194306e-17
pure_de_sitter,1.6875,0.0,0.0,6.938893903907228e-18,1.1512027771477225e-17
pure_de_sitter,1.7000000000000002,0.0,0.0,6.938893903907228e-18,1.1555278920840392e-17
pure_de_sitter,1.7125000000000001,0.0,0.0,6.938893903907228e-18,1.1598692566503809e-17
pure_de_sitter,1.725,0.0,0.0,6.938893903907228e-18,1.1642269318972582e-17
pure_de_sitter,1.7375,0.0,0.0,6.938893903907228e-18,1.1686009791045512e-17
pure_de_sitter,1.75,0.0,0.0,6.938893903907228e-18,1.1729914597823707e-17
pure_de_sitter,1.7625000000000002,0.0,0.0,6.938893903907228e-18,1.1773984356719238e-17
pure_de_sitter,1.7750000000000001,0.0,0.0,6.938893903907228e-18,1.1818219687463816e-17
pure_de_sitter,1.7875,0.0,0.0,6.938893903907228e-18,1.1862621212117506e-17
pure_de_sitter,1.8,0.0,0.0,6.938893903907228e-18,1.190718955507748e-17
pure_de_sitter,1.8125,0.0,0.0,6.938893903907228e-18,1.19519253430868e-17
pure_de_sitter,1.8250000000000002,0.0,0.0,6.938893903907228e-18,1.1996829205243219e-17
pure_de_sitter,1.8375000000000001,0.0,0.0,6.938893903907228e-18,1.2041901773008038e-17
pure_de_sitter,1.85,0.0,0.0,6.938893903907228e-18,1.2087143680214983e-17
pure_de_sitter,1.8625,0.0,0.0,6.938893903907228e-18,1.2132555563079121e-17
pure_de_sitter,1.875,0.0,0.0,6.938893903907228e-18,1.2178138060205806e-17
pure_de_sitter,1.8875000000000002,0.0,0.0,6.938893903907228e-18,1.2223891812599648e-17
pure_de_sitter,1.9000000000000001,0.0,0.0,6.938893903907228e-18,1.226981746367355e-17
pure_de_sitter,1.9125,0.0,0.0,6.938893903907228e-18,1.2315915659257736e-17
pure_de_sitter,1.925,0.0,0.0,6.938893903907228e-18,1.2362187047608841e-17
pure_de_sitter,1.9375,0.0,0.0,6.938893903907228e-18,1.2408632279419024e-17
pure_de_sitter,1.9500000000000002,0.0,0.0,6.938893903907228e-18,1.2455252007825126e-17
pure_de_sitter,1.9625000000000001,0.0,0.0,6.938893903907228e-18,1.2502046888417844e-17
pure_de_sitter,1.975,0.0,0.0,6.938893903907228e-18,1.2549017579250957e-17
pure_de_sitter,1.9875,0.0,0.0,6.938893903907228e-18,1.2596164740850581e-17
pure_de_sitter,2.0,0.0,0.0,6.938893903907228e-18,1.264348903622445e-17
nonzero_scalar,0.0,2.710505431213761e-19,0.0,-4.336808689942018e-18,-4.336808689942018e-18
nonzero_scalar,0.01875,-1.6263032587282567e-19,-1.0792610646523001e-19,-2.6020852139652106e-18,-2.72106800152569e-18
nonzero_scalar,0.0375,-1.0842021724855044e-19,-8.396600953946186e-20,-1.5872719805187785e-16,-1.6016282215890097e-16
nonzero_scalar,0.056249999999999994,5.421010862427522e-19,-8.508713737069984e-20,-5.039371697712625e-16,-5.104723854189394e-16
nonzero_scalar,0.075,3.2526065174565133e-19,-8.049892510377196e-20,-3.2526065174565133e-16,-3.3090339872985737e-16
nonzero_scalar,0.09375,-1.0842021724855044e-19,-7.628617617608212e-20,-5.941427905220564e-16,-6.069456241501995e-16
nonzero_scalar,0.11249999999999999,5.421010862427522e-20,-7.803860731747872e-20,-2.011411870395108e-15,-2.063297773530174e-15
nonzero_scalar,0.13125,-3.7947076036992655e-19,-8.909431163186212e-20,-4.115631446754975e-15,-4.239649919085608e-15
nonzero_scalar,0.15,3.2526065174565133e-19,-1.0955098603488557e-19,-5.546778314435841e-15,-5.7381678116677414e-15
nonzero_scalar,0.16874999999999998,-2.710505431213761e-19,-1.3607123678483852e-19,-4.8650319883769555e-15,-5.054301461746815e-15
nonzero_scalar,0.1875,2.846030702774449e-19,-1.6250827684380288e-19,-1.5447712553573467e-15,-1.6118001709142745e-15
nonzero_scalar,0.20625,4.472333961502706e-19,-1.813783288061717e-19,3.404394821604484e-15,3.566649531074865e-15
nonzero_scalar,0.22499999999999998,-1.6263032587282567e-19,-1.8620604713162051e-19,7.446300520630444e-15,7.834515066385792e-15
nonzero_scalar,0.24375,2.0328790734103208e-20,-1.7476927341962048e-19,7.696100701171105e-15,8.13172153405854e-15
nonzero_scalar,0.2625,6.776263578034403e-20,-1.532694384625838e-19,3.385312863368739e-15,3.592034663046225e-15
nonzero_scalar,0.28125,-2.236166980751353e-19,-1.4105499809333417e-19,-1.0321604682062002e-16,-1.1012937285836263e-16
nonzero_scalar,0.3,2.202285662861181e-19,-1.318301877904831e-19,-4.518954654919582e-16,-4.837207994735657e-16
nonzero_scalar,0.31875,-2.710505431213761e-19,-1.3105812169604453e-19,-4.3107878378023656e-16,-4.634009633361369e-16
nonzero_scalar,0.33749999999999997,-1.4230153513872246e-19,-1.3479109591463554e-19,-4.432218481120742e-16,-4.784758036222968e-16
nonzero_scalar,0.35625,1.8634724839594607e-19,-1.1325171136878011e-19,-1.0642528525117712e-15,-1.1535672728707134e-15
nonzero_scalar,0.375,-2.685094442796132e-19,-3.252088175817004e-20,-2.2109050701324406e-15,-2.4064144607859997e-15
nonzero_scalar,0.39375,3.1753147610195584e-19,1.2717288125080717e-19,-3.1650029819196845e-15,-3.4593270125495873e-15
nonzero_scalar,0.4125,-3.5271643063751142e-19,3.5872858187389217e-19,-3.1476557471599165e-15,-3.4547338078942523e-15
nonzero_scalar,0.43124999999999997,3.017554874593445e-20,6.2317792936475575e-19,-1.83100062889352e-15,-2.0177429231182873e-15
nonzero_scalar,0.44999999999999996,2.6300373012246026e-19,8.545862787464001e-19,3.5648567431323386e-16,3.9548679333570537e-16
nonzero_scalar,0.46875,2.439454888092385e-19,9.770149993867803e-19,2.3375398838787476e-15,2.59963105649612e-15
nonzero_scalar,0.4875,-3.2526065174565133e-19,9.35710947687271e-19,2.925611142234885e-15,3.2671526244303385e-15
nonzero_scalar,0.50625,-3.2864878353466853e-19,7.446887201526013e-19,1.6575282812958392e-15,1.8590982522381795e-15
nonzero_scalar,0.525,-2.168404344971009e-19,5.528713631108773e-19,-1.1882855810441129e-16,-1.3323821621520524e-16
nonzero_scalar,0.54375,4.0657581468206416e-20,5.417979796505712e-19,-3.859759734048396e-16,-4.358791251445249e-16
nonzero_scalar,0.5625,-2.507217523872729e-19,5.39216885469755e-19,-4.744468706796567e-16,-5.381915546985637e-16
nonzero_scalar,0.5812499999999999,4.2012834183813297e-19,5.393229048104055e-19,-4.36282954208167e-16,-4.969586358247672e-16
nonzero_scalar,0.6,3.2526065174565133e-19,5.492204538508659e-19,-6.166941957097549e-16,-7.056573077549059e-16
nonzero_scalar,0.61875,8.131516293641283e-20,5.745419601965655e-19,-1.0260889360402814e-15,-1.1794352627385458e-15
nonzero_scalar,0.6375,1.7618285302889447e-19,6.172506491776706e-19,-1.3834419720915037e-15,-1.5971011037714602e-15
nonzero_scalar,0.65625,-2.439454888092385e-19,6.742344880269458e-19,-1.4233406120389702e-15,-1.6500962333594415e-15
nonzero_scalar,0.6749999999999999,4.0657581468206416e-19,7.369990473023089e-19,-1.137111238502797e-15,-1.3236632859311486e-15
nonzero_scalar,0.69375,-2.168404344971009e-19,7.927670389185728e-19,-7.520026268359459e-16,-8.787845274985342e-16
nonzero_scalar,0.7125,3.5236570605778894e-19,8.272922901528507e-19,-6.114900252818245e-16,-7.174336064675541e-16
nonzero_scalar,0.73125,2.168404344971009e-19,8.296959129881228e-19,-7.606762442158299e-16,-8.964559777095888e-16
nonzero_scalar,0.75,5.421010862427522e-20,7.996324281594416e-19,-8.8557633448616e-16,-1.0482468518047629e-15
nonzero_scalar,0.7687499999999999,0.0,7.570936032672686e-19,-5.785302792382652e-16,-6.87471117853597e-16
nonzero_scalar,0.7875,3.2526065174565133e-19,7.416369955786348e-19,-4.189357194483989e-16,-4.997435045821701e-16
nonzero_scalar,0.80625,1.6263032587282567e-19,7.263542171120266e-19,-4.796510411075872e-16,-5.747220117791238e-16
nonzero_scalar,0.825,-5.963111948670274e-19,7.251221387819565e-19,-4.761815941556335e-16,-5.729823066627123e-16
nonzero_scalar,0.84375,1.0842021724855044e-19,7.246717323893048e-19,-4.796510411075872e-16,-5.796117955135066e-16
nonzero_scalar,0.8624999999999999,0.0,6.914401355551115e-19,-4.640385298237959e-16,-5.631341589100725e-16
nonzero_scalar,0.88125,-5.421010862427522e-20,5.955284650337056e-19,-3.5301622736128024e-16,-4.3015056198786484e-16
nonzero_scalar,0.8999999999999999,-5.421010862427522e-20,4.2718995212750984e-19,-1.986258379993444e-16,-2.4296014015800626e-16
nonzero_scalar,0.91875,4.336808689942018e-19,2.0513742973661336e-19,-2.3158558404290375e-16,-2.847712576130734e-16
nonzero_scalar,0.9375,3.2526065174565133e-19,-2.40407994237603e-20,-7.277164981722706e-16,-8.993027155301728e-16
nonzero_scalar,0.9562499999999999,1.6263032587282567e-19,-1.960676839048072e-19,-1.7165088794790506e-15,-2.1303567749491567e-15
nonzero_scalar,0.975,-3.2526065174565133e-19,-2.4947770437160576e-19,-2.7417304537813436e-15,-3.417090841755501e-15
nonzero_scalar,0.9937499999999999,2.168404344971009e-19,-1.571416846833676e-19,-2.9238764187589084e-15,-3.659408895736129e-15
nonzero_scalar,1.0125,-4.336808689942018e-19,3.047289632660411e-20,-1.695692197767329e-15,-2.1311143131134585e-15
nonzero_scalar,1.03125,0.0,1.3165211863251556e-19,-5.421010862427522e-16,-6.840607949680399e-16
nonzero_scalar,1.05,-1.0842021724855044e-18,1.2080058658350224e-19,-4.917941054394248e-16,-6.23201629325476e-16
nonzero_scalar,1.0687499999999999,-2.168404344971009e-19,1.1863476819638732e-19,-5.004677228193088e-16,-6.368767514934502e-16
nonzero_scalar,1.0875,-6.505213034913027e-19,1.257032074510145e-19,-5.004677228193088e-16,-6.39559594605126e-16
nonzero_scalar,1.10625,9.75781955236954e-19,1.358548899508417e-19,-3.2699537522162814e-16,-4.195856859642314e-16
nonzero_scalar,1.125,2.168404344971009e-19,1.4319640813891623e-19,5.4643789493269423e-17,7.057828158067354e-17
nonzero_scalar,1.14375,2.168404344971009e-19,1.4523565220518071e-19,4.501607420159814e-16,5.828433821074935e-16
nonzero_scalar,1.1624999999999999,-7.589415207398531e-19,1.432041839690757e-19,4.553649124439119e-16,5.920625405283606e-16
nonzero_scalar,1.18125,6.505213034913027e-19,1.4055045102140385e-19,-2.8189256484623115e-16,-3.6782965401126084e-16
nonzero_scalar,1.2,7.589415207398531e-19,1.4059599840942297e-19,-1.7459991785706563e-15,-2.2886086988442475e-15
nonzero_scalar,1.21875,0.0,1.4434683514913232e-19,-3.3298017121374812e-15,-4.383110932817765e-15
nonzero_scalar,1.2375,-4.336808689942018e-19,1.494521128487189e-19,-3.980323015628784e-15,-5.261475931697539e-15
nonzero_scalar,1.2562499999999999,-2.168404344971009e-19,1.5130227372712927e-19,-2.8232624571522535e-15,-3.747636940499884e-15
nonzero_scalar,1.275,0.0,1.4725882531173257e-19,-7.988401606873197e-16,-1.0647428649689586e-15
nonzero_scalar,1.29375,4.336808689942018e-19,1.2384600349026656e-19,-5.681219383824043e-16,-7.603888692562836e-16
nonzero_scalar,1.3125,-6.505213034913027e-19,1.2466201983950258e-19,-5.230191280070073e-16,-7.029498525846763e-16
nonzero_scalar,1.33125,8.673617379884035e-19,1.5683155183721208e-19,-5.646524914304507e-16,-7.62067327429191e-16
nonzero_scalar,1.3499999999999999,-8.673617379884035e-19,7.137236335110613e-20,-3.894454203567932e-16,-5.278442493500057e-16
nonzero_scalar,1.36875,4.336808689942018e-19,-3.310045847616691e-19,8.760353553682876e-17,1.1891799137486784e-16
nonzero_scalar,1.3875,-8.673617379884035e-19,-1.1952631812205457e-18,6.531233887052679e-16,8.915801295158447e-16
nonzero_scalar,1.40625,0.0,-2.528642980154009e-18,8.265957363029486e-16,1.1320971877257102e-15
nonzero_scalar,1.425,0.0,-4.154069271558401e-18,1.7607443281164592e-16,2.385443492038747e-16
nonzero_scalar,1.4437499999999999,4.336808689942018e-19,-5.715948891742849e-18,-1.3418086086680603e-15,-1.8629683823937017e-15
nonzero_scalar,1.4625,-4.336808689942018e-19,-6.753928259120318e-18,-3.1840849401554294e-15,-4.432365066991334e-15
nonzero_scalar,1.48125,-8.673617379884035e-19,-6.860190120704289e-18,-4.278695453496795e-15,-5.97868030057779e-15
nonzero_scalar,1.5,-2.168404344971009e-19,-5.935865494671358e-18,-3.610826915245724e-15,-5.066596282213933e-15
nonzero_scalar,1.51875,-4.336808689942018e-19,-4.562137294349267e-18,-1.433748952894831e-15,-2.022358016032385e-15
nonzero_scalar,1.5374999999999999,0.0,-4.176987055983182e-18,-6.635317295611287e-16,-9.418853123887843e-16
nonzero_scalar,1.55625,4.336808689942018e-19,-4.166333718735392e-18,-5.43835809718729e-16,-7.759119373109818e-16
nonzero_scalar,1.575,4.336808689942018e-19,-4.178030288609128e-18,-5.993469609499869e-16,-8.582279253093633e-16
nonzero_scalar,1.59375,8.673617379884035e-19,-4.179702476383151e-18,-5.091413401991929e-16,-7.326974169402113e-16
nonzero_scalar,1.6125,1.3010426069826053e-18,-4.115775171519409e-18,-5.117434254131581e-17,-7.764314845465012e-17
nonzero_scalar,1.6312499999999999,-4.336808689942018e-19,-3.934636123839072e-18,6.097553018058477e-16,8.757875701119451e-16
nonzero_scalar,1.65,0.0,-3.614295515559822e-18,9.861902960928148e-16,1.4250888792323704e-15
nonzero_scalar,1.66875,4.336808689942018e-19,-3.1810727929972656e-18,5.629177679544739e-16,8.15690213658064e-16
nonzero_scalar,1.6875,8.673617379884035e-19,-2.715842127233267e-18,-8.161873954470877e-16,-1.194912820167276e-15
nonzero_scalar,1.70625,4.336808689942018e-19,-2.3423678730540512e-18,-2.7434651772573204e-15,-4.026204006026727e-15
nonzero_scalar,1.7249999999999999,4.336808689942018e-19,-2.1922613954608995e-18,-4.214510684885653e-15,-6.209083958392663e-15
nonzero_scalar,1.74375,0.0,-2.3410906330562647e-18,-4.124305064134859e-15,-6.10134820561002e-15
nonzero_scalar,1.7625,-8.673617379884035e-19,-2.7101737676081594e-18,-2.198762005800603e-15,-3.2675796452942654e-15
nonzero_scalar,1.78125,8.673617379884035e-19,-2.932672237185419e-18,-7.103692634125025e-16,-1.062061658215778e-15
nonzero_scalar,1.7999999999999998,-8.673617379884035e-19,-2.9126149499207984e-18,-5.681219383824043e-16,-8.534260126210916e-16
nonzero_scalar,1.8187499999999999,4.336808689942018e-19,-2.8935395301712565e-18,-6.028164079019405e-16,-9.090378079595534e-16
nonzero_scalar,1.8375,0.0,-2.903695798131358e-18,-6.045511313779173e-16,-9.153677085379638e-16
nonzero_scalar,1.85625,0.0,-2.9536093737551333e-18,-2.3505503099485736e-16,-3.5917531983890154e-16
nonzero_scalar,1.875,8.673617379884035e-19,-3.041119029170233e-18,4.553649124439119e-16,6.898678626900819e-16
nonzero_scalar,1.8937499999999998,0.0,-3.1548387491248315e-18,1.0174153186603974e-15,1.5513007697891776e-15
nonzero_scalar,1.9124999999999999,4.336808689942018e-19,-3.276841978112056e-18,8.786374405822528e-16,1.3446017562745526e-15
nonzero_scalar,1.93125,-4.336808689942018e-19,-3.3853655328167204e-18,-2.697495005143935e-16,-4.188751038181003e-16
nonzero_scalar,1.95,-4.336808689942018e-19,-3.458330658529167e-18,-2.1779453240888813e-15,-3.3716960330923386e-15
nonzero_scalar,1.96875,-4.336808689942018e-19,-3.478478708170986e-18,-3.980323015628784e-15,-6.184036347915839e-15
nonzero_scalar,1.9874999999999998,-8.673617379884035e-19,-3.4409189225773973e-18,-4.483392823662058e-15,-6.99328051740213e-15
nonzero_scalar,2.00625,-4.336808689942018e-19,-3.3638857906810907e-18,-3.007143145605795e-15,-4.710567704226981e-15
nonzero_scalar,2.025,0.0,-3.3035034682422985e-18,-8.352693536828326e-16,-1.316051386216268e-15
nonzero_scalar,2.0437499999999997,-4.336808689942018e-19,-3.3213524094719538e-18,-5.80265002714242e-16,-9.189605933437553e-16
nonzero_scalar,2.0625,0.0,-3.3471434860261018e-18,-5.715913853343579e-16,-9.089218078993258e-16
nonzero_scalar,2.08125,-4.336808689942018e-19,-3.3543023968866397e-18,-6.444497713253838e-16,-1.028452648546028e-15
nonzero_scalar,2.1,4.336808689942018e-19,-3.3518784395052493e-18,-4.0158848468863084e-16,-6.446985572836709e-16
nonzero_scalar,2.11875,0.0,-3.3674536601566055e-18,2.402592014227878e-16,3.8186601287772574e-16
nonzero_scalar,2.1374999999999997,4.336808689942018e-19,-3.4304391969280144e-18,9.39352762241441e-16,1.5087453782355743e-15
nonzero_scalar,2.15625,4.336808689942018e-19,-3.556442791657039e-18,1.1076209394111913e-15,1.7866021403127623e-15
nonzero_scalar,2.175,-4.336808689942018e-19,-3.735903053775074e-18,2.8536201179818477e-16,4.593061529565578e-16
nonzero_scalar,2.19375,0.0,-3.930186059014904e-18,-1.4944642745540193e-15,-2.438548466239818e-15
nonzero_scalar,2.2125,0.0,-4.078339865940159e-18,-3.5275601883988372e-15,-5.773575154073381e-15
nonzero_scalar,2.2312499999999997,4.336808689942018e-19,-4.117702533254733e-18,-4.625640148692156e-15,-7.599516668545103e-15
nonzero_scalar,2.25,0.0,-4.0215592208500755e-18,-3.773890921987544e-15,-6.225310691860368e-15
nonzero_scalar,2.26875,0.0,-3.8570439575483945e-18,-1.388646142519434e-15,-2.302078938109045e-15
nonzero_scalar,2.2875,4.336808689942018e-19,-3.8206025835403936e-18,-5.80265002714242e-16,-9.679449987565276e-16
nonzero_scalar,2.30625,0.0,-3.8328013484029476e-18,-5.160802341031001e-16,-8.646823019866088e-16
nonzero_scalar,2.3249999999999997,0.0,-3.845181131754182e-18,-6.166941957097549e-16,-1.0365593584946971e-15
nonzero_scalar,2.34375,0.0,-3.832220663533119e-18,-5.126107871511465e-16,-8.656098797486406e-16
nonzero_scalar,2.3625,4.336808689942018e-19,-3.742995168472526e-18,1.1275702593849246e-17,1.5287287251062837e-17
nonzero_scalar,2.38125,-4.336808689942018e-19,-3.5225054858681146e-18,7.537373503119227e-16,1.273541569429841e-15
nonzero_scalar,2.4,0.0,-3.141328005692853e-18,1.1787446019262404e-15,2.001793586933934e-15
nonzero_scalar,2.4187499999999997,4.336808689942018e-19,-2.6231967197993705e-18,7.433290094560618e-16,1.2666245967126247e-15
nonzero_scalar,2.4375,0.0,-2.0601286869536338e-18,-7.41594285980085e-16,-1.273258499530332e-15
nonzero_scalar,2.45625,0.0,-1.6047042104429792e-18,-2.8076499458684623e-15,-4.8329531215336166e-15
nonzero_scalar,2.475,0.0,-1.4291130270013962e-18,-4.391452479435287e-15,-7.587359347866132e-15
nonzero_scalar,2.49375,8.673617379884035e-19,-1.6405778057954277e-18,-4.2717565595928875e-15,-7.409269303101496e-15
nonzero_scalar,2.5124999999999997,4.336808689942018e-19,-2.1427662562135097e-18,-2.171006430184974e-15,-3.781366994148111e-15
nonzero_scalar,2.53125,8.673617379884035e-19,-2.439238867139633e-18,-5.43835809718729e-16,-9.527703759620131e-16
nonzero_scalar,2.55,-4.336808689942018e-19,-2.443867121440026e-18,-4.605690828718423e-16,-8.103563221351668e-16
nonzero_scalar,2.56875,0.0,-2.440727301153366e-18,-5.386316392907986e-16,-9.509039410969847e-16
nonzero_scalar,2.5875,4.336808689942018e-19,-2.455285974268814e-18,-5.473052566706826e-16,-9.698731284329788e-16
nonzero_scalar,2.6062499999999997,4.336808689942018e-19,-2.5783981928492855e-18,-1.8995222061946038e-16,-3.3961837353147595e-16
nonzero_scalar,2.625,0.0,-2.9142967078612456e-18,4.761815941556335e-16,8.45208864532235e-16
nonzero_scalar,2.64375,4.336808689942018e-19,-3.5257754080418015e-18,1.0434361708000495e-15,1.861986842369967e-15
nonzero_scalar,2.6625,4.336808689942018e-19,-4.388741793446964e-18,9.688430613330468e-16,1.7343263277500202e-15
nonzero_scalar,2.68125,-4.336808689942018e-19,-5.368313294324504e-18,-7.546047120499111e-17,-1.4130412013305366e-16
nonzero_scalar,2.6999999999999997,-4.336808689942018e-19,-6.228632245955551e-18,-1.893450674028685e-15,-3.429997255884223e-15
nonzero_scalar,2.71875,-4.336808689942018e-19,-6.688574330108182e-18,-3.675011683856866e-15,-6.676934854963621e-15
nonzero_scalar,2.7375,0.0,-6.5355252937470095e-18,-4.2266537492174905e-15,-7.706863508719602e-15
nonzero_scalar,2.75625,0.0,-5.80940075564245e-18,-2.811119392820416e-15,-5.146458025460866e-15
nonzero_scalar,2.775,0.0,-5.069083911523347e-18,-6.2363308961366215e-16,-1.14976602490292e-15
nonzero_scalar,2.7937499999999997,0.0,-5.0270367131518145e-18,-4.484260185400046e-16,-8.312011485456184e-16
nonzero_scalar,2.8125,0.0,-5.02583882057807e-18,-4.675079767757495e-16,-8.695673967594018e-16
nonzero_scalar,2.83125,0.0,-5.011850434727686e-18,-4.709774237277031e-16,-8.79209573224013e-16
nonzero_scalar,2.85,-4.336808689942018e-19,-4.978555971014657e-18,-3.37403716077489e-16,-6.335705376507156e-16
nonzero_scalar,2.86875,0.0,-4.914839012051328e-18,-9.974659986866641e-17,-1.9143386256814341e-16
nonzero_scalar,2.8874999999999997,-4.336808689942018e-19,-4.811678657798422e-18,4.0766001685454967e-17,7.169967274744054e-17
nonzero_scalar,2.90625,0.0,-4.674772843773785e-18,-1.4137996329210978e-16,-2.710016573172451e-16
nonzero_scalar,2.925,0.0,-4.534445112923347e-18,-6.87817858224804e-16,-1.3049934055794652e-15
nonzero_scalar,2.94375,0.0,-4.444191326757678e-18,-1.3444106938820255e-15,-2.5556641074370456e-15
nonzero_scalar,2.9625,4.336808689942018e-19,-4.45922280135768e-18,-1.5976803213746393e-15,-3.04741217646604e-15
nonzero_scalar,2.9812499999999997,0.0,-4.586362353852783e-18,-1.0902737046514233e-15,-2.0887268390214884e-15
nonzero_scalar,3.0,0.0,-4.696649744975167e-18,-4.414871246360974e-16,-8.517139534205801e-16
early_contraction,0.0,2.710505431213761e-20,0.0,-3.469446951953614e-18,-3.469446951953614e-18
early_contraction,0.0021874999999999998,-9.116238885737565e-10,-9.963914175650266e-13,9.969351733030152e-13,-1.861938411880254e-18
early_contraction,0.0043749999999999995,-1.8250784365508779e-09,-3.986777888379825e-12,3.991144220671927e-12,-1.1649431791805453e-18
early_contraction,0.006562499999999999,-2.7403662518983747e-09,-8.972978399813473e-12,8.987723759679156e-12,-3.5496638355252325e-18
early_contraction,0.008749999999999999,-3.657489945700339e-09,-1.5956812819449243e-11,1.5991794694025785e-11,1.0640460007743091e-18
early_contraction,0.0109375,-4.576452131832684e-09,-2.494010189475868e-11,2.500846404962509e-11,3.633041906129996e-19
early_contraction,0.013124999999999998,-5.497255427667873e-09,-3.5924667252820875e-11,3.604285966907206e-11,-5.7271343934337266e-18
early_contraction,0.015312499999999998,-6.419902453343087e-09,-4.891233140011343e-11,4.910013715053729e-11,1.8226655123801575e-18
early_contraction,0.017499999999999998,-7.344395831922852e-09,-6.390491772240167e-11,6.418541392827493e-11,-4.547341045087789e-18
early_contraction,0.019687499999999997,-8.27073818988693e-09,-8.0904250484753e-11,8.130386294769032e-11,-5.656684596810019e-18
early_contraction,0.021875,-9.198932156588221e-09,-9.991215483170252e-11,1.0046064674584798e-10,-1.2835549231586803e-18
early_contraction,0.024062499999999997,-1.012898036452381e-08,-1.2093045678759678e-10,1.2166092439036547e-10,-3.2276826608714956e-18
early_contraction,0.026249999999999996,-1.1060885449145231e-08,-1.439609832571425e-10,1.4490988270443594e-10,-4.269039204072226e-18
early_contraction,0.028437499999999998,-1.1994650049075312e-08,-1.690055620261862e-10,1.7021270851125259e-10,-5.7909820738477366e-18
early_contraction,0.030624999999999996,-1.2930276806108172e-08,-1.96066021760792e-10,1.9757460251179637e-10,-3.995609069123688e-18
early_contraction,0.032812499999999994,-1.3867768364911066e-08,-2.2514419200168753e-10,2.2700076540704828e-10,-3.6882957292792055e-18
early_contraction,0.034999999999999996,-1.4807127373376748e-08,-2.562419031709514e-10,2.584964117757771e-10,-4.5157194812335355e-18
early_contraction,0.0371875,-1.5748356482406635e-08,-2.893609865707345e-10,2.9206676660509245e-10,-4.42763885976584e-18
early_contraction,0.03937499999999999,-1.669145834604633e-08,-3.2450327438262266e-10,3.277170618209979e-10,-3.1279782647916574e-18
early_contraction,0.041562499999999995,-1.7636435621485626e-08,-3.6167059966724963e-10,3.654525362883909e-10,-2.081304914806166e-18
early_contraction,0.04375,-1.8583290969058494e-08,-4.0086479636400517e-10,4.052784358110628e-10,-4.5193840981422986e-18
early_contraction,0.04593749999999999,-1.9532027051863627e-08,-4.4208769929087074e-10,4.472000270094867e-10,-1.728707236285344e-18
early_contraction,0.048124999999999994,-2.0482646536550478e-08,-4.853411441444136e-10,4.912225660957947e-10,-3.946016515323231e-18
early_contraction,0.050312499999999996,-2.143515209256032e-08,-5.306269674999695e-10,5.373513370376948e-10,-2.6319948241442093e-18
early_contraction,0.05249999999999999,-2.2389546392478617e-08,-5.779470068120474e-10,5.855916203334477e-10,-1.3521252491083941e-18
early_contraction,0.05468749999999999,-2.3345832112224747e-08,-6.27303100414986e-10,6.359487068896552e-10,-2.0668221196537046e-18
early_contraction,0.056874999999999995,-2.430401193064544e-08,-6.786970875238932e-10,6.884279014907069e-10,-1.7280615701184581e-18
early_contraction,0.0590625,-2.5264088529758713e-08,-7.321308082352041e-10,7.430345123904392e-10,-2.560970822003722e-18
early_contraction,0.06124999999999999,-2.6226064594618353e-08,-7.876061035186843e-10,7.997738582510294e-10,-5.21981510165079e-18
early_contraction,0.0634375,-2.7189942813503646e-08,-8.451248152232621e-10,8.586512750818898e-10,-1.9802591161161022e-18
early_contraction,0.06562499999999999,-2.8155725877892276e-08,-9.046887860775287e-10,9.196720850146445e-10,-7.490849296184901e-18
early_contraction,0.0678125,-2.9123416482107955e-08,-9.662998596886118e-10,9.828416518142813e-10,-4.145553158586335e-18
early_contraction,0.06999999999999999,-3.0093017323998055e-08,-1.029959880542259e-09,1.0481653149596593e-09,-6.958397995570616e-18
early_contraction,0.07218749999999999,-3.106453110431019e-08,-1.0956706940028922e-09,1.115648448624107e-09,-5.561606130757701e-18
early_contraction,0.074375,-3.2037960526800626e-08,-1.163434146313619e-09,1.185296423511506e-09,-1.7468187176887106e-18
early_contraction,0.07656249999999999,-3.301330829880351e-08,-1.2332520845961863e-09,1.257114617264632e-09,7.671949220967541e-19
early_contraction,0.07874999999999999,-3.399057713022796e-08,-1.3051263568508729e-09,1.3311084179346011e-09,-2.70137956110577e-19
early_contraction,0.0809375,-3.496976973466938e-08,-1.3790588119562988e-09,1.4072832309197647e-09,1.1429191746772748e-18
early_contraction,0.08312499999999999,-3.5950888828596315e-08,-1.4550512996691425e-09,1.4856444616184739e-09,2.236294366565686e-18
early_contraction,0.08531249999999999,-3.693393713159439e-08,-1.5331056706237633e-09,1.5661975188985267e-09,-5.1231902731420924e-18
early_contraction,0.0875,-3.7918917366637364e-08,-1.6132237763317049e-09,1.6489478497916377e-09,-4.856269842819194e-19
early_contraction,0.08968749999999999,-3.890583225949081e-08,-1.695407469183627e-09,1.7339008701044989e-09,-2.758481079561224e-18
early_contraction,0.09187499999999998,-3.9894684539606593e-08,-1.7796586024492022e-09,1.8210620372771658e-09,1.0912514056656813e-18
early_contraction,0.0940625,-4.088547693903866e-08,-1.86597903027548e-09,1.910436787933012e-09,-5.057327671228783e-18
early_contraction,0.09624999999999999,-4.187821219339173e-08,-1.9543706076877946e-09,2.0020306037982216e-09,-2.0617704242552667e-18
early_contraction,0.09843749999999998,-4.287289304127917e-08,-2.0448351905893877e-09,2.09584894231285e-09,-3.3242527662127938e-18
early_contraction,0.10062499999999999,-4.386952222464827e-08,-2.1373746357610824e-09,2.1918972886725285e-09,-3.966880698708809e-18
early_contraction,0.10281249999999999,-4.486810248853631e-08,-2.2319908008610397e-09,2.2901811350117818e-09,-1.1810885968629217e-18
early_contraction,0.10499999999999998,-4.586863658093501e-08,-2.3286855444246335e-09,2.390705973465135e-09,-9.926295563631278e-19
early_contraction,0.10718749999999999,-4.687112725327842e-08,-2.427460725864467e-09,2.4934773135143473e-09,-1.3613428328668022e-18
early_contraction,0.10937499999999999,-4.787557726047007e-08,-2.5283182054705574e-09,2.598500671580073e-09,-2.3425279318649526e-18
early_contraction,0.1115625,-4.8881989359988434e-08,-2.6312598444107284e-09,2.705781574491306e-09,-2.7196180664319515e-18
early_contraction,0.11374999999999999,-4.989036631278146e-08,-2.7362875047312236e-09,2.815325556015935e-09,-3.3922329504942393e-18
early_contraction,0.11593749999999999,-5.090071088299547e-08,-2.8434030493575913e-09,2.9271381637996363e-09,-6.428024676052641e-19
early_contraction,0.118125,-5.1913025838110733e-08,-2.9526083420934376e-09,3.0412249454880858e-09,3.6669661017027015e-19
early_contraction,0.12031249999999999,-5.292731394869747e-08,-3.0639052476141776e-09,3.1575914660741944e-09,2.4458936619804977e-18
early_contraction,0.12249999999999998,-5.39435779884159e-08,-3.177295631474699e-09,3.276243290550873e-09,-4.887036825703103e-19
early_contraction,0.12468749999999999,-5.496182073431435e-08,-3.292781360107172e-09,3.3971860081971617e-09,1.4061822259217705e-19
early_contraction,0.126875,-5.5982044966639563e-08,-3.4103643008207583e-09,3.5204252048226525e-09,6.331397572797259e-19
early_contraction,0.1290625,-5.700425346872825e-08,-3.5300463218015712e-09,3.6459664801147262e-09,1.8270736418749836e-18
early_contraction,0.13124999999999998,-5.802844902716973e-08,-3.6518292921126058e-09,3.77381543723021e-09,-9.966566851753422e-19
early_contraction,0.1334375,-5.9054634431914346e-08,-3.775715081693678e-09,3.9039777001426135e-09,-1.3338212931162441e-18
early_contraction,0.135625,-6.0082812475894e-08,-3.901705561361339e-09,4.036458892825445e-09,-1.62124670364372e-18
early_contraction,0.13781249999999998,-6.111298595556426e-08,-4.029802602808807e-09,4.1712646496605554e-09,-3.168919827703911e-18
early_contraction,0.13999999999999999,-6.214515767041643e-08,-4.1600080786059e-09,4.308400618907582e-09,-2.8250625014268424e-18
early_contraction,0.1421875,-6.317933042319446e-08,-4.292323862198962e-09,4.447872452295609e-09,-3.0446284960423056e-18
early_contraction,0.14437499999999998,-6.421550701986778e-08,-4.426751827910827e-09,4.589685811962063e-09,-5.193381511200892e-18
early_contraction,0.14656249999999998,-6.525369026973973e-08,-4.563293850940756e-09,4.733846377391604e-09,-2.8739430853644385e-18
early_contraction,0.14875,-6.629388298531208e-08,-4.701951807364076e-09,4.880359824599445e-09,-2.0144255011248753e-18
early_contraction,0.15093749999999997,-6.733608798231206e-08,-4.842727574132413e-09,5.029231846948035e-09,-8.022568335161924e-19
early_contraction,0.15312499999999998,-6.838030807961113e-08,-4.9856230290736736e-09,5.180468141269268e-09,-3.073227438540714e-18
early_contraction,0.1553125,-6.942654609963148e-08,-5.130640050891851e-09,5.334074421742274e-09,-4.9593779061739285e-18
early_contraction,0.15749999999999997,-7.047480486772266e-08,-5.277780519166894e-09,5.490056412954525e-09,-1.5926279088106103e-18
early_contraction,0.15968749999999998,-7.152508721273076e-08,-5.427046314354579e-09,5.648419836024043e-09,-4.533661132117387e-19
early_contraction,0.161875,-7.257739596667318e-08,-5.578439317786395e-09,5.809170429416088e-09,-1.3587301829020535e-18
early_contraction,0.16406249999999997,-7.363173396468439e-08,-5.7319614116694635e-09,5.972313945473706e-09,1.7458474008544202e-19
early_contraction,0.16624999999999998,-7.468810404547672e-08,-5.8876144790864975e-09,6.137856133070496e-09,-3.7334904481060536e-18
early_contraction,0.1684375,-7.574650905079828e-08,-6.045400403995793e-09,6.30580277230508e-09,-4.291495735986363e-20
early_contraction,0.17062499999999997,-7.680695182567688e-08,-6.205321071231282e-09,6.476159625928846e-09,-1.4039041705147994e-18
early_contraction,0.17281249999999998,-7.786943521855558e-08,-6.367378366502659e-09,6.648932484448755e-09,-2.9059624196957537e-18
early_contraction,0.175,-7.893396208123846e-08,-6.531574176395557e-09,6.8241271487801125e-09,1.2582045774197091e-18
early_contraction,0.17718749999999997,-8.000053526832141e-08,-6.6979103883702776e-09,7.0017494094298804e-09,-2.1340143110041167e-18
early_contraction,0.17937499999999998,-8.106915763833058e-08,-6.866388890761539e-09,7.181805091599491e-09,-2.1729596286043384e-18
early_contraction,0.1815625,-8.213983205261101e-08,-7.037011572779772e-09,7.3643000135514836e-09,-3.6792910928297416e-18
early_contraction,0.18374999999999997,-8.321256137603142e-08,-7.209780324510448e-09,7.54924001089563e-09,-3.97834252686665e-18
early_contraction,0.18593749999999998,-8.428734847657762e-08,-7.384697036913946e-09,7.736630929650046e-09,4.440644672235799e-19
early_contraction,0.188125,-8.536419622584036e-08,-7.561763601825408e-09,7.926478612363397e-09,6.880521422440586e-19
early_contraction,0.19031249999999997,-8.644310749839198e-08,-7.740981911954598e-09,8.11878892587048e-09,1.9255954023234182e-18
early_contraction,0.19249999999999998,-8.752408517224714e-08,-7.922353860885807e-09,8.313567737006089e-09,2.066230995708459e-19
early_contraction,0.19468749999999999,-8.860713212878154e-08,-8.105881343077752e-09,8.510820929952256e-09,-1.0062569433646326e-18
early_contraction,0.19687499999999997,-8.969225125254215e-08,-8.291566253863561e-09,8.710554395829906e-09,-7.779269701591702e-19
early_contraction,0.19906249999999998,-9.0779445431437e-08,-8.479410489450826e-09,8.912774032698856e-09,-7.061194211834419e-19
early_contraction,0.20124999999999998,-9.186871755687063e-08,-8.669415946921698e-09,9.117485749027265e-09,-1.6278616670023066e-18
early_contraction,0.20343749999999997,-9.296007052322919e-08,-8.861584524233113e-09,9.324695463691635e-09,-3.634011226098589e-18
early_contraction,0.20562499999999997,-9.405350722863927e-08,-9.055918120216467e-09,9.534409112915698e-09,5.0744056421555525e-19
early_contraction,0.20781249999999998,-9.514903057420906e-08,-9.252418634575528e-09,9.746632625984297e-09,2.2664699153116205e-18
early_contraction,0.20999999999999996,-9.624664346446197e-08,-9.451087967888483e-09,9.961371949529507e-09,4.2192497812859814e-19
early_contraction,0.21218749999999997,-9.734634880728243e-08,-9.651928021607567e-09,1.0178633044061192e-08,-2.260287567413399e-18
early_contraction,0.21437499999999998,-9.844814951405143e-08,-9.85494069805877e-09,1.0398421883967002e-08,9.498945107864944e-19
early_contraction,0.2165625,-9.955204849921282e-08,-1.006012790044166e-08,1.0620744436695695e-08,1.0058450074195812e-18
early_contraction,0.21874999999999997,-1.0065804868062572e-07,-1.0267491532829255e-08,1.084560669051271e-08,-6.086146792981412e-19
early_contraction,0.22093749999999998,-1.0176615297972707e-07,-1.0477033500167927e-08,1.1073014644091828e-08,-1.768386418185265e-18
early_contraction,0.223125,-1.0287636432101672e-07,-1.0688755708277322e-08,1.1302974306515168e-08,2.7893026563655625e-19
early_contraction,0.22531249999999997,-1.0398868563246395e-07,-1.0902660063850314e-08,1.1535491683395405e-08,-4.217420057771014e-18
early_contraction,0.22749999999999998,-1.0510311984529065e-07,-1.1118748474452983e-08,1.1770572815039682e-08,-1.4389054909543682e-18
early_contraction,0.2296875,-1.0621966989426946e-07,-1.1337022848524577e-08,1.2008223727877354e-08,6.815471939069416e-20
early_contraction,0.23187499999999997,-1.0733833871750696e-07,-1.15574850953775e-08,1.224845046915446e-08,2.178762300601398e-18
early_contraction,0.23406249999999998,-1.0845912925633522e-07,-1.1780137125197236e-08,1.2491259089586482e-08,7.887828885183161e-19
early_contraction,0.23625,-1.0958204445536603e-07,-1.2004980849041407e-08,1.273665565723614e-08,-1.0995347923197874e-18
early_contraction,0.23843749999999997,-1.1070708726303299e-07,-1.2232018178840105e-08,1.2984646247105047e-08,-3.2147464608199612e-18
early_contraction,0.24062499999999998,-1.1183426063053441e-07,-1.2461251027396194e-08,1.3235236948072604e-08,-1.488304717136035e-18
early_contraction,0.2428125,-1.1296356751308015e-07,-1.269268130838506e-08,1.3488433849018211e-08,-1.1361474605926095e-18
early_contraction,0.24499999999999997,-1.1409501086869899e-07,-1.2926310936354448e-08,1.3744243056168504e-08,-3.3061747339254474e-19
early_contraction,0.24718749999999998,-1.1522859365926865e-07,-1.3162141826724268e-08,1.4002670682689011e-08,-1.550467340169395e-20
early_contraction,0.24937499999999999,-1.1636431884959417e-07,-1.3400175895786414e-08,1.4263722848684157e-08,-3.910676671217975e-18
early_contraction,0.25156249999999997,-1.175021894081669e-07,-1.364041506070462e-08,1.4527405698544493e-08,-2.228666106956722e-18
early_contraction,0.25375,-1.1864220830694761e-07,-1.3882861239514381e-08,1.479372536625223e-08,-4.2823007962972234e-18
early_contraction,0.2559375,-1.1978437852098707e-07,-1.4127516351122922e-08,1.5062688013545156e-08,-2.650289991342351e-18
early_contraction,0.258125,-1.2092870302907654e-07,-1.4374382315309268e-08,1.5334299802161055e-08,7.463534861780211e-19
early_contraction,0.26031249999999995,-1.2207518481298883e-07,-1.4623461052724414e-08,1.560856690077661e-08,1.1582249111416498e-18
early_contraction,0.26249999999999996,-1.232238268584541e-07,-1.4874754484891657e-08,1.588549549194629e-08,-2.5000806095476215e-18
early_contraction,0.26468749999999996,-1.2437463215423826e-07,-1.512826453420486e-08,1.6165091775571794e-08,-4.423821472937696e-18
early_contraction,0.266875,-1.2552760369235983e-07,-1.5383993123928423e-08,1.6447361958493723e-08,-1.6848147065378076e-18
early_contraction,0.2690625,-1.2668274446874048e-07,-1.564194217819808e-08,1.6732312247552672e-08,-7.235778951919861e-19
early_contraction,0.27125,-1.2784005748239183e-07,-1.5902113622019957e-08,1.7019948866936474e-08,-1.1272751213423657e-18
early_contraction,0.27343749999999994,-1.2899954573579496e-07,-1.6164509381270942e-08,1.7310278054710748e-08,1.098843269327693e-18
early_contraction,0.27562499999999995,-1.301612122349546e-07,-1.6429131382699097e-08,1.7603306045471667e-08,-2.681425069598847e-18
early_contraction,0.27781249999999996,-1.3132505998896546e-07,-1.6695981553923863e-08,1.7899039105040426e-08,-1.3507925577439946e-18
early_contraction,0.27999999999999997,-1.3249109201104222e-07,-1.6965061823436204e-08,1.819748348882988e-08,-2.9190244287485785e-18
early_contraction,0.2821875,-1.3365931131716427e-07,-1.7236374120598364e-08,1.849864547653901e-08,-2.155758407766298e-18
early_contraction,0.284375,-1.3482972092694308e-07,-1.7509920375643307e-08,1.8802531347866802e-08,-3.2552766564738345e-18
early_contraction,0.2865625,-1.360023238636222e-07,-1.7785702519673628e-08,1.9109147399859472e-08,-3.676331440598027e-18
early_contraction,0.28874999999999995,-1.371771231538062e-07,-1.806372248465993e-08,1.941849993650213e-08,-3.8536855813742964e-18
early_contraction,0.29093749999999996,-1.3835412182729807e-07,-1.8343982203438523e-08,1.9730595272188234e-08,-3.974589608427497e-18
early_contraction,0.29312499999999997,-1.3953332291774968e-07,-1.8626483609713558e-08,2.0045439731719572e-08,-3.994144158108251e-18
early_contraction,0.2953125,-1.407147294619571e-07,-1.891122863807068e-08,2.036303965030628e-08,-3.662140330009067e-18
early_contraction,0.2975,-1.4189834450013166e-07,-1.919821922396046e-08,2.0683401373566834e-08,-2.5196847900651282e-18
early_contraction,0.2996875,-1.430841710764962e-07,-1.9487457303702434e-08,2.1006531250589155e-08,-6.353475023346299e-18
early_contraction,0.30187499999999995,-1.442722122379841e-07,-1.9778944814485438e-08,2.133243566168619e-08,-1.4572904072489718e-18
early_contraction,0.30406249999999996,-1.4546247103532344e-07,-2.007268369436746e-08,2.166112096288475e-08,-6.138295567519205e-18
early_contraction,0.30624999999999997,-1.4665495052298277e-07,-2.0368675882275425e-08,2.199259356225336e-08,5.010067534111178e-20
early_contraction,0.3084375,-1.4784965375862907e-07,-2.066692331800511e-08,2.232685983316607e-08,-4.0980314256000106e-18
early_contraction,0.310625,-1.4904658380323612e-07,-2.0967427942221043e-08,2.266392620103863e-08,-1.096004385465411e-18
early_contraction,0.3128125,-1.5024574372162662e-07,-2.1270191696456422e-08,2.3003799073939568e-08,9.572861967402683e-19
early_contraction,0.31499999999999995,-1.5144713658182167e-07,-2.157521652311314e-08,2.3346484877284635e-08,4.970296690259628e-19
early_contraction,0.31718749999999996,-1.5265076545558287e-07,-2.1882504365461807e-08,2.3691990050367373e-08,-7.425368748317015e-19
early_contraction,0.31937499999999996,-1.5385663341781599e-07,-2.2192057167641822e-08,2.4040321046359114e-08,2.2500933935442957e-18
early_contraction,0.3215625,-1.5506474354727573e-07,-2.2503876874661363e-08,2.4391484308022848e-08,-4.6646038230845315e-18
early_contraction,0.32375,-1.5627509892613203e-07,-2.281796543239515e-08,2.4745486323224375e-08,-3.547966244419598e-18
early_contraction,0.3259375,-1.5748770263980744e-07,-2.3134324787586026e-08,2.510233356248226e-08,-2.039311229853533e-18
early_contraction,0.32812499999999994,-1.587025577775192e-07,-2.345295688784498e-08,2.5462032513662303e-08,-1.341657175058959e-18
early_contraction,0.33031249999999995,-1.5991966743179138e-07,-2.377386368165073e-08,2.5824589675038645e-08,-2.63951017359956e-18
early_contraction,0.33249999999999996,-1.611390346987259e-07,-2.4097047118349524e-08,2.6190011562232662e-08,-7.270388188749079e-19
early_contraction,0.33468749999999997,-1.6236066267816523e-07,-2.4422509148154985e-08,2.655830469086573e-08,9.64161721991809e-21
early_contraction,0.336875,-1.6358455447304174e-07,-2.4750251722147962e-08,2.692947559390646e-08,1.5496633206139935e-18
early_contraction,0.3390625,-1.6481071319008255e-07,-2.5080276792276356e-08,2.730353080432346e-08,-3.727332088445596e-18
early_contraction,0.34124999999999994,-1.6603914193937582e-07,-2.5412586311355e-08,2.7680476889779815e-08,-1.1755493818909604e-18
early_contraction,0.34343749999999995,-1.6726984383458755e-07,-2.574718223306558e-08,2.8060320404060812e-08,1.4750086159698577e-18
early_contraction,0.34562499999999996,-1.6850282199328687e-07,-2.608406651195657e-08,2.8443067911360087e-08,-3.560903349199927e-18
early_contraction,0.34781249999999997,-1.6973807953607868e-07,-2.642324110344325e-08,2.8828726010565742e-08,-1.8767570045970624e-18
early_contraction,0.35,-1.7097561958719998e-07,-2.6764707963807796e-08,2.9217301290157538e-08,1.7353819117443993e-18
