case,method,kind,tau,lA,lC,phi,v,hp,hl,E,B,I_wrong
coupled_mixed,DOP853,full,0.0,0.0,0.0,0.15,0.02,0.07594034703141797,0.07594034703141797,0.08,0.06,
coupled_mixed,DOP853,full,0.025,0.0018984450310087929,0.0018948843018131174,0.15049329023611435,0.019463445820465018,0.07593520963548671,0.0756509873898078,0.079661450274951,0.05977261854064854,
coupled_mixed,DOP853,full,0.05,0.0037967581887475878,0.0037825786978640994,0.150973183755409,0.018928267361938887,0.07592979707509984,0.07536514717025838,0.07932531059346189,0.05954611449184429,
coupled_mixed,DOP853,full,0.07500000000000001,0.00569493258684855,0.005663170620828388,0.1514397153033094,0.01839449278980705,0.07592410876372116,0.07508278222799294,0.07899156113831064,0.05932048522645535,
coupled_mixed,DOP853,full,0.1,0.0075929613238384895,0.007536746406136123,0.15189292032736618,0.017862150108222685,0.0759181440798395,0.07480384892717386,0.07866018223402862,0.059095728120494045,
coupled_mixed,DOP853,full,0.125,0.0094908374822936,0.009403391304616622,0.15233283497318897,0.017331267157288263,0.07591190236930062,0.07452830413458537,0.07833115434630121,0.05887184055324656,
coupled_mixed,DOP853,full,0.15000000000000002,0.011388554128052009,0.011263189494988326,0.1527594960803104,0.01680187161027793,0.0759053829476062,0.07425610521345394,0.07800445808135638,0.05864881990739332,
coupled_mixed,DOP853,full,0.17500000000000002,0.013286104309483612,0.013116224096194048,0.153172941177981,0.016273990970900404,0.07589858510217973,0.07398721001740273,0.07768007418534126,0.05842666356912037,
coupled_mixed,DOP853,full,0.2,0.015183481056816214,0.014962577179585535,0.1535732084808963,0.01574765257060288,0.07589150809459932,0.07372157688453666,0.07735798354368752,0.05820536892822214,
coupled_mixed,DOP853,full,0.225,0.017080677381517105,0.016802329780961384,0.1539603368848571,0.015222883565916313,0.07588415116279698,0.0734591646316544,0.07703816718046588,0.05798493337819571,
coupled_mixed,DOP853,full,0.25,0.01897768627572914,0.018635561912462347,0.15433436596236377,0.014699710935842613,0.07587651352322443,0.07319993254858345,0.07672060625773056,0.057765354316327164,
coupled_mixed,DOP853,full,0.275,0.020874500711760332,0.020462352574328036,0.15469533595814583,0.01417816147928408,0.07586859437298517,0.07294384039263489,0.07640528207485389,0.0575466291437701,
coupled_mixed,DOP853,full,0.30000000000000004,0.022771113641626147,0.02228277976651915,0.1550432877846277,0.013658261812515601,0.0758603928919327,0.07269084838317402,0.07609217606785193,0.05732875526561681,
coupled_mixed,DOP853,full,0.325,0.024667517996643514,0.024096920500208844,0.1553782630173318,0.013140038366699969,0.07585190824473467,0.07244091719630318,0.07578126980870141,0.057111730090962286,
coupled_mixed,DOP853,full,0.35000000000000003,0.02656370668707779,0.025904850809124604,0.1557003038902202,0.012623517385442672,0.0758431395829031,0.07219400795965816,0.07547254500464758,0.05689555103296074,
coupled_mixed,DOP853,full,0.375,0.02845967260183886,0.027706645760771018,0.1560094532909758,0.012108724922391723,0.0758340860467904,0.07195008224731013,0.07516598349750454,0.05668021550887575,
coupled_mixed,DOP853,full,0.4,0.03035540860822652,0.02950237946753393,0.1563057547562234,0.011595686838881698,0.0758247467675508,0.07170910207476891,0.07486156726294858,0.05646572094012414,
coupled_mixed,DOP853,full,0.42500000000000004,0.03225090755172458,0.031292125097653285,0.15658925246669317,0.01108442880162025,0.07581512086906773,0.0714710298940894,0.07455927840980407,0.056252064752313514,
coupled_mixed,DOP853,full,0.45,0.03414616225584244,0.0330759548860787,0.15685999124232655,0.010574976280418898,0.07580520746984665,0.07123582858907526,0.07425909917932295,0.05603924437527401,
coupled_mixed,DOP853,full,0.47500000000000003,0.036041165522004,0.034853940145204404,0.15711801653732588,0.010067354545967237,0.07579500568487318,0.07100346147057764,0.07396101194445794,0.05582725724308425,
coupled_mixed,DOP853,full,0.5,0.03793591012948272,0.03662615127548667,0.15736337443514903,0.00956158866765091,0.07578451462743688,0.07077389227188657,0.0736649992091298,0.055616100794091815,
coupled_mixed,DOP853,full,0.525,0.03983038883538197,0.03839265777594647,0.15759611164344975,0.009057703511413651,0.07577373341092007,0.07054708514421217,0.07337104360748929,0.055405772470928476,
coupled_mixed,DOP853,full,0.55,0.04172459437465968,0.040153528254560415,0.15781627548896546,0.008555723737663778,0.07576266115055234,0.0703230046522529,0.0730791279031739,0.05519626972052045,
coupled_mixed,DOP853,full,0.5750000000000001,0.0436185194601961,0.04190883043854284,0.15802391391235296,0.008055673799225439,0.07575129696513018,0.07010161576984837,0.07278923498855999,0.054987589994093936,
coupled_mixed,DOP853,full,0.6000000000000001,0.04551215678290384,0.043658631184521964,0.15821907546297395,0.007557577939334934,0.07573963997870194,0.06988288387571366,0.0725013478840106,0.05477973074717622,
coupled_mixed,DOP853,full,0.625,0.04740549901187917,0.045402996488613,0.15840180929363082,0.007061460189682512,0.07572768932221811,0.0696667747492527,0.07221544973711948,0.05457268943959252,
coupled_mixed,DOP853,full,0.65,0.04929853879459345,0.04714199149639128,0.1585721651552544,0.0065673443684998965,0.07571544413514696,0.06945325456644803,0.07193152382195157,0.05436646353545896,
coupled_mixed,DOP853,full,0.675,0.05119126875712675,0.0488756805127526,0.15873019339154376,0.006075254078689996,0.07570290356705513,0.06924228989582706,0.07164955353827959,0.05416105050317109,
coupled_mixed,DOP853,full,0.7000000000000001,0.05308368150444428,0.05060412701165241,0.158875944933559,0.0055852127059964375,0.07569006677915395,0.06903384769450609,0.07136952241081622,0.053956447815387734,
coupled_mixed,DOP853,full,0.7250000000000001,0.05497576962070159,0.05232739364579801,0.15900947129427104,0.005097243417231176,0.07567693294581092,0.06882789530429385,0.07109141408844659,0.05375265294901363,
coupled_mixed,DOP853,full,0.75,0.056867525669593535,0.054045542256209986,0.1591308245630661,0.004611369158538578,0.0756635012560267,0.06862440044787031,0.0708152123434563,0.05354966338517725,
coupled_mixed,DOP853,full,0.775,0.05875894219473767,0.05575863388169835,0.15924005740020833,0.004127612653707256,0.07564977091487755,0.06842333122502989,0.07054090107075771,0.053347476609205906,
coupled_mixed,DOP853,full,0.8,0.06065001172009364,0.05746672876824457,0.15933722303126016,0.003645996402526847,0.07563574114492337,0.06822465610898887,0.0702684642871144,0.053146090110597864,
coupled_mixed,DOP853,full,0.8250000000000001,0.0625407267504177,0.05916988637829122,0.15942237524146233,0.003166542679189742,0.07562141118758109,0.06802834394275487,0.06999788613036396,0.05294550138299158,
coupled_mixed,DOP853,full,0.8500000000000001,0.06443107977175141,0.06086816539994103,0.15949556837007414,0.002689273530737921,0.0756067803044639,0.0678343639355566,0.06972915085863932,0.052745707924132385,
coupled_mixed,DOP853,full,0.875,0.06632106325194317,0.06256162375606726,0.15955685730467536,0.002214210775555039,0.07559184777868626,0.06764268565933197,0.06946224284958889,0.052546707235836605,
coupled_mixed,DOP853,full,0.9,0.06821066964120204,0.06425031861333752,0.1596062974754315,0.0017413760019038904,0.07557661291613463,0.06745327904527262,0.06919714659959614,0.052348496823953594,
coupled_mixed,DOP853,full,0.925,0.07009989137268229,0.06593430639115272,0.15964394484932293,0.0012707905665094226,0.07556107504670447,0.06726611438042292,0.06893384672299827,0.05215107419832558,
coupled_mixed,DOP853,full,0.9500000000000001,0.07198872086309814,0.06761364277050322,0.15966985592433963,0.0008024755931874033,0.07554523352550316,0.06708116230433145,0.06867232795130478,0.051954436872745764,
coupled_mixed,DOP853,full,0.9750000000000001,0.0738771505133673,0.06928838270274429,0.15968408772364287,0.0003364519715189024,0.07552908773401927,0.06689839380575326,0.06841257513241604,0.051758582364914776,
coupled_mixed,DOP853,full,1.0,0.07576517270928357,0.07095858041828929,0.15968669778969374,-0.00012725964443037146,0.0755126370812581,0.06671778021940131,0.06815457322984185,0.05156350819639537,
coupled_mixed,DOP853,full,1.0250000000000001,0.07765277982222561,0.07262428943519875,0.15967774417834546,-0.0005886388373541605,0.07549588100484315,0.06653929322275091,0.0678983073219186,0.05136921189256409,
coupled_mixed,DOP853,full,1.05,0.07953996420988095,0.0742855625677231,0.15965728545291238,-0.0010476654278931863,0.07547881897208522,0.06636290483288396,0.06764376260102925,0.051175690982563776,
coupled_mixed,DOP853,full,1.075,0.08142671821700181,0.07594245193475321,0.15962538067820625,-0.0015043194757831282,0.07546145048101763,0.06618858740338024,0.06739092437282304,0.0509829429992539,
coupled_mixed,DOP853,full,1.1,0.0833130341761856,0.0775950089681939,0.15958208941454538,-0.001958581280957867,0.07544377506139882,0.06601631362125275,0.06713977805543589,0.05079096547915982,
coupled_mixed,DOP853,full,1.125,0.0851989044086798,0.07924328442126237,0.15952747171173676,-0.0024104313846080344,0.07542579227568193,0.06584605650392415,0.0668903091787121,0.050599755962421215,
coupled_mixed,DOP853,full,1.1500000000000001,0.08708432122521145,0.08088732837671116,0.15946158810303154,-0.002859850570195745,0.0754075017199516,0.06567778939624401,0.06664250338342714,0.05040931199273946,
coupled_mixed,DOP853,full,1.175,0.08896927692683942,0.08252719025497618,0.15938449959905587,-0.003306819864425459,0.07538890302482834,0.065511485967545,0.06639634642051183,0.05021963111732435,
coupled_mixed,DOP853,full,1.2000000000000002,0.0908537638058294,0.08416291882225192,0.15929626768171765,-0.00375132053817118,0.07536999585634066,0.06534712020873706,0.06615182415027807,0.05003071088684017,
coupled_mixed,DOP853,full,1.225,0.09273777414654982,0.08579456219849414,0.15919695429809078,-0.004193334107359913,0.07535077991676495,0.06518466642943807,0.06590892254164626,0.04984254885535125,
coupled_mixed,DOP853,full,1.25,0.09462130022638836,0.08742216786535216,0.1590866218542784,-0.004632842333811581,0.07533125494543375,0.06502409925513958,0.06566762767137475,0.04965514258026719,
coupled_mixed,DOP853,full,1.2750000000000001,0.09650433431668747,0.08904578267403135,0.15896533320925596,-0.005069827226035359,0.07531142071951229,0.06486539362440656,0.06542792572329122,0.04946848962228791,
coupled_mixed,DOP853,full,1.3,0.09838686868369834,0.09066545285308739,0.15883315166869572,-0.005504271039982538,0.07529127705474369,0.06470852478610954,0.06518980298752645,0.04928258754534864,
coupled_mixed,DOP853,full,1.3250000000000002,0.1002688955895523,0.09228122401615337,0.15869014097877374,-0.0059361562797561,0.07527082380616304,0.06455346829668805,0.06495324585975064,0.049097433916564945,
coupled_mixed,DOP853,full,1.35,0.10215040729325692,0.09389314116958661,0.15853636531995255,-0.006365465698283591,0.07525006086877974,0.06440020001744706,0.06471824084041092,0.04891302630617661,
coupled_mixed,DOP853,full,1.375,0.1040313960517035,0.09550124872005632,0.15837188930075283,-0.006792182297944087,0.07522898817822977,0.06424869611188166,0.06448477453397246,0.04872936228749237,
coupled_mixed,DOP853,full,1.4000000000000001,0.1059118541206877,0.09710559048207082,0.15819677795151216,-0.007216289331150583,0.07520760571139766,0.06409893304302852,0.06425283364816246,0.04854643943683543,
coupled_mixed,DOP853,full,1.425,0.10779177375594909,0.09870620968543112,0.1580110967181266,-0.007637770300894436,0.07518591348700795,0.06395088757084663,0.06402240499321663,0.04836425533348862,
coupled_mixed,DOP853,full,1.4500000000000002,0.10967114721422391,0.10030314898262212,0.15781491145578044,-0.00805660896124746,0.07516391156618689,0.06380453674962397,0.06379347548112858,0.048182807559639995,
coupled_mixed,DOP853,full,1.475,0.1115499667543116,0.10189645045613868,0.15760828842266347,-0.008472789317823411,0.07514160005299426,0.0636598579254097,0.06356603212490247,0.048002093700329006,
coupled_mixed,DOP853,full,1.5,0.11342822463815487,0.10348615562574766,0.15739129427367665,-0.008886295628199236,0.07511897909492594,0.06351682873347089,0.06334006203780868,0.04782211134339297,
coupled_mixed,DOP853,full,1.5250000000000001,0.11530591313193206,0.1050723054556863,0.15716399605412756,-0.009297112402296227,0.07509604888338711,0.0633754270957731,0.06311555243264275,0.04764285807941422,
coupled_mixed,DOP853,full,1.55,0.11718302450716073,0.10665494036179803,0.15692646119341708,-0.009705224402721375,0.07507280965413685,0.06323563121848375,0.06289249062098784,0.04746433150166787,
coupled_mixed,DOP853,full,1.5750000000000002,0.11905955104181208,0.10823410021860647,0.15667875749871812,-0.010110616645069202,0.07504926168770401,0.06309741958949754,0.06267086401248054,0.047286529206070294,
coupled_mixed,DOP853,full,1.6,0.12093548502143457,0.10980982436632805,0.15642095314864807,-0.01051327439818423,0.07502540530977515,0.06296077097598297,0.062450660114080306,0.04710944879112856,
coupled_mixed,DOP853,full,1.625,0.1228108187402866,0.11138215161782447,0.15615311668693593,-0.010913183184384462,0.07500124089155434,0.06282566442194912,0.06223186652934279,0.0469330878578907,
coupled_mixed,DOP853,full,1.6500000000000001,0.1246855445024766,0.11295112026549545,0.15587531701608545,-0.011310328779645995,0.07497676885009562,0.0626920792458318,0.062014470957696764,0.046757444009897134,
coupled_mixed,DOP853,full,1.675,0.12655965462311422,0.11451676808810853,0.15558762339103047,-0.011704697213751598,0.0749519896486075,0.06255999503809914,0.061798461193724875,0.04658251485313254,
coupled_mixed,DOP853,full,1.7000000000000002,0.12843314142947432,0.11607913235756356,0.15529010541278024,-0.012096274770405365,0.0749269037967301,0.06242939165887701,0.06158382512644755,0.04640829799597797,
coupled_mixed,DOP853,full,1.725,0.13030599726215378,0.11763824984561157,0.15498283302207885,-0.012485047987301939,0.07490151185078697,0.062300249235588745,0.061370550738612334,0.04623479104916597,
coupled_mixed,DOP853,full,1.75,0.13217821447624384,0.11919415683050584,0.1546658764930523,-0.012871003656164814,0.07487581441400942,0.06217254816061392,0.06115862610598636,0.04606199162573552,
coupled_mixed,DOP853,full,1.7750000000000001,0.13404978544250468,0.12074688910359706,0.1543393064268585,-0.013254128822746987,0.07484981213673532,0.06204626908896295,0.06094803939665313,0.0458898973409885,
coupled_mixed,DOP853,full,1.8,0.13592070254854505,0.12229648197587016,0.15400319374533736,-0.013634410786796093,0.0748235057165819,0.06192139293596736,0.0607387788703136,0.04571850581244729,
coupled_mixed,DOP853,full,1.8250000000000002,0.13779095820000645,0.12384297028442373,0.15365760968466116,-0.014011837101984517,0.07479689589859323,0.06179790087498514,0.06053083287759136,0.04554781465981359,
coupled_mixed,DOP853,full,1.85,0.13966054482175067,0.12538638839889177,0.1533026257889873,-0.014386395575804806,0.07476998347536243,0.06167577433512074,0.06032418985934225,0.04537782150492847,
coupled_mixed,DOP853,full,1.875,0.1415294548590503,0.12692677022780888,0.15293831390411364,-0.014758074269430816,0.07474276928712933,0.06155499499895904,0.06011883834596825,0.04520852397173374,
coupled_mixed,DOP853,full,1.9000000000000001,0.14339768077878104,0.12846414922491886,0.1525647461711384,-0.015126861497544964,0.07471525422185363,0.061435544800312936,0.05991476695673584,0.045039919686234664,
coupled_mixed,DOP853,full,1.925,0.14526521507061516,0.12999855839542745,0.152181995020125,-0.015492745828131944,0.07468743921526415,0.06131740592198386,0.059711964399098906,0.044872006276464156,
coupled_mixed,DOP853,full,1.9500000000000002,0.14713205024821552,0.13153003030219962,0.15179013316377357,-0.015855716082239353,0.07465932525088444,0.0612005607935348,0.059510419468026134,0.04470478137244836,
coupled_mixed,DOP853,full,1.975,0.14899817885042882,0.13305859707190174,0.15138923359110024,-0.01621576133370555,0.07463091336003515,0.061084992089075224,0.05931012104533308,0.0445382426061739,
coupled_mixed,DOP853,full,2.0,0.15086359344247915,0.13458429040108857,0.15097936956112276,-0.01657287090885572,0.07460220462181333,0.06097068272505761,0.059111058099018836,0.04437238761155645,
coupled_mixed,DOP853,full,2.025,0.15272828661716922,0.13610714156223014,0.1505606145965414,-0.01692703438617079,0.07457320016304779,0.06085761585808653,0.058913219682606814,0.04420721402440968,
coupled_mixed,DOP853,full,2.0500000000000003,0.15459225099606796,0.13762718140969094,0.15013304247744713,-0.017278241595919536,0.07454390115823414,0.06074577488273699,0.058716594934490975,0.04404271948241732,
coupled_mixed,DOP853,full,2.075,0.15645547923070136,0.13914444038565205,0.14969672723503094,-0.01762648261976273,0.07451430882944693,0.06063514342938375,0.05852117307728655,0.04387890162510609,
coupled_mixed,DOP853,full,2.1,0.15831796400374087,0.140658948525979,0.14925174314530462,-0.017971747790327584,0.0744844244462303,0.06052570536204095,0.05832694341718539,0.04371575809382006,
coupled_mixed,DOP853,full,2.125,0.1601796980301882,0.14217073546603584,0.14879816472283264,-0.018314027690752514,0.07445424932546758,0.06041744477621146,0.05813389534331626,0.04355328653169683,
coupled_mixed,DOP853,full,2.15,0.16204067405855688,0.14367983044644564,0.14833606671447527,-0.01865331315420332,0.07442378483122991,0.06031034599674557,0.057942018327109907,0.043391484583644994,
coupled_mixed,DOP853,full,2.1750000000000003,0.16390088487205035,0.14518626231879736,0.14786552409314363,-0.0189895952633611,0.07439303237460423,0.060204393575708955,0.057751301921668934,0.04323034989632332,
coupled_mixed,DOP853,full,2.2,0.16576032328973514,0.14669005955129952,0.14738661205156792,-0.019322865349882385,0.07436199341350136,0.06009957229025943,0.057561735761142666,0.04306988011812145,
coupled_mixed,DOP853,full,2.225,0.16761898216770943,0.148191250234381,0.1468994059960793,-0.019653114993832054,0.07433066945244407,0.05999586714053237,0.05737330956010681,0.04291007289914214,
coupled_mixed,DOP853,full,2.25,0.1694768544002654,0.14968986208623927,0.14640398154040743,-0.019980336023089344,0.07429906204233608,0.0598932633475344,0.0571860131129481,0.042750925891185274,
coupled_mixed,DOP853,full,2.275,0.17133393292104504,0.15118592245833573,0.1459004144994932,-0.020304520512727527,0.07426717278021186,0.059791746351045186,0.056999836293253905,0.04259243674773338,
coupled_mixed,DOP853,full,2.3000000000000003,0.1731902107041893,0.15267945834083954,0.14538878088331922,-0.020625660784367717,0.07423500330896816,0.05969130180752699,0.05681476905320678,0.04243460312393895,
coupled_mixed,DOP853,full,2.325,0.17504568076547888,0.15417049636801905,0.1448691568907578,-0.020943749405507212,0.07420255531707713,0.05959191558804171,0.056630801422984156,0.04227742267661341,
coupled_mixed,DOP853,full,2.35,0.17690033616347467,0.15565906282357958,0.14434161890342423,-0.021258779188825502,0.07416983053828051,0.059493573776175805,0.05644792351016258,0.04212089306421696,
coupled_mixed,DOP853,full,2.375,0.17875417000064545,0.15714518364595048,0.14380624347955642,-0.02157074319146462,0.07413683075126723,0.05939626266597247,0.05626612549912734,0.041965011946850476,
coupled_mixed,DOP853,full,2.4000000000000004,0.18060717542448473,0.15862888443352174,0.14326310734791708,-0.02187963471428486,0.07410355777933396,0.059299968759870175,0.05608539765048704,0.041809776986249506,
coupled_mixed,DOP853,full,2.4250000000000003,0.18245934562862223,0.16011019044982785,0.14271228740170872,-0.022185447301098823,0.07407001349002852,0.05920467876664873,0.055905730300493214,0.04165518584577927,
coupled_mixed,DOP853,full,2.45,0.1843106738539255,0.16158912662868077,0.14215386069251057,-0.022488174737882574,0.07403619979477695,0.059110379599381896,0.05572711386046485,0.04150123619043152,
coupled_mixed,DOP853,full,2.475,0.18616115338959174,0.16306571757925178,0.14158790442423452,-0.022787811051964847,0.0740021186484945,0.05901705837339664,0.05554953881621806,0.041347925686822926,
coupled_mixed,DOP853,full,2.5,0.18801077757423035,0.1645399875911023,0.14101449594710133,-0.02308435051119487,0.07396777204918077,0.058924702404238825,0.0553729957275008,0.04119525200319497,
coupled_mixed,DOP853,full,2.5250000000000004,0.18985953979693512,0.16601196063916404,0.14043371275163738,-0.023377787623089317,0.0739331620374997,0.05883329920564527,0.05519747522743255,0.04104321280941551,
coupled_mixed,DOP853,full,2.5500000000000003,0.1917074334983456,0.16748166038866824,0.13984563246269344,-0.023668117133958756,0.07389829069634435,0.05874283648752211,0.05502296802194912,0.04089180577698185,
coupled_mixed,DOP853,full,2.575,0.1935544521716975,0.16894911020002498,0.13925033283348562,-0.023955334028014277,0.07386316015038731,0.0586533021539293,0.05484946488925248,0.04074102857902536,
coupled_mixed,DOP853,full,2.6,0.19540058936386123,0.1704143331336517,0.13864789173965977,-0.024239433526454565,0.07382777256561687,0.05856468430107118,0.05467695667926561,0.040590878890317754,
coupled_mixed,DOP853,full,2.625,0.19724583867636786,0.1718773519547519,0.13803838717338,-0.02452041108653411,0.07379213014885942,0.05847697121529306,0.054505434313092425,0.0404413543872789,
coupled_mixed,DOP853,full,2.6500000000000004,0.1990901937664227,0.17333818913804402,0.13742189723744197,-0.024798262400612864,0.07375623514728842,0.0583901513710836,0.05433488878248279,0.04029245274798626,
coupled_mixed,DOP853,full,2.6750000000000003,0.20093364834790836,0.17479686687243978,0.13679850013940592,-0.02507298339518863,0.07372008984791993,0.05830421342908317,0.054165311149302495,0.04014417165218559,
coupled_mixed,DOP853,full,2.7,0.2027761961923793,0.17625340706567272,0.13616827418574545,-0.025344570229912933,0.07368369657709455,0.05821914623409834,0.05399669254500817,0.03999650878130268,
coupled_mixed,DOP853,full,2.725,0.2046178311300331,0.17770783134887808,0.13553129777604167,-0.025613019296587956,0.07364705769994873,0.058134938813121574,0.05382902417012745,0.039849461818457686,
coupled_mixed,DOP853,full,2.75,0.2064585470506753,0.1791601610811227,0.13488764939718892,-0.025878327218148534,0.07361017561987286,0.05805158037335708,0.053662297293744006,0.03970302844848012,
coupled_mixed,DOP853,full,2.7750000000000004,0.20829833790466842,0.18061041735388575,0.1342374076176302,-0.026140490847628036,0.07357305277795798,0.05796906030025227,0.053496503252987604,0.03955720635792558,
coupled_mixed,DOP853,full,2.8000000000000003,0.2101371977038673,0.18205862099549006,0.13358065108161823,-0.026399507267108917,0.07353569165243107,0.057887368155534996,0.05333163345252912,0.03941199323509383,
coupled_mixed,DOP853,full,2.825,0.21197512052254053,0.18350479257548485,0.13291745850350195,-0.02665537378665849,0.07349809475807935,0.05780649367525642,0.05316767936408064,0.03926738677004824,
coupled_mixed,DOP853,full,2.85,0.2138121004982773,0.18494895240897938,0.13224790866203992,-0.026908087943250333,0.07346026464566385,0.05772642676783964,0.053004632525900416,0.03912338465463666,
coupled_mixed,DOP853,full,2.875,0.21564813183287973,0.1863911205609277,0.13157208039474058,-0.0271576474996718,0.07342220390132269,0.05764715751213407,0.05284248454230285,0.03897998458251363,
coupled_mixed,DOP853,full,2.9000000000000004,0.2174832087932396,0.18783131685036533,0.1308900525922304,-0.027404050443418152,0.07338391514596448,0.05756867615547544,0.0526812270831734,0.0388371842491639,
coupled_mixed,DOP853,full,2.9250000000000003,0.21931732571220006,0.18926956085459698,0.13020190419265032,-0.027647294985573678,0.07334540103465213,0.05749097311175172,0.052520851883488394,0.03869498135192741,
coupled_mixed,DOP853,full,2.95,0.2211504769894013,0.19070587191333646,0.12950771417608126,-0.02788737955968037,0.0733066642559774,0.05741403895947469,0.05236135074283973,0.03855337359002547,
coupled_mixed,DOP853,full,2.975,0.22298265709210968,0.19214026913279814,0.12880756155899922,-0.028124302820594513,0.07326770753142679,0.05733786443985732,0.0522027155249645,0.038412358664588364,
coupled_mixed,DOP853,full,3.0,0.22481386055603136,0.19357277138974058,0.128101525388759,-0.028358063643331807,0.07322853361473872,0.05726244045489703,0.052044938157279466,0.0382719342786842,
coupled_mixed,DOP853,full,3.0250000000000004,0.22664408198611524,0.19500339733546215,0.12738968473809328,-0.028588661121901778,0.07318914529125128,0.057187758065464875,0.05188801063042044,0.038132098137348386,
coupled_mixed,DOP853,full,3.0500000000000003,0.22847331605733126,0.1964321653997489,0.12667211869966027,-0.028816094568130852,0.0731495453772439,0.0571138084894007,0.05173192499778647,0.03799284794761515,
coupled_mixed,DOP853,full,3.075,0.23030155751543618,0.1978590937947753,0.12594890638061224,-0.029040363510475526,0.07310973671927043,0.057040583099614094,0.05157667337508873,0.037854181418549876,
coupled_mixed,DOP853,full,3.1,0.23212880117772194,0.19928420051895723,0.12522012689719486,-0.029261467692825702,0.07306972219348527,0.0569680734221916,0.051422247939904346,0.03771609626128265,
coupled_mixed,DOP853,full,3.125,0.2339550419337471,0.20070750336075782,0.12448585936937691,-0.02947940707329867,0.07302950470496246,0.05689627113450998,0.05126864093123492,0.03757859018904293,
coupled_mixed,DOP853,full,3.1500000000000004,0.2357802747460512,0.2021290199024461,0.1237461829155095,-0.029694181823024128,0.07298908718700821,0.0568251680633556,0.05111584464906977,0.0374416609171953,
coupled_mixed,DOP853,full,3.1750000000000003,0.237604494650852,0.20354876752380888,0.12300117664701568,-0.029905792324920657,0.07294847260046707,0.056754756183050176,0.05096385145395395,0.037305306163276375,
coupled_mixed,DOP853,full,3.2,0.2394276967587256,0.20496676340581568,0.12225091966311044,-0.030114239172464058,0.07290766393302217,0.05668502761358269,0.05081265376656094,0.03716952364703268,
coupled_mixed,DOP853,full,3.225,0.24124987625526856,0.20638302453423724,0.12149549104555185,-0.030319523168447927,0.07286666419848985,0.056615974618747886,0.05066224406726999,0.037034311090459605,
coupled_mixed,DOP853,full,3.25,0.24307102840174255,0.20779756770321733,0.12073496985342363,-0.030521645323736867,0.07282547643610879,0.05654758960429115,0.05051261489574815,0.03689966621784139,
coupled_mixed,DOP853,full,3.2750000000000004,0.2448911485357006,0.2092104095187986,0.11996943511794982,-0.030720606856012807,0.07278410370982444,0.05647986511605997,0.05036375885053679,0.036765586755792085,
coupled_mixed,DOP853,full,3.3000000000000003,0.2467102320715952,0.21062156640240184,0.11919896583734167,-0.030916409188514696,0.07274254910756861,0.05641279383816214,0.05021566858864283,0.036632070433297526,
coupled_mixed,DOP853,full,3.325,0.248528274501368,0.21203105459425983,0.11842364097167751,-0.031109053948772118,0.07270081574053484,0.05634636859113056,0.05006833682513441,0.03649911498175826,
coupled_mixed,DOP853,full,3.35,0.25034527139502455,0.2134388901568048,0.11764353943780434,-0.03129854296733276,0.07265890674244883,0.05628058233009504,0.04992175633274129,0.03636671813503306,
coupled_mixed,DOP853,full,3.375,0.2521612184011886,0.21484508897801077,0.11685874010427824,-0.03148487827648455,0.07261682526883559,0.05621542814296099,0.04977591994145962,0.0362348776294836,
coupled_mixed,DOP853,full,3.4000000000000004,0.25397611124763625,0.2162496667746901,0.11606932178634104,-0.03166806210897273,0.07257457449628342,0.05615089924859515,0.04963082053816112,0.03610359120401999,
coupled_mixed,DOP853,full,3.4250000000000003,0.2557899457418139,0.21765263909574503,0.11527536324092354,-0.03184809689671206,0.0725321576217042,0.05608698899501847,0.04948645106620681,0.035972856600147055,
coupled_mixed,DOP853,full,3.45,0.25760271777133714,0.21905402132537408,0.11447694316168301,-0.03202498526949455,0.07248957786159083,0.05602369085760624,0.049342804525065065,0.035842671562011416,
coupled_mixed,DOP853,full,3.475,0.2594144233044705,0.2204538286862334,0.11367414017407251,-0.03219873005369312,0.07244683845127205,0.05596099843729559,0.04919987396993408,0.035713033836449366,
coupled_mixed,DOP853,full,3.5,0.26122505839058957,0.2218520762425534,0.11286703283044228,-0.03236933427096139,0.07240394264416479,0.055898905458800455,0.049057652511368705,0.03558394117303544,
coupled_mixed,DOP853,full,3.5250000000000004,0.2630346191606236,0.22324877890321115,0.11205569960517342,-0.0325368011369299,0.07236089371102447,0.055837405768834114,0.04891613331491158,0.03545539132413174,
coupled_mixed,DOP853,full,3.5500000000000003,0.26484310182747967,0.22464395142475793,0.1112402188898445,-0.03270113405989924,0.07231769493919339,0.0557764933343394,0.04877530960072857,0.03532738204493786,
coupled_mixed,DOP853,full,3.575,0.2666505026864484,0.22603760841440318,0.11042066898843089,-0.03286233663953019,0.0722743496318476,0.055716162240726716,0.04863517464324836,0.03519991109354164,
coupled_mixed,DOP853,full,3.6,0.2684568181155899,0.2274297643329541,0.10959712811253754,-0.03302041266553138,0.07223086110724251,0.05565640669011997,0.04849572177080636,0.03507297623097033,
coupled_mixed,DOP853,full,3.625,0.27026204457610126,0.22882043349771178,0.10876967437666543,-0.03317536611634461,0.0721872326979575,0.05559722099961055,0.04835694436529266,0.034946575221242636,
coupled_mixed,DOP853,full,3.6500000000000004,0.27206617861266436,0.2302096300853237,0.10793838579351188,-0.03332720115782829,0.0721434677501399,0.055538599599519366,0.0482188358618042,0.034820705831421106,
coupled_mixed,DOP853,full,3.6750000000000003,0.2738692168537759,0.23159736813459256,0.10710334026930049,-0.03347592214193884,0.07209956962274817,0.05548053703166726,0.04808138974830099,0.03469536583166524,
coupled_mixed,DOP853,full,3.7,0.27567115601206066,0.23298366154924238,0.1062646155991377,-0.033621533605410064,0.07205554168679443,0.05542302794765374,0.047944599565266754,0.03457055299528482,
coupled_mixed,DOP853,full,3.725,0.27747199288456065,0.2343685241006416,0.10542228946241776,-0.03376404026843242,0.0720113873245879,0.05536606710714416,0.04780845890537301,0.03444626509879412,
coupled_mixed,DOP853,full,3.75,0.279271724353009,0.23575196943048324,0.10457643941825044,-0.03390344703333052,0.07196710992897809,0.05530964937616561,0.047672961413147565,0.03432249992196641,
coupled_mixed,DOP853,full,3.7750000000000004,0.28107034738408415,0.23713401105342305,0.10372714290092483,-0.034039758983240104,0.07192271290259844,0.05525376972541141,0.047538100784646785,0.034199255247888874,
coupled_mixed,DOP853,full,3.8000000000000003,0.2828678590296444,0.2385146623596747,0.10287447721540582,-0.034172981380784354,0.07187819965711081,0.05519842322855458,0.04740387076713187,0.03407652886301802,
coupled_mixed,DOP853,full,3.825,0.2846642564269447,0.2398939366175636,0.1020185195328632,-0.034303119666749975,0.07183357361245081,0.05514360506057018,0.04727026515874896,0.03395431855723544,
coupled_mixed,DOP853,full,3.85,0.28645953679883407,0.2412718469760384,0.1011593468862337,-0.034430179458763074,0.07178883819607443,0.0550893104960668,0.04713727780821315,0.033832622123903956,
coupled_mixed,DOP853,full,3.875,0.2882536974539339,0.24264840646714095,0.10029703616581617,-0.03455416654996514,0.07174399684220589,0.05503553490762723,0.047004902614496274,0.03371143735992407,
coupled_mixed,DOP853,full,3.9000000000000004,0.29004673578679846,0.24402362800843522,0.09943166411490002,-0.03467508690768939,0.0716990529910874,0.05498227376415843,0.04687313352651848,0.03359076206579078,
coupled_mixed,DOP853,full,3.9250000000000003,0.2918386492780552,0.2453975244053946,0.09856330732542709,-0.03479294667213756,0.07165401008823051,0.054929522629251,0.046741964542843475,0.03347059404565067,
coupled_mixed,DOP853,full,3.95,0.29362943549452786,0.24677010835374905,0.09769204223368719,-0.03490775215505758,0.07160887158366978,0.05487727715954812,0.04661138971137746,0.03335093110735926,
coupled_mixed,DOP853,full,3.975,0.2954190920893393,0.2481413924417908,0.09681794511604756,-0.03501950983842211,0.07156364093121877,0.05482553310312424,0.046481403129071674,0.03323177106253859,
coupled_mixed,DOP853,full,4.0,0.2972076168019967,0.2495113891526403,0.09594109208471514,-0.03512822637310822,0.07151832158772847,0.05477428629787349,0.04635199894162857,0.03311311172663508,
coupled_mixed,DOP853,reduced_flux_recovered,0.0,0.0,0.0,0.15,0.02,0.07594034703141797,0.07594034703141797,0.08,0.06,
coupled_mixed,DOP853,reduced_flux_recovered,0.025,0.0018984450310087937,0.0018948843018131176,0.15049329023611435,0.019463445820465018,0.0759352096354867,0.07565098738980781,0.07966145027495102,0.059772618540648546,
coupled_mixed,DOP853,reduced_flux_recovered,0.05,0.003796758188747595,0.0037825786978641055,0.150973183755409,0.01892826736193889,0.07592979707509982,0.0753651471702584,0.07932531059346189,0.05954611449184429,
coupled_mixed,DOP853,reduced_flux_recovered,0.07500000000000001,0.005694932586848557,0.005663170620828415,0.1514397153033094,0.01839449278980706,0.07592410876372115,0.07508278222799296,0.07899156113831066,0.059320485226455354,
coupled_mixed,DOP853,reduced_flux_recovered,0.1,0.0075929613238385,0.007536746406136106,0.15189292032736618,0.01786215010822268,0.07591814407983949,0.07480384892717387,0.07866018223402864,0.05909572812049405,
coupled_mixed,DOP853,reduced_flux_recovered,0.125,0.009490837482293632,0.009403391304616555,0.152332834973189,0.01733126715728826,0.0759119023693006,0.07452830413458543,0.07833115434630122,0.05887184055324658,
coupled_mixed,DOP853,reduced_flux_recovered,0.15000000000000002,0.011388554128052064,0.011263189494988335,0.15275949608031053,0.016801871610277946,0.07590538294760614,0.07425610521345405,0.0780044580813564,0.058648819907393374,
coupled_mixed,DOP853,reduced_flux_recovered,0.17500000000000002,0.013286104309483637,0.013116224096194328,0.15317294117798116,0.01627399097090047,0.07589858510217967,0.07398721001740281,0.07768007418534133,0.058426663569120456,
coupled_mixed,DOP853,reduced_flux_recovered,0.2,0.015183481056816139,0.014962577179586186,0.1535732084808964,0.015747652570602982,0.0758915080945993,0.07372157688453665,0.07735798354368757,0.05820536892822222,
coupled_mixed,DOP853,reduced_flux_recovered,0.225,0.0170806773815169,0.01680232978096219,0.15396033688485702,0.0152228835659164,0.07588415116279702,0.07345916463165425,0.07703816718046586,0.057984933378195734,
coupled_mixed,DOP853,reduced_flux_recovered,0.25,0.01897768627572887,0.018635561912462715,0.15433436596236352,0.014699710935842589,0.07587651352322454,0.07319993254858326,0.07672060625773044,0.057765354316327094,
coupled_mixed,DOP853,reduced_flux_recovered,0.275,0.020874500711760176,0.020462352574327342,0.15469533595814555,0.014178161479283875,0.07586859437298528,0.07294384039263488,0.07640528207485371,0.057546629143769984,
coupled_mixed,DOP853,reduced_flux_recovered,0.30000000000000004,0.022771113641626192,0.02228277976651776,0.15504328778462764,0.01365826181251533,0.07586039289193273,0.07269084838317424,0.07609217606785182,0.05732875526561674,
coupled_mixed,DOP853,reduced_flux_recovered,0.325,0.02466751799664351,0.024096920500208667,0.15537826301733182,0.01314003836669994,0.07585190824473466,0.0724409171963032,0.07578126980870141,0.05711173009096229,
coupled_mixed,DOP853,reduced_flux_recovered,0.35000000000000003,0.02656370668707778,0.025904850809124465,0.15570030389022024,0.012623517385442675,0.07584313958290309,0.0721940079596582,0.07547254500464759,0.05689555103296076,
coupled_mixed,DOP853,reduced_flux_recovered,0.375,0.028459672601838827,0.027706645760771018,0.15600945329097582,0.012108724922391755,0.07583408604679039,0.07195008224731016,0.07516598349750456,0.05668021550887577,
coupled_mixed,DOP853,reduced_flux_recovered,0.4,0.03035540860822656,0.029502379467533618,0.15630575475622344,0.011595686838881649,0.07582474676755077,0.07170910207476897,0.07486156726294858,0.05646572094012415,
coupled_mixed,DOP853,reduced_flux_recovered,0.42500000000000004,0.03225090755172477,0.03129212509765237,0.15658925246669328,0.011084428801620076,0.07581512086906766,0.0714710298940896,0.07455927840980407,0.05625206475231354,
coupled_mixed,DOP853,reduced_flux_recovered,0.45,0.03414616225584276,0.03307595488607736,0.15685999124232677,0.010574976280418667,0.07580520746984652,0.07123582858907562,0.07425909917932298,0.056039244375274105,
coupled_mixed,DOP853,reduced_flux_recovered,0.47500000000000003,0.03604116552200428,0.03485394014520332,0.15711801653732627,0.0100673545459671,0.07579500568487305,0.07100346147057805,0.07396101194445802,0.05582725724308443,
coupled_mixed,DOP853,reduced_flux_recovered,0.5,0.03793591012948274,0.03662615127548668,0.1573633744351494,0.009561588667651014,0.07578451462743677,0.07077389227188681,0.07366499920912993,0.055616100794092044,
coupled_mixed,DOP853,reduced_flux_recovered,0.525,0.03983038883538158,0.03839265777594806,0.15759611164344992,0.009057703511414043,0.07577373341092007,0.070547085144212,0.0733710436074894,0.05540577247092866,
coupled_mixed,DOP853,reduced_flux_recovered,0.55,0.041724594374658905,0.04015352825456325,0.1578162754889652,0.00855572373766433,0.0757626611505525,0.07032300465225229,0.0730791279031739,0.05519626972052048,
coupled_mixed,DOP853,reduced_flux_recovered,0.5750000000000001,0.04361851946019524,0.04190883043854561,0.15802391391235232,0.008055673799225841,0.07575129696513043,0.07010161576984757,0.0727892349885598,0.05498758999409377,
coupled_mixed,DOP853,reduced_flux_recovered,0.6000000000000001,0.045512156782903365,0.04365863118452284,0.15821907546297317,0.007557577939334856,0.07573963997870217,0.06988288387571315,0.07250134788401028,0.05477973074717592,
coupled_mixed,DOP853,reduced_flux_recovered,0.625,0.047405499011879335,0.04540299648861133,0.15840180929363035,0.00706146018968195,0.07572768932221823,0.06966677474925287,0.07221544973711921,0.05457268943959227,
coupled_mixed,DOP853,reduced_flux_recovered,0.65,0.04929853879459349,0.047141991496390874,0.15857216515525438,0.006567344368499801,0.07571544413514696,0.06945325456644812,0.07193152382195156,0.05436646353545895,
coupled_mixed,DOP853,reduced_flux_recovered,0.675,0.05119126875712675,0.04887568051275244,0.15873019339154376,0.006075254078689983,0.07570290356705513,0.06924228989582709,0.0716495535382796,0.054161050503171104,
coupled_mixed,DOP853,reduced_flux_recovered,0.7000000000000001,0.05308368150444424,0.05060412701165237,0.158875944933559,0.0055852127059964705,0.07569006677915394,0.06903384769450613,0.07136952241081625,0.05395644781538775,
coupled_mixed,DOP853,reduced_flux_recovered,0.7250000000000001,0.0549757696207016,0.052327393645797866,0.159009471294271,0.005097243417231168,0.0756769329458109,0.0688278953042939,0.0710914140884466,0.053752652949013636,
coupled_mixed,DOP853,reduced_flux_recovered,0.75,0.05686752566959369,0.05404554225620948,0.15913082456306607,0.0046113691585384625,0.07566350125602665,0.06862440044787041,0.07081521234345631,0.05354966338517726,
coupled_mixed,DOP853,reduced_flux_recovered,0.775,0.058758942194737956,0.05575863388169749,0.15924005740020833,0.004127612653707063,0.07564977091487747,0.06842333122503008,0.07054090107075772,0.05334747660920596,
coupled_mixed,DOP853,reduced_flux_recovered,0.8,0.060650011720093905,0.05746672876824372,0.1593372230312603,0.003645996402526698,0.07563574114492327,0.06822465610898913,0.07026846428711446,0.05314609011059799,
coupled_mixed,DOP853,reduced_flux_recovered,0.8250000000000001,0.06254072675041776,0.059169886378290924,0.15942237524146263,0.00316654267918978,0.07562141118758102,0.06802834394275506,0.06999788613036408,0.05294550138299178,
coupled_mixed,DOP853,reduced_flux_recovered,0.8500000000000001,0.0644310797717511,0.060868165399941714,0.15949556837007445,0.00268927353073822,0.07560678030446391,0.06783436393555656,0.06972915085863941,0.05274570792413257,
coupled_mixed,DOP853,reduced_flux_recovered,0.875,0.06632106325194251,0.0625616237560689,0.15955685730467553,0.002214210775555528,0.07559184777868636,0.06764268565933164,0.06946224284958893,0.052546707235836695,
coupled_mixed,DOP853,reduced_flux_recovered,0.9,0.06821066964120127,0.06425031861333944,0.15960629747543134,0.001741376001904332,0.07557661291613481,0.06745327904527211,0.06919714659959605,0.052348496823953504,
coupled_mixed,DOP853,reduced_flux_recovered,0.925,0.07009989137268186,0.06593430639115375,0.1596439448493224,0.0012707905665095024,0.07556107504670463,0.06726611438042249,0.06893384672299804,0.05215107419832533,
coupled_mixed,DOP853,reduced_flux_recovered,0.9500000000000001,0.07198872086309833,0.06761364277050254,0.15966985592433897,0.0008024755931869826,0.07554523352550323,0.06708116230433142,0.06867232795130453,0.0519544368727455,
coupled_mixed,DOP853,reduced_flux_recovered,0.9750000000000001,0.07387715051336767,0.06928838270274315,0.15968408772364254,0.00033645197151849996,0.07552908773401926,0.06689839380575346,0.06841257513241596,0.051758582364914686,
coupled_mixed,DOP853,reduced_flux_recovered,1.0,0.07576517270928358,0.07095858041828917,0.1596866977896937,-0.00012725964443038222,0.07551263708125809,0.06671778021940132,0.06815457322984185,0.05156350819639538,
coupled_mixed,DOP853,reduced_flux_recovered,1.0250000000000001,0.07765277982222558,0.0726242894351987,0.1596777441783455,-0.0005886388373541277,0.07549588100484315,0.06653929322275094,0.0678983073219186,0.051369211892564104,
coupled_mixed,DOP853,reduced_flux_recovered,1.05,0.07953996420988095,0.07428556256772306,0.15965728545291236,-0.001047665427893164,0.07547881897208521,0.06636290483288397,0.06764376260102926,0.05117569098256378,
coupled_mixed,DOP853,reduced_flux_recovered,1.075,0.08142671821700193,0.07594245193475299,0.15962538067820614,-0.0015043194757831896,0.0754614504810176,0.06618858740338028,0.06739092437282304,0.050982942999253905,
coupled_mixed,DOP853,reduced_flux_recovered,1.1,0.08331303417618584,0.07759500896819346,0.15958208941454524,-0.001958581280958012,0.07544377506139877,0.06601631362125283,0.0671397780554359,0.05079096547915985,
coupled_mixed,DOP853,reduced_flux_recovered,1.125,0.08519890440868007,0.07924328442126187,0.1595274717117367,-0.0024104313846081806,0.07542579227568186,0.06584605650392428,0.06689030917871211,0.05059975596242131,
coupled_mixed,DOP853,reduced_flux_recovered,1.1500000000000001,0.08708432122521155,0.0808873283767109,0.15946158810303168,-0.002859850570195769,0.07540750171995154,0.06567778939624412,0.06664250338342718,0.05040931199273961,
coupled_mixed,DOP853,reduced_flux_recovered,1.175,0.0889692769268392,0.08252719025497648,0.15938449959905623,-0.0033068198644252726,0.07538890302482835,0.06551148596754501,0.06639634642051191,0.05021963111732453,
coupled_mixed,DOP853,reduced_flux_recovered,1.2000000000000002,0.09085376380582885,0.08416291882225284,0.15929626768171806,-0.003751320538170802,0.07536999585634074,0.06534712020873691,0.06615182415027811,0.050030710886840295,
coupled_mixed,DOP853,reduced_flux_recovered,1.225,0.09273777414654914,0.08579456219849538,0.15919695429809103,-0.004193334107359505,0.07535077991676509,0.06518466642943777,0.06590892254164624,0.04984254885535124,
coupled_mixed,DOP853,reduced_flux_recovered,1.25,0.09462130022638793,0.08742216786535303,0.15908662185427822,-0.004632842333811403,0.07533125494543387,0.06502409925513929,0.06566762767137461,0.04965514258026702,
coupled_mixed,DOP853,reduced_flux_recovered,1.2750000000000001,0.09650433431668762,0.08904578267403122,0.1589653332092553,-0.005069827226035605,0.07531142071951233,0.06486539362440646,0.06542792572329101,0.049468489622287656,
coupled_mixed,DOP853,reduced_flux_recovered,1.3,0.09838686868369889,0.09066545285308648,0.15883315166869502,-0.005504271039983001,0.07529127705474364,0.0647085247861097,0.06518980298752634,0.049282587545348484,
coupled_mixed,DOP853,reduced_flux_recovered,1.3250000000000002,0.10026889558955233,0.09228122401615331,0.15869014097877365,-0.005936156279756103,0.07527082380616304,0.06455346829668807,0.06495324585975064,0.04909743391656495,
coupled_mixed,DOP853,reduced_flux_recovered,1.35,0.10215040729325692,0.09389314116958655,0.15853636531995255,-0.006365465698283572,0.07525006086877974,0.06440020001744708,0.06471824084041092,0.048913026306176624,
coupled_mixed,DOP853,reduced_flux_recovered,1.375,0.10403139605170349,0.09550124872005628,0.15837188930075283,-0.006792182297944054,0.07522898817822976,0.06424869611188168,0.06448477453397246,0.048729362287492375,
coupled_mixed,DOP853,reduced_flux_recovered,1.4000000000000001,0.10591185412068778,0.0971055904820707,0.15819677795151207,-0.0072162893311506025,0.07520760571139765,0.06409893304302854,0.06425283364816246,0.04854643943683543,
coupled_mixed,DOP853,reduced_flux_recovered,1.425,0.10779177375594932,0.09870620968543085,0.15801109671812638,-0.007637770300894531,0.07518591348700791,0.06395088757084666,0.06402240499321663,0.04836425533348863,
coupled_mixed,DOP853,reduced_flux_recovered,1.4500000000000002,0.10967114721422422,0.10030314898262177,0.15781491145578022,-0.008056608961247581,0.07516391156618683,0.06380453674962402,0.06379347548112858,0.048182807559640044,
coupled_mixed,DOP853,reduced_flux_recovered,1.475,0.11154996675431178,0.10189645045613843,0.15760828842266345,-0.008472789317823463,0.07514160005299422,0.06365985792540976,0.06356603212490249,0.04800209370032911,
coupled_mixed,DOP853,reduced_flux_recovered,1.5,0.11342822463815477,0.10348615562574769,0.15739129427367693,-0.008886295628199136,0.07511897909492594,0.0635168287334709,0.0633400620378087,0.04782211134339311,
coupled_mixed,DOP853,reduced_flux_recovered,1.5250000000000001,0.11530591313193164,0.10507230545568669,0.1571639960541281,-0.00929711240229596,0.07509604888338717,0.06337542709577303,0.06311555243264276,0.04764285807941435,
coupled_mixed,DOP853,reduced_flux_recovered,1.55,0.11718302450716012,0.10665494036179866,0.1569264611934176,-0.009705224402721035,0.07507280965413694,0.06323563121848359,0.06289249062098783,0.04746433150166791,
coupled_mixed,DOP853,reduced_flux_recovered,1.5750000000000002,0.11905955104181161,0.10823410021860704,0.1566787574987183,-0.010110616645068978,0.07504926168770411,0.06309741958949736,0.06267086401248045,0.0472865292060702,
coupled_mixed,DOP853,reduced_flux_recovered,1.6,0.12093548502143461,0.10980982436632811,0.1564209531486476,-0.010513274398184315,0.07502540530977517,0.06296077097598286,0.062450660114080174,0.04710944879112837,
coupled_mixed,DOP853,reduced_flux_recovered,1.625,0.12281081874028715,0.11138215161782394,0.156153116686935,-0.01091318318438483,0.07500124089155427,0.06282566442194917,0.06223186652934268,0.04693308785789053,
coupled_mixed,DOP853,reduced_flux_recovered,1.6500000000000001,0.12468554450247668,0.11295112026549531,0.15587531701608529,-0.011310328779646038,0.07497676885009559,0.06269207924583181,0.06201447095769676,0.04675744400989713,
coupled_mixed,DOP853,reduced_flux_recovered,1.675,0.12655965462311425,0.11451676808810844,0.15558762339103038,-0.011704697213751584,0.07495198964860748,0.06255999503809914,0.06179846119372487,0.04658251485313255,
coupled_mixed,DOP853,reduced_flux_recovered,1.7000000000000002,0.1284331414294743,0.11607913235756351,0.15529010541278024,-0.012096274770405329,0.07492690379673009,0.062429391658877016,0.061583825126447556,0.04640829799597798,
coupled_mixed,DOP853,reduced_flux_recovered,1.725,0.1303059972621538,0.11763824984561148,0.15498283302207877,-0.012485047987301927,0.07490151185078694,0.06230024923558875,0.06137055073861234,0.046234791049165974,
coupled_mixed,DOP853,reduced_flux_recovered,1.75,0.13217821447624398,0.1191941568305057,0.15466587649305205,-0.012871003656164856,0.07487581441400938,0.062172548160613926,0.061158626105986345,0.04606199162573553,
coupled_mixed,DOP853,reduced_flux_recovered,1.7750000000000001,0.1340497854425049,0.12074688910359686,0.1543393064268582,-0.013254128822747064,0.07484981213673526,0.06204626908896296,0.06094803939665312,0.04588989734098853,
coupled_mixed,DOP853,reduced_flux_recovered,1.8,0.13592070254854519,0.12229648197587,0.15400319374533716,-0.01363441078679614,0.07482350571658186,0.06192139293596738,0.0607387788703136,0.045718505812447366,
coupled_mixed,DOP853,reduced_flux_recovered,1.8250000000000002,0.13779095820000636,0.1238429702844237,0.1536576096846613,-0.014011837101984467,0.07479689589859322,0.06179790087498516,0.06053083287759138,0.04554781465981371,
coupled_mixed,DOP853,reduced_flux_recovered,1.85,0.13966054482175028,0.12538638839889193,0.15330262578898782,-0.014386395575804628,0.07476998347536248,0.06167577433512072,0.06032418985934228,0.0453778215049286,
coupled_mixed,DOP853,reduced_flux_recovered,1.875,0.1415294548590497,0.1269267702278092,0.1529383139041144,-0.014758074269430555,0.07474276928712942,0.06155499499895897,0.06011883834596825,0.04520852397173382,
coupled_mixed,DOP853,reduced_flux_recovered,1.9000000000000001,0.14339768077878046,0.1284641492249192,0.15256474617113894,-0.015126861497544747,0.07471525422185371,0.06143554480031285,0.059914766956735796,0.04503991968623465,
coupled_mixed,DOP853,reduced_flux_recovered,1.925,0.145265215070615,0.12999855839542757,0.15218199502012486,-0.015492745828131916,0.07468743921526418,0.06131740592198381,0.05971196439909884,0.044872006276464024,
coupled_mixed,DOP853,reduced_flux_recovered,1.9500000000000002,0.14713205024821593,0.13153003030219937,0.1517901331637727,-0.01585571608223957,0.07465932525088437,0.06120056079353483,0.05951041946802605,0.0447047813724482,
coupled_mixed,DOP853,reduced_flux_recovered,1.975,0.14899817885042924,0.13305859707190143,0.15138923359109951,-0.016215761333705735,0.07463091336003508,0.061084992089075286,0.05931012104533306,0.04453824260617384,
coupled_mixed,DOP853,reduced_flux_recovered,2.0,0.15086359344247915,0.13458429040108852,0.15097936956112268,-0.0165728709088557,0.0746022046218133,0.06097068272505761,0.05911105809901884,0.04437238761155645,
coupled_mixed,DOP853,reduced_flux_recovered,2.025,0.15272828661716917,0.13610714156223006,0.15056061459654144,-0.016927034386170752,0.07457320016304778,0.060857615858086536,0.058913219682606814,0.044207214024409684,
coupled_mixed,DOP853,reduced_flux_recovered,2.0500000000000003,0.1545922509960679,0.13762718140969085,0.15013304247744713,-0.0172782415959195,0.07454390115823413,0.060745774882737,0.05871659493449098,0.044042719482417336,
coupled_mixed,DOP853,reduced_flux_recovered,2.075,0.15645547923070138,0.13914444038565194,0.14969672723503077,-0.01762648261976273,0.0745143088294469,0.06063514342938375,0.05852117307728654,0.04387890162510609,
coupled_mixed,DOP853,reduced_flux_recovered,2.1,0.158317964003741,0.14065894852597888,0.14925174314530432,-0.017971747790327612,0.07448442444623025,0.06052570536204095,0.05832694341718538,0.04371575809382008,
coupled_mixed,DOP853,reduced_flux_recovered,2.125,0.1601796980301883,0.14217073546603576,0.14879816472283236,-0.01831402769075253,0.07445424932546754,0.06041744477621146,0.05813389534331627,0.04355328653169688,
coupled_mixed,DOP853,reduced_flux_recovered,2.15,0.16204067405855682,0.1436798304464456,0.14833606671447527,-0.018653313154203283,0.0744237848312299,0.06031034599674556,0.057942018327109907,0.04339148458364508,
coupled_mixed,DOP853,reduced_flux_recovered,2.1750000000000003,0.16390088487205004,0.14518626231879744,0.14786552409314407,-0.01898959526336098,0.07439303237460428,0.06020439357570894,0.05775130192166894,0.043230349896323426,
coupled_mixed,DOP853,reduced_flux_recovered,2.2,0.16576032328973458,0.14669005955129966,0.1473866120515687,-0.0193228653498822,0.07436199341350144,0.060099572290259404,0.05756173576114268,0.04306988011812153,
coupled_mixed,DOP853,reduced_flux_recovered,2.225,0.16761898216770887,0.14819125023438118,0.1468994059960801,-0.019653114993831874,0.07433066945244417,0.05999586714053234,0.05737330956010681,0.042910072899142164,
coupled_mixed,DOP853,reduced_flux_recovered,2.25,0.16947685440026508,0.14968986208623936,0.14640398154040768,-0.01998033602308926,0.0742990620423361,0.05989326334753438,0.05718601311294807,0.04275092589118521,
coupled_mixed,DOP853,reduced_flux_recovered,2.275,0.17133393292104526,0.15118592245833565,0.1459004144994926,-0.02030452051272761,0.07426717278021182,0.0597917463510452,0.05699983629325386,0.04259243674773326,
coupled_mixed,DOP853,reduced_flux_recovered,2.3000000000000003,0.1731902107041898,0.15267945834083935,0.14538878088331825,-0.02062566078436787,0.07423500330896807,0.05969130180752704,0.05681476905320675,0.04243460312393887,
coupled_mixed,DOP853,reduced_flux_recovered,2.325,0.17504568076547886,0.154170496368019,0.14486915689075774,-0.02094374940550718,0.07420255531707712,0.05959191558804171,0.056630801422984156,0.04227742267661342,
coupled_mixed,DOP853,reduced_flux_recovered,2.35,0.17690033616347461,0.15565906282357952,0.14434161890342426,-0.02125877918882546,0.0741698305382805,0.059493573776175805,0.05644792351016259,0.042120893064216965,
coupled_mixed,DOP853,reduced_flux_recovered,2.375,0.1787541700006454,0.15714518364595043,0.14380624347955648,-0.021570743191464577,0.07413683075126722,0.05939626266597248,0.05626612549912734,0.04196501194685049,
coupled_mixed,DOP853,reduced_flux_recovered,2.4000000000000004,0.1806071754244847,0.1586288844335217,0.143263107347917,-0.02187963471428483,0.07410355777933393,0.05929996875987018,0.056085397650487055,0.04180977698624951,
coupled_mixed,DOP853,reduced_flux_recovered,2.4250000000000003,0.18245934562862232,0.16011019044982777,0.14271228740170847,-0.022185447301098817,0.07407001349002848,0.05920467876664872,0.055905730300493214,0.04165518584577928,
coupled_mixed,DOP853,reduced_flux_recovered,2.45,0.1843106738539256,0.16158912662868072,0.14215386069251026,-0.022488174737882574,0.07403619979477691,0.05911037959938188,0.05572711386046484,0.04150123619043155,
coupled_mixed,DOP853,reduced_flux_recovered,2.475,0.18616115338959174,0.16306571757925176,0.1415879044242344,-0.022787811051964823,0.07400211864849447,0.05901705837339662,0.05554953881621805,0.041347925686822974,
coupled_mixed,DOP853,reduced_flux_recovered,2.5,0.18801077757423018,0.1645399875911023,0.1410144959471016,-0.02308435051119481,0.0739677720491808,0.058924702404238805,0.055372995727500804,0.04119525200319504,
coupled_mixed,DOP853,reduced_flux_recovered,2.5250000000000004,0.18985953979693473,0.16601196063916407,0.14043371275163807,-0.023377787623089216,0.07393316203749975,0.058833299205645256,0.05519747522743255,0.041043212809415586,
coupled_mixed,DOP853,reduced_flux_recovered,2.5500000000000003,0.1917074334983451,0.1674816603886683,0.13984563246269432,-0.023668117133958652,0.07389829069634442,0.058742836487522106,0.055022968021949115,0.0408918057769819,
coupled_mixed,DOP853,reduced_flux_recovered,2.575,0.1935544521716972,0.16894911020002498,0.13925033283348617,-0.023955334028014214,0.07386316015038735,0.0586533021539293,0.054849464889252464,0.04074102857902535,
coupled_mixed,DOP853,reduced_flux_recovered,2.6,0.1954005893638613,0.17041433313365165,0.13864789173965955,-0.02423943352645459,0.07382777256561684,0.058564684301071195,0.05467695667926559,0.04059087889031769,
coupled_mixed,DOP853,reduced_flux_recovered,2.625,0.19724583867636827,0.1718773519547518,0.13803838717337905,-0.02452041108653419,0.07379213014885933,0.058476971215293085,0.05450543431309241,0.04044135438727883,
coupled_mixed,DOP853,reduced_flux_recovered,2.6500000000000004,0.19909019376642276,0.17333818913804397,0.13742189723744183,-0.02479826240061285,0.0737562351472884,0.05839015137108361,0.054334888782482806,0.04029245274798626,
coupled_mixed,DOP853,reduced_flux_recovered,2.6750000000000003,0.20093364834790836,0.17479686687243973,0.13679850013940592,-0.025072983395188594,0.07372008984791992,0.05830421342908317,0.0541653111493025,0.040144171652185597,
coupled_mixed,DOP853,reduced_flux_recovered,2.7,0.20277619619237927,0.17625340706567266,0.13616827418574554,-0.025344570229912895,0.07368369657709453,0.058219146234098344,0.05399669254500816,0.039996508781302696,
coupled_mixed,DOP853,reduced_flux_recovered,2.725,0.2046178311300331,0.17770783134887802,0.13553129777604167,-0.02561301929658792,0.0736470576999487,0.05813493881312158,0.05382902417012745,0.03984946181845769,
coupled_mixed,DOP853,reduced_flux_recovered,2.75,0.20645854705067535,0.17916016108112265,0.13488764939718872,-0.02587832721814851,0.07361017561987282,0.05805158037335708,0.05366229729374401,0.039703028448480136,
coupled_mixed,DOP853,reduced_flux_recovered,2.7750000000000004,0.2082983379046685,0.1806104173538857,0.1342374076176299,-0.026140490847628012,0.07357305277795795,0.05796906030025226,0.053496503252987604,0.039557206357925596,
coupled_mixed,DOP853,reduced_flux_recovered,2.8000000000000003,0.21013719770386732,0.18205862099549003,0.133580651081618,-0.026399507267108883,0.07353569165243105,0.057887368155534975,0.05333163345252912,0.03941199323509387,
coupled_mixed,DOP853,reduced_flux_recovered,2.825,0.21197512052254042,0.18350479257548485,0.13291745850350206,-0.02665537378665844,0.07349809475807936,0.0578064936752564,0.05316767936408064,0.03926738677004829,
coupled_mixed,DOP853,reduced_flux_recovered,2.85,0.21381210049827704,0.18494895240897935,0.13224790866204045,-0.026908087943250267,0.0734602646456639,0.05772642676783963,0.0530046325259004,0.039123384654636724,
coupled_mixed,DOP853,reduced_flux_recovered,2.875,0.2156481318328793,0.1863911205609277,0.13157208039474141,-0.027157647499671735,0.07342220390132276,0.05764715751213407,0.05284248454230285,0.03897998458251367,
coupled_mixed,DOP853,reduced_flux_recovered,2.9000000000000004,0.21748320879323924,0.1878313168503653,0.1308900525922311,-0.02740405044341811,0.07338391514596454,0.05756867615547545,0.0526812270831734,0.038837184249163915,
coupled_mixed,DOP853,reduced_flux_recovered,2.9250000000000003,0.21931732571219997,0.18926956085459692,0.1302019041926504,-0.027647294985573667,0.07334540103465213,0.05749097311175175,0.05252085188348841,0.038694981351927386,
coupled_mixed,DOP853,reduced_flux_recovered,2.95,0.22115047698940155,0.19070587191333638,0.1295077141760805,-0.02788737955968038,0.07330666425597733,0.05741403895947471,0.05236135074283974,0.038553373590025426,
coupled_mixed,DOP853,reduced_flux_recovered,2.975,0.22298265709210993,0.19214026913279808,0.12880756155899856,-0.028124302820594502,0.07326770753142674,0.05733786443985733,0.0522027155249645,0.03841235866458835,
coupled_mixed,DOP853,reduced_flux_recovered,3.0,0.22481386055603136,0.19357277138974055,0.12810152538875896,-0.028358063643331773,0.0732285336147387,0.05726244045489703,0.05204493815727947,0.03827193427868421,
coupled_mixed,DOP853,reduced_flux_recovered,3.0250000000000004,0.22664408198611521,0.19500339733546213,0.12738968473809334,-0.02858866112190174,0.07318914529125127,0.05718775806546488,0.05188801063042045,0.0381320981373484,
coupled_mixed,DOP853,reduced_flux_recovered,3.0500000000000003,0.22847331605733123,0.19643216539974884,0.1266721186996603,-0.028816094568130817,0.0731495453772439,0.05711380848940071,0.05173192499778647,0.037992847947615156,
coupled_mixed,DOP853,reduced_flux_recovered,3.075,0.23030155751543618,0.19785909379477523,0.12594890638061212,-0.02904036351047549,0.07310973671927042,0.057040583099614094,0.051576673375088734,0.03785418141854989,
coupled_mixed,DOP853,reduced_flux_recovered,3.1,0.232128801177722,0.19928420051895718,0.1252201268971946,-0.02926146769282566,0.07306972219348526,0.056968073422191595,0.05142224793990435,0.03771609626128267,
coupled_mixed,DOP853,reduced_flux_recovered,3.125,0.23395504193374717,0.2007075033607578,0.12448585936937666,-0.02947940707329862,0.07302950470496244,0.05689627113450996,0.05126864093123491,0.03757859018904295,
coupled_mixed,DOP853,reduced_flux_recovered,3.1500000000000004,0.23578027474605118,0.2021290199024461,0.12374618291550947,-0.029694181823024073,0.07298908718700821,0.05682516806335558,0.051115844649069764,0.03744166091719533,
coupled_mixed,DOP853,reduced_flux_recovered,3.1750000000000003,0.23760449465085184,0.2035487675238089,0.12300117664701603,-0.02990579232492061,0.07294847260046709,0.056754756183050155,0.05096385145395392,0.03730530616327641,
coupled_mixed,DOP853,reduced_flux_recovered,3.2,0.2394276967587253,0.20496676340581568,0.12225091966311114,-0.030114239172464023,0.07290766393302224,0.056685027613582684,0.050812653766560925,0.037169523647032715,
coupled_mixed,DOP853,reduced_flux_recovered,3.225,0.24124987625526825,0.2063830245342372,0.12149549104555257,-0.030319523168447906,0.07286666419848992,0.0566159746187479,0.050662244067270004,0.03703431109045963,
coupled_mixed,DOP853,reduced_flux_recovered,3.25,0.24307102840174236,0.2077975677032173,0.12073496985342395,-0.030521645323736857,0.07282547643610882,0.05654758960429117,0.05051261489574818,0.0368996662178414,
coupled_mixed,DOP853,reduced_flux_recovered,3.2750000000000004,0.24489114853570068,0.20921040951879855,0.1199694351179494,-0.03072060685601278,0.07278410370982441,0.05647986511605999,0.05036375885053681,0.036765586755792064,
coupled_mixed,DOP853,reduced_flux_recovered,3.3000000000000003,0.24671023207159543,0.21062156640240182,0.11919896583734088,-0.03091640918851464,0.07274254910756855,0.05641279383816215,0.05021566858864285,0.03663207043329751,
coupled_mixed,DOP853,reduced_flux_recovered,3.325,0.24852827450136797,0.2120310545942598,0.11842364097167749,-0.031109053948772076,0.07270081574053484,0.05634636859113056,0.05006833682513442,0.036499114981758264,
coupled_mixed,DOP853,reduced_flux_recovered,3.35,0.25034527139502455,0.21343889015680478,0.11764353943780435,-0.03129854296733272,0.07265890674244883,0.05628058233009503,0.04992175633274129,0.03636671813503307,
coupled_mixed,DOP853,reduced_flux_recovered,3.375,0.25216121840118855,0.21484508897801072,0.1168587401042783,-0.03148487827648451,0.07261682526883559,0.05621542814296099,0.04977591994145962,0.03623487762948361,
coupled_mixed,DOP853,reduced_flux_recovered,3.4000000000000004,0.2539761112476362,0.21624966677469004,0.116069321786341,-0.03166806210897269,0.07257457449628342,0.05615089924859515,0.049630820538161126,0.03610359120402,
coupled_mixed,DOP853,reduced_flux_recovered,3.4250000000000003,0.2557899457418139,0.21765263909574498,0.11527536324092334,-0.031848096896712,0.0725321576217042,0.05608698899501846,0.04948645106620681,0.035972856600147055,
coupled_mixed,DOP853,reduced_flux_recovered,3.45,0.25760271777133714,0.21905402132537405,0.11447694316168276,-0.03202498526949449,0.07248957786159083,0.05602369085760622,0.04934280452506507,0.03584267156201142,
coupled_mixed,DOP853,reduced_flux_recovered,3.475,0.25941442330447056,0.22045382868623337,0.1136741401740724,-0.032198730053693066,0.07244683845127205,0.055960998437295566,0.049199873969934055,0.03571303383644937,
coupled_mixed,DOP853,reduced_flux_recovered,3.5,0.2612250583905895,0.2218520762425534,0.11286703283044247,-0.03236933427096135,0.0724039426441648,0.05589890545880044,0.04905765251136868,0.035583941173035455,
coupled_mixed,DOP853,reduced_flux_recovered,3.5250000000000004,0.2630346191606235,0.22324877890321115,0.11205569960517395,-0.03253680113692989,0.07236089371102451,0.055837405768834114,0.04891613331491155,0.03545539132413175,
coupled_mixed,DOP853,reduced_flux_recovered,3.5500000000000003,0.2648431018274795,0.22464395142475793,0.11124021888984519,-0.03270113405989925,0.07231769493919343,0.055776493334339414,0.04877530960072856,0.035327382044937884,
coupled_mixed,DOP853,reduced_flux_recovered,3.575,0.2666505026864483,0.22603760841440315,0.11042066898843134,-0.032862336639530206,0.07227434963184763,0.055716162240726744,0.04863517464324838,0.03519991109354165,
coupled_mixed,DOP853,reduced_flux_recovered,3.6,0.26845681811558997,0.22742976433295406,0.10959712811253741,-0.03302041266553136,0.0722308611072425,0.05565640669012001,0.04849572177080641,0.03507297623097033,
coupled_mixed,DOP853,reduced_flux_recovered,3.625,0.2702620445761015,0.22882043349771175,0.10876967437666477,-0.033175366116344536,0.07218723269795745,0.05559722099961057,0.048356944365292705,0.03494657522124262,
coupled_mixed,DOP853,reduced_flux_recovered,3.6500000000000004,0.2720661786126644,0.23020963008532366,0.10793838579351178,-0.033327201157828244,0.07214346775013988,0.05553859959951937,0.0482188358618042,0.034820705831421106,
coupled_mixed,DOP853,reduced_flux_recovered,3.6750000000000003,0.27386921685377597,0.23159736813459253,0.10710334026930049,-0.0334759221419388,0.07209956962274817,0.05548053703166727,0.048081389748301,0.03469536583166524,
coupled_mixed,DOP853,reduced_flux_recovered,3.7,0.2756711560120607,0.23298366154924235,0.10626461559913776,-0.03362153360541002,0.07205554168679443,0.05542302794765374,0.047944599565266754,0.03457055299528482,
coupled_mixed,DOP853,reduced_flux_recovered,3.725,0.27747199288456065,0.23436852410064155,0.10542228946241776,-0.033764040268432376,0.0720113873245879,0.055366067107144167,0.047808458905373025,0.03444626509879412,
coupled_mixed,DOP853,reduced_flux_recovered,3.75,0.27927172435300907,0.2357519694304832,0.10457643941825032,-0.033903447033330474,0.07196710992897809,0.055309649376165615,0.047672961413147565,0.03432249992196641,
coupled_mixed,DOP853,reduced_flux_recovered,3.7750000000000004,0.28107034738408415,0.237134011053423,0.10372714290092462,-0.03403975898324004,0.07192271290259844,0.055253769725411406,0.047538100784646785,0.034199255247888874,
coupled_mixed,DOP853,reduced_flux_recovered,3.8000000000000003,0.2828678590296444,0.23851466235967467,0.10287447721540569,-0.03417298138078429,0.07187819965711081,0.05519842322855457,0.04740387076713185,0.03407652886301801,
coupled_mixed,DOP853,reduced_flux_recovered,3.825,0.2846642564269447,0.2398939366175636,0.10201851953286328,-0.03430311966674993,0.07183357361245082,0.055143605060570165,0.04727026515874893,0.03395431855723544,
coupled_mixed,DOP853,reduced_flux_recovered,3.85,0.28645953679883396,0.24127184697603843,0.10115934688623408,-0.03443017945876307,0.07178883819607446,0.05508931049606679,0.04713727780821311,0.033832622123903956,
coupled_mixed,DOP853,reduced_flux_recovered,3.875,0.2882536974539338,0.24264840646714098,0.10029703616581677,-0.03455416654996517,0.07174399684220593,0.05503553490762723,0.04700490261449626,0.033711437359924074,
coupled_mixed,DOP853,reduced_flux_recovered,3.9000000000000004,0.2900467357867983,0.24402362800843522,0.09943166411490055,-0.034675086907689424,0.07169905299108745,0.05498227376415845,0.0468731335265185,0.03359076206579079,
coupled_mixed,DOP853,reduced_flux_recovered,3.9250000000000003,0.29183864927805514,0.24539752440539458,0.0985633073254272,-0.03479294667213755,0.07165401008823052,0.054929522629251035,0.04674196454284353,0.03347059404565069,
coupled_mixed,DOP853,reduced_flux_recovered,3.95,0.2936294354945279,0.24677010835374896,0.09769204223368676,-0.0349077521550575,0.07160887158366977,0.054877277159548155,0.04661138971137751,0.03335093110735926,
coupled_mixed,DOP853,reduced_flux_recovered,3.975,0.29541909208933936,0.2481413924417907,0.09681794511604715,-0.03501950983842202,0.07156364093121877,0.05482553310312425,0.046481403129071695,0.033231771062538586,
coupled_mixed,DOP853,reduced_flux_recovered,4.0,0.2972076168019967,0.24951138915264023,0.09594109208471517,-0.03512822637310819,0.07151832158772849,0.05477428629787349,0.04635199894162858,0.03311311172663508,
coupled_mixed,DOP853,wrong_model,0.0,0.0,0.0,0.15,0.02,0.07594034703141797,0.07594034703141797,0.08,0.06,0.0
coupled_mixed,DOP853,wrong_model,0.025,0.0018984450676546808,0.001894884338392126,0.15049284180694053,0.019427660550422922,0.07593521399679073,0.07565099174044349,0.07966148241938545,0.059772618536267696,-7.0950120790092e-07
coupled_mixed,DOP853,wrong_model,0.05,0.003796758474707294,0.0037825789827665075,0.15097139892287428,0.01885722854048734,0.07592981394570852,0.07536516395679549,0.07932543797235213,0.059546114457788714,-1.3960523612936442e-06
coupled_mixed,DOP853,wrong_model,0.07500000000000001,0.005694933527860602,0.005663171556551723,0.15143571932002176,0.01828872685449363,0.07592414544457712,0.07508281862930605,0.07899184507421927,0.05932048511481277,-2.0598969592078878e-06
coupled_mixed,DOP853,wrong_model,0.1,0.007592963497781981,0.007536748563561798,0.15188585154163844,0.017722178290210694,0.07591820704451341,0.07480391123893641,0.07866068232238886,0.0590957278635525,-2.7012754317008484e-06
coupled_mixed,DOP853,wrong_model,0.125,0.009490841618748448,0.009403395401215809,0.15232184469979695,0.017157605554524842,0.0759119972835279,0.07452839779209254,0.07833192849482133,0.05887184006620515,-3.3204251672889042e-06
coupled_mixed,DOP853,wrong_model,0.15000000000000002,0.01138856108834567,0.011263196373594207,0.15274374847306144,0.016595031259160162,0.07590551468867295,0.07425623481408689,0.07800556254852015,0.0586488190909673,-3.91758054087577e-06
coupled_mixed,DOP853,wrong_model,0.17500000000000002,0.013286115067220524,0.013116234704331351,0.1531516131040558,0.016034477916469277,0.0758987577781561,0.07398737934274267,0.07768156361802495,0.058426662312043035,-4.492972942158025e-06
coupled_mixed,DOP853,wrong_model,0.2,0.015183496678886212,0.014962592549348477,0.15354548939692741,0.015475967935294448,0.07589172506341871,0.07372178892213688,0.07735991101391351,0.05820536710964547,-5.0468308044891455e-06
coupled_mixed,DOP853,wrong_model,0.225,0.017080699009578926,0.016802351009431494,0.15392542871470832,0.014919523616899123,0.07588441505117961,0.07345942159647764,0.0770405842213125,0.05798493086999232,-5.5793796341832496e-06
coupled_mixed,DOP853,wrong_model,0.25,0.018977715108165046,0.018635590142657907,0.15429148297657555,0.014365167150969898,0.0758768262454437,0.07320023590411247,0.07672356289841724,0.057765350985295505,-6.090842040239762e-06
coupled_mixed,DOP853,wrong_model,0.275,0.020874537986097993,0.02046238897667723,0.15464370465501248,0.013812920611688935,0.07586895714947536,0.07294419087166282,0.0764088268750204,0.0575466248537453,-6.581437764470206e-06
coupled_mixed,DOP853,wrong_model,0.30000000000000004,0.022771160617423528,0.022282825520849227,0.15498214677287306,0.013262805953876897,0.07586080626773653,0.07269124600828147,0.07609635615104994,0.0573287498794891,-7.051383712008343e-06
coupled_mixed,DOP853,wrong_model,0.325,0.024667575938832807,0.02409697677824428,0.15530686290035065,0.012714845009206341,0.07585237210778936,0.07244136130002839,0.07578613089511606,0.05711172347260532,-7.500893982184852e-06
coupled_mixed,DOP853,wrong_model,0.35000000000000003,0.026563776849764457,0.025904918757487277,0.15561790715185217,0.01216905948248044,0.07584365318216342,0.07219449720436635,0.0754781314430672,0.05689554304907187,-7.930179899751319e-06
coupled_mixed,DOP853,wrong_model,0.375,0.028459756212552353,0.027706726484467828,0.1559153341827804,0.011625470947981855,0.07583464801018748,0.0719506146447699,0.07517233829655509,0.05668020603073003,-8.339450046434189e-06
coupled_mixed,DOP853,wrong_model,0.4,0.03035550685261729,0.02950247401393486,0.15619919918622627,0.01108410084589424,0.0758253551197854,0.07170967500543872,0.07486873212160962,0.05646570984524453,-8.728910292792687e-06
coupled_mixed,DOP853,wrong_model,0.42500000000000004,0.032251021558704074,0.03129223444094642,0.15646955788957223,0.010544970478789724,0.07581577304923665,0.07147164012612142,0.07456729374722265,0.056252051926059005,-9.098763830376433e-06
coupled_mixed,DOP853,wrong_model,0.45,0.034146293083161555,0.03307607991219726,0.1567264665510093,0.010008101008186237,0.07580590034890099,0.07123647229704114,0.07426800416394139,0.05603922971234773,-9.449211204157889e-06
coupled_mixed,DOP853,wrong_model,0.47500000000000003,0.03604131414226582,0.034854081637218724,0.15696998195596817,0.009473513451172469,0.0757957355829075,0.07100413425392157,0.07397084452247105,0.055827240648963564,-9.780450345222098e-06
coupled_mixed,DOP853,wrong_model,0.5,0.03793607741658536,0.036626309899454035,0.15720016141346715,0.008941228677100479,0.07578527733080774,0.0707745891731106,0.07367579613228697,0.05561608218638222,-1.0092676603697041e-05
coupled_mixed,DOP853,wrong_model,0.525,0.03983057555138737,0.03839283406721227,0.15741706275237757,0.008411267404345921,0.07577452418919313,0.07054780066679817,0.07338284046025625,0.05540575178064332,-1.0386082781908065e-05
coupled_mixed,DOP853,wrong_model,0.55,0.04172480115708391,0.040153722604503825,0.15762074431760953,0.007883650197135907,0.07576347477327673,0.07032373277832608,0.07309195912926877,0.05519624689328823,-1.0660859167739694e-05
coupled_mixed,DOP853,wrong_model,0.5750000000000001,0.04361874680971693,0.0419090430817607,0.15781126496621908,0.007358397462444516,0.07575212771843916,0.07010234997758631,0.07280313391687802,0.054987564991295125,-1.0917193568188261e-05
coupled_mixed,DOP853,wrong_model,0.6000000000000001,0.045512405051481214,0.043658862186444714,0.15798868406343897,0.006835529446955918,0.0757404816817389,0.06988361715650501,0.0725163467539513,0.054779703547011324,-1.1155271343088705e-05
coupled_mixed,DOP853,wrong_model,0.625,0.047405768391283895,0.04540324573354651,0.1581530614786347,0.0063150662340951515,0.07572853534338694,0.06966749962460955,0.07223157972332987,0.05457266003808327,-1.1375275438998919e-05
coupled_mixed,DOP853,wrong_model,0.65,0.04929882930533988,0.04714225867597878,0.15830445758118758,0.005797027741126511,0.07571628740818569,0.06945396310467533,0.07194881505849861,0.054366431947384344,-1.1577386423225064e-05
coupled_mixed,DOP853,wrong_model,0.675,0.051191580237804395,0.04887596511485379,0.15844293323630507,0.0052814337163156165,0.07570373660693223,0.06924297372845244,0.07166803514226526,0.05416101676294018,-1.1761782517972904e-05
coupled_mixed,DOP853,wrong_model,0.7000000000000001,0.05308401360144639,0.05060442830962403,0.1585685498007569,0.0047683037361480685,0.07569088169778591,0.06903449803247584,0.07138922250544845,0.05395641197785051,-1.1928639634615458e-05
coupled_mixed,DOP853,wrong_model,0.7250000000000001,0.05497612177834328,0.05232771068817936,0.15868136911855046,0.0042576572026325095,0.07567772146760095,0.06882850295393567,0.07111235982557705,0.05375261509021197,-1.207813140804389e-05
coupled_mixed,DOP853,wrong_model,0.75,0.05686789712061631,0.05404587385680485,0.15878145351653444,0.003749513340657403,0.07566425473322319,0.06862495582662699,0.07083742992559836,0.05354962360303757,-1.2210429231104805e-05
coupled_mixed,DOP853,wrong_model,0.775,0.05875933195119567,0.05575897861004714,0.1588688657999391,0.003243891195415798,0.07565048034275199,0.06842382437696701,0.07056441577259609,0.05334743502417508,-1.2325702289103648e-05
coupled_mixed,DOP853,wrong_model,0.8,0.06065041856461696,0.05746708494048154,0.15894366924785264,0.0027408096298945244,0.07563639717676662,0.06822507672007933,0.07029330047651818,0.053146046866224074,-1.2424117594356248e-05
coupled_mixed,DOP853,wrong_model,0.8250000000000001,0.06254114922784842,0.05917025204838104,0.159005927608635,0.002240287322427274,0.07562200414951774,0.06802868135594298,0.07002406728891425,0.05294545664645171,-1.2505840020774897e-05
coupled_mixed,DOP853,wrong_model,0.8500000000000001,0.0644315161811476,0.06086853835128922,0.15905570509527142,0.0017423427643114666,0.0756073002100837,0.06783460716560458,0.06975669960168288,0.05274566188670738,-1.257103233847535e-05
coupled_mixed,DOP853,wrong_model,0.875,0.06632151163894662,0.06256200149349891,0.15909306638066695,0.0012469942574887373,0.07559228434349222,0.06764282340745127,0.06949118094582851,0.05254666011333653,-1.2619855248391114e-05
coupled_mixed,DOP853,wrong_model,0.9,0.0682111277907648,0.06425069835543913,0.15911807659288388,0.0007542599122888983,0.07557695557180723,0.06745329971354255,0.06922749499022823,0.05234844885709368,-1.2652467416881396e-05
coupled_mixed,DOP853,wrong_model,0.925,0.07010035680214767,0.06593468506297157,0.15913080131032406,0.0002641576452372561,0.07556131295518144,0.06726600608599884,0.06896562554040833,0.05215102565305499,-1.2669025510319084e-05
coupled_mixed,DOP853,wrong_model,0.9500000000000001,0.07198919081563124,0.0676140169965996,0.1591313065568578,-0.0002232948230749118,0.07554535559287429,0.06708091289344484,0.06870555653733058,0.05195438804053029,-1.2669684229645126e-05
coupled_mixed,DOP853,wrong_model,0.9750000000000001,0.07387762195173056,0.06928874880059097,0.15911965879690074,-0.0007080799700568052,0.07552908262423598,0.06689799086750564,0.06844727205618853,0.05175853356297509,-1.2654596344875695e-05
coupled_mixed,DOP853,wrong_model,1.0,0.07576564230995221,0.07095893439201473,0.15909592493044042,-0.001190180473122564,0.07551249322965724,0.06671721109935379,0.0681907563052134,0.05156345976790226,-1.2623912729548487e-05
coupled_mixed,DOP853,wrong_model,1.0250000000000001,0.07765324396983939,0.07262462696966698,0.15906017228800468,-0.0016695792116448865,0.07549558663148458,0.06653854503631215,0.06793599362448885,0.05136916420679198,-1.2577782395098109e-05
coupled_mixed,DOP853,wrong_model,1.05,0.07954041899202756,0.07428587902294334,0.159012468625593,-0.0021462592688345486,0.07547836209490293,0.06636196447849836,0.06768296848477671,0.05117564443500375,-1.2516352525146358e-05
coupled_mixed,DOP853,wrong_model,1.075,0.081427159419326,0.07594274234061925,0.15895288211955771,-0.002620203933563571,0.07546081892878423,0.06618744157551724,0.06743166548635207,0.05098289801168786,-1.2439768509692296e-05
coupled_mixed,DOP853,wrong_model,1.1,0.08331345727782026,0.07759526801954493,0.15888148136144006,-0.00309139670212936,0.07544295648650295,0.06601494882319955,0.06718206935784783,0.050790922499696974,-1.2348173979199046e-05
coupled_mixed,DOP853,wrong_model,1.125,0.08519930457799416,0.0792435064732614,0.15879833535276394,-0.003559821279958525,0.07542477416671851,0.06584445906038362,0.06693416495510927,0.05059971546549814,-1.2241710838558463e-05
coupled_mixed,DOP853,wrong_model,1.1500000000000001,0.08708469331587149,0.08088750744053584,0.15870351349978684,-0.004025461583252054,0.07540627141412472,0.0656759454657391,0.06668793726005806,0.05040927447908508,-1.212051930092258e-05
coupled_mixed,DOP853,wrong_model,1.175,0.0889696154741762,0.08252731999381757,0.15859708560821,-0.00448830174057206,0.07538744772016663,0.06550938155463137,0.06644337137956605,0.05021959711389112,-1.1984737921391613e-05
coupled_mixed,DOP853,wrong_model,1.2000000000000002,0.09085406302351043,0.0841629925476159,0.15847912187784968,-0.004948326094370544,0.075368302623725,0.06534474117602539,0.06620045254433862,0.05003068094670254,-1.183450363054816e-05
coupled_mixed,DOP853,wrong_model,1.225,0.09273802792354878,0.08579457286680109,0.15834969289727088,-0.005405519202460331,0.07534883571176858,0.06518199850942737,0.06595916610780776,0.04984252355757271,-1.1669951767827373e-05
coupled_mixed,DOP853,wrong_model,1.25,0.09462150212424851,0.08742210807482999,0.1582088696383855,-0.00585986583942867,0.07532904661997458,0.065021128061863,0.06571949754503476,0.04965512252973715,-1.149121611471278e-05
coupled_mixed,DOP853,wrong_model,1.2750000000000001,0.09650447756707416,0.08904564466189735,0.15805672345101662,-0.006311350997993645,0.07530893503331766,0.0648621046648909,0.06548143245162241,0.0494684754495294,-1.129842892774748e-05
coupled_mixed,DOP853,wrong_model,1.3,0.0983869461862356,0.09066522849301423,0.1578933260574302,-0.006759959890303802,0.07528850068662742,0.06470490347164967,0.06524495654263705,0.049282579906298085,-1.1091720971350429e-05
coupled_mixed,DOP853,wrong_model,1.3250000000000002,0.10026889990993891,0.09228090481601485,0.15771874954683662,-0.007205677949181347,0.07526774336511496,0.06454949995393751,0.06501005565154006,0.049097433492325156,-1.0871221550427516e-05
coupled_mixed,DOP853,wrong_model,1.35,0.1021503306616565,0.09389271826947995,0.15753306636985331,-0.007648490829316123,0.07524666290486799,0.06439586989932572,0.06477671572912841,0.04891303380274416,-1.0637058542765589e-05
coupled_mixed,DOP853,wrong_model,1.375,0.10403123036140713,0.0955007128905914,0.1573363493329416,-0.008088384408403267,0.07522525919331545,0.06424398940830296,0.06454492284248499,0.04872937843546,-1.0389358431207666e-05
coupled_mixed,DOP853,wrong_model,1.4000000000000001,0.1059115909270402,0.09710493212292781,0.15712867159282304,-0.008525344788220509,0.07520353216966275,0.06409383489144542,0.06431466317393873,0.0485464649910711,-1.012824633559224e-05
coupled_mixed,DOP853,wrong_model,1.425,0.10779140427553681,0.0987054188241789,0.15691010665086258,-0.008959358295657926,0.07518148182529633,0.06394538306661865,0.06408592302003392,0.04836429107279183,-9.85384604445498e-06
coupled_mixed,DOP853,wrong_model,1.4500000000000002,0.10967066232431859,0.10030221527379367,0.15668072834742952,-0.009390411483693024,0.07515910820415873,0.0637986109562059,0.06385868879050881,0.048182854286376656,-9.566280046481962e-06
coupled_mixed,DOP853,wrong_model,1.475,0.1115493569925657,0.10189536318055903,0.15644061085623368,-0.009818491132313895,0.07513641140309435,0.06365349588436309,0.06363294700728378,0.04800215224004563,-9.265669561703862e-06
coupled_mixed,DOP853,wrong_model,1.5,0.11342748020254384,0.10348490369010985,0.15618982867863873,-0.010243584249391018,0.07511339157216593,0.06351001547429937,0.06340868430345878,0.04782218254441133,-8.95213457242416e-06
coupled_mixed,DOP853,wrong_model,1.5250000000000001,0.11530502388093881,0.10507087739237111,0.15592845663795413,-0.01066567807149807,0.0750900489149424,0.0633681476455824,0.06318588742232002,0.0476429428124073,-8.625793853874474e-06
coupled_mixed,DOP853,wrong_model,1.55,0.11718197996019777,0.10665332432893301,0.15565656987370716,-0.011084760064682238,0.07506638368875823,0.0632278706114675,0.06296454321635601,0.04746443065921807,-8.286765004590076e-06
coupled_mixed,DOP853,wrong_model,1.5750000000000002,0.11905834037987667,0.1082322840003598,0.1553742438358967,-0.011500817925184561,0.07504239620494471,0.06308916287624954,0.06274463864628282,0.04728664370221083,-7.935164476498647e-06
coupled_mixed,DOP853,wrong_model,1.6,0.12093409708799235,0.10980779537343305,0.1550815542792304,-0.011913839580110617,0.07501808682903362,0.0629520032326372,0.06252616078007862,0.047109579560868885,-7.571107604715436e-06
coupled_mixed,DOP853,wrong_model,1.625,0.12280924204237886,0.1113798968883305,0.15477857725734653,-0.012323813188052193,0.07499345598093347,0.06281637075914798,0.062309096792027334,0.046933235856726915,-7.1947086370377775e-06
coupled_mixed,DOP853,wrong_model,1.6500000000000001,0.12468376721204685,0.11294862646574082,0.15446538911702248,-0.012730727139660242,0.07496850413507875,0.06268224481752369,0.06209343396177158,0.04675761021330805,-6.806080763132169e-06
coupled_mixed,DOP853,wrong_model,1.675,0.12655766457854845,0.11451402151391211,0.1541420664923663,-0.013134570058171912,0.07494323182055211,0.06254960505016595,0.061879159673374554,0.04658270025606259,-6.405336143405091e-06
coupled_mixed,DOP853,wrong_model,1.7000000000000002,0.12843092613735257,0.11607611893562877,0.1538086862989847,-0.01353533079989625,0.07491763962117921,0.062418431377593085,0.06166626141439056,0.04640850361230734,-5.992585937552361e-06
coupled_mixed,DOP853,wrong_model,1.725,0.13030354389920706,0.11763495513514001,0.15346532572816135,-0.01393299845464307,0.07489172817559944,0.06228870399591153,0.061454726774945435,0.04623501791116896,-5.567940332789483e-06
coupled_mixed,DOP853,wrong_model,1.75,0.13217550989151153,0.11919056602501638,0.1531120622410113,-0.014327562346112963,0.07486549817730971,0.062160403374307165,0.06124454344682538,0.04606224078352797,-5.131508571746119e-06
coupled_mixed,DOP853,wrong_model,1.7750000000000001,0.1340468161596888,0.12074298703294571,0.15274897356263029,-0.014719012032240894,0.07483895037468315,0.06203351025255356,0.061035699222574874,0.04589016986196489,-4.6833989800286424e-06
coupled_mixed,DOP853,wrong_model,1.8,0.13591745476855632,0.12229225310846704,0.1523761376762355,-0.015107337305495782,0.07481208557096296,0.06190800563853653,0.06082818199460349,0.04571880278070837,-4.223718993439657e-06
coupled_mixed,DOP853,wrong_model,1.8250000000000002,0.13778741780369796,0.12383839872964252,0.15199363281729855,-0.01549252819313681,0.07478490462423129,0.061783870805794686,0.06062197975430153,0.045548137175585195,-3.7525751848503813e-06
coupled_mixed,DOP853,wrong_model,1.85,0.13965669737283454,0.12538145790966787,0.15160153746767233,-0.01587457495742698,0.07475740844735408,0.0616610872910754,0.060417080591164525,0.045378170683972256,-3.2700732907222037e-06
coupled_mixed,DOP853,wrong_model,1.875,0.1415252856071931,0.1269214642034221,0.15119993034971282,-0.016253468095804545,0.07472959800790173,0.06153963689190563,0.060213472691926444,0.04520890094475048,-2.77631823727348e-06
coupled_mixed,DOP853,wrong_model,1.9000000000000001,0.14339317466287352,0.12845845071395648,0.1507888904203978,-0.016629198341012816,0.0747014743280465,0.061419501664177055,0.06001114433970166,0.04504032559826088,-2.2714141662878827e-06
coupled_mixed,DOP853,wrong_model,1.925,0.14526035672221177,0.12999245009892368,0.15036849686544296,-0.017001756661188944,0.07467303848443661,0.06130066391974513,0.059810083913135616,0.04487244228626252,-1.7554644605604629e-06
coupled_mixed,DOP853,wrong_model,1.9500000000000002,0.14712682399513954,0.13152349457694745,0.1499388290934176,-0.017371134259912248,0.07464429160804785,0.061183106224041287,0.05961027988556416,0.044705248651892786,-1.2285717689775832e-06
coupled_mixed,DOP853,wrong_model,1.975,0.14899256872053865,0.133051615933933,0.149499966729861,-0.017737322576212605,0.07461523488401266,0.061066811393697955,0.05941172082418142,0.044538742339629664,-6.90838031227025e-07
coupled_mixed,DOP853,wrong_model,2.0,0.1508575831675909,0.13457684552931884,0.14905198961139945,-0.018100313284539937,0.0745858695514274,0.06095176249418591,0.059214395389216336,0.04437292099525621,-1.4236450213360239e-07
coupled_mixed,DOP853,wrong_model,2.025,0.15272185963713206,0.13609921430226382,0.14859497777984884,-0.018460098294700408,0.07455619690313649,0.06083794283746513,0.05901829233311734,0.04420778226582581,4.1674822438938135e-07
coupled_mixed,DOP853,wrong_model,2.0500000000000003,0.15458539046298844,0.13761875277778246,0.14812901147633895,-0.01881666975174907,0.07452621828549702,0.060725335979645904,0.05882340049974588,0.04404332379963109,9.86400191756712e-07
coupled_mixed,DOP853,wrong_model,2.075,0.1564481680133111,0.1391354910728199,0.14765417113543453,-0.01917002003584749,0.074495935098122,0.060613925718661296,0.05862970882357825,0.04387954324617435,1.5664920575165347e-06
coupled_mixed,DOP853,wrong_model,2.1,0.15831018469190428,0.14064945890226835,0.14717053737925936,-0.019520141762085927,0.07446534879360284,0.060503696091951144,0.0584372063289157,0.043716438256140015,2.156925070537037e-06
coupled_mixed,DOP853,wrong_model,2.125,0.16017143293954575,0.14216068558492598,0.14667819101162644,-0.01986702778026964,0.07443446087721207,0.06039463137415648,0.0582458821291029,0.04355400648136919,2.757601048580574e-06
coupled_mixed,DOP853,wrong_model,2.15,0.16203190523529987,0.1436692000493982,0.14617721301217296,-0.02021067117467069,0.074403272906586,0.06028671607482422,0.058055725425754684,0.04339224557483632,3.368422356268237e-06
coupled_mixed,DOP853,wrong_model,2.1750000000000003,0.16389159409782297,0.1451750308399416,0.1456676845305015,-0.020551065263745727,0.07437178649138812,0.06017993493612192,0.057866725507990956,0.04323115319062784,3.98929188343595e-06
coupled_mixed,DOP853,wrong_model,2.2,0.16575049208665985,0.14667820612225088,0.1451496868803286,-0.020888203599820424,0.07434000329295358,0.060074272930562306,0.05767887175167981,0.04307072698392286,4.620113023883145e-06
coupled_mixed,DOP853,wrong_model,2.225,0.16760859180353138,0.14817875368918915,0.14462330153364156,-0.021222079968741182,0.07430792502391498,0.059969715258737254,0.057492153618688736,0.04291096461097596,5.260789654515354e-06
coupled_mixed,DOP853,wrong_model,2.25,0.16946588589361214,0.14967670096646146,0.1440886101148652,-0.021552688389494663,0.0742755534478101,0.05986624734706102,0.0573065606561439,0.04275186372910204,5.9112261148815766e-06
coupled_mixed,DOP853,wrong_model,2.275,0.17132236704679737,0.15117207501823257,0.1435456943950391,-0.021880023113795784,0.07424289037867199,0.05976385484552247,0.05712208249569745,0.04259342199666324,6.571327187107751e-06
coupled_mixed,DOP853,wrong_model,2.3000000000000003,0.1731780279989592,0.15266490255268853,0.14299463628600703,-0.022204078625644802,0.07420993768060168,0.05966252362544586,0.05693870885280277,0.042435637073058016,7.240998076227402e-06
coupled_mixed,DOP853,wrong_model,2.325,0.17503286153319064,0.1541552099275427,0.14243551783461955,-0.022524849640854057,0.07417669726732398,0.05956223977726018,0.05675642952599767,0.04227850661871233,7.920144390910534e-06
coupled_mixed,DOP853,wrong_model,2.35,0.17688686048104435,0.15564302315548473,0.14186842121693757,-0.022842331106547528,0.07414317110172589,0.05946298960827729,0.0565752343961954,0.04212202829507212,8.608672124598595e-06
coupled_mixed,DOP853,wrong_model,2.375,0.17874001772375742,0.15712836790957407,0.1412934287324527,-0.023156518200631002,0.07410936119537888,0.0593647596404783,0.05639511342598343,0.04196619976459808,9.306487637034526e-06
coupled_mixed,DOP853,wrong_model,2.4000000000000004,0.1805923261934585,0.1586112695285805,0.14071062279833227,-0.023467406331231865,0.07407526960804645,0.059267536608307164,0.05621605665893019,0.041811018690763015,1.0013497636190416e-05
coupled_mixed,DOP853,wrong_model,2.4250000000000003,0.18244377887436747,0.16009175302226772,0.14012008594366834,-0.02377499113611367,0.07404089844717526,0.05917130745647285,0.056038054218899264,0.04165648273805057,1.0729609160598014e-05
coupled_mixed,DOP853,wrong_model,2.45,0.18429436880398078,0.16156984307662275,0.13952190080374555,-0.024079268482063376,0.07400624986737156,0.05907605933775904,0.05586109630937142,0.041502589571956065,1.1454729562077623e-05
coupled_mixed,DOP853,wrong_model,2.475,0.1861440890742436,0.16304556405903045,0.13891615011432348,-0.024380234464252602,0.07397132606986276,0.05898177961084145,0.05568517321277416,0.041349336858989304,1.2188766488868379e-05
coupled_mixed,DOP853,wrong_model,2.5,0.18799293283270857,0.16451894002339357,0.13830291670593486,-0.024677885405573585,0.0739361293019448,0.05888845583811261,0.05551027528981881,0.041196722266679135,1.2931627869159105e-05
coupled_mixed,DOP853,wrong_model,2.5250000000000004,0.1898408932836809,0.16598999471519854,0.13768228349820047,-0.024972217855950364,0.07390066185641544,0.05879607578351408,0.055336392978845204,0.041044743463579995,1.3683221895018667e-05
coupled_mixed,DOP853,wrong_model,2.5500000000000003,0.19168796368934887,0.16745875157652704,0.13705433349416132,-0.02526322859162581,0.0738649260709941,0.05870462741037594,0.055163516795173714,0.040893398119280264,1.4443457006724792e-05
coupled_mixed,DOP853,wrong_model,2.575,0.19353413737089975,0.16892523375101387,0.1364191497746298,-0.02555091461442516,0.07382892432772854,0.05861409887926348,0.05499163733046471,0.040742683904412484,1.521224187749054e-05
coupled_mixed,DOP853,wrong_model,2.6,0.19537940770962023,0.17038946408875102,0.13577681549255977,-0.025835273150996554,0.07379265905238887,0.058524478545831114,0.054820745252085364,0.04059259849066545,1.598948539858716e-05
coupled_mixed,DOP853,wrong_model,2.625,0.197223768147981,0.17185146515113814,0.13512741386743748,-0.026116301652029196,0.07375613271384919,0.05843575495868322,0.05465083130248371,0.04044313955079812,1.677509666486255e-05
coupled_mixed,DOP853,wrong_model,2.6500000000000004,0.19906721219070525,0.17331125921567994,0.1344710281796936,-0.026393997791449828,0.07371934782345747,0.058347916857241985,0.054481886298569954,0.0402943047586554,1.7568984960654242e-05
coupled_mixed,DOP853,wrong_model,2.6750000000000003,0.20090973340582235,0.17476886828073,0.13380774176513233,-0.026668359465598514,0.0736823069343933,0.058260953169622244,0.05431390113110496,0.04014609178918549,1.8371059746098843e-05
coupled_mixed,DOP853,wrong_model,2.7,0.2027513254257113,0.17622431407018074,0.1331376380093691,-0.026939384792385383,0.0736450126410136,0.05817485301051373,0.05414686676409591,0.039998498318458454,1.918123064383983e-05
coupled_mixed,DOP853,wrong_model,2.725,0.20459198194811656,0.17767761803810225,0.13246080034231378,-0.027207072110424863,0.07360746757818919,0.05808960567906948,0.05398077423419896,0.03985152202368749,1.9999407426113368e-05
coupled_mixed,DOP853,wrong_model,2.75,0.20643169673715386,0.17912880137332726,0.13177731223266098,-0.02747141997815234,0.07356967442062985,0.058005200656801564,0.05381561465012896,0.03970516058325128,2.0825500002231883e-05
coupled_mixed,DOP853,wrong_model,2.7750000000000004,0.20827046362429735,0.180577885003984,0.1310872571824064,-0.02773242717292189,0.07353163588219928,0.057921627605483667,0.05365137919207608,0.039559411676718115,2.165941840645166e-05
coupled_mixed,DOP853,wrong_model,2.8000000000000003,0.2101082765093497,0.18202488960197655,0.13039071872138586,-0.027990092690085937,0.07349335471522042,0.05783887636506047,0.053488059111129416,0.039414272984871636,2.250107278622716e-05
coupled_mixed,DOP853,wrong_model,2.825,0.21194512936139495,0.18346983558741298,0.12968778040183654,-0.028244415742057594,0.07345483370977121,0.05775693695156398,0.05332564572870736,0.039269742189738076,2.3350373390850054e-05
coupled_mixed,DOP853,wrong_model,2.85,0.2137810162197335,0.1849127431329817,0.12897852579298197,-0.02849539575735607,0.0734160756929713,0.057675799555036725,0.053164130435994904,0.039125816974615146,2.420723056047013e-05
coupled_mixed,DOP853,wrong_model,2.875,0.21561593119479958,0.18635363216827566,0.12826303847564063,-0.028743032379635762,0.0733770835282599,0.05759545453746185,0.053003504693387535,0.03898249502410239,2.5071554715495737e-05
coupled_mixed,DOP853,wrong_model,2.9000000000000004,0.21744986846906034,0.18779252238406516,0.12754140203685949,-0.028987325466699562,0.07333786011466549,0.05751589243070024,0.052843760029941976,0.038839774024133016,2.5943256346371168e-05
coupled_mixed,DOP853,wrong_model,2.9250000000000003,0.21928282229789603,0.18922943323651895,0.12681370006457302,-0.0292282750894969,0.07329840838606738,0.05743710393443452,0.05268488804283343,0.03869765166200729,2.682224600372828e-05
coupled_mixed,DOP853,wrong_model,2.95,0.22111478701046197,0.1906643839513744,0.12608001614228814,-0.029465881531107102,0.0732587313104498,0.05735907991412012,0.05252688039681943,0.03855612562642734,2.7708434288910145e-05
coupled_mixed,DOP853,wrong_model,2.975,0.22294575701053054,0.19209739352805608,0.12534043384379634,-0.029700145285708537,0.0732188318891487,0.057281811398943346,0.0523697288237102,0.03841519360753344,2.860173184486375e-05
coupled_mixed,DOP853,wrong_model,3.0,0.22477572677731464,0.1935284807437439,0.1245950367279118,-0.0299310670575342,0.07317871315609169,0.057205289579786496,0.052213425121845486,0.03827485329694166,2.9502049347400308e-05
coupled_mixed,DOP853,wrong_model,3.0250000000000004,0.22660469086627716,0.19495766415738972,0.1238439083332219,-0.030158647759814736,0.07313837817703019,0.057129505807200366,0.05205796115557797,0.03813510238778242,3.0409297496828943e-05
coupled_mixed,DOP853,wrong_model,3.0500000000000003,0.22843264390991447,0.19638496211368384,0.12308713217288174,-0.030382888513708108,0.07309783004876666,0.05705445158938379,0.051903328854762815,0.037995938574740894,3.132338700994036e-05
coupled_mixed,DOP853,wrong_model,3.075,0.23025958061852292,0.19781039274697126,0.12232479172943019,-0.030603790647217407,0.07305707189837557,0.056980118590170395,0.05174952021425364,0.03785735955409856,3.224422861235417e-05
coupled_mixed,DOP853,wrong_model,3.1,0.2320854957809458,0.19923397398511739,0.12155697044963197,-0.03082135569409716,0.0730161068824184,0.05690649862702282,0.051596527293404616,0.03771936302377594,3.317173303122119e-05
coupled_mixed,DOP853,wrong_model,3.125,0.23391038426530078,0.20065572355332373,0.12078375173934824,-0.03103558539274847,0.07297493818615372,0.05683358366903434,0.051444342215578864,0.03758194668337659,3.4105810988278566e-05
coupled_mixed,DOP853,wrong_model,3.1500000000000004,0.2357342410196871,0.2020756589778938,0.12000521895843425,-0.031246481685103574,0.07293356902274209,0.05676136583493795,0.05129295716766297,0.03744510823423227,3.504637319325533e-05
coupled_mixed,DOP853,wrong_model,3.1750000000000003,0.23755706107287344,0.20349379758994918,0.11922145541566462,-0.03145404671550019,0.07289200263244629,0.05668983739112301,0.051142364399587546,0.03730884537944922,3.5993330337624855e-05
coupled_mixed,DOP853,wrong_model,3.2,0.2393788395349656,0.20491015652909636,0.11843254436368678,-0.03165828282954622,0.07285024228182735,0.056618990749659565,0.050992556223853874,0.03717315582395561,3.694659308870077e-05
coupled_mixed,DOP853,wrong_model,3.225,0.2411995715980541,0.206324752747044,0.117638568994003,-0.03185919257297508,0.07280829126293645,0.05654881846633044,0.0508435250150665,0.037038037274550024,3.790607208407257e-05
coupled_mixed,DOP853,wrong_model,3.25,0.24301925253684112,0.2077376030111714,0.11683961243198161,-0.03205677869049231,0.07276615289250314,0.05647931323867113,0.05069526320947167,0.036903487439951047,3.887167792637741e-05
coupled_mixed,DOP853,wrong_model,3.2750000000000004,0.24483787770924728,0.2091487239080477,0.11603575773189781,-0.032251044124613784,0.07272383051112044,0.056410467904017596,0.05054776330450169,0.03676950403084788,3.984332117840463e-05
coupled_mixed,DOP853,wrong_model,3.3000000000000003,0.24665544255699745,0.21055813184690278,0.11522708787200475,-0.032441992014495956,0.07268132748242663,0.056342275437562164,0.05040101785832504,0.03663608475995201,4.082091235852915e-05
coupled_mixed,DOP853,wrong_model,3.325,0.24847194260618558,0.21196584306304941,0.1144136857496351,-0.0326296256947587,0.07263864719228467,0.056274728950417394,0.05025501948940214,0.036503227342049756,4.18043619364706e-05
coupled_mixed,DOP853,wrong_model,3.35,0.2502873734678219,0.21337187362125706,0.11359563417632373,-0.03281394869430084,0.07259579304795832,0.05620782168768834,0.05010976087604707,0.03637092949405567,4.2793580329381096e-05
coupled_mixed,DOP853,wrong_model,3.375,0.2521017308383585,0.21477623941907767,0.11277301587296272,-0.03299496473510894,0.07255276847728641,0.056141547026553135,0.04996523475599483,0.036239188935066814,4.378847789824926e-05
coupled_mixed,DOP853,wrong_model,3.4000000000000004,0.2539150105001914,0.2161789561901236,0.11194591346499516,-0.03317267773105992,0.07250957692785574,0.056075898474351835,0.049821433925974,0.036108003386418154,4.478896494461422e-05
coupled_mixed,DOP853,wrong_model,3.4250000000000003,0.2557272083221443,0.2175800395072979,0.11111440947763096,-0.03334709178671762,0.07246622186617199,0.05601086966668394,0.04967835124128501,0.035977370571738526,4.5794951707595905e-05
coupled_mixed,DOP853,wrong_model,3.45,0.2575383202599316,0.21897950478597725,0.11027858633109539,-0.03351821119612379,0.07242270677682933,0.05594645436551457,0.049535979615383946,0.03584728821700755,4.6806348361231374e-05
coupled_mixed,DOP853,wrong_model,3.475,0.25934834235659987,0.22037736728714732,0.10943852633590746,-0.0336860404415839,0.072379035161679,0.05588264645728932,0.04939431201947164,0.03571775405061321,4.782306501211552e-05
coupled_mixed,DOP853,wrong_model,3.5,0.26115727074294875,0.22177364212049142,0.1085943116881882,-0.03385058419244802,0.0723352105389973,0.05581943995105807,0.049253341482088216,0.03558876580341021,4.884501169734229e-05
coupled_mixed,DOP853,wrong_model,3.5250000000000004,0.26296510163793163,0.22316834424743215,0.10774602446499927,-0.034011847303887156,0.07229123644265287,0.05575682897660775,0.04911306108871287,0.035460321208779004,4.987209838274211e-05
coupled_mixed,DOP853,wrong_model,3.5500000000000003,0.2647718313490348,0.22456148848412658,0.1068937466197124,-0.034169834815665455,0.07224711642127386,0.05569480778260421,0.04897346398136898,0.03533241800268554,5.0904234961411424e-05
coupled_mixed,DOP853,wrong_model,3.575,0.2665774562726365,0.22595308950441512,0.10603755997740966,-0.03432455195090848,0.07220285403741525,0.0556333707347433,0.048834543358234235,0.035205053923741535,5.194133125253037e-05
coupled_mixed,DOP853,wrong_model,3.6,0.26838197289434435,0.2273431618427243,0.10517754623031518,-0.034476004114868,0.07215845286672637,0.05557251231391132,0.04869629247325603,0.03507822671326551,5.298329700046406e-05
coupled_mixed,DOP853,wrong_model,3.625,0.270185377789312,0.2287317198969236,0.10431378693325864,-0.03462419689368363,0.07211391649711922,0.05551222711435487,0.04855870463577175,0.03495193411534431,5.403004187414369e-05
coupled_mixed,DOP853,wrong_model,3.6500000000000004,0.27198766762253523,0.23011877793113686,0.10344636349917068,-0.03476913605314156,0.07206924852793765,0.05545250984186028,0.04842177321013417,0.03482617387689516,5.508147546672317e-05
coupled_mixed,DOP853,wrong_model,3.6750000000000003,0.2737888391491267,0.23150435007850798,0.1025753571946072,-0.03491082753743064,0.07202445256912747,0.055393355311942775,0.04828549161534176,0.034700943747728336,5.613750729550952e-05
coupled_mixed,DOP853,wrong_model,3.7,0.2755888892145733,0.23288845034392136,0.10170084913529617,-0.03504927746789532,0.07197953224040742,0.05533475844804551,0.04814985332467425,0.03457624148061002,5.7198046802167194e-05
coupled_mixed,DOP853,wrong_model,3.725,0.2773878147549678,0.23427109260667797,0.10082292028173248,-0.035184492141787795,0.07193449117044269,0.05527671427974838,0.04801485186533245,0.034452064831326,5.826300335317476e-05
coupled_mixed,DOP853,wrong_model,3.75,0.279185612797223,0.2356522906231264,0.09994165143479364,-0.03531647803101753,0.07188933299601986,0.05521921794098699,0.04788048081808316,0.03432841155874552,5.9332286240548246e-05
coupled_mixed,DOP853,wrong_model,3.7750000000000004,0.28098228045926404,0.23703205802924968,0.09905712323138957,-0.03544524178089947,0.07184406136122376,0.055162264668281745,0.047746733816908776,0.034205279424885666,6.040580468281835e-05
coupled_mixed,DOP853,wrong_model,3.8000000000000003,0.28277781495020105,0.23841040834320779,0.09816941614014335,-0.03557079020890092,0.0717986799166168,0.05510584979897726,0.047613604548661516,0.03408266619497602,6.14834678262593e-05
coupled_mixed,DOP853,wrong_model,3.825,0.28457221357048046,0.2397873549678365,0.0972786104571028,-0.03569313030338726,0.07175319231842088,0.055049968769492204,0.047481086752722286,0.033960569637523676,6.256518474636549e-05
coupled_mixed,DOP853,wrong_model,3.85,0.28636547371201665,0.24116291119310235,0.09638478630148345,-0.035812269222366876,0.07170760222770191,0.05499461711357961,0.04734917422066414,0.03383898752437859,6.365086444957116e-05
coupled_mixed,DOP853,wrong_model,3.875,0.2881575928583025,0.24253709019851413,0.09548802361144261,-0.03592821429223539,0.0716619133095574,0.05493979046059793,0.04721786079592021,0.03371791763079917,6.47404158752091e-05
coupled_mixed,DOP853,wrong_model,3.9000000000000004,0.28994856858450074,0.24390990505549187,0.09458840213988517,-0.036040973006519504,0.07161612923230729,0.054885484533792786,0.04708714037345608,0.033597357735518106,6.583374789770379e-05
coupled_mixed,DOP853,wrong_model,3.9250000000000003,0.2917383985575138,0.24528136872969236,0.09368600145030118,-0.036150553024620696,0.07157025366668805,0.05483169514858961,0.046957006899446485,0.03347730562080846,6.69307693289946e-05
coupled_mixed,DOP853,wrong_model,3.95,0.29352708053603455,0.24665149408329265,0.09278090091263529,-0.03625696217055892,0.07152429028505068,0.05477841821089732,0.046827454370956395,0.0333577590725499,6.803138892118493e-05
coupled_mixed,DOP853,wrong_model,3.975,0.2953146123705762,0.24802029387723115,0.09187317969918848,-0.03636020843171663,0.07147824276056239,0.05472564971542304,0.046698476835626224,0.03323871588029513,6.91355153694125e-05
coupled_mixed,DOP853,wrong_model,4.0,0.2971009920034828,0.2493877807734068,0.09096291678055153,-0.03646029995758323,0.07143211476641248,0.05467338574399814,0.046570068391361345,0.033120173837336474,7.024305731493746e-05
pure_electric,DOP853,full,0.0,0.0,0.0,0.15,0.02,0.07127562161525779,0.07127562161525779,0.08,0.0,
pure_electric,DOP853,full,0.025,0.0017818276868997464,0.001779548445952209,0.150493953721634,0.019516388903130597,0.07127057911937655,0.07108863202628622,0.0796799846754872,0.0,
pure_electric,DOP853,full,0.05,0.0035635282372201652,0.0035544503800432627,0.15097582414498373,0.01903334177947426,0.07126545037220919,0.0709038958944116,0.07936213270900852,0.0,
pure_electric,DOP853,full,0.07500000000000001,0.005345099470748347,0.005324761782001293,0.15144562579178766,0.018550892391287,0.07126023345225231,0.07072138473149711,0.07904642772144078,0.0,
pure_electric,DOP853,full,0.1,0.007126539158715079,0.007090537922926923,0.15190337402555132,0.018069074317293377,0.07125492639688075,0.07054107033508228,0.07873285342665165,0.0,
pure_electric,DOP853,full,0.125,0.008907845022795194,0.00885183337240373,0.1523490850469313,0.017587920950490412,0.07124952720462192,0.0703629247858737,0.07842139363160205,0.0,
pure_electric,DOP853,full,0.15000000000000002,0.010689014734164535,0.010608702005547388,0.15278277588906472,0.017107465495967592,0.07124403383740659,0.07018692044529205,0.0781120322364263,0.0,
pure_electric,DOP853,full,0.17500000000000002,0.012470045912612918,0.012361197009993483,0.15320446441284433,0.0166277409687435,0.0712384442227951,0.07001302995307387,0.07780475323449068,0.0,
pure_electric,DOP853,full,0.2,0.014250936125712533,0.014109370892825586,0.15361416930214006,0.01614878019161992,0.0712327562561795,0.0698412262249264,0.07749954071243112,0.0,
pure_electric,DOP853,full,0.225,0.016031682888041025,0.015853275487445143,0.15401191005896708,0.015670615793054198,0.07122696780296063,0.06967148245023382,0.07719637885017036,0.0,
pure_electric,DOP853,full,0.25,0.017812283660458703,0.017592961960384852,0.1543977069986012,0.015193280205050811,0.07122107670070014,0.06950377208981348,0.07689525192091569,0.0,
pure_electric,DOP853,full,0.275,0.01959273584943914,0.019328480818067102,0.1547715812446411,0.014716805661072859,0.07121508076124722,0.06933806887372025,0.07659614429113756,0.0,
pure_electric,DOP853,full,0.30000000000000004,0.021373036806452573,0.021059881913509052,0.15513355472401869,0.014241224193974448,0.07120897777283945,0.06917434679909752,0.07629904042052997,0.0,
pure_electric,DOP853,full,0.325,0.023153183827401398,0.022787214452976014,0.1554836501619569,0.013766567633954714,0.07120276550217777,0.06901258012807318,0.07600392486195315,0.0,
pure_electric,DOP853,full,0.35000000000000003,0.024933174152107808,0.024510527002577116,0.1558218910768796,0.013292867606532218,0.07119644169647525,0.06885274338570024,0.07571078226135822,0.0,
pure_electric,DOP853,full,0.375,0.026713004963851962,0.026229867494810582,0.15614830177527025,0.012820155530542242,0.07119000408547953,0.06869481135794002,0.07541959735769518,0.0,
pure_electric,DOP853,full,0.4,0.028492673388960315,0.02794528323506526,0.15646290734647866,0.012348462616158982,0.07118345038346816,0.06853875908968492,0.07513035498280558,0.0,
pure_electric,DOP853,full,0.42500000000000004,0.030272176496443426,0.029656820908068378,0.15676573365748042,0.011877819862940616,0.07117677829121725,0.06838456188282184,0.07484304006129883,0.0,
pure_electric,DOP853,full,0.45,0.03205151129768255,0.03136452658428745,0.15705680734758717,0.011408258057899566,0.07116998549794294,0.06823219529433351,0.07455763761041367,0.0,
pure_electric,DOP853,full,0.47500000000000003,0.033830674746164635,0.03306844572628449,0.15733615582310895,0.010939807773597782,0.07116306968321517,0.06808163513443667,0.07427413273986502,0.0,
pure_electric,DOP853,full,0.5,0.035609663737264895,0.03476862319502365,0.1576038072519695,0.010472499366267665,0.0711560285188441,0.06793285746475598,0.07399251065167643,0.0,
pure_electric,DOP853,full,0.525,0.03738847510807634,0.03646510325613337,0.15785979055827495,0.010006362973959375,0.07114885967073854,0.06778583859653228,0.07371275663999917,0.0,
pure_electric,DOP853,full,0.55,0.03916710563728526,0.038157929586124135,0.15810413541683666,0.009541428514715188,0.07114156080073641,0.06764055508886391,0.07343485609091786,0.0,
pure_electric,DOP853,full,0.5750000000000001,0.04094555204509215,0.03984714527856299,0.15833687224764845,0.00907772568477161,0.07113412956840695,0.06749698374697999,0.0731587944822436,0.0,
pure_electric,DOP853,full,0.6000000000000001,0.042723810993177,0.04153279285020582,0.15855803221031933,0.008615283956789913,0.07112656363282467,0.06735510162054419,0.07288455738329495,0.0,
pure_electric,DOP853,full,0.625,0.0445018790847085,0.04321491424708862,0.15876764719846195,0.00815413257811583,0.07111886065431461,0.06721488600198787,0.07261213045466713,0.0,
pure_electric,DOP853,full,0.65,0.04627975286439613,0.044893550850578764,0.15896574983403722,0.007694300569069043,0.07111101829616892,0.06707631442487125,0.07234149944799019,0.0,
pure_electric,DOP853,full,0.675,0.04805742881858562,0.046568743483383135,0.15915237346165764,0.007235816721261239,0.07110303422633452,0.06693936466227217,0.07207265020567585,0.0,
pure_electric,DOP853,full,0.7000000000000001,0.04983490337539887,0.048240532415505584,0.1593275521428523,0.006778709595939356,0.07109490611907204,0.066804014725203,0.07180556866065206,0.0,
pure_electric,DOP853,full,0.7250000000000001,0.05161217290490962,0.04990895737018562,0.15949132065028418,0.006323007522368964,0.07108663165658537,0.06667024286104908,0.07154024083609063,0.0,
pure_electric,DOP853,full,0.75,0.053389233719362834,0.051574057529785874,0.15964371446193143,0.005868738596242987,0.07107820853062204,0.06653802755203307,0.07127665284512327,0.0,
pure_electric,DOP853,full,0.775,0.0551660820734327,0.05323587154164443,0.15978476975522868,0.0054159306781234075,0.07106963444404443,0.06640734751370221,0.07101479089054857,0.0,
pure_electric,DOP853,full,0.8,0.05694271416451967,0.05489443752388945,0.15991452340116954,0.0049646113919147835,0.07106090711237141,0.06627818169343729,0.07075464126453014,0.0,
pure_electric,DOP853,full,0.8250000000000001,0.058719126133085955,0.056549793071216534,0.16003301295837144,0.004514808123369835,0.0710520242652904,0.06615050926898278,0.07049619034828594,0.0,
pure_electric,DOP853,full,0.8500000000000001,0.06049531406302863,0.05820197526062932,0.1601402766671034,0.004066548018627559,0.07104298364813992,0.06602430964699697,0.07023942461176946,0.0,
pure_electric,DOP853,full,0.875,0.06227127398208932,0.059851020657144,0.16023635344327783,0.003619857982784363,0.07103378302336238,0.06589956246162136,0.06998433061334279,0.0,
pure_electric,DOP853,full,0.9,0.06404700186229986,0.061496965319458446,0.16032128287240685,0.0031747646784986566,0.07102442017192724,0.06577624757306821,0.06973089499944225,0.0,
pure_electric,DOP853,full,0.925,0.06582249362046279,0.06313984480558654,0.16039510520352437,0.002731294524629389,0.07101489289472433,0.0656543450662255,0.06947910450423686,0.0,
pure_electric,DOP853,full,0.9500000000000001,0.06759774511866606,0.06477969417845834,0.16045786134307458,0.0022894736949089804,0.07100519901392745,0.06553383524927814,0.0692289459492798,0.0,
pure_electric,DOP853,full,0.9750000000000001,0.0693727521648311,0.06641654801148682,0.16050959284876734,0.0018493281166511088,0.07099533637432796,0.06541469865234471,0.06898040624315364,0.0,
pure_electric,DOP853,full,1.0,0.0711475105132935,0.06805044039410098,0.160550341923402,0.001410883469493328,0.07098530284463862,0.06529691602612891,0.06873347238110925,0.0,
pure_electric,DOP853,full,1.0250000000000001,0.07292201586542148,0.06968140493723737,0.16058015140866005,0.000974165184168173,0.07097509631876718,0.06518046834058652,0.06848813144469693,0.0,
pure_electric,DOP853,full,1.05,0.07469626387025884,0.07130947477880804,0.16059906477886757,0.0005391984413169353,0.07096471471706055,0.06506533678360395,0.06824437060139406,0.0,
pure_electric,DOP853,full,1.075,0.07647025012520116,0.07293468258913326,0.1606071261347283,0.0001060081703364885,0.0709541559875187,0.06495150275968951,0.06800217710422655,0.0,
pure_electric,DOP853,full,1.1,0.07824397017670195,0.07455706057634026,0.16060438019702863,-0.0003253809517391288,0.07094341810697893,0.06483894788867688,0.06776153829138505,0.0,
pure_electric,DOP853,full,1.125,0.08001741952100781,0.07617664049173042,0.1605908723003153,-0.0007549445013210307,0.07093249908227019,0.0647276540044394,0.06752244158583628,0.0,
pure_electric,DOP853,full,1.1500000000000001,0.08179059360492243,0.07779345363511445,0.16056664838654597,-0.0011826583093123171,0.07092139695133744,0.06461760315361476,0.06728487449492983,0.0,
pure_electric,DOP853,full,1.175,0.08356348782659842,0.07940753086011533,0.16053175499871394,-0.0016084984621191137,0.07091010978433632,0.06450877759433923,0.06704882461000043,0.0,
pure_electric,DOP853,full,1.2000000000000002,0.08533609753635638,0.08101890257944007,0.16048623927444827,-0.0020324413026257104,0.07089863568469791,0.06440115979499104,0.06681427960596618,0.0,
pure_electric,DOP853,full,1.225,0.08710841803752989,0.08262759877011971,0.16043014893958968,-0.0024544634311334575,0.07088697279016395,0.06429473243294215,0.06658122724092286,0.0,
pure_electric,DOP853,full,1.25,0.08888044458733607,0.0842336489787188,0.16036353230174386,-0.0028745417062633165,0.07087511927379239,0.06418947839331769,0.0663496553557346,0.0,
pure_electric,DOP853,full,1.2750000000000001,0.09065217239777029,0.08583708232651377,0.16028643824381283,-0.0032926532458217505,0.07086307334493337,0.06408538076776261,0.06611955187362127,0.0,
pure_electric,DOP853,full,1.3,0.09242359663652448,0.08743792751464133,0.16019891621750548,-0.0037087754276297702,0.07085083325017581,0.06398242285321477,0.06589090479974274,0.0,
pure_electric,DOP853,full,1.3250000000000002,0.09419471242792825,0.08903621282921653,0.1601010162368281,-0.004122885890314965,0.07083839727426464,0.06388058815068384,0.06566370222078033,0.0,
pure_electric,DOP853,full,1.35,0.09596551485391674,0.09063196614641761,0.1599927888715527,-0.0045349625340709455,0.07082576374098819,0.06377986036403628,0.06543793230451468,0.0,
pure_electric,DOP853,full,1.375,0.0977359989550191,0.0922252149375409,0.159874285240668,-0.004944983521379527,0.07081293101403686,0.06368022339878548,0.0652135832994012,0.0,
pure_electric,DOP853,full,1.4000000000000001,0.0995061597313632,0.09381598627402944,0.15974555700581536,-0.005352927277691834,0.07079989749783276,0.06358166136088518,0.06499064353414429,0.0,
pure_electric,DOP853,full,1.425,0.10127599214370515,0.09540430683246794,0.1596066563647058,-0.005758772492077077,0.0707866616383302,0.06348415855552766,0.06476910141726835,0.0,
pure_electric,DOP853,full,1.4500000000000002,0.1030454911144768,0.09699020289954906,0.1594576360445224,-0.006162498117833721,0.07077322192378746,0.06338769948594543,0.06454894543668727,0.0,
pure_electric,DOP853,full,1.475,0.10481465152885262,0.09857370037700931,0.1592985492953073,-0.00656408337306455,0.07075957688550982,0.06329226885221567,0.06433016415927188,0.0,
pure_electric,DOP853,full,1.5,0.1065834682358351,0.1001548247865354,0.1591294498833345,-0.006963507741215732,0.07074572509856397,0.06319785155006745,0.06411274623041607,0.0,
pure_electric,DOP853,full,1.5250000000000001,0.10835193604935783,0.10173360127464047,0.15895039208446962,-0.007360750971579836,0.070731665182464,0.063104432669691,0.06389668037360113,0.0,
pure_electric,DOP853,full,1.55,0.11012004974940515,0.10331005461751067,0.15876143067751736,-0.0077557930797627975,0.0707173958018291,0.06301199749454889,0.06368195538995912,0.0,
pure_electric,DOP853,full,1.5750000000000002,0.111887804083148,0.10488420922582217,0.15856262093755819,-0.00814861434811492,0.07070291566701337,0.06292053150018857,0.06346856015783493,0.0,
pure_electric,DOP853,full,1.6,0.11365519376609447,0.10645608914952832,0.15835401862927492,-0.00853919532612581,0.07068822353470754,0.0628300203530559,0.06325648363234768,0.0,
pure_electric,DOP853,full,1.625,0.11542221348325486,0.10802571808261757,0.15813568000027048,-0.008927516830783355,0.07067331820851315,0.06274044990930924,0.06304571484495114,0.0,
pure_electric,DOP853,full,1.6500000000000001,0.11718885789031978,0.10959311936784177,0.15790766177437798,-0.009313559946896689,0.07065819853948926,0.06265180621363388,0.06283624290299383,0.0,
pure_electric,DOP853,full,1.675,0.11895512161485326,0.1111583160014146,0.1576700211449612,-0.009697306027384814,0.07064286342667142,0.06256407549805636,0.06262805698927848,0.0,
pure_electric,DOP853,full,1.7000000000000002,0.12072099925750432,0.11272133063767883,0.1574228157682025,-0.01007873669353443,0.07062731181756311,0.06247724418075915,0.0624211463616201,0.0,
pure_electric,DOP853,full,1.725,0.12248648539321888,0.11428218559374675,0.1571661037563965,-0.010457833835214689,0.07061154270860132,0.06239129886489383,0.06221550035240572,0.0,
pure_electric,DOP853,full,1.75,0.1242515745724703,0.11584090285410918,0.15689994367123156,-0.010834579611062156,0.07059555514559457,0.06230622633739366,0.062011108368152865,0.0,
pure_electric,DOP853,full,1.7750000000000001,0.12601626132249838,0.11739750407521518,0.15662439451706922,-0.011208956448630134,0.07057934822413478,0.06222201356778519,0.06180795988906841,0.0,
pure_electric,DOP853,full,1.8,0.1277805401485586,0.11895201059002194,0.1563395157342202,-0.011580947044503818,0.07056292108998266,0.06213864770699824,0.061606044468607686,0.0,
pure_electric,DOP853,full,1.8250000000000002,0.12954440553518112,0.12050444341251507,0.15604536719221712,-0.011950534364381635,0.070546272939427,0.06205611608617434,0.061405351733033714,0.0,
pure_electric,DOP853,full,1.85,0.1313078519474384,0.12205482324219886,0.15574200918308564,-0.012317701643122916,0.07052940301961805,0.0619744062154731,0.06120587138097703,0.0,
pure_electric,DOP853,full,1.875,0.13307087383222116,0.12360317046855701,0.1554295024146146,-0.012682432384762169,0.07051231062887536,0.06189350578287667,0.06100759318299595,0.0,
pure_electric,DOP853,full,1.9000000000000001,0.13483346561952125,0.12514950517548307,0.15510790800362656,-0.013044710362490075,0.07049499511697016,0.061813402652991775,0.06081050698113752,0.0,
pure_electric,DOP853,full,1.925,0.13659562172372128,0.126693847145681,0.15477728746924962,-0.013404519618601464,0.07047745588538276,0.06173408486584941,0.06061460268849926,0.0,
pure_electric,DOP853,full,1.9500000000000002,0.13835733654488963,0.12823621586503584,0.15443770272619153,-0.013761844464410446,0.07045969238753509,0.06165554063570172,0.060419870288791845,0.0,
pure_electric,DOP853,full,1.975,0.1401186044700804,0.12977663052695407,0.15408921607801748,-0.014116669480132881,0.07044170412899871,0.06157775834981611,0.060226299835902795,0.0,
pure_electric,DOP853,full,2.0,0.1418794198746381,0.13131511003667387,0.15373189021043132,-0.014468979514736757,0.0704234906676785,0.0615007265672662,0.06003388145346127,0.0,
pure_electric,DOP853,full,2.025,0.14363977712351408,0.1328516730155454,0.15336578818455035,-0.014818759685764998,0.07040505161397123,0.061424434017720034,0.05984260533440338,0.0,
pure_electric,DOP853,full,2.0500000000000003,0.14539967057257736,0.13438633780528028,0.15299097343019816,-0.01516599537912211,0.07038638663090167,0.06134886960022481,0.05965246174053955,0.0,
pure_electric,DOP853,full,2.075,0.1471590945699312,0.13591912247217078,0.15260750973919904,-0.015510672248831136,0.07036749543423462,0.06127402238198811,0.05946344100212302,0.0,
pure_electric,DOP853,full,2.1,0.14891804345723322,0.1374500448112788,0.1522154612586781,-0.015852776216760678,0.07034837779256377,0.06119988159715594,0.05927553351741967,0.0,
pure_electric,DOP853,full,2.125,0.15067651157101658,0.13897912235059365,0.15181489248436947,-0.01619229347232133,0.0703290335273775,0.06112643664558705,0.05908872975227941,0.0,
pure_electric,DOP853,full,2.15,0.1524344932440129,0.14050637235515973,0.1514058682539318,-0.016529210472132416,0.07030946251310213,0.061053677091623654,0.05890302023970919,0.0,
pure_electric,DOP853,full,2.1750000000000003,0.15419198280647645,0.14203181183117317,0.15098845374027195,-0.016863513939659357,0.07028966467712257,0.06098159266285836,0.058718395579447615,0.0,
pure_electric,DOP853,full,2.2,0.15594897458750823,0.1435554575300477,0.15056271444487815,-0.017195190864821974,0.07026963999978085,0.06091017324889733,0.058534846437541366,0.0,
pure_electric,DOP853,full,2.225,0.1577054629163803,0.1450773259524496,0.1501287161911633,-0.017524228503574123,0.07024938851435303,0.060839408900119636,0.05835236354592338,0.0,
pure_electric,DOP853,full,2.25,0.15946144212385835,0.1465974333523014,0.14968652511781966,-0.017850614377454922,0.07022891030700451,0.0607692898264327,0.058170937701992984,0.0,
pure_electric,DOP853,full,2.275,0.16121690654352297,0.1481157957407546,0.1492362076721857,-0.01817433627311194,0.07020820551672423,0.060699806396023875,0.05799055976819795,0.0,
pure_electric,DOP853,full,2.3000000000000003,0.1629718505130881,0.1496324288901305,0.14877783060362637,-0.01849538224179668,0.0701872743352381,0.06063094913410804,0.057811220671618646,0.0,
pure_electric,DOP853,full,2.325,0.16472626837571644,0.15114734833783008,0.1483114609569274,-0.01881374059883272,0.0701661170069019,0.060562708721671195,0.05763291140355435,0.0,
pure_electric,DOP853,full,2.35,0.16648015448133702,0.1526605693902133,0.14783716606569508,-0.01912939992305909,0.07014473382857321,0.06049507599420998,0.057455623019111335,0.0,
pure_electric,DOP853,full,2.375,0.16823350318795752,0.15417210712644608,0.14735501354577255,-0.019442349056247067,0.07012312514946364,0.060428041940467477,0.057279346636793266,0.0,
pure_electric,DOP853,full,2.4000000000000004,0.16998630886296756,0.15568197640231515,0.1468650712886801,-0.019752577102488816,0.07010129137097215,0.06036159770116482,0.05710407343809422,0.0,
pure_electric,DOP853,full,2.4250000000000003,0.1717385658844422,0.15719019185401178,0.14636740745506305,-0.020060073427562698,0.07007923294649837,0.0602957345677289,0.05692979466709367,0.0,
pure_electric,DOP853,full,2.45,0.1734902686424392,0.1586967679018834,0.14586209046815868,-0.020364827658273143,0.07005695038123715,0.0602304439810163,0.0567565016300539,0.0,
pure_electric,DOP853,full,2.475,0.17524141154029085,0.1602017187541532,0.1453491890072791,-0.02066682968176606,0.07003444423195446,0.060165717530033115,0.05658418569501984,0.0,
pure_electric,DOP853,full,2.5,0.1769919889958907,0.16170505841060812,0.14482877200131117,-0.02096606964482036,0.07001171510674475,0.06010154695065104,0.05641283829142137,0.0,
pure_electric,DOP853,full,2.5250000000000004,0.1787419954429736,0.1632068006662542,0.14430090862223416,-0.02126253795311585,0.06998876366477043,0.06003792412431955,0.056242450909678054,0.0,
pure_electric,DOP853,full,2.5500000000000003,0.1804914253323894,0.16470695911494018,0.143765668278656,-0.021556225270478062,0.06996559061598348,0.05997484107677434,0.056073015100806485,0.0,
pure_electric,DOP853,full,2.575,0.18224027313336916,0.1662055471529485,0.14322312060936915,-0.021847122518100302,0.06994219672082985,0.05991228997674213,0.05590452247603012,0.0,
pure_electric,DOP853,full,2.6,0.18398853333478346,0.1677025779825537,0.14267333547692662,-0.022135220873743425,0.06991858278993689,0.059850263134641805,0.05573696470639183,0.0,
pure_electric,DOP853,full,2.625,0.18573620044639202,0.16919806461554826,0.14211638296123952,-0.022420511770913663,0.06989474968378402,0.05978875300128198,0.05557033352236905,0.0,
pure_electric,DOP853,full,2.6500000000000004,0.1874832690000846,0.1706920198767357,0.14155233335319642,-0.02270298689801898,0.06987069831235727,0.05972775216655517,0.05540462071349169,0.0,
pure_electric,DOP853,full,2.6750000000000003,0.18922973355111397,0.17218445640739127,0.14098125714830156,-0.0229826381975049,0.06984642963478745,0.05966725335812832,0.055239818127962706,0.0,
pure_electric,DOP853,full,2.7,0.19097558867932546,0.17367538666869162,0.1404032250403242,-0.023259457864971446,0.06982194465897176,0.05960724944013012,0.055075917672281205,0.0,
pure_electric,DOP853,full,2.725,0.1927208289903661,0.17516482294510816,0.139818307914991,-0.023533438348267217,0.06979724444118182,0.05954773341183522,0.05491291131086876,0.0,
pure_electric,DOP853,full,2.75,0.1944654491168903,0.17665277734776996,0.13922657684368847,-0.023804572346565703,0.06977233008565545,0.05948869840634515,0.05475079106569825,0.0,
pure_electric,DOP853,full,2.7750000000000004,0.19620944371975343,0.17813926181779263,0.1386281030771925,-0.024072852809422177,0.0697472027441741,0.059430137689266437,0.0545895490159256,0.0,
pure_electric,DOP853,full,2.8000000000000003,0.19795280748919486,0.17962428812957426,0.13802295803942108,-0.024338272935812033,0.06972186361562602,0.059372044657385596,0.054429177297524396,0.0,
pure_electric,DOP853,full,2.825,0.19969553514601007,0.18110786789405847,0.13741121332121067,-0.024600826173151052,0.06969631394555502,0.05931441283734146,0.054269668102923364,0.0,
pure_electric,DOP853,full,2.85,0.20143762144271155,0.18259001256196425,0.13679294067411718,-0.024860506216297977,0.06967055502569584,0.05925723588429473,0.05411101368064677,0.0,
pure_electric,DOP853,full,2.875,0.20317906116467788,0.1840707334269822,0.13616821200424178,-0.025117307006539885,0.06964458819349591,0.059200507580595085,0.05395320633495772,0.0,
pure_electric,DOP853,full,2.9000000000000004,0.2049198491312907,0.185550041628938,0.13553709936608271,-0.025371222730560774,0.06961841483162422,0.05914422183444568,0.05379623842550445,0.0,
pure_electric,DOP853,full,2.9250000000000003,0.2066599801970586,0.18702794815692161,0.13489967495641364,-0.025622247819393765,0.06959203636746746,0.05908837267856564,0.05364010236696951,0.0,
pure_electric,DOP853,full,2.95,0.20839944925272877,0.18850446385238356,0.13425601110818908,-0.025870376947357436,0.06956545427261387,0.059032954268850156,0.05348479062872199,0.0,
pure_electric,DOP853,full,2.975,0.21013825122638397,0.18997959941219714,0.1336061802844779,-0.026115605030976603,0.06953867006232527,0.058977960883028764,0.0533302957344727,0.0,
pure_electric,DOP853,full,3.0,0.21187638108452678,0.191453365391687,0.13295025507242442,-0.02635792722788816,0.06951168529499713,0.05892338691932161,0.05317661026193238,0.0,
pure_electric,DOP853,full,3.0250000000000004,0.21361383383315571,0.19292577220762647,0.1322883081772238,-0.02659733893573311,0.06948450157160657,0.05886922689509381,0.05302372684247287,0.0,
pure_electric,DOP853,full,3.0500000000000003,0.21535060451882013,0.1943968301411981,0.13162041241614167,-0.026833835791033597,0.06945712053515034,0.058815475445508504,0.05287163816079139,0.0,
pure_electric,DOP853,full,3.075,0.21708668822966337,0.19586654934092204,0.13094664071255685,-0.02706741366805641,0.06942954387007177,0.0587621273221784,0.05272033695457779,0.0,
pure_electric,DOP853,full,3.1,0.21882208009645188,0.19733493982555025,0.13026706609003175,-0.027298068677663496,0.06940177330167736,0.058709177391816,0.05256981601418489,0.0,
pure_electric,DOP853,full,3.125,0.2205567752935891,0.1988020114869271,0.12958176166641258,-0.027525797166149515,0.06937381059554316,0.05865662063488274,0.05242006818230179,0.0,
pure_electric,DOP853,full,3.1500000000000004,0.22229076904011486,0.20026777409281626,0.1288908006479581,-0.027750595714067093,0.06934565755691156,0.05860445214423715,0.05227108635363038,0.0,
pure_electric,DOP853,full,3.1750000000000003,0.22402405660068925,0.20173223728969353,0.12819425632349749,-0.02797246113504008,0.06931731603007854,0.05855266712378213,0.052122863474564775,0.0,
pure_electric,DOP853,full,3.2,0.22575663328656181,0.2031954106055065,0.12749220205861791,-0.028191390474565297,0.06928878789777186,0.05850126088711169,0.05197539254287388,0.0,
pure_electric,DOP853,full,3.225,0.22748849445652436,0.20465730345239963,0.12678471128988225,-0.028407381008803093,0.06926007508052046,0.0584502288561571,0.051828666607387046,0.0,
pure_electric,DOP853,full,3.25,0.22921963551784832,0.20611792512940605,0.1260718575190778,-0.02862043024335719,0.06923117953601542,0.058399566559832854,0.05168267876768273,0.0,
pure_electric,DOP853,full,3.2750000000000004,0.23095005192720527,0.20757728482510496,0.12535371430749612,-0.028830535912044236,0.06920210325846295,0.05834926963268239,0.05153742217378027,0.0,
pure_electric,DOP853,full,3.3000000000000003,0.2326797391915711,0.20903539162024518,0.12463035527024485,-0.029037695975653387,0.06917284827792947,0.05829933381352397,0.051392890025834685,0.0,
pure_electric,DOP853,full,3.325,0.23440869286911317,0.2104922544903348,0.12390185407059187,-0.02924190862069644,0.06914341665967942,0.05824975494409673,0.051249075573834575,0.0,
pure_electric,DOP853,full,3.35,0.23613690857006397,0.21194788230819792,0.12316828441433259,-0.02944317225814878,0.06911381050350521,0.058200528967706874,0.05110597211730312,0.0,
pure_electric,DOP853,full,3.375,0.23786438195757695,0.21340228384649737,0.12242972004419116,-0.029641485522181606,0.06908403194305039,0.05815165192787454,0.05096357300500207,0.0,
pure_electric,DOP853,full,3.4000000000000004,0.23959110874856193,0.2148554677802224,0.12168623473426263,-0.029836847268885736,0.06905408314512711,0.058103119966981566,0.050821871634638874,0.0,
pure_electric,DOP853,full,3.4250000000000003,0.2413170847145065,0.2163074426891434,0.12093790228447895,-0.030029256574987447,0.06902396630902642,0.05805492932491994,0.05068086145257674,0.0,
pure_electric,DOP853,full,3.45,0.24304230568227922,0.21775821706023288,0.12018479651510991,-0.030218712736556696,0.06899368366582312,0.05800707633774143,0.05054053595354784,0.0,
pure_electric,DOP853,full,3.475,0.24476676753491533,0.21920779929005257,0.11942699126129591,-0.030405215267708088,0.06896323747767465,0.0579595574363084,0.050400888680369495,0.0,
pure_electric,DOP853,full,3.5,0.24649046621238502,0.2206561976871068,0.11866456036761276,-0.030588763899294904,0.06893263003711468,0.057912369144946116,0.050261913223663426,0.0,
pure_electric,DOP853,full,3.5250000000000004,0.2482133977123443,0.2221034204741622,0.11789757768266912,-0.030769358577596568,0.06890186366634171,0.05786550808009656,0.05012360322157802,0.0,
pure_electric,DOP853,full,3.5500000000000003,0.24993555809086757,0.22354947579053408,0.11712611705373681,-0.03094699946299989,0.06887094071650265,0.05781897094897409,0.049985952359513613,0.0,
pure_electric,DOP853,full,3.575,0.2516569434631627,0.2249943716943389,0.11635025232141442,-0.03112168692867447,0.06883986356697219,0.057772754548223074,0.04984895436985072,0.0,
pure_electric,DOP853,full,3.6,0.2533775500042673,0.22643811616471318,0.11557005731432476,-0.031293421559242536,0.06880863462462779,0.05772685576257761,0.049712603031681325,0.0,
pure_electric,DOP853,full,3.625,0.2550973739497272,0.227880717103999,0.1147856058438463,-0.03146220414944368,0.06877725632312098,0.0576812715635237,0.04957689217054304,0.0,
pure_electric,DOP853,full,3.6500000000000004,0.25681641159625557,0.22932218233989568,0.11399697169887923,-0.03162803570279474,0.06874573112214503,0.05763599900796382,0.049441815658156286,0.0,
pure_electric,DOP853,full,3.6750000000000003,0.2585346593023748,0.23076251962757863,0.11320422864064283,-0.03179091743024503,0.06871406150669906,0.0575910352368842,0.04930736741216443,0.0,
pure_electric,DOP853,full,3.7,0.26025211348904315,0.23220173665178584,0.11240745039749736,-0.031950850748826774,0.06868224998634861,0.057546377474024746,0.049173541395876964,0.0,
pure_electric,DOP853,full,3.725,0.2619687706402566,0.2336398410288692,0.11160671065981731,-0.03210783728030257,0.06865029909448445,0.057502023024552366,0.049040331618015374,0.0,
pure_electric,DOP853,full,3.75,0.26368462730363584,0.23507684030881373,0.11080208307488792,-0.032261878849808544,0.06861821138757816,0.05745796927373728,0.048907732132462065,0.0,
pure_electric,DOP853,full,3.7750000000000004,0.2653996800909944,0.23651274197722386,0.10999364124183829,-0.03241297748449434,0.06858598944443582,0.05741421368563276,0.048775737038012114,0.0,
pure_electric,DOP853,full,3.8000000000000003,0.2671139256788869,0.23794755345727628,0.10918145870660845,-0.032561135412160026,0.06855363586544938,0.05737075380175847,0.04864434047812788,0.0,
pure_electric,DOP853,full,3.825,0.2688273608091398,0.2393812821116403,0.10836560895694981,-0.03270635505989008,0.06852115327184653,0.057327587239787516,0.04851353664069649,0.0,
pure_electric,DOP853,full,3.85,0.270539982289363,0.2408139352443654,0.10754616541745982,-0.03284863905268493,0.06848854430493904,0.057284711692237394,0.04838331975779022,0.0,
pure_electric,DOP853,full,3.875,0.2722517869934422,0.24224552010273592,0.1067232014446507,-0.03298799021209011,0.06845581162536978,0.057242124925165054,0.04825368410542956,0.0,
pure_electric,DOP853,full,3.9000000000000004,0.2739627718620135,0.24367604387909345,0.10589679032205265,-0.03312441155482342,0.06842295791235889,0.0571998247768662,0.04812462400334916,0.0,
pure_electric,DOP853,full,3.9250000000000003,0.27567293390291775,0.24510551371262634,0.10506700525535194,-0.03325790629140039,0.06838998586294927,0.05715780915657906,0.047996133814766556,0.0,
pure_electric,DOP853,full,3.95,0.277382270191637,0.24653393669112741,0.10423391936756372,-0.0333884778247582,0.06835689819125154,0.05711607604319273,0.04786820794615351,0.0,
pure_electric,DOP853,full,3.975,0.27909077787171116,0.24796131985271877,0.10339760569424047,-0.03351612974887853,0.06832369762768903,0.05707462348396038,0.04774084084701019,0.0,
pure_electric,DOP853,full,4.0,0.2807984541551358,0.2493876701875448,0.10255813717871498,-0.03364086584740925,0.06829038691824264,0.05703344959321732,0.047614027009641936,0.0,
pure_electric,DOP853,reduced_flux_recovered,0.0,0.0,0.0,0.15,0.02,0.07127562161525779,0.07127562161525779,0.08,0.0,
pure_electric,DOP853,reduced_flux_recovered,0.025,0.0017818276868997486,0.0017795484459522076,0.150493953721634,0.019516388903130597,0.07127057911937656,0.07108863202628621,0.0796799846754872,0.0,
pure_electric,DOP853,reduced_flux_recovered,0.05,0.0035635282372201774,0.0035544503800432493,0.15097582414498373,0.01903334177947426,0.07126545037220919,0.0709038958944116,0.07936213270900853,0.0,
pure_electric,DOP853,reduced_flux_recovered,0.07500000000000001,0.005345099470748361,0.005324761782001296,0.15144562579178766,0.018550892391287002,0.07126023345225231,0.07072138473149711,0.07904642772144078,0.0,
pure_electric,DOP853,reduced_flux_recovered,0.1,0.007126539158715096,0.007090537922926912,0.15190337402555132,0.018069074317293373,0.07125492639688075,0.07054107033508229,0.07873285342665166,0.0,
pure_electric,DOP853,reduced_flux_recovered,0.125,0.008907845022795251,0.008851833372403634,0.15234908504693134,0.017587920950490398,0.07124952720462191,0.07036292478587375,0.07842139363160207,0.0,
pure_electric,DOP853,reduced_flux_recovered,0.15000000000000002,0.010689014734164646,0.010608702005547217,0.15278277588906486,0.01710746549596757,0.07124403383740653,0.07018692044529216,0.07811203223642635,0.0,
pure_electric,DOP853,reduced_flux_recovered,0.17500000000000002,0.012470045912613041,0.012361197009993375,0.1532044644128445,0.016627740968743497,0.07123844422279503,0.07001302995307401,0.07780475323449078,0.0,
pure_electric,DOP853,reduced_flux_recovered,0.2,0.014250936125712588,0.014109370892825737,0.15361416930214006,0.01614878019161995,0.07123275625617946,0.06984122622492647,0.0774995407124312,0.0,
pure_electric,DOP853,reduced_flux_recovered,0.225,0.016031682888040938,0.01585327548744561,0.1540119100589669,0.015670615793054263,0.07122696780296066,0.06967148245023375,0.07719637885017037,0.0,
pure_electric,DOP853,reduced_flux_recovered,0.25,0.017812283660458488,0.01759296196038543,0.15439770699860086,0.015193280205050855,0.07122107670070024,0.06950377208981327,0.07689525192091558,0.0,
pure_electric,DOP853,reduced_flux_recovered,0.275,0.019592735849438943,0.019328480818067314,0.1547715812446409,0.0147168056610728,0.07121508076124734,0.06933806887372007,0.07659614429113737,0.0,
pure_electric,DOP853,reduced_flux_recovered,0.30000000000000004,0.021373036806452545,0.02105988191350867,0.1551335547240188,0.014241224193974288,0.07120897777283952,0.06917434679909752,0.07629904042052985,0.0,
pure_electric,DOP853,reduced_flux_recovered,0.325,0.023153183827401426,0.02278721445297597,0.15548365016195692,0.013766567633954691,0.07120276550217777,0.0690125801280732,0.07600392486195316,0.0,
pure_electric,DOP853,reduced_flux_recovered,0.35000000000000003,0.024933174152107843,0.024510527002577023,0.15582189107687966,0.013292867606532203,0.07119644169647524,0.06885274338570027,0.07571078226135823,0.0,
pure_electric,DOP853,reduced_flux_recovered,0.375,0.026713004963851983,0.026229867494810565,0.15614830177527028,0.012820155530542252,0.07119000408547951,0.06869481135794003,0.0754195973576952,0.0,
pure_electric,DOP853,reduced_flux_recovered,0.4,0.028492673388960384,0.02794528323506513,0.15646290734647872,0.012348462616158946,0.07118345038346814,0.06853875908968494,0.0751303549828056,0.0,
pure_electric,DOP853,reduced_flux_recovered,0.42500000000000004,0.03027217649644362,0.02965682090806789,0.15676573365748064,0.011877819862940474,0.07117677829121721,0.06838456188282196,0.07484304006129884,0.0,
pure_electric,DOP853,reduced_flux_recovered,0.45,0.03205151129768288,0.03136452658428656,0.15705680734758762,0.011408258057899346,0.07116998549794284,0.06823219529433378,0.07455763761041374,0.0,
pure_electric,DOP853,reduced_flux_recovered,0.47500000000000003,0.033830674746164996,0.033068445726283494,0.15733615582310953,0.010939807773597581,0.07116306968321504,0.06808163513443705,0.07427413273986513,0.0,
pure_electric,DOP853,reduced_flux_recovered,0.5,0.03560966373726511,0.03476862319502309,0.15760380725196993,0.01047249936626762,0.07115602851884399,0.0679328574647563,0.0739925106516766,0.0,
pure_electric,DOP853,reduced_flux_recovered,0.525,0.03738847510807622,0.03646510325613375,0.15785979055827493,0.010006362973959572,0.07114885967073853,0.06778583859653235,0.07371275663999932,0.0,
pure_electric,DOP853,reduced_flux_recovered,0.55,0.039167105637284774,0.03815792958612558,0.15810413541683604,0.009541428514715587,0.07114156080073651,0.06764055508886362,0.07343485609091786,0.0,
pure_electric,DOP853,reduced_flux_recovered,0.5750000000000001,0.04094555204509145,0.03984714527856498,0.15833687224764742,0.009077725684772005,0.07113412956840717,0.0674969837469794,0.0731587944822434,0.0,
pure_electric,DOP853,reduced_flux_recovered,0.6000000000000001,0.04272381099317646,0.04153279285020725,0.15855803221031847,0.00861528395679002,0.07112656363282492,0.06735510162054363,0.07288455738329458,0.0,
pure_electric,DOP853,reduced_flux_recovered,0.625,0.04450187908470844,0.04321491424708861,0.15876764719846173,0.008154132578115526,0.07111886065431476,0.0672148860019877,0.07261213045466682,0.0,
pure_electric,DOP853,reduced_flux_recovered,0.65,0.04627975286439625,0.044893550850578445,0.15896574983403733,0.007694300569068884,0.07111101829616893,0.06707631442487132,0.07234149944799015,0.0,
pure_electric,DOP853,reduced_flux_recovered,0.675,0.04805742881858568,0.04656874348338305,0.1591523734616577,0.007235816721261217,0.07110303422633453,0.0669393646622722,0.07207265020567584,0.0,
pure_electric,DOP853,reduced_flux_recovered,0.7000000000000001,0.04983490337539889,0.04824053241550555,0.15932755214285235,0.006778709595939371,0.07109490611907204,0.06680401472520303,0.07180556866065206,0.0,
pure_electric,DOP853,reduced_flux_recovered,0.7250000000000001,0.05161217290490966,0.04990895737018558,0.1594913206502842,0.0063230075223689565,0.07108663165658537,0.06667024286104911,0.07154024083609065,0.0,
pure_electric,DOP853,reduced_flux_recovered,0.75,0.05338923371936298,0.051574057529785666,0.1596437144619315,0.005868738596242893,0.07107820853062202,0.06653802755203314,0.07127665284512327,0.0,
pure_electric,DOP853,reduced_flux_recovered,0.775,0.05516608207343296,0.053235871541643956,0.15978476975522887,0.005415930678123229,0.07106963444404438,0.06640734751370236,0.07101479089054859,0.0,
pure_electric,DOP853,reduced_flux_recovered,0.8,0.056942714164519945,0.05489443752388883,0.15991452340116985,0.004964611391914603,0.07106090711237133,0.06627818169343752,0.0707546412645302,0.0,
pure_electric,DOP853,reduced_flux_recovered,0.8250000000000001,0.058719126133086094,0.05654979307121608,0.1600330129583718,0.004514808123369771,0.07105202426529032,0.06615050926898301,0.07049619034828607,0.0,
pure_electric,DOP853,reduced_flux_recovered,0.8500000000000001,0.06049531406302848,0.0582019752606294,0.16014027666710362,0.004066548018627698,0.07104298364813989,0.06602430964699707,0.07023942461176959,0.0,
pure_electric,DOP853,reduced_flux_recovered,0.875,0.06227127398208884,0.05985102065714481,0.16023635344327772,0.0036198579827846893,0.07103378302336245,0.06589956246162124,0.06998433061334283,0.0,
pure_electric,DOP853,reduced_flux_recovered,0.9,0.0640470018622992,0.061496965319459806,0.16032128287240638,0.0031747646784990105,0.0710244201719274,0.06577624757306785,0.06973089499944216,0.0,
pure_electric,DOP853,reduced_flux_recovered,0.925,0.06582249362046227,0.06313984480558782,0.16039510520352374,0.0027312945246295165,0.07101489289472451,0.06565434506622507,0.06947910450423661,0.0,
pure_electric,DOP853,reduced_flux_recovered,0.9500000000000001,0.06759774511866605,0.06477969417845877,0.1604578613430741,0.0022894736949087098,0.07100519901392756,0.0655338352492779,0.0692289459492795,0.0,
pure_electric,DOP853,reduced_flux_recovered,0.9750000000000001,0.0693727521648314,0.06641654801148648,0.16050959284876726,0.0018493281166507341,0.07099533637432798,0.06541469865234475,0.06898040624315353,0.0,
pure_electric,DOP853,reduced_flux_recovered,1.0,0.07114751051329357,0.06805044039410096,0.160550341923402,0.0014108834694932931,0.07098530284463862,0.06529691602612891,0.06873347238110925,0.0,
pure_electric,DOP853,reduced_flux_recovered,1.0250000000000001,0.07292201586542152,0.06968140493723736,0.16058015140866008,0.0009741651841681712,0.0709750963187672,0.06518046834058654,0.06848813144469694,0.0,
pure_electric,DOP853,reduced_flux_recovered,1.05,0.07469626387025888,0.07130947477880804,0.1605990647788676,0.0005391984413169342,0.07096471471706055,0.06506533678360396,0.06824437060139406,0.0,
pure_electric,DOP853,reduced_flux_recovered,1.075,0.0764702501252013,0.0729346825891332,0.16060712613472827,0.00010600817033642389,0.07095415598751868,0.06495150275968953,0.06800217710422655,0.0,
pure_electric,DOP853,reduced_flux_recovered,1.1,0.07824397017670223,0.07455706057634005,0.1606043801970286,-0.00032538095173927,0.07094341810697889,0.06483894788867693,0.06776153829138507,0.0,
pure_electric,DOP853,reduced_flux_recovered,1.125,0.08001741952100815,0.07617664049173008,0.16059087230031538,-0.0007549445013211894,0.07093249908227012,0.06472765400443953,0.06752244158583631,0.0,
pure_electric,DOP853,reduced_flux_recovered,1.1500000000000001,0.08179059360492268,0.0777934536351141,0.1605666483865462,-0.00118265830931239,0.07092139695133737,0.06461760315361492,0.06728487449492988,0.0,
pure_electric,DOP853,reduced_flux_recovered,1.175,0.0835634878265984,0.07940753086011525,0.16053175499871425,-0.001608498462119013,0.07091010978433629,0.06450877759433933,0.0670488246100005,0.0,
pure_electric,DOP853,reduced_flux_recovered,1.2000000000000002,0.08533609753635604,0.08101890257944042,0.1604862392744485,-0.002032441302625429,0.07089863568469795,0.06440115979499102,0.06681427960596623,0.0,
pure_electric,DOP853,reduced_flux_recovered,1.225,0.08710841803752936,0.0826275987701205,0.16043014893958968,-0.0024544634311331097,0.07088697279016407,0.06429473243294195,0.0665812272409228,0.0,
pure_electric,DOP853,reduced_flux_recovered,1.25,0.08888044458733564,0.08423364897871971,0.16036353230174352,-0.0028745417062631213,0.07087511927379253,0.0641894783933174,0.06634965535573444,0.0,
pure_electric,DOP853,reduced_flux_recovered,1.2750000000000001,0.09065217239777029,0.08583708232651435,0.16028643824381228,-0.003292653245821904,0.07086307334493346,0.06408538076776239,0.06611955187362102,0.0,
pure_electric,DOP853,reduced_flux_recovered,1.3,0.09242359663652491,0.08743792751464127,0.16019891621750504,-0.0037087754276301736,0.07085083325017581,0.06398242285321476,0.06589090479974258,0.0,
pure_electric,DOP853,reduced_flux_recovered,1.3250000000000002,0.09419471242792832,0.08903621282921656,0.16010101623682807,-0.004122885890314982,0.07083839727426464,0.06388058815068383,0.06566370222078033,0.0,
pure_electric,DOP853,reduced_flux_recovered,1.35,0.0959655148539168,0.09063196614641761,0.1599927888715527,-0.00453496253407095,0.07082576374098817,0.06377986036403628,0.06543793230451467,0.0,
pure_electric,DOP853,reduced_flux_recovered,1.375,0.09773599895501912,0.09222521493754092,0.159874285240668,-0.004944983521379515,0.07081293101403686,0.06368022339878548,0.0652135832994012,0.0,
pure_electric,DOP853,reduced_flux_recovered,1.4000000000000001,0.09950615973136329,0.09381598627402944,0.1597455570058153,-0.005352927277691863,0.07079989749783275,0.06358166136088518,0.06499064353414429,0.0,
pure_electric,DOP853,reduced_flux_recovered,1.425,0.10127599214370535,0.09540430683246788,0.15960665636470567,-0.005758772492077173,0.07078666163833017,0.06348415855552769,0.06476910141726835,0.0,
pure_electric,DOP853,reduced_flux_recovered,1.4500000000000002,0.10304549111447707,0.0969902028995489,0.1594576360445223,-0.006162498117833852,0.0707732219237874,0.0633876994859455,0.06454894543668728,0.0,
pure_electric,DOP853,reduced_flux_recovered,1.475,0.1048146515288528,0.0985737003770091,0.15929854929530732,-0.006564083373064632,0.07075957688550977,0.06329226885221577,0.06433016415927192,0.0,
pure_electric,DOP853,reduced_flux_recovered,1.5,0.10658346823583506,0.10015482478653527,0.15912944988333474,-0.006963507741215687,0.07074572509856396,0.06319785155006753,0.06411274623041611,0.0,
pure_electric,DOP853,reduced_flux_recovered,1.5250000000000001,0.10835193604935747,0.10173360127464057,0.15895039208447,-0.007360750971579634,0.07073166518246404,0.06310443266969101,0.06389668037360116,0.0,
pure_electric,DOP853,reduced_flux_recovered,1.55,0.11012004974940459,0.10331005461751105,0.15876143067751772,-0.007755793079762508,0.0707173958018292,0.0630119974945488,0.0636819553899591,0.0,
pure_electric,DOP853,reduced_flux_recovered,1.5750000000000002,0.1118878040831475,0.10488420922582276,0.15856262093755824,-0.008148614348114707,0.07070291566701349,0.06292053150018839,0.06346856015783484,0.0,
pure_electric,DOP853,reduced_flux_recovered,1.6,0.11365519376609438,0.10645608914952885,0.1583540186292745,-0.008539195326125858,0.0706882235347076,0.06283002035305572,0.06325648363234751,0.0,
pure_electric,DOP853,reduced_flux_recovered,1.625,0.11542221348325529,0.10802571808261777,0.15813568000026978,-0.008927516830783681,0.07067331820851314,0.06274044990930917,0.06304571484495097,0.0,
pure_electric,DOP853,reduced_flux_recovered,1.6500000000000001,0.11718885789032002,0.10959311936784177,0.15790766177437773,-0.009313559946896817,0.07065819853948925,0.06265180621363389,0.0628362429029938,0.0,
pure_electric,DOP853,reduced_flux_recovered,1.675,0.11895512161485335,0.11115831600141461,0.15767002114496115,-0.00969730602738482,0.07064286342667142,0.06256407549805634,0.06262805698927848,0.0,
pure_electric,DOP853,reduced_flux_recovered,1.7000000000000002,0.12072099925750436,0.11272133063767885,0.15742281576820252,-0.010078736693534412,0.07062731181756313,0.06247724418075915,0.0624211463616201,0.0,
pure_electric,DOP853,reduced_flux_recovered,1.725,0.12248648539321896,0.11428218559374677,0.15716610375639645,-0.010457833835214687,0.07061154270860133,0.06239129886489383,0.06221550035240573,0.0,
pure_electric,DOP853,reduced_flux_recovered,1.75,0.12425157457247049,0.11584090285410918,0.15689994367123136,-0.010834579611062205,0.07059555514559455,0.06230622633739366,0.062011108368152865,0.0,
pure_electric,DOP853,reduced_flux_recovered,1.7750000000000001,0.12601626132249868,0.11739750407521513,0.15662439451706897,-0.01120895644863022,0.07057934822413474,0.0622220135677852,0.06180795988906841,0.0,
pure_electric,DOP853,reduced_flux_recovered,1.8,0.12778054014855889,0.11895201059002183,0.15633951573422003,-0.011580947044503886,0.07056292108998262,0.062138647706998285,0.06160604446860771,0.0,
pure_electric,DOP853,reduced_flux_recovered,1.8250000000000002,0.1295444055351812,0.12050444341251494,0.15604536719221723,-0.01195053436438162,0.07054627293942699,0.06205611608617439,0.06140535173303375,0.0,
pure_electric,DOP853,reduced_flux_recovered,1.85,0.13130785194743821,0.12205482324219882,0.15574200918308606,-0.012317701643122786,0.07052940301961809,0.06197440621547313,0.061205871380977064,0.0,
pure_electric,DOP853,reduced_flux_recovered,1.875,0.13307087383222072,0.12360317046855712,0.15542950241461517,-0.012682432384761957,0.07051231062887546,0.06189350578287663,0.06100759318299596,0.0,
pure_electric,DOP853,reduced_flux_recovered,1.9000000000000001,0.13483346561952078,0.12514950517548334,0.15510790800362698,-0.013044710362489893,0.07049499511697027,0.06181340265299168,0.06081050698113747,0.0,
pure_electric,DOP853,reduced_flux_recovered,1.925,0.1365956217237211,0.12669384714568135,0.1547772874692495,-0.013404519618601455,0.07047745588538283,0.06173408486584928,0.060614602688499136,0.0,
pure_electric,DOP853,reduced_flux_recovered,1.9500000000000002,0.13835733654488996,0.12823621586503614,0.1544377027261908,-0.013761844464410679,0.07045969238753508,0.06165554063570164,0.060419870288791734,0.0,
pure_electric,DOP853,reduced_flux_recovered,1.975,0.1401186044700809,0.12977663052695418,0.1540892160780168,-0.014116669480133133,0.07044170412899867,0.061577758349816096,0.06022629983590273,0.0,
pure_electric,DOP853,reduced_flux_recovered,2.0,0.14187941987463817,0.13131511003667393,0.15373189021043124,-0.014468979514736776,0.0704234906676785,0.061500726567266184,0.060033881453461266,0.0,
pure_electric,DOP853,reduced_flux_recovered,2.025,0.14363977712351414,0.13285167301554546,0.15336578818455032,-0.014818759685764996,0.07040505161397123,0.06142443401772003,0.05984260533440338,0.0,
pure_electric,DOP853,reduced_flux_recovered,2.0500000000000003,0.1453996705725774,0.1343863378052803,0.15299097343019816,-0.01516599537912211,0.07038638663090167,0.0613488696002248,0.05965246174053954,0.0,
pure_electric,DOP853,reduced_flux_recovered,2.075,0.14715909456993131,0.1359191224721708,0.15260750973919887,-0.015510672248831167,0.07036749543423461,0.0612740223819881,0.059463441002123016,0.0,
pure_electric,DOP853,reduced_flux_recovered,2.1,0.14891804345723345,0.13745004481127882,0.1522154612586778,-0.01585277621676074,0.07034837779256373,0.061199881597155927,0.05927553351741967,0.0,
pure_electric,DOP853,reduced_flux_recovered,2.125,0.15067651157101683,0.13897912235059362,0.1518148924843692,-0.016192293472321387,0.07032903352737746,0.06112643664558705,0.05908872975227942,0.0,
pure_electric,DOP853,reduced_flux_recovered,2.15,0.15243449324401304,0.14050637235515967,0.15140586825393176,-0.01652921047213242,0.07030946251310212,0.06105367709162367,0.058903020239709204,0.0,
pure_electric,DOP853,reduced_flux_recovered,2.1750000000000003,0.1541919828064763,0.1420318118311731,0.15098845374027228,-0.016863513939659278,0.0702896646771226,0.060981592662858373,0.05871839557944763,0.0,
pure_electric,DOP853,reduced_flux_recovered,2.2,0.15594897458750787,0.14355545753004767,0.15056271444487881,-0.01719519086482182,0.07026963999978092,0.060910173248897324,0.05853484643754137,0.0,
pure_electric,DOP853,reduced_flux_recovered,2.225,0.15770546291637985,0.14507732595244965,0.15012871619116397,-0.017524228503573967,0.07024938851435313,0.060839408900119595,0.058352363545923346,0.0,
pure_electric,DOP853,reduced_flux_recovered,2.25,0.1594614421238581,0.14659743335230163,0.14968652511781988,-0.017850614377454867,0.07022891030700458,0.06076928982643262,0.058170937701992914,0.0,
pure_electric,DOP853,reduced_flux_recovered,2.275,0.16121690654352316,0.14811579574075487,0.14923620767218518,-0.018174336273112053,0.07020820551672423,0.0606998063960238,0.05799055976819786,0.0,
pure_electric,DOP853,reduced_flux_recovered,2.3000000000000003,0.16297185051308866,0.14963242889013073,0.14877783060362543,-0.018495382241796893,0.07018727433523803,0.060630949134108006,0.0578112206716186,0.0,
pure_electric,DOP853,reduced_flux_recovered,2.325,0.16472626837571652,0.15114734833783017,0.14831146095692732,-0.018813740598832722,0.0701661170069019,0.06056270872167118,0.05763291140355435,0.0,
pure_electric,DOP853,reduced_flux_recovered,2.35,0.1664801544813371,0.15266056939021336,0.14783716606569502,-0.019129399923059082,0.0701447338285732,0.06049507599420997,0.05745562301911133,0.0,
pure_electric,DOP853,reduced_flux_recovered,2.375,0.16823350318795757,0.1541721071264461,0.14735501354577255,-0.019442349056247057,0.07012312514946364,0.06042804194046747,0.057279346636793266,0.0,
pure_electric,DOP853,reduced_flux_recovered,2.4000000000000004,0.16998630886296764,0.1556819764023152,0.14686507128867995,-0.019752577102488823,0.07010129137097215,0.0603615977011648,0.05710407343809423,0.0,
pure_electric,DOP853,reduced_flux_recovered,2.4250000000000003,0.1717385658844424,0.15719019185401184,0.14636740745506277,-0.020060073427562726,0.07007923294649834,0.06029573456772888,0.05692979466709368,0.0,
pure_electric,DOP853,reduced_flux_recovered,2.45,0.1734902686424394,0.15869676790188345,0.14586209046815832,-0.020364827658273178,0.07005695038123712,0.060230443981016284,0.05675650163005389,0.0,
pure_electric,DOP853,reduced_flux_recovered,2.475,0.17524141154029102,0.16020171875415323,0.1453491890072789,-0.020666829681766075,0.07003444423195443,0.06016571753003311,0.05658418569501984,0.0,
pure_electric,DOP853,reduced_flux_recovered,2.5,0.17699198899589064,0.1617050584106081,0.14482877200131133,-0.020966069644820326,0.07001171510674477,0.06010154695065105,0.05641283829142137,0.0,
pure_electric,DOP853,reduced_flux_recovered,2.5250000000000004,0.17874199544297334,0.16320680066625418,0.1443009086222347,-0.021262537953115775,0.06998876366477048,0.060037924124319554,0.056242450909678054,0.0,
pure_electric,DOP853,reduced_flux_recovered,2.5500000000000003,0.180491425332389,0.16470695911494018,0.14376566827865675,-0.02155622527047797,0.06996559061598356,0.05997484107677434,0.056073015100806464,0.0,
pure_electric,DOP853,reduced_flux_recovered,2.575,0.18224027313336885,0.1662055471529486,0.14322312060936965,-0.02184712251810026,0.06994219672082992,0.059912289976742104,0.055904522476030075,0.0,
pure_electric,DOP853,reduced_flux_recovered,2.6,0.18398853333478352,0.1677025779825539,0.1426733354769264,-0.022135220873743484,0.0699185827899369,0.05985026313464176,0.05573696470639177,0.0,
pure_electric,DOP853,reduced_flux_recovered,2.625,0.1857362004463925,0.1691980646155485,0.14211638296123857,-0.0224205117709138,0.06989474968378395,0.05978875300128194,0.055570333522369,0.0,
pure_electric,DOP853,reduced_flux_recovered,2.6500000000000004,0.18748326900008483,0.17069201987673582,0.14155233335319603,-0.022702986898019025,0.06987069831235725,0.059727752166555154,0.05540462071349168,0.0,
pure_electric,DOP853,reduced_flux_recovered,2.6750000000000003,0.18922973355111405,0.17218445640739136,0.14098125714830148,-0.0229826381975049,0.06984642963478743,0.05966725335812831,0.055239818127962706,0.0,
pure_electric,DOP853,reduced_flux_recovered,2.7,0.1909755886793255,0.17367538666869164,0.1404032250403242,-0.02325945786497144,0.06982194465897176,0.059607249440130114,0.055075917672281205,0.0,
pure_electric,DOP853,reduced_flux_recovered,2.725,0.19272082899036616,0.17516482294510818,0.13981830791499095,-0.023533438348267214,0.06979724444118182,0.05954773341183521,0.054912911310868756,0.0,
pure_electric,DOP853,reduced_flux_recovered,2.75,0.19446544911689043,0.17665277734777002,0.13922657684368825,-0.02380457234656571,0.06977233008565542,0.05948869840634514,0.05475079106569825,0.0,
pure_electric,DOP853,reduced_flux_recovered,2.7750000000000004,0.19620944371975366,0.1781392618177927,0.13862810307719214,-0.024072852809422188,0.06974720274417408,0.059430137689266416,0.0545895490159256,0.0,
pure_electric,DOP853,reduced_flux_recovered,2.8000000000000003,0.19795280748919505,0.1796242881295743,0.1380229580394208,-0.024338272935812033,0.06972186361562599,0.059372044657385575,0.05442917729752439,0.0,
pure_electric,DOP853,reduced_flux_recovered,2.825,0.19969553514601013,0.18110786789405847,0.1374112133212107,-0.024600826173151034,0.06969631394555502,0.05931441283734145,0.05426966810292336,0.0,
pure_electric,DOP853,reduced_flux_recovered,2.85,0.2014376214427114,0.1825900125619642,0.13679294067411762,-0.02486050621629794,0.06967055502569587,0.05925723588429474,0.05411101368064676,0.0,
pure_electric,DOP853,reduced_flux_recovered,2.875,0.20317906116467757,0.18407073342698216,0.1361682120042425,-0.025117307006539847,0.06964458819349598,0.059200507580595085,0.0539532063349577,0.0,
pure_electric,DOP853,reduced_flux_recovered,2.9000000000000004,0.20491984913129038,0.185550041628938,0.13553709936608335,-0.025371222730560763,0.06961841483162427,0.05914422183444568,0.05379623842550442,0.0,
pure_electric,DOP853,reduced_flux_recovered,2.9250000000000003,0.20665998019705856,0.18702794815692173,0.1348996749564137,-0.025622247819393797,0.06959203636746747,0.05908837267856562,0.05364010236696948,0.0,
pure_electric,DOP853,reduced_flux_recovered,2.95,0.20839944925272907,0.18850446385238379,0.13425601110818833,-0.025870376947357505,0.06956545427261382,0.05903295426885012,0.053484790628721954,0.0,
pure_electric,DOP853,reduced_flux_recovered,2.975,0.21013825122638433,0.18997959941219733,0.13360618028447707,-0.026115605030976652,0.0695386700623252,0.05897796088302873,0.05333029573447269,0.0,
pure_electric,DOP853,reduced_flux_recovered,3.0,0.21187638108452683,0.19145336539168706,0.1329502550724243,-0.026357927227888153,0.06951168529499711,0.0589233869193216,0.053176610261932364,0.0,
pure_electric,DOP853,reduced_flux_recovered,3.0250000000000004,0.21361383383315574,0.1929257722076265,0.13228830817722378,-0.026597338935733104,0.06948450157160656,0.0588692268950938,0.05302372684247287,0.0,
pure_electric,DOP853,reduced_flux_recovered,3.0500000000000003,0.21535060451882013,0.19439683014119813,0.13162041241614164,-0.026833835791033586,0.06945712053515032,0.0588154754455085,0.05287163816079139,0.0,
pure_electric,DOP853,reduced_flux_recovered,3.075,0.21708668822966343,0.1958665493409221,0.13094664071255666,-0.027067413668056407,0.06942954387007176,0.058762127322178385,0.05272033695457779,0.0,
pure_electric,DOP853,reduced_flux_recovered,3.1,0.21882208009645202,0.19733493982555034,0.1302670660900314,-0.027298068677663493,0.06940177330167734,0.058709177391815984,0.05256981601418489,0.0,
pure_electric,DOP853,reduced_flux_recovered,3.125,0.22055677529358927,0.1988020114869272,0.12958176166641225,-0.027525797166149505,0.06937381059554314,0.05865662063488272,0.052420068182301785,0.0,
pure_electric,DOP853,reduced_flux_recovered,3.1500000000000004,0.22229076904011497,0.20026777409281632,0.128890800647958,-0.027750595714067076,0.06934565755691155,0.05860445214423714,0.05227108635363037,0.0,
pure_electric,DOP853,reduced_flux_recovered,3.1750000000000003,0.22402405660068922,0.20173223728969353,0.12819425632349776,-0.027972461135040066,0.06931731603007855,0.05855266712378213,0.052122863474564754,0.0,
pure_electric,DOP853,reduced_flux_recovered,3.2,0.22575663328656165,0.20319541060550644,0.12749220205861853,-0.028191390474565297,0.06928878789777189,0.0585012608871117,0.05197539254287384,0.0,
pure_electric,DOP853,reduced_flux_recovered,3.225,0.22748849445652417,0.2046573034523996,0.12678471128988292,-0.02840738100880311,0.0692600750805205,0.05845022885615712,0.051828666607387025,0.0,
pure_electric,DOP853,reduced_flux_recovered,3.25,0.22921963551784824,0.20611792512940608,0.1260718575190781,-0.028620430243357226,0.06923117953601543,0.05839956655983286,0.051682678767682705,0.0,
pure_electric,DOP853,reduced_flux_recovered,3.2750000000000004,0.23095005192720547,0.2075772848251051,0.12535371430749567,-0.02883053591204427,0.0692021032584629,0.058349269632682374,0.05153742217378026,0.0,
pure_electric,DOP853,reduced_flux_recovered,3.3000000000000003,0.23267973919157148,0.20903539162024537,0.12463035527024395,-0.0290376959756534,0.06917284827792938,0.058299333813523944,0.05139289002583467,0.0,
pure_electric,DOP853,reduced_flux_recovered,3.325,0.23440869286911326,0.21049225449033487,0.1239018540705918,-0.029241908620696436,0.06914341665967941,0.058249754944096725,0.05124907557383456,0.0,
pure_electric,DOP853,reduced_flux_recovered,3.35,0.23613690857006406,0.21194788230819797,0.12316828441433254,-0.029443172258148773,0.0691138105035052,0.05820052896770687,0.051105972117303104,0.0,
pure_electric,DOP853,reduced_flux_recovered,3.375,0.23786438195757703,0.21340228384649743,0.12242972004419116,-0.0296414855221816,0.06908403194305038,0.05815165192787454,0.05096357300500205,0.0,
pure_electric,DOP853,reduced_flux_recovered,3.4000000000000004,0.23959110874856202,0.21485546778022246,0.12168623473426253,-0.029836847268885733,0.06905408314512708,0.05810311996698156,0.05082187163463886,0.0,
pure_electric,DOP853,reduced_flux_recovered,3.4250000000000003,0.24131708471450664,0.21630744268914348,0.12093790228447869,-0.030029256574987433,0.0690239663090264,0.05805492932491993,0.05068086145257673,0.0,
pure_electric,DOP853,reduced_flux_recovered,3.45,0.24304230568227939,0.217758217060233,0.12018479651510959,-0.03021871273655667,0.06899368366582309,0.05800707633774141,0.05054053595354782,0.0,
pure_electric,DOP853,reduced_flux_recovered,3.475,0.24476676753491544,0.21920779929005266,0.11942699126129572,-0.030405215267708063,0.06896323747767462,0.05795955743630839,0.05040088868036947,0.0,
pure_electric,DOP853,reduced_flux_recovered,3.5,0.24649046621238502,0.22065619768710684,0.11866456036761289,-0.03058876389929489,0.0689326300371147,0.05791236914494611,0.0502619132236634,0.0,
pure_electric,DOP853,reduced_flux_recovered,3.5250000000000004,0.24821339771234419,0.22210342047416223,0.11789757768266959,-0.030769358577596582,0.06890186366634174,0.057865508080096564,0.050123603221577995,0.0,
pure_electric,DOP853,reduced_flux_recovered,3.5500000000000003,0.24993555809086737,0.2235494757905341,0.11712611705373746,-0.030946999462999936,0.06887094071650271,0.057818970948974105,0.049985952359513586,0.0,
pure_electric,DOP853,reduced_flux_recovered,3.575,0.25165694346316253,0.22499437169433895,0.11635025232141488,-0.031121686928674525,0.06883986356697222,0.05777275454822309,0.04984895436985071,0.0,
pure_electric,DOP853,reduced_flux_recovered,3.6,0.25337755000426737,0.22643811616471327,0.11557005731432461,-0.031293421559242564,0.06880863462462779,0.05772685576257762,0.04971260303168133,0.0,
pure_electric,DOP853,reduced_flux_recovered,3.625,0.2550973739497275,0.22788071710399913,0.11478560584384553,-0.03146220414944366,0.06877725632312094,0.05768127156352369,0.04957689217054304,0.0,
pure_electric,DOP853,reduced_flux_recovered,3.6500000000000004,0.2568164115962557,0.22932218233989576,0.1139969716988789,-0.031628035702794724,0.068745731122145,0.05763599900796381,0.049441815658156286,0.0,
pure_electric,DOP853,reduced_flux_recovered,3.6750000000000003,0.2585346593023749,0.23076251962757868,0.11320422864064277,-0.03179091743024502,0.06871406150669906,0.0575910352368842,0.04930736741216442,0.0,
pure_electric,DOP853,reduced_flux_recovered,3.7,0.26025211348904326,0.2322017366517859,0.11240745039749735,-0.031950850748826774,0.06868224998634861,0.057546377474024746,0.049173541395876944,0.0,
pure_electric,DOP853,reduced_flux_recovered,3.725,0.26196877064025664,0.23363984102886926,0.11160671065981725,-0.032107837280302566,0.06865029909448445,0.057502023024552366,0.049040331618015354,0.0,
pure_electric,DOP853,reduced_flux_recovered,3.75,0.26368462730363595,0.2350768403088138,0.11080208307488773,-0.03226187884980853,0.06861821138757816,0.057457969273737274,0.048907732132462065,0.0,
pure_electric,DOP853,reduced_flux_recovered,3.7750000000000004,0.26539968009099457,0.23651274197722394,0.109993641241838,-0.03241297748449432,0.06858598944443581,0.057414213685632744,0.048775737038012086,0.0,
pure_electric,DOP853,reduced_flux_recovered,3.8000000000000003,0.26711392567888703,0.23794755345727633,0.10918145870660821,-0.03256113541216,0.06855363586544937,0.057370753801758455,0.04864434047812785,0.0,
pure_electric,DOP853,reduced_flux_recovered,3.825,0.26882736080913994,0.23938128211164036,0.1083656089569498,-0.032706355059890065,0.06852115327184653,0.0573275872397875,0.048513536640696464,0.0,
pure_electric,DOP853,reduced_flux_recovered,3.85,0.270539982289363,0.24081393524436545,0.10754616541746014,-0.03284863905268495,0.06848854430493906,0.05728471169223739,0.048383319757790186,0.0,
pure_electric,DOP853,reduced_flux_recovered,3.875,0.27225178699344216,0.24224552010273598,0.10672320144465125,-0.03298799021209017,0.0684558116253698,0.057242124925165054,0.048253684105429524,0.0,
pure_electric,DOP853,reduced_flux_recovered,3.9000000000000004,0.27396277186201345,0.2436760438790935,0.10589679032205315,-0.03312441155482349,0.06842295791235892,0.05719982477686621,0.04812462400334916,0.0,
pure_electric,DOP853,reduced_flux_recovered,3.9250000000000003,0.2756729339029178,0.24510551371262643,0.10506700525535201,-0.03325790629140043,0.06838998586294927,0.057157809156579066,0.04799613381476657,0.0,
pure_electric,DOP853,reduced_flux_recovered,3.95,0.2773822701916372,0.24653393669112753,0.1042339193675632,-0.03338847782475818,0.0683568981912515,0.05711607604319273,0.04786820794615354,0.0,
pure_electric,DOP853,reduced_flux_recovered,3.975,0.2790907778717114,0.2479613198527189,0.10339760569423986,-0.03351612974887847,0.06832369762768899,0.05707462348396036,0.047740840847010205,0.0,
pure_electric,DOP853,reduced_flux_recovered,4.0,0.28079845415513593,0.24938767018754487,0.10255813717871495,-0.03364086584740925,0.06829038691824264,0.057033449593217315,0.047614027009641915,0.0,
pure_electric,DOP853,wrong_model,0.0,0.0,0.0,0.15,0.02,0.07127562161525779,0.07127562161525779,0.08,0.0,0.0
pure_electric,DOP853,wrong_model,0.025,0.001781827770823692,0.0017795485295255987,0.15049292806972478,0.019434513753075085,0.0712705891138799,0.0710886419648256,0.0796800582136826,0.0,-1.6230210261938293e-06
pure_electric,DOP853,wrong_model,0.05,0.0035635288933943024,0.0035544510306580387,0.15097173921316487,0.018870650562786147,0.071265489136221,0.07090393421565012,0.07936242437540474,0.0,-3.196058995291959e-06
pure_electric,DOP853,wrong_model,0.07500000000000001,0.005345101634359107,0.005324763917715915,0.1514364743560618,0.01830843835140268,0.07126031796525067,0.07072146776655822,0.07904707843154009,0.0,-4.719474771661145e-06
pure_electric,DOP853,wrong_model,0.1,0.00712654416734604,0.007090542844166237,0.1518871751204151,0.017747904896693548,0.07125507187683008,0.07054121235013058,0.07873400049374123,0.0,-6.193628701436726e-06
pure_electric,DOP853,wrong_model,0.125,0.008907854572815,0.008851842710930972,0.1523238838208249,0.01718907782832755,0.07124974714203472,0.07036313802972462,0.07842317083763305,0.0,-7.618880598014579e-06
pure_electric,DOP853,wrong_model,0.15000000000000002,0.010689030837966622,0.010608717674620927,0.1527466434607446,0.016631984624324508,0.07124434002944233,0.07018721519655954,0.0781145699015104,0.0,-8.995589727865165e-06
pure_electric,DOP853,wrong_model,0.17500000000000002,0.012470070856708109,0.012361221155696574,0.1531554977286458,0.016076652607556453,0.07123884680738551,0.07001341456686212,0.07780817828504015,0.0,-1.032411479666576e-05
pure_electric,DOP853,wrong_model,0.2,0.014250972429675038,0.014109405846557618,0.1535504909940967,0.015523108942299586,0.07123326374616895,0.06984170717907101,0.07750397674796779,0.0,-1.160481393574489e-05
pure_electric,DOP853,wrong_model,0.225,0.016031733264308207,0.015853323719563158,0.1539316683037545,0.01497138063083761,0.07122758712025087,0.06967206439109755,0.07720194620882877,0.0,-1.2838044688832987e-05
pure_electric,DOP853,wrong_model,0.25,0.017812350974984494,0.017593026034984267,0.15429907537727397,0.014421494510117122,0.07122181321038892,0.06950445787764135,0.07690206774366494,0.0,-1.4024163999113163e-05
pure_electric,DOP853,wrong_model,0.275,0.019592823083200678,0.01932856334889084,0.15465275860313274,0.013873477248455593,0.07121593830575008,0.06933885962755837,0.07660432258474621,0.0,-1.5163528196566199e-05
pure_electric,DOP853,wrong_model,0.30000000000000004,0.02137314701780934,0.021059985520974517,0.15499276503437467,0.013327355342302673,0.07120995870598437,0.06917524194127951,0.0763086921192975,0.0,-1.6256492985603608e-05
pure_electric,DOP853,wrong_model,0.325,0.02315332011530568,0.022787341722309583,0.15531914238427247,0.012783155113055356,0.07120387072326247,0.06901357742827799,0.0760151578882315,0.0,-1.7303413432982863e-05
pure_electric,DOP853,wrong_model,0.35000000000000003,0.024933339620166417,0.02451068044304539,0.15563193902191264,0.01224090270392389,0.07119767068427667,0.0688538390045851,0.0757237015848866,0.0,-1.8304643956008803e-05
pure_electric,DOP853,wrong_model,0.375,0.026713202685238708,0.02623004950003353,0.1559312039677037,0.011700624076849993,0.0711913549322056,0.0686959998903527,0.07543430505377019,0.0,-1.9260538311014195e-05
pure_electric,DOP853,wrong_model,0.4,0.02849290637217517,0.027945496044407665,0.15621698688880478,0.01116234500948482,0.07118491982864224,0.06854003360745654,0.07514695028930916,0.0,-2.0171449582090446e-05
pure_electric,DOP853,wrong_model,0.42500000000000004,0.03027244765191833,0.02965706656909478,0.1564893380944816,0.01062609109221745,0.07117836175548513,0.06838591397714405,0.07486161943460566,0.0,-2.1037730170096022e-05
pure_electric,DOP853,wrong_model,0.45,0.03205182340523101,0.031364806916271665,0.15674830853138846,0.010091887725259725,0.07117167711679302,0.06823361511772219,0.07457829478019927,0.0,-2.185973178192036e-05
pure_electric,DOP853,wrong_model,0.47500000000000003,0.03383103042327308,0.033068762284763145,0.15699394977877798,0.009559760115785458,0.07116486234060242,0.06808311144228453,0.07429695876283564,0.0,-2.2637805420002082e-05
pure_electric,DOP853,wrong_model,0.5,0.03561006540822344,0.03476897723738341,0.1572263140436397,0.009029733275124494,0.07115791388070819,0.06793437765647613,0.0740175939642414,0.0,-2.3372301372096775e-05
pure_electric,DOP853,wrong_model,0.525,0.03738892497394621,0.03646549570822148,0.15744545415576977,0.008501832016011977,0.07115082821840714,0.06778738875629461,0.07374018310990565,0.0,-2.4063569201289753e-05
pure_electric,DOP853,wrong_model,0.55,0.03916760564670005,0.038158361009872174,0.15765142356277198,0.007976080949893286,0.07114360186420449,0.06764212002592607,0.0734647090678682,0.0,-2.471195773624891e-05
pure_electric,DOP853,wrong_model,0.5750000000000001,0.0409461038658894,0.03984761584061369,0.15784427632499273,0.007452504484285039,0.07113623135948333,0.06749854703561418,0.07319115484751462,0.0,-2.5317815061713056e-05
pure_electric,DOP853,wrong_model,0.6000000000000001,0.04272441598485675,0.041533302291533084,0.15802406711039022,0.006931126820192576,0.07112871327813697,0.0673566456395613,0.07291950359837819,0.0,-2.5881488509210997e-05
pure_electric,DOP853,wrong_model,0.625,0.04450253827171466,0.043215461853600715,0.15819085118934004,0.006411971949584365,0.07112104422816413,0.06721639197385973,0.07264973860894915,0.0,-2.640332464800658e-05
pure_electric,DOP853,wrong_model,0.65,0.04628046691021653,0.04489413542469513,0.15834468442937835,0.0058950636529236985,0.07111322085322706,0.06707776245445196,0.07238184330549098,0.0,-2.6883669276265078e-05
pure_electric,DOP853,wrong_model,0.675,0.04805819800066692,0.04656936331657539,0.15848562328988372,0.00538042549675564,0.07110523983417218,0.0669407337751191,0.07211580125086385,0.0,-2.732286741243854e-05
pure_electric,DOP853,wrong_model,0.7000000000000001,0.049835727560876085,0.04824118526178835,0.15861372481669975,0.004868080831340447,0.07109709789051345,0.06680528290550002,0.07185159614335376,0.0,-2.772126328687584e-05
pure_electric,DOP853,wrong_model,0.7250000000000001,0.05161305152713951,0.049909640420551876,0.1587290466366991,0.004358052788360379,0.07108879178187934,0.06667138708913012,0.07158921181551163,0.0,-2.807920033362264e-05
pure_electric,DOP853,wrong_model,0.75,0.053390165755259705,0.05157476738757591,0.15883164695229043,0.0038503642786739565,0.07108031830942205,0.06653902384150748,0.0713286322329983,0.0,-2.8397021182436982e-05
pure_electric,DOP853,wrong_model,0.775,0.05516706602160112,0.05323660419883763,0.15892158453587094,0.0033450379901286925,0.07107167431719014,0.06640817094818215,0.07106984149343744,0.0,-2.86750676510074e-05
pure_electric,DOP853,wrong_model,0.8,0.05694374802417906,0.05489518833830941,0.1589989187242244,0.002842096385430532,0.07106285669346396,0.06627880646286734,0.07081282382527587,0.0,-2.891368073736694e-05
pure_electric,DOP853,wrong_model,0.8250000000000001,0.058720207383781975,0.05655055674463942,0.15906370941286646,0.0023415617000695347,0.07105386237205413,0.0661509087055718,0.07055756358665163,0.0,-2.9113200612499862e-05
pure_electric,DOP853,wrong_model,0.8500000000000001,0.06049643964512594,0.058202745817785506,0.15911601705033876,0.001843455940301966,0.07104468833356324,0.06602445626075239,0.0703040452642695,0.0,-2.92739666131376e-05
pure_electric,DOP853,wrong_model,0.875,0.062272440278040235,0.059851791425603026,0.15915590263245316,0.001347800881188915,0.07103533160661062,0.06589942797548562,0.07005225347228447,0.0,-2.93963172347403e-05
pure_electric,DOP853,wrong_model,0.9,0.06404820467868305,0.06149772891038738,0.15918342769648772,0.0008546180646915669,0.07102578926902073,0.06577580295765742,0.06980217295119281,0.0,-2.9480590124660532e-05
pure_electric,DOP853,wrong_model,0.925,0.0658237281707859,0.06314059309537169,0.1591986543153361,0.0003639287978232913,0.07101605844897484,0.06565356057416989,0.06955378856673118,0.0,-2.952712207548555e-05
pure_electric,DOP853,wrong_model,0.9500000000000001,0.06759900600692598,0.06478041829118067,0.15920164509161172,-0.00012424584914136165,0.07100613632612643,0.06553268044916405,0.06930708530878367,0.0,-2.9536249018554634e-05
pure_electric,DOP853,wrong_model,0.9750000000000001,0.06937403336982523,0.066417238302241,0.1591924631517083,-0.0006098850444006022,0.07099602013268035,0.06541314246225777,0.06906204829029679,0.0,-2.9508306017647897e-05
pure_electric,DOP853,wrong_model,1.0,0.0711488053736752,0.06805108643314857,0.159171172139818,-0.0010929681963025662,0.07098570715443565,0.06529492674679756,0.06881866274620263,0.0,-2.9443627262842758e-05
pure_electric,DOP853,wrong_model,1.0250000000000001,0.07292331706549628,0.06968199549498322,0.15913783621190347,-0.0015734749549757314,0.07097519473179185,0.06517801368812662,0.06857691403234878,0.0,-2.9342546064527585e-05
pure_electric,DOP853,wrong_model,1.05,0.07469756342651222,0.07130999781158918,0.15909252002963517,-0.0020513852138941096,0.07096448026072014,0.06506238392186334,0.06833678762443758,0.0,-2.920539484758227e-05
pure_electric,DOP853,wrong_model,1.075,0.07647153937355004,0.0729351252258127,0.1590352887542891,-0.002526679111387621,0.07095356119369853,0.06494801833219148,0.06809826911697328,0.0,-2.903250514571213e-05
pure_electric,DOP853,wrong_model,1.1,0.07824523976046441,0.07455740910569403,0.1589662080406071,-0.0029993370320996133,0.07094243504061165,0.06483489805016274,0.06786134422221698,0.0,-2.8824207595938334e-05
pure_electric,DOP853,wrong_model,1.125,0.08001865937958319,0.07617688035061805,0.15888534403062185,-0.003469339608388195,0.07093109936961509,0.06472300445200926,0.06762599876914993,0.0,-2.8580831933238137e-05
pure_electric,DOP853,wrong_model,1.1500000000000001,0.08179179296317479,0.07779356939742312,0.1587927633474471,-0.003936667721673137,0.0709195518079645,0.06461231915746603,0.0673922187024448,0.0,-2.830270698533029e-05
pure_electric,DOP853,wrong_model,1.175,0.08356463518493591,0.07940750622646733,0.15868853308903438,-0.004401302503728392,0.07090779004280978,0.06450282402810227,0.06715999008144516,0.0,-2.7990160667602965e-05
pure_electric,DOP853,wrong_model,1.2000000000000002,0.08533718066149902,0.0810187203676536,0.15857272082189813,-0.0048632253379205,0.07089581182195441,0.06439450116566146,0.06692929907915317,0.0,-2.764351997818157e-05
pure_electric,DOP853,wrong_model,1.225,0.0871094239539581,0.08262724090641299,0.15844539457481058,-0.0053224178603928736,0.0708836149545803,0.06428733291040895,0.0667001319812254,0.0,-2.7263110993133873e-05
pure_electric,DOP853,wrong_model,1.25,0.08888135956941204,0.08423309648964714,0.15830662283246802,-0.005778861961196252,0.07087119731193842,0.06418130183948687,0.066472475184977,0.0,-2.6849258861809785e-05
pure_electric,DOP853,wrong_model,1.2750000000000001,0.09065298196252404,0.08583631533162991,0.15815647452912993,-0.0062325397853653375,0.07085855682800536,0.06407639076527553,0.06624631519839398,0.0,-2.6402287802313234e-05
pure_electric,DOP853,wrong_model,1.3,0.09242428553709647,0.08743692521986846,0.1579950190422328,-0.006683433733941821,0.07084569150010615,0.06397258273376073,0.06602163863915397,0.0,-2.592252109710349e-05
pure_electric,DOP853,wrong_model,1.3250000000000002,0.09419526464765995,0.08903495352092416,0.15782232618597986,-0.007131526464943951,0.07083259938950359,0.06386986102290608,0.06579843223365525,0.0,-2.5410281088723324e-05
pure_electric,DOP853,wrong_model,1.35,0.0959659136010815,0.09063042718619059,0.1576384662049021,-0.007576800894287937,0.07081927862195359,0.06376820914103123,0.0655766828160535,0.0,-2.486588917563788e-05
pure_electric,DOP853,wrong_model,1.375,0.09773622665818808,0.09222337275762958,0.15744350976739552,-0.008019240196659217,0.07080572738822744,0.0636676108251951,0.06535637732730672,0.0,-2.4289665808189432e-05
pure_electric,DOP853,wrong_model,1.4000000000000001,0.09950619803539199,0.09381381637347289,0.15723752795924748,-0.008458827806322976,0.07079194394460234,0.0635680500395809,0.06513750281422939,0.0,-2.3681930484687455e-05
pure_electric,DOP853,wrong_model,1.425,0.1012758219063363,0.09540178377387903,0.15702059227713552,-0.008895547417890719,0.07077792661331862,0.0634695109738862,0.06492004642855415,0.0,-2.3043001747597522e-05
pure_electric,DOP853,wrong_model,1.4500000000000002,0.10304509240354874,0.09698730030655128,0.1567927746221107,-0.00932938298703417,0.07076367378300492,0.06337197804171585,0.06470399542600182,0.0,-2.2373197179846673e-05
pure_electric,DOP853,wrong_model,1.475,0.1048140036201062,0.09857039093231512,0.15655414729306272,-0.00976031873114931,0.0707491839090715,0.06327543587897731,0.0644893371653598,0.0,-2.1672833401233805e-05
pure_electric,DOP853,wrong_model,1.5,0.10658254961130911,0.10015108023065597,0.15630478298016875,-0.010188339129971061,0.07073445551407172,0.06317986934227843,0.0642760591075686,0.0,-2.0942226064943e-05
pure_electric,DOP853,wrong_model,1.5250000000000001,0.10835072439636476,0.10172939240521651,0.15604475475832721,-0.01061342892613887,0.07071948718803225,0.063085263507327,0.06406414881481658,0.0,-2.0181689854157995e-05
pure_electric,DOP853,wrong_model,1.55,0.11011852196007817,0.10330535128925405,0.15577413608057789,-0.011035573125713592,0.07070427758875225,0.0629916036673319,0.06385359394964289,0.0,-1.9391538478775903e-05
pure_electric,DOP853,wrong_model,1.5750000000000002,0.1118859362545503,0.1048789803510582,0.1554930007715101,-0.011454756998646086,0.07068882544207189,0.06289887533140544,0.06364438227404882,0.0,-1.8572084672218094e-05
pure_electric,DOP853,wrong_model,1.6,0.11365296120088168,0.10645030269932833,0.1552014230206607,-0.011870966079197801,0.07067312954211058,0.06280706422296649,0.06343650164861711,0.0,-1.7723640188336597e-05
pure_electric,DOP853,wrong_model,1.625,0.11541959069088122,0.10801934108851152,0.15489947737590246,-0.012284186166313805,0.07065718875147524,0.0627161562781442,0.0632299400316396,0.0,-1.6846515798413842e-05
pure_electric,DOP853,wrong_model,1.6500000000000001,0.11718581858877877,0.1095861179241007,0.15458723873682556,-0.012694403323948562,0.07064100200143894,0.06262613764418178,0.06302468547825323,0.0,-1.5941021288254012e-05
pure_electric,DOP853,wrong_model,1.675,0.11895163873294312,0.11115065526789258,0.15426478234810956,-0.013101603881346315,0.07062456829209006,0.06253699467784019,0.06282072613958392,0.0,-1.500746545535666e-05
pure_electric,DOP853,wrong_model,1.7000000000000002,0.1207170449376123,0.11271297484320454,0.15393218379287674,-0.013505774433282004,0.0706078866924512,0.062448713943802775,0.06261805026189811,0.0,-1.4046156106145582e-05
pure_electric,DOP853,wrong_model,1.725,0.12248203099461112,0.11427309804005346,0.15358951898606082,-0.013906901840247123,0.07059095634057151,0.06236128221307784,0.062416646185763446,0.0,-1.3057400053325576e-05
pure_electric,DOP853,wrong_model,1.75,0.12424659067507926,0.11583104592029406,0.15323686416775986,-0.01430497322859663,0.07057377644358954,0.06227468646140116,0.062216502345216924,0.0,-1.2041503113291405e-05
pure_electric,DOP853,wrong_model,1.7750000000000001,0.12601071773119865,0.11738683922271684,0.1528742958965891,-0.014699975990651096,0.07055634627776844,0.062188913867637696,0.062017607266941256,0.0,-1.0998770103621107e-05
pure_electric,DOP853,wrong_model,1.8,0.12777440589792144,0.11894049836810634,0.1525018910430313,-0.015091897784755583,0.07053866518850355,0.062103951812182034,0.061819949569449306,0.0,-9.92950484064186e-06
pure_electric,DOP853,wrong_model,1.8250000000000002,0.1295376488946983,0.12049204346425944,0.15211972678278574,-0.015480726535296143,0.07052073259030267,0.062019787875357606,0.06162351796227652,0.0,-8.834010137065138e-06
pure_electric,DOP853,wrong_model,1.85,0.13130044042720598,0.1220414943109635,0.15172788059011674,-0.01586645043267436,0.07050254796673958,0.06193640983581438,0.06142830124518133,0.0,-7.712587799689985e-06
pure_electric,DOP853,wrong_model,1.875,0.13306277418907375,0.12358887040493453,0.15132643023120323,-0.016249057933240583,0.07048411087038085,0.06185380566892508,0.06123428830735363,0.0,-6.565538627172738e-06
pure_electric,DOP853,wrong_model,1.9000000000000001,0.1348246438636072,0.12513419094471528,0.15091545375749074,-0.016628537759186275,0.07046542092268691,0.06177196354517963,0.06104146812663107,0.0,-5.393162407862031e-06
pure_electric,DOP853,wrong_model,1.925,0.13658604312550898,0.1266774748355329,0.15049502949904744,-0.01700487889839601,0.07044647781388723,0.061690871828577826,0.0608498297687234,0.0,-4.195757917697632e-06
pure_electric,DOP853,wrong_model,1.9500000000000002,0.1383469656425957,0.12821874069411673,0.1500652360579249,-0.017378070604259728,0.07042728130283041,0.06161051907502002,0.060659362386444725,0.0,-2.973622918171553e-06
pure_electric,DOP853,wrong_model,1.975,0.14010740507750974,0.12975800685347538,0.14962615230152573,-0.01774810239544563,0.07040783121680945,0.06153089403069572,0.06047005521895358,0.0,-1.7270541543503568e-06
pure_electric,DOP853,wrong_model,2.0,0.14186735508942588,0.13129529136763396,0.14917785735597822,-0.018114964055634574,0.07038812745136258,0.061451985630469975,0.06028189759100095,0.0,-4.563473529552194e-07
pure_electric,DOP853,wrong_model,2.025,0.14362680933576158,0.13283061201633103,0.14872043059950343,-0.018478645633221165,0.07036816997004856,0.06137378299626798,0.0600948789121857,0.0,8.382027795388272e-07
pure_electric,DOP853,wrong_model,2.0500000000000003,0.14538576147387186,0.1343639863096746,0.1482539516558057,-0.018839137440973423,0.07034795880419986,0.061296275435457216,0.059908988676218175,0.0,2.156302558716304e-06
pure_electric,DOP853,wrong_model,2.075,0.14714420516273874,0.13589543149275812,0.14777850038747029,-0.019196430055656376,0.07032749405265215,0.06121945243922711,0.059724216460191534,0.0,3.4976593239905317e-06
pure_electric,DOP853,wrong_model,2.1,0.14890213406465594,0.13742496455023565,0.14729415688936753,-0.019550514317621302,0.07030677588145069,0.06114330368096663,0.05954055192386062,0.0,4.861981440331428e-06
pure_electric,DOP853,wrong_model,2.125,0.15065954184690478,0.1389526022108564,0.14680100148206973,-0.019901381330359454,0.07028580452353438,0.0610678190146396,0.05935798480892859,0.0,6.248978299944438e-06
pure_electric,DOP853,wrong_model,2.15,0.15241642218342225,0.14047836095195895,0.14629911470527834,-0.0202490224600216,0.07026458027839749,0.06099298847315743,0.059176504938341215,0.0,7.65836032390879e-06
pure_electric,DOP853,wrong_model,2.1750000000000003,0.15417276875646083,0.1420022570039245,0.14578857731126335,-0.020593429334904007,0.0702431035117299,0.0609188022667497,0.05899610221558868,0.0,9.089838963776001e-06
pure_electric,DOP853,wrong_model,2.2,0.15592857525823897,0.14352430635458938,0.14526947025831569,-0.02093459384490142,0.07022137465503572,0.06084525078133228,0.05881676662401506,0.0,1.0543126703129438e-05
pure_electric,DOP853,wrong_model,2.225,0.1576838353925819,0.14504452475361718,0.14474187470421362,-0.021272508140927723,0.0701993942052314,0.06077232457687319,0.05863848822613525,0.0,1.2017937059106395e-05
pure_electric,DOP853,wrong_model,2.25,0.15943854287655182,0.14656292771682936,0.14420587199970478,-0.02160716463430478,0.0701771627242231,0.06070001438575619,0.058461257162959454,0.0,1.3513984583883147e-05
pure_electric,DOP853,wrong_model,2.275,0.1611926914420666,0.1480795305304951,0.14366154368200468,-0.02193855599612016,0.07015468083846442,0.06062831111114211,0.058285063653325066,0.0,1.5030984866124304e-05
pure_electric,DOP853,wrong_model,2.3000000000000003,0.16294627483750698,0.14959434825558024,0.14310897146831286,-0.022266675156554262,0.07013194923849433,0.06055720582532796,0.05810989799323604,0.0,1.656865453239748e-05
pure_electric,DOP853,wrong_model,2.325,0.16469928682931037,0.15110739573195445,0.14254823724934812,-0.02259151530417752,0.07010896867845626,0.06048668976810387,0.05793575055520968,0.0,1.8126711248553992e-05
pure_electric,DOP853,wrong_model,2.35,0.1664517212035577,0.1526186875825588,0.1419794230828928,-0.02291306988522007,0.07008573997559751,0.06041675434510785,0.05776261178763054,0.0,1.970487372110208e-05
pure_electric,DOP853,wrong_model,2.375,0.16820357176754824,0.15412823821753197,0.14140261118735348,-0.023231332602813626,0.07006226400975013,0.06034739112617875,0.05759047221411181,0.0,2.130286169855979e-05
pure_electric,DOP853,wrong_model,2.4000000000000004,0.16995483235135223,0.15563606183829357,0.1408178839353582,-0.023546297416202386,0.0700385417227954,0.06027859184370706,0.05741932243286395,0.0,2.2920395972742277e-05
pure_electric,DOP853,wrong_model,2.4250000000000003,0.17170549680935693,0.15714217244158774,0.1402253238473606,-0.023857958539929412,0.0700145741181095,0.06021034839098394,0.05724915311607054,0.0,2.455719838005746e-05
pure_electric,DOP853,wrong_model,2.45,0.1734555590217966,0.15864658382348493,0.13962501358526883,-0.024166310442996004,0.06999036225999257,0.06014265282054847,0.057079955009271245,0.0,2.6212991802769807e-05
pure_electric,DOP853,wrong_model,2.475,0.175205012896268,0.1601493095833423,0.13901703594609516,-0.024471347847995404,0.06996590727308087,0.0600754973425333,0.056911718930751934,0.0,2.788750017024707e-05
pure_electric,DOP853,wrong_model,2.5,0.17695385236923153,0.16165036312772302,0.1384014738556268,-0.024773065730221592,0.06994121034174271,0.06000887432300856,0.056744435770941924,0.0,2.9580448460190985e-05
pure_electric,DOP853,wrong_model,2.5250000000000004,0.1787020714074971,0.16314975767427387,0.1377784103621191,-0.025071459316753694,0.06991627270945838,0.05994277628232445,0.05657809649181824,0.0,3.129156269985256e-05
pure_electric,DOP853,wrong_model,2.5500000000000003,0.18044966400969445,0.1646475062555618,0.1371479286300119,-0.025366524085516623,0.06989109567818474,0.0598771958934524,0.0564126921263169,0.0,3.302056996723249e-05
pure_electric,DOP853,wrong_model,2.575,0.18219662420772695,0.16614362172286862,0.13651011193366983,-0.02565825576431864,0.06986568060770469,0.05981212598032509,0.056248213777751147,0.0,3.476719839226782e-05
pure_electric,DOP853,wrong_model,2.6,0.183942946068209,0.16763811674994442,0.13586504365114813,-0.025946650329866348,0.06984002891496213,0.05974755951617533,0.056084652619236564,0.0,3.653117715800496e-05
pure_electric,DOP853,wrong_model,2.625,0.18568862369388583,0.16913100383671892,0.13521280725798399,-0.02623170400675779,0.06981414207338277,0.05968348962187406,0.055921999893123124,0.0,3.8312236501760194e-05
pure_electric,DOP853,wrong_model,2.6500000000000004,0.1874336512250356,0.17062229531297132,0.13455348632101533,-0.026513413266454282,0.06978802161218131,0.0596199095642675,0.05576024691043401,0.0,4.011010771626826e-05
pure_electric,DOP853,wrong_model,2.6750000000000003,0.18917802284085458,0.17211200334195878,0.1338871644922232,-0.026791774826231848,0.06976166911565507,0.05955681275451355,0.05559938505031127,0.0,4.19245231508283e-05
pure_electric,DOP853,wrong_model,2.7,0.1909217327608317,0.17360013992400514,0.13321392550258626,-0.027066785648114076,0.06973508622246327,0.0594941927464176,0.055439405759468124,0.0,4.3755216212479056e-05
pure_electric,DOP853,wrong_model,2.725,0.19266477524609327,0.17508671690004474,0.13253385315598673,-0.0273384429377834,0.06970827462489602,0.05943204323476823,0.05528030055164805,0.0,4.56019213671114e-05
pure_electric,DOP853,wrong_model,2.75,0.19440714460073544,0.17657174595512662,0.13184703132313044,-0.02760674414347487,0.06968123606812983,0.0593703580536724,0.05512206100709049,0.0,4.746437414061056e-05
pure_electric,DOP853,wrong_model,2.7750000000000004,0.19614883517313694,0.17805523862187667,0.1311535439354975,-0.027871686954851697,0.06965397234947159,0.05930913117489078,0.05496467877200307,0.0,4.934231111998894e-05
pure_electric,DOP853,wrong_model,2.8000000000000003,0.19788984135725246,0.17953720628391798,0.13045347497932125,-0.028133269301863287,0.06962648531759133,0.05924835670617314,0.05480814555804048,0.0,5.123546995451937e-05
pure_electric,DOP853,wrong_model,2.825,0.19963015759388716,0.18101766017924986,0.1297469084895954,-0.02839148935358646,0.06959877687174376,0.05918802888959389,0.054652453141789764,0.0,5.3143589356871705e-05
pure_electric,DOP853,wrong_model,2.85,0.20136977837195175,0.18249661140358522,0.1290339285441098,-0.02864634551705035,0.06957084896097936,0.05912814209988819,0.05449759336426216,0.0,5.506640910425245e-05
pure_electric,DOP853,wrong_model,2.875,0.20310869822969743,0.18397407091364631,0.1283146192575159,-0.028897836436045578,0.06954270358334518,0.05906869084278857,0.05434355813039125,0.0,5.700367003954857e-05
pure_electric,DOP853,wrong_model,2.9000000000000004,0.20484691175593134,0.18545004953041905,0.12758906477542203,-0.029145960989918313,0.0695143427850759,0.059009669753362366,0.05419033940853755,0.0,5.895511407247542e-05
pure_electric,DOP853,wrong_model,2.9250000000000003,0.20658441359121046,0.18692455794236545,0.12685734926852013,-0.029390718292349696,0.06948576865977558,0.05895107359435017,0.054037929229999344,0.0,6.092048418072942e-05
pure_electric,DOP853,wrong_model,2.95,0.20832119842901575,0.18839760670859476,0.12611955692674348,-0.029632107690121288,0.0694569833475904,0.05889289725450539,0.053886319688529805,0.0,6.28995244111461e-05
pure_electric,DOP853,wrong_model,2.975,0.21005726101690395,0.18986920626199275,0.12537577195345728,-0.02987012876186701,0.06942798903437286,0.058835135746935135,0.053735502939860263,0.0,6.489197988086347e-05
pure_electric,DOP853,wrong_model,3.0,0.21179259615763849,0.19133936691230927,0.12462607855968126,-0.03010478131681226,0.06939878795083797,0.05877778420744271,0.05358547120122971,0.0,6.689759677849304e-05
pure_electric,DOP853,wrong_model,3.0250000000000004,0.21352719871030482,0.19280809884920638,0.12387056095832996,-0.030336065393500845,0.06936938237171024,0.05872083789287145,0.05343621675092046,0.0,6.89161223653329e-05
pure_electric,DOP853,wrong_model,3.0500000000000003,0.21526106359139804,0.19427541214526314,0.12310930335849982,-0.03056398125850983,0.06933977461486453,0.05866429217945086,0.053287731927799814,0.0,7.094730497655953e-05
pure_electric,DOP853,wrong_model,3.075,0.2169941857758902,0.1957413167589393,0.12234238995978686,-0.030788529405153076,0.06930996704045954,0.058608142561144605,0.05314000913086767,0.0,7.299089402243657e-05
pure_electric,DOP853,wrong_model,3.1,0.21872656029827672,0.1972058225374983,0.1215699049466337,-0.031009710552174087,0.06927996205006437,0.05855238464800085,0.052993040818810226,0.0,7.504663998954338e-05
pure_electric,DOP853,wrong_model,3.125,0.2204581822536006,0.19866893921988857,0.1207919324827109,-0.031227525642428547,0.06924976208577872,0.058497014164505014,0.052846819509559426,0.0,7.711429444201525e-05
pure_electric,DOP853,wrong_model,3.1500000000000004,0.22218904679845444,0.20013067643958396,0.12000855670533067,-0.031441975841557085,0.06921936962934712,0.05844202694793522,0.052701337779858436,0.0,7.919361002280108e-05
pure_electric,DOP853,wrong_model,3.1750000000000003,0.22391914915196068,0.20159104372738298,0.11921986171989352,-0.031653062536648735,0.06918878720126743,0.05838741894672051,0.052556588264832865,0.0,8.128434045493851e-05
pure_electric,DOP853,wrong_model,3.2,0.22564848459672945,0.2030500505141673,0.11842593159436815,-0.031860787334895564,0.06915801735989406,0.05833318621880218,0.052412563657567725,0.0,8.338624054284717e-05
pure_electric,DOP853,wrong_model,3.225,0.22737704847979384,0.20450770613361907,0.11762685035380527,-0.03206515206223896,0.06912706270053617,0.0582793249299983,0.052269256708690134,0.0,8.549906617363968e-05
pure_electric,DOP853,wrong_model,3.25,0.22910483621352257,0.20596401982489737,0.11682270197488571,-0.03226615876200802,0.06909592585455143,0.058225831352371644,0.05212666022595768,0.0,8.762257431845087e-05
pure_electric,DOP853,wrong_model,3.2750000000000004,0.2308318432765096,0.20741900073527414,0.1160135703805035,-0.03246380969355059,0.06906460948843539,0.058172701862601366,0.05198476707385232,0.0,8.97565230337854e-05
pure_electric,DOP853,wrong_model,3.3000000000000003,0.23255806521444058,0.20887265792272883,0.1151995394343841,-0.03265810733085728,0.06903311630290723,0.05811993294035841,0.05184357017317986,0.0,9.190067146288362e-05
pure_electric,DOP853,wrong_model,3.325,0.23428349764093623,0.21032500035850293,0.11438069293573865,-0.03284905436117918,0.0690014490319919,0.05806752116668499,0.051703062500674885,0.0,9.405477983710653e-05
pure_electric,DOP853,wrong_model,3.35,0.23600813623837436,0.2117760369296142,0.11355711461394591,-0.03303665368363908,0.06896961044209862,0.05801546322237826,0.05156323708861129,0.0,9.621860947735723e-05
pure_electric,DOP853,wrong_model,3.375,0.23773197675869018,0.21322577644133098,0.11272888812326684,-0.033220908407836904,0.06893760333109623,0.057963755886378227,0.05142408702441821,0.0,9.83919227955305e-05
pure_electric,DOP853,wrong_model,3.4000000000000004,0.23945501502414843,0.21467422761960497,0.11189609703760839,-0.033401821852450435,0.06890543052738708,0.05791239603416064,0.051285605450301065,0.0,0.00010057448329595496
pure_electric,DOP853,wrong_model,3.4250000000000003,0.24117724692809583,0.2161213991134647,0.11105882484531146,-0.033579397543830776,0.06887309488897787,0.057861380636134385,0.05114778556286809,0.0,0.00010276605557688257
pure_electric,DOP853,wrong_model,3.45,0.24289866843568975,0.217567299497369,0.11021715494397734,-0.0337536392145934,0.06884059930254874,0.05781070675604405,0.051010620612761966,0.0,0.00010496640533199553
pure_electric,DOP853,wrong_model,3.475,0.244619275584603,0.21901193727352042,0.109371170635329,-0.03392455080220512,0.06880794668252077,0.057760371549377576,0.05087410390429678,0.0,0.00010717529935193993
pure_electric,DOP853,wrong_model,3.5,0.24633906448570586,0.2204553208741389,0.10852095512010715,-0.03409213644756729,0.0687751399701222,0.057710372261779386,0.050738228795099975,0.0,0.00010939250552588631
pure_electric,DOP853,wrong_model,3.5250000000000004,0.2480580313237248,0.22189745866369598,0.10766659149300162,-0.03425640049359563,0.06874218213245356,0.05766070622746904,0.050602988695759535,0.0,0.00011161779284311736
pure_electric,DOP853,wrong_model,3.5500000000000003,0.24977617235787747,0.22333835894110943,0.10680816273761827,-0.03441734748379696,0.06870907616155214,0.05761137086766568,0.05046837706947607,0.0,0.0001138509313946419
pure_electric,DOP853,wrong_model,3.575,0.2514934839224847,0.2247780299418987,0.10594575172148177,-0.03457498216084335,0.06867582507345615,0.057562363689018445,0.050334387431719925,0.0,0.00011609169237483606
pure_electric,DOP853,wrong_model,3.6,0.2532099624275589,0.22621647984030116,0.10507944119107455,-0.034729309465143895,0.06864243190726875,0.05751368228204305,0.05020101334989317,0.0,0.0001183398480831105
pure_electric,DOP853,wrong_model,3.625,0.25492560435936834,0.22765371675134916,0.10420931376691242,-0.03488033453341464,0.06860889972422234,0.05746532431956471,0.05006824844299645,0.0,0.00012059517192560432
pure_electric,DOP853,wrong_model,3.6500000000000004,0.2566404062809785,0.22908974873290827,0.10333545193865673,-0.03502806269724682,0.06857523160674349,0.057417287555167625,0.04993608638130053,0.0,0.0001228574384169053
pure_electric,DOP853,wrong_model,3.6750000000000003,0.25835436483276986,0.23052458378767685,0.1024579380602614,-0.035172499481673725,0.06854143065751857,0.05736956982165117,0.04980452088602278,0.0,0.0001251264231818016
pure_electric,DOP853,wrong_model,3.7,0.26006747673293507,0.23195822986514772,0.10157685434514509,-0.03531365060373538,0.06850749999855969,0.0573221690294929,0.04967354572900851,0.0,0.00012740190295708494
pure_electric,DOP853,wrong_model,3.725,0.26177973877794863,0.23339069486353067,0.10069228286141686,-0.03545152197104407,0.06847344277027315,0.057275083165318735,0.04954315473241652,0.0,0.0001296836555933458
pure_electric,DOP853,wrong_model,3.75,0.26349114784301536,0.23482198663163698,0.09980430552712828,-0.03558611968034849,0.06843926213052891,0.05722831029038047,0.0494133417684095,0.0,0.00013197146005681834
pure_electric,DOP853,wrong_model,3.7750000000000004,0.26520170088249545,0.2362521129707264,0.09891300410556313,-0.035717450016097774,0.06840496125373202,0.0571818485390406,0.04928410075884888,0.0,0.00013426509643125095
pure_electric,DOP853,wrong_model,3.8000000000000003,0.26691139493030613,0.23768108163631585,0.09801846020056326,-0.03584551944900554,0.06837054332989621,0.057135696117264864,0.04915542567499418,0.0,0.00013656434591980687
pure_electric,DOP853,wrong_model,3.825,0.2686202271003005,0.23910890033995083,0.09712075525188966,-0.03597033463461415,0.06833601156371992,0.05708985130112256,0.04902731053720682,0.0,0.0001388689908469961
pure_electric,DOP853,wrong_model,3.85,0.27032819458662294,0.24053557675093934,0.09621997053061938,-0.03609190241185947,0.06830136917366483,0.05704431243529487,0.04889974941465822,0.0,0.0001411788146606381
pure_electric,DOP853,wrong_model,3.875,0.272035294664042,0.2419611184980485,0.09531618713457804,-0.036210229801636296,0.06826661939103756,0.056999077931591306,0.048772736425042346,0.0,0.00014349360193385458
pure_electric,DOP853,wrong_model,3.9000000000000004,0.2737415246882601,0.24338553317116443,0.0944094859838086,-0.036325324005364715,0.06823176545907426,0.05695414626747451,0.04864626573429238,0.0,0.00014581313836709275
pure_electric,DOP853,wrong_model,3.9250000000000003,0.27544688209619994,0.24480882832291517,0.09349994781607619,-0.03643719240355775,0.06819681063202877,0.056909515984593484,0.04852033155630165,0.0,0.0001481372107901774
pure_electric,DOP853,wrong_model,3.95,0.2771513644062693,0.24623101147025714,0.0925876531824092,-0.03654584255439038,0.06816175817426444,0.056865185687325556,0.04839492815264866,0.0,0.00015046560716439324
pure_electric,DOP853,wrong_model,3.975,0.2788549692186016,0.24765209009602523,0.09167268244267715,-0.03665128219227029,0.06812661135934986,0.056821154041327114,0.04827004983232614,0.0,0.00015279811658459506
pure_electric,DOP853,wrong_model,4.0,0.2805576942152746,0.24907207165044684,0.09075511576120472,-0.03675351922641051,0.06809137346915875,0.0567774197720934,0.04814569095147416,0.0,0.0001551345292813476
pure_magnetic,DOP853,full,0.0,0.0,0.0,0.15,0.02,0.07127562161525779,0.07127562161525779,0.0,0.08,
pure_magnetic,DOP853,full,0.025,0.0017818280240488686,0.0017795481045681412,0.15049190211249766,0.019352602112514532,0.07127061932982398,0.0710885911388199,0.0,0.0797154148990377,
pure_magnetic,DOP853,full,0.05,0.0035635308851291172,0.0035544476646047728,0.1509676518682025,0.018707815728340026,0.07126560728359033,0.07090373358986875,0.0,0.07943186204042435,
pure_magnetic,DOP853,full,0.07500000000000001,0.005345108242491323,0.00532475266955827,0.15142731487433692,0.018065666388794956,0.07126057775161732,0.07072102230833256,0.0,0.07914933766463889,
pure_magnetic,DOP853,full,0.1,0.007126559563274994,0.007090516445300307,0.1518709573744001,0.01742617945401861,0.07125552309021162,0.0705404308680437,0.0,0.07886783805603086,
pure_magnetic,DOP853,full,0.125,0.008907884124559593,0.00885179165996438,0.1522986462435877,0.01678938009892331,0.07125043573851955,0.07036193307601601,0.0,0.07858735954191137,
pure_magnetic,DOP853,full,0.15000000000000002,0.010689081015454734,0.010608630329767122,0.15271044898411143,0.016155293309225927,0.07124530822008081,0.07018550297174424,0.0,0.07830789849165087,
pure_magnetic,DOP853,full,0.17500000000000002,0.01247014913922902,0.012361083824811834,0.1531064337204205,0.015523943877557848,0.07124013314434201,0.07001111482652354,0.0,0.0780294513157838,
pure_magnetic,DOP853,full,0.2,0.014251087215476455,0.014109202874874879,0.15348666919432644,0.014895356399653795,0.07123490320813015,0.0698387431427883,0.0,0.07775201446512013,
pure_magnetic,DOP853,full,0.225,0.0160318937823192,0.015853037575175633,0.15385122476003404,0.014269555270619926,0.07122961119708578,0.06966836265346822,0.0,0.07747558442986432,
pure_magnetic,DOP853,full,0.25,0.01781256719864554,0.017592637392130666,0.1542001703790796,0.013646564681281646,0.07122424998705573,0.06949994832136078,0.0,0.07720015773874164,
pure_magnetic,DOP853,full,0.275,0.019593105646381916,0.019328051169092853,0.15453357661517925,0.013026408614611532,0.07121881254544528,0.06933347533851826,0.0,0.07692573095813195,
pure_magnetic,DOP853,full,0.30000000000000004,0.021373507132797852,0.02105932713207606,0.15485151462898888,0.012409110842237805,0.07121329193252976,0.0691689191256481,0.0,0.07665230069121161,
pure_magnetic,DOP853,full,0.325,0.023153769492842587,0.022786512895466134,0.1551540561727779,0.011794694921033754,0.07120768130272528,0.0690062553315252,0.0,0.07637986357710314,
pure_magnetic,DOP853,full,0.35000000000000003,0.024933890391515653,0.024509655467713012,0.15544127358501808,0.011183184189782093,0.07120197390581864,0.06884545983241579,0.0,0.07610841629003234,
pure_magnetic,DOP853,full,0.375,0.026713867326266814,0.026228801257008865,0.1557132397848909,0.010574601765919806,0.07119616308815664,0.06868650873151119,0.0,0.0758379555384936,
pure_magnetic,DOP853,full,0.4,0.028493697629423425,0.027943996076957155,0.15597002826671333,0.009968970542367821,0.07119024229379421,0.06852937835836885,0.0,0.07556847806442409,
pure_magnetic,DOP853,full,0.42500000000000004,0.030273378470647302,0.029655285152223872,0.1562117130942865,0.009366313184436703,0.07118420506560183,0.06837404526836162,0.0,0.0752999806423859,
pure_magnetic,DOP853,full,0.45,0.03205290685941791,0.03136271312417663,0.1564383688951681,0.008766652126813672,0.07117804504633211,0.06822048624213303,0.0,0.075032460078757,
pure_magnetic,DOP853,full,0.47500000000000003,0.03383227964754226,0.03306632405650976,0.15665007085487,0.008170009570628503,0.07117175597964544,0.06806867828505755,0.0,0.07476591321093057,
pure_magnetic,DOP853,full,0.5,0.03561149353169031,0.03476616144085577,0.15684689471098315,0.007576407480598397,0.07116533171109461,0.06791859862670502,0.0,0.07450033690652309,
pure_magnetic,DOP853,full,0.525,0.03739054505595463,0.03646226820238317,0.15702891674723207,0.0069858675822519,0.07115876618906887,0.067770224720308,0.0,0.0742357280625912,
pure_magnetic,DOP853,full,0.55,0.03916943061443312,0.03815468670538108,0.15719621378746093,0.0063984113592319885,0.071152053465697,0.06762353424223123,0.0,0.07397208360485755,
pure_magnetic,DOP853,full,0.5750000000000001,0.040948146453833545,0.03984345875883071,0.15734886318955332,0.005814060050678412,0.07114518769771001,0.06747850509144224,0.0,0.07370940048694571,
pure_magnetic,DOP853,full,0.6000000000000001,0.042726688676098565,0.041528625621963966,0.15748694283928824,0.005232834648689369,0.07113816314726316,0.06733511538898174,0.0,0.07344767568962439,
pure_magnetic,DOP853,full,0.625,0.04450505324105021,0.04321022800980939,0.15761053114413365,0.004654755895862642,0.0711309741827176,0.06719334347743333,0.0,0.07318690622006102,
pure_magnetic,DOP853,full,0.65,0.04628323596905244,0.04488830609872568,0.1577197070269809,0.0040798442829162425,0.0711236152793817,0.06705316792039111,0.0,0.07292708911108498,
pure_magnetic,DOP853,full,0.675,0.048061232543693835,0.04656289953192042,0.1578145499198183,0.0035081200463841188,0.07111608102021183,0.0669145675019248,0.0,0.07266822142045967,
pure_magnetic,DOP853,full,0.7000000000000001,0.04983903851449513,0.0482340474249489,0.1578951397573426,0.0029396031663779204,0.07110836609647316,0.06677752122604327,0.0,0.07241030023016218,
pure_magnetic,DOP853,full,0.7250000000000001,0.051616649299617214,0.04990178837121165,0.157961556970527,0.0023743133644480883,0.07110046530836102,0.06664200831615116,0.0,0.07215332264567621,
pure_magnetic,DOP853,full,0.75,0.053394060188593905,0.05156616044743112,0.1580138824801293,0.0018122701015082484,0.07109237356558215,0.06650800821450185,0.0,0.07189728579529242,
pure_magnetic,DOP853,full,0.775,0.05517126634507593,0.05322720121911598,0.1580521976901516,0.001253492575839241,0.07108408588789665,0.06637550058164492,0.0,0.07164218682941892,
pure_magnetic,DOP853,full,0.8,0.05694826280958832,0.0548849477460116,0.15807658448125098,0.0006979997211688676,0.07107559740562057,0.06624446529586672,0.0,0.07138802291990164,
pure_magnetic,DOP853,full,0.8250000000000001,0.058725044502300434,0.05653943658753649,0.1580871252041019,0.0001458102048266202,0.0710669033600893,0.06611488245262409,0.0,0.07113479125935418,
pure_magnetic,DOP853,full,0.8500000000000001,0.060501606225807324,0.05819070380820422,0.1580839026727134,-0.00040305757402684435,0.07105799910408211,0.06598673236397017,0.0,0.0708824890604977,
pure_magnetic,DOP853,full,0.875,0.06227794266792125,0.05983878498303102,0.15806700015770306,-0.0009485854860957722,0.0710488801022081,0.0658599955579719,0.0,0.07063111355551047,
pure_magnetic,DOP853,full,0.9,0.0640540484044722,0.06148371520292863,0.1580365013795292,-0.0014907556735712212,0.07103954193125368,0.06573465277811857,0.0,0.07038066199538753,
pure_magnetic,DOP853,full,0.925,0.06582991790211609,0.06312552908008234,0.15799249050168476,-0.0020295505516790347,0.0710299802804923,0.06561068498272082,0.0,0.07013113164931042,
pure_magnetic,DOP853,full,0.9500000000000001,0.06760554552114958,0.06476426075331401,0.15793505212385361,-0.002564952810154221,0.07102019095195616,0.06548807334429942,0.0,0.06988251980402699,
pure_magnetic,DOP853,full,0.9750000000000001,0.06938092551833022,0.06639994389343006,0.15786427127503258,-0.0030969454146419677,0.07101016986067056,0.06536679924896333,0.0,0.06963482376324147,
pure_magnetic,DOP853,full,1.0,0.07115605204970164,0.06803261170855371,0.1577802334066194,-0.003625511608026554,0.07099991303485094,0.06524684429577633,0.0,0.06938804084701485,
pure_magnetic,DOP853,full,1.0250000000000001,0.0729309191734346,0.06966229694943922,0.15768302438545476,-0.00415063491170093,0.07098941661606226,0.0651281902961129,0.0,0.06914216839117272,
pure_magnetic,DOP853,full,1.05,0.07470552085265716,0.07128903191477198,0.15757273048685083,-0.004672299126751451,0.07097867685934292,0.06501081927300124,0.0,0.0688972037467264,
pure_magnetic,DOP853,full,1.075,0.07647985095829243,0.07291284845645218,0.15744943838758485,-0.005190488335076961,0.07096769013329197,0.0648947134604538,0.0,0.068653144279303,
pure_magnetic,DOP853,full,1.1,0.0782539032718984,0.07453377798486052,0.1573132351588655,-0.005705186900440201,0.07095645292012044,0.06477985530278511,0.0,0.0684099873685857,
pure_magnetic,DOP853,full,1.125,0.08002767148850812,0.07615185147410695,0.15716420825927485,-0.006216379469449899,0.07094496181566724,0.06466622745391631,0.0,0.06816773040776408,
pure_magnetic,DOP853,full,1.1500000000000001,0.08180114921947024,0.07776709946726215,0.15700244552768536,-0.006724050972475667,0.07093321352937977,0.06455381277666578,0.0,0.06792637080299467,
pure_magnetic,DOP853,full,1.175,0.08357432999528909,0.07937955208157092,0.15682803517615454,-0.007228186624496136,0.07092120488425957,0.06444259434202584,0.0,0.0676859059728714,
pure_magnetic,DOP853,full,1.2000000000000002,0.08534720726846305,0.08098923901364755,0.15664106578279882,-0.007728771925881079,0.0709089328167737,0.0643325554284251,0.0,0.06744633334790626,
pure_magnetic,DOP853,full,1.225,0.08711977441632013,0.08259618954465218,0.1564416262846491,-0.008225792663107936,0.07089639437673202,0.06422367952097612,0.0,0.06720765037002005,
pure_magnetic,DOP853,full,1.25,0.08889202474384975,0.08420043254544855,0.1562298059704896,-0.008719234909413473,0.07088358672713087,0.06411595031070833,0.0,0.06696985449204332,
pure_magnetic,DOP853,full,1.2750000000000001,0.09066395148652952,0.08580199648174192,0.15600569447368237,-0.009209085025381036,0.07087050714396372,0.06400935169378577,0.0,0.06673294317722743,
pure_magnetic,DOP853,full,1.3,0.09243554781314581,0.08740090941919726,0.15576938176497934,-0.00969532965946403,0.07085715301599893,0.06390386777070937,0.0,0.066496913898766,
pure_magnetic,DOP853,full,1.3250000000000002,0.09420680682860749,0.08899719902853748,0.15552095814532402,-0.010177955748446234,0.07084352184452541,0.06379948284550359,0.0,0.06626176413932644,
pure_magnetic,DOP853,full,1.35,0.09597772157676039,0.0905908925906217,0.15526051423862977,-0.010656950517846701,0.07082961124306524,0.06369618142488705,0.0,0.06602749139059026,
pure_magnetic,DOP853,full,1.375,0.09774828504319201,0.09218201700150234,0.15498814098455335,-0.011132301482262547,0.07081541893705533,0.06359394821742777,0.0,0.06579409315280355,
pure_magnetic,DOP853,full,1.4000000000000001,0.09951849015801935,0.09377059877746008,0.1547039296312725,-0.011603996445645005,0.07080094276349871,0.0634927681326817,0.0,0.06556156693433912,
pure_magnetic,DOP853,full,1.425,0.10128832979867534,0.09535666406001773,0.15440797172824652,-0.012072023501522894,0.07078618067058443,0.06339262628031533,0.0,0.06532991025126719,
pure_magnetic,DOP853,full,1.4500000000000002,0.10305779679268284,0.09694023862093179,0.15410035911897585,-0.012536371033166214,0.07077113071727763,0.06329350796921203,0.0,0.06509912062693621,
pure_magnetic,DOP853,full,1.475,0.1048268839204183,0.09852134786716125,0.15378118393375742,-0.012997027713692934,0.07075579107287977,0.06319539870656163,0.0,0.06486919559156362,
pure_magnetic,DOP853,full,1.5,0.10659558391786486,0.10010001684581409,0.153450538582437,-0.013453982506119908,0.07074016001655963,0.06309828419693361,0.0,0.06464013268183623,
pure_magnetic,DOP853,full,1.5250000000000001,0.1083638894793533,0.10167627024907,0.15310851574716067,-0.013907224663358553,0.07072423593685535,0.06300215034133352,0.0,0.0644119294405203,
pure_magnetic,DOP853,full,1.55,0.11013179326029023,0.10325013241907953,0.15275520837512724,-0.01435674372815616,0.07070801733114844,0.06290698323624294,0.0,0.06418458341608127,
pure_magnetic,DOP853,full,1.5750000000000002,0.11189928787987263,0.10482162735283894,0.15239070967134313,-0.014802529532983623,0.07069150280510977,0.06281276917264261,0.0,0.06395809216231332,
pure_magnetic,DOP853,full,1.6,0.11366636592378743,0.10639077870704007,0.15201511309138202,-0.015244572199870285,0.07067469107211855,0.06271949463501911,0.0,0.06373245323797835,
pure_magnetic,DOP853,full,1.625,0.11543301994689556,0.10795760980289505,0.15162851233415048,-0.01568286214018681,0.07065758095265433,0.06262714630035472,0.0,0.0635076642064548,
pure_magnetic,DOP853,full,1.6500000000000001,0.11719924247589948,0.10952214363093514,0.1512310013346618,-0.016117390054376738,0.07064017137366309,0.06253571103710076,0.0,0.06328372263539597,
pure_magnetic,DOP853,full,1.675,0.11896502601199659,0.11108440285578451,0.15082267425681295,-0.016548146931639637,0.07062246136789684,0.06244517590413384,0.0,0.06306062609639743,
pure_magnetic,DOP853,full,1.7000000000000002,0.12073036303352497,0.11264440982091081,0.15040362548615335,-0.0169751240495706,0.07060445007322701,0.06235552814969562,0.0,0.06283837216467227,
pure_magnetic,DOP853,full,1.725,0.12249524599857396,0.1142021865533428,0.14997394962269572,-0.017398312973741923,0.07058613673193515,0.0622667552103165,0.0,0.06261695841873835,
pure_magnetic,DOP853,full,1.75,0.12425966734758775,0.11575775476836492,0.14953374147371784,-0.017817705557243952,0.07056752068997785,0.06217884470972247,0.0,0.062396382440113175,
pure_magnetic,DOP853,full,1.7750000000000001,0.12602361950594726,0.11731113587418304,0.1490830960465821,-0.018233293940178648,0.07054860139622839,0.0620917844577258,0.0,0.062176641813018074,
pure_magnetic,DOP853,full,1.8,0.12778709488653292,0.11886235097656242,0.14862210854156768,-0.018645070549108272,0.07052937840169482,0.06200556244909939,0.0,0.061957734124091564,
pure_magnetic,DOP853,full,1.8250000000000002,0.12955008589226846,0.12041142088343762,0.1481508743447158,-0.019053028096460284,0.07050985135871535,0.06192016686243494,0.0,0.061739656962111485,
pure_magnetic,DOP853,full,1.85,0.13131258491864406,0.12195836610949368,0.1476694890206902,-0.01945715957988923,0.0704900200201313,0.061835586058985044,0.0,0.06152240791772604,
pure_magnetic,DOP853,full,1.875,0.13307458435621897,0.12350320688071828,0.14717804830565373,-0.01985745828159663,0.07046988423843831,0.06175180858148944,0.0,0.061305984583193515,
pure_magnetic,DOP853,full,1.9000000000000001,0.13483607659310232,0.1250459631389243,0.14667664810016307,-0.0202539177676096,0.07044944396491624,0.061668823152985566,0.0,0.06109038455213083,
pure_magnetic,DOP853,full,1.925,0.13659705401741143,0.12658665454624202,0.1461653844620827,-0.02064653188701921,0.07042869924873861,0.0615866186756036,0.0,0.06087560541927069,
pure_magnetic,DOP853,full,1.9500000000000002,0.13835750901970728,0.12812530048958098,0.14564435359951983,-0.02103529477117937,0.07040765023606163,0.061505184229346165,0.0,0.060661644780227376,
pure_magnetic,DOP853,full,1.975,0.14011743399540566,0.12966192008506047,0.14511365186378178,-0.021420200832867147,0.07038629716909385,0.06142450907085291,0.0,0.060448500231271164,
pure_magnetic,DOP853,full,2.0,0.1418768213471648,0.13119653218240887,0.1445733757423555,-0.02180124476540574,0.0703646403851466,0.06134458263214993,0.0,0.06023616936911104,
pure_magnetic,DOP853,full,2.025,0.1436356634872589,0.13272915536933677,0.14402362185188786,-0.022178421541754853,0.07034268031566417,0.061265394519383745,0.0,0.06002464979068426,
pure_magnetic,DOP853,full,2.0500000000000003,0.14539395283991466,0.13425980797587153,0.143464486931216,-0.022551726413561027,0.07032041748523785,0.06118693451154168,0.0,0.05981393909295591,
pure_magnetic,DOP853,full,2.075,0.1471516818436271,0.13578850807866208,0.14289606783441325,-0.02292115491017474,0.07029785251060167,0.061109192559157484,0.0,0.05960403487272596,
pure_magnetic,DOP853,full,2.1,0.14890884295345067,0.13731527350525144,0.14231846152385852,-0.023286702837634624,0.07027498609961087,0.06103215878300277,0.0,0.05939493472644409,
pure_magnetic,DOP853,full,2.125,0.15066542864326404,0.1388401218383158,0.14173176506333324,-0.023648366277618786,0.07025181905020389,0.0609558234727647,0.0,0.05918663625003262,
pure_magnetic,DOP853,full,2.15,0.15242143140800904,0.14036307041987087,0.1411360756111435,-0.024006141586364597,0.07022835224934822,0.06088017708570985,0.0,0.05897913703871705,
pure_magnetic,DOP853,full,2.1750000000000003,0.15417684376590335,0.1418841363554447,0.1405314904132692,-0.024360025393557857,0.0702045866719706,0.06080521024533468,0.0,0.05877243468686432,
pure_magnetic,DOP853,full,2.2,0.15593165826062622,0.14340333651821652,0.1399181067965411,-0.02471001460119212,0.07018052337987209,0.06073091374000284,0.0,0.05856652678782858,
pure_magnetic,DOP853,full,2.225,0.15768586746347718,0.1449206875531217,0.13929602216184672,-0.025056106382399183,0.07015616352062863,0.06065727852156965,0.0,0.05836141093380448,
pure_magnetic,DOP853,full,2.25,0.15943946397550632,0.14643620588092163,0.1386653339773669,-0.025398298180251445,0.0701315083264776,0.06058429570399401,0.0,0.05815708471568787,
pure_magnetic,DOP853,full,2.275,0.16119244042961664,0.14794990770223854,0.13802613977184336,-0.025736587706537157,0.07010655911319079,0.06051195656193809,0.0,0.0579535457229438,
pure_magnetic,DOP853,full,2.3000000000000003,0.16294478949263685,0.14946180900155476,0.13737853712787926,-0.02607097294050932,0.0700813172789346,0.06044025252935501,0.0,0.0577507915434818,
pure_magnetic,DOP853,full,2.325,0.164696503867365,0.15097192555117597,0.13672262367527324,-0.026401452127609183,0.07005578430311776,0.06036917519806492,0.0,0.05754881976353834,
pure_magnetic,DOP853,full,2.35,0.1664475762945887,0.15248027291516236,0.136058497084372,-0.026728023778166472,0.07002996174522592,0.06029871631631894,0.0,0.057347627967565505,
pure_magnetic,DOP853,full,2.375,0.1681979995550741,0.15398686645322254,0.13538625505945961,-0.027050686666075695,0.07000385124364512,0.06022886778735232,0.0,0.05714721373812673,
pure_magnetic,DOP853,full,2.4000000000000004,0.16994776647151982,0.1554917213245673,0.1347059953321953,-0.027369439827448407,0.06997745451447518,0.060159621667927356,0.0,0.05694757465580007,
pure_magnetic,DOP853,full,2.4250000000000003,0.1716968699104858,0.1569948524917303,0.13401781565507156,-0.02768428255924485,0.06995077335033148,0.06009097016686522,0.0,0.05674870829908743,
pure_magnetic,DOP853,full,2.45,0.1734453027842912,0.15849627472435113,0.13332181379491168,-0.02799521441788427,0.06992380961913706,0.060022905643567846,0.0,0.05655061224433049,
pure_magnetic,DOP853,full,2.475,0.17519305805288155,0.15999600260292068,0.13261808752640078,-0.028302235217835103,0.06989656526290504,0.05995542060652991,0.0,0.05635328406563307,
pure_magnetic,DOP853,full,2.5,0.17694012872566586,0.16149405052249038,0.13190673462565203,-0.028605345030185834,0.06986904229651168,0.05988850771184123,0.0,0.05615672133478973,
pure_magnetic,DOP853,full,2.5250000000000004,0.17868650786332319,0.16299043269634317,0.1311878528638083,-0.02890454418119732,0.06984124280646102,0.05982215976167993,0.0,0.055960921621220606,
pure_magnetic,DOP853,full,2.5500000000000003,0.18043218857957782,0.16448516315962694,0.1304615400006802,-0.029199833250837318,0.06981316894964108,0.059756369702796755,0.0,0.05576588249191234,
pure_magnetic,DOP853,full,2.575,0.18217716404294376,0.1659782557729503,0.12972789377842162,-0.029491213071298095,0.06978482295207247,0.05969113062499094,0.0,0.05557160151136496,
pure_magnetic,DOP853,full,2.6,0.18392142747843687,0.16746972422593914,0.12898701191524342,-0.029778684725497787,0.06975620710764983,0.05962643575957788,0.0,0.05537807624154475,
pure_magnetic,DOP853,full,2.625,0.18566497216925534,0.16895958204075498,0.12823899209916598,-0.03006224954556639,0.06972732377687639,0.05956227847784899,0.0,0.05518530424184291,
pure_magnetic,DOP853,full,2.6500000000000004,0.18740779145842792,0.17044784257557405,0.12748393198181163,-0.030341909111317105,0.06969817538559248,0.059498652289524265,0.0,0.05499328306903994,
pure_magnetic,DOP853,full,2.6750000000000003,0.1891498787504311,0.1719345190280285,0.12672192917223196,-0.030617665248703844,0.06966876442369782,0.05943555084119733,0.0,0.05480201027727542,
pure_magnetic,DOP853,full,2.7,0.1908912275127799,0.17341962443861286,0.12595308123075843,-0.030889520028265605,0.06963909344386723,0.05937296791477306,0.0,0.05461148341802273,
pure_magnetic,DOP853,full,2.725,0.19263183127757633,0.1749031716940434,0.12517748566292144,-0.031157475763558158,0.06960916506026343,0.05931089742590016,0.0,0.054421700040070124,
pure_magnetic,DOP853,full,2.75,0.19437168364303165,0.17638517353058308,0.12439523991339084,-0.03142153500957412,0.06957898194724398,0.05924933342239671,0.0,0.05423265768950642,
pure_magnetic,DOP853,full,2.7750000000000004,0.19611077827495496,0.17786564253732592,0.12360644135996074,-0.031681700561151965,0.06954854683806434,0.059188270082670226,0.0,0.05404435390971195,
pure_magnetic,DOP853,full,2.8000000000000003,0.1978491089082091,0.17934459115944176,0.12281118730757386,-0.03193797545137471,0.06951786252357724,0.05912770171413227,0.0,0.053856786241354516,
pure_magnetic,DOP853,full,2.825,0.1995866693481345,0.18082203170138159,0.12200957498238509,-0.03219036294995882,0.06948693185092869,0.05906762275160795,0.0,0.05366995222239021,
pure_magnetic,DOP853,full,2.85,0.2013234534719403,0.18229797633004302,0.12120170152586526,-0.03243886656163411,0.06945575772225104,0.05900802775574075,0.0,0.05348384938806907,
pure_magnetic,DOP853,full,2.875,0.2030594552300629,0.18377243707789614,0.12038766398894538,-0.03268349002451517,0.06942434309335362,0.058948911411392954,0.0,0.05329847527094535,
pure_magnetic,DOP853,full,2.9000000000000004,0.20479466864749152,0.1852454258460689,0.11956755932620193,-0.03292423730846503,0.06939269097241123,0.05889026852604212,0.0,0.05311382740089244,
pure_magnetic,DOP853,full,2.9250000000000003,0.20652908782506096,0.1867169544073924,0.11874148439008395,-0.03316111261345167,0.06936080441865111,0.05883209402817394,0.0,0.052929903305122296,
pure_magnetic,DOP853,full,2.95,0.20826270694071125,0.1881870344094058,0.11790953592518211,-0.033394120367898066,0.0693286865410386,0.05877438296567184,0.0,0.052746700508209184,
pure_magnetic,DOP853,full,2.975,0.20999552025071394,0.1896556773773203,0.11707181056254067,-0.03362326522702637,0.0692963404969621,0.058717130504203754,0.0,0.05256421653211778,
pure_magnetic,DOP853,full,3.0,0.2117275220908652,0.19112289471694296,0.11622840481401144,-0.033848552071196775,0.06926376949091749,0.05866033192560632,0.0,0.052382448896235466,
pure_magnetic,DOP853,full,3.0250000000000004,0.21345870687765067,0.19258869771756362,0.11537941506663327,-0.03406998600424062,0.06923097677319157,0.058603982626266,0.0,0.052201395117408234,
pure_magnetic,DOP853,full,3.0500000000000003,0.21518906910937188,0.19405309755479688,0.114524937577073,-0.034287572351790196,0.0691979656385468,0.0585480781154994,0.0,0.0520210527099811,
pure_magnetic,DOP853,full,3.075,0.21691860336724145,0.1955161052933848,0.11366506846610222,-0.03450131665960473,0.0691647394249065,0.05849261401393164,0.0,0.05184141918584213,
pure_magnetic,DOP853,full,3.1,0.21864730431644586,0.1969777318899595,0.11279990371311463,-0.03471122469189286,0.06913130151204082,0.05843758605187356,0.0,0.0516624920544703,
pure_magnetic,DOP853,full,3.125,0.22037516670717525,0.198437988195765,0.11192953915068625,-0.03491730242963259,0.06909765532025412,0.05838299006769805,0.0,0.05148426882298688,
pure_magnetic,DOP853,full,3.1500000000000004,0.2221021853756202,0.19989688495933822,0.11105407045917716,-0.035119556068888974,0.06906380430907419,0.05832882200621592,0.0,0.05130674699621049,
pure_magnetic,DOP853,full,3.1750000000000003,0.22382835524493605,0.20135443282914994,0.11017359316137496,-0.035317992019130016,0.06902975197594334,0.058275077917051575,0.0,0.05112992407671556,
pure_magnetic,DOP853,full,3.2,0.22555367132617468,0.20281064235620486,0.10928820261717999,-0.03551261690154132,0.06899550185491202,0.05822175395301885,0.0,0.050953797564894064,
pure_magnetic,DOP853,full,3.225,0.22727812871918338,0.20426552399660122,0.10839799401833303,-0.035703437547339886,0.06896105751533509,0.0581688463684974,0.0,0.05077836495902064,
pure_magnetic,DOP853,full,3.25,0.2290017226134713,0.20571908811404965,0.10750306238318548,-0.0358904609960876,0.06892642256057123,0.058116351517809896,0.0,0.05060362375532076,
pure_magnetic,DOP853,full,3.2750000000000004,0.2307244482890432,0.20717134498235143,0.10660350255151255,-0.03607369449400486,0.06889160062668578,0.058064265853600555,0.0,0.05042957144804202,
pure_magnetic,DOP853,full,3.3000000000000003,0.23244630111720058,0.20862230478783567,0.10569940917936956,-0.03625314549228482,0.06885659538115736,0.058012585925215146,0.0,0.0502562055295284,
pure_magnetic,DOP853,full,3.325,0.23416727656131037,0.2100719776317562,0.10479087673399172,-0.03642882164540874,0.06882141052158866,0.05796130837708297,0.0,0.050083523490297356,
pure_magnetic,DOP853,full,3.35,0.23588737017754288,0.21152037353264952,0.10387799948872743,-0.03660073080946156,0.06878604977442107,0.0579104299471006,0.0,0.04991152281911968,
pure_magnetic,DOP853,full,3.375,0.23760657761557752,0.2129675024286521,0.10296087151801586,-0.03676888104044918,0.06875051689365404,0.057859947465018186,0.0,0.049740201003102,
pure_magnetic,DOP853,full,3.4000000000000004,0.23932489461927436,0.214413374179775,0.10203958669241649,-0.03693328059261922,0.06871481565957009,0.057809857850829115,0.0,0.04956955552777201,
pure_magnetic,DOP853,full,3.4250000000000003,0.24104231702731593,0.21585799857014046,0.1011142386736719,-0.037093937916782824,0.06867894987746441,0.05776015811316237,0.0,0.049399583877166066,
pure_magnetic,DOP853,full,3.45,0.24275884077381657,0.21730138531017773,0.10018492090981532,-0.037250861658639646,0.06864292337638024,0.057710845347678404,0.0,0.04923028353391925,
pure_magnetic,DOP853,full,3.475,0.24447446188890043,0.21874354403877863,0.09925172663031927,-0.03740406065710569,0.06860674000785003,0.05766191673546886,0.0,0.049061651979357745,
pure_magnetic,DOP853,full,3.5,0.24618917649924799,0.22018448432541352,0.09831474884128591,-0.03755354394264443,0.06857040364464273,0.05761336954146029,0.0,0.04889368669359343,
pure_magnetic,DOP853,full,3.5250000000000004,0.2479029808286114,0.22162421567220725,0.09737408032067849,-0.03769932073560151,0.06853391817951741,0.057565201112822297,0.0,0.048726385155620625,
pure_magnetic,DOP853,full,3.5500000000000003,0.24961587119829873,0.22306274751597546,0.09642981361359473,-0.03784140044454328,0.06849728752398355,0.057517408877380286,0.0,0.04855974484341492,
pure_magnetic,DOP853,full,3.575,0.2513278440276275,0.2245000892302214,0.09548204102758182,-0.03797979266459955,0.0684605156070682,0.05746999034203324,0.0,0.04839376323403394,
pure_magnetic,DOP853,full,3.6,0.2530388958343471,0.2259362501270928,0.09453085462799321,-0.038114507175810795,0.0684236063740903,0.057422943091176806,0.0,0.048228437803720006,
pure_magnetic,DOP853,full,3.625,0.2547490232350308,0.22737123945929966,0.09357634623338763,-0.03824555394148019,0.06838656378544251,0.0573762647851319,0.0,0.048063766028004634,
pure_magnetic,DOP853,full,3.6500000000000004,0.2564582229454375,0.22880506642199228,0.09261860741097006,-0.03837294310653074,0.06834939181538074,0.05732995315857931,0.0,0.0478997453818147,
pure_magnetic,DOP853,full,3.6750000000000003,0.2581664917808428,0.23023774015460077,0.09165772947207174,-0.038496684995867156,0.06831209445082145,0.05728400601900028,0.0,0.047736373339580265,
pure_magnetic,DOP853,full,3.7,0.2598738266563415,0.2316692697426372,0.09069380346766263,-0.03861679011274142,0.06827467569014678,0.0572384212451232,0.0,0.04757364737534412,
pure_magnetic,DOP853,full,3.725,0.2615802245871188,0.23309966421945583,0.08972692018392082,-0.03873326913712688,0.06823713954201864,0.05719319678537764,0.0,0.04741156496287257,
pure_magnetic,DOP853,full,3.75,0.2632856826886928,0.23452893256797694,0.08875717013783281,-0.0388461329240963,0.06819949002420114,0.05714833065635492,0.0,0.04725012357576778,
pure_magnetic,DOP853,full,3.7750000000000004,0.264990198177127,0.2359570837223717,0.0877846435728366,-0.038955392502206074,0.06816173116239166,0.05710382094127604,0.0,0.04708932068758139,
pure_magnetic,DOP853,full,3.8000000000000003,0.2666937683692147,0.2373841265697087,0.08680943045450507,-0.03906105907188658,0.06812386698906121,0.057059665788467065,0.0,0.04692915377192948,
pure_magnetic,DOP853,full,3.825,0.26839639068263355,0.23881006995156273,0.08583162046626883,-0.03916314400383857,0.06808590154230386,0.05701586340984227,0.0,0.04676962030260856,
pure_magnetic,DOP853,full,3.85,0.27009806263607194,0.2402349226655855,0.08485130300517923,-0.03926165883743589,0.06804783886469562,0.056972412079395365,0.0,0.04661071775371286,
pure_magnetic,DOP853,full,3.875,0.2717987818493269,0.24165869346703894,0.08386856717771099,-0.03935661527913457,0.06800968300216309,0.05692931013169887,0.0,0.04645244359975252,
pure_magnetic,DOP853,full,3.9000000000000004,0.2734985460433737,0.24308139107029106,0.08288350179560465,-0.039448025200888574,0.06797143800286173,0.05688655596041211,0.0,0.04629479531577285,
pure_magnetic,DOP853,full,3.9250000000000003,0.2751973530404077,0.24450302415027436,0.08189619537174912,-0.039535900638572236,0.06793310791606434,0.05684414801679785,0.0,0.046137770377474414,
pure_magnetic,DOP853,full,3.95,0.27689520076385876,0.2459236013439078,0.08090673611610377,-0.03962025379040958,0.06789469679105962,0.056802084808248075,0.0,0.04598136626133394,
pure_magnetic,DOP853,full,3.975,0.2785920872383777,0.24734313125148139,0.07991521193166062,-0.03970109701541074,0.06785620867606121,0.05676036489681892,0.0,0.045825580444726025,
pure_magnetic,DOP853,full,4.0,0.2802880105897963,0.2487616224380044,0.07892171041044571,-0.03977844283181535,0.06781764761712732,0.05671898689777514,0.0,0.04567041040604542,
pure_magnetic,DOP853,reduced_flux_recovered,0.0,0.0,0.0,0.15,0.02,0.07127562161525779,0.07127562161525779,0.0,0.08,
pure_magnetic,DOP853,reduced_flux_recovered,0.025,0.0017818280240488704,0.0017795481045681405,0.1504919021124977,0.019352602112514532,0.07127061932982398,0.0710885911388199,0.0,0.0797154148990377,
pure_magnetic,DOP853,reduced_flux_recovered,0.05,0.003563530885129111,0.0035544476646047905,0.1509676518682025,0.01870781572834003,0.07126560728359033,0.07090373358986873,0.0,0.07943186204042435,
pure_magnetic,DOP853,reduced_flux_recovered,0.07500000000000001,0.00534510824249132,0.005324752669558293,0.15142731487433694,0.018065666388794963,0.07126057775161732,0.07072102230833255,0.0,0.0791493376646389,
pure_magnetic,DOP853,reduced_flux_recovered,0.1,0.007126559563274994,0.007090516445300333,0.15187095737440012,0.017426179454018604,0.07125552309021162,0.07054043086804368,0.0,0.07886783805603086,
pure_magnetic,DOP853,reduced_flux_recovered,0.125,0.008907884124559562,0.008851791659964478,0.15229864624358774,0.016789380098923307,0.07125043573851957,0.070361933076016,0.0,0.0785873595419114,
pure_magnetic,DOP853,reduced_flux_recovered,0.15000000000000002,0.010689081015454625,0.010608630329767374,0.15271044898411154,0.016155293309225976,0.07124530822008084,0.0701855029717442,0.0,0.07830789849165096,
pure_magnetic,DOP853,reduced_flux_recovered,0.17500000000000002,0.012470149139228838,0.012361083824812229,0.15310643372042063,0.01552394387755799,0.07124013314434204,0.07001111482652347,0.0,0.07802945131578393,
pure_magnetic,DOP853,reduced_flux_recovered,0.2,0.014251087215476273,0.014109202874875272,0.15348666919432655,0.014895356399654013,0.07123490320813018,0.06983874314278822,0.0,0.07775201446512024,
pure_magnetic,DOP853,reduced_flux_recovered,0.225,0.016031893782319135,0.015853037575175796,0.15385122476003404,0.01426955527062011,0.07122961119708579,0.06966836265346817,0.0,0.07747558442986435,
pure_magnetic,DOP853,reduced_flux_recovered,0.25,0.017812567198645688,0.017592637392130413,0.1542001703790795,0.013646564681281614,0.07122424998705572,0.06949994832136079,0.0,0.07720015773874153,
pure_magnetic,DOP853,reduced_flux_recovered,0.275,0.01959310564638227,0.01932805116909223,0.15453357661517908,0.013026408614611152,0.07121881254544526,0.06933347533851833,0.0,0.07692573095813175,
pure_magnetic,DOP853,reduced_flux_recovered,0.30000000000000004,0.021373507132798196,0.02105932713207548,0.1548515146289888,0.01240911084223726,0.07121329193252976,0.06916891912564818,0.0,0.07665230069121147,
pure_magnetic,DOP853,reduced_flux_recovered,0.325,0.023153769492842615,0.022786512895466127,0.1551540561727779,0.011794694921033716,0.07120768130272528,0.06900625533152518,0.0,0.07637986357710315,
pure_magnetic,DOP853,reduced_flux_recovered,0.35000000000000003,0.024933890391515647,0.024509655467713026,0.15544127358501814,0.011183184189782076,0.07120197390581864,0.06884545983241576,0.0,0.07610841629003236,
pure_magnetic,DOP853,reduced_flux_recovered,0.375,0.026713867326266776,0.02622880125700889,0.15571323978489093,0.010574601765919836,0.07119616308815666,0.06868650873151116,0.0,0.07583795553849362,
pure_magnetic,DOP853,reduced_flux_recovered,0.4,0.028493697629423463,0.027943996076957148,0.1559700282667133,0.009968970542367735,0.07119024229379421,0.06852937835836882,0.0,0.07556847806442409,
pure_magnetic,DOP853,reduced_flux_recovered,0.42500000000000004,0.030273378470647417,0.029655285152223904,0.15621171309428644,0.009366313184436408,0.07118420506560183,0.06837404526836158,0.0,0.07529998064238592,
pure_magnetic,DOP853,reduced_flux_recovered,0.45,0.03205290685941798,0.03136271312417681,0.15643836889516813,0.008766652126813254,0.07117804504633213,0.06822048624213294,0.0,0.07503246007875712,
pure_magnetic,DOP853,reduced_flux_recovered,0.47500000000000003,0.03383227964754214,0.03306632405651017,0.15665007085487023,0.008170009570628202,0.07117175597964548,0.06806867828505742,0.0,0.07476591321093079,
pure_magnetic,DOP853,reduced_flux_recovered,0.5,0.03561149353168993,0.034766161440856314,0.15684689471098356,0.007576407480598474,0.0711653317110947,0.06791859862670487,0.0,0.07450033690652338,
pure_magnetic,DOP853,reduced_flux_recovered,0.525,0.03739054505595407,0.036462268202383616,0.15702891674723254,0.00698586758225247,0.07115876618906894,0.06777022472030786,0.0,0.07423572806259145,
pure_magnetic,DOP853,reduced_flux_recovered,0.55,0.03916943061443265,0.03815468670538112,0.15719621378746118,0.006398411359232888,0.07115205346569703,0.06762353424223118,0.0,0.0739720836048576,
pure_magnetic,DOP853,reduced_flux_recovered,0.5750000000000001,0.04094814645383347,0.039843458758830164,0.15734886318955318,0.005814060050679171,0.07114518769770996,0.06747850509144228,0.0,0.07370940048694548,
pure_magnetic,DOP853,reduced_flux_recovered,0.6000000000000001,0.04272668867609908,0.041528625621962946,0.1574869428392876,0.005232834648689412,0.07113816314726305,0.06733511538898188,0.0,0.07344767568962395,
pure_magnetic,DOP853,reduced_flux_recovered,0.625,0.04450505324105109,0.043210228009808394,0.15761053114413287,0.0046547558958618266,0.07113097418271752,0.0671933434774335,0.0,0.07318690622006063,
pure_magnetic,DOP853,reduced_flux_recovered,0.65,0.04628323596905269,0.04488830609872547,0.15771970702698074,0.004079844282915895,0.07112361527938169,0.06705316792039114,0.0,0.07292708911108492,
pure_magnetic,DOP853,reduced_flux_recovered,0.675,0.048061232543693856,0.0465628995319204,0.1578145499198183,0.003508120046384087,0.07111608102021182,0.06691456750192477,0.0,0.07266822142045967,
pure_magnetic,DOP853,reduced_flux_recovered,0.7000000000000001,0.04983903851449509,0.04823404742494888,0.15789513975734265,0.002939603166377954,0.07110836609647316,0.06677752122604327,0.0,0.07241030023016219,
pure_magnetic,DOP853,reduced_flux_recovered,0.7250000000000001,0.05161664929961722,0.04990178837121162,0.157961556970527,0.002374313364448072,0.071100465308361,0.06664200831615115,0.0,0.07215332264567621,
pure_magnetic,DOP853,reduced_flux_recovered,0.75,0.05339406018859403,0.05156616044743114,0.15801388248012915,0.001812270101508064,0.07109237356558212,0.06650800821450181,0.0,0.0718972857952924,
pure_magnetic,DOP853,reduced_flux_recovered,0.775,0.05517126634507609,0.05322720121911616,0.15805219769015144,0.0012534925758389036,0.07108408588789664,0.06637550058164482,0.0,0.07164218682941897,
pure_magnetic,DOP853,reduced_flux_recovered,0.8,0.05694826280958835,0.05488494774601197,0.158076584481251,0.0006979997211685397,0.07107559740562058,0.06624446529586658,0.0,0.07138802291990178,
pure_magnetic,DOP853,reduced_flux_recovered,0.8250000000000001,0.05872504450230019,0.05653943658753692,0.15808712520410226,0.00014581020482653303,0.07106690336008936,0.06611488245262394,0.0,0.07113479125935442,
pure_magnetic,DOP853,reduced_flux_recovered,0.8500000000000001,0.0605016062258068,0.05819070380820449,0.1580839026727141,-0.00040305757402652777,0.0710579991040822,0.06598673236397005,0.0,0.07088248906049795,
pure_magnetic,DOP853,reduced_flux_recovered,0.875,0.06227794266792065,0.059838784983030885,0.15806700015770378,-0.0009485854860950913,0.07104888010220815,0.06585999555797187,0.0,0.07063111355551059,
pure_magnetic,DOP853,reduced_flux_recovered,0.9,0.06405404840447186,0.061483715202928,0.15803650137952957,-0.0014907556735704866,0.07103954193125367,0.06573465277811864,0.0,0.07038066199538744,
pure_magnetic,DOP853,reduced_flux_recovered,0.925,0.06582991790211634,0.06312552908008139,0.1579924905016844,-0.002029550551678739,0.07102998028049222,0.06561068498272096,0.0,0.0701311316493101,
pure_magnetic,DOP853,reduced_flux_recovered,0.9500000000000001,0.06760554552115043,0.06476426075331321,0.15793505212385256,-0.002564952810154688,0.07102019095195604,0.06548807334429954,0.0,0.0698825198040266,
pure_magnetic,DOP853,reduced_flux_recovered,0.9750000000000001,0.06938092551833092,0.06639994389342979,0.15786427127503175,-0.0030969454146426373,0.07101016986067049,0.06536679924896335,0.0,0.06963482376324129,
pure_magnetic,DOP853,reduced_flux_recovered,1.0,0.07115605204970167,0.06803261170855368,0.15778023340661934,-0.003625511608026593,0.07099991303485093,0.0652468442957763,0.0,0.06938804084701483,
pure_magnetic,DOP853,reduced_flux_recovered,1.0250000000000001,0.07293091917343457,0.06966229694943918,0.15768302438545484,-0.004150634911700922,0.07098941661606226,0.06512819029611287,0.0,0.06914216839117272,
pure_magnetic,DOP853,reduced_flux_recovered,1.05,0.07470552085265714,0.07128903191477193,0.1575727304868509,-0.004672299126751443,0.07097867685934292,0.06501081927300123,0.0,0.06889720374672638,
pure_magnetic,DOP853,reduced_flux_recovered,1.075,0.0764798509582925,0.07291284845645221,0.1574494383875847,-0.005190488335077063,0.07096769013329195,0.06489471346045377,0.0,0.06865314427930298,
pure_magnetic,DOP853,reduced_flux_recovered,1.1,0.07825390327189856,0.07453377798486072,0.15731323515886522,-0.005705186900440443,0.07095645292012041,0.06477985530278503,0.0,0.06840998736858571,
pure_magnetic,DOP853,reduced_flux_recovered,1.125,0.0800276714885082,0.07615185147410733,0.15716420825927466,-0.006216379469450191,0.07094496181566724,0.06466622745391618,0.0,0.06816773040776417,
pure_magnetic,DOP853,reduced_flux_recovered,1.1500000000000001,0.0818011492194701,0.07776709946726258,0.15700244552768555,-0.006724050972475831,0.07093321352937981,0.06455381277666562,0.0,0.06792637080299484,
pure_magnetic,DOP853,reduced_flux_recovered,1.175,0.08357432999528863,0.07937955208157119,0.1568280351761552,-0.007228186624496006,0.07092120488425965,0.06444259434202573,0.0,0.06768590597287161,
pure_magnetic,DOP853,reduced_flux_recovered,1.2000000000000002,0.08534720726846239,0.08098923901364741,0.15664106578279985,-0.007728771925880615,0.0709089328167738,0.06433255542842507,0.0,0.06744633334790642,
pure_magnetic,DOP853,reduced_flux_recovered,1.225,0.08711977441631957,0.08259618954465159,0.15644162628464997,-0.008225792663107308,0.07089639437673206,0.0642236795209762,0.0,0.06720765037002006,
pure_magnetic,DOP853,reduced_flux_recovered,1.25,0.08889202474384968,0.08420043254544768,0.15622980597048972,-0.00871923490941304,0.07088358672713083,0.06411595031070846,0.0,0.06696985449204312,
pure_magnetic,DOP853,reduced_flux_recovered,1.2750000000000001,0.09066395148653013,0.08580199648174121,0.15600569447368143,-0.009209085025381161,0.07087050714396359,0.06400935169378588,0.0,0.06673294317722711,
pure_magnetic,DOP853,reduced_flux_recovered,1.3,0.09243554781314671,0.0874009094191971,0.15576938176497798,-0.009695329659464607,0.0708571530159988,0.06390386777070939,0.0,0.06649691389876575,
pure_magnetic,DOP853,reduced_flux_recovered,1.3250000000000002,0.0942068068286075,0.08899719902853745,0.155520958145324,-0.010177955748446255,0.0708435218445254,0.06379948284550356,0.0,0.06626176413932643,
pure_magnetic,DOP853,reduced_flux_recovered,1.35,0.09597772157676039,0.09059089259062168,0.1552605142386298,-0.010656950517846714,0.07082961124306524,0.06369618142488702,0.0,0.06602749139059026,
pure_magnetic,DOP853,reduced_flux_recovered,1.375,0.09774828504319195,0.0921820170015023,0.15498814098455346,-0.011132301482262536,0.07081541893705533,0.06359394821742775,0.0,0.06579409315280355,
pure_magnetic,DOP853,reduced_flux_recovered,1.4000000000000001,0.09951849015801938,0.09377059877746008,0.15470392963127244,-0.011603996445645052,0.0708009427634987,0.06349276813268166,0.0,0.06556156693433912,
pure_magnetic,DOP853,reduced_flux_recovered,1.425,0.10128832979867548,0.09535666406001789,0.15440797172824622,-0.012072023501523052,0.0707861806705844,0.06339262628031526,0.0,0.06532991025126719,
pure_magnetic,DOP853,reduced_flux_recovered,1.4500000000000002,0.103057796792683,0.09694023862093212,0.15410035911897552,-0.012536371033166446,0.0707711307172776,0.0632935079692119,0.0,0.06509912062693624,
pure_magnetic,DOP853,reduced_flux_recovered,1.475,0.10482688392041829,0.09852134786716166,0.1537811839337574,-0.012997027713693127,0.07075579107287978,0.06319539870656149,0.0,0.06486919559156372,
pure_magnetic,DOP853,reduced_flux_recovered,1.5,0.10659558391786457,0.10010001684581435,0.15345053858243754,-0.013453982506119922,0.07074016001655968,0.0630982841969335,0.0,0.06464013268183638,
pure_magnetic,DOP853,reduced_flux_recovered,1.5250000000000001,0.10836388947935274,0.10167627024906989,0.15310851574716172,-0.013907224663358312,0.07072423593685542,0.06300215034133351,0.0,0.06441192944052043,
pure_magnetic,DOP853,reduced_flux_recovered,1.55,0.11013179326028966,0.10325013241907899,0.1527552083751284,-0.014356743728155721,0.0707080173311485,0.06290698323624302,0.0,0.06418458341608133,
pure_magnetic,DOP853,reduced_flux_recovered,1.5750000000000002,0.1118992878798724,0.10482162735283813,0.15239070967134377,-0.014802529532983206,0.07069150280510976,0.06281276917264277,0.0,0.06395809216231324,
pure_magnetic,DOP853,reduced_flux_recovered,1.6,0.1136663659237878,0.10639077870703942,0.1520151130913815,-0.015244572199870184,0.07067469107211843,0.06271949463501925,0.0,0.06373245323797813,
pure_magnetic,DOP853,reduced_flux_recovered,1.625,0.11543301994689645,0.10795760980289493,0.15162851233414898,-0.01568286214018713,0.07065758095265418,0.06262714630035476,0.0,0.06350766420645457,
pure_magnetic,DOP853,reduced_flux_recovered,1.6500000000000001,0.1171992424758998,0.10952214363093521,0.15123100133466133,-0.016117390054376894,0.07064017137366303,0.06253571103710073,0.0,0.06328372263539592,
pure_magnetic,DOP853,reduced_flux_recovered,1.675,0.11896502601199664,0.11108440285578453,0.15082267425681292,-0.016548146931639647,0.07062246136789682,0.062445175904133815,0.0,0.06306062609639743,
pure_magnetic,DOP853,reduced_flux_recovered,1.7000000000000002,0.12073036303352495,0.11264440982091078,0.15040362548615346,-0.016975124049570585,0.070604450073227,0.062355528149695603,0.0,0.06283837216467225,
pure_magnetic,DOP853,reduced_flux_recovered,1.725,0.12249524599857398,0.11420218655334277,0.14997394962269575,-0.01739831297374193,0.07058613673193512,0.062266755210316486,0.0,0.06261695841873835,
pure_magnetic,DOP853,reduced_flux_recovered,1.75,0.12425966734758788,0.11575775476836499,0.1495337414737176,-0.01781770555724403,0.07056752068997782,0.062178844709722424,0.0,0.062396382440113154,
pure_magnetic,DOP853,reduced_flux_recovered,1.7750000000000001,0.12602361950594743,0.11731113587418326,0.1490830960465817,-0.018233293940178794,0.07054860139622834,0.0620917844577257,0.0,0.062176641813018074,
pure_magnetic,DOP853,reduced_flux_recovered,1.8,0.127787094886533,0.11886235097656273,0.14862210854156746,-0.018645070549108432,0.0705293784016948,0.062005562449099265,0.0,0.061957734124091605,
pure_magnetic,DOP853,reduced_flux_recovered,1.8250000000000002,0.1295500858922683,0.12041142088343781,0.14815087434471608,-0.01905302809646036,0.07050985135871538,0.06192016686243483,0.0,0.06173965696211158,
pure_magnetic,DOP853,reduced_flux_recovered,1.85,0.13131258491864362,0.12195836610949355,0.14766948902069107,-0.01945715957988915,0.07049002002013137,0.06183558605898501,0.0,0.06152240791772615,
pure_magnetic,DOP853,reduced_flux_recovered,1.875,0.13307458435621838,0.12350320688071775,0.14717804830565498,-0.01985745828159638,0.07046988423843836,0.0617518085814895,0.0,0.061305984583193605,
pure_magnetic,DOP853,reduced_flux_recovered,1.9000000000000001,0.13483607659310187,0.1250459631389235,0.14667664810016406,-0.020253917767609292,0.07044944396491626,0.061668823152985705,0.0,0.061090384552130825,
pure_magnetic,DOP853,reduced_flux_recovered,1.925,0.13659705401741148,0.1265866545462413,0.1461653844620827,-0.020646531887019023,0.07042869924873854,0.061586618675603735,0.0,0.06087560541927057,
pure_magnetic,DOP853,reduced_flux_recovered,1.9500000000000002,0.13835750901970792,0.12812530048958076,0.14564435359951855,-0.021035294771179457,0.07040765023606148,0.06150518422934621,0.0,0.060661644780227196,
pure_magnetic,DOP853,reduced_flux_recovered,1.975,0.14011743399540627,0.12966192008506064,0.14511365186378053,-0.021420200832867352,0.07038629716909373,0.06142450907085286,0.0,0.06044850023127106,
pure_magnetic,DOP853,reduced_flux_recovered,2.0,0.14187682134716487,0.13119653218240884,0.14457337574235543,-0.021801244765405743,0.07036464038514656,0.06134458263214991,0.0,0.060236169369111026,
pure_magnetic,DOP853,reduced_flux_recovered,2.025,0.1436356634872589,0.13272915536933672,0.14402362185188794,-0.022178421541754846,0.07034268031566414,0.061265394519383724,0.0,0.060024649790684254,
pure_magnetic,DOP853,reduced_flux_recovered,2.0500000000000003,0.1453939528399147,0.13425980797587145,0.14346448693121608,-0.022551726413561023,0.07032041748523782,0.06118693451154167,0.0,0.059813939092955896,
pure_magnetic,DOP853,reduced_flux_recovered,2.075,0.1471516818436272,0.13578850807866208,0.14289606783441308,-0.022921154910174768,0.07029785251060164,0.06110919255915745,0.0,0.05960403487272593,
pure_magnetic,DOP853,reduced_flux_recovered,2.1,0.14890884295345086,0.13731527350525158,0.14231846152385816,-0.023286702837634704,0.07027498609961082,0.0610321587830027,0.0,0.05939493472644407,
pure_magnetic,DOP853,reduced_flux_recovered,2.125,0.15066542864326424,0.138840121838316,0.14173176506333288,-0.023648366277618894,0.07025181905020385,0.0609558234727646,0.0,0.05918663625003262,
pure_magnetic,DOP853,reduced_flux_recovered,2.15,0.15242143140800912,0.14036307041987106,0.14113607561114352,-0.024006141586364684,0.07022835224934822,0.060880177085709745,0.0,0.058979137038717086,
pure_magnetic,DOP853,reduced_flux_recovered,2.1750000000000003,0.1541768437659032,0.14188413635544464,0.14053149041326982,-0.024360025393557867,0.07020458667197063,0.060805210245334626,0.0,0.058772434686864376,
pure_magnetic,DOP853,reduced_flux_recovered,2.2,0.15593165826062588,0.14340333651821613,0.13991810679654224,-0.024710014601192022,0.07018052337987214,0.06073091374000287,0.0,0.05856652678782864,
pure_magnetic,DOP853,reduced_flux_recovered,2.225,0.15768586746347685,0.14492068755312104,0.1392960221618479,-0.025056106382399,0.07015616352062867,0.060657278521569755,0.0,0.05836141093380451,
pure_magnetic,DOP853,reduced_flux_recovered,2.25,0.1594394639755063,0.146436205880921,0.13866533397736736,-0.025398298180251272,0.07013150832647756,0.06058429570399414,0.0,0.05815708471568783,
pure_magnetic,DOP853,reduced_flux_recovered,2.275,0.16119244042961706,0.14794990770223823,0.1380261397718426,-0.025736587706537098,0.07010655911319066,0.06051195656193815,0.0,0.05795354572294369,
pure_magnetic,DOP853,reduced_flux_recovered,2.3000000000000003,0.1629447894926375,0.14946180900155492,0.13737853712787781,-0.0260709729405094,0.07008131727893446,0.06044025252935496,0.0,0.057750791543481686,
pure_magnetic,DOP853,reduced_flux_recovered,2.325,0.16469650386736506,0.1509719255511759,0.13672262367527324,-0.02640145212760918,0.07005578430311774,0.0603691751980649,0.0,0.057548819763538324,
pure_magnetic,DOP853,reduced_flux_recovered,2.35,0.16644757629458873,0.1524802729151623,0.13605849708437204,-0.02672802377816647,0.07002996174522588,0.06029871631631892,0.0,0.0573476279675655,
pure_magnetic,DOP853,reduced_flux_recovered,2.375,0.1681979995550741,0.15398686645322246,0.13538625505945973,-0.02705068666607569,0.0700038512436451,0.0602288677873523,0.0,0.05714721373812672,
pure_magnetic,DOP853,reduced_flux_recovered,2.4000000000000004,0.16994776647151985,0.1554917213245672,0.13470599533219524,-0.027369439827448414,0.06997745451447514,0.06015962166792733,0.0,0.05694757465580006,
pure_magnetic,DOP853,reduced_flux_recovered,2.4250000000000003,0.17169686991048588,0.15699485249173034,0.13401781565507126,-0.02768428255924488,0.06995077335033144,0.06009097016686516,0.0,0.05674870829908741,
pure_magnetic,DOP853,reduced_flux_recovered,2.45,0.17344530278429132,0.1584962747243512,0.1333218137949113,-0.02799521441788433,0.06992380961913704,0.060022905643567756,0.0,0.05655061224433047,
pure_magnetic,DOP853,reduced_flux_recovered,2.475,0.17519305805288157,0.1599960026029208,0.1326180875264006,-0.02830223521783517,0.06989656526290502,0.05995542060652982,0.0,0.05635328406563307,
pure_magnetic,DOP853,reduced_flux_recovered,2.5,0.17694012872566572,0.16149405052249033,0.1319067346256524,-0.028605345030185882,0.0698690422965117,0.05988850771184117,0.0,0.056156721334789744,
pure_magnetic,DOP853,reduced_flux_recovered,2.5250000000000004,0.17868650786332288,0.16299043269634286,0.1311878528638092,-0.028904544181197322,0.06984124280646106,0.05982215976167993,0.0,0.05596092162122065,
pure_magnetic,DOP853,reduced_flux_recovered,2.5500000000000003,0.1804321885795775,0.1644851631596264,0.13046154000068133,-0.02919983325083726,0.06981316894964111,0.059756369702796824,0.0,0.055765882491912375,
pure_magnetic,DOP853,reduced_flux_recovered,2.575,0.18217716404294357,0.1659782557729497,0.1297278937784224,-0.029491213071297994,0.06978482295207247,0.05969113062499104,0.0,0.05557160151136497,
pure_magnetic,DOP853,reduced_flux_recovered,2.6,0.183921427478437,0.1674697242259388,0.1289870119152432,-0.02977868472549769,0.06975620710764975,0.059626435759577934,0.0,0.05537807624154472,
pure_magnetic,DOP853,reduced_flux_recovered,2.625,0.18566497216925582,0.16895958204075506,0.12823899209916476,-0.030062249545566345,0.06972732377687625,0.05956227847784896,0.0,0.055185304241842856,
pure_magnetic,DOP853,reduced_flux_recovered,2.6500000000000004,0.18740779145842812,0.1704478425755741,0.12748393198181124,-0.0303419091113171,0.06969817538559242,0.05949865228952422,0.0,0.0549932830690399,
pure_magnetic,DOP853,reduced_flux_recovered,2.6750000000000003,0.18914987875043116,0.17193451902802848,0.126721929172232,-0.03061766524870384,0.0696687644236978,0.0594355508411973,0.0,0.0548020102772754,
pure_magnetic,DOP853,reduced_flux_recovered,2.7,0.19089122751277993,0.1734196244386128,0.12595308123075855,-0.030889520028265602,0.0696390934438672,0.059372967914773034,0.0,0.054611483418022716,
pure_magnetic,DOP853,reduced_flux_recovered,2.725,0.19263183127757635,0.17490317169404335,0.12517748566292147,-0.031157475763558155,0.0696091650602634,0.059310897425900136,0.0,0.05442170004007011,
pure_magnetic,DOP853,reduced_flux_recovered,2.75,0.1943716836430317,0.17638517353058306,0.12439523991339066,-0.03142153500957412,0.06957898194724393,0.05924933342239667,0.0,0.0542326576895064,
pure_magnetic,DOP853,reduced_flux_recovered,2.7750000000000004,0.19611077827495504,0.177865642537326,0.12360644135996042,-0.031681700561151986,0.0695485468380643,0.059188270082670164,0.0,0.05404435390971193,
pure_magnetic,DOP853,reduced_flux_recovered,2.8000000000000003,0.19784910890820914,0.17934459115944185,0.12281118730757362,-0.031937975451374744,0.06951786252357721,0.059127701714132196,0.0,0.053856786241354496,
pure_magnetic,DOP853,reduced_flux_recovered,2.825,0.19958666934813446,0.18082203170138159,0.12200957498238522,-0.03219036294995887,0.06948693185092868,0.05906762275160789,0.0,0.0536699522223902,
pure_magnetic,DOP853,reduced_flux_recovered,2.85,0.20132345347194017,0.18229797633004288,0.1212017015258659,-0.032438866561634166,0.06945575772225106,0.05900802775574073,0.0,0.05348384938806907,
pure_magnetic,DOP853,reduced_flux_recovered,2.875,0.20305945523006266,0.1837724370778958,0.12038766398894638,-0.032683490024515205,0.06942434309335364,0.058948911411392996,0.0,0.05329847527094537,
pure_magnetic,DOP853,reduced_flux_recovered,2.9000000000000004,0.20479466864749132,0.18524542584606848,0.11956755932620283,-0.032924237308465026,0.06939269097241124,0.0588902685260422,0.0,0.05311382740089247,
pure_magnetic,DOP853,reduced_flux_recovered,2.9250000000000003,0.20652908782506096,0.18671695440739208,0.11874148439008415,-0.03316111261345161,0.06936080441865107,0.058832094028174,0.0,0.05292990330512232,
pure_magnetic,DOP853,reduced_flux_recovered,2.95,0.20826270694071153,0.18818703440940576,0.11790953592518133,-0.03339412036789797,0.06932868654103852,0.058774382965671834,0.0,0.05274670050820918,
pure_magnetic,DOP853,reduced_flux_recovered,2.975,0.20999552025071422,0.18965567737732048,0.11707181056253979,-0.0336232652270263,0.069296340496962,0.0587171305042037,0.0,0.05256421653211775,
pure_magnetic,DOP853,reduced_flux_recovered,3.0,0.21172752209086523,0.1911228947169429,0.11622840481401145,-0.033848552071196775,0.06926376949091745,0.058660331925606296,0.0,0.05238244889623545,
pure_magnetic,DOP853,reduced_flux_recovered,3.0250000000000004,0.2134587068776507,0.19258869771756357,0.11537941506663335,-0.03406998600424062,0.06923097677319154,0.05860398262626598,0.0,0.05220139511740822,
pure_magnetic,DOP853,reduced_flux_recovered,3.0500000000000003,0.2151890691093719,0.19405309755479683,0.11452493757707308,-0.034287572351790196,0.06919796563854677,0.05854807811549938,0.0,0.052021052709981086,
pure_magnetic,DOP853,reduced_flux_recovered,3.075,0.21691860336724147,0.19551610529338478,0.11366506846610216,-0.03450131665960472,0.06916473942490647,0.05849261401393162,0.0,0.051841419185842126,
pure_magnetic,DOP853,reduced_flux_recovered,3.1,0.21864730431644594,0.19697773188995954,0.11279990371311441,-0.034711224691892854,0.06913130151204078,0.05843758605187352,0.0,0.05166249205447028,
pure_magnetic,DOP853,reduced_flux_recovered,3.125,0.22037516670717533,0.19843798819576505,0.11192953915068601,-0.0349173024296326,0.06909765532025408,0.058382990067697996,0.0,0.051484268822986845,
pure_magnetic,DOP853,reduced_flux_recovered,3.1500000000000004,0.22210218537562026,0.19989688495933827,0.11105407045917716,-0.03511955606888901,0.06906380430907416,0.05832882200621587,0.0,0.051306746996210455,
pure_magnetic,DOP853,reduced_flux_recovered,3.1750000000000003,0.22382835524493605,0.2013544328291499,0.11017359316137537,-0.03531799201913008,0.06902975197594333,0.05827507791705155,0.0,0.05112992407671553,
pure_magnetic,DOP853,reduced_flux_recovered,3.2,0.2255536713261746,0.20281064235620466,0.10928820261718078,-0.0355126169015414,0.06899550185491202,0.058221753953018866,0.0,0.05095379756489406,
pure_magnetic,DOP853,reduced_flux_recovered,3.225,0.2272781287191833,0.20426552399660095,0.1083979940183339,-0.03570343754733994,0.0689610575153351,0.05816884636849745,0.0,0.05077836495902066,
pure_magnetic,DOP853,reduced_flux_recovered,3.25,0.22900172261347126,0.20571908811404943,0.10750306238318595,-0.03589046099608759,0.06892642256057122,0.05811635151780995,0.0,0.0506036237553208,
pure_magnetic,DOP853,reduced_flux_recovered,3.2750000000000004,0.2307244482890433,0.20717134498235137,0.10660350255151223,-0.036073694494004764,0.06889160062668573,0.05806426585360057,0.0,0.050429571448042054,
pure_magnetic,DOP853,reduced_flux_recovered,3.3000000000000003,0.23244630111720077,0.20862230478783578,0.10569940917936872,-0.036253145492284686,0.06885659538115729,0.058012585925215104,0.0,0.05025620552952839,
pure_magnetic,DOP853,reduced_flux_recovered,3.325,0.2341672765613104,0.21007197763175614,0.10479087673399178,-0.03642882164540874,0.06882141052158863,0.05796130837708296,0.0,0.05008352349029734,
pure_magnetic,DOP853,reduced_flux_recovered,3.35,0.2358873701775429,0.2115203735326495,0.1038779994887275,-0.036600730809461565,0.06878604977442103,0.057910429947100585,0.0,0.04991152281911966,
pure_magnetic,DOP853,reduced_flux_recovered,3.375,0.23760657761557755,0.21296750242865203,0.10296087151801596,-0.036768881040449196,0.06875051689365401,0.057859947465018165,0.0,0.04974020100310199,
pure_magnetic,DOP853,reduced_flux_recovered,3.4000000000000004,0.2393248946192744,0.21441337417977493,0.10203958669241649,-0.036933280592619216,0.06871481565957006,0.0578098578508291,0.0,0.049569555527772,
pure_magnetic,DOP853,reduced_flux_recovered,3.4250000000000003,0.24104231702731596,0.2158579985701404,0.10111423867367177,-0.03709393791678281,0.06867894987746438,0.057760158113162346,0.0,0.049399583877166045,
pure_magnetic,DOP853,reduced_flux_recovered,3.45,0.24275884077381663,0.21730138531017767,0.1001849209098151,-0.03725086165863963,0.06864292337638021,0.05771084534767837,0.0,0.049230283533919214,
pure_magnetic,DOP853,reduced_flux_recovered,3.475,0.24447446188890049,0.21874354403877858,0.09925172663031917,-0.03740406065710569,0.06860674000785,0.057661916735468825,0.0,0.0490616519793577,
pure_magnetic,DOP853,reduced_flux_recovered,3.5,0.24618917649924804,0.2201844843254134,0.09831474884128609,-0.03755354394264447,0.06857040364464269,0.05761336954146027,0.0,0.04889368669359338,
pure_magnetic,DOP853,reduced_flux_recovered,3.5250000000000004,0.24790298082861142,0.22162421567220708,0.09737408032067901,-0.03769932073560159,0.06853391817951739,0.057565201112822297,0.0,0.04872638515562059,
pure_magnetic,DOP853,reduced_flux_recovered,3.5500000000000003,0.24961587119829873,0.22306274751597524,0.09642981361359546,-0.03784140044454336,0.06849728752398353,0.057517408877380306,0.0,0.04855974484341492,
pure_magnetic,DOP853,reduced_flux_recovered,3.575,0.2513278440276275,0.2245000892302212,0.09548204102758238,-0.03797979266459958,0.06846051560706816,0.057469990342033275,0.0,0.04839376323403398,
pure_magnetic,DOP853,reduced_flux_recovered,3.6,0.2530388958343471,0.2259362501270927,0.09453085462799321,-0.038114507175810726,0.06842360637409024,0.05742294309117682,0.0,0.04822843780372007,
pure_magnetic,DOP853,reduced_flux_recovered,3.625,0.2547490232350309,0.22737123945929966,0.09357634623338704,-0.03824555394148004,0.06838656378544244,0.05737626478513188,0.0,0.048063766028004676,
pure_magnetic,DOP853,reduced_flux_recovered,3.6500000000000004,0.2564582229454376,0.22880506642199225,0.09261860741096986,-0.038372943106530694,0.06834939181538069,0.057329953158579285,0.0,0.04789974538181469,
pure_magnetic,DOP853,reduced_flux_recovered,3.6750000000000003,0.25816649178084283,0.23023774015460075,0.09165772947207179,-0.038496684995867156,0.06831209445082141,0.057284006019000265,0.0,0.04773637333958026,
pure_magnetic,DOP853,reduced_flux_recovered,3.7,0.2598738266563415,0.23166926974263716,0.09069380346766273,-0.038616790112741425,0.06827467569014674,0.05723842124512318,0.0,0.047573647375344114,
pure_magnetic,DOP853,reduced_flux_recovered,3.725,0.2615802245871189,0.23309966421945577,0.08972692018392088,-0.03873326913712688,0.06823713954201861,0.05719319678537762,0.0,0.04741156496287256,
pure_magnetic,DOP853,reduced_flux_recovered,3.75,0.2632856826886928,0.23452893256797688,0.08875717013783273,-0.038846132924096284,0.0681994900242011,0.057148330656354905,0.0,0.047250123575767765,
pure_magnetic,DOP853,reduced_flux_recovered,3.7750000000000004,0.264990198177127,0.23595708372237167,0.08778464357283643,-0.03895539250220605,0.06816173116239162,0.05710382094127602,0.0,0.04708932068758138,
pure_magnetic,DOP853,reduced_flux_recovered,3.8000000000000003,0.2666937683692147,0.23738412656970867,0.08680943045450491,-0.03906105907188657,0.06812386698906117,0.057059665788467044,0.0,0.04692915377192944,
pure_magnetic,DOP853,reduced_flux_recovered,3.825,0.2683963906826336,0.2388100699515627,0.08583162046626887,-0.0391631440038386,0.0680859015423038,0.05701586340984225,0.0,0.046769620302608506,
pure_magnetic,DOP853,reduced_flux_recovered,3.85,0.270098062636072,0.2402349226655855,0.08485130300517957,-0.03926165883743596,0.06804783886469558,0.05697241207939535,0.0,0.04661071775371281,
pure_magnetic,DOP853,reduced_flux_recovered,3.875,0.27179878184932693,0.24165869346703892,0.08386856717771154,-0.039356615279134664,0.06800968300216303,0.05692931013169888,0.0,0.04645244359975251,
pure_magnetic,DOP853,reduced_flux_recovered,3.9000000000000004,0.2734985460433737,0.243081391070291,0.0828835017956052,-0.03944802520088865,0.06797143800286169,0.05688655596041212,0.0,0.04629479531577288,
pure_magnetic,DOP853,reduced_flux_recovered,3.9250000000000003,0.2751973530404077,0.24450302415027433,0.08189619537174934,-0.03953590063857223,0.0679331079160643,0.056844148016797866,0.0,0.046137770377474484,
pure_magnetic,DOP853,reduced_flux_recovered,3.95,0.2768952007638587,0.24592360134390778,0.0809067361161035,-0.03962025379040947,0.06789469679105957,0.056802084808248075,0.0,0.04598136626133401,
pure_magnetic,DOP853,reduced_flux_recovered,3.975,0.2785920872383777,0.24734313125148139,0.07991521193166023,-0.03970109701541063,0.06785620867606115,0.0567603648968189,0.0,0.04582558044472604,
pure_magnetic,DOP853,reduced_flux_recovered,4.0,0.28028801058979635,0.24876162243800434,0.0789217104104458,-0.03977844283181536,0.06781764761712727,0.05671898689777513,0.0,0.045670410406045414,
pure_magnetic,DOP853,wrong_model,0.0,0.0,0.0,0.15,0.02,0.07127562161525779,0.07127562161525779,0.0,0.08,0.0
pure_magnetic,DOP853,wrong_model,0.025,0.0017818279404570312,0.0017795480206249951,0.15049292806974562,0.019434513756391384,0.07127060938836646,0.0710885811412494,0.0,0.07971541491236482,1.6237410008317492e-06
pure_magnetic,DOP853,wrong_model,0.05,0.0035635302342324074,0.0035544470081253585,0.1509717392134896,0.018870650588398995,0.07126556894032486,0.07090369480150979,0.0,0.07943186214382822,3.198853710484462e-06
pure_magnetic,DOP853,wrong_model,0.07500000000000001,0.0053451061054146645,0.005324750504411741,0.15143647435765992,0.0183084384348189,0.07126049464646919,0.07072093771382064,0.0,0.07914933800293529,4.725574699926812e-06
pure_magnetic,DOP853,wrong_model,0.1,0.0071265546379289755,0.007090511431847038,0.1518871751253238,0.01774790508740774,0.0712553809186634,0.07054028519647333,0.0,0.07886783883293365,6.2041446234953205e-06
pure_magnetic,DOP853,wrong_model,0.125,0.008907874776471042,0.008851782098249774,0.15232388383246845,0.017189078187430623,0.07125022220695644,0.07036171276752698,0.0,0.07858736101119458,7.634808152983375e-06
pure_magnetic,DOP853,wrong_model,0.15000000000000002,0.01068906532748196,0.01060861420187995,0.15274664348419603,0.016631985222254703,0.07124501300121178,0.07018519614409444,0.0,0.0783079009486353,9.017813911277092e-06
pure_magnetic,DOP853,wrong_model,0.17500000000000002,0.012470124960163673,0.012361058836406797,0.1531554977708338,0.01607665352198829,0.07123974783270892,0.07001071124165524,0.0,0.07802945508914232,1.035341440556333e-05
pure_magnetic,DOP853,wrong_model,0.2,0.01425105220753424,0.014109166495859306,0.15355049106396138,0.015523110256166176,0.0712344212757165,0.0698382341733939,0.0,0.0777520199089964,1.1641865960132305e-05
pure_magnetic,DOP853,wrong_model,0.225,0.016031845467522066,0.015852987079560347,0.1539316684123557,0.014971382430481923,0.07122902794903697,0.06966774124956245,0.0,0.07747559191629899,1.2883428648797149e-05
pure_magnetic,DOP853,wrong_model,0.25,0.017812503004098337,0.017592569897045312,0.1542990755378547,0.014421496883567805,0.07122356251752243,0.06949920897686587,0.0,0.07720016765040061,1.4078366226952789e-05
pure_magnetic,DOP853,wrong_model,0.275,0.019593022948446844,0.01932796367296601,0.15465275883114105,0.013873480283823118,0.07121801969356144,0.06933261405786897,0.0,0.0769257436813312,1.5226946063296528e-05
pure_magnetic,DOP853,wrong_model,0.30000000000000004,0.02137340330017039,0.021059216551980845,0.15499276534744671,0.013327359126291596,0.07121239423853666,0.06916793339042354,0.0,0.07665231660923283,1.6329439071232662e-05
pure_magnetic,DOP853,wrong_model,0.325,0.023153641928532982,0.022786376103631968,0.15531914280218004,0.012783159729588626,0.07120668096425299,0.06900514406711447,0.0,0.07637988306379476,1.7386119639983537e-05
pure_magnetic,DOP853,wrong_model,0.35000000000000003,0.024933736573738548,0.02450948932720541,0.1556319395664774,0.012240908232875339,0.07120087473433595,0.06884422337472428,0.0,0.07610843970369079,1.8397265565439776e-05
pure_magnetic,DOP853,wrong_model,0.375,0.026713684848244497,0.026228602656575787,0.15593120466268134,0.011700630592881213,0.07119497046560065,0.06868514879371529,0.0,0.07583798321601895,1.9363157980768374e-05
pure_magnetic,DOP853,wrong_model,0.4,0.028493484238107346,0.02794376196504611,0.15621698775974124,0.011162352580982316,0.07118896312939026,0.06852789799772563,0.0,0.07556851031574495,2.0284081286781313e-05
pure_magnetic,DOP853,wrong_model,0.42500000000000004,0.030273132104362575,0.029655012570169583,0.1564893391685439,0.0106260997803266,0.07118284775288464,0.0683724488530811,0.0,0.075300017745148,2.1160323082115627e-05
pure_magnetic,DOP853,wrong_model,0.45,0.0320526256844362,0.031362399238561496,0.15674830983717258,0.010091897583011772,0.07117661942037874,0.06821877941832019,0.0,0.07503250227327007,2.1992174093231532e-05
pure_magnetic,DOP853,wrong_model,0.47500000000000003,0.03383196209358825,0.03306596619069892,0.15699395134609595,0.009559771187314084,0.07117027327453034,0.06806686794373157,0.0,0.07476596069536842,2.277992810425638e-05
pure_magnetic,DOP853,wrong_model,0.5,0.035611138326387265,0.03476575710570856,0.15722631590328834,0.009029745594968497,0.07116380451757734,0.06791669287090303,0.0,0.07450038983237142,2.3523881886696225e-05
pure_magnetic,DOP853,wrong_model,0.525,0.03739015125821506,0.036461815126143396,0.1574454563392828,0.00850184560850066,0.07115720841252432,0.06776823283228076,0.0,0.07423578653033805,2.4224335129036718e-05
pure_magnetic,DOP853,wrong_model,0.55,0.03916899764680064,0.03815418286274823,0.15765142610215824,0.007976095828611286,0.07115048028429838,0.06762146665073829,0.0,0.07397214765992108,2.488159036625503e-05
pure_magnetic,DOP853,wrong_model,0.5750000000000001,0.040947674133782475,0.03984290239921486,0.1578442792524614,0.0074525206516133004,0.07114361552087411,0.06747637333915364,0.0,0.07370947011583415,2.549595290926455e-05
pure_magnetic,DOP853,wrong_model,0.6000000000000001,0.04272617724629829,0.041528015296927144,0.158024070458066,0.006931144266922327,0.07113660957436767,0.06733293209999419,0.0,0.07344775081632296,2.6067730774314074e-05
pure_magnetic,DOP853,wrong_model,0.625,0.044504503398601326,0.04320956259969639,0.1581908549889693,0.006411990654600956,0.07112945796209975,0.06719112232490779,0.0,0.07318698670264073,2.6597234612363204e-05
pure_magnetic,DOP853,wrong_model,0.65,0.0462826488937023,0.044887584838487614,0.15834468871202795,0.0058950835829572725,0.07112215626762763,0.06705092359431941,0.0,0.072927174738528,2.7084777638455684e-05
pure_magnetic,DOP853,wrong_model,0.675,0.04806060992503754,0.046562122036134745,0.15848562808563474,0.005380446606195753,0.07111470014174584,0.06691231567703274,0.0,0.07266831190969676,2.7530675561114295e-05
pure_magnetic,DOP853,wrong_model,0.7000000000000001,0.04983838257816737,0.048233213712037364,0.15861373015433747,0.004868103062112188,0.07110708530345576,0.06677527852983754,0.0,0.07241039522331733,2.7935246511782872e-05
pure_magnetic,DOP853,wrong_model,0.7250000000000001,0.05161596283248863,0.04990089888686184,0.15872905254340033,0.004358076069858432,0.07109930754090431,0.06663979229711745,0.0,0.07215342170751263,2.8298810974314713e-05
pure_magnetic,DOP853,wrong_model,0.75,0.05339334656297578,0.051565216087225134,0.15883165345331016,0.0038503885277523047,0.07109136271229104,0.06650583731046125,0.0,0.07189738841085568,2.8621691714552345e-05
pure_magnetic,DOP853,wrong_model,0.775,0.0551705295419429,0.05322620335036999,0.15892159165422906,0.0033450631111432,0.07108324674674443,0.06637339408827604,0.0,0.07164229240187214,2.8904213710008088e-05
pure_magnetic,DOP853,wrong_model,0.8,0.056947507440827286,0.05488389822883076,0.15899892648039443,0.002842122270331814,0.07107495564516686,0.06624244333540072,0.0,0.07138813076854796,2.914670407966743e-05
pure_magnetic,DOP853,wrong_model,0.8250000000000001,0.05872427583199417,0.05653833779508932,0.15906371782446704,0.002341588228543594,0.07106648548104824,0.06611296594271968,0.0,0.07113490061784182,2.9349492013935232e-05
pure_magnetic,DOP853,wrong_model,0.8500000000000001,0.060500830190561614,0.05818955864622125,0.1591160261318292,0.0018434829799561258,0.0710578324012488,0.0659849429867758,0.0,0.07088259907520271,2.95129087047439e-05
pure_magnetic,DOP853,wrong_model,0.875,0.06227716589624459,0.059837596908532194,0.1591559123948343,0.0013478282877806445,0.07104899262675046,0.06585835572938226,0.0,0.07063122328409269,2.9637287275842926e-05
pure_magnetic,DOP853,wrong_model,0.9,0.06405327823521731,0.06148248824218462,0.15918343814700897,0.0008546456823978338,0.0710399624533775,0.065733185617232,0.0,0.07038077040551502,2.972296271328913e-05
pure_magnetic,DOP853,wrong_model,0.925,0.06582916240199291,0.06312426784581485,0.1591986654572098,0.0003639564595481438,0.07103073825248607,0.06560941428150492,0.0,0.07013123761754765,2.9770271796156837e-05
pure_magnetic,DOP853,wrong_model,0.9500000000000001,0.0676048135013195,0.06476297046114052,0.15920165692373547,-0.0001242183214232393,0.07102131647162305,0.06548702353747138,0.0,0.0698826221148824,2.9779553027487368e-05
pure_magnetic,DOP853,wrong_model,0.9750000000000001,0.06938022655009168,0.0663986303775586,0.1591924756683964,-0.0006098578392665513,0.07101169363515386,0.06536599538409171,0.0,0.06963492110836973,2.9751146565497152e-05
pure_magnetic,DOP853,wrong_model,1.0,0.07115539647927685,0.06803128143673355,0.15917118533054248,-0.0010929415124729701,0.0710018663448598,0.06524631200361114,0.0,0.06938813182456931,2.968539415506318e-05
pure_magnetic,DOP853,wrong_model,1.0250000000000001,0.07293031813586352,0.06966095703717137,0.1591378500610461,-0.001573449000875098,0.07099183128050413,0.0651279557611504,0.0,0.06914225150530456,2.9582639059489198e-05
pure_magnetic,DOP853,wrong_model,1.05,0.0747049862848153,0.07128769013878711,0.1590925345162507,-0.0020513602071846075,0.07098158520036839,0.06501090920429001,0.0,0.06889727740722479,2.944322599259064e-05
pure_magnetic,DOP853,wrong_model,1.075,0.07647939561103918,0.0729115132674622,0.15903530385188033,-0.002526655278476956,0.0709711249417581,0.06489515506264822,0.0,0.0686532068013728,2.9267501051109334e-05
pure_magnetic,DOP853,wrong_model,1.1,0.07825354072136763,0.07453245851958955,0.1589662237169127,-0.0029993146076250587,0.07096044742147813,0.06478067624745255,0.0,0.06841003697275813,2.9055811647468208e-05
pure_magnetic,DOP853,wrong_model,1.125,0.08002741614655111,0.07615055756660825,0.1588853602474173,-0.0034693188346786442,0.07094954963627818,0.0646674558511043,0.0,0.06816776521993634,2.8808506442888717e-05
pure_magnetic,DOP853,wrong_model,1.1500000000000001,0.08180101634326216,0.07776584165952766,0.15879278006035924,-0.003936648848190956,0.07093842866326817,0.06455547714673497,0.0,0.06792638885459422,2.852593528088483e-05
pure_magnetic,DOP853,wrong_model,1.175,0.08357433569610949,0.07937834163343976,0.1586885502473703,-0.004401285786492792,0.07092708166030375,0.06444472358775488,0.0,0.06768590520114101,2.820844912114923e-05
pure_magnetic,DOP853,wrong_model,1.2000000000000002,0.08534736851966157,0.08098808791202065,0.15857273836848865,-0.004863211038914115,0.07091550586634224,0.06433517880739308,0.0,0.06744631159630557,2.7856399973847146e-05
pure_magnetic,DOP853,wrong_model,1.225,0.08712010906047865,0.08259511051201984,0.15844541244586874,-0.005322406246953178,0.07090369860176925,0.06422682661822826,0.0,0.06720760538873986,2.74701408343335e-05
pure_magnetic,DOP853,wrong_model,1.25,0.08889255149915232,0.08419943904773823,0.15830664095746294,-0.005778853305393414,0.07089165726869597,0.06411965101171058,0.0,0.06696978393862851,2.7050025618308747e-05
pure_magnetic,DOP853,wrong_model,1.2750000000000001,0.09066468995235169,0.08580110273549367,0.15815649283067654,-0.006232534363368053,0.07087937935122743,0.0640136361576734,0.0,0.06673284461730469,2.6596409097429094e-05
pure_magnetic,DOP853,wrong_model,1.3,0.09243651847487515,0.08740013039807443,0.15799503743599724,-0.006683431825372635,0.07086686241570211,0.06390876640383517,0.0,0.06649678480687242,2.6109646835386577e-05
pure_magnetic,DOP853,wrong_model,1.3250000000000002,0.09420803106170711,0.08899655046918027,0.15782234458060135,-0.0071315283522255255,0.07085410411090286,0.06380502627529047,0.0,0.06626160189983525,2.5590095124474484e-05
pure_magnetic,DOP853,wrong_model,1.35,0.09597922165008393,0.09059039099785024,0.15763848450193102,-0.007576806861981532,0.07084110216823886,0.06370240047399064,0.0,0.06602729329873049,2.5038110922633427e-05
pure_magnetic,DOP853,wrong_model,1.375,0.09775008412156551,0.09218167965287699,0.15744352786124854,-0.008019250530796693,0.0708278544018997,0.0636008738782134,0.0,0.06579385641576925,2.4454051790994392e-05
pure_magnetic,DOP853,wrong_model,1.4000000000000001,0.09952061230410099,0.09377044372720875,0.1572375457371791,-0.008458842793733911,0.07081435870898194,0.06350043154202062,0.0,0.06556128867248487,2.383827583197847e-05
pure_magnetic,DOP853,wrong_model,1.425,0.10129079997410453,0.09535671014233688,0.15702060961922656,-0.00889556734552567,0.07080061306958745,0.0634010586947048,0.0,0.06532958749938625,2.3191141627903096e-05
pure_magnetic,DOP853,wrong_model,1.4500000000000002,0.10306064085853094,0.0969405054526695,0.1567927914012738,-0.009329408141285364,0.07078661554689462,0.06330274074022364,0.0,0.0650987503356179,2.251300818014081e-05
pure_magnetic,DOP853,wrong_model,1.475,0.10483012863695279,0.09852185584989083,0.15655416337506478,-0.00976034939716994,0.07077236428720224,0.06320546325662228,0.0,0.06486877462862649,2.1804234848833743e-05
pure_magnetic,DOP853,wrong_model,1.5,0.10659925694363923,0.10010078716730621,0.1563047982236704,-0.010188375590994298,0.07075785751994625,0.06310921199544325,0.0,0.06463965783383355,2.10651812931746e-05
pure_magnetic,DOP853,wrong_model,1.5250000000000001,0.10836801936963457,0.10167732488417201,0.15604476901493933,-0.010613471462797668,0.07074309355769011,0.06301397288112376,0.0,0.06441139741431469,2.0296207412265297e-05
pure_magnetic,DOP853,wrong_model,1.55,0.1101364094648365,0.10325149413001046,0.15577414919493504,-0.011035622015362376,0.07072807079608848,0.06291973201038017,0.0,0.06418399084048516,1.9497673286564244e-05
pure_magnetic,DOP853,wrong_model,1.5750000000000002,0.11190442074007288,0.1048233196889088,0.15549301258136114,-0.01145481251468531,0.07071278771382503,0.06282647565157973,0.0,0.06395743558979192,1.8669939119933166e-05
pure_magnetic,DOP853,wrong_model,1.6,0.11367204666917613,0.10639282600380252,0.15520143335697584,-0.011871028490402358,0.0706972428725244,0.06273419024409896,0.0,0.06373172914641206,1.781336518229467e-05
pure_magnetic,DOP853,wrong_model,1.625,0.11543928069105464,0.10796003718074221,0.1548994860629974,-0.01228425573616624,0.07068143491663871,0.06264286239766895,0.0,0.06350686900095792,1.6928311752911366e-05
pure_magnetic,DOP853,wrong_model,1.6500000000000001,0.11720611621176011,0.10952497699314383,0.15458724559250192,-0.012694480309977992,0.07066536257330899,0.06255247889170715,0.0,0.06328285265018868,1.6015139064297677e-05
pure_magnetic,DOP853,wrong_model,1.675,0.11897254660655208,0.11108766888602226,0.1542647871838119,-0.013101688534473896,0.07064902465220142,0.062463026674635526,0.0,0.06305967759672815,1.5074207246765512e-05
pure_magnetic,DOP853,wrong_model,1.7000000000000002,0.12073856522196647,0.11264813598020937,0.153932186413866,-0.013505866997173632,0.07063242004531821,0.06237449286318512,0.0,0.0628373413487875,1.4105876273573821e-05
pure_magnetic,DOP853,wrong_model,1.725,0.12250416537786483,0.11420640107655142,0.15358951919160363,-0.01390700255067439,0.07061554772678576,0.06228686474168703,0.0,0.06261584141989694,1.3110505906794035e-05
pure_magnetic,DOP853,wrong_model,1.75,0.1242693403694862,0.1157624866600906,0.15323686175133386,-0.014305082312806668,0.07059840675261782,0.06220012976134945,0.0,0.06239517532864216,1.2088455643803466e-05
pure_magnetic,DOP853,wrong_model,1.7750000000000001,0.12603408346949066,0.11731641490422752,0.15287429064610372,-0.014700093666746036,0.07058099626045544,0.06211427553952099,0.0,0.0621753405984076,1.1040084664451908e-05
pure_magnetic,DOP853,wrong_model,1.8,0.1277983879299962,0.11886820767486522,0.15250188274106416,-0.01509202426108233,0.07056331546928342,0.06202928985893999,0.0,0.06195633475712601,9.965751778903876e-06
pure_magnetic,DOP853,wrong_model,1.8250000000000002,0.1295622469846088,0.12041788653453456,0.15211971520683398,-0.01548086200984709,0.07054536367912384,0.0619451606669699,0.0,0.06173815533703418,8.865815376160739e-06
pure_magnetic,DOP853,wrong_model,1.85,0.1313256538504445,0.12196547274650014,0.15172786551286316,-0.015866595092499686,0.07052714027070689,0.06186187607482056,0.0,0.061520799874434956,7.740633373269265e-06
pure_magnetic,DOP853,wrong_model,1.875,0.13308860173014336,0.12351098727884692,0.15132641142079722,-0.0162492119538727,0.0705086447051194,0.06177942435675559,0.0,0.061304265909465486,6.5905631652227055e-06
pure_magnetic,DOP853,wrong_model,1.9000000000000001,0.13485108381387373,0.12505445080854644,0.15091543097784324,-0.01662870130407698,0.07048987652343144,0.061697793949285734,0.0,0.061088550985871716,5.415961575560887e-06
pure_magnetic,DOP853,wrong_model,1.925,0.13661309328132715,0.12659588372550284,0.15049500251013984,-0.017005052118366924,0.07047083534630143,0.06161697345034838,0.0,0.060873652650789124,4.217184807675652e-06
pure_magnetic,DOP853,wrong_model,1.9500000000000002,0.13837462330370226,0.12813530613657792,0.15006520461613154,-0.01737825363696642,0.07045152087355999,0.06153695161847303,0.0,0.060659568454529675,2.9945883968277824e-06
pure_magnetic,DOP853,wrong_model,1.975,0.14013566704567726,0.12967273786959468,0.1496261161599496,-0.017748295364856028,0.07043193288377317,0.06145771737193292,0.0,0.060446295950375054,1.7485271628820581e-06
pure_magnetic,DOP853,wrong_model,2.0,0.141896217667371,0.13120819847731957,0.14917781626479948,-0.018115167071522,0.07041207123378497,0.061379259787882716,0.0,0.060233832694376044,4.793551637643457e-07
pure_magnetic,DOP853,wrong_model,2.025,0.14365626832630002,0.13274170724142614,0.14872038430634044,-0.01847885879067236,0.07039193585823884,0.06130156810148196,0.0,0.060022176245156725,-8.125743504039962e-07
pure_magnetic,DOP853,wrong_model,2.0500000000000003,0.14541581217931496,0.13427328317643303,0.14825389990608825,-0.018839360819912068,0.07037152676908053,0.06122463170500536,0.0,0.059811324163725935,-2.1269089824055366e-06
pure_magnetic,DOP853,wrong_model,2.075,0.14717484238452552,0.13580294503362003,0.1477784429248244,-0.019196663720382378,0.07035084405504112,0.06114844014693913,0.0,0.05960127401329467,-3.4632972322980112e-06
pure_magnetic,DOP853,wrong_model,2.1,0.14893335210321396,0.13733071130492228,0.14729409345601172,-0.019550758316366254,0.07032988788110114,0.061072983131063796,0.0,0.05939202335909901,-4.8213885410687155e-06
pure_magnetic,DOP853,wrong_model,2.125,0.150691334501734,0.13885660022680069,0.14680093181922205,-0.0199016356948585,0.07030865848793583,0.06099825051552354,0.0,0.05918356976822911,-6.200833333549769e-06
pure_magnetic,DOP853,wrong_model,2.15,0.1524487827533961,0.14038062978408927,0.14629903855357393,-0.020249287205102044,0.07028715619134213,0.06092423231188205,0.0,0.05897591080946398,-7.601283060599671e-06
pure_magnetic,DOP853,wrong_model,2.1750000000000003,0.15420569004033854,0.14190281771381896,0.1457884944111822,-0.020593704458090847,0.0702653813816477,0.06085091868416509,0.0,0.05876904405311197,-9.022390240549073e-06
pure_magnetic,DOP853,wrong_model,2.2,0.15596204955538315,0.143423181509017,0.1452693803506198,-0.02093487932604012,0.07024333452310239,0.06077829994788983,0.0,0.05856296707085706,-1.0463808499908567e-05
pure_magnetic,DOP853,wrong_model,2.225,0.15771785450387624,0.1449417384224824,0.14474177753039366,-0.02127280394182438,0.07022101615325248,0.06070636656908128,0.0,0.058357677435610725,-1.1925192613336929e-05
pure_magnetic,DOP853,wrong_model,2.25,0.1594730981055129,0.14645850547053613,0.14420576730243537,-0.021607470698383913,0.07019842688229817,0.060635109163275754,0.0,0.05815317272136961,-1.3406198542867243e-05
pure_magnetic,DOP853,wrong_model,2.275,0.16122777359614496,0.1479734994367461,0.14366143120560798,-0.021938872248100247,0.07017556739243476,0.06056451849451174,0.0,0.05794945050307873,-1.4906483476389307e-05
pure_magnetic,DOP853,wrong_model,2.3000000000000003,0.1629818742295713,0.14948673687562647,0.14310885095923018,-0.022267001502141205,0.07015243843717785,0.06049458547430813,0.0,0.05774650835650033,-1.6425705865386187e-05
pure_magnetic,DOP853,wrong_model,2.325,0.16473539327931072,0.1509982341163108,0.14254810845661867,-0.022591851629776158,0.07012904084067297,0.06042530116063016,0.0,0.05754434385808836,-1.796352546192275e-05
pure_magnetic,DOP853,wrong_model,2.35,0.16648832404036112,0.15250800726620142,0.14197928575863983,-0.022913416057663807,0.07010537549698934,0.06035665675684259,0.0,0.05734295458486773,-1.9519603354915607e-05
pure_magnetic,DOP853,wrong_model,2.375,0.16824065983094205,0.15401607221459318,0.14140246508727666,-0.023231688469112277,0.07008144336939864,0.06028864361065095,0.0,0.05714233811431882,-2.109360200567418e-05
pure_magnetic,DOP853,wrong_model,2.4000000000000004,0.16999239399421084,0.1555224446362659,0.1408177288192323,-0.023546662803308322,0.07005724548964039,0.06022125321303142,0.0,0.056942492024268376,-2.2685185282646553e-05
pure_magnetic,DOP853,wrong_model,2.4250000000000003,0.17174351989996647,0.15702713999505352,0.14022515947953948,-0.02385833325452204,0.07003278295717226,0.060154477197148566,0.0,0.05674341389278486,-2.429401849546647e-05
pure_magnetic,DOP853,wrong_model,2.45,0.17349403094633273,0.15853017354738494,0.13962483973519485,-0.02416669427128461,0.07000805693840709,0.06008830733726171,0.0,0.056545101298079124,-2.5919768428250013e-05
pure_magnetic,DOP853,wrong_model,2.475,0.17524392056142227,0.1600315603457975,0.13901685238881323,-0.02447174055554036,0.0699830686659363,0.06002273554762,0.0,0.05634755181841027,-2.7562103372157078e-05
pure_magnetic,DOP853,wrong_model,2.5,0.1769931822049813,0.16153131524242287,0.13840128037230262,-0.024773467061773947,0.06995781943774036,0.05995775388134629,0.0,0.05615076303199645,-2.922069315721947e-05
pure_magnetic,DOP853,wrong_model,2.5250000000000004,0.17874180937001477,0.16302945289244514,0.1377782067405612,-0.025071868996113085,0.06993231061638672,0.059893354529310217,0.0,0.055954732516930665,-3.089520918343727e-05
pure_magnetic,DOP853,wrong_model,2.5500000000000003,0.18048979558439096,0.16452598775753027,0.137147714665197,-0.025366941815407502,0.06990654362821533,0.05982952981899052,0.0,0.0557594578511015,-3.2585324451144764e-05
pure_magnetic,DOP853,wrong_model,2.575,0.1822371344124258,0.16602093410922739,0.13650988742827114,-0.025658681226284757,0.0698805199625125,0.059766272213327046,0.0,0.05556493661211873,-3.429071359064807e-05
pure_magnetic,DOP853,wrong_model,2.6,0.18398381945644596,0.1675143060323405,0.13586480841606594,-0.02594708318418341,0.06985424117067335,0.05970357430956255,0.0,0.05537116637724374,-3.601105289113539e-05
pure_magnetic,DOP853,wrong_model,2.625,0.18572984435833026,0.1690061174282712,0.1352125611128783,-0.026232143892364227,0.0698277088653531,0.05964142883807464,0.0,0.05517814472332474,-3.7746020328861994e-05
pure_magnetic,DOP853,wrong_model,2.6500000000000004,0.18747520280102944,0.1704963820183315,0.13455322909483988,-0.026513859800900014,0.069800924719608,0.059579828661197945,0.0,0.05498586922673671,-3.9495295594611316e-05
pure_magnetic,DOP853,wrong_model,2.6750000000000003,0.18921988851006455,0.1719851133470276,0.13388689602376083,-0.026792227605644942,0.06977389046602557,0.0595187667720368,0.0,0.05479433746332591,-4.125856012044413e-05
pure_magnetic,DOP853,wrong_model,2.7,0.1909638952550101,0.17347232478531793,0.13321364564098442,-0.027067244247185165,0.06974660789584403,0.05945823629326799,0.0,0.05460354700835799,-4.3035497105778576e-05
pure_magnetic,DOP853,wrong_model,2.725,0.19270721685094433,0.17495802953383435,0.13253356176129366,-0.027338906909767733,0.06971907885806373,0.05939823047593569,0.0,0.054413495436472024,-4.4825791542693124e-05
pure_magnetic,DOP853,wrong_model,2.75,0.19444984715988334,0.17644224062607675,0.13184672826683075,-0.02760721302021187,0.0696913052585486,0.059338742698236975,0.0,0.054224180321638095,-4.662913024056167e-05
pure_magnetic,DOP853,wrong_model,2.7750000000000004,0.196191780092191,0.1779249709315766,0.13115322910104707,-0.027872160246801822,0.06966328905911869,0.05927976646429911,0.0,0.05403559923711939,-4.844520184998207e-05
pure_magnetic,DOP853,wrong_model,2.8000000000000003,0.1979330096079663,0.17940623315902965,0.13045314826268123,-0.028133746498162047,0.0696350322766345,0.05922129540294855,0.0,0.05384774975543852,-5.027369688600826e-05
pure_magnetic,DOP853,wrong_model,2.825,0.19967352971840807,0.18088603985939794,0.12974656979976434,-0.028391969922115436,0.06960653698207306,0.059163323266471966,0.0,0.05366062944834801,-5.2114307750693117e-05
pure_magnetic,DOP853,wrong_model,2.85,0.20141333448715615,0.18236440342898105,0.12903357780365407,-0.028646828904524944,0.06957780529959609,0.05910584392936961,0.0,0.05347423588680487,-5.396672875494542e-05
pure_magnetic,DOP853,wrong_model,2.875,0.20315241803160983,0.1838413361124558,0.1283142564030974,-0.0288983220681194,0.06954883940561103,0.05904885138710121,0.0,0.05328856664094913,-5.583065613970602e-05
pure_magnetic,DOP853,wrong_model,2.9000000000000004,0.2048907745242222,0.18531685000588471,0.1275886897583234,-0.029146448271303905,0.0695196415278248,0.05899233975482484,0.0,0.05310361928008649,-5.770578809644714e-05
pure_magnetic,DOP853,wrong_model,2.9250000000000003,0.20662839819377057,0.18679095705969254,0.12685696205516653,-0.029391206606955413,0.06949021394429113,0.058936303266128844,0.0,0.05291939137267476,-5.959182478699893e-05
pure_magnetic,DOP853,wrong_model,2.95,0.20836528332660326,0.18826366908161102,0.1261191574992208,-0.02963259640120411,0.06946055898245139,0.058880736271757335,0.0,0.05273588048631417,-6.148846836270825e-05
pure_magnetic,DOP853,wrong_model,2.975,0.21010142426786105,0.18973499773959096,0.12537536031002647,-0.029870617212201037,0.06943067901816986,0.058825633238329386,0.0,0.05255308418774149,-6.33954229829331e-05
pure_magnetic,DOP853,wrong_model,3.0,0.21183681542267474,0.1912049545646822,0.12462565471528797,-0.030105268828872635,0.06940057647476312,0.05877098874705225,0.0,0.05237100004282793,-6.531239483287934e-05
pure_magnetic,DOP853,wrong_model,3.0250000000000004,0.2135714512573429,0.19267355095388522,0.12387012494510971,-0.030336551269662906,0.06937025382202347,0.058716797492428106,0.0,0.052189625616579985,-6.723909214082487e-05
pure_magnetic,DOP853,wrong_model,3.0500000000000003,0.21530532630047994,0.1941407981729659,0.12310885522627774,-0.030564464781263154,0.06933971357523822,0.058663054280956195,0.0,0.05200895847314447,-6.91752251946647e-05
pure_magnetic,DOP853,wrong_model,3.075,0.21703843514414062,0.19560670735923885,0.12234192977657206,-0.03078900983733023,0.06930895829420443,0.05860975402982955,0.0,0.051828996175816905,-7.112050635782078e-05
pure_magnetic,DOP853,wrong_model,3.1,0.21877077244492074,0.19707128952431857,0.12156943279910767,-0.031010187137193734,0.06927799058223909,0.05855689176562677,0.0,0.05164973628705319,-7.307465008453111e-05
pure_magnetic,DOP853,wrong_model,3.125,0.22050233292503246,0.19853455555683747,0.12079144847670965,-0.031227997604552717,0.06924681308518543,0.058504462622999236,0.0,0.051471176368484604,-7.503737293451014e-05
pure_magnetic,DOP853,wrong_model,3.1500000000000004,0.22223311137335508,0.19999651622513132,0.12000806096632034,-0.03144244238616225,0.06921542849041575,0.058452461843353946,0.0,0.0512933139809361,-7.700839358699246e-05
pure_magnetic,DOP853,wrong_model,3.1750000000000003,0.22396310264646074,0.20145718217989167,0.11921935439343898,-0.03165352285051044,0.06918383952583075,0.058400884773532336,0.0,0.05111614668444771,-7.898743285416588e-05
pure_magnetic,DOP853,wrong_model,3.2,0.22569230166961549,0.20291656395678534,0.11842541284659425,-0.03186124058648635,0.06915204895885621,0.05834972686448533,0.0,0.05093967203829904,-8.097421369400032e-05
pure_magnetic,DOP853,wrong_model,3.225,0.22742070343775472,0.2043746719790407,0.11762632037185064,-0.032065597402039195,0.06912005959543673,0.05829898366994489,0.0,0.05076388760103686,-8.296846122247782e-05
pure_magnetic,DOP853,wrong_model,3.25,0.2291483030164339,0.2058315165600006,0.11682216096734852,-0.03226659532282941,0.06908787427902738,0.058248650845092474,0.0,0.050588790930505584,-8.496990272523046e-05
pure_magnetic,DOP853,wrong_model,3.2750000000000004,0.2308750955427533,0.2072871079056418,0.11601301857787892,-0.03246423659087205,0.06905549588958337,0.0581987241452246,0.0,0.05041437958388072,-8.697826766859172e-05
pure_magnetic,DOP853,wrong_model,3.3000000000000003,0.23260107622625742,0.20874145611706071,0.11519897708949346,-0.03265852366317287,0.06902292734254817,0.058149199424415904,0.0,0.05024065111770514,-8.899328771006758e-05
pure_magnetic,DOP853,wrong_model,3.325,0.23432624034980895,0.21019457119292542,0.11438012032414945,-0.0328494592103577,0.06899017158784013,0.058100072634179864,0.0,0.050067603087928146,-9.101469670823356e-05
pure_magnetic,DOP853,wrong_model,3.35,0.23605058327043882,0.21164646303189574,0.11355653203438297,-0.03303704611529517,0.06895723160883797,0.05805133982212725,0.0,0.049895233049946995,-9.30422307320842e-05
pure_magnetic,DOP853,wrong_model,3.375,0.2377741004201716,0.2130971414350105,0.11272829589801377,-0.033221287471713164,0.06892411042136505,0.058002997130622666,0.0,0.04972353855865104,-9.507562806983318e-05
pure_magnetic,DOP853,wrong_model,3.4000000000000004,0.23949678730682183,0.21454661610803735,0.11189549551289955,-0.0334021865828104,0.06889081107267425,0.05795504079544037,0.0,0.04955251716846876,-9.711462923712746e-05
pure_magnetic,DOP853,wrong_model,3.4250000000000003,0.24121863951476766,0.21599489666379207,0.11105821439171393,-0.033579746959862274,0.06885733664043192,0.05790746714441834,0.0,0.04938216643341693,-9.91589769847469e-05
pure_magnetic,DOP853,wrong_model,3.45,0.2429396527056984,0.217441992624423,0.11021653595676263,-0.0337539723208221,0.06882369023170216,0.05786027259611161,0.0,0.04921248390715237,-0.00010120841630576113
pure_magnetic,DOP853,wrong_model,3.475,0.24465982261933686,0.21888791342366223,0.10937054353483439,-0.033924866588917836,0.06878987498193151,0.057813453658445015,0.0,0.04904346714302589,-0.00010326269444216004
pure_magnetic,DOP853,wrong_model,3.5,0.24637914507413605,0.22033266840904298,0.10852032035208624,-0.03409243389124482,0.06875589405393424,0.05776700692736553,0.0,0.048875113694138626,-0.00010532156089096568
pure_magnetic,DOP853,wrong_model,3.5250000000000004,0.248097615967951,0.22177626684408341,0.10766594952896395,-0.03425667855735466,0.06872175063687876,0.05772092908549457,0.0,0.0487074211134005,-0.00010738476740983213
pure_magnetic,DOP853,wrong_model,3.5500000000000003,0.24981523127868474,0.22321871791043665,0.10680751407515787,-0.03441760511784089,0.06868744794527504,0.057675216900780514,0.0,0.048540386953590815,-0.0001094520680221403
pure_magnetic,DOP853,wrong_model,3.575,0.2515319870649097,0.22466003071000742,0.10594509688459418,-0.034575218302921505,0.06865298921796373,0.05762986722515171,0.0,0.04837400876742095,-0.00011152321902159487
pure_magnetic,DOP853,wrong_model,3.6,0.253247879466463,0.22610021426703447,0.10507878073046241,-0.034729523041019,0.06861837771710701,0.057584876993170275,0.0,0.04820828410759904,-0.00011359797897632998
pure_magnetic,DOP853,wrong_model,3.625,0.25496290470501676,0.22753927753013947,0.10420864826027913,-0.03488052445733802,0.06858361672718151,0.057540243220686994,0.0,0.048043210526896606,-0.00011567610873253062
pure_magnetic,DOP853,wrong_model,3.6500000000000004,0.2566770590846232,0.228977229374342,0.10333478199098832,-0.035028227872441156,0.0685487095539737,0.05749596300349759,0.0,0.047878785578217085,-0.00011775737141757723
pure_magnetic,DOP853,wrong_model,3.6750000000000003,0.25839033899223424,0.2304140786030411,0.10245726430409613,-0.035172638800822977,0.06851365952357766,0.05745203351600047,0.0,0.047715006814666124,-0.00011984153244272532
pure_magnetic,DOP853,wrong_model,3.7,0.2601027408981989,0.23184983394996572,0.10157617744083067,-0.035313762949481506,0.06847846998139513,0.05740845200985589,0.0,0.047551871789623515,-0.00012192835950534985
pure_magnetic,DOP853,wrong_model,3.725,0.2618142613567319,0.23328450408108772,0.10069160349735524,-0.03545160621649031,0.0684431442911397,0.05736521581264801,0.0,0.047389378056817026,-0.0001240176225906976
pure_magnetic,DOP853,wrong_model,3.75,0.26352489700635934,0.2347180975965037,0.09980362442000776,-0.035586174689568754,0.0684076858338435,0.05732232232654889,0.0,0.04722752317039771,-0.00012610909397321678
pure_magnetic,DOP853,wrong_model,3.7750000000000004,0.26523464457033924,0.23615062303228307,0.09891232200057763,-0.035717474644651935,0.06837209800686787,0.05727976902698516,0.0,0.04706630468501682,-0.00012820254821744543
pure_magnetic,DOP853,wrong_model,3.8000000000000003,0.2669435008570574,0.2375820888622826,0.09801777787161876,-0.03584551254446023,0.06833638422291749,0.05723755346130766,0.0,0.04690572015590418,-0.00013029776217847054
pure_magnetic,DOP853,wrong_model,3.825,0.268651462760399,0.23901250349992803,0.09712007350179741,-0.03597029503706874,0.06830054790905879,0.05719567324746415,0.0,0.04674576713894806,-0.00013239451500196719
pure_magnetic,DOP853,wrong_model,3.85,0.27035852726009485,0.24044187529996242,0.09621929019127594,-0.03609182895447695,0.06826459250574247,0.05715412607267543,0.0,0.046586443190776344,-0.00013449258812382362
pure_magnetic,DOP853,wrong_model,3.875,0.2720646914220445,0.24187021256016158,0.09531550906713207,-0.03621012131117864,0.06822852146583046,0.057112909692115105,0.0,0.046427745868839077,-0.00013659176526936037
pure_magnetic,DOP853,wrong_model,3.9000000000000004,0.27376995239861407,0.24329752352301648,0.09440881107881409,-0.03632517930273258,0.06819233825362764,0.05707202192759327,0.0,0.046269672731492226,-0.00013869183245215013
pure_magnetic,DOP853,wrong_model,3.9250000000000003,0.27547430742891027,0.24472381637738264,0.09349927699363217,-0.036437010304333974,0.06815604634391846,0.057031460666244274,0.0,0.0461122213380827,-0.00014079257797244526
pure_magnetic,DOP853,wrong_model,3.95,0.2771777538390307,0.246149099260097,0.09258698739228594,-0.036545621869387146,0.06811964922100867,0.05699122385921896,0.0,0.045955389249034466,-0.00014289379241522082
pure_magnetic,DOP853,wrong_model,3.975,0.27888028904228934,0.24757338025756176,0.09167202266442848,-0.03665102172807952,0.06808315037777248,0.05695130952038153,0.0,0.04579917402593571,-0.0001449952686478394
pure_magnetic,DOP853,wrong_model,4.0,0.2805819105394191,0.24899666740729545,0.0907544630042667,-0.03675321778595725,0.06804655331470519,0.05691171572501129,0.0,0.045643573231627134,-0.0001470968018173461
c0,DOP853,full,0.0,0.0,0.0,0.15,0.02,0.07263636600675082,0.07263636600675082,0.07,0.06,
c0,DOP853,full,0.025,0.0018158462222330914,0.0018132011975176914,0.15049290290261508,0.019432514198971584,0.07263131448976029,0.07242016034381325,0.06974624259222215,0.059782493650476116,
c0,DOP853,full,0.05,0.0036315648439244684,0.0036210294107106543,0.15097163992029328,0.018866733635076762,0.07262615730544653,0.07220652191413363,0.06949342281669599,0.05956579098573941,
c0,DOP853,full,0.07500000000000001,0.005447153174084062,0.005423548420763139,0.15143625401568162,0.01830268482435015,0.07262089051094164,0.071995418799875,0.06924153751849449,0.0593498893015667,
c0,DOP853,full,0.1,0.007262608423284852,0.007220821214948879,0.15188678881270293,0.01774039415220146,0.07261551017447179,0.07178681940561525,0.0689905835643709,0.05913478591231791,
c0,DOP853,full,0.125,0.009077927703964355,0.009012909994657637,0.15232328859324393,0.017179887869713105,0.07261001237729085,0.07158069245564459,0.06874055784246859,0.05892047815068735,
c0,DOP853,full,0.15000000000000002,0.010893108030773997,0.01079987618335591,0.15274579829375115,0.01662119208999081,0.0726043932155842,0.07137700699132324,0.06849145726202784,0.05870696336745243,
c0,DOP853,full,0.17500000000000002,0.012708146320975881,0.012581780434481278,0.15315436350173647,0.016064332784566763,0.07259864880234204,0.0711757323684973,0.06824327875308979,0.05849423893121981,
c0,DOP853,full,0.2,0.014523039394886174,0.014358682639272279,0.1535490304521934,0.015509335779855877,0.07259277526920227,0.07097683825497082,0.06799601926619761,0.05828230222816937,
c0,DOP853,full,0.225,0.016337783976364158,0.01613064193453551,0.15392984602392548,0.01495622675366569,0.07258676876826266,0.07078029462803231,0.06774967577209541,0.058071150661796064,
c0,DOP853,full,0.25,0.018152376693346153,0.01789771671035182,0.15429685773578827,0.014405031231760446,0.07258062547386196,0.0705860717720334,0.06750424526142493,0.057860781652649934,
c0,DOP853,full,0.275,0.019966814078423375,0.0196599646177234,0.15465011374284565,0.013855774584479884,0.07257434158432996,0.07039414027601792,0.06725972474442032,0.05765119263807455,
c0,DOP853,full,0.30000000000000004,0.02178109256946293,0.02141744257616354,0.1549896628324425,0.01330848202341325,0.0725679133237061,0.07020447103139932,0.06701611125060132,0.057442381071943986,
c0,DOP853,full,0.325,0.02359520851027105,0.023170206781230846,0.1553155544201943,0.012763178598129098,0.07256133694342648,0.07001703522968439,0.06677340182846508,0.057234344424398634,
c0,DOP853,full,0.35000000000000003,0.025409158151299866,0.024918312711998784,0.15562783854589693,0.012219889192956555,0.07255460872397917,0.06983180436024383,0.06653159354517606,0.05702708018157946,
c0,DOP853,full,0.375,0.027222937650394352,0.026661815138472166,0.15592656586935677,0.01167863852382321,0.07254772497652777,0.06964875020812615,0.066290683486255,0.05682058584536141,
c0,DOP853,full,0.4,0.029036543073578655,0.028400768128956647,0.15621178766614047,0.01113945113515156,0.0725406820445026,0.06946784485191126,0.0660506687552675,0.05661485893308641,
c0,DOP853,full,0.42500000000000004,0.03084997039588235,0.03013522505736915,0.1564835558232497,0.010602351396809165,0.07253347630516005,0.06928906066160594,0.06581154647351141,0.05640989697729548,
c0,DOP853,full,0.45,0.032663215502204856,0.03186523861049874,0.1567419228347196,0.010067363501116054,0.07252610417110947,0.06911237029657723,0.06557331377970402,0.05620569752546057,
c0,DOP853,full,0.47500000000000003,0.034476274188217984,0.033590860795215394,0.15698694179714356,0.009534511459907921,0.07251856209180758,0.06893774670352297,0.0653359678296687,0.056002258139716016,
c0,DOP853,full,0.5,0.0362891421613057,0.03531214294562776,0.1572186664051246,0.009003819101655455,0.07251084655502045,0.06876516311447796,0.06509950579602147,0.05579957639658982,
c0,DOP853,full,0.525,0.0381018150415401,0.03702913573019131,0.157437150946656,0.008475310068640177,0.07250295408825264,0.06859459304485413,0.06486392486785746,0.05559764988673495,
c0,DOP853,full,0.55,0.039914288362692715,0.038741889158767744,0.15764245029843169,0.007949007814187144,0.07249488126014374,0.06842601029151354,0.06462922225043759,0.05539647621466078,
c0,DOP853,full,0.5750000000000001,0.041726557573280074,0.040450452589637226,0.1578346199210884,0.0074249355999548294,0.07248662468183227,0.0682593889308725,0.06439539516487579,0.055196052998464945,
c0,DOP853,full,0.6000000000000001,0.043538618037642605,0.04215487473646424,0.1580137158543808,0.00690311649328259,0.07247818100828649,0.06809470331703528,0.0641624408478266,0.05499637786956565,
c0,DOP853,full,0.625,0.045350465037056004,0.043855203675218536,0.158179794712291,0.006383573364596034,0.07246954693960252,0.06793192807995631,0.0639303565511739,0.05479744847243476,
c0,DOP853,full,0.65,0.04716209377087392,0.045551486851052245,0.15833291367807417,0.005866328884870654,0.07246071922226938,0.06777103812362886,0.06369913954172034,0.05459926246433171,
c0,DOP853,full,0.675,0.048973499357703634,0.047243771085128054,0.15847313049924094,0.005351405523150217,0.07245169465040101,0.06761200862430067,0.06346878710087771,0.05440181751503802,
c0,DOP853,full,0.7000000000000001,0.050784676836617006,0.048932102581389886,0.15860050348247806,0.004838825544114327,0.07244247006693516,0.06745481502871727,0.06323929652435688,0.0542051113065916,
c0,DOP853,full,0.7250000000000001,0.05259562116838052,0.050616526933316766,0.15871509148851015,0.004328611005720001,0.07243304236479972,0.06729943305238303,0.06301066512186196,0.05400914153302452,
c0,DOP853,full,0.75,0.054406327236720814,0.05229708913061675,0.15881695392690234,0.0038207837568900622,0.0724234084880456,0.06714583867784817,0.06278289021678399,0.053813905900100545,
c0,DOP853,full,0.775,0.05621678984961606,0.05397383356588235,0.15890615075080658,0.0033153654352615766,0.07241356543294701,0.06699400815301627,0.06255596914589687,0.05361940212505445,
c0,DOP853,full,0.8,0.05802700374061475,0.05564680404120365,0.15898274245165214,0.002812377464991288,0.07240351024906855,0.06684391798947201,0.06232989925905486,0.05342562793633274,
c0,DOP853,full,0.8250000000000001,0.059836963570181145,0.05731604377473956,0.15904679005378156,0.002311841054617845,0.07239324004029934,0.06669554496082783,0.0621046779188919,0.05323258107333591,
c0,DOP853,full,0.8500000000000001,0.06164666392706637,0.05898159540724753,0.1590983551090338,0.0018137771949809454,0.0723827519658544,0.06654886610108891,0.061880302500522774,0.05304025928616237,
c0,DOP853,full,0.875,0.06345609932970409,0.06064350100857266,0.15913749969127608,0.0013182066571974793,0.07237204324124297,0.06640385870303513,0.06165677039124649,0.05284866033535413,
c0,DOP853,full,0.9,0.06526526422762988,0.06230180208409667,0.15916428639088598,0.0008251499906947552,0.07236111113920435,0.06626050031661905,0.06143407899025182,0.05265778199164441,
c0,DOP853,full,0.925,0.06707415300292316,0.06395653958114739,0.15917877830918525,0.0003346275213009309,0.07234995299061092,0.06611876874737911,0.061212225708325234,0.05246762203570734,
c0,DOP853,full,0.9500000000000001,0.06888275997167086,0.06560775389536949,0.15918103905282704,-0.00015334065060730161,0.07233856618533875,0.06597864205486674,0.06099120796756142,0.05227817825790978,
c0,DOP853,full,0.9750000000000001,0.07069107938545166,0.06725548487705711,0.15917113272813813,-0.0006387346518996516,0.07232694817310559,0.06584009855108651,0.06077102320107647,0.05208944845806553,
c0,DOP853,full,1.0,0.0724991054328407,0.06889977183744775,0.1591491239354168,-0.0011215348384306363,0.07231509646427653,0.06570311679894854,0.060551668852723776,0.0519014304451918,
c0,DOP853,full,1.0250000000000001,0.07430683224094244,0.07054065355496726,0.1591150777631823,-0.0016017217967316036,0.07230300863063677,0.06556767561073498,0.06033314237681093,0.051714122037266504,
c0,DOP853,full,1.05,0.07611425387693121,0.07217816828144977,0.1590690597823902,-0.0020792763456343247,0.07229068230613313,0.06543375404657452,0.06011544123782166,0.051527521060989984,
c0,DOP853,full,1.075,0.07792136434961439,0.07381235374831553,0.15901113604060507,-0.0025541795378431365,0.0722781151875831,0.0653013314129273,0.05989856291013996,0.05134162535154853,
c0,DOP853,full,1.1,0.0797281576110126,0.0754432471727098,0.15894137305613465,-0.003026412661452299,0.07226530503535217,0.06517038726107983,0.05968250487777715,0.0511564327523804,
c0,DOP853,full,1.125,0.08153462755795618,0.07707088526360492,0.15885983781212729,-0.003495957241407546,0.07225224967399939,0.06504090138564807,0.05946726463410215,0.05097194111494469,
c0,DOP853,full,1.1500000000000001,0.08334076803369796,0.07869530422786505,0.15876659775063276,-0.003962795040913132,0.07223894699289136,0.06491285382308822,0.05925283968157487,0.050788148298492736,
c0,DOP853,full,1.175,0.08514657282954102,0.08031653977627334,0.15866172076662846,-0.004426908062784465,0.07222539494678477,0.06478622485021471,0.05903922753148278,0.050605052169842374,
c0,DOP853,full,1.2000000000000002,0.08695203568648095,0.08193462712952226,0.15854527520201217,-0.0048882785507465805,0.07221159155637769,0.0646609949827247,0.058826425703680865,0.05042265060315501,
c0,DOP853,full,1.225,0.08875715029686118,0.08354960102416699,0.1584173298395634,-0.0053468889906785125,0.07219753490882995,0.06453714497372841,0.05861443172633492,0.050240941479715626,
c0,DOP853,full,1.25,0.09056191030604081,0.0851614957185424,0.15827795389687443,-0.005802722111803832,0.07218322315825274,0.0644146558122845,0.058403243135668456,0.0500599226877158,
c0,DOP853,full,1.2750000000000001,0.09236630931407369,0.08677034499864376,0.15812721702025298,-0.006255760887827421,0.07216865452616761,0.06429350872194023,0.05819285747571321,0.04987959212203988,
c0,DOP853,full,1.3,0.09417034087739778,0.08837618218397147,0.15796518927859787,-0.006705988538018687,0.0721538273019351,0.06417368515927532,0.05798327229806338,0.049699947684054314,
c0,DOP853,full,1.3250000000000002,0.09597399851053419,0.08997904013334007,0.15779194115724943,-0.007153388528241435,0.07213873984315337,0.0640551668124492,0.05777448516163373,0.049520987281400315,
c0,DOP853,full,1.35,0.09777727568780208,0.09157895125064706,0.15760754355180698,-0.007597944571937336,0.07212339057602603,0.06393793559975208,0.05756649363242016,0.04934270882778869,
c0,DOP853,full,1.375,0.09958016584503969,0.09317594749060701,0.1574120677619265,-0.008039640631055398,0.07210777799570084,0.0638219736681585,0.05735929528326465,0.04916511024279826,
c0,DOP853,full,1.4000000000000001,0.10138266238132777,0.09477006036445322,0.15720558548510088,-0.008478460916924793,0.07209190066657921,0.06370726339188158,0.05715288769362497,0.04898818945167852,
c0,DOP853,full,1.425,0.10318475866072585,0.0963613209455997,0.1569881688104136,-0.008914389891081932,0.07207575722259614,0.06359378737092986,0.056947268449347235,0.04881194438515476,
c0,DOP853,full,1.4500000000000002,0.10498644801401327,0.09794975987526822,0.15675989021227468,-0.009347412266045544,0.07205934636747137,0.06348152842966506,0.05674243514244282,0.04863637297923669,
c0,DOP853,full,1.475,0.10678772374043649,0.09953540736807903,0.15652082254413693,-0.00977751300604206,0.07204266687493162,0.06337046961536051,0.05653838537086903,0.04846147317503058,
c0,DOP853,full,1.5,0.1085885791094621,0.1011182932176057,0.15627103903219447,-0.010204677327681834,0.0720257175889046,0.0632605941967597,0.05633511673831374,0.048287242918554615,
c0,DOP853,full,1.5250000000000001,0.11038900736253439,0.10269844680189369,0.15601061326906432,-0.01062889070058645,0.07200849742368459,0.06315188566263497,0.05613262685398402,0.04811368016055771,
c0,DOP853,full,1.55,0.11218900171483667,0.10427589708894303,0.15573961920745336,-0.011050138847967532,0.07199100536407037,0.0630443277203457,0.05593091333239882,0.047940782856341825,
c0,DOP853,full,1.5750000000000002,0.11398855535705557,0.10585067264215484,0.15545813115381152,-0.011468407747157468,0.07197324046547549,0.06293790429439568,0.05572997379318574,0.04776854896558776,
c0,DOP853,full,1.6,0.11578766145714704,0.10742280162574194,0.15516622376197314,-0.011883683630092321,0.07195520185401141,0.06283259952498946,0.05552980586088199,0.047596976452184546,
c0,DOP853,full,1.625,0.11758631316210374,0.10899231181010362,0.1548639720267877,-0.01229595298374742,0.07193688872654368,0.06272839776658715,0.05533040716473958,0.04742606328406248,
c0,DOP853,full,1.6500000000000001,0.11938450359972241,0.11055923057716417,0.15455145127774159,-0.012705202550525894,0.07191830035072157,0.06262528358645739,0.0551317753385348,0.04725580743302982,
c0,DOP853,full,1.675,0.12118222588037376,0.11212358492567517,0.15422873717256755,-0.013111419328602865,0.07189943606498105,0.06252324176322854,0.05493390802038152,0.04708620687461272,
c0,DOP853,full,1.7000000000000002,0.1229794730987795,0.11368540147647965,0.1538959056908359,-0.013514590572229245,0.0718802952785209,0.06242225728543829,0.0547368028525475,0.046917259587897844,
c0,DOP853,full,1.725,0.12477623833577343,0.11524470647774317,0.15355303312755972,-0.013914703791980827,0.07186087747125491,0.0623223153500796,0.054540457481277234,0.04674896355538047,
c0,DOP853,full,1.75,0.12657251466007072,0.11680152581014672,0.15320019608678087,-0.014311746754969478,0.0718411821937375,0.06222340136114472,0.054344869556617534,0.04658131676281502,
c0,DOP853,full,1.7750000000000001,0.1283682951300321,0.11835588499204337,0.1528374714751554,-0.01470570748500923,0.07182120906706461,0.062125500928166245,0.05415003673224771,0.04641431719906945,
c0,DOP853,full,1.8,0.1301635727954257,0.1199078091845785,0.15246493649553478,-0.015096574262739528,0.07180095778274999,0.06202859986475501,0.0539559566653139,0.04624796285598333,
c0,DOP853,full,1.8250000000000002,0.13195834069918588,0.12145732319677349,0.15208266864054387,-0.01548433562570633,0.07178042810257675,0.06193268418713481,0.053762627016267585,0.04608225172822935,
c0,DOP853,full,1.85,0.13375259187916833,0.12300445149057268,0.15169074568615692,-0.015868980368401505,0.07175961985842515,0.06183774011267365,0.05357004544870828,0.04591718181317852,
c0,DOP853,full,1.875,0.13554631936990028,0.1245492181858536,0.1512892456852732,-0.016250497542261117,0.07173853295207648,0.061743754058411524,0.05337820962923044,0.04575275111076894,
c0,DOP853,full,1.9000000000000001,0.1373395162043259,0.12609164706540038,0.1508782469612933,-0.01662887645562308,0.0717171673549938,0.06165071263958453,0.05318711722727457,0.04558895762337819,
c0,DOP853,full,1.925,0.13913217541554504,0.12763176157984008,0.15045782810169783,-0.01700410667364469,0.07169552310807957,0.06155860266814521,0.05299676591498265,0.0454257993556994,
c0,DOP853,full,1.9500000000000002,0.1409242900385453,0.129169584852542,0.15002806795162954,-0.017376178018180588,0.07167360032141097,0.06146741115127901,0.052807153367057796,0.04526327431462095,
c0,DOP853,full,1.975,0.14271585311192644,0.13070513968448005,0.1495890456074804,-0.017745080567621634,0.0716513991739529,0.0613771252899167,0.05261827726062823,0.0451013805091099,
c0,DOP853,full,2.0,0.14450685767961705,0.13223844855905745,0.14914084041048342,-0.018110804656695706,0.07162891991324913,0.06128773247724264,0.05243013527511551,0.04494011595009899,
c0,DOP853,full,2.025,0.1462972967925923,0.13376953364689492,0.14868353194029435,-0.018473340876235655,0.07160616285509072,0.06119922029719924,0.052242725092105535,0.04477947865037615,
c0,DOP853,full,2.0500000000000003,0.1480871635105715,0.13529841681058055,0.14821720000859986,-0.018832680072904662,0.07158312838316491,0.06111157652298711,0.05205604439522545,0.044619466624478944,
c0,DOP853,full,2.075,0.14987645090371063,0.13682511960938246,0.1477419246527257,-0.019188813348887335,0.07155981694868258,0.061024789115560786,0.05187009087002409,0.044460077888592055,
c0,DOP853,full,2.1,0.1516651520542859,0.13834966330392395,0.14725778612925267,-0.01954173206154584,0.07153622906998534,0.06093884622212049,0.05168486220385641,0.044301310460448336,
c0,DOP853,full,2.125,0.1534532600583665,0.1398720688608205,0.14676486490764262,-0.01989142782304089,0.07151236533213268,0.06085373617459959,0.05150035608577218,0.04414316235923328,
c0,DOP853,full,2.15,0.15524076802747716,0.14139235695727925,0.14626324166387344,-0.020237892499918704,0.0714882263864693,0.06076944748814771,0.05131657020640866,0.04398563160549312,
c0,DOP853,full,2.1750000000000003,0.15702766909025018,0.1429105479856605,0.14575299727408417,-0.02058111821266463,0.07146381295017326,0.060685968859609564,0.05113350225788725,0.0438287162210462,
c0,DOP853,full,2.2,0.15881395639406545,0.14442666205800084,0.1452342128082319,-0.020921097335223845,0.07143912580578506,0.0606032891659996,0.05095114993371428,0.043672414228897935,
c0,DOP853,full,2.225,0.16059962310667916,0.14594071901049877,0.14470696952376075,-0.021257822494489924,0.0714141658007184,0.06052139746297239,0.050769510928685625,0.043516723653159096,
c0,DOP853,full,2.25,0.16238466241783903,0.14745273840796114,0.144171348859285,-0.021591286569761732,0.07138893384675275,0.060440282983288844,0.050588582938795514,0.04336164251896757,
c0,DOP853,full,2.275,0.16416906754088667,0.14896273954821176,0.14362743242828685,-0.02192148269216928,0.07136343091950838,0.06035993513527835,0.05040836366114921,0.043207168852413595,
c0,DOP853,full,2.3000000000000003,0.16595283171434577,0.1504707414664611,0.14307530201283028,-0.022248404244069143,0.07133765805790392,0.060280343501296706,0.050228850793879745,0.04305330068046834,
c0,DOP853,full,2.325,0.16773594820349558,0.15197676293963708,0.1425150395572922,-0.022572044858410016,0.07131161636359734,0.060201497836180076,0.05005004203606864,0.04290003603091596,
c0,DOP853,full,2.35,0.16951841030193623,0.1534808224906787,0.1419467271620979,-0.022892398418071502,0.07128530700040923,0.060123388065694804,0.04987193508766969,0.042747372932288294,
c0,DOP853,full,2.375,0.17130021133313678,0.15498293839279004,0.14137044707747884,-0.023209459055173708,0.07125873119373044,0.06004600428498357,0.049694527649436944,0.04259530941380309,
c0,DOP853,full,2.4000000000000004,0.17308134465196318,0.15648312867365452,0.1407862816972575,-0.023523221150357366,0.07123189022991458,0.059969336757007594,0.04951781742285703,0.042443843505306014,
c0,DOP853,full,2.4250000000000003,0.17486180364619588,0.15798141111961103,0.1401943135526413,-0.023833679332038827,0.07120478545565442,0.059893375910985126,0.04934180211008466,0.04229297323721541,
c0,DOP853,full,2.45,0.17664158173803002,0.1594778032797909,0.13959462530603894,-0.024140828475638247,0.07117741827734353,0.05981811234082645,0.049166479413882,0.042142696640470274,
c0,DOP853,full,2.475,0.17842067238555964,0.16097232247021528,0.138987299744895,-0.02444466370278218,0.07114979016042315,0.0597435368035652,0.048991847037561695,0.04199301174648144,
c0,DOP853,full,2.5,0.1801990690842459,0.1624649857778539,0.1383724197755448,-0.024745180380481246,0.07112190262871487,0.05966964021778636,0.04881790268493347,0.04184391658708582,
c0,DOP853,full,2.5250000000000004,0.18197676536836827,0.16395581006464408,0.13775006841708948,-0.02504237412028345,0.0710937572637393,0.059596413662050894,0.048644644060254295,0.041695409194503666,
c0,DOP853,full,2.5500000000000003,0.18375375481245865,0.1654448119714705,0.13712032879529276,-0.025336240777403738,0.07106535570402137,0.05952384837331729,0.04847206886818211,0.041547487601298935,
c0,DOP853,full,2.575,0.18553003103271792,0.1669320079221056,0.13648328413650002,-0.025626776449830482,0.07103669964438243,0.059451935745360056,0.04830017481373304,0.04140014984034259,
c0,DOP853,full,2.6,0.1873055876884141,0.16841741412710998,0.13583901776158083,-0.025913977477409336,0.07100779083521994,0.05938066732718536,0.04812895960224216,0.04125339394477898,
c0,DOP853,full,2.625,0.18908041848326188,0.16990104658769306,0.13518761307989605,-0.026197840440905198,0.0709786310817746,0.059310034821443945,0.047958420939327645,0.04110721794799511,
c0,DOP853,full,2.6500000000000004,0.1908545171667831,0.17138292109953415,0.13452915358328982,-0.026478362161042827,0.07094922224338597,0.05924003008284143,0.04778855653085847,0.04096161988359296,
c0,DOP853,full,2.6750000000000003,0.19262787753564983,0.1728630532565637,0.13386372284010228,-0.02675553969752723,0.07091956623273596,0.059170645116546065,0.04761936408292516,0.0408165977853644,
c0,DOP853,full,2.7,0.19440049343501406,0.17434145845470686,0.13319140448919511,-0.02702937034804515,0.07088966501508046,0.05910187207659413,0.04745084130181323,0.04067214968726846,
c0,DOP853,full,2.725,0.19617235875980676,0.1758181518955834,0.13251228223402667,-0.027299851647244862,0.07085952060747182,0.059033703264293455,0.04728298589398112,0.040528273623412374,
c0,DOP853,full,2.75,0.1979434674560247,0.17729314859017012,0.13182643983673736,-0.027566981365698604,0.07082913507796994,0.05896613112662484,0.04711579556604052,0.040384967628034715,
c0,DOP853,full,2.7750000000000004,0.19971381352199527,0.17876646336242263,0.13113396111226583,-0.027830757508846518,0.07079851054484339,0.058899148254641716,0.04694926802473999,0.0402422297354914,
c0,DOP853,full,2.8000000000000003,0.20148339100962137,0.18023811085285685,0.1304349299224908,-0.02809117831592303,0.070767649175761,0.058832747381868174,0.04678340097695171,0.040100057980244304,
c0,DOP853,full,2.825,0.2032521940256066,0.18170810552209096,0.12972943017039956,-0.02834824225886625,0.070736553186974,0.058766921382695556,0.0466181921296612,0.03995845039685244,
c0,DOP853,full,2.85,0.2050202167326594,0.18317646165434712,0.12901754579428357,-0.028601948041210957,0.07070522484248917,0.05870166327077774,0.04645363918996,0.039817405019965696,
c0,DOP853,full,2.875,0.20678745335067703,0.1846431933609129,0.12829936076196177,-0.028852294596965686,0.07067366645323349,0.0586369661974254,0.046289739865041334,0.03967691988432113,
c0,DOP853,full,2.9000000000000004,0.208553898157908,0.18610831458356283,0.12757495906503258,-0.029099281089474512,0.07064188037621051,0.05857282344999936,0.04612649186219861,0.039536993024741646,
c0,DOP853,full,2.9250000000000003,0.21031954549209345,0.18757183909793948,0.1268444247131551,-0.02934290691026406,0.07060986901364895,0.05850922845030324,0.04596389288882683,0.03939762247613727,
c0,DOP853,full,2.95,0.21208438975158658,0.18903378051689437,0.12610784172836012,-0.029583171677876323,0.07057763481214382,0.05844617475297575,0.04580194065242678,0.039258806273508653,
c0,DOP853,full,2.975,0.2138484253964502,0.19049415229378824,0.12536529413939201,-0.029820075236687796,0.07054518026179062,0.0583836560438825,0.04564063286061203,0.03912054245195316,
c0,DOP853,full,3.0,0.21561164694953214,0.19195296772575138,0.12461686597608045,-0.030053617655715542,0.07051250789531267,0.05832166613850791,0.04547996722111862,0.038982829046673086,
c0,DOP853,full,3.0250000000000004,0.21737404899752466,0.1934102399569056,0.12386264126372741,-0.030283799227411,0.07047962028718095,0.0582601989803467,0.045319941441816766,0.03884566409298579,
c0,DOP853,full,3.0500000000000003,0.21913562619199417,0.19486598198154337,0.12310270401754349,-0.030510620466441235,0.07044652005272926,0.05819924863929627,0.04516055323072599,0.038709045626336556,
c0,DOP853,full,3.075,0.22089637325039183,0.19632020664726788,0.12233713823710815,-0.03073408210845881,0.07041320984726324,0.0581388093100493,0.045001800296032395,0.03857297168231347,
c0,DOP853,full,3.1,0.2226562849570417,0.19777292665809285,0.12156602790086031,-0.03095418510886066,0.07037969236516367,0.05807887531048707,0.0448436803461084,0.038437440296664335,
c0,DOP853,full,3.125,0.2244153561641063,0.19922415457750203,0.12078945696062088,-0.03117093064153636,0.0703459703389852,0.05801944108007379,0.04468619108953506,0.03830244950531576,
c0,DOP853,full,3.1500000000000004,0.22617358179252944,0.20067390283146885,0.12000750933614612,-0.031384320097606444,0.07031204653854987,0.057960501178251904,0.04452933023512652,0.038167997344394154,
c0,DOP853,full,3.1750000000000003,0.22793095683295683,0.2021221837114357,0.11922026890971227,-0.03159435508415099,0.0702779237700367,0.05790205028283882,0.044373095491957004,0.038034081850248855,
c0,DOP853,full,3.2,0.22968747634663383,0.2035690093772535,0.11842781952073177,-0.03180103742292921,0.07024360487506671,0.05784408318842508,0.04421748456938987,0.03790070105947702,
c0,DOP853,full,3.225,0.23144313546627998,0.2050143918600811,0.11763024496040204,-0.032004369149090335,0.07020909272978468,0.05778659480477436,0.044062495177108994,0.037767853008950567,
c0,DOP853,full,3.25,0.23319792939694078,0.20645834306524452,0.11682762896638683,-0.032204352509876265,0.0701743902439372,0.05772958015522539,0.04390812502515233,0.037635535735844855,
c0,DOP853,full,3.2750000000000004,0.2349518534168159,0.20790087477505648,0.1160200552175308,-0.03240098996331657,0.07013950035994797,0.057673034375096084,0.0437543718239475,0.03750374727766929,
c0,DOP853,full,3.3000000000000003,0.23670490287806398,0.20934199865159545,0.11520760732860813,-0.03259428417691618,0.07010442605199009,0.05761695271009006,0.043601233284349596,0.03737248567229965,
c0,DOP853,full,3.325,0.23845707320758391,0.21078172623944538,0.11439036884510509,-0.03278423802633628,0.07006917032505637,0.057561330514705814,0.04344870711768088,0.03724174895801218,
c0,DOP853,full,3.35,0.24020835990777542,0.21222006896839615,0.11356842323802643,-0.03297085459406848,0.07003373621402662,0.05750616325064843,0.04329679103577236,0.03711153517351916,
c0,DOP853,full,3.375,0.24195875855727533,0.2136570381561044,0.1127418538987391,-0.03315413716810294,0.0699981267827334,0.057451446485244466,0.043145482751007165,0.03698184235800614,
c0,DOP853,full,3.4000000000000004,0.24370826481166782,0.21509264501071346,0.11191074413385727,-0.03333408924059117,0.06996234512302696,0.05739717588986022,0.0429947799763662,0.036852668551171024,
c0,DOP853,full,3.4250000000000003,0.24545687440417385,0.21652690063343485,0.11107517716015308,-0.03351071450650331,0.06992639435383824,0.057343347238323274,0.04284468042547521,0.03672401179326446,
c0,DOP853,full,3.45,0.2472045831463163,0.21795981602109016,0.11023523609950378,-0.03368401686228067,0.06989027762024119,0.05728995640534772,0.042695181812653735,0.036595870125131776,
c0,DOP853,full,3.475,0.24895138692856184,0.21939140206861352,0.10939100397387183,-0.0338540004044837,0.06985399809251448,0.057236999364963306,0.04254628185296577,0.03646824158825637,
c0,DOP853,full,3.5,0.25069728172093925,0.2208216695715148,0.1085425637003186,-0.03402066942843581,0.06981755896520274,0.05718447218894858,0.04239797826227199,0.036341124224804566,
c0,DOP853,full,3.5250000000000004,0.25244226357363464,0.22225062922830408,0.10768999808605169,-0.034184028426863446,0.06978096345617783,0.05713237104526839,0.04225026875728362,0.03621451607767168,
c0,DOP853,full,3.5500000000000003,0.25418632861756263,0.22367829164287648,0.10683338982350647,-0.034344082088532624,0.06974421480570031,0.05708069219651579,0.042103151055617835,0.03608841519052958,
c0,DOP853,full,3.575,0.2559294730649149,0.2251046673268589,0.10597282148546187,-0.03450083529688247,0.06970731627548138,0.05702943199835874,0.04195662287585466,0.03596281960787542,
c0,DOP853,full,3.6,0.25767169320968436,0.22652976670191727,0.10510837552019112,-0.03465429312865598,0.06967027114774567,0.05697858689799168,0.041810681937595275,0.03583772737508166,
c0,DOP853,full,3.625,0.2594129854281661,0.22795360010202528,0.10424013424664734,-0.034804460852528404,0.06963308272429512,0.05692815343259222,0.04166532596152182,0.035713136538447265,
c0,DOP853,full,3.6500000000000004,0.26115334617943464,0.2293761777756947,0.10336817984968476,-0.03495134392773367,0.06959575432557426,0.056878128227783264,0.04152055266945845,0.03558904514525009,
c0,DOP853,full,3.6750000000000003,0.26289277200579825,0.23079750988816708,0.10249259437531155,-0.03509494800268867,0.06955828928973692,0.05682850799610049,0.04137635978443375,0.03546545124380035,
c0,DOP853,full,3.7,0.2646312595332323,0.23221760652356857,0.10161345972596869,-0.035235278913615296,0.06952069097171426,0.056779289535465446,0.04123274503074419,0.03534235288349502,
c0,DOP853,full,3.725,0.2663688054717848,0.23363647768702447,0.10073085765586046,-0.035372342683162694,0.06948296274228594,0.05673046972766496,0.0410897061340191,0.03521974811487351,
c0,DOP853,full,3.75,0.2681054066159619,0.23505413330673744,0.09984486976630874,-0.035506145519027595,0.06944510798715293,0.05668204553683634,0.04094724082128654,0.03509763498967417,
c0,DOP853,full,3.7750000000000004,0.2698410598450889,0.2364705832360272,0.09895557750114457,-0.03563669381257415,0.06940713010601322,0.056634014007959074,0.04080534682104048,0.034976011560891834,
c0,DOP853,full,3.8000000000000003,0.2715757621236491,0.23788583725533274,0.09806306214213399,-0.03576399413745328,0.06936903251164016,0.05658637226535295,0.04066402186330883,0.03485487588283614,
c0,DOP853,full,3.825,0.27330951050159874,0.2392999050741773,0.09716740480443788,-0.03588805324822179,0.06933081862896402,0.05653911751118295,0.040523263679722664,0.034734226011190854,
c0,DOP853,full,3.85,0.27504230211465996,0.24071279633309578,0.09626868643210615,-0.03600887807896148,0.06929249189415683,0.05649224702397102,0.04038307000358629,0.03461406000307396,
c0,DOP853,full,3.875,0.2767741341845902,0.24212452060552508,0.09536698779360651,-0.03612647574189839,0.06925405575372075,0.056445758157114924,0.04024343856994827,0.034494375917098516,
c0,DOP853,full,3.9000000000000004,0.27850500401942896,0.24353508739965776,0.09446238947738775,-0.03624085352602263,0.06921551366358011,0.05639964833741439,0.04010436711567336,0.03437517181343431,
c0,DOP853,full,3.9250000000000003,0.28023490901372267,0.2449445061602585,0.09355497188747806,-0.036352018895708875,0.06917686908817776,0.056353915063604716,0.03996585337951524,0.0342564457538702,
c0,DOP853,full,3.95,0.28196384664872576,0.24635278627044455,0.09264481523911841,-0.036459979489337775,0.06913812549957528,0.05630855590489805,0.039827895102190015,0.03413819580187715,
c0,DOP853,full,3.975,0.28369181449257996,0.24775993705342916,0.09173199955443104,-0.03656474311791862,0.06909928637655796,0.056263568499532506,0.03969049002645053,0.03402042002267188,
c0,DOP853,full,4.0,0.28541881020047105,0.24916596777422922,0.0908166046581228,-0.03666631776371332,0.06906035520374441,0.05621895055332931,0.03955363589716132,0.03390311648328113,
c0,DOP853,reduced_flux_recovered,0.0,0.0,0.0,0.15,0.02,0.07263636600675082,0.07263636600675082,0.07,0.06,
c0,DOP853,reduced_flux_recovered,0.025,0.0018158462222330892,0.0018132011975176912,0.15049290290261508,0.019432514198971584,0.07263131448976029,0.07242016034381325,0.06974624259222215,0.059782493650476116,
c0,DOP853,reduced_flux_recovered,0.05,0.0036315648439244645,0.0036210294107106742,0.1509716399202933,0.01886673363507677,0.07262615730544653,0.07220652191413363,0.06949342281669599,0.059565790985739414,
c0,DOP853,reduced_flux_recovered,0.07500000000000001,0.005447153174084064,0.005423548420763171,0.15143625401568164,0.018302684824350157,0.07262089051094164,0.07199541879987499,0.06924153751849449,0.0593498893015667,
c0,DOP853,reduced_flux_recovered,0.1,0.007262608423284864,0.0072208212149488995,0.15188678881270296,0.017740394152201456,0.07261551017447179,0.07178681940561524,0.06899058356437089,0.059134785912317904,
c0,DOP853,reduced_flux_recovered,0.125,0.009077927703964365,0.00901290999465771,0.15232328859324396,0.017179887869713112,0.07261001237729085,0.07158069245564458,0.0687405578424686,0.05892047815068737,
c0,DOP853,reduced_flux_recovered,0.15000000000000002,0.01089310803077398,0.010799876183356136,0.15274579829375115,0.016621192089990872,0.0726043932155842,0.07137700699132322,0.0684914572620279,0.05870696336745248,
c0,DOP853,reduced_flux_recovered,0.17500000000000002,0.012708146320975833,0.012581780434481703,0.15315436350173645,0.016064332784566905,0.07259864880234204,0.07117573236849725,0.06824327875308987,0.05849423893121988,
c0,DOP853,reduced_flux_recovered,0.2,0.014523039394886122,0.014358682639272799,0.15354903045219337,0.015509335779856071,0.07259277526920227,0.07097683825497075,0.06799601926619768,0.05828230222816943,
c0,DOP853,reduced_flux_recovered,0.225,0.016337783976364158,0.016130641934535866,0.15392984602392545,0.01495622675366584,0.07258676876826266,0.07078029462803224,0.06774967577209541,0.05807115066179606,
c0,DOP853,reduced_flux_recovered,0.25,0.01815237669334626,0.017897716710351695,0.1542968577357883,0.014405031231760419,0.07258062547386195,0.0705860717720334,0.06750424526142482,0.05786078165264984,
c0,DOP853,reduced_flux_recovered,0.275,0.019966814078423593,0.019659964617722674,0.15465011374284574,0.013855774584479598,0.07257434158432996,0.07039414027601802,0.06725972474442016,0.05765119263807441,
c0,DOP853,reduced_flux_recovered,0.30000000000000004,0.021781092569463138,0.021417442576162647,0.15498966283244262,0.01330848202341288,0.0725679133237061,0.07020447103139948,0.06701611125060122,0.057442381071943896,
c0,DOP853,reduced_flux_recovered,0.325,0.02359520851027108,0.023170206781230794,0.15531555442019426,0.012763178598129088,0.07256133694342648,0.07001703522968439,0.06677340182846508,0.057234344424398634,
c0,DOP853,reduced_flux_recovered,0.35000000000000003,0.025409158151299863,0.024918312711998764,0.15562783854589696,0.01221988919295657,0.07255460872397917,0.06983180436024385,0.06653159354517606,0.05702708018157947,
c0,DOP853,reduced_flux_recovered,0.375,0.027222937650394328,0.026661815138472208,0.15592656586935677,0.011678638523823259,0.07254772497652777,0.06964875020812616,0.066290683486255,0.05682058584536142,
c0,DOP853,reduced_flux_recovered,0.4,0.02903654307357868,0.028400768128956574,0.15621178766614047,0.011139451135151518,0.07254068204450259,0.06946784485191128,0.06605066875526748,0.056614858933086404,
c0,DOP853,reduced_flux_recovered,0.42500000000000004,0.03084997039588243,0.030135225057368924,0.15648355582324966,0.010602351396808986,0.07253347630516004,0.06928906066160598,0.06581154647351142,0.0564098969772955,
c0,DOP853,reduced_flux_recovered,0.45,0.03266321550220491,0.031865238610498524,0.15674192283471958,0.010067363501115823,0.07252610417110945,0.06911237029657727,0.0655733137797041,0.05620569752546065,
c0,DOP853,reduced_flux_recovered,0.47500000000000003,0.034476274188217915,0.033590860795215435,0.15698694179714356,0.009534511459907814,0.07251856209180758,0.06893774670352298,0.06533596782966888,0.056002258139716175,
c0,DOP853,reduced_flux_recovered,0.5,0.03628914216130543,0.03531214294562823,0.15721866640512464,0.009003819101655635,0.07251084655502048,0.06876516311447789,0.0650995057960217,0.05579957639659002,
c0,DOP853,reduced_flux_recovered,0.525,0.03810181504153969,0.03702913573019214,0.15743715094665606,0.008475310068640681,0.07250295408825268,0.06859459304485396,0.06486392486785762,0.055597649886735094,
c0,DOP853,reduced_flux_recovered,0.55,0.03991428836269233,0.03874188915876859,0.15764245029843174,0.007949007814187802,0.07249488126014378,0.06842601029151332,0.06462922225043759,0.05539647621466078,
c0,DOP853,reduced_flux_recovered,0.5750000000000001,0.041726557573279935,0.04045045258963756,0.1578346199210884,0.007424935599955284,0.07248662468183228,0.06825938893087233,0.06439539516487555,0.05519605299846475,
c0,DOP853,reduced_flux_recovered,0.6000000000000001,0.04353861803764289,0.04215487473646362,0.15801371585438073,0.006903116493282467,0.07247818100828649,0.0680947033170353,0.06416244084782623,0.05499637786956533,
c0,DOP853,reduced_flux_recovered,0.625,0.04535046503705657,0.043855203675217204,0.1581797947122909,0.0063835733645953375,0.07246954693960249,0.06793192807995652,0.06393035655117359,0.05479744847243449,
c0,DOP853,reduced_flux_recovered,0.65,0.047162093770874075,0.0455514868510519,0.15833291367807414,0.00586632888487045,0.07246071922226938,0.06777103812362893,0.06369913954172031,0.05459926246433168,
c0,DOP853,reduced_flux_recovered,0.675,0.04897349935770366,0.04724377108512803,0.15847313049924094,0.005351405523150213,0.07245169465040101,0.06761200862430067,0.0634687871008777,0.05440181751503802,
c0,DOP853,reduced_flux_recovered,0.7000000000000001,0.050784676836616985,0.048932102581389914,0.1586005034824781,0.0048388255441143765,0.07244247006693517,0.06745481502871727,0.06323929652435688,0.05420511130659161,
c0,DOP853,reduced_flux_recovered,0.7250000000000001,0.05259562116838054,0.050616526933316766,0.15871509148851015,0.0043286110057200065,0.07243304236479972,0.06729943305238303,0.06301066512186194,0.05400914153302452,
c0,DOP853,reduced_flux_recovered,0.75,0.05440632723672092,0.052297089130616675,0.15881695392690226,0.003820783756889949,0.07242340848804558,0.06714583867784818,0.06278289021678399,0.05381390590010055,
c0,DOP853,reduced_flux_recovered,0.775,0.056216789849616186,0.053973833565882284,0.15890615075080644,0.003315365435261382,0.072413565432947,0.06699400815301629,0.06255596914589692,0.0536194021250545,
c0,DOP853,reduced_flux_recovered,0.8,0.05802700374061477,0.05564680404120374,0.15898274245165206,0.0028123774649911506,0.07240351024906855,0.066843917989472,0.062329899259055,0.053425627936332855,
c0,DOP853,reduced_flux_recovered,0.8250000000000001,0.05983696357018095,0.05731604377473989,0.1590467900537816,0.0023118410546179285,0.07239324004029937,0.06669554496082777,0.062104677918892105,0.05323258107333609,
c0,DOP853,reduced_flux_recovered,0.8500000000000001,0.061646663927065956,0.05898159540724804,0.15909835510903403,0.0018137771949813305,0.07238275196585445,0.06654886610108882,0.06188030250052297,0.05304025928616254,
c0,DOP853,reduced_flux_recovered,0.875,0.06345609932970359,0.06064350100857313,0.15913749969127644,0.0013182066571980804,0.07237204324124302,0.066403858703035,0.061656770391246576,0.0528486603353542,
c0,DOP853,reduced_flux_recovered,0.9,0.06526526422762956,0.06230180208409679,0.15916428639088628,0.0008251499906952982,0.07236111113920436,0.06626050031661895,0.0614340789902517,0.052657781991644316,
c0,DOP853,reduced_flux_recovered,0.925,0.06707415300292328,0.06395653958114693,0.15917877830918525,0.0003346275213010506,0.0723499529906109,0.06611876874737913,0.061212225708324935,0.052467622035707075,
c0,DOP853,reduced_flux_recovered,0.9500000000000001,0.06888275997167145,0.06560775389536858,0.15918103905282668,-0.00015334065060777433,0.0723385661853387,0.06597864205486688,0.060991207967561085,0.052278178257909494,
c0,DOP853,reduced_flux_recovered,0.9750000000000001,0.07069107938545215,0.06725548487705646,0.15917113272813777,-0.0006387346519001703,0.07232694817310556,0.06584009855108665,0.06077102320107633,0.05208944845806542,
c0,DOP853,reduced_flux_recovered,1.0,0.07249910543284073,0.06889977183744771,0.15914912393541678,-0.0011215348384306385,0.07231509646427653,0.06570311679894854,0.060551668852723776,0.0519014304451918,
c0,DOP853,reduced_flux_recovered,1.0250000000000001,0.07430683224094241,0.07054065355496725,0.15911507776318232,-0.0016017217967315605,0.07230300863063677,0.06556767561073498,0.060333142376810936,0.05171412203726651,
c0,DOP853,reduced_flux_recovered,1.05,0.07611425387693119,0.07217816828144974,0.15906905978239022,-0.002079276345634289,0.07229068230613313,0.06543375404657452,0.06011544123782166,0.05152752106098999,
c0,DOP853,reduced_flux_recovered,1.075,0.07792136434961446,0.07381235374831548,0.15901113604060496,-0.002554179537843192,0.07227811518758309,0.0653013314129273,0.05989856291013995,0.05134162535154852,
c0,DOP853,reduced_flux_recovered,1.1,0.07972815761101273,0.07544324717270977,0.15894137305613443,-0.00302641266145245,0.07226530503535215,0.06517038726107982,0.05968250487777717,0.051156432752380424,
c0,DOP853,reduced_flux_recovered,1.125,0.08153462755795626,0.077070885263605,0.15885983781212706,-0.0034959572414076977,0.07225224967399939,0.06504090138564804,0.059467264634102235,0.05097194111494477,
c0,DOP853,reduced_flux_recovered,1.1500000000000001,0.08334076803369786,0.07869530422786528,0.15876659775063276,-0.003962795040913144,0.07223894699289139,0.06491285382308816,0.05925283968157503,0.050788148298492874,
c0,DOP853,reduced_flux_recovered,1.175,0.08514657282954069,0.08031653977627363,0.15866172076662874,-0.004426908062784233,0.07222539494678483,0.06478622485021464,0.05903922753148296,0.05060505216984253,
c0,DOP853,reduced_flux_recovered,1.2000000000000002,0.08695203568648047,0.08193462712952247,0.15854527520201273,-0.0048882785507461226,0.07221159155637774,0.06466099498272466,0.058826425703680976,0.050422650603155116,
c0,DOP853,reduced_flux_recovered,1.225,0.08875715029686078,0.08354960102416693,0.158417329839564,-0.005346888990678007,0.07219753490882999,0.0645371449737284,0.058614431726334876,0.050240941479715605,
c0,DOP853,reduced_flux_recovered,1.25,0.0905619103060408,0.08516149571854198,0.15827795389687466,-0.005802722111803577,0.07218322315825272,0.06441465581228455,0.05840324313566824,0.05005992268771563,
c0,DOP853,reduced_flux_recovered,1.2750000000000001,0.09236630931407423,0.0867703449986431,0.1581272170202526,-0.006255760887827655,0.07216865452616752,0.06429350872194034,0.05819285747571291,0.04987959212203963,
c0,DOP853,reduced_flux_recovered,1.3,0.09417034087739852,0.08837618218397093,0.15796518927859715,-0.006705988538019217,0.07215382730193502,0.06417368515927545,0.057983272298063174,0.04969994768405415,
c0,DOP853,reduced_flux_recovered,1.3250000000000002,0.09597399851053424,0.08997904013334004,0.1577919411572494,-0.007153388528241421,0.07213873984315336,0.06405516681244922,0.057774485161633714,0.04952098728140032,
c0,DOP853,reduced_flux_recovered,1.35,0.09777727568780212,0.09157895125064706,0.15760754355180698,-0.0075979445719373045,0.07212339057602603,0.0639379355997521,0.057566493632420154,0.0493427088277887,
c0,DOP853,reduced_flux_recovered,1.375,0.09958016584503969,0.093175947490607,0.15741206776192657,-0.00803964063105535,0.07210777799570084,0.06382197366815852,0.05735929528326465,0.04916511024279827,
c0,DOP853,reduced_flux_recovered,1.4000000000000001,0.10138266238132784,0.0947700603644532,0.15720558548510083,-0.008478460916924798,0.0720919006665792,0.0637072633918816,0.05715288769362495,0.04898818945167852,
c0,DOP853,reduced_flux_recovered,1.425,0.10318475866072602,0.09636132094559975,0.15698816881041336,-0.008914389891082022,0.07207575722259613,0.06359378737092984,0.05694726844934723,0.048811944385154765,
c0,DOP853,reduced_flux_recovered,1.4500000000000002,0.10498644801401344,0.09794975987526837,0.15675989021227438,-0.009347412266045668,0.07205934636747134,0.06348152842966504,0.056742435142442864,0.04863637297923673,
c0,DOP853,reduced_flux_recovered,1.475,0.10678772374043652,0.09953540736807928,0.1565208225441368,-0.009777513006042111,0.07204266687493162,0.06337046961536044,0.05653838537086914,0.04846147317503068,
c0,DOP853,reduced_flux_recovered,1.5,0.10858857910946187,0.10111829321760596,0.15627103903219472,-0.010204677327681714,0.07202571758890464,0.06326059419675963,0.05633511673831389,0.048287242918554754,
c0,DOP853,reduced_flux_recovered,1.5250000000000001,0.11038900736253396,0.10269844680189386,0.15601061326906496,-0.010628890700586134,0.07200849742368466,0.06315188566263492,0.05613262685398415,0.04811368016055784,
c0,DOP853,reduced_flux_recovered,1.55,0.11218900171483623,0.10427589708894293,0.1557396192074542,-0.011050138847967121,0.07199100536407042,0.0630443277203457,0.05593091333239885,0.04794078285634187,
c0,DOP853,reduced_flux_recovered,1.5750000000000002,0.1139885553570554,0.10585067264215446,0.15545813115381207,-0.011468407747157173,0.0719732404654755,0.06293790429439573,0.055729973793185617,0.047768548965587666,
c0,DOP853,reduced_flux_recovered,1.6,0.1157876614571474,0.10742280162574144,0.15516622376197295,-0.011883683630092368,0.07195520185401133,0.06283259952498955,0.055529805860881756,0.04759697645218435,
c0,DOP853,reduced_flux_recovered,1.625,0.11758631316210452,0.10899231181010324,0.1548639720267868,-0.012295952983747811,0.07193688872654355,0.06272839776658723,0.05533040716473936,0.0474260632840623,
c0,DOP853,reduced_flux_recovered,1.6500000000000001,0.11938450359972264,0.11055923057716413,0.15455145127774134,-0.012705202550526004,0.07191830035072153,0.06262528358645741,0.055131775338534764,0.047255807433029796,
c0,DOP853,reduced_flux_recovered,1.675,0.12118222588037383,0.11212358492567519,0.15422873717256752,-0.01311141932860285,0.07189943606498103,0.06252324176322854,0.05493390802038152,0.04708620687461272,
c0,DOP853,reduced_flux_recovered,1.7000000000000002,0.12297947309877952,0.11368540147647965,0.15389590569083597,-0.013514590572229205,0.07188029527852088,0.06242225728543829,0.0547368028525475,0.04691725958789785,
c0,DOP853,reduced_flux_recovered,1.725,0.12477623833577348,0.11524470647774317,0.15355303312755972,-0.013914703791980813,0.0718608774712549,0.0623223153500796,0.05454045748127723,0.046748963555380475,
c0,DOP853,reduced_flux_recovered,1.75,0.12657251466007086,0.11680152581014677,0.15320019608678065,-0.014311746754969526,0.07184118219373747,0.06222340136114471,0.05434486955661753,0.04658131676281502,
c0,DOP853,reduced_flux_recovered,1.7750000000000001,0.12836829513003228,0.11835588499204353,0.15283747147515503,-0.014705707485009323,0.07182120906706459,0.0621255009281662,0.054150036732247726,0.04641431719906947,
c0,DOP853,reduced_flux_recovered,1.8,0.13016357279542579,0.11990780918457873,0.1524649364955345,-0.015096574262739594,0.07180095778274997,0.062028599864754945,0.05395595666531396,0.04624796285598339,
c0,DOP853,reduced_flux_recovered,1.8250000000000002,0.13195834069918577,0.12145732319677373,0.15208266864054396,-0.015484335625706287,0.07178042810257677,0.06193268418713475,0.053762627016267696,0.04608225172822945,
c0,DOP853,reduced_flux_recovered,1.85,0.1337525918791679,0.12300445149057279,0.1516907456861575,-0.01586898036840131,0.07175961985842522,0.061837740112673616,0.05357004544870841,0.04591718181317863,
c0,DOP853,reduced_flux_recovered,1.875,0.13554631936989975,0.12454921818585349,0.1512892456852741,-0.016250497542260812,0.07173853295207656,0.061743754058411544,0.05337820962923051,0.045752751110769006,
c0,DOP853,reduced_flux_recovered,1.9000000000000001,0.13733951620432555,0.12609164706540005,0.1508782469612941,-0.0166288764556228,0.07171716735499385,0.0616507126395846,0.05318711722727454,0.04558895762337817,
c0,DOP853,reduced_flux_recovered,1.925,0.13913217541554512,0.12763176157983963,0.15045782810169794,-0.017004106673644607,0.07169552310807954,0.06155860266814531,0.05299676591498251,0.045425799355699285,
c0,DOP853,reduced_flux_recovered,1.9500000000000002,0.1409242900385459,0.12916958485254174,0.1500280679516287,-0.01737617801818079,0.07167360032141087,0.06146741115127909,0.0528071533670576,0.045263274314620794,
c0,DOP853,reduced_flux_recovered,1.975,0.14271585311192697,0.13070513968448005,0.14958904560747954,-0.017745080567621863,0.07165139917395281,0.06137712528991673,0.05261827726062814,0.04510138050910983,
c0,DOP853,reduced_flux_recovered,2.0,0.14450685767961707,0.13223844855905748,0.14914084041048337,-0.01811080465669569,0.07162891991324913,0.06128773247724264,0.0524301352751155,0.044940115950098995,
c0,DOP853,reduced_flux_recovered,2.025,0.14629729679259226,0.13376953364689495,0.14868353194029438,-0.018473340876235617,0.07160616285509072,0.06119922029719924,0.05224272509210553,0.04477947865037617,
c0,DOP853,reduced_flux_recovered,2.0500000000000003,0.1480871635105715,0.13529841681058058,0.1482172000085999,-0.018832680072904628,0.07158312838316491,0.06111157652298712,0.05205604439522544,0.044619466624478944,
c0,DOP853,reduced_flux_recovered,2.075,0.14987645090371068,0.1368251196093825,0.14774192465272554,-0.019188813348887338,0.07155981694868256,0.06102478911556078,0.051870090870024074,0.04446007788859206,
c0,DOP853,reduced_flux_recovered,2.1,0.15166515205428605,0.13834966330392406,0.1472577861292523,-0.01954173206154588,0.07153622906998532,0.06093884622212046,0.0516848622038564,0.044301310460448336,
c0,DOP853,reduced_flux_recovered,2.125,0.1534532600583666,0.13987206886082068,0.14676486490764226,-0.019891427823040923,0.07151236533213268,0.06085373617459954,0.05150035608577221,0.044143162359233316,
c0,DOP853,reduced_flux_recovered,2.15,0.15524076802747713,0.14139235695727945,0.14626324166387336,-0.020237892499918687,0.07148822638646933,0.06076944748814765,0.05131657020640872,0.04398563160549318,
c0,DOP853,reduced_flux_recovered,2.1750000000000003,0.15702766909024993,0.14291054798566055,0.14575299727408458,-0.020581118212664517,0.07146381295017333,0.06068596885960953,0.05113350225788734,0.04382871622104628,
c0,DOP853,reduced_flux_recovered,2.2,0.15881395639406504,0.1444266620580007,0.14523421280823276,-0.020921097335223644,0.07143912580578514,0.06060328916599961,0.05095114993371435,0.043672414228898004,
c0,DOP853,reduced_flux_recovered,2.225,0.16059962310667877,0.1459407190104984,0.14470696952376172,-0.021257822494489705,0.07141416580071847,0.06052139746297245,0.050769510928685625,0.0435167236531591,
c0,DOP853,reduced_flux_recovered,2.25,0.16238466241783894,0.1474527384079607,0.14417134885928545,-0.021591286569761607,0.07138893384675277,0.060440282983288934,0.05058858293879544,0.04336164251896751,
c0,DOP853,reduced_flux_recovered,2.275,0.16416906754088706,0.1489627395482115,0.1436274324282863,-0.021921482692169335,0.07136343091950832,0.06035993513527842,0.05040836366114907,0.04320716885241348,
c0,DOP853,reduced_flux_recovered,2.3000000000000003,0.16595283171434635,0.1504707414664611,0.14307530201282917,-0.02224840424406931,0.07133765805790383,0.060280343501296726,0.050228850793879634,0.04305330068046825,
c0,DOP853,reduced_flux_recovered,2.325,0.16773594820349558,0.15197676293963708,0.14251503955729214,-0.02257204485840999,0.07131161636359734,0.060201497836180076,0.05005004203606863,0.04290003603091596,
c0,DOP853,reduced_flux_recovered,2.35,0.16951841030193623,0.1534808224906787,0.14194672716209789,-0.022892398418071464,0.07128530700040925,0.060123388065694804,0.04987193508766969,0.042747372932288294,
c0,DOP853,reduced_flux_recovered,2.375,0.17130021133313675,0.15498293839279004,0.14137044707747887,-0.023209459055173666,0.07125873119373047,0.06004600428498358,0.049694527649436944,0.04259530941380309,
c0,DOP853,reduced_flux_recovered,2.4000000000000004,0.1730813446519632,0.15648312867365452,0.14078628169725738,-0.02352322115035734,0.0712318902299146,0.05996933675700759,0.049517817422857026,0.042443843505306014,
c0,DOP853,reduced_flux_recovered,2.4250000000000003,0.17486180364619597,0.15798141111961111,0.14019431355264103,-0.02383367933203883,0.07120478545565442,0.059893375910985105,0.04934180211008465,0.04229297323721541,
c0,DOP853,reduced_flux_recovered,2.45,0.1766415817380301,0.15947780327979108,0.13959462530603856,-0.02414082847563826,0.07117741827734353,0.0598181123408264,0.049166479413882004,0.04214269664047028,
c0,DOP853,reduced_flux_recovered,2.475,0.17842067238555964,0.1609723224702155,0.1389872997448948,-0.024444663702782175,0.07114979016042317,0.059743536803565145,0.04899184703756173,0.04199301174648148,
c0,DOP853,reduced_flux_recovered,2.5,0.18019906908424574,0.16246498577785404,0.13837241977554507,-0.024745180380481194,0.07112190262871493,0.05966964021778632,0.04881790268493352,0.04184391658708587,
c0,DOP853,reduced_flux_recovered,2.5250000000000004,0.18197676536836793,0.16395581006464405,0.13775006841709025,-0.025042374120283338,0.07109375726373938,0.05959641366205089,0.04864464406025435,0.04169540919450372,
c0,DOP853,reduced_flux_recovered,2.5500000000000003,0.18375375481245826,0.1654448119714703,0.13712032879529376,-0.025336240777403603,0.07106535570402144,0.05952384837331733,0.04847206886818214,0.04154748760129897,
c0,DOP853,reduced_flux_recovered,2.575,0.1855300310327177,0.1669320079221053,0.13648328413650068,-0.025626776449830378,0.07103669964438247,0.059451935745360125,0.04830017481373301,0.04140014984034258,
c0,DOP853,reduced_flux_recovered,2.6,0.18730558768841427,0.16841741412710975,0.13583901776158064,-0.025913977477409318,0.07100779083521991,0.05938066732718542,0.048128959602242075,0.041253393944778914,
c0,DOP853,reduced_flux_recovered,2.625,0.18908041848326237,0.1699010465876931,0.135187613079895,-0.02619784044090526,0.07097863108177452,0.05931003482144396,0.047958420939327555,0.04110721794799504,
c0,DOP853,reduced_flux_recovered,2.6500000000000004,0.19085451716678323,0.1713829210995342,0.13452915358328948,-0.026478362161042827,0.07094922224338594,0.05924003008284142,0.04778855653085844,0.04096161988359295,
c0,DOP853,reduced_flux_recovered,2.6750000000000003,0.19262787753564986,0.17286305325656373,0.13386372284010223,-0.026755539697527194,0.07091956623273596,0.05917064511654606,0.04761936408292515,0.04081659778536441,
c0,DOP853,reduced_flux_recovered,2.7,0.19440049343501403,0.17434145845470686,0.13319140448919517,-0.027029370348045114,0.07088966501508046,0.05910187207659413,0.04745084130181322,0.04067214968726847,
c0,DOP853,reduced_flux_recovered,2.725,0.19617235875980676,0.1758181518955834,0.1325122822340266,-0.027299851647244834,0.07085952060747183,0.05903370326429345,0.04728298589398112,0.04052827362341238,
c0,DOP853,reduced_flux_recovered,2.75,0.19794346745602476,0.17729314859017017,0.13182643983673714,-0.027566981365698587,0.07082913507796994,0.05896613112662483,0.0471157955660405,0.040384967628034715,
c0,DOP853,reduced_flux_recovered,2.7750000000000004,0.19971381352199535,0.17876646336242275,0.13113396111226547,-0.02783075750884651,0.07079851054484337,0.05889914825464168,0.04694926802473998,0.04024222973549141,
c0,DOP853,reduced_flux_recovered,2.8000000000000003,0.20148339100962143,0.180238110852857,0.1304349299224905,-0.028091178315923015,0.070767649175761,0.058832747381868125,0.04678340097695172,0.040100057980244325,
c0,DOP853,reduced_flux_recovered,2.825,0.20325219402560654,0.18170810552209107,0.12972943017039962,-0.028348242258866226,0.07073655318697403,0.058766921382695514,0.04661819212966122,0.03995845039685247,
c0,DOP853,reduced_flux_recovered,2.85,0.2050202167326592,0.18317646165434712,0.1290175457942841,-0.02860194804121092,0.07070522484248923,0.05870166327077773,0.04645363918996003,0.03981740501996574,
c0,DOP853,reduced_flux_recovered,2.875,0.20678745335067672,0.18464319336091273,0.12829936076196263,-0.028852294596965637,0.07067366645323356,0.058636966197425436,0.04628973986504136,0.03967691988432116,
c0,DOP853,reduced_flux_recovered,2.9000000000000004,0.20855389815790776,0.18610831458356258,0.12757495906503338,-0.02909928108947447,0.07064188037621057,0.058572823449999416,0.04612649186219861,0.039536993024741666,
c0,DOP853,reduced_flux_recovered,2.9250000000000003,0.21031954549209345,0.18757183909793929,0.12684442471315524,-0.02934290691026404,0.07060986901364893,0.058509228450303305,0.045963892888826796,0.039397622476137255,
c0,DOP853,reduced_flux_recovered,2.95,0.2120843897515869,0.18903378051689435,0.12610784172835937,-0.029583171677876323,0.07057763481214376,0.05844617475297577,0.04580194065242672,0.03925880627350862,
c0,DOP853,reduced_flux_recovered,2.975,0.2138484253964505,0.19049415229378835,0.12536529413939118,-0.029820075236687796,0.07054518026179056,0.05838365604388249,0.04564063286061199,0.03912054245195313,
c0,DOP853,reduced_flux_recovered,3.0,0.21561164694953217,0.1919529677257514,0.1246168659760804,-0.03005361765571552,0.07051250789531267,0.0583216661385079,0.045479967221118606,0.038982829046673086,
c0,DOP853,reduced_flux_recovered,3.0250000000000004,0.21737404899752466,0.19341023995690562,0.12386264126372744,-0.03028379922741098,0.07047962028718095,0.05826019898034669,0.045319941441816766,0.038845664092985795,
c0,DOP853,reduced_flux_recovered,3.0500000000000003,0.21913562619199417,0.1948659819815434,0.12310270401754352,-0.030510620466441214,0.07044652005272928,0.05819924863929627,0.045160553230725986,0.038709045626336556,
c0,DOP853,reduced_flux_recovered,3.075,0.22089637325039185,0.19632020664726793,0.12233713823710803,-0.030734082108458793,0.07041320984726324,0.058138809310049284,0.04500180029603238,0.03857297168231347,
c0,DOP853,reduced_flux_recovered,3.1,0.2226562849570418,0.19777292665809293,0.12156602790086002,-0.03095418510886064,0.07037969236516367,0.05807887531048705,0.044843680346108396,0.038437440296664335,
c0,DOP853,reduced_flux_recovered,3.125,0.22441535616410635,0.19922415457750214,0.1207894569606206,-0.031170930641536344,0.07034597033898518,0.05801944108007375,0.04468619108953505,0.03830244950531575,
c0,DOP853,reduced_flux_recovered,3.1500000000000004,0.22617358179252942,0.20067390283146894,0.12000750933614608,-0.03138432009760643,0.07031204653854989,0.05796050117825187,0.04452933023512653,0.03816799734439416,
c0,DOP853,reduced_flux_recovered,3.1750000000000003,0.2279309568329567,0.20212218371143573,0.11922026890971263,-0.031594355084150975,0.07027792377003673,0.0579020502828388,0.044373095491957025,0.03803408185024887,
c0,DOP853,reduced_flux_recovered,3.2,0.22968747634663358,0.20356900937725345,0.1184278195207325,-0.03180103742292921,0.07024360487506677,0.057844083188425086,0.04421748456938989,0.03790070105947704,
c0,DOP853,reduced_flux_recovered,3.225,0.23144313546627973,0.20501439186008094,0.11763024496040286,-0.032004369149090335,0.07020909272978473,0.0577865948047744,0.04406249517710902,0.03776785300895058,
c0,DOP853,reduced_flux_recovered,3.25,0.23319792939694065,0.20645834306524438,0.11682762896638722,-0.03220435250987626,0.07017439024393723,0.05772958015522544,0.04390812502515234,0.037635535735844855,
c0,DOP853,reduced_flux_recovered,3.2750000000000004,0.23495185341681601,0.20790087477505642,0.1160200552175304,-0.032400989963316536,0.07013950035994794,0.057673034375096105,0.043754371823947494,0.03750374727766927,
c0,DOP853,reduced_flux_recovered,3.3000000000000003,0.23670490287806423,0.20934199865159556,0.11520760732860727,-0.03259428417691612,0.07010442605199003,0.05761695271009005,0.043601233284349575,0.03737248567229963,
c0,DOP853,reduced_flux_recovered,3.325,0.2384570732075839,0.2107817262394454,0.11439036884510508,-0.03278423802633626,0.07006917032505638,0.05756133051470581,0.04344870711768089,0.03724174895801218,
c0,DOP853,reduced_flux_recovered,3.35,0.2402083599077754,0.21222006896839618,0.11356842323802645,-0.03297085459406847,0.07003373621402663,0.05750616325064842,0.04329679103577235,0.03711153517351916,
c0,DOP853,reduced_flux_recovered,3.375,0.24195875855727528,0.21365703815610443,0.11274185389873917,-0.03315413716810293,0.06999812678273341,0.05745144648524446,0.043145482751007165,0.03698184235800614,
c0,DOP853,reduced_flux_recovered,3.4000000000000004,0.2437082648116678,0.21509264501071348,0.11191074413385722,-0.033334089240591155,0.06996234512302697,0.05739717588986021,0.04299477997636621,0.036852668551171024,
c0,DOP853,reduced_flux_recovered,3.4250000000000003,0.24545687440417382,0.21652690063343485,0.1110751771601529,-0.03351071450650329,0.06992639435383825,0.05734334723832325,0.04284468042547521,0.036724011793264455,
c0,DOP853,reduced_flux_recovered,3.45,0.2472045831463163,0.21795981602109019,0.11023523609950354,-0.03368401686228065,0.0698902776202412,0.057289956405347696,0.042695181812653735,0.03659587012513176,
c0,DOP853,reduced_flux_recovered,3.475,0.2489513869285618,0.21939140206861352,0.10939100397387173,-0.033854000404483685,0.0698539980925145,0.05723699936496327,0.042546281852965766,0.036468241588256366,
c0,DOP853,reduced_flux_recovered,3.5,0.2506972817209392,0.22082166957151478,0.10854256370031883,-0.03402066942843582,0.06981755896520275,0.05718447218894856,0.042397978262271985,0.03634112422480456,
c0,DOP853,reduced_flux_recovered,3.5250000000000004,0.2524422635736345,0.222250629228304,0.10768999808605229,-0.03418402842686347,0.06978096345617786,0.05713237104526838,0.04225026875728363,0.03621451607767168,
c0,DOP853,reduced_flux_recovered,3.5500000000000003,0.25418632861756246,0.22367829164287634,0.10683338982350724,-0.034344082088532665,0.06974421480570035,0.0570806921965158,0.042103151055617856,0.036088415190529584,
c0,DOP853,reduced_flux_recovered,3.575,0.25592947306491476,0.22510466732685877,0.10597282148546243,-0.0345008352968825,0.0697073162754814,0.05702943199835876,0.04195662287585468,0.03596281960787544,
c0,DOP853,reduced_flux_recovered,3.6,0.25767169320968436,0.22652976670191716,0.10510837552019105,-0.03465429312865596,0.06967027114774567,0.05697858689799169,0.041810681937595295,0.035837727375081674,
c0,DOP853,reduced_flux_recovered,3.625,0.25941298542816627,0.22795360010202528,0.10424013424664666,-0.034804460852528335,0.06963308272429508,0.05692815343259221,0.0416653259615218,0.03571313653844726,
c0,DOP853,reduced_flux_recovered,3.6500000000000004,0.26115334617943464,0.2293761777756947,0.10336817984968456,-0.03495134392773364,0.06959575432557426,0.056878128227783244,0.04152055266945844,0.03558904514525009,
c0,DOP853,reduced_flux_recovered,3.6750000000000003,0.26289277200579825,0.23079750988816708,0.10249259437531157,-0.035094948002688656,0.06955828928973692,0.05682850799610047,0.04137635978443375,0.03546545124380035,
c0,DOP853,reduced_flux_recovered,3.7,0.2646312595332323,0.23221760652356854,0.10161345972596876,-0.03523527891361529,0.06952069097171427,0.05677928953546543,0.041232745030744186,0.035342352883495014,
c0,DOP853,reduced_flux_recovered,3.725,0.2663688054717848,0.23363647768702445,0.10073085765586048,-0.03537234268316269,0.06948296274228595,0.05673046972766495,0.04108970613401909,0.0352197481148735,
c0,DOP853,reduced_flux_recovered,3.75,0.2681054066159618,0.2350541333067374,0.09984486976630863,-0.03550614551902758,0.06944510798715295,0.056682045536836326,0.04094724082128654,0.03509763498967417,
c0,DOP853,reduced_flux_recovered,3.7750000000000004,0.2698410598450889,0.23647058323602715,0.09895557750114438,-0.03563669381257412,0.06940713010601322,0.05663401400795905,0.040805346821040464,0.03497601156089182,
c0,DOP853,reduced_flux_recovered,3.8000000000000003,0.2715757621236491,0.23788583725533272,0.09806306214213385,-0.03576399413745326,0.06936903251164017,0.05658637226535292,0.04066402186330881,0.03485487588283612,
c0,DOP853,reduced_flux_recovered,3.825,0.27330951050159874,0.23929990507417728,0.09716740480443796,-0.03588805324822179,0.06933081862896404,0.05653911751118293,0.04052326367972265,0.03473422601119084,
c0,DOP853,reduced_flux_recovered,3.85,0.27504230211465996,0.24071279633309575,0.09626868643210655,-0.03600887807896151,0.06929249189415686,0.056492247023971,0.04038307000358628,0.034614060003073946,
c0,DOP853,reduced_flux_recovered,3.875,0.27677413418459007,0.24212452060552503,0.09536698779360712,-0.036126475741898444,0.06925405575372078,0.05644575815711492,0.04024343856994827,0.034494375917098516,
c0,DOP853,reduced_flux_recovered,3.9000000000000004,0.2785050040194289,0.2435350873996577,0.09446238947738829,-0.03624085352602269,0.06921551366358016,0.05639964833741439,0.04010436711567338,0.03437517181343432,
c0,DOP853,reduced_flux_recovered,3.9250000000000003,0.28023490901372267,0.24494450616025848,0.0935549718874782,-0.03635201889570888,0.06917686908817777,0.05635391506360472,0.03996585337951527,0.03425644575387023,
c0,DOP853,reduced_flux_recovered,3.95,0.2819638466487258,0.24635278627044452,0.09264481523911797,-0.036459979489337706,0.06913812549957526,0.05630855590489804,0.039827895102190036,0.034138195801877165,
c0,DOP853,reduced_flux_recovered,3.975,0.28369181449258,0.24775993705342914,0.09173199955443055,-0.03656474311791855,0.06909928637655795,0.056263568499532485,0.03969049002645054,0.03402042002267189,
c0,DOP853,reduced_flux_recovered,4.0,0.285418810200471,0.2491659677742292,0.09081660465812284,-0.03666631776371332,0.06906035520374443,0.056218950553329296,0.039553635897161314,0.03390311648328112,
c0,DOP853,wrong_model,0.0,0.0,0.0,0.15,0.02,0.07263636600675082,0.07263636600675082,0.07,0.06,0.0
c0,DOP853,wrong_model,0.025,0.0018158462222330899,0.0018132011975176914,0.15049290290261508,0.019432514198971584,0.07263131448976029,0.07242016034381324,0.06974624259222215,0.059782493650476116,2.0924356111342007e-20
c0,DOP853,wrong_model,0.05,0.0036315648439244697,0.0036210294107106482,0.1509716399202933,0.01886673363507676,0.07262615730544653,0.07220652191413361,0.06949342281669597,0.05956579098573941,7.446740676351969e-21
c0,DOP853,wrong_model,0.07500000000000001,0.005447153174084065,0.005423548420763131,0.15143625401568164,0.018302684824350147,0.07262089051094164,0.07199541879987499,0.06924153751849449,0.0593498893015667,-2.632363579328878e-21
c0,DOP853,wrong_model,0.1,0.007262608423284854,0.007220821214948886,0.15188678881270293,0.017740394152201456,0.07261551017447179,0.07178681940561524,0.06899058356437089,0.05913478591231791,-8.615705022037223e-21
c0,DOP853,wrong_model,0.125,0.009077927703964364,0.009012909994657647,0.15232328859324393,0.017179887869713095,0.07261001237729085,0.07158069245564458,0.06874055784246857,0.05892047815068735,-1.8267798976296703e-20
c0,DOP853,wrong_model,0.15000000000000002,0.01089310803077402,0.010799876183355882,0.15274579829375118,0.016621192089990782,0.0726043932155842,0.07137700699132324,0.06849145726202784,0.058706963367452424,-4.0102081575875705e-20
c0,DOP853,wrong_model,0.17500000000000002,0.012708146320975921,0.012581780434481184,0.1531543635017365,0.016064332784566704,0.07259864880234203,0.07117573236849731,0.06824327875308978,0.0584942389312198,-7.572129466918228e-20
c0,DOP853,wrong_model,0.2,0.014523039394886222,0.014358682639272133,0.15354903045219342,0.0155093357798558,0.07259277526920227,0.07097683825497084,0.0679960192661976,0.05828230222816936,-1.1812937187170376e-19
c0,DOP853,wrong_model,0.225,0.0163377839763642,0.016130641934535388,0.1539298460239255,0.014956226753665638,0.07258676876826266,0.07078029462803233,0.0677496757720954,0.05807115066179606,-1.544586864375696e-19
c0,DOP853,wrong_model,0.25,0.018152376693346156,0.01789771671035185,0.15429685773578827,0.014405031231760478,0.07258062547386196,0.07058607177203338,0.06750424526142493,0.05786078165264994,-1.7155652162231687e-19
c0,DOP853,wrong_model,0.275,0.019966814078423323,0.019659964617723673,0.15465011374284562,0.013855774584480028,0.07257434158432996,0.07039414027601787,0.06725972474442034,0.05765119263807457,-1.6287462420893872e-19
c0,DOP853,wrong_model,0.30000000000000004,0.021781092569462857,0.02141744257616394,0.15498966283244245,0.01330848202341345,0.0725679133237061,0.07020447103139922,0.06701611125060135,0.057442381071944014,-1.3510570186929432e-19
c0,DOP853,wrong_model,0.325,0.023595208510271058,0.023170206781230846,0.1553155544201943,0.012763178598129116,0.07256133694342648,0.07001703522968437,0.06677340182846508,0.05723434442439864,-1.130107250329604e-19
c0,DOP853,wrong_model,0.35000000000000003,0.025409158151299873,0.0249183127119988,0.15562783854589693,0.012219889192956574,0.07255460872397917,0.06983180436024382,0.06653159354517604,0.05702708018157947,-1.0585050605815147e-19
c0,DOP853,wrong_model,0.375,0.027222937650394366,0.026661815138472152,0.15592656586935677,0.011678638523823209,0.07254772497652777,0.06964875020812615,0.06629068348625498,0.05682058584536142,-1.0725533281990262e-19
c0,DOP853,wrong_model,0.4,0.02903654307357864,0.028400768128956685,0.15621178766614047,0.011139451135151586,0.0725406820445026,0.06946784485191125,0.0660506687552675,0.05661485893308642,-1.0855779007930408e-19
c0,DOP853,wrong_model,0.42500000000000004,0.03084997039588229,0.03013522505736929,0.1564835558232497,0.010602351396809245,0.07253347630516005,0.06928906066160591,0.06581154647351141,0.056409896977295496,-7.857933681947237e-20
c0,DOP853,wrong_model,0.45,0.03266321550220477,0.031865238610498954,0.1567419228347196,0.010067363501116165,0.07252610417110947,0.06911237029657719,0.06557331377970402,0.05620569752546059,1.8694867633568182e-20
c0,DOP853,wrong_model,0.47500000000000003,0.03447627418821793,0.03359086079521557,0.15698694179714356,0.00953451145990799,0.07251856209180758,0.06893774670352294,0.0653359678296687,0.05600225813971603,2.0608536644902926e-19
c0,DOP853,wrong_model,0.5,0.03628914216130572,0.03531214294562777,0.15721866640512458,0.00900381910165541,0.07251084655502045,0.06876516311447795,0.06509950579602146,0.05579957639658982,4.784585058221973e-19
c0,DOP853,wrong_model,0.525,0.03810181504154022,0.03702913573019108,0.15743715094665597,0.008475310068639996,0.07250295408825261,0.06859459304485416,0.06486392486785741,0.05559764988673493,7.948629928704313e-19
c0,DOP853,wrong_model,0.55,0.039914288362692896,0.03874188915876736,0.15764245029843166,0.007949007814186884,0.07249488126014372,0.06842601029151361,0.06462922225043755,0.055396476214660755,1.0811886705667734e-18
c0,DOP853,wrong_model,0.5750000000000001,0.04172655757328021,0.04045045258963689,0.15783461992108838,0.00742493559995463,0.07248662468183226,0.06825938893087256,0.06439539516487573,0.055196052998464924,1.2469732693836455e-18
c0,DOP853,wrong_model,0.6000000000000001,0.04353861803764261,0.04215487473646424,0.1580137158543808,0.006903116493282613,0.07247818100828649,0.06809470331703528,0.0641624408478266,0.05499637786956566,1.2199828953190878e-18
c0,DOP853,wrong_model,0.625,0.045350465037055844,0.04385520367521895,0.15817979471229102,0.0063835733645963184,0.07246954693960252,0.06793192807995621,0.06393035655117393,0.054797448472434805,1.0021920139780018e-18
c0,DOP853,wrong_model,0.65,0.047162093770873825,0.04555148685105255,0.15833291367807417,0.005866328884870854,0.07246071922226939,0.0677710381236288,0.06369913954172036,0.05459926246433174,7.507886903808546e-19
c0,DOP853,wrong_model,0.675,0.048973499357703655,0.04724377108512809,0.15847313049924094,0.005351405523150242,0.07245169465040101,0.06761200862430067,0.0634687871008777,0.054401817515038024,7.204449061059263e-19
c0,DOP853,wrong_model,0.7000000000000001,0.05078467683661705,0.048932102581389886,0.15860050348247803,0.004838825544114328,0.07244247006693516,0.06745481502871727,0.06323929652435686,0.05420511130659161,7.1451843586385615e-19
c0,DOP853,wrong_model,0.7250000000000001,0.05259562116838055,0.05061652693331678,0.15871509148851015,0.004328611005720013,0.07243304236479972,0.06729943305238303,0.06301066512186194,0.054009141533024524,7.10745076270483e-19
c0,DOP853,wrong_model,0.75,0.054406327236720786,0.05229708913061681,0.15881695392690237,0.0038207837568901204,0.07242340848804561,0.06714583867784815,0.06278289021678399,0.05381390590010056,7.180985017833862e-19
c0,DOP853,wrong_model,0.775,0.05621678984961599,0.053973833565882444,0.15890615075080664,0.0033153654352616737,0.07241356543294702,0.06699400815301626,0.06255596914589688,0.05361940212505447,7.488989173522173e-19
c0,DOP853,wrong_model,0.8,0.05802700374061469,0.055646804041203736,0.15898274245165217,0.0028123774649913727,0.07240351024906855,0.06684391798947198,0.062329899259054876,0.05342562793633275,8.1471520967425815e-19
c0,DOP853,wrong_model,0.8250000000000001,0.05983696357018115,0.05731604377473955,0.15904679005378153,0.0023118410546178495,0.07239324004029934,0.06669554496082782,0.0621046779188919,0.053232581073335915,9.197145605460731e-19
c0,DOP853,wrong_model,0.8500000000000001,0.06164666392706648,0.05898159540724738,0.1590983551090337,0.0018137771949808274,0.07238275196585439,0.06654886610108893,0.061880302500522746,0.05304025928616236,1.0543539843006421e-18
c0,DOP853,wrong_model,0.875,0.06345609932970428,0.06064350100857238,0.15913749969127594,0.0013182066571972633,0.07237204324124295,0.06640385870303515,0.06165677039124645,0.052848660335354104,1.1923082513193626e-18
c0,DOP853,wrong_model,0.9,0.06526526422763004,0.06230180208409637,0.15916428639088584,0.0008251499906945427,0.07236111113920433,0.06626050031661908,0.06143407899025178,0.052657781991644385,1.293528659608311e-18
c0,DOP853,wrong_model,0.925,0.0670741530029232,0.06395653958114725,0.1591787783091852,0.00033462752130087193,0.07234995299061092,0.06611876874737911,0.06121222570832522,0.05246762203570734,1.3163271164281416e-18
c0,DOP853,wrong_model,0.9500000000000001,0.0688827599716707,0.06560775389536963,0.15918103905282716,-0.00015334065060711426,0.07233856618533878,0.0659786420548667,0.060991207967561446,0.05227817825790981,1.2413799919670222e-18
c0,DOP853,wrong_model,0.9750000000000001,0.07069107938545145,0.06725548487705738,0.15917113272813826,-0.0006387346518993775,0.07232694817310562,0.06584009855108644,0.0607710232010765,0.05208944845806558,1.1105462070459894e-18
c0,DOP853,wrong_model,1.0,0.0724991054328407,0.06889977183744775,0.15914912393541683,-0.0011215348384306118,0.07231509646427654,0.06570311679894852,0.06055166885272377,0.051901430445191805,1.0639615515526025e-18
c0,DOP853,wrong_model,1.0250000000000001,0.07430683224094246,0.07054065355496725,0.15911507776318226,-0.0016017217967315952,0.07230300863063678,0.06556767561073497,0.06033314237681092,0.05171412203726651,1.0591831312817491e-18
c0,DOP853,wrong_model,1.05,0.07611425387693124,0.07217816828144974,0.15906905978239017,-0.0020792763456343195,0.07229068230613313,0.0654337540465745,0.06011544123782165,0.05152752106098999,1.0573421463598702e-18
c0,DOP853,wrong_model,1.075,0.07792136434961437,0.07381235374831553,0.1590111360406051,-0.0025541795378430975,0.0722781151875831,0.06530133141292728,0.05989856291013995,0.051341625351548535,1.046155958906494e-18
c0,DOP853,wrong_model,1.1,0.07972815761101251,0.07544324717270981,0.15894137305613473,-0.0030264126614522177,0.07226530503535218,0.06517038726107982,0.059682504877777154,0.05115643275238042,9.976689308566758e-19
c0,DOP853,wrong_model,1.125,0.0815346275579561,0.07707088526360495,0.1588598378121274,-0.003495957241407454,0.07225224967399942,0.06504090138564805,0.05946726463410216,0.05097194111494471,8.849227038204804e-19
c0,DOP853,wrong_model,1.1500000000000001,0.08334076803369794,0.07869530422786505,0.1587665977506328,-0.003962795040913087,0.07223894699289138,0.06491285382308819,0.05925283968157486,0.05078814829849274,6.967879015614793e-19
c0,DOP853,wrong_model,1.175,0.0851465728295411,0.08031653977627329,0.15866172076662835,-0.004426908062784514,0.07222539494678476,0.0647862248502147,0.05903922753148276,0.05060505216984237,4.483386076919554e-19
c0,DOP853,wrong_model,1.2000000000000002,0.08695203568648116,0.08193462712952215,0.15854527520201195,-0.004888278550746728,0.07221159155637766,0.06466099498272472,0.05882642570368082,0.05042265060315499,1.8415097118244524e-19
c0,DOP853,wrong_model,1.225,0.08875715029686142,0.08354960102416684,0.15841732983956314,-0.005346888990678693,0.07219753490882992,0.06453714497372842,0.05861443172633486,0.0502409414797156,-2.8092707716659455e-20
c0,DOP853,wrong_model,1.25,0.09056191030604095,0.08516149571854231,0.1582779538968743,-0.005802722111803929,0.07218322315825274,0.0644146558122845,0.058403243135668415,0.05005992268771579,-1.163130585438458e-19
c0,DOP853,wrong_model,1.2750000000000001,0.09236630931407362,0.0867703449986438,0.1581272170202531,-0.006255760887827326,0.07216865452616762,0.0642935087219402,0.05819285747571321,0.0498795921220399,-3.767453608781985e-20
c0,DOP853,wrong_model,1.3,0.09417034087739755,0.08837618218397164,0.1579651892785982,-0.006705988538018438,0.07215382730193513,0.06417368515927528,0.05798327229806342,0.04969994768405436,1.7022322235617001e-19
c0,DOP853,wrong_model,1.3250000000000002,0.09597399851053422,0.08997904013334009,0.15779194115724945,-0.0071533885282414195,0.07213873984315337,0.0640551668124492,0.057774485161633714,0.04952098728140033,3.1798493053272463e-19
c0,DOP853,wrong_model,1.35,0.0977772756878021,0.09157895125064709,0.157607543551807,-0.007597944571937319,0.07212339057602603,0.06393793559975207,0.05756649363242015,0.049342708827788705,3.231973070887339e-19
c0,DOP853,wrong_model,1.375,0.09958016584503973,0.09317594749060704,0.1574120677619265,-0.008039640631055394,0.07210777799570083,0.0638219736681585,0.05735929528326464,0.049165110242798266,3.2080055519282455e-19
c0,DOP853,wrong_model,1.4000000000000001,0.10138266238132779,0.09477006036445326,0.15720558548510094,-0.008478460916924772,0.07209190066657921,0.06370726339188157,0.057152887693624956,0.048988189451678536,3.131224219180525e-19
c0,DOP853,wrong_model,1.425,0.10318475866072581,0.09636132094559977,0.15698816881041372,-0.00891438989108188,0.07207575722259615,0.06359378737092986,0.056947268449347235,0.04881194438515478,3.342204616875069e-19
c0,DOP853,wrong_model,1.4500000000000002,0.1049864480140132,0.09794975987526831,0.15675989021227482,-0.009347412266045477,0.07205934636747138,0.06348152842966505,0.05674243514244282,0.04863637297923671,4.238477924671831e-19
c0,DOP853,wrong_model,1.475,0.10678772374043646,0.09953540736807913,0.15652082254413704,-0.009777513006042016,0.07204266687493163,0.0633704696153605,0.05653838537086903,0.0484614731750306,6.059110917132687e-19
c0,DOP853,wrong_model,1.5,0.10858857910946217,0.10111829321760578,0.15627103903219441,-0.01020467732768186,0.0720257175889046,0.06326059419675968,0.05633511673831373,0.04828724291855462,8.736338497018867e-19
c0,DOP853,wrong_model,1.5250000000000001,0.1103890073625346,0.10269844680189374,0.1560106132690641,-0.01062889070058656,0.07200849742368456,0.06315188566263497,0.056132626853983986,0.048113680160557705,1.183632242804244e-18
c0,DOP853,wrong_model,1.55,0.11218900171483695,0.10427589708894303,0.15573961920745302,-0.011050138847967694,0.07199100536407034,0.0630443277203457,0.055930913332398774,0.047940782856341804,1.4611109892701213e-18
c0,DOP853,wrong_model,1.5750000000000002,0.11398855535705579,0.10585067264215482,0.15545813115381127,-0.011468407747157596,0.07197324046547547,0.06293790429439568,0.0557299737931857,0.04776854896558774,1.6183865500827028e-18
c0,DOP853,wrong_model,1.6,0.11578766145714707,0.10742280162574196,0.15516622376197317,-0.011883683630092318,0.07195520185401141,0.06283259952498946,0.055529805860881985,0.04759697645218455,1.5889450374476298e-18
c0,DOP853,wrong_model,1.625,0.11758631316210355,0.10899231181010367,0.15486397202678806,-0.012295952983747256,0.0719368887265437,0.06272839776658712,0.05533040716473961,0.04742606328406252,1.3792421934792986e-18
c0,DOP853,wrong_model,1.6500000000000001,0.11938450359972227,0.11055923057716421,0.15455145127774184,-0.012705202550525777,0.0719183003507216,0.06262528358645737,0.05513177533853482,0.047255807433029845,1.1404528016472956e-18
c0,DOP853,wrong_model,1.675,0.12118222588037378,0.11212358492567519,0.15422873717256758,-0.013111419328602854,0.07189943606498105,0.06252324176322854,0.05493390802038152,0.04708620687461273,1.1122921093893003e-18
c0,DOP853,wrong_model,1.7000000000000002,0.12297947309877955,0.11368540147647967,0.1538959056908359,-0.013514590572229245,0.0718802952785209,0.06242225728543828,0.05473680285254749,0.04691725958789785,1.1156942495517173e-18
c0,DOP853,wrong_model,1.725,0.12477623833577346,0.11524470647774318,0.15355303312755975,-0.013914703791980822,0.07186087747125493,0.06232231535007959,0.05454045748127723,0.04674896355538048,1.1176593483267556e-18
c0,DOP853,wrong_model,1.75,0.1265725146600707,0.11680152581014673,0.15320019608678095,-0.01431174675496945,0.07184118219373752,0.062223401361144716,0.05434486955661754,0.04658131676281503,1.1162300799627012e-18
c0,DOP853,wrong_model,1.7750000000000001,0.12836829513003203,0.1183558849920434,0.15283747147515556,-0.01470570748500918,0.07182120906706464,0.06212550092816624,0.05415003673224772,0.04641431719906947,1.1158863373686733e-18
c0,DOP853,wrong_model,1.8,0.13016357279542562,0.11990780918457852,0.15246493649553491,-0.015096574262739484,0.07180095778275,0.062028599864755,0.05395595666531391,0.04624796285598335,1.124844719787838e-18
c0,DOP853,wrong_model,1.8250000000000002,0.1319583406991859,0.12145732319677353,0.15208266864054387,-0.015484335625706324,0.07178042810257675,0.061932684187134796,0.053762627016267585,0.046082251728229356,1.1503271766835829e-18
c0,DOP853,wrong_model,1.85,0.13375259187916844,0.12300445149057272,0.15169074568615673,-0.015868980368401554,0.07175961985842513,0.06183774011267363,0.05357004544870826,0.04591718181317851,1.1936016209055208e-18
c0,DOP853,wrong_model,1.875,0.1355463193699005,0.12454921818585366,0.15128924568527283,-0.01625049754226121,0.07173853295207647,0.06174375405841151,0.05337820962923041,0.045752751110768916,1.246597324202198e-18
c0,DOP853,wrong_model,1.9000000000000001,0.13733951620432613,0.12609164706540044,0.15087824696129293,-0.016628876455623172,0.07171716735499378,0.061650712639584514,0.05318711722727453,0.045588957623378175,1.2918979081473716e-18
c0,DOP853,wrong_model,1.925,0.13913217541554512,0.1276317615798401,0.15045782810169772,-0.017004106673644704,0.07169552310807958,0.061558602668145196,0.05299676591498263,0.0454257993556994,1.3079147435467264e-18
c0,DOP853,wrong_model,1.9500000000000002,0.14092429003854517,0.12916958485254204,0.15002806795162982,-0.017376178018180484,0.07167360032141101,0.061467411151278996,0.05280715336705781,0.045263274314620974,1.281043571391907e-18
c0,DOP853,wrong_model,1.975,0.14271585311192625,0.13070513968448005,0.14958904560748082,-0.01774508056762149,0.07165139917395294,0.061377125289916686,0.05261827726062825,0.04510138050910993,1.2266071584287309e-18
c0,DOP853,wrong_model,2.0,0.14450685767961707,0.13223844855905748,0.14914084041048348,-0.018110804656695685,0.07162891991324916,0.061287732477242625,0.0524301352751155,0.044940115950098995,1.2116844901764484e-18
c0,DOP853,wrong_model,2.025,0.14629729679259232,0.13376953364689498,0.14868353194029435,-0.01847334087623564,0.07160616285509074,0.06119922029719923,0.05224272509210552,0.04477947865037616,1.2192519052508527e-18
c0,DOP853,wrong_model,2.0500000000000003,0.14808716351057155,0.13529841681058058,0.14821720000859984,-0.01883268007290465,0.07158312838316493,0.0611115765229871,0.05205604439522544,0.044619466624478944,1.2186033288322224e-18
c0,DOP853,wrong_model,2.075,0.14987645090371063,0.13682511960938248,0.14774192465272576,-0.019188813348887303,0.07155981694868259,0.06102478911556077,0.05187009087002408,0.04446007788859207,1.2092983323281116e-18
c0,DOP853,wrong_model,2.1,0.15166515205428585,0.13834966330392395,0.14725778612925283,-0.019541732061545792,0.07153622906998537,0.06093884622212048,0.0516848622038564,0.04430131046044835,1.1965240915226059e-18
c0,DOP853,wrong_model,2.125,0.15345326005836643,0.1398720688608205,0.1467648649076428,-0.01989142782304083,0.07151236533213272,0.06085373617459958,0.05150035608577218,0.044143162359233296,1.1873835117441331e-18
c0,DOP853,wrong_model,2.15,0.15524076802747716,0.14139235695727928,0.1462632416638735,-0.020237892499918662,0.07148822638646933,0.06076944748814769,0.05131657020640865,0.04398563160549313,1.1876500816592162e-18
c0,DOP853,wrong_model,2.1750000000000003,0.1570276690902503,0.14291054798566052,0.14575299727408403,-0.020581118212664617,0.07146381295017326,0.06068596885960954,0.05113350225788724,0.0438287162210462,1.199356877058008e-18
c0,DOP853,wrong_model,2.2,0.15881395639406568,0.1444266620580009,0.14523421280823154,-0.020921097335223866,0.07143912580578504,0.06060328916599957,0.050951149933714246,0.04367241422889793,1.2195871359974397e-18
c0,DOP853,wrong_model,2.225,0.1605996231066794,0.14594071901049882,0.14470696952376036,-0.021257822494489955,0.07141416580071838,0.06052139746297236,0.05076951092868559,0.043516723653159076,1.2408338266678284e-18
c0,DOP853,wrong_model,2.25,0.1623846624178392,0.14745273840796116,0.1441713488592848,-0.021591286569761732,0.07138893384675275,0.06044028298328882,0.050588582938795486,0.04336164251896756,1.2532956293487702e-18
c0,DOP853,wrong_model,2.275,0.16416906754088664,0.14896273954821176,0.14362743242828702,-0.021921482692169213,0.07136343091950842,0.060359935135278334,0.0504083636611492,0.0432071688524136,1.249476753820165e-18
c0,DOP853,wrong_model,2.3000000000000003,0.16595283171434558,0.15047074146646108,0.14307530201283078,-0.022248404244069025,0.07133765805790397,0.0602803435012967,0.05022885079387976,0.043053300680468365,1.2314580135942033e-18
c0,DOP853,wrong_model,2.325,0.1677359482034956,0.1519767629396371,0.14251503955729222,-0.02257204485840999,0.07131161636359737,0.06020149783618006,0.05005004203606862,0.04290003603091596,1.2212065783341568e-18
c0,DOP853,wrong_model,2.35,0.16951841030193626,0.15348082249067874,0.14194672716209794,-0.02289239841807147,0.07128530700040926,0.06012338806569479,0.049871935087669676,0.042747372932288294,1.2226018914731398e-18
c0,DOP853,wrong_model,2.375,0.17130021133313683,0.15498293839279007,0.1413704470774788,-0.02320945905517368,0.07125873119373047,0.06004600428498356,0.04969452764943693,0.04259530941380309,1.2236880233914231e-18
c0,DOP853,wrong_model,2.4000000000000004,0.1730813446519632,0.15648312867365455,0.14078628169725751,-0.023523221150357335,0.07123189022991461,0.05996933675700758,0.04951781742285702,0.042443843505306014,1.2279886049636954e-18
c0,DOP853,wrong_model,2.4250000000000003,0.17486180364619586,0.15798141111961106,0.14019431355264145,-0.02383367933203879,0.07120478545565447,0.05989337591098512,0.04934180211008465,0.04229297323721541,1.2201998214319932e-18
c0,DOP853,wrong_model,2.45,0.17664158173802996,0.15947780327979091,0.1395946253060391,-0.02414082847563821,0.07117741827734357,0.05981811234082644,0.04916647941388199,0.04214269664047028,1.1772197995778785e-18
c0,DOP853,wrong_model,2.475,0.17842067238555961,0.1609723224702153,0.13898729974489513,-0.02444466370278215,0.07114979016042319,0.05974353680356519,0.04899184703756168,0.04199301174648144,1.08081320690312e-18
c0,DOP853,wrong_model,2.5,0.18019906908424593,0.16246498577785395,0.13837241977554476,-0.024745180380481235,0.0711219026287149,0.05966964021778635,0.048817902684933454,0.04184391658708582,9.290139880208441e-19
c0,DOP853,wrong_model,2.5250000000000004,0.1819767653683684,0.16395581006464416,0.13775006841708923,-0.025042374120283456,0.07109375726373932,0.05959641366205087,0.04864464406025426,0.04169540919450366,7.433701205203937e-19
c0,DOP853,wrong_model,2.5500000000000003,0.18375375481245884,0.1654448119714706,0.1371203287952924,-0.025336240777403755,0.07106535570402137,0.05952384837331726,0.04847206886818207,0.04154748760129892,5.691342725691593e-19
c0,DOP853,wrong_model,2.575,0.1855300310327181,0.1669320079221057,0.1364832841364997,-0.025626776449830493,0.07103669964438244,0.059451935745360035,0.048300174813733006,0.04140014984034258,4.655042445145702e-19
c0,DOP853,wrong_model,2.6,0.18730558768841415,0.16841741412710998,0.13583901776158086,-0.02591397747740931,0.07100779083521996,0.059380667327185346,0.04812895960224214,0.04125339394477898,4.830170767495592e-19
c0,DOP853,wrong_model,2.625,0.18908041848326176,0.16990104658769303,0.13518761307989646,-0.026197840440905132,0.07097863108177467,0.05931003482144394,0.047958420939327645,0.04110721794799513,6.252007061046923e-19
c0,DOP853,wrong_model,2.6500000000000004,0.19085451716678303,0.17138292109953412,0.13452915358329012,-0.02647836216104277,0.07094922224338601,0.05924003008284141,0.047788556530858464,0.040961619883592974,7.915870530302259e-19
c0,DOP853,wrong_model,2.6750000000000003,0.1926278775356499,0.1728630532565637,0.13386372284010234,-0.026755539697527198,0.070919566232736,0.05917064511654606,0.04761936408292514,0.04081659778536441,8.140511208384782e-19
c0,DOP853,wrong_model,2.7,0.19440049343501412,0.17434145845470686,0.13319140448919514,-0.02702937034804512,0.07088966501508048,0.05910187207659411,0.047450841301813214,0.04067214968726847,8.234264660603142e-19
c0,DOP853,wrong_model,2.725,0.19617235875980682,0.17581815189558342,0.1325122822340267,-0.027299851647244834,0.07085952060747185,0.05903370326429344,0.047282985893981104,0.040528273623412374,8.2768305013031195e-19
c0,DOP853,wrong_model,2.75,0.1979434674560247,0.17729314859017015,0.13182643983673747,-0.02756698136569857,0.07082913507796997,0.05896613112662483,0.04711579556604051,0.04038496762803472,8.236294656301453e-19
c0,DOP853,wrong_model,2.7750000000000004,0.19971381352199524,0.17876646336242266,0.13113396111226602,-0.027830757508846483,0.07079851054484343,0.0588991482546417,0.046949268024739976,0.04024222973549141,8.138109042361334e-19
c0,DOP853,wrong_model,2.8000000000000003,0.20148339100962137,0.18023811085285688,0.13043492992249098,-0.028091178315922994,0.07076764917576105,0.05883274738186816,0.0467834009769517,0.04010005798024432,8.032852933084619e-19
c0,DOP853,wrong_model,2.825,0.20325219402560663,0.181708105522091,0.12972943017039962,-0.02834824225886622,0.07073655318697403,0.058766921382695535,0.04661819212966118,0.039958450396852446,7.969101260656524e-19
c0,DOP853,wrong_model,2.85,0.20502021673265952,0.18317646165434717,0.1290175457942834,-0.02860194804121094,0.07070522484248919,0.05870166327077772,0.046453639189959976,0.039817405019965696,7.97350215332611e-19
c0,DOP853,wrong_model,2.875,0.20678745335067716,0.18464319336091295,0.12829936076196147,-0.028852294596965672,0.0706736664532335,0.05863696619742537,0.046289739865041306,0.03967691988432112,8.040166008505724e-19
c0,DOP853,wrong_model,2.9000000000000004,0.20855389815790817,0.18610831458356292,0.12757495906503227,-0.0290992810894745,0.07064188037621051,0.05857282344999933,0.04612649186219858,0.03953699302474164,8.131468401372656e-19
c0,DOP853,wrong_model,2.9250000000000003,0.21031954549209353,0.18757183909793954,0.12684442471315502,-0.02934290691026404,0.07060986901364896,0.05850922845030322,0.04596389288882681,0.03939762247613727,8.192369128856215e-19
c0,DOP853,wrong_model,2.95,0.21208438975158653,0.18903378051689437,0.12610784172836043,-0.02958317167787629,0.07057763481214387,0.05844617475297574,0.04580194065242678,0.03925880627350867,8.180349688893486e-19
c0,DOP853,wrong_model,2.975,0.21384842539645008,0.19049415229378822,0.12536529413939243,-0.02982007523668776,0.07054518026179067,0.058383656043882494,0.04564063286061203,0.03912054245195318,8.11307149483695e-19
c0,DOP853,wrong_model,3.0,0.2156116469495322,0.1919529677257514,0.12461686597608052,-0.030053617655715514,0.0705125078953127,0.058321666138507894,0.045479967221118606,0.03898282904667309,8.106518685141701e-19
c0,DOP853,wrong_model,3.0250000000000004,0.21737404899752472,0.19341023995690562,0.12386264126372744,-0.030283799227410976,0.07047962028718097,0.058260198980346685,0.04531994144181675,0.03884566409298579,8.05760092401543e-19
c0,DOP853,wrong_model,3.0500000000000003,0.21913562619199423,0.1948659819815434,0.12310270401754352,-0.030510620466441207,0.07044652005272929,0.05819924863929626,0.045160553230725986,0.038709045626336556,8.040184358712278e-19
c0,DOP853,wrong_model,3.075,0.22089637325039188,0.1963202066472679,0.12233713823710823,-0.030734082108458786,0.07041320984726326,0.058138809310049284,0.04500180029603238,0.03857297168231347,8.102218005162626e-19
c0,DOP853,wrong_model,3.1,0.22265628495704173,0.19777292665809287,0.12156602790086046,-0.03095418510886063,0.07037969236516371,0.05807887531048706,0.044843680346108396,0.03843744029666434,8.212333750729326e-19
c0,DOP853,wrong_model,3.125,0.2244153561641063,0.19922415457750203,0.12078945696062104,-0.031170930641536337,0.07034597033898522,0.05801944108007378,0.04468619108953505,0.03830244950531576,8.312442019468776e-19
c0,DOP853,wrong_model,3.1500000000000004,0.22617358179252944,0.20067390283146888,0.1200075093361462,-0.031384320097606416,0.07031204653854992,0.0579605011782519,0.044529330235126514,0.038167997344394154,8.353219696110717e-19
c0,DOP853,wrong_model,3.1750000000000003,0.22793095683295692,0.20212218371143573,0.11922026890971218,-0.03159435508415096,0.07027792377003672,0.057902050282838805,0.044373095491957,0.038034081850248855,8.314147081091602e-19
c0,DOP853,wrong_model,3.2,0.22968747634663395,0.20356900937725356,0.11842781952073153,-0.03180103742292919,0.07024360487506673,0.057844083188425065,0.044217484569389856,0.037900701059477016,8.209750648976326e-19
c0,DOP853,wrong_model,3.225,0.2314431354662801,0.20501439186008116,0.11763024496040175,-0.032004369149090314,0.07020909272978469,0.05778659480477434,0.04406249517710898,0.03776785300895056,8.083708382603139e-19
c0,DOP853,wrong_model,3.25,0.23319792939694084,0.20645834306524458,0.11682762896638667,-0.032204352509876244,0.07017439024393723,0.057729580155225384,0.043908125025152324,0.03763553573584485,7.992474455286558e-19
c0,DOP853,wrong_model,3.2750000000000004,0.23495185341681588,0.20790087477505648,0.11602005521753096,-0.03240098996331656,0.07013950035994801,0.057673034375096084,0.0437543718239475,0.03750374727766929,7.980080033413103e-19
c0,DOP853,wrong_model,3.3000000000000003,0.23670490287806387,0.20934199865159542,0.11520760732860855,-0.03259428417691616,0.07010442605199015,0.05761695271009006,0.0436012332843496,0.03737248567229966,8.045766971764643e-19
c0,DOP853,wrong_model,3.325,0.23845707320758391,0.2107817262394454,0.11439036884510513,-0.03278423802633625,0.0700691703250564,0.05756133051470581,0.04344870711768088,0.03724174895801219,8.106111173904208e-19
c0,DOP853,wrong_model,3.35,0.24020835990777542,0.21222006896839618,0.11356842323802649,-0.03297085459406846,0.07003373621402664,0.057506163250648425,0.04329679103577235,0.03711153517351916,8.055950693440121e-19
c0,DOP853,wrong_model,3.375,0.24195875855727533,0.21365703815610443,0.11274185389873914,-0.03315413716810292,0.06999812678273343,0.05745144648524446,0.04314548275100716,0.03698184235800614,8.070955360437286e-19
c0,DOP853,wrong_model,3.4000000000000004,0.24370826481166782,0.21509264501071348,0.11191074413385733,-0.03333408924059115,0.06996234512302699,0.057397175889860215,0.04299477997636619,0.036852668551171024,8.084561611945303e-19
c0,DOP853,wrong_model,3.4250000000000003,0.24545687440417382,0.21652690063343483,0.11107517716015322,-0.033510714506503295,0.06992639435383827,0.05734334723832327,0.04284468042547521,0.03672401179326446,7.758968950341254e-19
c0,DOP853,wrong_model,3.45,0.2472045831463163,0.21795981602109013,0.11023523609950396,-0.033684016862280654,0.06989027762024123,0.05728995640534772,0.042695181812653735,0.036595870125131776,6.697988208527497e-19
c0,DOP853,wrong_model,3.475,0.24895138692856184,0.21939140206861346,0.10939100397387198,-0.03385400040448368,0.06985399809251451,0.0572369993649633,0.04254628185296577,0.03646824158825637,4.653292740582004e-19
c0,DOP853,wrong_model,3.5,0.2506972817209393,0.22082166957151478,0.10854256370031864,-0.03402066942843579,0.06981755896520277,0.05718447218894857,0.042397978262271985,0.03634112422480456,1.6871938560582955e-19
c0,DOP853,wrong_model,3.5250000000000004,0.2524422635736347,0.22225062922830405,0.10768999808605159,-0.03418402842686341,0.06978096345617785,0.057132371045268374,0.04225026875728361,0.03621451607767166,-1.7449373914066903e-19
c0,DOP853,wrong_model,3.5500000000000003,0.25418632861756274,0.22367829164287648,0.10683338982350628,-0.03434408208853259,0.06974421480570031,0.05708069219651577,0.04210315105561783,0.03608841519052956,-4.829479950518042e-19
c0,DOP853,wrong_model,3.575,0.255929473064915,0.2251046673268589,0.10597282148546174,-0.034500835296882436,0.06970731627548139,0.05702943199835873,0.041956622875854645,0.03596281960787541,-6.583481943124192e-19
c0,DOP853,wrong_model,3.6,0.2576716932096844,0.22652976670191727,0.1051083755201912,-0.034654293128655964,0.06967027114774568,0.056978586897991665,0.04181068193759526,0.03583772737508165,-6.23456714873441e-19
c0,DOP853,wrong_model,3.625,0.25941298542816604,0.22795360010202528,0.10424013424664769,-0.03480446085252842,0.06963308272429515,0.05692815343259222,0.04166532596152181,0.035713136538447265,-3.828706692095076e-19
c0,DOP853,wrong_model,3.6500000000000004,0.2611533461794346,0.2293761777756947,0.10336817984968502,-0.03495134392773367,0.0695957543255743,0.05687812822778326,0.04152055266945844,0.03558904514525009,-1.1027338231658484e-19
c0,DOP853,wrong_model,3.6750000000000003,0.26289277200579825,0.2307975098881671,0.10249259437531164,-0.035094948002688656,0.06955828928973695,0.05682850799610048,0.04137635978443374,0.03546545124380035,-8.423102667387245e-20
c0,DOP853,wrong_model,3.7,0.2646312595332323,0.23221760652356857,0.10161345972596875,-0.03523527891361528,0.06952069097171429,0.05677928953546544,0.041232745030744186,0.035342352883495014,-8.527554464942881e-20
c0,DOP853,wrong_model,3.725,0.2663688054717848,0.2336364776870245,0.10073085765586053,-0.03537234268316268,0.06948296274228596,0.056730469727664955,0.041089706134019084,0.0352197481148735,-8.066401588578103e-20
c0,DOP853,wrong_model,3.75,0.2681054066159618,0.23505413330673747,0.09984486976630887,-0.03550614551902759,0.06944510798715296,0.05668204553683633,0.040947240821286535,0.03509763498967417,-7.742885244438715e-20
c0,DOP853,wrong_model,3.7750000000000004,0.2698410598450889,0.2364705832360272,0.09895557750114474,-0.035636693812574144,0.06940713010601325,0.05663401400795907,0.040805346821040464,0.03497601156089183,-8.977945673200912e-20
c0,DOP853,wrong_model,3.8000000000000003,0.27157576212364903,0.23788583725533274,0.09806306214213416,-0.03576399413745327,0.06936903251164019,0.056586372265352944,0.04066402186330882,0.03485487588283613,-1.3297907043355147e-19
c0,DOP853,wrong_model,3.825,0.27330951050159874,0.2392999050741773,0.09716740480443796,-0.035888053248221786,0.06933081862896405,0.05653911751118294,0.04052326367972266,0.03473422601119085,-2.1519021195756395e-19
c0,DOP853,wrong_model,3.85,0.27504230211465996,0.24071279633309578,0.09626868643210612,-0.03600887807896146,0.06929249189415687,0.056492247023971015,0.04038307000358628,0.03461406000307395,-3.3014470526934696e-19
c0,DOP853,wrong_model,3.875,0.2767741341845901,0.24212452060552508,0.09536698779360638,-0.03612647574189835,0.06925405575372076,0.05644575815711492,0.04024343856994826,0.03449437591709851,-4.534943029865978e-19
c0,DOP853,wrong_model,3.9000000000000004,0.278505004019429,0.24353508739965776,0.0944623894773876,-0.0362408535260226,0.06921551366358014,0.056399648337414385,0.040104367115673355,0.0343751718134343,-5.456979066125437e-19
c0,DOP853,wrong_model,3.9250000000000003,0.2802349090137227,0.24494450616025853,0.09355497188747806,-0.036352018895708854,0.06917686908817779,0.05635391506360471,0.03996585337951523,0.0342564457538702,-5.643013867814832e-19
c0,DOP853,wrong_model,3.95,0.28196384664872576,0.24635278627044457,0.09264481523911865,-0.03645997948933778,0.0691381254995753,0.05630855590489804,0.03982789510219001,0.03413819580187715,-4.884660063917127e-19
c0,DOP853,wrong_model,3.975,0.28369181449257996,0.24775993705342916,0.09173199955443136,-0.036564743117918644,0.069099286376558,0.0562635684995325,0.03969049002645052,0.03402042002267188,-3.586014495007318e-19
c0,DOP853,wrong_model,4.0,0.28541881020047105,0.24916596777422925,0.09081660465812287,-0.036666317763713305,0.06906035520374446,0.05621895055332931,0.03955363589716131,0.03390311648328113,-3.1305351713981943e-19
minkowski,DOP853,full,0.0,0.0,0.0,0.0,0.0,0.0,0.0,0.0,0.0,
minkowski,DOP853,full,0.00625,0.0,0.0,0.0,0.0,0.0,0.0,0.0,0.0,
minkowski,DOP853,full,0.0125,0.0,0.0,0.0,0.0,0.0,0.0,0.0,0.0,
minkowski,DOP853,full,0.018750000000000003,0.0,0.0,0.0,0.0,0.0,0.0,0.0,0.0,
minkowski,DOP853,full,0.025,0.0,0.0,0.0,0.0,0.0,0.0,0.0,0.0,
minkowski,DOP853,full,0.03125,0.0,0.0,0.0,0.0,0.0,0.0,0.0,0.0,
minkowski,DOP853,full,0.037500000000000006,0.0,0.0,0.0,0.0,0.0,0.0,0.0,0.0,
minkowski,DOP853,full,0.043750000000000004,0.0,0.0,0.0,0.0,0.0,0.0,0.0,0.0,
minkowski,DOP853,full,0.05,0.0,0.0,0.0,0.0,0.0,0.0,0.0,0.0,
minkowski,DOP853,full,0.05625,0.0,0.0,0.0,0.0,0.0,0.0,0.0,0.0,
minkowski,DOP853,full,0.0625,0.0,0.0,0.0,0.0,0.0,0.0,0.0,0.0,
minkowski,DOP853,full,0.06875,0.0,0.0,0.0,0.0,0.0,0.0,0.0,0.0,
minkowski,DOP853,full,0.07500000000000001,0.0,0.0,0.0,0.0,0.0,0.0,0.0,0.0,
minkowski,DOP853,full,0.08125,0.0,0.0,0.0,0.0,0.0,0.0,0.0,0.0,
minkowski,DOP853,full,0.08750000000000001,0.0,0.0,0.0,0.0,0.0,0.0,0.0,0.0,
minkowski,DOP853,full,0.09375,0.0,0.0,0.0,0.0,0.0,0.0,0.0,0.0,
minkowski,DOP853,full,0.1,0.0,0.0,0.0,0.0,0.0,0.0,0.0,0.0,
minkowski,DOP853,full,0.10625000000000001,0.0,0.0,0.0,0.0,0.0,0.0,0.0,0.0,
minkowski,DOP853,full,0.1125,0.0,0.0,0.0,0.0,0.0,0.0,0.0,0.0,
minkowski,DOP853,full,0.11875000000000001,0.0,0.0,0.0,0.0,0.0,0.0,0.0,0.0,
minkowski,DOP853,full,0.125,0.0,0.0,0.0,0.0,0.0,0.0,0.0,0.0,
minkowski,DOP853,full,0.13125,0.0,0.0,0.0,0.0,0.0,0.0,0.0,0.0,
minkowski,DOP853,full,0.1375,0.0,0.0,0.0,0.0,0.0,0.0,0.0,0.0,
minkowski,DOP853,full,0.14375000000000002,0.0,0.0,0.0,0.0,0.0,0.0,0.0,0.0,
minkowski,DOP853,full,0.15000000000000002,0.0,0.0,0.0,0.0,0.0,0.0,0.0,0.0,
minkowski,DOP853,full,0.15625,0.0,0.0,0.0,0.0,0.0,0.0,0.0,0.0,
minkowski,DOP853,full,0.1625,0.0,0.0,0.0,0.0,0.0,0.0,0.0,0.0,
minkowski,DOP853,full,0.16875,0.0,0.0,0.0,0.0,0.0,0.0,0.0,0.0,
minkowski,DOP853,full,0.17500000000000002,0.0,0.0,0.0,0.0,0.0,0.0,0.0,0.0,
minkowski,DOP853,full,0.18125000000000002,0.0,0.0,0.0,0.0,0.0,0.0,0.0,0.0,
minkowski,DOP853,full,0.1875,0.0,0.0,0.0,0.0,0.0,0.0,0.0,0.0,
minkowski,DOP853,full,0.19375,0.0,0.0,0.0,0.0,0.0,0.0,0.0,0.0,
minkowski,DOP853,full,0.2,0.0,0.0,0.0,0.0,0.0,0.0,0.0,0.0,
minkowski,DOP853,full,0.20625000000000002,0.0,0.0,0.0,0.0,0.0,0.0,0.0,0.0,
minkowski,DOP853,full,0.21250000000000002,0.0,0.0,0.0,0.0,0.0,0.0,0.0,0.0,
minkowski,DOP853,full,0.21875,0.0,0.0,0.0,0.0,0.0,0.0,0.0,0.0,
minkowski,DOP853,full,0.225,0.0,0.0,0.0,0.0,0.0,0.0,0.0,0.0,
minkowski,DOP853,full,0.23125,0.0,0.0,0.0,0.0,0.0,0.0,0.0,0.0,
minkowski,DOP853,full,0.23750000000000002,0.0,0.0,0.0,0.0,0.0,0.0,0.0,0.0,
minkowski,DOP853,full,0.24375000000000002,0.0,0.0,0.0,0.0,0.0,0.0,0.0,0.0,
minkowski,DOP853,full,0.25,0.0,0.0,0.0,0.0,0.0,0.0,0.0,0.0,
minkowski,DOP853,full,0.25625000000000003,0.0,0.0,0.0,0.0,0.0,0.0,0.0,0.0,
minkowski,DOP853,full,0.2625,0.0,0.0,0.0,0.0,0.0,0.0,0.0,0.0,
minkowski,DOP853,full,0.26875,0.0,0.0,0.0,0.0,0.0,0.0,0.0,0.0,
minkowski,DOP853,full,0.275,0.0,0.0,0.0,0.0,0.0,0.0,0.0,0.0,
minkowski,DOP853,full,0.28125,0.0,0.0,0.0,0.0,0.0,0.0,0.0,0.0,
minkowski,DOP853,full,0.28750000000000003,0.0,0.0,0.0,0.0,0.0,0.0,0.0,0.0,
minkowski,DOP853,full,0.29375,0.0,0.0,0.0,0.0,0.0,0.0,0.0,0.0,
minkowski,DOP853,full,0.30000000000000004,0.0,0.0,0.0,0.0,0.0,0.0,0.0,0.0,
minkowski,DOP853,full,0.30625,0.0,0.0,0.0,0.0,0.0,0.0,0.0,0.0,
minkowski,DOP853,full,0.3125,0.0,0.0,0.0,0.0,0.0,0.0,0.0,0.0,
minkowski,DOP853,full,0.31875000000000003,0.0,0.0,0.0,0.0,0.0,0.0,0.0,0.0,
minkowski,DOP853,full,0.325,0.0,0.0,0.0,0.0,0.0,0.0,0.0,0.0,
minkowski,DOP853,full,0.33125000000000004,0.0,0.0,0.0,0.0,0.0,0.0,0.0,0.0,
minkowski,DOP853,full,0.3375,0.0,0.0,0.0,0.0,0.0,0.0,0.0,0.0,
minkowski,DOP853,full,0.34375,0.0,0.0,0.0,0.0,0.0,0.0,0.0,0.0,
minkowski,DOP853,full,0.35000000000000003,0.0,0.0,0.0,0.0,0.0,0.0,0.0,0.0,
minkowski,DOP853,full,0.35625,0.0,0.0,0.0,0.0,0.0,0.0,0.0,0.0,
minkowski,DOP853,full,0.36250000000000004,0.0,0.0,0.0,0.0,0.0,0.0,0.0,0.0,
minkowski,DOP853,full,0.36875,0.0,0.0,0.0,0.0,0.0,0.0,0.0,0.0,
minkowski,DOP853,full,0.375,0.0,0.0,0.0,0.0,0.0,0.0,0.0,0.0,
minkowski,DOP853,full,0.38125000000000003,0.0,0.0,0.0,0.0,0.0,0.0,0.0,0.0,
minkowski,DOP853,full,0.3875,0.0,0.0,0.0,0.0,0.0,0.0,0.0,0.0,
minkowski,DOP853,full,0.39375000000000004,0.0,0.0,0.0,0.0,0.0,0.0,0.0,0.0,
minkowski,DOP853,full,0.4,0.0,0.0,0.0,0.0,0.0,0.0,0.0,0.0,
minkowski,DOP853,full,0.40625,0.0,0.0,0.0,0.0,0.0,0.0,0.0,0.0,
minkowski,DOP853,full,0.41250000000000003,0.0,0.0,0.0,0.0,0.0,0.0,0.0,0.0,
minkowski,DOP853,full,0.41875,0.0,0.0,0.0,0.0,0.0,0.0,0.0,0.0,
minkowski,DOP853,full,0.42500000000000004,0.0,0.0,0.0,0.0,0.0,0.0,0.0,0.0,
minkowski,DOP853,full,0.43125,0.0,0.0,0.0,0.0,0.0,0.0,0.0,0.0,
minkowski,DOP853,full,0.4375,0.0,0.0,0.0,0.0,0.0,0.0,0.0,0.0,
minkowski,DOP853,full,0.44375000000000003,0.0,0.0,0.0,0.0,0.0,0.0,0.0,0.0,
minkowski,DOP853,full,0.45,0.0,0.0,0.0,0.0,0.0,0.0,0.0,0.0,
minkowski,DOP853,full,0.45625000000000004,0.0,0.0,0.0,0.0,0.0,0.0,0.0,0.0,
minkowski,DOP853,full,0.4625,0.0,0.0,0.0,0.0,0.0,0.0,0.0,0.0,
minkowski,DOP853,full,0.46875,0.0,0.0,0.0,0.0,0.0,0.0,0.0,0.0,
minkowski,DOP853,full,0.47500000000000003,0.0,0.0,0.0,0.0,0.0,0.0,0.0,0.0,
minkowski,DOP853,full,0.48125,0.0,0.0,0.0,0.0,0.0,0.0,0.0,0.0,
minkowski,DOP853,full,0.48750000000000004,0.0,0.0,0.0,0.0,0.0,0.0,0.0,0.0,
minkowski,DOP853,full,0.49375,0.0,0.0,0.0,0.0,0.0,0.0,0.0,0.0,
minkowski,DOP853,full,0.5,0.0,0.0,0.0,0.0,0.0,0.0,0.0,0.0,
minkowski,DOP853,full,0.50625,0.0,0.0,0.0,0.0,0.0,0.0,0.0,0.0,
minkowski,DOP853,full,0.5125000000000001,0.0,0.0,0.0,0.0,0.0,0.0,0.0,0.0,
minkowski,DOP853,full,0.51875,0.0,0.0,0.0,0.0,0.0,0.0,0.0,0.0,
minkowski,DOP853,full,0.525,0.0,0.0,0.0,0.0,0.0,0.0,0.0,0.0,
minkowski,DOP853,full,0.53125,0.0,0.0,0.0,0.0,0.0,0.0,0.0,0.0,
minkowski,DOP853,full,0.5375,0.0,0.0,0.0,0.0,0.0,0.0,0.0,0.0,
minkowski,DOP853,full,0.5437500000000001,0.0,0.0,0.0,0.0,0.0,0.0,0.0,0.0,
minkowski,DOP853,full,0.55,0.0,0.0,0.0,0.0,0.0,0.0,0.0,0.0,
minkowski,DOP853,full,0.55625,0.0,0.0,0.0,0.0,0.0,0.0,0.0,0.0,
minkowski,DOP853,full,0.5625,0.0,0.0,0.0,0.0,0.0,0.0,0.0,0.0,
minkowski,DOP853,full,0.56875,0.0,0.0,0.0,0.0,0.0,0.0,0.0,0.0,
minkowski,DOP853,full,0.5750000000000001,0.0,0.0,0.0,0.0,0.0,0.0,0.0,0.0,
minkowski,DOP853,full,0.58125,0.0,0.0,0.0,0.0,0.0,0.0,0.0,0.0,
minkowski,DOP853,full,0.5875,0.0,0.0,0.0,0.0,0.0,0.0,0.0,0.0,
minkowski,DOP853,full,0.59375,0.0,0.0,0.0,0.0,0.0,0.0,0.0,0.0,
minkowski,DOP853,full,0.6000000000000001,0.0,0.0,0.0,0.0,0.0,0.0,0.0,0.0,
minkowski,DOP853,full,0.6062500000000001,0.0,0.0,0.0,0.0,0.0,0.0,0.0,0.0,
minkowski,DOP853,full,0.6125,0.0,0.0,0.0,0.0,0.0,0.0,0.0,0.0,
minkowski,DOP853,full,0.61875,0.0,0.0,0.0,0.0,0.0,0.0,0.0,0.0,
minkowski,DOP853,full,0.625,0.0,0.0,0.0,0.0,0.0,0.0,0.0,0.0,
minkowski,DOP853,full,0.6312500000000001,0.0,0.0,0.0,0.0,0.0,0.0,0.0,0.0,
minkowski,DOP853,full,0.6375000000000001,0.0,0.0,0.0,0.0,0.0,0.0,0.0,0.0,
minkowski,DOP853,full,0.64375,0.0,0.0,0.0,0.0,0.0,0.0,0.0,0.0,
minkowski,DOP853,full,0.65,0.0,0.0,0.0,0.0,0.0,0.0,0.0,0.0,
minkowski,DOP853,full,0.65625,0.0,0.0,0.0,0.0,0.0,0.0,0.0,0.0,
minkowski,DOP853,full,0.6625000000000001,0.0,0.0,0.0,0.0,0.0,0.0,0.0,0.0,
minkowski,DOP853,full,0.6687500000000001,0.0,0.0,0.0,0.0,0.0,0.0,0.0,0.0,
minkowski,DOP853,full,0.675,0.0,0.0,0.0,0.0,0.0,0.0,0.0,0.0,
minkowski,DOP853,full,0.68125,0.0,0.0,0.0,0.0,0.0,0.0,0.0,0.0,
minkowski,DOP853,full,0.6875,0.0,0.0,0.0,0.0,0.0,0.0,0.0,0.0,
minkowski,DOP853,full,0.6937500000000001,0.0,0.0,0.0,0.0,0.0,0.0,0.0,0.0,
minkowski,DOP853,full,0.7000000000000001,0.0,0.0,0.0,0.0,0.0,0.0,0.0,0.0,
minkowski,DOP853,full,0.70625,0.0,0.0,0.0,0.0,0.0,0.0,0.0,0.0,
minkowski,DOP853,full,0.7125,0.0,0.0,0.0,0.0,0.0,0.0,0.0,0.0,
minkowski,DOP853,full,0.71875,0.0,0.0,0.0,0.0,0.0,0.0,0.0,0.0,
minkowski,DOP853,full,0.7250000000000001,0.0,0.0,0.0,0.0,0.0,0.0,0.0,0.0,
minkowski,DOP853,full,0.7312500000000001,0.0,0.0,0.0,0.0,0.0,0.0,0.0,0.0,
minkowski,DOP853,full,0.7375,0.0,0.0,0.0,0.0,0.0,0.0,0.0,0.0,
minkowski,DOP853,full,0.74375,0.0,0.0,0.0,0.0,0.0,0.0,0.0,0.0,
minkowski,DOP853,full,0.75,0.0,0.0,0.0,0.0,0.0,0.0,0.0,0.0,
minkowski,DOP853,full,0.7562500000000001,0.0,0.0,0.0,0.0,0.0,0.0,0.0,0.0,
minkowski,DOP853,full,0.7625000000000001,0.0,0.0,0.0,0.0,0.0,0.0,0.0,0.0,
minkowski,DOP853,full,0.76875,0.0,0.0,0.0,0.0,0.0,0.0,0.0,0.0,
minkowski,DOP853,full,0.775,0.0,0.0,0.0,0.0,0.0,0.0,0.0,0.0,
minkowski,DOP853,full,0.78125,0.0,0.0,0.0,0.0,0.0,0.0,0.0,0.0,
minkowski,DOP853,full,0.7875000000000001,0.0,0.0,0.0,0.0,0.0,0.0,0.0,0.0,
minkowski,DOP853,full,0.7937500000000001,0.0,0.0,0.0,0.0,0.0,0.0,0.0,0.0,
minkowski,DOP853,full,0.8,0.0,0.0,0.0,0.0,0.0,0.0,0.0,0.0,
minkowski,DOP853,full,0.80625,0.0,0.0,0.0,0.0,0.0,0.0,0.0,0.0,
minkowski,DOP853,full,0.8125,0.0,0.0,0.0,0.0,0.0,0.0,0.0,0.0,
minkowski,DOP853,full,0.8187500000000001,0.0,0.0,0.0,0.0,0.0,0.0,0.0,0.0,
minkowski,DOP853,full,0.8250000000000001,0.0,0.0,0.0,0.0,0.0,0.0,0.0,0.0,
minkowski,DOP853,full,0.83125,0.0,0.0,0.0,0.0,0.0,0.0,0.0,0.0,
minkowski,DOP853,full,0.8375,0.0,0.0,0.0,0.0,0.0,0.0,0.0,0.0,
minkowski,DOP853,full,0.84375,0.0,0.0,0.0,0.0,0.0,0.0,0.0,0.0,
minkowski,DOP853,full,0.8500000000000001,0.0,0.0,0.0,0.0,0.0,0.0,0.0,0.0,
minkowski,DOP853,full,0.8562500000000001,0.0,0.0,0.0,0.0,0.0,0.0,0.0,0.0,
minkowski,DOP853,full,0.8625,0.0,0.0,0.0,0.0,0.0,0.0,0.0,0.0,
minkowski,DOP853,full,0.86875,0.0,0.0,0.0,0.0,0.0,0.0,0.0,0.0,
minkowski,DOP853,full,0.875,0.0,0.0,0.0,0.0,0.0,0.0,0.0,0.0,
minkowski,DOP853,full,0.8812500000000001,0.0,0.0,0.0,0.0,0.0,0.0,0.0,0.0,
minkowski,DOP853,full,0.8875000000000001,0.0,0.0,0.0,0.0,0.0,0.0,0.0,0.0,
minkowski,DOP853,full,0.89375,0.0,0.0,0.0,0.0,0.0,0.0,0.0,0.0,
minkowski,DOP853,full,0.9,0.0,0.0,0.0,0.0,0.0,0.0,0.0,0.0,
minkowski,DOP853,full,0.90625,0.0,0.0,0.0,0.0,0.0,0.0,0.0,0.0,
minkowski,DOP853,full,0.9125000000000001,0.0,0.0,0.0,0.0,0.0,0.0,0.0,0.0,
minkowski,DOP853,full,0.9187500000000001,0.0,0.0,0.0,0.0,0.0,0.0,0.0,0.0,
minkowski,DOP853,full,0.925,0.0,0.0,0.0,0.0,0.0,0.0,0.0,0.0,
minkowski,DOP853,full,0.93125,0.0,0.0,0.0,0.0,0.0,0.0,0.0,0.0,
minkowski,DOP853,full,0.9375,0.0,0.0,0.0,0.0,0.0,0.0,0.0,0.0,
minkowski,DOP853,full,0.9437500000000001,0.0,0.0,0.0,0.0,0.0,0.0,0.0,0.0,
minkowski,DOP853,full,0.9500000000000001,0.0,0.0,0.0,0.0,0.0,0.0,0.0,0.0,
minkowski,DOP853,full,0.95625,0.0,0.0,0.0,0.0,0.0,0.0,0.0,0.0,
minkowski,DOP853,full,0.9625,0.0,0.0,0.0,0.0,0.0,0.0,0.0,0.0,
minkowski,DOP853,full,0.96875,0.0,0.0,0.0,0.0,0.0,0.0,0.0,0.0,
minkowski,DOP853,full,0.9750000000000001,0.0,0.0,0.0,0.0,0.0,0.0,0.0,0.0,
minkowski,DOP853,full,0.9812500000000001,0.0,0.0,0.0,0.0,0.0,0.0,0.0,0.0,
minkowski,DOP853,full,0.9875,0.0,0.0,0.0,0.0,0.0,0.0,0.0,0.0,
minkowski,DOP853,full,0.99375,0.0,0.0,0.0,0.0,0.0,0.0,0.0,0.0,
minkowski,DOP853,full,1.0,0.0,0.0,0.0,0.0,0.0,0.0,0.0,0.0,
minkowski,DOP853,reduced_flux_recovered,0.0,0.0,0.0,0.0,0.0,0.0,0.0,0.0,0.0,
minkowski,DOP853,reduced_flux_recovered,0.00625,0.0,0.0,0.0,0.0,0.0,0.0,0.0,0.0,
minkowski,DOP853,reduced_flux_recovered,0.0125,0.0,0.0,0.0,0.0,0.0,0.0,0.0,0.0,
minkowski,DOP853,reduced_flux_recovered,0.018750000000000003,0.0,0.0,0.0,0.0,0.0,0.0,0.0,0.0,
minkowski,DOP853,reduced_flux_recovered,0.025,0.0,0.0,0.0,0.0,0.0,0.0,0.0,0.0,
minkowski,DOP853,reduced_flux_recovered,0.03125,0.0,0.0,0.0,0.0,0.0,0.0,0.0,0.0,
minkowski,DOP853,reduced_flux_recovered,0.037500000000000006,0.0,0.0,0.0,0.0,0.0,0.0,0.0,0.0,
minkowski,DOP853,reduced_flux_recovered,0.043750000000000004,0.0,0.0,0.0,0.0,0.0,0.0,0.0,0.0,
minkowski,DOP853,reduced_flux_recovered,0.05,0.0,0.0,0.0,0.0,0.0,0.0,0.0,0.0,
minkowski,DOP853,reduced_flux_recovered,0.05625,0.0,0.0,0.0,0.0,0.0,0.0,0.0,0.0,
minkowski,DOP853,reduced_flux_recovered,0.0625,0.0,0.0,0.0,0.0,0.0,0.0,0.0,0.0,
minkowski,DOP853,reduced_flux_recovered,0.06875,0.0,0.0,0.0,0.0,0.0,0.0,0.0,0.0,
minkowski,DOP853,reduced_flux_recovered,0.07500000000000001,0.0,0.0,0.0,0.0,0.0,0.0,0.0,0.0,
minkowski,DOP853,reduced_flux_recovered,0.08125,0.0,0.0,0.0,0.0,0.0,0.0,0.0,0.0,
minkowski,DOP853,reduced_flux_recovered,0.08750000000000001,0.0,0.0,0.0,0.0,0.0,0.0,0.0,0.0,
minkowski,DOP853,reduced_flux_recovered,0.09375,0.0,0.0,0.0,0.0,0.0,0.0,0.0,0.0,
minkowski,DOP853,reduced_flux_recovered,0.1,0.0,0.0,0.0,0.0,0.0,0.0,0.0,0.0,
minkowski,DOP853,reduced_flux_recovered,0.10625000000000001,0.0,0.0,0.0,0.0,0.0,0.0,0.0,0.0,
minkowski,DOP853,reduced_flux_recovered,0.1125,0.0,0.0,0.0,0.0,0.0,0.0,0.0,0.0,
minkowski,DOP853,reduced_flux_recovered,0.11875000000000001,0.0,0.0,0.0,0.0,0.0,0.0,0.0,0.0,
minkowski,DOP853,reduced_flux_recovered,0.125,0.0,0.0,0.0,0.0,0.0,0.0,0.0,0.0,
minkowski,DOP853,reduced_flux_recovered,0.13125,0.0,0.0,0.0,0.0,0.0,0.0,0.0,0.0,
minkowski,DOP853,reduced_flux_recovered,0.1375,0.0,0.0,0.0,0.0,0.0,0.0,0.0,0.0,
minkowski,DOP853,reduced_flux_recovered,0.14375000000000002,0.0,0.0,0.0,0.0,0.0,0.0,0.0,0.0,
minkowski,DOP853,reduced_flux_recovered,0.15000000000000002,0.0,0.0,0.0,0.0,0.0,0.0,0.0,0.0,
minkowski,DOP853,reduced_flux_recovered,0.15625,0.0,0.0,0.0,0.0,0.0,0.0,0.0,0.0,
minkowski,DOP853,reduced_flux_recovered,0.1625,0.0,0.0,0.0,0.0,0.0,0.0,0.0,0.0,
minkowski,DOP853,reduced_flux_recovered,0.16875,0.0,0.0,0.0,0.0,0.0,0.0,0.0,0.0,
minkowski,DOP853,reduced_flux_recovered,0.17500000000000002,0.0,0.0,0.0,0.0,0.0,0.0,0.0,0.0,
minkowski,DOP853,reduced_flux_recovered,0.18125000000000002,0.0,0.0,0.0,0.0,0.0,0.0,0.0,0.0,
minkowski,DOP853,reduced_flux_recovered,0.1875,0.0,0.0,0.0,0.0,0.0,0.0,0.0,0.0,
minkowski,DOP853,reduced_flux_recovered,0.19375,0.0,0.0,0.0,0.0,0.0,0.0,0.0,0.0,
minkowski,DOP853,reduced_flux_recovered,0.2,0.0,0.0,0.0,0.0,0.0,0.0,0.0,0.0,
minkowski,DOP853,reduced_flux_recovered,0.20625000000000002,0.0,0.0,0.0,0.0,0.0,0.0,0.0,0.0,
minkowski,DOP853,reduced_flux_recovered,0.21250000000000002,0.0,0.0,0.0,0.0,0.0,0.0,0.0,0.0,
minkowski,DOP853,reduced_flux_recovered,0.21875,0.0,0.0,0.0,0.0,0.0,0.0,0.0,0.0,
minkowski,DOP853,reduced_flux_recovered,0.225,0.0,0.0,0.0,0.0,0.0,0.0,0.0,0.0,
minkowski,DOP853,reduced_flux_recovered,0.23125,0.0,0.0,0.0,0.0,0.0,0.0,0.0,0.0,
minkowski,DOP853,reduced_flux_recovered,0.23750000000000002,0.0,0.0,0.0,0.0,0.0,0.0,0.0,0.0,
minkowski,DOP853,reduced_flux_recovered,0.24375000000000002,0.0,0.0,0.0,0.0,0.0,0.0,0.0,0.0,
minkowski,DOP853,reduced_flux_recovered,0.25,0.0,0.0,0.0,0.0,0.0,0.0,0.0,0.0,
minkowski,DOP853,reduced_flux_recovered,0.25625000000000003,0.0,0.0,0.0,0.0,0.0,0.0,0.0,0.0,
minkowski,DOP853,reduced_flux_recovered,0.2625,0.0,0.0,0.0,0.0,0.0,0.0,0.0,0.0,
minkowski,DOP853,reduced_flux_recovered,0.26875,0.0,0.0,0.0,0.0,0.0,0.0,0.0,0.0,
minkowski,DOP853,reduced_flux_recovered,0.275,0.0,0.0,0.0,0.0,0.0,0.0,0.0,0.0,
minkowski,DOP853,reduced_flux_recovered,0.28125,0.0,0.0,0.0,0.0,0.0,0.0,0.0,0.0,
minkowski,DOP853,reduced_flux_recovered,0.28750000000000003,0.0,0.0,0.0,0.0,0.0,0.0,0.0,0.0,
minkowski,DOP853,reduced_flux_recovered,0.29375,0.0,0.0,0.0,0.0,0.0,0.0,0.0,0.0,
minkowski,DOP853,reduced_flux_recovered,0.30000000000000004,0.0,0.0,0.0,0.0,0.0,0.0,0.0,0.0,
minkowski,DOP853,reduced_flux_recovered,0.30625,0.0,0.0,0.0,0.0,0.0,0.0,0.0,0.0,
minkowski,DOP853,reduced_flux_recovered,0.3125,0.0,0.0,0.0,0.0,0.0,0.0,0.0,0.0,
minkowski,DOP853,reduced_flux_recovered,0.31875000000000003,0.0,0.0,0.0,0.0,0.0,0.0,0.0,0.0,
minkowski,DOP853,reduced_flux_recovered,0.325,0.0,0.0,0.0,0.0,0.0,0.0,0.0,0.0,
minkowski,DOP853,reduced_flux_recovered,0.33125000000000004,0.0,0.0,0.0,0.0,0.0,0.0,0.0,0.0,
minkowski,DOP853,reduced_flux_recovered,0.3375,0.0,0.0,0.0,0.0,0.0,0.0,0.0,0.0,
minkowski,DOP853,reduced_flux_recovered,0.34375,0.0,0.0,0.0,0.0,0.0,0.0,0.0,0.0,
minkowski,DOP853,reduced_flux_recovered,0.35000000000000003,0.0,0.0,0.0,0.0,0.0,0.0,0.0,0.0,
minkowski,DOP853,reduced_flux_recovered,0.35625,0.0,0.0,0.0,0.0,0.0,0.0,0.0,0.0,
minkowski,DOP853,reduced_flux_recovered,0.36250000000000004,0.0,0.0,0.0,0.0,0.0,0.0,0.0,0.0,
minkowski,DOP853,reduced_flux_recovered,0.36875,0.0,0.0,0.0,0.0,0.0,0.0,0.0,0.0,
minkowski,DOP853,reduced_flux_recovered,0.375,0.0,0.0,0.0,0.0,0.0,0.0,0.0,0.0,
minkowski,DOP853,reduced_flux_recovered,0.38125000000000003,0.0,0.0,0.0,0.0,0.0,0.0,0.0,0.0,
minkowski,DOP853,reduced_flux_recovered,0.3875,0.0,0.0,0.0,0.0,0.0,0.0,0.0,0.0,
minkowski,DOP853,reduced_flux_recovered,0.39375000000000004,0.0,0.0,0.0,0.0,0.0,0.0,0.0,0.0,
minkowski,DOP853,reduced_flux_recovered,0.4,0.0,0.0,0.0,0.0,0.0,0.0,0.0,0.0,
minkowski,DOP853,reduced_flux_recovered,0.40625,0.0,0.0,0.0,0.0,0.0,0.0,0.0,0.0,
minkowski,DOP853,reduced_flux_recovered,0.41250000000000003,0.0,0.0,0.0,0.0,0.0,0.0,0.0,0.0,
minkowski,DOP853,reduced_flux_recovered,0.41875,0.0,0.0,0.0,0.0,0.0,0.0,0.0,0.0,
minkowski,DOP853,reduced_flux_recovered,0.42500000000000004,0.0,0.0,0.0,0.0,0.0,0.0,0.0,0.0,
minkowski,DOP853,reduced_flux_recovered,0.43125,0.0,0.0,0.0,0.0,0.0,0.0,0.0,0.0,
minkowski,DOP853,reduced_flux_recovered,0.4375,0.0,0.0,0.0,0.0,0.0,0.0,0.0,0.0,
minkowski,DOP853,reduced_flux_recovered,0.44375000000000003,0.0,0.0,0.0,0.0,0.0,0.0,0.0,0.0,
minkowski,DOP853,reduced_flux_recovered,0.45,0.0,0.0,0.0,0.0,0.0,0.0,0.0,0.0,
minkowski,DOP853,reduced_flux_recovered,0.45625000000000004,0.0,0.0,0.0,0.0,0.0,0.0,0.0,0.0,
minkowski,DOP853,reduced_flux_recovered,0.4625,0.0,0.0,0.0,0.0,0.0,0.0,0.0,0.0,
minkowski,DOP853,reduced_flux_recovered,0.46875,0.0,0.0,0.0,0.0,0.0,0.0,0.0,0.0,
minkowski,DOP853,reduced_flux_recovered,0.47500000000000003,0.0,0.0,0.0,0.0,0.0,0.0,0.0,0.0,
minkowski,DOP853,reduced_flux_recovered,0.48125,0.0,0.0,0.0,0.0,0.0,0.0,0.0,0.0,
minkowski,DOP853,reduced_flux_recovered,0.48750000000000004,0.0,0.0,0.0,0.0,0.0,0.0,0.0,0.0,
minkowski,DOP853,reduced_flux_recovered,0.49375,0.0,0.0,0.0,0.0,0.0,0.0,0.0,0.0,
minkowski,DOP853,reduced_flux_recovered,0.5,0.0,0.0,0.0,0.0,0.0,0.0,0.0,0.0,
minkowski,DOP853,reduced_flux_recovered,0.50625,0.0,0.0,0.0,0.0,0.0,0.0,0.0,0.0,
minkowski,DOP853,reduced_flux_recovered,0.5125000000000001,0.0,0.0,0.0,0.0,0.0,0.0,0.0,0.0,
minkowski,DOP853,reduced_flux_recovered,0.51875,0.0,0.0,0.0,0.0,0.0,0.0,0.0,0.0,
minkowski,DOP853,reduced_flux_recovered,0.525,0.0,0.0,0.0,0.0,0.0,0.0,0.0,0.0,
minkowski,DOP853,reduced_flux_recovered,0.53125,0.0,0.0,0.0,0.0,0.0,0.0,0.0,0.0,
minkowski,DOP853,reduced_flux_recovered,0.5375,0.0,0.0,0.0,0.0,0.0,0.0,0.0,0.0,
minkowski,DOP853,reduced_flux_recovered,0.5437500000000001,0.0,0.0,0.0,0.0,0.0,0.0,0.0,0.0,
minkowski,DOP853,reduced_flux_recovered,0.55,0.0,0.0,0.0,0.0,0.0,0.0,0.0,0.0,
minkowski,DOP853,reduced_flux_recovered,0.55625,0.0,0.0,0.0,0.0,0.0,0.0,0.0,0.0,
minkowski,DOP853,reduced_flux_recovered,0.5625,0.0,0.0,0.0,0.0,0.0,0.0,0.0,0.0,
minkowski,DOP853,reduced_flux_recovered,0.56875,0.0,0.0,0.0,0.0,0.0,0.0,0.0,0.0,
minkowski,DOP853,reduced_flux_recovered,0.5750000000000001,0.0,0.0,0.0,0.0,0.0,0.0,0.0,0.0,
minkowski,DOP853,reduced_flux_recovered,0.58125,0.0,0.0,0.0,0.0,0.0,0.0,0.0,0.0,
minkowski,DOP853,reduced_flux_recovered,0.5875,0.0,0.0,0.0,0.0,0.0,0.0,0.0,0.0,
minkowski,DOP853,reduced_flux_recovered,0.59375,0.0,0.0,0.0,0.0,0.0,0.0,0.0,0.0,
minkowski,DOP853,reduced_flux_recovered,0.6000000000000001,0.0,0.0,0.0,0.0,0.0,0.0,0.0,0.0,
minkowski,DOP853,reduced_flux_recovered,0.6062500000000001,0.0,0.0,0.0,0.0,0.0,0.0,0.0,0.0,
minkowski,DOP853,reduced_flux_recovered,0.6125,0.0,0.0,0.0,0.0,0.0,0.0,0.0,0.0,
minkowski,DOP853,reduced_flux_recovered,0.61875,0.0,0.0,0.0,0.0,0.0,0.0,0.0,0.0,
minkowski,DOP853,reduced_flux_recovered,0.625,0.0,0.0,0.0,0.0,0.0,0.0,0.0,0.0,
minkowski,DOP853,reduced_flux_recovered,0.6312500000000001,0.0,0.0,0.0,0.0,0.0,0.0,0.0,0.0,
minkowski,DOP853,reduced_flux_recovered,0.6375000000000001,0.0,0.0,0.0,0.0,0.0,0.0,0.0,0.0,
minkowski,DOP853,reduced_flux_recovered,0.64375,0.0,0.0,0.0,0.0,0.0,0.0,0.0,0.0,
minkowski,DOP853,reduced_flux_recovered,0.65,0.0,0.0,0.0,0.0,0.0,0.0,0.0,0.0,
minkowski,DOP853,reduced_flux_recovered,0.65625,0.0,0.0,0.0,0.0,0.0,0.0,0.0,0.0,
minkowski,DOP853,reduced_flux_recovered,0.6625000000000001,0.0,0.0,0.0,0.0,0.0,0.0,0.0,0.0,
minkowski,DOP853,reduced_flux_recovered,0.6687500000000001,0.0,0.0,0.0,0.0,0.0,0.0,0.0,0.0,
minkowski,DOP853,reduced_flux_recovered,0.675,0.0,0.0,0.0,0.0,0.0,0.0,0.0,0.0,
minkowski,DOP853,reduced_flux_recovered,0.68125,0.0,0.0,0.0,0.0,0.0,0.0,0.0,0.0,
minkowski,DOP853,reduced_flux_recovered,0.6875,0.0,0.0,0.0,0.0,0.0,0.0,0.0,0.0,
minkowski,DOP853,reduced_flux_recovered,0.6937500000000001,0.0,0.0,0.0,0.0,0.0,0.0,0.0,0.0,
minkowski,DOP853,reduced_flux_recovered,0.7000000000000001,0.0,0.0,0.0,0.0,0.0,0.0,0.0,0.0,
minkowski,DOP853,reduced_flux_recovered,0.70625,0.0,0.0,0.0,0.0,0.0,0.0,0.0,0.0,
minkowski,DOP853,reduced_flux_recovered,0.7125,0.0,0.0,0.0,0.0,0.0,0.0,0.0,0.0,
minkowski,DOP853,reduced_flux_recovered,0.71875,0.0,0.0,0.0,0.0,0.0,0.0,0.0,0.0,
minkowski,DOP853,reduced_flux_recovered,0.7250000000000001,0.0,0.0,0.0,0.0,0.0,0.0,0.0,0.0,
minkowski,DOP853,reduced_flux_recovered,0.7312500000000001,0.0,0.0,0.0,0.0,0.0,0.0,0.0,0.0,
minkowski,DOP853,reduced_flux_recovered,0.7375,0.0,0.0,0.0,0.0,0.0,0.0,0.0,0.0,
minkowski,DOP853,reduced_flux_recovered,0.74375,0.0,0.0,0.0,0.0,0.0,0.0,0.0,0.0,
minkowski,DOP853,reduced_flux_recovered,0.75,0.0,0.0,0.0,0.0,0.0,0.0,0.0,0.0,
minkowski,DOP853,reduced_flux_recovered,0.7562500000000001,0.0,0.0,0.0,0.0,0.0,0.0,0.0,0.0,
minkowski,DOP853,reduced_flux_recovered,0.7625000000000001,0.0,0.0,0.0,0.0,0.0,0.0,0.0,0.0,
minkowski,DOP853,reduced_flux_recovered,0.76875,0.0,0.0,0.0,0.0,0.0,0.0,0.0,0.0,
minkowski,DOP853,reduced_flux_recovered,0.775,0.0,0.0,0.0,0.0,0.0,0.0,0.0,0.0,
minkowski,DOP853,reduced_flux_recovered,0.78125,0.0,0.0,0.0,0.0,0.0,0.0,0.0,0.0,
minkowski,DOP853,reduced_flux_recovered,0.7875000000000001,0.0,0.0,0.0,0.0,0.0,0.0,0.0,0.0,
minkowski,DOP853,reduced_flux_recovered,0.7937500000000001,0.0,0.0,0.0,0.0,0.0,0.0,0.0,0.0,
minkowski,DOP853,reduced_flux_recovered,0.8,0.0,0.0,0.0,0.0,0.0,0.0,0.0,0.0,
minkowski,DOP853,reduced_flux_recovered,0.80625,0.0,0.0,0.0,0.0,0.0,0.0,0.0,0.0,
minkowski,DOP853,reduced_flux_recovered,0.8125,0.0,0.0,0.0,0.0,0.0,0.0,0.0,0.0,
minkowski,DOP853,reduced_flux_recovered,0.8187500000000001,0.0,0.0,0.0,0.0,0.0,0.0,0.0,0.0,
minkowski,DOP853,reduced_flux_recovered,0.8250000000000001,0.0,0.0,0.0,0.0,0.0,0.0,0.0,0.0,
minkowski,DOP853,reduced_flux_recovered,0.83125,0.0,0.0,0.0,0.0,0.0,0.0,0.0,0.0,
minkowski,DOP853,reduced_flux_recovered,0.8375,0.0,0.0,0.0,0.0,0.0,0.0,0.0,0.0,
minkowski,DOP853,reduced_flux_recovered,0.84375,0.0,0.0,0.0,0.0,0.0,0.0,0.0,0.0,
minkowski,DOP853,reduced_flux_recovered,0.8500000000000001,0.0,0.0,0.0,0.0,0.0,0.0,0.0,0.0,
minkowski,DOP853,reduced_flux_recovered,0.8562500000000001,0.0,0.0,0.0,0.0,0.0,0.0,0.0,0.0,
minkowski,DOP853,reduced_flux_recovered,0.8625,0.0,0.0,0.0,0.0,0.0,0.0,0.0,0.0,
minkowski,DOP853,reduced_flux_recovered,0.86875,0.0,0.0,0.0,0.0,0.0,0.0,0.0,0.0,
minkowski,DOP853,reduced_flux_recovered,0.875,0.0,0.0,0.0,0.0,0.0,0.0,0.0,0.0,
minkowski,DOP853,reduced_flux_recovered,0.8812500000000001,0.0,0.0,0.0,0.0,0.0,0.0,0.0,0.0,
minkowski,DOP853,reduced_flux_recovered,0.8875000000000001,0.0,0.0,0.0,0.0,0.0,0.0,0.0,0.0,
minkowski,DOP853,reduced_flux_recovered,0.89375,0.0,0.0,0.0,0.0,0.0,0.0,0.0,0.0,
minkowski,DOP853,reduced_flux_recovered,0.9,0.0,0.0,0.0,0.0,0.0,0.0,0.0,0.0,
minkowski,DOP853,reduced_flux_recovered,0.90625,0.0,0.0,0.0,0.0,0.0,0.0,0.0,0.0,
minkowski,DOP853,reduced_flux_recovered,0.9125000000000001,0.0,0.0,0.0,0.0,0.0,0.0,0.0,0.0,
minkowski,DOP853,reduced_flux_recovered,0.9187500000000001,0.0,0.0,0.0,0.0,0.0,0.0,0.0,0.0,
minkowski,DOP853,reduced_flux_recovered,0.925,0.0,0.0,0.0,0.0,0.0,0.0,0.0,0.0,
minkowski,DOP853,reduced_flux_recovered,0.93125,0.0,0.0,0.0,0.0,0.0,0.0,0.0,0.0,
minkowski,DOP853,reduced_flux_recovered,0.9375,0.0,0.0,0.0,0.0,0.0,0.0,0.0,0.0,
minkowski,DOP853,reduced_flux_recovered,0.9437500000000001,0.0,0.0,0.0,0.0,0.0,0.0,0.0,0.0,
minkowski,DOP853,reduced_flux_recovered,0.9500000000000001,0.0,0.0,0.0,0.0,0.0,0.0,0.0,0.0,
minkowski,DOP853,reduced_flux_recovered,0.95625,0.0,0.0,0.0,0.0,0.0,0.0,0.0,0.0,
minkowski,DOP853,reduced_flux_recovered,0.9625,0.0,0.0,0.0,0.0,0.0,0.0,0.0,0.0,
minkowski,DOP853,reduced_flux_recovered,0.96875,0.0,0.0,0.0,0.0,0.0,0.0,0.0,0.0,
minkowski,DOP853,reduced_flux_recovered,0.9750000000000001,0.0,0.0,0.0,0.0,0.0,0.0,0.0,0.0,
minkowski,DOP853,reduced_flux_recovered,0.9812500000000001,0.0,0.0,0.0,0.0,0.0,0.0,0.0,0.0,
minkowski,DOP853,reduced_flux_recovered,0.9875,0.0,0.0,0.0,0.0,0.0,0.0,0.0,0.0,
minkowski,DOP853,reduced_flux_recovered,0.99375,0.0,0.0,0.0,0.0,0.0,0.0,0.0,0.0,
minkowski,DOP853,reduced_flux_recovered,1.0,0.0,0.0,0.0,0.0,0.0,0.0,0.0,0.0,
minkowski,DOP853,wrong_model,0.0,0.0,0.0,0.0,0.0,0.0,0.0,0.0,0.0,0.0
minkowski,DOP853,wrong_model,0.00625,0.0,0.0,0.0,0.0,0.0,0.0,0.0,0.0,0.0
minkowski,DOP853,wrong_model,0.0125,0.0,0.0,0.0,0.0,0.0,0.0,0.0,0.0,0.0
minkowski,DOP853,wrong_model,0.018750000000000003,0.0,0.0,0.0,0.0,0.0,0.0,0.0,0.0,0.0
minkowski,DOP853,wrong_model,0.025,0.0,0.0,0.0,0.0,0.0,0.0,0.0,0.0,0.0
minkowski,DOP853,wrong_model,0.03125,0.0,0.0,0.0,0.0,0.0,0.0,0.0,0.0,0.0
minkowski,DOP853,wrong_model,0.037500000000000006,0.0,0.0,0.0,0.0,0.0,0.0,0.0,0.0,0.0
minkowski,DOP853,wrong_model,0.043750000000000004,0.0,0.0,0.0,0.0,0.0,0.0,0.0,0.0,0.0
minkowski,DOP853,wrong_model,0.05,0.0,0.0,0.0,0.0,0.0,0.0,0.0,0.0,0.0
minkowski,DOP853,wrong_model,0.05625,0.0,0.0,0.0,0.0,0.0,0.0,0.0,0.0,0.0
minkowski,DOP853,wrong_model,0.0625,0.0,0.0,0.0,0.0,0.0,0.0,0.0,0.0,0.0
minkowski,DOP853,wrong_model,0.06875,0.0,0.0,0.0,0.0,0.0,0.0,0.0,0.0,0.0
minkowski,DOP853,wrong_model,0.07500000000000001,0.0,0.0,0.0,0.0,0.0,0.0,0.0,0.0,0.0
minkowski,DOP853,wrong_model,0.08125,0.0,0.0,0.0,0.0,0.0,0.0,0.0,0.0,0.0
minkowski,DOP853,wrong_model,0.08750000000000001,0.0,0.0,0.0,0.0,0.0,0.0,0.0,0.0,0.0
minkowski,DOP853,wrong_model,0.09375,0.0,0.0,0.0,0.0,0.0,0.0,0.0,0.0,0.0
minkowski,DOP853,wrong_model,0.1,0.0,0.0,0.0,0.0,0.0,0.0,0.0,0.0,0.0
minkowski,DOP853,wrong_model,0.10625000000000001,0.0,0.0,0.0,0.0,0.0,0.0,0.0,0.0,0.0
minkowski,DOP853,wrong_model,0.1125,0.0,0.0,0.0,0.0,0.0,0.0,0.0,0.0,0.0
minkowski,DOP853,wrong_model,0.11875000000000001,0.0,0.0,0.0,0.0,0.0,0.0,0.0,0.0,0.0
minkowski,DOP853,wrong_model,0.125,0.0,0.0,0.0,0.0,0.0,0.0,0.0,0.0,0.0
minkowski,DOP853,wrong_model,0.13125,0.0,0.0,0.0,0.0,0.0,0.0,0.0,0.0,0.0
minkowski,DOP853,wrong_model,0.1375,0.0,0.0,0.0,0.0,0.0,0.0,0.0,0.0,0.0
minkowski,DOP853,wrong_model,0.14375000000000002,0.0,0.0,0.0,0.0,0.0,0.0,0.0,0.0,0.0
minkowski,DOP853,wrong_model,0.15000000000000002,0.0,0.0,0.0,0.0,0.0,0.0,0.0,0.0,0.0
minkowski,DOP853,wrong_model,0.15625,0.0,0.0,0.0,0.0,0.0,0.0,0.0,0.0,0.0
minkowski,DOP853,wrong_model,0.1625,0.0,0.0,0.0,0.0,0.0,0.0,0.0,0.0,0.0
minkowski,DOP853,wrong_model,0.16875,0.0,0.0,0.0,0.0,0.0,0.0,0.0,0.0,0.0
minkowski,DOP853,wrong_model,0.17500000000000002,0.0,0.0,0.0,0.0,0.0,0.0,0.0,0.0,0.0
minkowski,DOP853,wrong_model,0.18125000000000002,0.0,0.0,0.0,0.0,0.0,0.0,0.0,0.0,0.0
minkowski,DOP853,wrong_model,0.1875,0.0,0.0,0.0,0.0,0.0,0.0,0.0,0.0,0.0
minkowski,DOP853,wrong_model,0.19375,0.0,0.0,0.0,0.0,0.0,0.0,0.0,0.0,0.0
minkowski,DOP853,wrong_model,0.2,0.0,0.0,0.0,0.0,0.0,0.0,0.0,0.0,0.0
minkowski,DOP853,wrong_model,0.20625000000000002,0.0,0.0,0.0,0.0,0.0,0.0,0.0,0.0,0.0
minkowski,DOP853,wrong_model,0.21250000000000002,0.0,0.0,0.0,0.0,0.0,0.0,0.0,0.0,0.0
minkowski,DOP853,wrong_model,0.21875,0.0,0.0,0.0,0.0,0.0,0.0,0.0,0.0,0.0
minkowski,DOP853,wrong_model,0.225,0.0,0.0,0.0,0.0,0.0,0.0,0.0,0.0,0.0
minkowski,DOP853,wrong_model,0.23125,0.0,0.0,0.0,0.0,0.0,0.0,0.0,0.0,0.0
minkowski,DOP853,wrong_model,0.23750000000000002,0.0,0.0,0.0,0.0,0.0,0.0,0.0,0.0,0.0
minkowski,DOP853,wrong_model,0.24375000000000002,0.0,0.0,0.0,0.0,0.0,0.0,0.0,0.0,0.0
minkowski,DOP853,wrong_model,0.25,0.0,0.0,0.0,0.0,0.0,0.0,0.0,0.0,0.0
minkowski,DOP853,wrong_model,0.25625000000000003,0.0,0.0,0.0,0.0,0.0,0.0,0.0,0.0,0.0
minkowski,DOP853,wrong_model,0.2625,0.0,0.0,0.0,0.0,0.0,0.0,0.0,0.0,0.0
minkowski,DOP853,wrong_model,0.26875,0.0,0.0,0.0,0.0,0.0,0.0,0.0,0.0,0.0
minkowski,DOP853,wrong_model,0.275,0.0,0.0,0.0,0.0,0.0,0.0,0.0,0.0,0.0
minkowski,DOP853,wrong_model,0.28125,0.0,0.0,0.0,0.0,0.0,0.0,0.0,0.0,0.0
minkowski,DOP853,wrong_model,0.28750000000000003,0.0,0.0,0.0,0.0,0.0,0.0,0.0,0.0,0.0
minkowski,DOP853,wrong_model,0.29375,0.0,0.0,0.0,0.0,0.0,0.0,0.0,0.0,0.0
minkowski,DOP853,wrong_model,0.30000000000000004,0.0,0.0,0.0,0.0,0.0,0.0,0.0,0.0,0.0
minkowski,DOP853,wrong_model,0.30625,0.0,0.0,0.0,0.0,0.0,0.0,0.0,0.0,0.0
minkowski,DOP853,wrong_model,0.3125,0.0,0.0,0.0,0.0,0.0,0.0,0.0,0.0,0.0
minkowski,DOP853,wrong_model,0.31875000000000003,0.0,0.0,0.0,0.0,0.0,0.0,0.0,0.0,0.0
minkowski,DOP853,wrong_model,0.325,0.0,0.0,0.0,0.0,0.0,0.0,0.0,0.0,0.0
minkowski,DOP853,wrong_model,0.33125000000000004,0.0,0.0,0.0,0.0,0.0,0.0,0.0,0.0,0.0
minkowski,DOP853,wrong_model,0.3375,0.0,0.0,0.0,0.0,0.0,0.0,0.0,0.0,0.0
minkowski,DOP853,wrong_model,0.34375,0.0,0.0,0.0,0.0,0.0,0.0,0.0,0.0,0.0
minkowski,DOP853,wrong_model,0.35000000000000003,0.0,0.0,0.0,0.0,0.0,0.0,0.0,0.0,0.0
minkowski,DOP853,wrong_model,0.35625,0.0,0.0,0.0,0.0,0.0,0.0,0.0,0.0,0.0
minkowski,DOP853,wrong_model,0.36250000000000004,0.0,0.0,0.0,0.0,0.0,0.0,0.0,0.0,0.0
minkowski,DOP853,wrong_model,0.36875,0.0,0.0,0.0,0.0,0.0,0.0,0.0,0.0,0.0
minkowski,DOP853,wrong_model,0.375,0.0,0.0,0.0,0.0,0.0,0.0,0.0,0.0,0.0
minkowski,DOP853,wrong_model,0.38125000000000003,0.0,0.0,0.0,0.0,0.0,0.0,0.0,0.0,0.0
minkowski,DOP853,wrong_model,0.3875,0.0,0.0,0.0,0.0,0.0,0.0,0.0,0.0,0.0
minkowski,DOP853,wrong_model,0.39375000000000004,0.0,0.0,0.0,0.0,0.0,0.0,0.0,0.0,0.0
minkowski,DOP853,wrong_model,0.4,0.0,0.0,0.0,0.0,0.0,0.0,0.0,0.0,0.0
minkowski,DOP853,wrong_model,0.40625,0.0,0.0,0.0,0.0,0.0,0.0,0.0,0.0,0.0
minkowski,DOP853,wrong_model,0.41250000000000003,0.0,0.0,0.0,0.0,0.0,0.0,0.0,0.0,0.0
minkowski,DOP853,wrong_model,0.41875,0.0,0.0,0.0,0.0,0.0,0.0,0.0,0.0,0.0
minkowski,DOP853,wrong_model,0.42500000000000004,0.0,0.0,0.0,0.0,0.0,0.0,0.0,0.0,0.0
minkowski,DOP853,wrong_model,0.43125,0.0,0.0,0.0,0.0,0.0,0.0,0.0,0.0,0.0
minkowski,DOP853,wrong_model,0.4375,0.0,0.0,0.0,0.0,0.0,0.0,0.0,0.0,0.0
minkowski,DOP853,wrong_model,0.44375000000000003,0.0,0.0,0.0,0.0,0.0,0.0,0.0,0.0,0.0
minkowski,DOP853,wrong_model,0.45,0.0,0.0,0.0,0.0,0.0,0.0,0.0,0.0,0.0
minkowski,DOP853,wrong_model,0.45625000000000004,0.0,0.0,0.0,0.0,0.0,0.0,0.0,0.0,0.0
minkowski,DOP853,wrong_model,0.4625,0.0,0.0,0.0,0.0,0.0,0.0,0.0,0.0,0.0
minkowski,DOP853,wrong_model,0.46875,0.0,0.0,0.0,0.0,0.0,0.0,0.0,0.0,0.0
minkowski,DOP853,wrong_model,0.47500000000000003,0.0,0.0,0.0,0.0,0.0,0.0,0.0,0.0,0.0
minkowski,DOP853,wrong_model,0.48125,0.0,0.0,0.0,0.0,0.0,0.0,0.0,0.0,0.0
minkowski,DOP853,wrong_model,0.48750000000000004,0.0,0.0,0.0,0.0,0.0,0.0,0.0,0.0,0.0
minkowski,DOP853,wrong_model,0.49375,0.0,0.0,0.0,0.0,0.0,0.0,0.0,0.0,0.0
minkowski,DOP853,wrong_model,0.5,0.0,0.0,0.0,0.0,0.0,0.0,0.0,0.0,0.0
minkowski,DOP853,wrong_model,0.50625,0.0,0.0,0.0,0.0,0.0,0.0,0.0,0.0,0.0
minkowski,DOP853,wrong_model,0.5125000000000001,0.0,0.0,0.0,0.0,0.0,0.0,0.0,0.0,0.0
minkowski,DOP853,wrong_model,0.51875,0.0,0.0,0.0,0.0,0.0,0.0,0.0,0.0,0.0
minkowski,DOP853,wrong_model,0.525,0.0,0.0,0.0,0.0,0.0,0.0,0.0,0.0,0.0
minkowski,DOP853,wrong_model,0.53125,0.0,0.0,0.0,0.0,0.0,0.0,0.0,0.0,0.0
minkowski,DOP853,wrong_model,0.5375,0.0,0.0,0.0,0.0,0.0,0.0,0.0,0.0,0.0
minkowski,DOP853,wrong_model,0.5437500000000001,0.0,0.0,0.0,0.0,0.0,0.0,0.0,0.0,0.0
minkowski,DOP853,wrong_model,0.55,0.0,0.0,0.0,0.0,0.0,0.0,0.0,0.0,0.0
minkowski,DOP853,wrong_model,0.55625,0.0,0.0,0.0,0.0,0.0,0.0,0.0,0.0,0.0
minkowski,DOP853,wrong_model,0.5625,0.0,0.0,0.0,0.0,0.0,0.0,0.0,0.0,0.0
minkowski,DOP853,wrong_model,0.56875,0.0,0.0,0.0,0.0,0.0,0.0,0.0,0.0,0.0
minkowski,DOP853,wrong_model,0.5750000000000001,0.0,0.0,0.0,0.0,0.0,0.0,0.0,0.0,0.0
minkowski,DOP853,wrong_model,0.58125,0.0,0.0,0.0,0.0,0.0,0.0,0.0,0.0,0.0
minkowski,DOP853,wrong_model,0.5875,0.0,0.0,0.0,0.0,0.0,0.0,0.0,0.0,0.0
minkowski,DOP853,wrong_model,0.59375,0.0,0.0,0.0,0.0,0.0,0.0,0.0,0.0,0.0
minkowski,DOP853,wrong_model,0.6000000000000001,0.0,0.0,0.0,0.0,0.0,0.0,0.0,0.0,0.0
minkowski,DOP853,wrong_model,0.6062500000000001,0.0,0.0,0.0,0.0,0.0,0.0,0.0,0.0,0.0
minkowski,DOP853,wrong_model,0.6125,0.0,0.0,0.0,0.0,0.0,0.0,0.0,0.0,0.0
minkowski,DOP853,wrong_model,0.61875,0.0,0.0,0.0,0.0,0.0,0.0,0.0,0.0,0.0
minkowski,DOP853,wrong_model,0.625,0.0,0.0,0.0,0.0,0.0,0.0,0.0,0.0,0.0
minkowski,DOP853,wrong_model,0.6312500000000001,0.0,0.0,0.0,0.0,0.0,0.0,0.0,0.0,0.0
minkowski,DOP853,wrong_model,0.6375000000000001,0.0,0.0,0.0,0.0,0.0,0.0,0.0,0.0,0.0
minkowski,DOP853,wrong_model,0.64375,0.0,0.0,0.0,0.0,0.0,0.0,0.0,0.0,0.0
minkowski,DOP853,wrong_model,0.65,0.0,0.0,0.0,0.0,0.0,0.0,0.0,0.0,0.0
minkowski,DOP853,wrong_model,0.65625,0.0,0.0,0.0,0.0,0.0,0.0,0.0,0.0,0.0
minkowski,DOP853,wrong_model,0.6625000000000001,0.0,0.0,0.0,0.0,0.0,0.0,0.0,0.0,0.0
minkowski,DOP853,wrong_model,0.6687500000000001,0.0,0.0,0.0,0.0,0.0,0.0,0.0,0.0,0.0
minkowski,DOP853,wrong_model,0.675,0.0,0.0,0.0,0.0,0.0,0.0,0.0,0.0,0.0
minkowski,DOP853,wrong_model,0.68125,0.0,0.0,0.0,0.0,0.0,0.0,0.0,0.0,0.0
minkowski,DOP853,wrong_model,0.6875,0.0,0.0,0.0,0.0,0.0,0.0,0.0,0.0,0.0
minkowski,DOP853,wrong_model,0.6937500000000001,0.0,0.0,0.0,0.0,0.0,0.0,0.0,0.0,0.0
minkowski,DOP853,wrong_model,0.7000000000000001,0.0,0.0,0.0,0.0,0.0,0.0,0.0,0.0,0.0
minkowski,DOP853,wrong_model,0.70625,0.0,0.0,0.0,0.0,0.0,0.0,0.0,0.0,0.0
minkowski,DOP853,wrong_model,0.7125,0.0,0.0,0.0,0.0,0.0,0.0,0.0,0.0,0.0
minkowski,DOP853,wrong_model,0.71875,0.0,0.0,0.0,0.0,0.0,0.0,0.0,0.0,0.0
minkowski,DOP853,wrong_model,0.7250000000000001,0.0,0.0,0.0,0.0,0.0,0.0,0.0,0.0,0.0
minkowski,DOP853,wrong_model,0.7312500000000001,0.0,0.0,0.0,0.0,0.0,0.0,0.0,0.0,0.0
minkowski,DOP853,wrong_model,0.7375,0.0,0.0,0.0,0.0,0.0,0.0,0.0,0.0,0.0
minkowski,DOP853,wrong_model,0.74375,0.0,0.0,0.0,0.0,0.0,0.0,0.0,0.0,0.0
minkowski,DOP853,wrong_model,0.75,0.0,0.0,0.0,0.0,0.0,0.0,0.0,0.0,0.0
minkowski,DOP853,wrong_model,0.7562500000000001,0.0,0.0,0.0,0.0,0.0,0.0,0.0,0.0,0.0
minkowski,DOP853,wrong_model,0.7625000000000001,0.0,0.0,0.0,0.0,0.0,0.0,0.0,0.0,0.0
minkowski,DOP853,wrong_model,0.76875,0.0,0.0,0.0,0.0,0.0,0.0,0.0,0.0,0.0
minkowski,DOP853,wrong_model,0.775,0.0,0.0,0.0,0.0,0.0,0.0,0.0,0.0,0.0
minkowski,DOP853,wrong_model,0.78125,0.0,0.0,0.0,0.0,0.0,0.0,0.0,0.0,0.0
minkowski,DOP853,wrong_model,0.7875000000000001,0.0,0.0,0.0,0.0,0.0,0.0,0.0,0.0,0.0
minkowski,DOP853,wrong_model,0.7937500000000001,0.0,0.0,0.0,0.0,0.0,0.0,0.0,0.0,0.0
minkowski,DOP853,wrong_model,0.8,0.0,0.0,0.0,0.0,0.0,0.0,0.0,0.0,0.0
minkowski,DOP853,wrong_model,0.80625,0.0,0.0,0.0,0.0,0.0,0.0,0.0,0.0,0.0
minkowski,DOP853,wrong_model,0.8125,0.0,0.0,0.0,0.0,0.0,0.0,0.0,0.0,0.0
minkowski,DOP853,wrong_model,0.8187500000000001,0.0,0.0,0.0,0.0,0.0,0.0,0.0,0.0,0.0
minkowski,DOP853,wrong_model,0.8250000000000001,0.0,0.0,0.0,0.0,0.0,0.0,0.0,0.0,0.0
minkowski,DOP853,wrong_model,0.83125,0.0,0.0,0.0,0.0,0.0,0.0,0.0,0.0,0.0
minkowski,DOP853,wrong_model,0.8375,0.0,0.0,0.0,0.0,0.0,0.0,0.0,0.0,0.0
minkowski,DOP853,wrong_model,0.84375,0.0,0.0,0.0,0.0,0.0,0.0,0.0,0.0,0.0
minkowski,DOP853,wrong_model,0.8500000000000001,0.0,0.0,0.0,0.0,0.0,0.0,0.0,0.0,0.0
minkowski,DOP853,wrong_model,0.8562500000000001,0.0,0.0,0.0,0.0,0.0,0.0,0.0,0.0,0.0
minkowski,DOP853,wrong_model,0.8625,0.0,0.0,0.0,0.0,0.0,0.0,0.0,0.0,0.0
minkowski,DOP853,wrong_model,0.86875,0.0,0.0,0.0,0.0,0.0,0.0,0.0,0.0,0.0
minkowski,DOP853,wrong_model,0.875,0.0,0.0,0.0,0.0,0.0,0.0,0.0,0.0,0.0
minkowski,DOP853,wrong_model,0.8812500000000001,0.0,0.0,0.0,0.0,0.0,0.0,0.0,0.0,0.0
minkowski,DOP853,wrong_model,0.8875000000000001,0.0,0.0,0.0,0.0,0.0,0.0,0.0,0.0,0.0
minkowski,DOP853,wrong_model,0.89375,0.0,0.0,0.0,0.0,0.0,0.0,0.0,0.0,0.0
minkowski,DOP853,wrong_model,0.9,0.0,0.0,0.0,0.0,0.0,0.0,0.0,0.0,0.0
minkowski,DOP853,wrong_model,0.90625,0.0,0.0,0.0,0.0,0.0,0.0,0.0,0.0,0.0
minkowski,DOP853,wrong_model,0.9125000000000001,0.0,0.0,0.0,0.0,0.0,0.0,0.0,0.0,0.0
minkowski,DOP853,wrong_model,0.9187500000000001,0.0,0.0,0.0,0.0,0.0,0.0,0.0,0.0,0.0
minkowski,DOP853,wrong_model,0.925,0.0,0.0,0.0,0.0,0.0,0.0,0.0,0.0,0.0
minkowski,DOP853,wrong_model,0.93125,0.0,0.0,0.0,0.0,0.0,0.0,0.0,0.0,0.0
minkowski,DOP853,wrong_model,0.9375,0.0,0.0,0.0,0.0,0.0,0.0,0.0,0.0,0.0
minkowski,DOP853,wrong_model,0.9437500000000001,0.0,0.0,0.0,0.0,0.0,0.0,0.0,0.0,0.0
minkowski,DOP853,wrong_model,0.9500000000000001,0.0,0.0,0.0,0.0,0.0,0.0,0.0,0.0,0.0
minkowski,DOP853,wrong_model,0.95625,0.0,0.0,0.0,0.0,0.0,0.0,0.0,0.0,0.0
minkowski,DOP853,wrong_model,0.9625,0.0,0.0,0.0,0.0,0.0,0.0,0.0,0.0,0.0
minkowski,DOP853,wrong_model,0.96875,0.0,0.0,0.0,0.0,0.0,0.0,0.0,0.0,0.0
minkowski,DOP853,wrong_model,0.9750000000000001,0.0,0.0,0.0,0.0,0.0,0.0,0.0,0.0,0.0
minkowski,DOP853,wrong_model,0.9812500000000001,0.0,0.0,0.0,0.0,0.0,0.0,0.0,0.0,0.0
minkowski,DOP853,wrong_model,0.9875,0.0,0.0,0.0,0.0,0.0,0.0,0.0,0.0,0.0
minkowski,DOP853,wrong_model,0.99375,0.0,0.0,0.0,0.0,0.0,0.0,0.0,0.0,0.0
minkowski,DOP853,wrong_model,1.0,0.0,0.0,0.0,0.0,0.0,0.0,0.0,0.0,0.0
pure_de_sitter,DOP853,full,0.0,0.0,0.0,0.0,0.0,0.1,0.1,0.0,0.0,
pure_de_sitter,DOP853,full,0.0125,0.001249999999999995,0.001249999999999995,0.0,0.0,0.1,0.1,0.0,0.0,
pure_de_sitter,DOP853,full,0.025,0.002499999999999998,0.002499999999999998,0.0,0.0,0.1,0.1,0.0,0.0,
pure_de_sitter,DOP853,full,0.037500000000000006,0.003749999999999999,0.003749999999999999,0.0,0.0,0.1,0.1,0.0,0.0,
pure_de_sitter,DOP853,full,0.05,0.0049999999999999975,0.0049999999999999975,0.0,0.0,0.1,0.1,0.0,0.0,
pure_de_sitter,DOP853,full,0.0625,0.006249999999999992,0.006249999999999992,0.0,0.0,0.1,0.1,0.0,0.0,
pure_de_sitter,DOP853,full,0.07500000000000001,0.007499999999999987,0.007499999999999987,0.0,0.0,0.1,0.1,0.0,0.0,
pure_de_sitter,DOP853,full,0.08750000000000001,0.008749999999999977,0.008749999999999977,0.0,0.0,0.1,0.1,0.0,0.0,
pure_de_sitter,DOP853,full,0.1,0.00999999999999997,0.00999999999999997,0.0,0.0,0.1,0.1,0.0,0.0,
pure_de_sitter,DOP853,full,0.1125,0.011249999999999965,0.011249999999999965,0.0,0.0,0.1,0.1,0.0,0.0,
pure_de_sitter,DOP853,full,0.125,0.012499999999999963,0.012499999999999963,0.0,0.0,0.1,0.1,0.0,0.0,
pure_de_sitter,DOP853,full,0.1375,0.013749999999999965,0.013749999999999965,0.0,0.0,0.1,0.1,0.0,0.0,
pure_de_sitter,DOP853,full,0.15000000000000002,0.014999999999999972,0.014999999999999972,0.0,0.0,0.1,0.1,0.0,0.0,
pure_de_sitter,DOP853,full,0.1625,0.016249999999999976,0.016249999999999976,0.0,0.0,0.1,0.1,0.0,0.0,
pure_de_sitter,DOP853,full,0.17500000000000002,0.017499999999999984,0.017499999999999984,0.0,0.0,0.1,0.1,0.0,0.0,
pure_de_sitter,DOP853,full,0.1875,0.01874999999999999,0.01874999999999999,0.0,0.0,0.1,0.1,0.0,0.0,
pure_de_sitter,DOP853,full,0.2,0.019999999999999987,0.019999999999999987,0.0,0.0,0.1,0.1,0.0,0.0,
pure_de_sitter,DOP853,full,0.21250000000000002,0.021249999999999988,0.021249999999999988,0.0,0.0,0.1,0.1,0.0,0.0,
pure_de_sitter,DOP853,full,0.225,0.022499999999999982,0.022499999999999982,0.0,0.0,0.1,0.1,0.0,0.0,
pure_de_sitter,DOP853,full,0.23750000000000002,0.023749999999999976,0.023749999999999976,0.0,0.0,0.1,0.1,0.0,0.0,
pure_de_sitter,DOP853,full,0.25,0.024999999999999967,0.024999999999999967,0.0,0.0,0.1,0.1,0.0,0.0,
pure_de_sitter,DOP853,full,0.2625,0.02624999999999996,0.02624999999999996,0.0,0.0,0.1,0.1,0.0,0.0,
pure_de_sitter,DOP853,full,0.275,0.027499999999999955,0.027499999999999955,0.0,0.0,0.1,0.1,0.0,0.0,
pure_de_sitter,DOP853,full,0.28750000000000003,0.028749999999999956,0.028749999999999956,0.0,0.0,0.1,0.1,0.0,0.0,
pure_de_sitter,DOP853,full,0.30000000000000004,0.029999999999999957,0.029999999999999957,0.0,0.0,0.1,0.1,0.0,0.0,
pure_de_sitter,DOP853,full,0.3125,0.03124999999999996,0.03124999999999996,0.0,0.0,0.1,0.1,0.0,0.0,
pure_de_sitter,DOP853,full,0.325,0.032499999999999966,0.032499999999999966,0.0,0.0,0.1,0.1,0.0,0.0,
pure_de_sitter,DOP853,full,0.3375,0.033749999999999974,0.033749999999999974,0.0,0.0,0.1,0.1,0.0,0.0,
pure_de_sitter,DOP853,full,0.35000000000000003,0.03499999999999998,0.03499999999999998,0.0,0.0,0.1,0.1,0.0,0.0,
pure_de_sitter,DOP853,full,0.36250000000000004,0.036249999999999984,0.036249999999999984,0.0,0.0,0.1,0.1,0.0,0.0,
pure_de_sitter,DOP853,full,0.375,0.03749999999999998,0.03749999999999998,0.0,0.0,0.1,0.1,0.0,0.0,
pure_de_sitter,DOP853,full,0.3875,0.03874999999999998,0.03874999999999998,0.0,0.0,0.1,0.1,0.0,0.0,
pure_de_sitter,DOP853,full,0.4,0.03999999999999997,0.03999999999999997,0.0,0.0,0.1,0.1,0.0,0.0,
pure_de_sitter,DOP853,full,0.41250000000000003,0.04124999999999997,0.04124999999999997,0.0,0.0,0.1,0.1,0.0,0.0,
pure_de_sitter,DOP853,full,0.42500000000000004,0.04249999999999996,0.04249999999999996,0.0,0.0,0.1,0.1,0.0,0.0,
pure_de_sitter,DOP853,full,0.4375,0.04374999999999995,0.04374999999999995,0.0,0.0,0.1,0.1,0.0,0.0,
pure_de_sitter,DOP853,full,0.45,0.04499999999999994,0.04499999999999994,0.0,0.0,0.1,0.1,0.0,0.0,
pure_de_sitter,DOP853,full,0.4625,0.046249999999999944,0.046249999999999944,0.0,0.0,0.1,0.1,0.0,0.0,
pure_de_sitter,DOP853,full,0.47500000000000003,0.04749999999999995,0.04749999999999995,0.0,0.0,0.1,0.1,0.0,0.0,
pure_de_sitter,DOP853,full,0.48750000000000004,0.04874999999999996,0.04874999999999996,0.0,0.0,0.1,0.1,0.0,0.0,
pure_de_sitter,DOP853,full,0.5,0.04999999999999996,0.04999999999999996,0.0,0.0,0.1,0.1,0.0,0.0,
pure_de_sitter,DOP853,full,0.5125000000000001,0.051249999999999976,0.051249999999999976,0.0,0.0,0.1,0.1,0.0,0.0,
pure_de_sitter,DOP853,full,0.525,0.05249999999999998,0.05249999999999998,0.0,0.0,0.1,0.1,0.0,0.0,
pure_de_sitter,DOP853,full,0.5375,0.05374999999999997,0.05374999999999997,0.0,0.0,0.1,0.1,0.0,0.0,
pure_de_sitter,DOP853,full,0.55,0.05499999999999998,0.05499999999999998,0.0,0.0,0.1,0.1,0.0,0.0,
pure_de_sitter,DOP853,full,0.5625,0.05624999999999997,0.05624999999999997,0.0,0.0,0.1,0.1,0.0,0.0,
pure_de_sitter,DOP853,full,0.5750000000000001,0.05749999999999997,0.05749999999999997,0.0,0.0,0.1,0.1,0.0,0.0,
pure_de_sitter,DOP853,full,0.5875,0.058749999999999955,0.058749999999999955,0.0,0.0,0.1,0.1,0.0,0.0,
pure_de_sitter,DOP853,full,0.6000000000000001,0.059999999999999956,0.059999999999999956,0.0,0.0,0.1,0.1,0.0,0.0,
pure_de_sitter,DOP853,full,0.6125,0.06124999999999994,0.06124999999999994,0.0,0.0,0.1,0.1,0.0,0.0,
pure_de_sitter,DOP853,full,0.625,0.06249999999999994,0.06249999999999994,0.0,0.0,0.1,0.1,0.0,0.0,
pure_de_sitter,DOP853,full,0.6375000000000001,0.06374999999999995,0.06374999999999995,0.0,0.0,0.1,0.1,0.0,0.0,
pure_de_sitter,DOP853,full,0.65,0.06499999999999995,0.06499999999999995,0.0,0.0,0.1,0.1,0.0,0.0,
pure_de_sitter,DOP853,full,0.6625000000000001,0.06624999999999996,0.06624999999999996,0.0,0.0,0.1,0.1,0.0,0.0,
pure_de_sitter,DOP853,full,0.675,0.06749999999999996,0.06749999999999996,0.0,0.0,0.1,0.1,0.0,0.0,
pure_de_sitter,DOP853,full,0.6875,0.06874999999999996,0.06874999999999996,0.0,0.0,0.1,0.1,0.0,0.0,
pure_de_sitter,DOP853,full,0.7000000000000001,0.06999999999999998,0.06999999999999998,0.0,0.0,0.1,0.1,0.0,0.0,
pure_de_sitter,DOP853,full,0.7125,0.07124999999999997,0.07124999999999997,0.0,0.0,0.1,0.1,0.0,0.0,
pure_de_sitter,DOP853,full,0.7250000000000001,0.07249999999999997,0.07249999999999997,0.0,0.0,0.1,0.1,0.0,0.0,
pure_de_sitter,DOP853,full,0.7375,0.07374999999999995,0.07374999999999995,0.0,0.0,0.1,0.1,0.0,0.0,
pure_de_sitter,DOP853,full,0.75,0.07499999999999996,0.07499999999999996,0.0,0.0,0.1,0.1,0.0,0.0,
pure_de_sitter,DOP853,full,0.7625000000000001,0.07624999999999996,0.07624999999999996,0.0,0.0,0.1,0.1,0.0,0.0,
pure_de_sitter,DOP853,full,0.775,0.07749999999999994,0.07749999999999994,0.0,0.0,0.1,0.1,0.0,0.0,
pure_de_sitter,DOP853,full,0.7875000000000001,0.07874999999999995,0.07874999999999995,0.0,0.0,0.1,0.1,0.0,0.0,
pure_de_sitter,DOP853,full,0.8,0.07999999999999993,0.07999999999999993,0.0,0.0,0.1,0.1,0.0,0.0,
pure_de_sitter,DOP853,full,0.8125,0.08124999999999995,0.08124999999999995,0.0,0.0,0.1,0.1,0.0,0.0,
pure_de_sitter,DOP853,full,0.8250000000000001,0.08249999999999996,0.08249999999999996,0.0,0.0,0.1,0.1,0.0,0.0,
pure_de_sitter,DOP853,full,0.8375,0.08374999999999996,0.08374999999999996,0.0,0.0,0.1,0.1,0.0,0.0,
pure_de_sitter,DOP853,full,0.8500000000000001,0.08499999999999998,0.08499999999999998,0.0,0.0,0.1,0.1,0.0,0.0,
pure_de_sitter,DOP853,full,0.8625,0.08624999999999997,0.08624999999999997,0.0,0.0,0.1,0.1,0.0,0.0,
pure_de_sitter,DOP853,full,0.875,0.08749999999999997,0.08749999999999997,0.0,0.0,0.1,0.1,0.0,0.0,
pure_de_sitter,DOP853,full,0.8875000000000001,0.08874999999999997,0.08874999999999997,0.0,0.0,0.1,0.1,0.0,0.0,
pure_de_sitter,DOP853,full,0.9,0.08999999999999996,0.08999999999999996,0.0,0.0,0.1,0.1,0.0,0.0,
pure_de_sitter,DOP853,full,0.9125000000000001,0.09124999999999996,0.09124999999999996,0.0,0.0,0.1,0.1,0.0,0.0,
pure_de_sitter,DOP853,full,0.925,0.09249999999999994,0.09249999999999994,0.0,0.0,0.1,0.1,0.0,0.0,
pure_de_sitter,DOP853,full,0.9375,0.09374999999999993,0.09374999999999993,0.0,0.0,0.1,0.1,0.0,0.0,
pure_de_sitter,DOP853,full,0.9500000000000001,0.09499999999999993,0.09499999999999993,0.0,0.0,0.1,0.1,0.0,0.0,
pure_de_sitter,DOP853,full,0.9625,0.09624999999999993,0.09624999999999993,0.0,0.0,0.1,0.1,0.0,0.0,
pure_de_sitter,DOP853,full,0.9750000000000001,0.09749999999999993,0.09749999999999993,0.0,0.0,0.1,0.1,0.0,0.0,
pure_de_sitter,DOP853,full,0.9875,0.09874999999999995,0.09874999999999995,0.0,0.0,0.1,0.1,0.0,0.0,
pure_de_sitter,DOP853,full,1.0,0.09999999999999995,0.09999999999999995,0.0,0.0,0.1,0.1,0.0,0.0,
pure_de_sitter,DOP853,full,1.0125,0.10124999999999995,0.10124999999999995,0.0,0.0,0.1,0.1,0.0,0.0,
pure_de_sitter,DOP853,full,1.0250000000000001,0.10249999999999997,0.10249999999999997,0.0,0.0,0.1,0.1,0.0,0.0,
pure_de_sitter,DOP853,full,1.0375,0.10374999999999997,0.10374999999999997,0.0,0.0,0.1,0.1,0.0,0.0,
pure_de_sitter,DOP853,full,1.05,0.10499999999999995,0.10499999999999995,0.0,0.0,0.1,0.1,0.0,0.0,
pure_de_sitter,DOP853,full,1.0625,0.10624999999999996,0.10624999999999996,0.0,0.0,0.1,0.1,0.0,0.0,
pure_de_sitter,DOP853,full,1.075,0.10749999999999994,0.10749999999999994,0.0,0.0,0.1,0.1,0.0,0.0,
pure_de_sitter,DOP853,full,1.0875000000000001,0.10874999999999994,0.10874999999999994,0.0,0.0,0.1,0.1,0.0,0.0,
pure_de_sitter,DOP853,full,1.1,0.10999999999999993,0.10999999999999993,0.0,0.0,0.1,0.1,0.0,0.0,
pure_de_sitter,DOP853,full,1.1125,0.11124999999999993,0.11124999999999993,0.0,0.0,0.1,0.1,0.0,0.0,
pure_de_sitter,DOP853,full,1.125,0.11249999999999992,0.11249999999999992,0.0,0.0,0.1,0.1,0.0,0.0,
pure_de_sitter,DOP853,full,1.1375,0.1137499999999999,0.1137499999999999,0.0,0.0,0.1,0.1,0.0,0.0,
pure_de_sitter,DOP853,full,1.1500000000000001,0.11499999999999994,0.11499999999999994,0.0,0.0,0.1,0.1,0.0,0.0,
pure_de_sitter,DOP853,full,1.1625,0.11624999999999994,0.11624999999999994,0.0,0.0,0.1,0.1,0.0,0.0,
pure_de_sitter,DOP853,full,1.175,0.11749999999999994,0.11749999999999994,0.0,0.0,0.1,0.1,0.0,0.0,
pure_de_sitter,DOP853,full,1.1875,0.11874999999999994,0.11874999999999994,0.0,0.0,0.1,0.1,0.0,0.0,
pure_de_sitter,DOP853,full,1.2000000000000002,0.11999999999999997,0.11999999999999997,0.0,0.0,0.1,0.1,0.0,0.0,
pure_de_sitter,DOP853,full,1.2125000000000001,0.12124999999999996,0.12124999999999996,0.0,0.0,0.1,0.1,0.0,0.0,
pure_de_sitter,DOP853,full,1.225,0.12249999999999994,0.12249999999999994,0.0,0.0,0.1,0.1,0.0,0.0,
pure_de_sitter,DOP853,full,1.2375,0.12374999999999994,0.12374999999999994,0.0,0.0,0.1,0.1,0.0,0.0,
pure_de_sitter,DOP853,full,1.25,0.12499999999999993,0.12499999999999993,0.0,0.0,0.1,0.1,0.0,0.0,
pure_de_sitter,DOP853,full,1.2625000000000002,0.12624999999999995,0.12624999999999995,0.0,0.0,0.1,0.1,0.0,0.0,
pure_de_sitter,DOP853,full,1.2750000000000001,0.12749999999999992,0.12749999999999992,0.0,0.0,0.1,0.1,0.0,0.0,
pure_de_sitter,DOP853,full,1.2875,0.12874999999999992,0.12874999999999992,0.0,0.0,0.1,0.1,0.0,0.0,
pure_de_sitter,DOP853,full,1.3,0.12999999999999992,0.12999999999999992,0.0,0.0,0.1,0.1,0.0,0.0,
pure_de_sitter,DOP853,full,1.3125,0.13124999999999992,0.13124999999999992,0.0,0.0,0.1,0.1,0.0,0.0,
pure_de_sitter,DOP853,full,1.3250000000000002,0.13249999999999992,0.13249999999999992,0.0,0.0,0.1,0.1,0.0,0.0,
pure_de_sitter,DOP853,full,1.3375000000000001,0.13374999999999995,0.13374999999999995,0.0,0.0,0.1,0.1,0.0,0.0,
pure_de_sitter,DOP853,full,1.35,0.13499999999999995,0.13499999999999995,0.0,0.0,0.1,0.1,0.0,0.0,
pure_de_sitter,DOP853,full,1.3625,0.13624999999999993,0.13624999999999993,0.0,0.0,0.1,0.1,0.0,0.0,
pure_de_sitter,DOP853,full,1.375,0.13749999999999993,0.13749999999999993,0.0,0.0,0.1,0.1,0.0,0.0,
pure_de_sitter,DOP853,full,1.3875000000000002,0.13874999999999996,0.13874999999999996,0.0,0.0,0.1,0.1,0.0,0.0,
pure_de_sitter,DOP853,full,1.4000000000000001,0.13999999999999993,0.13999999999999993,0.0,0.0,0.1,0.1,0.0,0.0,
pure_de_sitter,DOP853,full,1.4125,0.14124999999999993,0.14124999999999993,0.0,0.0,0.1,0.1,0.0,0.0,
pure_de_sitter,DOP853,full,1.425,0.1424999999999999,0.1424999999999999,0.0,0.0,0.1,0.1,0.0,0.0,
pure_de_sitter,DOP853,full,1.4375,0.1437499999999999,0.1437499999999999,0.0,0.0,0.1,0.1,0.0,0.0,
pure_de_sitter,DOP853,full,1.4500000000000002,0.1449999999999999,0.1449999999999999,0.0,0.0,0.1,0.1,0.0,0.0,
pure_de_sitter,DOP853,full,1.4625000000000001,0.1462499999999999,0.1462499999999999,0.0,0.0,0.1,0.1,0.0,0.0,
pure_de_sitter,DOP853,full,1.475,0.1474999999999999,0.1474999999999999,0.0,0.0,0.1,0.1,0.0,0.0,
pure_de_sitter,DOP853,full,1.4875,0.1487499999999999,0.1487499999999999,0.0,0.0,0.1,0.1,0.0,0.0,
pure_de_sitter,DOP853,full,1.5,0.1499999999999999,0.1499999999999999,0.0,0.0,0.1,0.1,0.0,0.0,
pure_de_sitter,DOP853,full,1.5125000000000002,0.15124999999999994,0.15124999999999994,0.0,0.0,0.1,0.1,0.0,0.0,
pure_de_sitter,DOP853,full,1.5250000000000001,0.15249999999999994,0.15249999999999994,0.0,0.0,0.1,0.1,0.0,0.0,
pure_de_sitter,DOP853,full,1.5375,0.15374999999999994,0.15374999999999994,0.0,0.0,0.1,0.1,0.0,0.0,
pure_de_sitter,DOP853,full,1.55,0.15499999999999992,0.15499999999999992,0.0,0.0,0.1,0.1,0.0,0.0,
pure_de_sitter,DOP853,full,1.5625,0.15624999999999992,0.15624999999999992,0.0,0.0,0.1,0.1,0.0,0.0,
pure_de_sitter,DOP853,full,1.5750000000000002,0.15749999999999992,0.15749999999999992,0.0,0.0,0.1,0.1,0.0,0.0,
pure_de_sitter,DOP853,full,1.5875000000000001,0.15874999999999992,0.15874999999999992,0.0,0.0,0.1,0.1,0.0,0.0,
pure_de_sitter,DOP853,full,1.6,0.1599999999999999,0.1599999999999999,0.0,0.0,0.1,0.1,0.0,0.0,
pure_de_sitter,DOP853,full,1.6125,0.1612499999999999,0.1612499999999999,0.0,0.0,0.1,0.1,0.0,0.0,
pure_de_sitter,DOP853,full,1.625,0.1624999999999999,0.1624999999999999,0.0,0.0,0.1,0.1,0.0,0.0,
pure_de_sitter,DOP853,full,1.6375000000000002,0.1637499999999999,0.1637499999999999,0.0,0.0,0.1,0.1,0.0,0.0,
pure_de_sitter,DOP853,full,1.6500000000000001,0.1649999999999999,0.1649999999999999,0.0,0.0,0.1,0.1,0.0,0.0,
pure_de_sitter,DOP853,full,1.6625,0.1662499999999999,0.1662499999999999,0.0,0.0,0.1,0.1,0.0,0.0,
pure_de_sitter,DOP853,full,1.675,0.1674999999999999,0.1674999999999999,0.0,0.0,0.1,0.1,0.0,0.0,
pure_de_sitter,DOP853,full,1.6875,0.1687499999999999,0.1687499999999999,0.0,0.0,0.1,0.1,0.0,0.0,
pure_de_sitter,DOP853,full,1.7000000000000002,0.16999999999999993,0.16999999999999993,0.0,0.0,0.1,0.1,0.0,0.0,
pure_de_sitter,DOP853,full,1.7125000000000001,0.17124999999999993,0.17124999999999993,0.0,0.0,0.1,0.1,0.0,0.0,
pure_de_sitter,DOP853,full,1.725,0.1724999999999999,0.1724999999999999,0.0,0.0,0.1,0.1,0.0,0.0,
pure_de_sitter,DOP853,full,1.7375,0.1737499999999999,0.1737499999999999,0.0,0.0,0.1,0.1,0.0,0.0,
pure_de_sitter,DOP853,full,1.75,0.17499999999999988,0.17499999999999988,0.0,0.0,0.1,0.1,0.0,0.0,
pure_de_sitter,DOP853,full,1.7625000000000002,0.1762499999999999,0.1762499999999999,0.0,0.0,0.1,0.1,0.0,0.0,
pure_de_sitter,DOP853,full,1.7750000000000001,0.17749999999999988,0.17749999999999988,0.0,0.0,0.1,0.1,0.0,0.0,
pure_de_sitter,DOP853,full,1.7875,0.17874999999999988,0.17874999999999988,0.0,0.0,0.1,0.1,0.0,0.0,
pure_de_sitter,DOP853,full,1.8,0.17999999999999988,0.17999999999999988,0.0,0.0,0.1,0.1,0.0,0.0,
pure_de_sitter,DOP853,full,1.8125,0.18124999999999988,0.18124999999999988,0.0,0.0,0.1,0.1,0.0,0.0,
pure_de_sitter,DOP853,full,1.8250000000000002,0.1824999999999999,0.1824999999999999,0.0,0.0,0.1,0.1,0.0,0.0,
pure_de_sitter,DOP853,full,1.8375000000000001,0.1837499999999999,0.1837499999999999,0.0,0.0,0.1,0.1,0.0,0.0,
pure_de_sitter,DOP853,full,1.85,0.18499999999999991,0.18499999999999991,0.0,0.0,0.1,0.1,0.0,0.0,
pure_de_sitter,DOP853,full,1.8625,0.18624999999999992,0.18624999999999992,0.0,0.0,0.1,0.1,0.0,0.0,
pure_de_sitter,DOP853,full,1.875,0.1874999999999999,0.1874999999999999,0.0,0.0,0.1,0.1,0.0,0.0,
pure_de_sitter,DOP853,full,1.8875000000000002,0.18874999999999992,0.18874999999999992,0.0,0.0,0.1,0.1,0.0,0.0,
pure_de_sitter,DOP853,full,1.9000000000000001,0.1899999999999999,0.1899999999999999,0.0,0.0,0.1,0.1,0.0,0.0,
pure_de_sitter,DOP853,full,1.9125,0.1912499999999999,0.1912499999999999,0.0,0.0,0.1,0.1,0.0,0.0,
pure_de_sitter,DOP853,full,1.925,0.1924999999999999,0.1924999999999999,0.0,0.0,0.1,0.1,0.0,0.0,
pure_de_sitter,DOP853,full,1.9375,0.19374999999999987,0.19374999999999987,0.0,0.0,0.1,0.1,0.0,0.0,
pure_de_sitter,DOP853,full,1.9500000000000002,0.1949999999999999,0.1949999999999999,0.0,0.0,0.1,0.1,0.0,0.0,
pure_de_sitter,DOP853,full,1.9625000000000001,0.1962499999999999,0.1962499999999999,0.0,0.0,0.1,0.1,0.0,0.0,
pure_de_sitter,DOP853,full,1.975,0.1974999999999999,0.1974999999999999,0.0,0.0,0.1,0.1,0.0,0.0,
pure_de_sitter,DOP853,full,1.9875,0.1987499999999999,0.1987499999999999,0.0,0.0,0.1,0.1,0.0,0.0,
pure_de_sitter,DOP853,full,2.0,0.1999999999999999,0.1999999999999999,0.0,0.0,0.1,0.1,0.0,0.0,
pure_de_sitter,DOP853,reduced_flux_recovered,0.0,0.0,0.0,0.0,0.0,0.1,0.1,0.0,0.0,
pure_de_sitter,DOP853,reduced_flux_recovered,0.0125,0.0012499999999999948,0.0012499999999999948,0.0,0.0,0.1,0.1,0.0,0.0,
pure_de_sitter,DOP853,reduced_flux_recovered,0.025,0.002499999999999998,0.002499999999999998,0.0,0.0,0.1,0.1,0.0,0.0,
pure_de_sitter,DOP853,reduced_flux_recovered,0.037500000000000006,0.003749999999999999,0.003749999999999999,0.0,0.0,0.1,0.1,0.0,0.0,
pure_de_sitter,DOP853,reduced_flux_recovered,0.05,0.004999999999999997,0.004999999999999997,0.0,0.0,0.1,0.1,0.0,0.0,
pure_de_sitter,DOP853,reduced_flux_recovered,0.0625,0.006249999999999991,0.006249999999999991,0.0,0.0,0.1,0.1,0.0,0.0,
pure_de_sitter,DOP853,reduced_flux_recovered,0.07500000000000001,0.007499999999999984,0.007499999999999984,0.0,0.0,0.1,0.1,0.0,0.0,
pure_de_sitter,DOP853,reduced_flux_recovered,0.08750000000000001,0.008749999999999977,0.008749999999999977,0.0,0.0,0.1,0.1,0.0,0.0,
pure_de_sitter,DOP853,reduced_flux_recovered,0.1,0.009999999999999969,0.009999999999999969,0.0,0.0,0.1,0.1,0.0,0.0,
pure_de_sitter,DOP853,reduced_flux_recovered,0.1125,0.011249999999999965,0.011249999999999965,0.0,0.0,0.1,0.1,0.0,0.0,
pure_de_sitter,DOP853,reduced_flux_recovered,0.125,0.01249999999999996,0.01249999999999996,0.0,0.0,0.1,0.1,0.0,0.0,
pure_de_sitter,DOP853,reduced_flux_recovered,0.1375,0.013749999999999964,0.013749999999999964,0.0,0.0,0.1,0.1,0.0,0.0,
pure_de_sitter,DOP853,reduced_flux_recovered,0.15000000000000002,0.01499999999999997,0.01499999999999997,0.0,0.0,0.1,0.1,0.0,0.0,
pure_de_sitter,DOP853,reduced_flux_recovered,0.1625,0.016249999999999976,0.016249999999999976,0.0,0.0,0.1,0.1,0.0,0.0,
pure_de_sitter,DOP853,reduced_flux_recovered,0.17500000000000002,0.017499999999999984,0.017499999999999984,0.0,0.0,0.1,0.1,0.0,0.0,
pure_de_sitter,DOP853,reduced_flux_recovered,0.1875,0.018749999999999992,0.018749999999999992,0.0,0.0,0.1,0.1,0.0,0.0,
pure_de_sitter,DOP853,reduced_flux_recovered,0.2,0.01999999999999999,0.01999999999999999,0.0,0.0,0.1,0.1,0.0,0.0,
pure_de_sitter,DOP853,reduced_flux_recovered,0.21250000000000002,0.02124999999999999,0.02124999999999999,0.0,0.0,0.1,0.1,0.0,0.0,
pure_de_sitter,DOP853,reduced_flux_recovered,0.225,0.022499999999999985,0.022499999999999985,0.0,0.0,0.1,0.1,0.0,0.0,
pure_de_sitter,DOP853,reduced_flux_recovered,0.23750000000000002,0.02374999999999998,0.02374999999999998,0.0,0.0,0.1,0.1,0.0,0.0,
pure_de_sitter,DOP853,reduced_flux_recovered,0.25,0.02499999999999997,0.02499999999999997,0.0,0.0,0.1,0.1,0.0,0.0,
pure_de_sitter,DOP853,reduced_flux_recovered,0.2625,0.026249999999999964,0.026249999999999964,0.0,0.0,0.1,0.1,0.0,0.0,
pure_de_sitter,DOP853,reduced_flux_recovered,0.275,0.027499999999999962,0.027499999999999962,0.0,0.0,0.1,0.1,0.0,0.0,
pure_de_sitter,DOP853,reduced_flux_recovered,0.28750000000000003,0.028749999999999956,0.028749999999999956,0.0,0.0,0.1,0.1,0.0,0.0,
pure_de_sitter,DOP853,reduced_flux_recovered,0.30000000000000004,0.029999999999999957,0.029999999999999957,0.0,0.0,0.1,0.1,0.0,0.0,
pure_de_sitter,DOP853,reduced_flux_recovered,0.3125,0.03124999999999996,0.03124999999999996,0.0,0.0,0.1,0.1,0.0,0.0,
pure_de_sitter,DOP853,reduced_flux_recovered,0.325,0.03249999999999997,0.03249999999999997,0.0,0.0,0.1,0.1,0.0,0.0,
pure_de_sitter,DOP853,reduced_flux_recovered,0.3375,0.033749999999999974,0.033749999999999974,0.0,0.0,0.1,0.1,0.0,0.0,
pure_de_sitter,DOP853,reduced_flux_recovered,0.35000000000000003,0.03499999999999998,0.03499999999999998,0.0,0.0,0.1,0.1,0.0,0.0,
pure_de_sitter,DOP853,reduced_flux_recovered,0.36250000000000004,0.03624999999999999,0.03624999999999999,0.0,0.0,0.1,0.1,0.0,0.0,
pure_de_sitter,DOP853,reduced_flux_recovered,0.375,0.037499999999999985,0.037499999999999985,0.0,0.0,0.1,0.1,0.0,0.0,
pure_de_sitter,DOP853,reduced_flux_recovered,0.3875,0.03874999999999998,0.03874999999999998,0.0,0.0,0.1,0.1,0.0,0.0,
pure_de_sitter,DOP853,reduced_flux_recovered,0.4,0.03999999999999998,0.03999999999999998,0.0,0.0,0.1,0.1,0.0,0.0,
pure_de_sitter,DOP853,reduced_flux_recovered,0.41250000000000003,0.04124999999999997,0.04124999999999997,0.0,0.0,0.1,0.1,0.0,0.0,
pure_de_sitter,DOP853,reduced_flux_recovered,0.42500000000000004,0.04249999999999996,0.04249999999999996,0.0,0.0,0.1,0.1,0.0,0.0,
pure_de_sitter,DOP853,reduced_flux_recovered,0.4375,0.043749999999999956,0.043749999999999956,0.0,0.0,0.1,0.1,0.0,0.0,
pure_de_sitter,DOP853,reduced_flux_recovered,0.45,0.04499999999999995,0.04499999999999995,0.0,0.0,0.1,0.1,0.0,0.0,
pure_de_sitter,DOP853,reduced_flux_recovered,0.4625,0.04624999999999995,0.04624999999999995,0.0,0.0,0.1,0.1,0.0,0.0,
pure_de_sitter,DOP853,reduced_flux_recovered,0.47500000000000003,0.04749999999999996,0.04749999999999996,0.0,0.0,0.1,0.1,0.0,0.0,
pure_de_sitter,DOP853,reduced_flux_recovered,0.48750000000000004,0.04874999999999996,0.04874999999999996,0.0,0.0,0.1,0.1,0.0,0.0,
pure_de_sitter,DOP853,reduced_flux_recovered,0.5,0.04999999999999997,0.04999999999999997,0.0,0.0,0.1,0.1,0.0,0.0,
pure_de_sitter,DOP853,reduced_flux_recovered,0.5125000000000001,0.05124999999999998,0.05124999999999998,0.0,0.0,0.1,0.1,0.0,0.0,
pure_de_sitter,DOP853,reduced_flux_recovered,0.525,0.05249999999999998,0.05249999999999998,0.0,0.0,0.1,0.1,0.0,0.0,
pure_de_sitter,DOP853,reduced_flux_recovered,0.5375,0.05374999999999997,0.05374999999999997,0.0,0.0,0.1,0.1,0.0,0.0,
pure_de_sitter,DOP853,reduced_flux_recovered,0.55,0.05499999999999998,0.05499999999999998,0.0,0.0,0.1,0.1,0.0,0.0,
pure_de_sitter,DOP853,reduced_flux_recovered,0.5625,0.05624999999999997,0.05624999999999997,0.0,0.0,0.1,0.1,0.0,0.0,
pure_de_sitter,DOP853,reduced_flux_recovered,0.5750000000000001,0.05749999999999997,0.05749999999999997,0.0,0.0,0.1,0.1,0.0,0.0,
pure_de_sitter,DOP853,reduced_flux_recovered,0.5875,0.058749999999999955,0.058749999999999955,0.0,0.0,0.1,0.1,0.0,0.0,
pure_de_sitter,DOP853,reduced_flux_recovered,0.6000000000000001,0.059999999999999956,0.059999999999999956,0.0,0.0,0.1,0.1,0.0,0.0,
pure_de_sitter,DOP853,reduced_flux_recovered,0.6125,0.06124999999999994,0.06124999999999994,0.0,0.0,0.1,0.1,0.0,0.0,
pure_de_sitter,DOP853,reduced_flux_recovered,0.625,0.062499999999999944,0.062499999999999944,0.0,0.0,0.1,0.1,0.0,0.0,
pure_de_sitter,DOP853,reduced_flux_recovered,0.6375000000000001,0.06374999999999995,0.06374999999999995,0.0,0.0,0.1,0.1,0.0,0.0,
pure_de_sitter,DOP853,reduced_flux_recovered,0.65,0.06499999999999995,0.06499999999999995,0.0,0.0,0.1,0.1,0.0,0.0,
pure_de_sitter,DOP853,reduced_flux_recovered,0.6625000000000001,0.06624999999999996,0.06624999999999996,0.0,0.0,0.1,0.1,0.0,0.0,
pure_de_sitter,DOP853,reduced_flux_recovered,0.675,0.06749999999999998,0.06749999999999998,0.0,0.0,0.1,0.1,0.0,0.0,
pure_de_sitter,DOP853,reduced_flux_recovered,0.6875,0.06874999999999998,0.06874999999999998,0.0,0.0,0.1,0.1,0.0,0.0,
pure_de_sitter,DOP853,reduced_flux_recovered,0.7000000000000001,0.06999999999999998,0.06999999999999998,0.0,0.0,0.1,0.1,0.0,0.0,
pure_de_sitter,DOP853,reduced_flux_recovered,0.7125,0.07124999999999997,0.07124999999999997,0.0,0.0,0.1,0.1,0.0,0.0,
pure_de_sitter,DOP853,reduced_flux_recovered,0.7250000000000001,0.07249999999999997,0.07249999999999997,0.0,0.0,0.1,0.1,0.0,0.0,
pure_de_sitter,DOP853,reduced_flux_recovered,0.7375,0.07374999999999995,0.07374999999999995,0.0,0.0,0.1,0.1,0.0,0.0,
pure_de_sitter,DOP853,reduced_flux_recovered,0.75,0.07499999999999996,0.07499999999999996,0.0,0.0,0.1,0.1,0.0,0.0,
pure_de_sitter,DOP853,reduced_flux_recovered,0.7625000000000001,0.07624999999999994,0.07624999999999994,0.0,0.0,0.1,0.1,0.0,0.0,
pure_de_sitter,DOP853,reduced_flux_recovered,0.775,0.07749999999999993,0.07749999999999993,0.0,0.0,0.1,0.1,0.0,0.0,
pure_de_sitter,DOP853,reduced_flux_recovered,0.7875000000000001,0.07874999999999995,0.07874999999999995,0.0,0.0,0.1,0.1,0.0,0.0,
pure_de_sitter,DOP853,reduced_flux_recovered,0.8,0.07999999999999993,0.07999999999999993,0.0,0.0,0.1,0.1,0.0,0.0,
pure_de_sitter,DOP853,reduced_flux_recovered,0.8125,0.08124999999999993,0.08124999999999993,0.0,0.0,0.1,0.1,0.0,0.0,
pure_de_sitter,DOP853,reduced_flux_recovered,0.8250000000000001,0.08249999999999995,0.08249999999999995,0.0,0.0,0.1,0.1,0.0,0.0,
pure_de_sitter,DOP853,reduced_flux_recovered,0.8375,0.08374999999999995,0.08374999999999995,0.0,0.0,0.1,0.1,0.0,0.0,
pure_de_sitter,DOP853,reduced_flux_recovered,0.8500000000000001,0.08499999999999996,0.08499999999999996,0.0,0.0,0.1,0.1,0.0,0.0,
pure_de_sitter,DOP853,reduced_flux_recovered,0.8625,0.08624999999999997,0.08624999999999997,0.0,0.0,0.1,0.1,0.0,0.0,
pure_de_sitter,DOP853,reduced_flux_recovered,0.875,0.08749999999999995,0.08749999999999995,0.0,0.0,0.1,0.1,0.0,0.0,
pure_de_sitter,DOP853,reduced_flux_recovered,0.8875000000000001,0.08874999999999995,0.08874999999999995,0.0,0.0,0.1,0.1,0.0,0.0,
pure_de_sitter,DOP853,reduced_flux_recovered,0.9,0.08999999999999996,0.08999999999999996,0.0,0.0,0.1,0.1,0.0,0.0,
pure_de_sitter,DOP853,reduced_flux_recovered,0.9125000000000001,0.09124999999999994,0.09124999999999994,0.0,0.0,0.1,0.1,0.0,0.0,
pure_de_sitter,DOP853,reduced_flux_recovered,0.925,0.09249999999999993,0.09249999999999993,0.0,0.0,0.1,0.1,0.0,0.0,
pure_de_sitter,DOP853,reduced_flux_recovered,0.9375,0.09374999999999992,0.09374999999999992,0.0,0.0,0.1,0.1,0.0,0.0,
pure_de_sitter,DOP853,reduced_flux_recovered,0.9500000000000001,0.09499999999999992,0.09499999999999992,0.0,0.0,0.1,0.1,0.0,0.0,
pure_de_sitter,DOP853,reduced_flux_recovered,0.9625,0.09624999999999992,0.09624999999999992,0.0,0.0,0.1,0.1,0.0,0.0,
pure_de_sitter,DOP853,reduced_flux_recovered,0.9750000000000001,0.09749999999999993,0.09749999999999993,0.0,0.0,0.1,0.1,0.0,0.0,
pure_de_sitter,DOP853,reduced_flux_recovered,0.9875,0.09874999999999994,0.09874999999999994,0.0,0.0,0.1,0.1,0.0,0.0,
pure_de_sitter,DOP853,reduced_flux_recovered,1.0,0.09999999999999994,0.09999999999999994,0.0,0.0,0.1,0.1,0.0,0.0,
pure_de_sitter,DOP853,reduced_flux_recovered,1.0125,0.10124999999999994,0.10124999999999994,0.0,0.0,0.1,0.1,0.0,0.0,
pure_de_sitter,DOP853,reduced_flux_recovered,1.0250000000000001,0.10249999999999995,0.10249999999999995,0.0,0.0,0.1,0.1,0.0,0.0,
pure_de_sitter,DOP853,reduced_flux_recovered,1.0375,0.10374999999999995,0.10374999999999995,0.0,0.0,0.1,0.1,0.0,0.0,
pure_de_sitter,DOP853,reduced_flux_recovered,1.05,0.10499999999999994,0.10499999999999994,0.0,0.0,0.1,0.1,0.0,0.0,
pure_de_sitter,DOP853,reduced_flux_recovered,1.0625,0.10624999999999994,0.10624999999999994,0.0,0.0,0.1,0.1,0.0,0.0,
pure_de_sitter,DOP853,reduced_flux_recovered,1.075,0.10749999999999993,0.10749999999999993,0.0,0.0,0.1,0.1,0.0,0.0,
pure_de_sitter,DOP853,reduced_flux_recovered,1.0875000000000001,0.10874999999999993,0.10874999999999993,0.0,0.0,0.1,0.1,0.0,0.0,
pure_de_sitter,DOP853,reduced_flux_recovered,1.1,0.10999999999999992,0.10999999999999992,0.0,0.0,0.1,0.1,0.0,0.0,
pure_de_sitter,DOP853,reduced_flux_recovered,1.1125,0.11124999999999992,0.11124999999999992,0.0,0.0,0.1,0.1,0.0,0.0,
pure_de_sitter,DOP853,reduced_flux_recovered,1.125,0.1124999999999999,0.1124999999999999,0.0,0.0,0.1,0.1,0.0,0.0,
pure_de_sitter,DOP853,reduced_flux_recovered,1.1375,0.1137499999999999,0.1137499999999999,0.0,0.0,0.1,0.1,0.0,0.0,
pure_de_sitter,DOP853,reduced_flux_recovered,1.1500000000000001,0.11499999999999992,0.11499999999999992,0.0,0.0,0.1,0.1,0.0,0.0,
pure_de_sitter,DOP853,reduced_flux_recovered,1.1625,0.11624999999999994,0.11624999999999994,0.0,0.0,0.1,0.1,0.0,0.0,
pure_de_sitter,DOP853,reduced_flux_recovered,1.175,0.11749999999999994,0.11749999999999994,0.0,0.0,0.1,0.1,0.0,0.0,
pure_de_sitter,DOP853,reduced_flux_recovered,1.1875,0.11874999999999994,0.11874999999999994,0.0,0.0,0.1,0.1,0.0,0.0,
pure_de_sitter,DOP853,reduced_flux_recovered,1.2000000000000002,0.11999999999999995,0.11999999999999995,0.0,0.0,0.1,0.1,0.0,0.0,
pure_de_sitter,DOP853,reduced_flux_recovered,1.2125000000000001,0.12124999999999994,0.12124999999999994,0.0,0.0,0.1,0.1,0.0,0.0,
pure_de_sitter,DOP853,reduced_flux_recovered,1.225,0.12249999999999994,0.12249999999999994,0.0,0.0,0.1,0.1,0.0,0.0,
pure_de_sitter,DOP853,reduced_flux_recovered,1.2375,0.12374999999999993,0.12374999999999993,0.0,0.0,0.1,0.1,0.0,0.0,
pure_de_sitter,DOP853,reduced_flux_recovered,1.25,0.12499999999999992,0.12499999999999992,0.0,0.0,0.1,0.1,0.0,0.0,
pure_de_sitter,DOP853,reduced_flux_recovered,1.2625000000000002,0.12624999999999992,0.12624999999999992,0.0,0.0,0.1,0.1,0.0,0.0,
pure_de_sitter,DOP853,reduced_flux_recovered,1.2750000000000001,0.12749999999999992,0.12749999999999992,0.0,0.0,0.1,0.1,0.0,0.0,
pure_de_sitter,DOP853,reduced_flux_recovered,1.2875,0.12874999999999992,0.12874999999999992,0.0,0.0,0.1,0.1,0.0,0.0,
pure_de_sitter,DOP853,reduced_flux_recovered,1.3,0.1299999999999999,0.1299999999999999,0.0,0.0,0.1,0.1,0.0,0.0,
pure_de_sitter,DOP853,reduced_flux_recovered,1.3125,0.1312499999999999,0.1312499999999999,0.0,0.0,0.1,0.1,0.0,0.0,
pure_de_sitter,DOP853,reduced_flux_recovered,1.3250000000000002,0.13249999999999992,0.13249999999999992,0.0,0.0,0.1,0.1,0.0,0.0,
pure_de_sitter,DOP853,reduced_flux_recovered,1.3375000000000001,0.13374999999999992,0.13374999999999992,0.0,0.0,0.1,0.1,0.0,0.0,
pure_de_sitter,DOP853,reduced_flux_recovered,1.35,0.13499999999999993,0.13499999999999993,0.0,0.0,0.1,0.1,0.0,0.0,
pure_de_sitter,DOP853,reduced_flux_recovered,1.3625,0.13624999999999993,0.13624999999999993,0.0,0.0,0.1,0.1,0.0,0.0,
pure_de_sitter,DOP853,reduced_flux_recovered,1.375,0.13749999999999993,0.13749999999999993,0.0,0.0,0.1,0.1,0.0,0.0,
pure_de_sitter,DOP853,reduced_flux_recovered,1.3875000000000002,0.13874999999999993,0.13874999999999993,0.0,0.0,0.1,0.1,0.0,0.0,
pure_de_sitter,DOP853,reduced_flux_recovered,1.4000000000000001,0.13999999999999993,0.13999999999999993,0.0,0.0,0.1,0.1,0.0,0.0,
pure_de_sitter,DOP853,reduced_flux_recovered,1.4125,0.1412499999999999,0.1412499999999999,0.0,0.0,0.1,0.1,0.0,0.0,
pure_de_sitter,DOP853,reduced_flux_recovered,1.425,0.1424999999999999,0.1424999999999999,0.0,0.0,0.1,0.1,0.0,0.0,
pure_de_sitter,DOP853,reduced_flux_recovered,1.4375,0.14374999999999988,0.14374999999999988,0.0,0.0,0.1,0.1,0.0,0.0,
pure_de_sitter,DOP853,reduced_flux_recovered,1.4500000000000002,0.1449999999999999,0.1449999999999999,0.0,0.0,0.1,0.1,0.0,0.0,
pure_de_sitter,DOP853,reduced_flux_recovered,1.4625000000000001,0.1462499999999999,0.1462499999999999,0.0,0.0,0.1,0.1,0.0,0.0,
pure_de_sitter,DOP853,reduced_flux_recovered,1.475,0.1474999999999999,0.1474999999999999,0.0,0.0,0.1,0.1,0.0,0.0,
pure_de_sitter,DOP853,reduced_flux_recovered,1.4875,0.1487499999999999,0.1487499999999999,0.0,0.0,0.1,0.1,0.0,0.0,
pure_de_sitter,DOP853,reduced_flux_recovered,1.5,0.1499999999999999,0.1499999999999999,0.0,0.0,0.1,0.1,0.0,0.0,
pure_de_sitter,DOP853,reduced_flux_recovered,1.5125000000000002,0.15124999999999994,0.15124999999999994,0.0,0.0,0.1,0.1,0.0,0.0,
pure_de_sitter,DOP853,reduced_flux_recovered,1.5250000000000001,0.1524999999999999,0.1524999999999999,0.0,0.0,0.1,0.1,0.0,0.0,
pure_de_sitter,DOP853,reduced_flux_recovered,1.5375,0.15374999999999991,0.15374999999999991,0.0,0.0,0.1,0.1,0.0,0.0,
pure_de_sitter,DOP853,reduced_flux_recovered,1.55,0.15499999999999992,0.15499999999999992,0.0,0.0,0.1,0.1,0.0,0.0,
pure_de_sitter,DOP853,reduced_flux_recovered,1.5625,0.15624999999999992,0.15624999999999992,0.0,0.0,0.1,0.1,0.0,0.0,
pure_de_sitter,DOP853,reduced_flux_recovered,1.5750000000000002,0.15749999999999992,0.15749999999999992,0.0,0.0,0.1,0.1,0.0,0.0,
pure_de_sitter,DOP853,reduced_flux_recovered,1.5875000000000001,0.1587499999999999,0.1587499999999999,0.0,0.0,0.1,0.1,0.0,0.0,
pure_de_sitter,DOP853,reduced_flux_recovered,1.6,0.1599999999999999,0.1599999999999999,0.0,0.0,0.1,0.1,0.0,0.0,
pure_de_sitter,DOP853,reduced_flux_recovered,1.6125,0.1612499999999999,0.1612499999999999,0.0,0.0,0.1,0.1,0.0,0.0,
pure_de_sitter,DOP853,reduced_flux_recovered,1.625,0.16249999999999987,0.16249999999999987,0.0,0.0,0.1,0.1,0.0,0.0,
pure_de_sitter,DOP853,reduced_flux_recovered,1.6375000000000002,0.1637499999999999,0.1637499999999999,0.0,0.0,0.1,0.1,0.0,0.0,
pure_de_sitter,DOP853,reduced_flux_recovered,1.6500000000000001,0.1649999999999999,0.1649999999999999,0.0,0.0,0.1,0.1,0.0,0.0,
pure_de_sitter,DOP853,reduced_flux_recovered,1.6625,0.1662499999999999,0.1662499999999999,0.0,0.0,0.1,0.1,0.0,0.0,
pure_de_sitter,DOP853,reduced_flux_recovered,1.675,0.1674999999999999,0.1674999999999999,0.0,0.0,0.1,0.1,0.0,0.0,
pure_de_sitter,DOP853,reduced_flux_recovered,1.6875,0.1687499999999999,0.1687499999999999,0.0,0.0,0.1,0.1,0.0,0.0,
pure_de_sitter,DOP853,reduced_flux_recovered,1.7000000000000002,0.16999999999999993,0.16999999999999993,0.0,0.0,0.1,0.1,0.0,0.0,
pure_de_sitter,DOP853,reduced_flux_recovered,1.7125000000000001,0.1712499999999999,0.1712499999999999,0.0,0.0,0.1,0.1,0.0,0.0,
pure_de_sitter,DOP853,reduced_flux_recovered,1.725,0.1724999999999999,0.1724999999999999,0.0,0.0,0.1,0.1,0.0,0.0,
pure_de_sitter,DOP853,reduced_flux_recovered,1.7375,0.1737499999999999,0.1737499999999999,0.0,0.0,0.1,0.1,0.0,0.0,
pure_de_sitter,DOP853,reduced_flux_recovered,1.75,0.17499999999999988,0.17499999999999988,0.0,0.0,0.1,0.1,0.0,0.0,
pure_de_sitter,DOP853,reduced_flux_recovered,1.7625000000000002,0.17624999999999988,0.17624999999999988,0.0,0.0,0.1,0.1,0.0,0.0,
pure_de_sitter,DOP853,reduced_flux_recovered,1.7750000000000001,0.17749999999999988,0.17749999999999988,0.0,0.0,0.1,0.1,0.0,0.0,
pure_de_sitter,DOP853,reduced_flux_recovered,1.7875,0.17874999999999988,0.17874999999999988,0.0,0.0,0.1,0.1,0.0,0.0,
pure_de_sitter,DOP853,reduced_flux_recovered,1.8,0.17999999999999985,0.17999999999999985,0.0,0.0,0.1,0.1,0.0,0.0,
pure_de_sitter,DOP853,reduced_flux_recovered,1.8125,0.18124999999999986,0.18124999999999986,0.0,0.0,0.1,0.1,0.0,0.0,
pure_de_sitter,DOP853,reduced_flux_recovered,1.8250000000000002,0.18249999999999988,0.18249999999999988,0.0,0.0,0.1,0.1,0.0,0.0,
pure_de_sitter,DOP853,reduced_flux_recovered,1.8375000000000001,0.18374999999999989,0.18374999999999989,0.0,0.0,0.1,0.1,0.0,0.0,
pure_de_sitter,DOP853,reduced_flux_recovered,1.85,0.1849999999999999,0.1849999999999999,0.0,0.0,0.1,0.1,0.0,0.0,
pure_de_sitter,DOP853,reduced_flux_recovered,1.8625,0.1862499999999999,0.1862499999999999,0.0,0.0,0.1,0.1,0.0,0.0,
pure_de_sitter,DOP853,reduced_flux_recovered,1.875,0.1874999999999999,0.1874999999999999,0.0,0.0,0.1,0.1,0.0,0.0,
pure_de_sitter,DOP853,reduced_flux_recovered,1.8875000000000002,0.1887499999999999,0.1887499999999999,0.0,0.0,0.1,0.1,0.0,0.0,
pure_de_sitter,DOP853,reduced_flux_recovered,1.9000000000000001,0.1899999999999999,0.1899999999999999,0.0,0.0,0.1,0.1,0.0,0.0,
pure_de_sitter,DOP853,reduced_flux_recovered,1.9125,0.19124999999999986,0.19124999999999986,0.0,0.0,0.1,0.1,0.0,0.0,
pure_de_sitter,DOP853,reduced_flux_recovered,1.925,0.19249999999999987,0.19249999999999987,0.0,0.0,0.1,0.1,0.0,0.0,
pure_de_sitter,DOP853,reduced_flux_recovered,1.9375,0.19374999999999987,0.19374999999999987,0.0,0.0,0.1,0.1,0.0,0.0,
pure_de_sitter,DOP853,reduced_flux_recovered,1.9500000000000002,0.19499999999999987,0.19499999999999987,0.0,0.0,0.1,0.1,0.0,0.0,
pure_de_sitter,DOP853,reduced_flux_recovered,1.9625000000000001,0.19624999999999987,0.19624999999999987,0.0,0.0,0.1,0.1,0.0,0.0,
pure_de_sitter,DOP853,reduced_flux_recovered,1.975,0.19749999999999987,0.19749999999999987,0.0,0.0,0.1,0.1,0.0,0.0,
pure_de_sitter,DOP853,reduced_flux_recovered,1.9875,0.19874999999999987,0.19874999999999987,0.0,0.0,0.1,0.1,0.0,0.0,
pure_de_sitter,DOP853,reduced_flux_recovered,2.0,0.19999999999999987,0.19999999999999987,0.0,0.0,0.1,0.1,0.0,0.0,
pure_de_sitter,DOP853,wrong_model,0.0,0.0,0.0,0.0,0.0,0.1,0.1,0.0,0.0,0.0
pure_de_sitter,DOP853,wrong_model,0.0125,0.001249999999999995,0.001249999999999995,0.0,0.0,0.1,0.1,0.0,0.0,0.0
pure_de_sitter,DOP853,wrong_model,0.025,0.002499999999999998,0.002499999999999998,0.0,0.0,0.1,0.1,0.0,0.0,0.0
pure_de_sitter,DOP853,wrong_model,0.037500000000000006,0.003749999999999999,0.003749999999999999,0.0,0.0,0.1,0.1,0.0,0.0,0.0
pure_de_sitter,DOP853,wrong_model,0.05,0.0049999999999999975,0.0049999999999999975,0.0,0.0,0.1,0.1,0.0,0.0,0.0
pure_de_sitter,DOP853,wrong_model,0.0625,0.006249999999999992,0.006249999999999992,0.0,0.0,0.1,0.1,0.0,0.0,0.0
pure_de_sitter,DOP853,wrong_model,0.07500000000000001,0.007499999999999986,0.007499999999999986,0.0,0.0,0.1,0.1,0.0,0.0,0.0
pure_de_sitter,DOP853,wrong_model,0.08750000000000001,0.008749999999999977,0.008749999999999977,0.0,0.0,0.1,0.1,0.0,0.0,0.0
pure_de_sitter,DOP853,wrong_model,0.1,0.009999999999999969,0.009999999999999969,0.0,0.0,0.1,0.1,0.0,0.0,0.0
pure_de_sitter,DOP853,wrong_model,0.1125,0.011249999999999965,0.011249999999999965,0.0,0.0,0.1,0.1,0.0,0.0,0.0
pure_de_sitter,DOP853,wrong_model,0.125,0.012499999999999959,0.012499999999999959,0.0,0.0,0.1,0.1,0.0,0.0,0.0
pure_de_sitter,DOP853,wrong_model,0.1375,0.013749999999999964,0.013749999999999964,0.0,0.0,0.1,0.1,0.0,0.0,0.0
pure_de_sitter,DOP853,wrong_model,0.15000000000000002,0.014999999999999972,0.014999999999999972,0.0,0.0,0.1,0.1,0.0,0.0,0.0
pure_de_sitter,DOP853,wrong_model,0.1625,0.016249999999999976,0.016249999999999976,0.0,0.0,0.1,0.1,0.0,0.0,0.0
pure_de_sitter,DOP853,wrong_model,0.17500000000000002,0.017499999999999984,0.017499999999999984,0.0,0.0,0.1,0.1,0.0,0.0,0.0
pure_de_sitter,DOP853,wrong_model,0.1875,0.01874999999999999,0.01874999999999999,0.0,0.0,0.1,0.1,0.0,0.0,0.0
pure_de_sitter,DOP853,wrong_model,0.2,0.01999999999999999,0.01999999999999999,0.0,0.0,0.1,0.1,0.0,0.0,0.0
pure_de_sitter,DOP853,wrong_model,0.21250000000000002,0.02124999999999999,0.02124999999999999,0.0,0.0,0.1,0.1,0.0,0.0,0.0
pure_de_sitter,DOP853,wrong_model,0.225,0.022499999999999985,0.022499999999999985,0.0,0.0,0.1,0.1,0.0,0.0,0.0
pure_de_sitter,DOP853,wrong_model,0.23750000000000002,0.02374999999999998,0.02374999999999998,0.0,0.0,0.1,0.1,0.0,0.0,0.0
pure_de_sitter,DOP853,wrong_model,0.25,0.02499999999999997,0.02499999999999997,0.0,0.0,0.1,0.1,0.0,0.0,0.0
pure_de_sitter,DOP853,wrong_model,0.2625,0.026249999999999964,0.026249999999999964,0.0,0.0,0.1,0.1,0.0,0.0,0.0
pure_de_sitter,DOP853,wrong_model,0.275,0.027499999999999962,0.027499999999999962,0.0,0.0,0.1,0.1,0.0,0.0,0.0
pure_de_sitter,DOP853,wrong_model,0.28750000000000003,0.02874999999999996,0.02874999999999996,0.0,0.0,0.1,0.1,0.0,0.0,0.0
pure_de_sitter,DOP853,wrong_model,0.30000000000000004,0.02999999999999996,0.02999999999999996,0.0,0.0,0.1,0.1,0.0,0.0,0.0
pure_de_sitter,DOP853,wrong_model,0.3125,0.031249999999999962,0.031249999999999962,0.0,0.0,0.1,0.1,0.0,0.0,0.0
pure_de_sitter,DOP853,wrong_model,0.325,0.03249999999999997,0.03249999999999997,0.0,0.0,0.1,0.1,0.0,0.0,0.0
pure_de_sitter,DOP853,wrong_model,0.3375,0.033749999999999974,0.033749999999999974,0.0,0.0,0.1,0.1,0.0,0.0,0.0
pure_de_sitter,DOP853,wrong_model,0.35000000000000003,0.03499999999999998,0.03499999999999998,0.0,0.0,0.1,0.1,0.0,0.0,0.0
pure_de_sitter,DOP853,wrong_model,0.36250000000000004,0.03624999999999999,0.03624999999999999,0.0,0.0,0.1,0.1,0.0,0.0,0.0
pure_de_sitter,DOP853,wrong_model,0.375,0.037499999999999985,0.037499999999999985,0.0,0.0,0.1,0.1,0.0,0.0,0.0
pure_de_sitter,DOP853,wrong_model,0.3875,0.03874999999999998,0.03874999999999998,0.0,0.0,0.1,0.1,0.0,0.0,0.0
pure_de_sitter,DOP853,wrong_model,0.4,0.03999999999999998,0.03999999999999998,0.0,0.0,0.1,0.1,0.0,0.0,0.0
pure_de_sitter,DOP853,wrong_model,0.41250000000000003,0.04124999999999997,0.04124999999999997,0.0,0.0,0.1,0.1,0.0,0.0,0.0
pure_de_sitter,DOP853,wrong_model,0.42500000000000004,0.04249999999999996,0.04249999999999996,0.0,0.0,0.1,0.1,0.0,0.0,0.0
pure_de_sitter,DOP853,wrong_model,0.4375,0.043749999999999956,0.043749999999999956,0.0,0.0,0.1,0.1,0.0,0.0,0.0
pure_de_sitter,DOP853,wrong_model,0.45,0.04499999999999995,0.04499999999999995,0.0,0.0,0.1,0.1,0.0,0.0,0.0
pure_de_sitter,DOP853,wrong_model,0.4625,0.04624999999999995,0.04624999999999995,0.0,0.0,0.1,0.1,0.0,0.0,0.0
pure_de_sitter,DOP853,wrong_model,0.47500000000000003,0.04749999999999995,0.04749999999999995,0.0,0.0,0.1,0.1,0.0,0.0,0.0
pure_de_sitter,DOP853,wrong_model,0.48750000000000004,0.04874999999999996,0.04874999999999996,0.0,0.0,0.1,0.1,0.0,0.0,0.0
pure_de_sitter,DOP853,wrong_model,0.5,0.04999999999999997,0.04999999999999997,0.0,0.0,0.1,0.1,0.0,0.0,0.0
pure_de_sitter,DOP853,wrong_model,0.5125000000000001,0.05124999999999998,0.05124999999999998,0.0,0.0,0.1,0.1,0.0,0.0,0.0
pure_de_sitter,DOP853,wrong_model,0.525,0.05249999999999998,0.05249999999999998,0.0,0.0,0.1,0.1,0.0,0.0,0.0
pure_de_sitter,DOP853,wrong_model,0.5375,0.05374999999999998,0.05374999999999998,0.0,0.0,0.1,0.1,0.0,0.0,0.0
pure_de_sitter,DOP853,wrong_model,0.55,0.05499999999999998,0.05499999999999998,0.0,0.0,0.1,0.1,0.0,0.0,0.0
pure_de_sitter,DOP853,wrong_model,0.5625,0.056249999999999974,0.056249999999999974,0.0,0.0,0.1,0.1,0.0,0.0,0.0
pure_de_sitter,DOP853,wrong_model,0.5750000000000001,0.057499999999999975,0.057499999999999975,0.0,0.0,0.1,0.1,0.0,0.0,0.0
pure_de_sitter,DOP853,wrong_model,0.5875,0.05874999999999996,0.05874999999999996,0.0,0.0,0.1,0.1,0.0,0.0,0.0
pure_de_sitter,DOP853,wrong_model,0.6000000000000001,0.05999999999999996,0.05999999999999996,0.0,0.0,0.1,0.1,0.0,0.0,0.0
pure_de_sitter,DOP853,wrong_model,0.6125,0.06124999999999995,0.06124999999999995,0.0,0.0,0.1,0.1,0.0,0.0,0.0
pure_de_sitter,DOP853,wrong_model,0.625,0.062499999999999944,0.062499999999999944,0.0,0.0,0.1,0.1,0.0,0.0,0.0
pure_de_sitter,DOP853,wrong_model,0.6375000000000001,0.06374999999999996,0.06374999999999996,0.0,0.0,0.1,0.1,0.0,0.0,0.0
pure_de_sitter,DOP853,wrong_model,0.65,0.06499999999999996,0.06499999999999996,0.0,0.0,0.1,0.1,0.0,0.0,0.0
pure_de_sitter,DOP853,wrong_model,0.6625000000000001,0.06624999999999998,0.06624999999999998,0.0,0.0,0.1,0.1,0.0,0.0,0.0
pure_de_sitter,DOP853,wrong_model,0.675,0.06749999999999998,0.06749999999999998,0.0,0.0,0.1,0.1,0.0,0.0,0.0
pure_de_sitter,DOP853,wrong_model,0.6875,0.06874999999999998,0.06874999999999998,0.0,0.0,0.1,0.1,0.0,0.0,0.0
pure_de_sitter,DOP853,wrong_model,0.7000000000000001,0.06999999999999998,0.06999999999999998,0.0,0.0,0.1,0.1,0.0,0.0,0.0
pure_de_sitter,DOP853,wrong_model,0.7125,0.07124999999999998,0.07124999999999998,0.0,0.0,0.1,0.1,0.0,0.0,0.0
pure_de_sitter,DOP853,wrong_model,0.7250000000000001,0.07249999999999998,0.07249999999999998,0.0,0.0,0.1,0.1,0.0,0.0,0.0
pure_de_sitter,DOP853,wrong_model,0.7375,0.07374999999999997,0.07374999999999997,0.0,0.0,0.1,0.1,0.0,0.0,0.0
pure_de_sitter,DOP853,wrong_model,0.75,0.07499999999999996,0.07499999999999996,0.0,0.0,0.1,0.1,0.0,0.0,0.0
pure_de_sitter,DOP853,wrong_model,0.7625000000000001,0.07624999999999996,0.07624999999999996,0.0,0.0,0.1,0.1,0.0,0.0,0.0
pure_de_sitter,DOP853,wrong_model,0.775,0.07749999999999996,0.07749999999999996,0.0,0.0,0.1,0.1,0.0,0.0,0.0
pure_de_sitter,DOP853,wrong_model,0.7875000000000001,0.07874999999999996,0.07874999999999996,0.0,0.0,0.1,0.1,0.0,0.0,0.0
pure_de_sitter,DOP853,wrong_model,0.8,0.07999999999999995,0.07999999999999995,0.0,0.0,0.1,0.1,0.0,0.0,0.0
pure_de_sitter,DOP853,wrong_model,0.8125,0.08124999999999995,0.08124999999999995,0.0,0.0,0.1,0.1,0.0,0.0,0.0
pure_de_sitter,DOP853,wrong_model,0.8250000000000001,0.08249999999999996,0.08249999999999996,0.0,0.0,0.1,0.1,0.0,0.0,0.0
pure_de_sitter,DOP853,wrong_model,0.8375,0.08374999999999998,0.08374999999999998,0.0,0.0,0.1,0.1,0.0,0.0,0.0
pure_de_sitter,DOP853,wrong_model,0.8500000000000001,0.08499999999999998,0.08499999999999998,0.0,0.0,0.1,0.1,0.0,0.0,0.0
pure_de_sitter,DOP853,wrong_model,0.8625,0.08624999999999998,0.08624999999999998,0.0,0.0,0.1,0.1,0.0,0.0,0.0
pure_de_sitter,DOP853,wrong_model,0.875,0.08749999999999998,0.08749999999999998,0.0,0.0,0.1,0.1,0.0,0.0,0.0
pure_de_sitter,DOP853,wrong_model,0.8875000000000001,0.08874999999999998,0.08874999999999998,0.0,0.0,0.1,0.1,0.0,0.0,0.0
pure_de_sitter,DOP853,wrong_model,0.9,0.08999999999999997,0.08999999999999997,0.0,0.0,0.1,0.1,0.0,0.0,0.0
pure_de_sitter,DOP853,wrong_model,0.9125000000000001,0.09124999999999997,0.09124999999999997,0.0,0.0,0.1,0.1,0.0,0.0,0.0
pure_de_sitter,DOP853,wrong_model,0.925,0.09249999999999996,0.09249999999999996,0.0,0.0,0.1,0.1,0.0,0.0,0.0
pure_de_sitter,DOP853,wrong_model,0.9375,0.09374999999999994,0.09374999999999994,0.0,0.0,0.1,0.1,0.0,0.0,0.0
pure_de_sitter,DOP853,wrong_model,0.9500000000000001,0.09499999999999995,0.09499999999999995,0.0,0.0,0.1,0.1,0.0,0.0,0.0
pure_de_sitter,DOP853,wrong_model,0.9625,0.09624999999999995,0.09624999999999995,0.0,0.0,0.1,0.1,0.0,0.0,0.0
pure_de_sitter,DOP853,wrong_model,0.9750000000000001,0.09749999999999995,0.09749999999999995,0.0,0.0,0.1,0.1,0.0,0.0,0.0
pure_de_sitter,DOP853,wrong_model,0.9875,0.09874999999999995,0.09874999999999995,0.0,0.0,0.1,0.1,0.0,0.0,0.0
pure_de_sitter,DOP853,wrong_model,1.0,0.09999999999999995,0.09999999999999995,0.0,0.0,0.1,0.1,0.0,0.0,0.0
pure_de_sitter,DOP853,wrong_model,1.0125,0.10124999999999995,0.10124999999999995,0.0,0.0,0.1,0.1,0.0,0.0,0.0
pure_de_sitter,DOP853,wrong_model,1.0250000000000001,0.10249999999999998,0.10249999999999998,0.0,0.0,0.1,0.1,0.0,0.0,0.0
pure_de_sitter,DOP853,wrong_model,1.0375,0.10374999999999998,0.10374999999999998,0.0,0.0,0.1,0.1,0.0,0.0,0.0
pure_de_sitter,DOP853,wrong_model,1.05,0.10499999999999997,0.10499999999999997,0.0,0.0,0.1,0.1,0.0,0.0,0.0
pure_de_sitter,DOP853,wrong_model,1.0625,0.10624999999999996,0.10624999999999996,0.0,0.0,0.1,0.1,0.0,0.0,0.0
pure_de_sitter,DOP853,wrong_model,1.075,0.10749999999999994,0.10749999999999994,0.0,0.0,0.1,0.1,0.0,0.0,0.0
pure_de_sitter,DOP853,wrong_model,1.0875000000000001,0.10874999999999996,0.10874999999999996,0.0,0.0,0.1,0.1,0.0,0.0,0.0
pure_de_sitter,DOP853,wrong_model,1.1,0.10999999999999995,0.10999999999999995,0.0,0.0,0.1,0.1,0.0,0.0,0.0
pure_de_sitter,DOP853,wrong_model,1.1125,0.11124999999999993,0.11124999999999993,0.0,0.0,0.1,0.1,0.0,0.0,0.0
pure_de_sitter,DOP853,wrong_model,1.125,0.11249999999999993,0.11249999999999993,0.0,0.0,0.1,0.1,0.0,0.0,0.0
pure_de_sitter,DOP853,wrong_model,1.1375,0.11374999999999992,0.11374999999999992,0.0,0.0,0.1,0.1,0.0,0.0,0.0
pure_de_sitter,DOP853,wrong_model,1.1500000000000001,0.11499999999999995,0.11499999999999995,0.0,0.0,0.1,0.1,0.0,0.0,0.0
pure_de_sitter,DOP853,wrong_model,1.1625,0.11624999999999995,0.11624999999999995,0.0,0.0,0.1,0.1,0.0,0.0,0.0
pure_de_sitter,DOP853,wrong_model,1.175,0.11749999999999995,0.11749999999999995,0.0,0.0,0.1,0.1,0.0,0.0,0.0
pure_de_sitter,DOP853,wrong_model,1.1875,0.11874999999999995,0.11874999999999995,0.0,0.0,0.1,0.1,0.0,0.0,0.0
pure_de_sitter,DOP853,wrong_model,1.2000000000000002,0.11999999999999997,0.11999999999999997,0.0,0.0,0.1,0.1,0.0,0.0,0.0
pure_de_sitter,DOP853,wrong_model,1.2125000000000001,0.12124999999999997,0.12124999999999997,0.0,0.0,0.1,0.1,0.0,0.0,0.0
pure_de_sitter,DOP853,wrong_model,1.225,0.12249999999999996,0.12249999999999996,0.0,0.0,0.1,0.1,0.0,0.0,0.0
pure_de_sitter,DOP853,wrong_model,1.2375,0.12374999999999994,0.12374999999999994,0.0,0.0,0.1,0.1,0.0,0.0,0.0
pure_de_sitter,DOP853,wrong_model,1.25,0.12499999999999993,0.12499999999999993,0.0,0.0,0.1,0.1,0.0,0.0,0.0
pure_de_sitter,DOP853,wrong_model,1.2625000000000002,0.12624999999999995,0.12624999999999995,0.0,0.0,0.1,0.1,0.0,0.0,0.0
pure_de_sitter,DOP853,wrong_model,1.2750000000000001,0.12749999999999995,0.12749999999999995,0.0,0.0,0.1,0.1,0.0,0.0,0.0
pure_de_sitter,DOP853,wrong_model,1.2875,0.12874999999999992,0.12874999999999992,0.0,0.0,0.1,0.1,0.0,0.0,0.0
pure_de_sitter,DOP853,wrong_model,1.3,0.12999999999999992,0.12999999999999992,0.0,0.0,0.1,0.1,0.0,0.0,0.0
pure_de_sitter,DOP853,wrong_model,1.3125,0.13124999999999992,0.13124999999999992,0.0,0.0,0.1,0.1,0.0,0.0,0.0
pure_de_sitter,DOP853,wrong_model,1.3250000000000002,0.13249999999999995,0.13249999999999995,0.0,0.0,0.1,0.1,0.0,0.0,0.0
pure_de_sitter,DOP853,wrong_model,1.3375000000000001,0.13374999999999995,0.13374999999999995,0.0,0.0,0.1,0.1,0.0,0.0,0.0
pure_de_sitter,DOP853,wrong_model,1.35,0.13499999999999995,0.13499999999999995,0.0,0.0,0.1,0.1,0.0,0.0,0.0
pure_de_sitter,DOP853,wrong_model,1.3625,0.13624999999999995,0.13624999999999995,0.0,0.0,0.1,0.1,0.0,0.0,0.0
pure_de_sitter,DOP853,wrong_model,1.375,0.13749999999999996,0.13749999999999996,0.0,0.0,0.1,0.1,0.0,0.0,0.0
pure_de_sitter,DOP853,wrong_model,1.3875000000000002,0.13874999999999996,0.13874999999999996,0.0,0.0,0.1,0.1,0.0,0.0,0.0
pure_de_sitter,DOP853,wrong_model,1.4000000000000001,0.13999999999999996,0.13999999999999996,0.0,0.0,0.1,0.1,0.0,0.0,0.0
pure_de_sitter,DOP853,wrong_model,1.4125,0.14124999999999993,0.14124999999999993,0.0,0.0,0.1,0.1,0.0,0.0,0.0
pure_de_sitter,DOP853,wrong_model,1.425,0.14249999999999993,0.14249999999999993,0.0,0.0,0.1,0.1,0.0,0.0,0.0
pure_de_sitter,DOP853,wrong_model,1.4375,0.1437499999999999,0.1437499999999999,0.0,0.0,0.1,0.1,0.0,0.0,0.0
pure_de_sitter,DOP853,wrong_model,1.4500000000000002,0.14499999999999993,0.14499999999999993,0.0,0.0,0.1,0.1,0.0,0.0,0.0
pure_de_sitter,DOP853,wrong_model,1.4625000000000001,0.1462499999999999,0.1462499999999999,0.0,0.0,0.1,0.1,0.0,0.0,0.0
pure_de_sitter,DOP853,wrong_model,1.475,0.1474999999999999,0.1474999999999999,0.0,0.0,0.1,0.1,0.0,0.0,0.0
pure_de_sitter,DOP853,wrong_model,1.4875,0.1487499999999999,0.1487499999999999,0.0,0.0,0.1,0.1,0.0,0.0,0.0
pure_de_sitter,DOP853,wrong_model,1.5,0.1499999999999999,0.1499999999999999,0.0,0.0,0.1,0.1,0.0,0.0,0.0
pure_de_sitter,DOP853,wrong_model,1.5125000000000002,0.15124999999999994,0.15124999999999994,0.0,0.0,0.1,0.1,0.0,0.0,0.0
pure_de_sitter,DOP853,wrong_model,1.5250000000000001,0.15249999999999994,0.15249999999999994,0.0,0.0,0.1,0.1,0.0,0.0,0.0
pure_de_sitter,DOP853,wrong_model,1.5375,0.15374999999999994,0.15374999999999994,0.0,0.0,0.1,0.1,0.0,0.0,0.0
pure_de_sitter,DOP853,wrong_model,1.55,0.15499999999999994,0.15499999999999994,0.0,0.0,0.1,0.1,0.0,0.0,0.0
pure_de_sitter,DOP853,wrong_model,1.5625,0.15624999999999992,0.15624999999999992,0.0,0.0,0.1,0.1,0.0,0.0,0.0
pure_de_sitter,DOP853,wrong_model,1.5750000000000002,0.15749999999999995,0.15749999999999995,0.0,0.0,0.1,0.1,0.0,0.0,0.0
pure_de_sitter,DOP853,wrong_model,1.5875000000000001,0.15874999999999992,0.15874999999999992,0.0,0.0,0.1,0.1,0.0,0.0,0.0
pure_de_sitter,DOP853,wrong_model,1.6,0.15999999999999992,0.15999999999999992,0.0,0.0,0.1,0.1,0.0,0.0,0.0
pure_de_sitter,DOP853,wrong_model,1.6125,0.1612499999999999,0.1612499999999999,0.0,0.0,0.1,0.1,0.0,0.0,0.0
pure_de_sitter,DOP853,wrong_model,1.625,0.1624999999999999,0.1624999999999999,0.0,0.0,0.1,0.1,0.0,0.0,0.0
pure_de_sitter,DOP853,wrong_model,1.6375000000000002,0.16374999999999992,0.16374999999999992,0.0,0.0,0.1,0.1,0.0,0.0,0.0
pure_de_sitter,DOP853,wrong_model,1.6500000000000001,0.16499999999999992,0.16499999999999992,0.0,0.0,0.1,0.1,0.0,0.0,0.0
pure_de_sitter,DOP853,wrong_model,1.6625,0.16624999999999993,0.16624999999999993,0.0,0.0,0.1,0.1,0.0,0.0,0.0
pure_de_sitter,DOP853,wrong_model,1.675,0.16749999999999993,0.16749999999999993,0.0,0.0,0.1,0.1,0.0,0.0,0.0
pure_de_sitter,DOP853,wrong_model,1.6875,0.16874999999999993,0.16874999999999993,0.0,0.0,0.1,0.1,0.0,0.0,0.0
pure_de_sitter,DOP853,wrong_model,1.7000000000000002,0.16999999999999993,0.16999999999999993,0.0,0.0,0.1,0.1,0.0,0.0,0.0
pure_de_sitter,DOP853,wrong_model,1.7125000000000001,0.17124999999999993,0.17124999999999993,0.0,0.0,0.1,0.1,0.0,0.0,0.0
pure_de_sitter,DOP853,wrong_model,1.725,0.17249999999999993,0.17249999999999993,0.0,0.0,0.1,0.1,0.0,0.0,0.0
pure_de_sitter,DOP853,wrong_model,1.7375,0.1737499999999999,0.1737499999999999,0.0,0.0,0.1,0.1,0.0,0.0,0.0
pure_de_sitter,DOP853,wrong_model,1.75,0.1749999999999999,0.1749999999999999,0.0,0.0,0.1,0.1,0.0,0.0,0.0
pure_de_sitter,DOP853,wrong_model,1.7625000000000002,0.1762499999999999,0.1762499999999999,0.0,0.0,0.1,0.1,0.0,0.0,0.0
pure_de_sitter,DOP853,wrong_model,1.7750000000000001,0.1774999999999999,0.1774999999999999,0.0,0.0,0.1,0.1,0.0,0.0,0.0
pure_de_sitter,DOP853,wrong_model,1.7875,0.1787499999999999,0.1787499999999999,0.0,0.0,0.1,0.1,0.0,0.0,0.0
pure_de_sitter,DOP853,wrong_model,1.8,0.17999999999999988,0.17999999999999988,0.0,0.0,0.1,0.1,0.0,0.0,0.0
pure_de_sitter,DOP853,wrong_model,1.8125,0.18124999999999988,0.18124999999999988,0.0,0.0,0.1,0.1,0.0,0.0,0.0
pure_de_sitter,DOP853,wrong_model,1.8250000000000002,0.1824999999999999,0.1824999999999999,0.0,0.0,0.1,0.1,0.0,0.0,0.0
pure_de_sitter,DOP853,wrong_model,1.8375000000000001,0.1837499999999999,0.1837499999999999,0.0,0.0,0.1,0.1,0.0,0.0,0.0
pure_de_sitter,DOP853,wrong_model,1.85,0.18499999999999991,0.18499999999999991,0.0,0.0,0.1,0.1,0.0,0.0,0.0
pure_de_sitter,DOP853,wrong_model,1.8625,0.18624999999999992,0.18624999999999992,0.0,0.0,0.1,0.1,0.0,0.0,0.0
pure_de_sitter,DOP853,wrong_model,1.875,0.18749999999999992,0.18749999999999992,0.0,0.0,0.1,0.1,0.0,0.0,0.0
pure_de_sitter,DOP853,wrong_model,1.8875000000000002,0.18874999999999992,0.18874999999999992,0.0,0.0,0.1,0.1,0.0,0.0,0.0
pure_de_sitter,DOP853,wrong_model,1.9000000000000001,0.18999999999999992,0.18999999999999992,0.0,0.0,0.1,0.1,0.0,0.0,0.0
pure_de_sitter,DOP853,wrong_model,1.9125,0.1912499999999999,0.1912499999999999,0.0,0.0,0.1,0.1,0.0,0.0,0.0
pure_de_sitter,DOP853,wrong_model,1.925,0.1924999999999999,0.1924999999999999,0.0,0.0,0.1,0.1,0.0,0.0,0.0
pure_de_sitter,DOP853,wrong_model,1.9375,0.19374999999999987,0.19374999999999987,0.0,0.0,0.1,0.1,0.0,0.0,0.0
pure_de_sitter,DOP853,wrong_model,1.9500000000000002,0.1949999999999999,0.1949999999999999,0.0,0.0,0.1,0.1,0.0,0.0,0.0
pure_de_sitter,DOP853,wrong_model,1.9625000000000001,0.1962499999999999,0.1962499999999999,0.0,0.0,0.1,0.1,0.0,0.0,0.0
pure_de_sitter,DOP853,wrong_model,1.975,0.1974999999999999,0.1974999999999999,0.0,0.0,0.1,0.1,0.0,0.0,0.0
pure_de_sitter,DOP853,wrong_model,1.9875,0.1987499999999999,0.1987499999999999,0.0,0.0,0.1,0.1,0.0,0.0,0.0
pure_de_sitter,DOP853,wrong_model,2.0,0.1999999999999999,0.1999999999999999,0.0,0.0,0.1,0.1,0.0,0.0,0.0
nonzero_scalar,DOP853,full,0.0,0.0,0.0,0.25,0.04,0.0753878858526576,0.0753878858526576,0.0,0.0,
nonzero_scalar,DOP853,full,0.01875,0.0014133865352016712,0.0014133865352016712,0.2507325985388063,0.038144336598264154,0.07537357114591478,0.07537357114591478,0.0,0.0,
nonzero_scalar,DOP853,full,0.0375,0.0028265172062267676,0.0028265172062267676,0.25143043176507174,0.03629173599337118,0.07536058256557554,0.07536058256557554,0.0,0.0,
nonzero_scalar,DOP853,full,0.056249999999999994,0.0042394162536448865,0.0042394162536448865,0.2520935591287697,0.03444241379455199,0.07534885354968351,0.07534885354968351,0.0,0.0,
nonzero_scalar,DOP853,full,0.075,0.0056521066717737205,0.0056521066717737205,0.2527220441151975,0.03259658481976732,0.07533831773113711,0.07533831773113711,0.0,0.0,
nonzero_scalar,DOP853,full,0.09375,0.007064610212600894,0.007064610212600896,0.2533159542296883,0.030754463043106937,0.07532890896738087,0.07532890896738087,0.0,0.0,
nonzero_scalar,DOP853,full,0.11249999999999999,0.00847694739027581,0.008476947390275812,0.2538753609812672,0.028916261542593046,0.07532056136984146,0.07532056136984146,0.0,0.0,
nonzero_scalar,DOP853,full,0.13125,0.009889137486149365,0.009889137486149368,0.25440033986534694,0.02708219244838852,0.0753132093330919,0.0753132093330919,0.0,0.0,
nonzero_scalar,DOP853,full,0.15,0.011301198554354519,0.011301198554354523,0.2548909703454754,0.025252466891446702,0.0753067875637265,0.0753067875637265,0.0,0.0,
nonzero_scalar,DOP853,full,0.16874999999999998,0.012713147427922946,0.012713147427922952,0.25534733583413666,0.02342729495264369,0.0753012311089283,0.0753012311089283,0.0,0.0,
nonzero_scalar,DOP853,full,0.1875,0.014124999725432966,0.014124999725432968,0.2557695236726078,0.021606885612434,0.07529647538471106,0.07529647538471106,0.0,0.0,
nonzero_scalar,DOP853,full,0.20625,0.015536769858184009,0.01553676985818401,0.2561576251098733,0.019791446701070525,0.07529245620381807,0.07529245620381807,0.0,0.0,
nonzero_scalar,DOP853,full,0.22499999999999998,0.016948471037892824,0.016948471037892827,0.2565117352805994,0.017981184849429722,0.07528910980325937,0.07528910980325937,0.0,0.0,
nonzero_scalar,DOP853,full,0.24375,0.018360115284906654,0.018360115284906654,0.25683195318217034,0.01617630544048295,0.07528637287146972,0.07528637287146972,0.0,0.0,
nonzero_scalar,DOP853,full,0.2625,0.01977171343692858,0.01977171343692858,0.25711838165078776,0.014377012561454856,0.07528418257506922,0.07528418257506922,0.0,0.0,
nonzero_scalar,DOP853,full,0.28125,0.021183275158249915,0.021183275158249915,0.25737112733663875,0.0125835089567084,0.07528247658520873,0.07528247658520873,0.0,0.0,
nonzero_scalar,DOP853,full,0.3,0.02259480894942008,0.02259480894942008,0.2575903006784733,0.010795995981198452,0.07528119310351315,0.07528119310351315,0.0,0.0,
nonzero_scalar,DOP853,full,0.31875,0.024006322157419383,0.024006322157419387,0.25777601587717885,0.00901467355476912,0.07528027088757756,0.07528027088757756,0.0,0.0,
nonzero_scalar,DOP853,full,0.33749999999999997,0.025417820986353867,0.025417820986353867,0.25792839086827657,0.007239740117365116,0.07527964927598245,0.07527964927598245,0.0,0.0,
nonzero_scalar,DOP853,full,0.35625,0.026829310508565653,0.026829310508565653,0.2580475472938226,0.005471392584946424,0.07527926821286324,0.07527926821286324,0.0,0.0,
nonzero_scalar,DOP853,full,0.375,0.028240794676214452,0.028240794676214452,0.2581336104734132,0.0037098263062993967,0.07527906827198913,0.07527906827198913,0.0,0.0,
nonzero_scalar,DOP853,full,0.39375,0.029652276333305954,0.029652276333305954,0.2581867093743995,0.0019552350207134566,0.07527899068034512,0.07527899068034512,0.0,0.0,
nonzero_scalar,DOP853,full,0.4125,0.031063757228157213,0.031063757228157213,0.2582069765813256,0.00020781081655185663,0.07527897734120519,0.07527897734120519,0.0,0.0,
nonzero_scalar,DOP853,full,0.43124999999999997,0.03247523802628923,0.03247523802628923,0.2581945482646016,-0.0015322559092552888,0.07527897085668528,0.07527897085668528,0.0,0.0,
nonzero_scalar,DOP853,full,0.44999999999999996,0.03388671832373693,0.03388671832373693,0.25814956414842727,-0.00326477649076741,0.07527891454976364,0.07527891454976364,0.0,0.0,
nonzero_scalar,DOP853,full,0.46875,0.03529819666076663,0.03529819666076663,0.25807216747797695,-0.004989564031610976,0.07527875248575726,0.07527875248575726,0.0,0.0,
nonzero_scalar,DOP853,full,0.4875,0.03670967053599127,0.03670967053599128,0.2579625049858611,-0.006706433442549821,0.07527842949324211,0.07527842949324211,0.0,0.0,
nonzero_scalar,DOP853,full,0.50625,0.0381211364208735,0.0381211364208735,0.25782072685787594,-0.00841520147802003,0.07527789118440574,0.07527789118440574,0.0,0.0,
nonzero_scalar,DOP853,full,0.525,0.0395325897746068,0.039532589774606816,0.2576469866980563,-0.010115686771600994,0.07527708397482011,0.07527708397482011,0.0,0.0,
nonzero_scalar,DOP853,full,0.54375,0.04094402505936267,0.040944025059362676,0.25744144149312304,-0.011807709870509957,0.07527595510263764,0.07527595510263764,0.0,0.0,
nonzero_scalar,DOP853,full,0.5625,0.042355435755881195,0.0423554357558812,0.25720425157645593,-0.013491093269254618,0.0752744526472301,0.0752744526472301,0.0,0.0,
nonzero_scalar,DOP853,full,0.5812499999999999,0.04376681437942056,0.043766814379420566,0.25693558059111027,-0.015165661441752278,0.07527252554716729,0.07527252554716729,0.0,0.0,
nonzero_scalar,DOP853,full,0.6,0.04517815249603078,0.045178152496030785,0.25663559545245096,-0.01683124087264451,0.07527012361762579,0.07527012361762579,0.0,0.0,
nonzero_scalar,DOP853,full,0.61875,0.046589440739143693,0.0465894407391437,0.25630446631016934,-0.018487660087432266,0.07526719756717956,0.07526719756717956,0.0,0.0,
nonzero_scalar,DOP853,full,0.6375,0.04800066882647594,0.048000668826475947,0.2559423665097422,-0.020134749681504836,0.07526369901396986,0.07526369901396986,0.0,0.0,
nonzero_scalar,DOP853,full,0.65625,0.04941182557723182,0.049411825577231824,0.2555494725533577,-0.021772342348056868,0.07525958050125123,0.07525958050125124,0.0,0.0,
nonzero_scalar,DOP853,full,0.6749999999999999,0.050822898929592755,0.05082289892959276,0.2551259640603285,-0.023400272904881947,0.0752547955123094,0.0752547955123094,0.0,0.0,
nonzero_scalar,DOP853,full,0.69375,0.05223387595848053,0.05223387595848054,0.2546720237270143,-0.0250183783200314,0.0752492984847471,0.07524929848474711,0.0,0.0,
nonzero_scalar,DOP853,full,0.7125,0.05364474289358084,0.05364474289358085,0.254187837286274,-0.026626497736326634,0.07524304482413395,0.07524304482413395,0.0,0.0,
nonzero_scalar,DOP853,full,0.73125,0.05505548513761428,0.05505548513761429,0.2536735934664684,-0.028224472494713698,0.07523599091701626,0.07523599091701626,0.0,0.0,
nonzero_scalar,DOP853,full,0.75,0.05646608728484159,0.05646608728484161,0.2531294839500356,-0.029812146156448505,0.07522809414328285,0.07522809414328285,0.0,0.0,
nonzero_scalar,DOP853,full,0.7687499999999999,0.05787653313978991,0.05787653313978992,0.25255570333165855,-0.03138936452410118,0.07521931288788285,0.07521931288788285,0.0,0.0,
nonzero_scalar,DOP853,full,0.7875,0.05928680573619385,0.059286805736193854,0.25195244907604725,-0.032955975661400926,0.07520960655189443,0.07520960655189443,0.0,0.0,
nonzero_scalar,DOP853,full,0.80625,0.0606968873561964,0.060696887356196404,0.2513199214753733,-0.03451182991224199,0.07519893556297876,0.07519893556297876,0.0,0.0,
nonzero_scalar,DOP853,full,0.825,0.06210675954965674,0.06210675954965675,0.2506583236063514,-0.036056779918142344,0.07518726138515433,0.07518726138515432,0.0,0.0,
nonzero_scalar,DOP853,full,0.84375,0.06351640315367399,0.06351640315367399,0.24996786128698645,-0.03759068063469259,0.0751745465279294,0.0751745465279294,0.0,0.0,
nonzero_scalar,DOP853,full,0.8624999999999999,0.06492579831226722,0.06492579831226723,0.24924874303305333,-0.03911338934688494,0.07516075455479922,0.07516075455479922,0.0,0.0,
nonzero_scalar,DOP853,full,0.88125,0.06633492449620827,0.06633492449620829,0.24850118001429203,-0.04062476568328627,0.07514585009109466,0.07514585009109466,0.0,0.0,
nonzero_scalar,DOP853,full,0.8999999999999999,0.06774376052300064,0.06774376052300066,0.24772538601033994,-0.04212467162909159,0.0751297988311876,0.0751297988311876,0.0,0.0,
nonzero_scalar,DOP853,full,0.91875,0.06915228457699095,0.06915228457699096,0.24692157736642506,-0.043612971538062956,0.0751125675450563,0.0751125675450563,0.0,0.0,
nonzero_scalar,DOP853,full,0.9375,0.07056047422959827,0.07056047422959828,0.2460899729488445,-0.04508953214335827,0.0750941240842142,0.0750941240842142,0.0,0.0,
nonzero_scalar,DOP853,full,0.9562499999999999,0.07196830645964736,0.07196830645964736,0.24523079410025242,-0.046554222567254874,0.07507443738700566,0.07507443738700566,0.0,0.0,
nonzero_scalar,DOP853,full,0.975,0.07337575767379154,0.07337575767379155,0.24434426459478134,-0.04800691432977268,0.07505347748327175,0.07505347748327175,0.0,0.0,
nonzero_scalar,DOP853,full,0.9937499999999999,0.07478280372701109,0.0747828037270111,0.24343061059302132,-0.04944748135620142,0.07503121549838983,0.07503121549838983,0.0,0.0,
nonzero_scalar,DOP853,full,1.0125,0.07618941994317283,0.07618941994317284,0.24249006059688083,-0.05087579998353699,0.0750076236566901,0.0750076236566901,0.0,0.0,
nonzero_scalar,DOP853,full,1.03125,0.07759558113563741,0.07759558113563743,0.24152284540435282,-0.052291748965832816,0.07498267528425258,0.07498267528425258,0.0,0.0,
nonzero_scalar,DOP853,full,1.05,0.07900126162799573,0.07900126162799574,0.2405291980640651,-0.053695209478697555,0.07495634481110036,0.07495634481110036,0.0,0.0,
nonzero_scalar,DOP853,full,1.0687499999999999,0.08040643527479259,0.0804064352747926,0.23950935382983443,-0.055086065122684984,0.07492860777279288,0.0749286077727929,0.0,0.0,
nonzero_scalar,DOP853,full,1.0875,0.08181107548222494,0.08181107548222495,0.23846355011522896,-0.05646420192551236,0.07489944081140285,0.07489944081140285,0.0,0.0,
nonzero_scalar,DOP853,full,1.10625,0.08321515522890778,0.0832151552289078,0.23739202644802643,-0.05782950834344253,0.07486882167591506,0.07486882167591506,0.0,0.0,
nonzero_scalar,DOP853,full,1.125,0.08461864708662001,0.08461864708662002,0.2362950244246908,-0.05918187526164067,0.07483672922203821,0.07483672922203821,0.0,0.0,
nonzero_scalar,DOP853,full,1.14375,0.08602152324104828,0.0860215232410483,0.2351727876648361,-0.06052119599358012,0.07480314341143723,0.07480314341143725,0.0,0.0,
nonzero_scalar,DOP853,full,1.1624999999999999,0.08742375551251595,0.08742375551251597,0.2340255617657003,-0.06184736627951424,0.07476804531039521,0.07476804531039523,0.0,0.0,
nonzero_scalar,DOP853,full,1.18125,0.08882531537668398,0.08882531537668399,0.2328535942566519,-0.06316028428403078,0.07473141708791325,0.07473141708791327,0.0,0.0,
nonzero_scalar,DOP853,full,1.2,0.09022617398521025,0.09022617398521025,0.23165713455375186,-0.06445985059270537,0.07469324201325736,0.07469324201325737,0.0,0.0,
nonzero_scalar,DOP853,full,1.21875,0.09162630218635465,0.09162630218635465,0.23043643391439403,-0.06574596820787093,0.0746535044529609,0.07465350445296091,0.0,0.0,
nonzero_scalar,DOP853,full,1.2375,0.09302567054551629,0.09302567054551629,0.2291917453920461,-0.06701854254351962,0.07461218986729144,0.07461218986729146,0.0,0.0,
nonzero_scalar,DOP853,full,1.2562499999999999,0.09442424936568994,0.09442424936568994,0.22792332379111443,-0.06827748141935375,0.07456928480619071,0.07456928480619072,0.0,0.0,
nonzero_scalar,DOP853,full,1.275,0.09582200870782837,0.09582200870782837,0.22663142562195515,-0.06952269505400277,0.07452477690469639,0.0745247769046964,0.0,0.0,
nonzero_scalar,DOP853,full,1.29375,0.09721891841114876,0.09721891841114876,0.2253163090559466,-0.0707540960574887,0.07447865487785225,0.07447865487785227,0.0,0.0,
nonzero_scalar,DOP853,full,1.3125,0.09861494811343094,0.09861494811343094,0.22397823388052035,-0.07197159942305263,0.07443090851511963,0.07443090851511965,0.0,0.0,
nonzero_scalar,DOP853,full,1.33125,0.10001006727100649,0.10001006727100649,0.22261746145476716,-0.07317512251796103,0.0743815286743073,0.07438152867430732,0.0,0.0,
nonzero_scalar,DOP853,full,1.3499999999999999,0.10140424517876002,0.10140424517876004,0.2212342546649498,-0.07436458507375572,0.07433050727501594,0.07433050727501596,0.0,0.0,
nonzero_scalar,DOP853,full,1.36875,0.10279745098996479,0.1027974509899648,0.2198288778802907,-0.07553990917576547,0.07427783729161959,0.0742778372916196,0.0,0.0,
nonzero_scalar,DOP853,full,1.3875,0.10418965373598699,0.104189653735987,0.21840159690894936,-0.07670101925194191,0.07422351274578762,0.07422351274578765,0.0,0.0,
nonzero_scalar,DOP853,full,1.40625,0.1055808223458514,0.10558082234585141,0.21695267895420178,-0.0778478420610461,0.0741675286985585,0.07416752869855853,0.0,0.0,
nonzero_scalar,DOP853,full,1.425,0.10697092566565729,0.1069709256656573,0.21548239257083981,-0.07898030668020799,0.07410988124197665,0.07410988124197668,0.0,0.0,
nonzero_scalar,DOP853,full,1.4437499999999999,0.10835993247783411,0.10835993247783413,0.21399100762180845,-0.0800983444918815,0.07405056749030385,0.07405056749030386,0.0,0.0,
nonzero_scalar,DOP853,full,1.4625,0.10974781152022627,0.10974781152022628,0.21247879523509872,-0.08120188917021763,0.07398958557081659,0.07398958557081661,0.0,0.0,
nonzero_scalar,DOP853,full,1.48125,0.11113453150499623,0.11113453150499625,0.21094602776091456,-0.08229087666687834,0.07392693461420075,0.07392693461420077,0.0,0.0,
nonzero_scalar,DOP853,full,1.5,0.11252006113733548,0.11252006113733548,0.20939297872913123,-0.08336524519631361,0.073862614744555,0.07386261474455502,0.0,0.0,
nonzero_scalar,DOP853,full,1.51875,0.11390436913397242,0.11390436913397242,0.20781992280706324,-0.08442493522052442,0.07379662706901431,0.07379662706901434,0.0,0.0,
nonzero_scalar,DOP853,full,1.5374999999999999,0.11528742424148092,0.11528742424148092,0.20622713575752544,-0.08546988943334276,0.07372897366700278,0.0737289736670028,0.0,0.0,
nonzero_scalar,DOP853,full,1.55625,0.11666919525451473,0.11666919525451473,0.2046148943968726,-0.08650005274433992,0.07365965757910736,0.07365965757910739,0.0,0.0,
nonzero_scalar,DOP853,full,1.575,0.11804965103365594,0.11804965103365596,0.20298347655377277,-0.08751537226219133,0.07358868279563202,0.07358868279563205,0.0,0.0,
nonzero_scalar,DOP853,full,1.59375,0.11942876052311278,0.1194287605231128,0.20133316102812995,-0.08851579727766597,0.07351605424480225,0.07351605424480227,0.0,0.0,
nonzero_scalar,DOP853,full,1.6125,0.12080649276819554,0.12080649276819555,0.19966422755032756,-0.08950127924624261,0.0734417777806459,0.07344177778064591,0.0,0.0,
nonzero_scalar,DOP853,full,1.6312499999999999,0.12218281693255463,0.12218281693255464,0.19797695674081836,-0.09047177177036023,0.07336586017056057,0.0733658601705606,0.0,0.0,
nonzero_scalar,DOP853,full,1.65,0.12355770231518794,0.12355770231518796,0.1962716300700359,-0.09142723058133287,0.07328830908257675,0.07328830908257677,0.0,0.0,
nonzero_scalar,DOP853,full,1.66875,0.12493111836720965,0.12493111836720967,0.19454852981863924,-0.09236761352095202,0.07320913307232788,0.0732091330723279,0.0,0.0,
nonzero_scalar,DOP853,full,1.6875,0.12630303470837365,0.12630303470837367,0.19280793903810195,-0.09329288052279924,0.07312834156973952,0.07312834156973955,0.0,0.0,
nonzero_scalar,DOP853,full,1.70625,0.12767342114334368,0.1276734211433437,0.19105014151165736,-0.09420299359329184,0.07304594486544866,0.07304594486544869,0.0,0.0,
nonzero_scalar,DOP853,full,1.7249999999999999,0.12904224767770317,0.1290422476777032,0.18927542171561118,-0.09509791679248426,0.07296195409696513,0.07296195409696515,0.0,0.0,
nonzero_scalar,DOP853,full,1.74375,0.13040948453369694,0.13040948453369694,0.1874840647810331,-0.09597761621464813,0.07287638123458651,0.07287638123458653,0.0,0.0,
nonzero_scalar,DOP853,full,1.7625,0.13177510216569752,0.13177510216569752,0.185676356455839,-0.09684205996865367,0.07278923906707827,0.07278923906707829,0.0,0.0,
nonzero_scalar,DOP853,full,1.78125,0.1331390712753896,0.1331390712753896,0.18385258306727295,-0.0976912181581752,0.07270054118713033,0.07270054118713036,0.0,0.0,
nonzero_scalar,DOP853,full,1.7999999999999998,0.1345013628267592,0.1345013628267592,0.18201303148454154,-0.09852506286174717,0.07261030197657845,0.07261030197657847,0.0,0.0,
nonzero_scalar,DOP853,full,1.8187499999999999,0.13586194806076393,0.13586194806076393,0.180157989081936,-0.09934356811268481,0.07251853659142989,0.07251853659142993,0.0,0.0,
nonzero_scalar,DOP853,full,1.8375,0.13722079850966087,0.13722079850966087,0.1782877437024951,-0.10014670987888458,0.07242526094670955,0.07242526094670958,0.0,0.0,
nonzero_scalar,DOP853,full,1.85625,0.1385778860111117,0.1385778860111117,0.17640258362187705,-0.10093446604253913,0.0723304917011058,0.07233049170110582,0.0,0.0,
nonzero_scalar,DOP853,full,1.875,0.13993318272197622,0.13993318272197625,0.17450279751267175,-0.10170681637978109,0.07223424624144802,0.07223424624144804,0.0,0.0,
nonzero_scalar,DOP853,full,1.8937499999999998,0.1412866611318172,0.14128666113181723,0.17258867440908257,-0.1024637425402741,0.07213654266701905,0.07213654266701908,0.0,0.0,
nonzero_scalar,DOP853,full,1.9124999999999999,0.1426382940761127,0.14263829407611273,0.1706605036719823,-0.10320522802677015,0.07203739977371273,0.07203739977371276,0.0,0.0,
nonzero_scalar,DOP853,full,1.93125,0.1439880547491711,0.14398805474917112,0.16871857495434855,-0.1039312581746518,0.07193683703804674,0.07193683703804678,0.0,0.0,
nonzero_scalar,DOP853,full,1.95,0.14533591671674545,0.14533591671674545,0.16676317816708366,-0.10464182013147844,0.07183487460104065,0.0718348746010407,0.0,0.0,
nonzero_scalar,DOP853,full,1.96875,0.14668185392834224,0.14668185392834227,0.16479460344522345,-0.10533690283655514,0.07173153325196958,0.07173153325196963,0.0,0.0,
nonzero_scalar,DOP853,full,1.9874999999999998,0.14802584072922118,0.1480258407292212,0.16281314111454046,-0.10601649700054325,0.07162683441200325,0.07162683441200329,0.0,0.0,
nonzero_scalar,DOP853,full,2.00625,0.14936785187208107,0.1493678518720811,0.16081908165854622,-0.10668059508513121,0.07152080011774091,0.07152080011774095,0.0,0.0,
nonzero_scalar,DOP853,full,2.025,0.15070786252842824,0.15070786252842827,0.15881271568589805,-0.10732919128278477,0.07141345300465185,0.07141345300465189,0.0,0.0,
nonzero_scalar,DOP853,full,2.0437499999999997,0.1520458482996525,0.15204584829965254,0.15679433389812408,-0.10796228149657587,0.07130481629042205,0.0713048162904221,0.0,0.0,
nonzero_scalar,DOP853,full,2.0625,0.15338178522784526,0.1533817852278453,0.15476422705755685,-0.10857986332007932,0.0711949137582012,0.07119491375820124,0.0,0.0,
nonzero_scalar,DOP853,full,2.08125,0.15471564980618646,0.15471564980618652,0.15272268595600375,-0.1091819360174631,0.07108376973981932,0.07108376973981936,0.0,0.0,
nonzero_scalar,DOP853,full,2.1,0.15604741898909147,0.1560474189890915,0.15067000138355816,-0.10976850050366461,0.0709714090989157,0.07097140909891574,0.0,0.0,
nonzero_scalar,DOP853,full,2.11875,0.1573770702020214,0.15737707020202146,0.14860646409784126,-0.11033955932472897,0.07085785721401985,0.0708578572140199,0.0,0.0,
nonzero_scalar,DOP853,full,2.1374999999999997,0.15870458135097737,0.15870458135097743,0.14653236479360512,-0.11089511663830773,0.07074313996158683,0.07074313996158688,0.0,0.0,
nonzero_scalar,DOP853,full,2.15625,0.16002993083167744,0.1600299308316775,0.14444799407269368,-0.11143517819433,0.0706272836989942,0.07062728369899424,0.0,0.0,
nonzero_scalar,DOP853,full,2.175,0.16135309753841595,0.161353097538416,0.1423536424143609,-0.11195975131585817,0.07051031524750853,0.07051031524750857,0.0,0.0,
nonzero_scalar,DOP853,full,2.19375,0.162674060872604,0.16267406087260405,0.14024960014594456,-0.11246884488014147,0.0703922618752295,0.07039226187522954,0.0,0.0,
nonzero_scalar,DOP853,full,2.2125,0.16399280075098863,0.16399280075098868,0.13813615741389712,-0.11296246929987956,0.07027315128001926,0.07027315128001932,0.0,0.0,
nonzero_scalar,DOP853,full,2.2312499999999997,0.165309297613551,0.16530929761355106,0.1360136041551713,-0.11344063650470909,0.07015301157242519,0.07015301157242523,0.0,0.0,
nonzero_scalar,DOP853,full,2.25,0.1666235324310809,0.16662353243108097,0.13388223006896136,-0.11390335992292581,0.0700318712586037,0.07003187125860375,0.0,0.0,
nonzero_scalar,DOP853,full,2.26875,0.16793548671242683,0.1679354867124269,0.13174232458879923,-0.11435065446345492,0.06990975922325332,0.06990975922325336,0.0,0.0,
nonzero_scalar,DOP853,full,2.2875,0.16924514251142542,0.16924514251142547,0.12959417685498792,-0.11478253649807381,0.0697867047125625,0.06978670471256254,0.0,0.0,
nonzero_scalar,DOP853,full,2.30625,0.17055248243355506,0.1705524824335551,0.12743807568720908,-0.11519902384381336,0.06966273731715737,0.06966273731715741,0.0,0.0,
nonzero_scalar,DOP853,full,2.3249999999999997,0.1718574896422136,0.17185748964221365,0.12527430955766278,-0.11560013574572794,0.0695378869551019,0.06953788695510194,0.0,0.0,
nonzero_scalar,DOP853,full,2.34375,0.17316014786469736,0.1731601478646974,0.12310316656445787,-0.11598589285990275,0.06941218385492398,0.06941218385492402,0.0,0.0,
nonzero_scalar,DOP853,full,2.3625,0.1744604413978661,0.17446044139786615,0.1209249344053051,-0.11635631723673696,0.06928565853867842,0.06928565853867846,0.0,0.0,
nonzero_scalar,DOP853,full,2.38125,0.1757583551134874,0.17575835511348742,0.11873990035153113,-0.11671143230452058,0.06915834180505773,0.06915834180505777,0.0,0.0,
nonzero_scalar,DOP853,full,2.4,0.17705387446326515,0.1770538744632652,0.11654835122239456,-0.11705126285330188,0.06903026471255469,0.06903026471255473,0.0,0.0,
nonzero_scalar,DOP853,full,2.4187499999999997,0.1783469854835542,0.17834698548355427,0.11435057335969856,-0.11737583501905224,0.06890145856268245,0.0689014585626825,0.0,0.0,
nonzero_scalar,DOP853,full,2.4375,0.17963767479976073,0.17963767479976078,0.1121468526026973,-0.11768517626813355,0.06877195488325763,0.06877195488325767,0.0,0.0,
nonzero_scalar,DOP853,full,2.45625,0.18092592963042994,0.18092592963043,0.1099374742632914,-0.11797931538207448,0.06864178541175242,0.06864178541175246,0.0,0.0,
nonzero_scalar,DOP853,full,2.475,0.18221173779102234,0.1822117377910224,0.1077227231015081,-0.1182582824426617,0.0685109820787211,0.06851098207872114,0.0,0.0,
nonzero_scalar,DOP853,full,2.49375,0.18349508769737838,0.18349508769737843,0.10550288330126312,-0.11852210881735145,0.06837957699130684,0.06837957699130688,0.0,0.0,
nonzero_scalar,DOP853,full,2.5124999999999997,0.18477596836887367,0.18477596836887372,0.10327823844639873,-0.1187708271450079,0.06824760241683452,0.06824760241683456,0.0,0.0,
nonzero_scalar,DOP853,full,2.53125,0.18605436943126458,0.18605436943126463,0.10104907149699492,-0.11900447132197343,0.0681150907664949,0.06811509076649494,0.0,0.0,
nonzero_scalar,DOP853,full,2.55,0.18733028111924072,0.18733028111924077,0.0988156647658827,-0.11922307648840094,0.06798207457911555,0.06798207457911559,0.0,0.0,
nonzero_scalar,DOP853,full,2.56875,0.18860369427867046,0.18860369427867052,0.0965782998954333,-0.1194266790149397,0.06784858650503287,0.0678485865050329,0.0,0.0,
nonzero_scalar,DOP853,full,2.5875,0.18987460036853296,0.18987460036853301,0.09433725783464693,-0.1196153164898003,0.0677146592900777,0.06771465929007774,0.0,0.0,
nonzero_scalar,DOP853,full,2.6062499999999997,0.19114299146256314,0.1911429914625632,0.09209281881642925,-0.1197890277060942,0.0675803257596606,0.06758032575966064,0.0,0.0,
nonzero_scalar,DOP853,full,2.625,0.19240886025059523,0.19240886025059528,0.08984526233511647,-0.11994785264951832,0.06744561880297248,0.06744561880297252,0.0,0.0,
nonzero_scalar,DOP853,full,2.64375,0.19367220003961122,0.19367220003961128,0.08759486712422743,-0.12009183248636512,0.06731057135730273,0.06731057135730277,0.0,0.0,
nonzero_scalar,DOP853,full,2.6625,0.19493300475449638,0.19493300475449643,0.08534191113443641,-0.12022100955185794,0.06717521639247857,0.06717521639247861,0.0,0.0,
nonzero_scalar,DOP853,full,2.68125,0.19619126893850408,0.19619126893850417,0.08308667151176222,-0.12033542733881132,0.06703958689542992,0.06703958689542996,0.0,0.0,
nonzero_scalar,DOP853,full,2.6999999999999997,0.19744698775343308,0.19744698775343314,0.08082942457596617,-0.12043513048661605,0.06690371585488337,0.06690371585488342,0.0,0.0,
nonzero_scalar,DOP853,full,2.71875,0.19870015697951873,0.1987001569795188,0.0785704457991544,-0.12052016477054875,0.06676763624618949,0.06676763624618953,0.0,0.0,
nonzero_scalar,DOP853,full,2.7375,0.19995077301504144,0.1999507730150415,0.07631000978457815,-0.12059057709140551,0.0666313810162872,0.06663138101628724,0.0,0.0,
nonzero_scalar,DOP853,full,2.75625,0.20119883287565468,0.20119883287565474,0.07404839024562603,-0.12064641546545979,0.06649498306880933,0.06649498306880937,0.0,0.0,
nonzero_scalar,DOP853,full,2.775,0.20244433419343438,0.20244433419343444,0.07178585998500325,-0.12068772901474374,0.0663584752493331,0.06635847524933314,0.0,0.0,
nonzero_scalar,DOP853,full,2.7937499999999997,0.20368727521565239,0.20368727521565244,0.0695226908740872,-0.1207145679576246,0.06622189033077816,0.0662218903307782,0.0,0.0,
nonzero_scalar,DOP853,full,2.8125,0.2049276548032769,0.20492765480327696,0.0672591538324478,-0.12072698359963224,0.0660852609989517,0.06608526099895175,0.0,0.0,
nonzero_scalar,DOP853,full,2.83125,0.20616547242920694,0.206165472429207,0.06499551880755497,-0.1207250283247103,0.06594861983825479,0.06594861983825483,0.0,0.0,
nonzero_scalar,DOP853,full,2.85,0.207400728176238,0.20740072817623806,0.06273205475463717,-0.12070875558669342,0.06581199931754263,0.06581199931754267,0.0,0.0,
nonzero_scalar,DOP853,full,2.86875,0.20863342273476437,0.20863342273476446,0.06046902961669719,-0.12067821990109513,0.0656754317761463,0.06567543177614635,0.0,0.0,
nonzero_scalar,DOP853,full,2.8874999999999997,0.209863557400221,0.20986355740022106,0.0582067103046798,-0.1206334768371867,0.06553894941005894,0.06553894941005899,0.0,0.0,
nonzero_scalar,DOP853,full,2.90625,0.21109113407026694,0.21109113407026703,0.055945362677786666,-0.12057458301036,0.06540258425828903,0.06540258425828907,0.0,0.0,
nonzero_scalar,DOP853,full,2.925,0.212316155241715,0.21231615524171507,0.05368525152393208,-0.12050159607477004,0.06526636818938382,0.06526636818938386,0.0,0.0,
nonzero_scalar,DOP853,full,2.94375,0.21353862400721046,0.21353862400721055,0.05142664054033342,-0.12041457471625129,0.06513033288812548,0.06513033288812552,0.0,0.0,
nonzero_scalar,DOP853,full,2.9625,0.2147585440516623,0.2147585440516624,0.04916979231423162,-0.12031357864550325,0.06499450984240306,0.06499450984240308,0.0,0.0,
nonzero_scalar,DOP853,full,2.9812499999999997,0.21597591964843088,0.21597591964843096,0.046914968303734456,-0.12019866859153994,0.06485893033026267,0.06485893033026272,0.0,0.0,
nonzero_scalar,DOP853,full,3.0,0.2171907556552748,0.21719075565527488,0.04466242881877824,-0.12006990629539809,0.06472362540713922,0.06472362540713926,0.0,0.0,
nonzero_scalar,DOP853,reduced_flux_recovered,0.0,0.0,0.0,0.25,0.04,0.0753878858526576,0.0753878858526576,0.0,0.0,
nonzero_scalar,DOP853,reduced_flux_recovered,0.01875,0.001413386535201665,0.001413386535201665,0.2507325985388063,0.038144336598264154,0.07537357114591478,0.07537357114591478,0.0,0.0,
nonzero_scalar,DOP853,reduced_flux_recovered,0.0375,0.0028265172062266917,0.0028265172062266917,0.251430431765072,0.03629173599337108,0.07536058256557554,0.07536058256557554,0.0,0.0,
nonzero_scalar,DOP853,reduced_flux_recovered,0.056249999999999994,0.004239416253644846,0.004239416253644846,0.2520935591287697,0.03444241379455202,0.07534885354968351,0.07534885354968351,0.0,0.0,
nonzero_scalar,DOP853,reduced_flux_recovered,0.075,0.005652106671773722,0.005652106671773722,0.25272204411519744,0.032596584819767356,0.07533831773113711,0.07533831773113711,0.0,0.0,
nonzero_scalar,DOP853,reduced_flux_recovered,0.09375,0.007064610212600844,0.007064610212600844,0.2533159542296887,0.03075446304310673,0.07532890896738088,0.07532890896738088,0.0,0.0,
nonzero_scalar,DOP853,reduced_flux_recovered,0.11249999999999999,0.00847694739027566,0.008476947390275658,0.25387536098126817,0.028916261542592553,0.0753205613698415,0.0753205613698415,0.0,0.0,
nonzero_scalar,DOP853,reduced_flux_recovered,0.13125,0.009889137486149172,0.00988913748614917,0.25440033986534805,0.02708219244838799,0.07531320933309195,0.07531320933309195,0.0,0.0,
nonzero_scalar,DOP853,reduced_flux_recovered,0.15,0.011301198554354422,0.01130119855435442,0.2548909703454758,0.025252466891446557,0.07530678756372652,0.07530678756372652,0.0,0.0,
nonzero_scalar,DOP853,reduced_flux_recovered,0.16874999999999998,0.012713147427923083,0.012713147427923082,0.2553473358341357,0.023427294952644263,0.07530123110892824,0.07530123110892824,0.0,0.0,
nonzero_scalar,DOP853,reduced_flux_recovered,0.1875,0.014124999725433376,0.014124999725433376,0.2557695236726054,0.021606885612435265,0.07529647538471092,0.07529647538471092,0.0,0.0,
nonzero_scalar,DOP853,reduced_flux_recovered,0.20625,0.015536769858184554,0.015536769858184554,0.25615762510987045,0.01979144670107195,0.07529245620381787,0.07529245620381787,0.0,0.0,
nonzero_scalar,DOP853,reduced_flux_recovered,0.22499999999999998,0.01694847103789319,0.01694847103789319,0.2565117352805978,0.01798118484943039,0.07528910980325926,0.07528910980325926,0.0,0.0,
nonzero_scalar,DOP853,reduced_flux_recovered,0.24375,0.018360115284906522,0.018360115284906525,0.2568319531821715,0.016176305440482073,0.07528637287146982,0.07528637287146982,0.0,0.0,
nonzero_scalar,DOP853,reduced_flux_recovered,0.2625,0.01977171343692802,0.019771713436928025,0.25711838165079093,0.0143770125614529,0.07528418257506948,0.07528418257506948,0.0,0.0,
nonzero_scalar,DOP853,reduced_flux_recovered,0.28125,0.021183275158249883,0.021183275158249887,0.25737112733663886,0.012583508956708274,0.07528247658520873,0.07528247658520873,0.0,0.0,
nonzero_scalar,DOP853,reduced_flux_recovered,0.3,0.02259480894942002,0.022594808949420023,0.25759030067847344,0.010795995981198356,0.07528119310351317,0.07528119310351317,0.0,0.0,
nonzero_scalar,DOP853,reduced_flux_recovered,0.31875,0.02400632215741934,0.024006322157419345,0.2577760158771788,0.009014673554769141,0.07528027088757756,0.07528027088757756,0.0,0.0,
nonzero_scalar,DOP853,reduced_flux_recovered,0.33749999999999997,0.02541782098635385,0.025417820986353853,0.2579283908682767,0.007239740117364902,0.07527964927598245,0.07527964927598245,0.0,0.0,
nonzero_scalar,DOP853,reduced_flux_recovered,0.35625,0.026829310508565636,0.026829310508565636,0.25804754729382307,0.005471392584945793,0.07527926821286327,0.07527926821286327,0.0,0.0,
nonzero_scalar,DOP853,reduced_flux_recovered,0.375,0.028240794676214397,0.028240794676214404,0.2581336104734139,0.00370982630629855,0.07527906827198919,0.07527906827198919,0.0,0.0,
nonzero_scalar,DOP853,reduced_flux_recovered,0.39375,0.02965227633330586,0.029652276333305867,0.25818670937439997,0.0019552350207129084,0.07527899068034517,0.07527899068034517,0.0,0.0,
nonzero_scalar,DOP853,reduced_flux_recovered,0.4125,0.03106375722815711,0.031063757228157116,0.25820697658132535,0.00020781081655214806,0.07527897734120519,0.07527897734120519,0.0,0.0,
nonzero_scalar,DOP853,reduced_flux_recovered,0.43124999999999997,0.03247523802628917,0.03247523802628917,0.25819454826460053,-0.0015322559092539618,0.07527897085668518,0.07527897085668518,0.0,0.0,
nonzero_scalar,DOP853,reduced_flux_recovered,0.44999999999999996,0.03388671832373694,0.03388671832373695,0.2581495641484256,-0.0032647764907654843,0.07527891454976346,0.07527891454976346,0.0,0.0,
nonzero_scalar,DOP853,reduced_flux_recovered,0.46875,0.035298196660766716,0.03529819666076672,0.2580721674779756,-0.004989564031609543,0.07527875248575709,0.07527875248575709,0.0,0.0,
nonzero_scalar,DOP853,reduced_flux_recovered,0.4875,0.03670967053599136,0.036709670535991376,0.257962504985861,-0.0067064334425501505,0.07527842949324211,0.07527842949324211,0.0,0.0,
nonzero_scalar,DOP853,reduced_flux_recovered,0.50625,0.038121136420873517,0.03812113642087352,0.2578207268578773,-0.008415201478022351,0.07527789118440599,0.07527789118440599,0.0,0.0,
nonzero_scalar,DOP853,reduced_flux_recovered,0.525,0.03953258977460676,0.03953258977460676,0.257646986698057,-0.010115686771602236,0.07527708397482026,0.07527708397482026,0.0,0.0,
nonzero_scalar,DOP853,reduced_flux_recovered,0.54375,0.04094402505936264,0.04094402505936265,0.257441441493123,-0.011807709870510124,0.07527595510263764,0.07527595510263764,0.0,0.0,
nonzero_scalar,DOP853,reduced_flux_recovered,0.5625,0.04235543575588112,0.042355435755881125,0.2572042515764559,-0.01349109326925461,0.07527445264723011,0.07527445264723011,0.0,0.0,
nonzero_scalar,DOP853,reduced_flux_recovered,0.5812499999999999,0.04376681437942053,0.04376681437942054,0.25693558059111027,-0.015165661441752392,0.0752725255471673,0.0752725255471673,0.0,0.0,
nonzero_scalar,DOP853,reduced_flux_recovered,0.6,0.04517815249603085,0.045178152496030854,0.25663559545245096,-0.016831240872645037,0.0752701236176258,0.0752701236176258,0.0,0.0,
nonzero_scalar,DOP853,reduced_flux_recovered,0.61875,0.04658944073914382,0.046589440739143825,0.25630446631016934,-0.018487660087433133,0.07526719756717959,0.07526719756717959,0.0,0.0,
nonzero_scalar,DOP853,reduced_flux_recovered,0.6375,0.048000668826476,0.04800066882647601,0.2559423665097423,-0.02013474968150558,0.0752636990139699,0.0752636990139699,0.0,0.0,
nonzero_scalar,DOP853,reduced_flux_recovered,0.65625,0.04941182557723169,0.0494118255772317,0.2555494725533578,-0.021772342348056892,0.07525958050125127,0.07525958050125127,0.0,0.0,
nonzero_scalar,DOP853,reduced_flux_recovered,0.6749999999999999,0.050822898929592415,0.05082289892959242,0.2551259640603285,-0.023400272904880868,0.07525479551230937,0.07525479551230937,0.0,0.0,
nonzero_scalar,DOP853,reduced_flux_recovered,0.69375,0.05223387595848007,0.05223387595848008,0.2546720237270142,-0.02501837832002942,0.075249298484747,0.075249298484747,0.0,0.0,
nonzero_scalar,DOP853,reduced_flux_recovered,0.7125,0.05364474289358048,0.05364474289358049,0.2541878372862737,-0.026626497736324677,0.0752430448241338,0.0752430448241338,0.0,0.0,
nonzero_scalar,DOP853,reduced_flux_recovered,0.73125,0.05505548513761427,0.05505548513761428,0.2536735934664681,-0.028224472494713135,0.07523599091701617,0.07523599091701617,0.0,0.0,
nonzero_scalar,DOP853,reduced_flux_recovered,0.75,0.05646608728484201,0.05646608728484202,0.2531294839500354,-0.029812146156450184,0.07522809414328295,0.07522809414328295,0.0,0.0,
nonzero_scalar,DOP853,reduced_flux_recovered,0.7687499999999999,0.057876533139790354,0.057876533139790354,0.25255570333165855,-0.03138936452410343,0.07521931288788304,0.07521931288788304,0.0,0.0,
nonzero_scalar,DOP853,reduced_flux_recovered,0.7875,0.05928680573619387,0.059286805736193875,0.25195244907604714,-0.03295597566140103,0.07520960655189442,0.07520960655189442,0.0,0.0,
nonzero_scalar,DOP853,reduced_flux_recovered,0.80625,0.06069688735619634,0.06069688735619635,0.2513199214753733,-0.034511829912241956,0.07519893556297876,0.07519893556297876,0.0,0.0,
nonzero_scalar,DOP853,reduced_flux_recovered,0.825,0.062106759549656686,0.06210675954965669,0.2506583236063514,-0.036056779918142316,0.07518726138515433,0.07518726138515433,0.0,0.0,
nonzero_scalar,DOP853,reduced_flux_recovered,0.84375,0.06351640315367407,0.06351640315367409,0.24996786128698623,-0.03759068063469286,0.07517454652792939,0.07517454652792939,0.0,0.0,
nonzero_scalar,DOP853,reduced_flux_recovered,0.8624999999999999,0.06492579831226747,0.06492579831226748,0.2492487430330529,-0.03911338934688557,0.07516075455479919,0.0751607545547992,0.0,0.0,
nonzero_scalar,DOP853,reduced_flux_recovered,0.88125,0.06633492449620852,0.06633492449620854,0.24850118001429164,-0.040624765683286955,0.07514585009109465,0.07514585009109466,0.0,0.0,
nonzero_scalar,DOP853,reduced_flux_recovered,0.8999999999999999,0.06774376052300067,0.06774376052300067,0.2477253860103399,-0.04212467162909184,0.07512979883118762,0.07512979883118763,0.0,0.0,
nonzero_scalar,DOP853,reduced_flux_recovered,0.91875,0.06915228457699059,0.0691522845769906,0.24692157736642556,-0.043612971538062345,0.07511256754505632,0.07511256754505634,0.0,0.0,
nonzero_scalar,DOP853,reduced_flux_recovered,0.9375,0.07056047422959756,0.07056047422959758,0.2460899729488455,-0.04508953214335678,0.07509412408421422,0.07509412408421423,0.0,0.0,
nonzero_scalar,DOP853,reduced_flux_recovered,0.9562499999999999,0.07196830645964657,0.07196830645964658,0.24523079410025347,-0.04655422256725308,0.07507443738700563,0.07507443738700564,0.0,0.0,
nonzero_scalar,DOP853,reduced_flux_recovered,0.975,0.07337575767379118,0.07337575767379118,0.24434426459478173,-0.048006914329771666,0.07505347748327168,0.0750534774832717,0.0,0.0,
nonzero_scalar,DOP853,reduced_flux_recovered,0.9937499999999999,0.0747828037270115,0.07478280372701152,0.24343061059302054,-0.04944748135620219,0.07503121549838981,0.07503121549838983,0.0,0.0,
nonzero_scalar,DOP853,reduced_flux_recovered,1.0125,0.07618941994317374,0.07618941994317376,0.24249006059687933,-0.050875799983539104,0.07500762365669017,0.07500762365669018,0.0,0.0,
nonzero_scalar,DOP853,reduced_flux_recovered,1.03125,0.07759558113563741,0.07759558113563743,0.24152284540435268,-0.05229174896583287,0.07498267528425256,0.07498267528425258,0.0,0.0,
nonzero_scalar,DOP853,reduced_flux_recovered,1.05,0.07900126162799571,0.07900126162799573,0.24052919806406498,-0.05369520947869757,0.07495634481110035,0.07495634481110036,0.0,0.0,
nonzero_scalar,DOP853,reduced_flux_recovered,1.0687499999999999,0.0804064352747925,0.08040643527479252,0.23950935382983446,-0.05508606512268493,0.0749286077727929,0.07492860777279291,0.0,0.0,
nonzero_scalar,DOP853,reduced_flux_recovered,1.0875,0.08181107548222497,0.08181107548222498,0.23846355011522877,-0.056464201925512464,0.07489944081140283,0.07489944081140285,0.0,0.0,
nonzero_scalar,DOP853,reduced_flux_recovered,1.10625,0.083215155228908,0.08321515522890803,0.23739202644802582,-0.05782950834344292,0.07486882167591502,0.07486882167591503,0.0,0.0,
nonzero_scalar,DOP853,reduced_flux_recovered,1.125,0.08461864708662031,0.08461864708662034,0.23629502442469003,-0.0591818752616412,0.07483672922203816,0.07483672922203817,0.0,0.0,
nonzero_scalar,DOP853,reduced_flux_recovered,1.14375,0.08602152324104842,0.08602152324104843,0.23517278766483568,-0.06052119599358047,0.07480314341143722,0.07480314341143723,0.0,0.0,
nonzero_scalar,DOP853,reduced_flux_recovered,1.1624999999999999,0.08742375551251567,0.08742375551251569,0.23402556176570077,-0.06184736627951406,0.07476804531039526,0.07476804531039527,0.0,0.0,
nonzero_scalar,DOP853,reduced_flux_recovered,1.18125,0.0888253153766832,0.08882531537668323,0.23285359425665333,-0.06316028428402995,0.07473141708791334,0.07473141708791335,0.0,0.0,
nonzero_scalar,DOP853,reduced_flux_recovered,1.2,0.09022617398520921,0.09022617398520924,0.23165713455375384,-0.06445985059270412,0.07469324201325746,0.07469324201325747,0.0,0.0,
nonzero_scalar,DOP853,reduced_flux_recovered,1.21875,0.09162630218635387,0.0916263021863539,0.23043643391439542,-0.06574596820786996,0.07465350445296096,0.07465350445296096,0.0,0.0,
nonzero_scalar,DOP853,reduced_flux_recovered,1.2375,0.09302567054551636,0.09302567054551639,0.22919174539204576,-0.06701854254351969,0.07461218986729141,0.07461218986729143,0.0,0.0,
nonzero_scalar,DOP853,reduced_flux_recovered,1.2562499999999999,0.09442424936569091,0.09442424936569094,0.22792332379111224,-0.06827748141935504,0.07456928480619063,0.07456928480619064,0.0,0.0,
nonzero_scalar,DOP853,reduced_flux_recovered,1.275,0.09582200870782884,0.09582200870782885,0.226631425621954,-0.06952269505400349,0.07452477690469637,0.07452477690469639,0.0,0.0,
nonzero_scalar,DOP853,reduced_flux_recovered,1.29375,0.09721891841114877,0.09721891841114878,0.22531630905594638,-0.07075409605748874,0.07447865487785224,0.07447865487785225,0.0,0.0,
nonzero_scalar,DOP853,reduced_flux_recovered,1.3125,0.09861494811343086,0.09861494811343088,0.2239782338805204,-0.0719715994230526,0.07443090851511965,0.07443090851511966,0.0,0.0,
nonzero_scalar,DOP853,reduced_flux_recovered,1.33125,0.10001006727100646,0.10001006727100648,0.2226174614547671,-0.07317512251796106,0.07438152867430729,0.0743815286743073,0.0,0.0,
nonzero_scalar,DOP853,reduced_flux_recovered,1.3499999999999999,0.10140424517876019,0.10140424517876022,0.22123425466494928,-0.07436458507375591,0.0743305072750159,0.07433050727501592,0.0,0.0,
nonzero_scalar,DOP853,reduced_flux_recovered,1.36875,0.10279745098996512,0.10279745098996514,0.21982887788028982,-0.07553990917576578,0.07427783729161952,0.07427783729161953,0.0,0.0,
nonzero_scalar,DOP853,reduced_flux_recovered,1.3875,0.10418965373598726,0.10418965373598729,0.21840159690894864,-0.07670101925194218,0.07422351274578756,0.07422351274578758,0.0,0.0,
nonzero_scalar,DOP853,reduced_flux_recovered,1.40625,0.10558082234585134,0.10558082234585137,0.21695267895420187,-0.07784784206104613,0.07416752869855851,0.07416752869855853,0.0,0.0,
nonzero_scalar,DOP853,reduced_flux_recovered,1.425,0.10697092566565675,0.10697092566565677,0.21548239257084112,-0.07898030668020765,0.07410988124197675,0.07410988124197676,0.0,0.0,
nonzero_scalar,DOP853,reduced_flux_recovered,1.4437499999999999,0.10835993247783318,0.10835993247783321,0.21399100762181067,-0.08009834449188087,0.074050567490304,0.07405056749030402,0.0,0.0,
nonzero_scalar,DOP853,reduced_flux_recovered,1.4625,0.10974781152022538,0.1097478115202254,0.2124787952351008,-0.08120188917021699,0.07398958557081672,0.07398958557081674,0.0,0.0,
nonzero_scalar,DOP853,reduced_flux_recovered,1.48125,0.11113453150499598,0.111134531504996,0.21094602776091506,-0.0822908766668781,0.07392693461420077,0.07392693461420079,0.0,0.0,
nonzero_scalar,DOP853,reduced_flux_recovered,1.5,0.11252006113733617,0.1125200611373362,0.20939297872912938,-0.08336524519631403,0.07386261474455487,0.07386261474455488,0.0,0.0,
nonzero_scalar,DOP853,reduced_flux_recovered,1.51875,0.11390436913397335,0.11390436913397337,0.20781992280706085,-0.08442493522052505,0.07379662706901416,0.07379662706901417,0.0,0.0,
nonzero_scalar,DOP853,reduced_flux_recovered,1.5374999999999999,0.11528742424148096,0.11528742424148097,0.20622713575752524,-0.08546988943334277,0.07372897366700275,0.07372897366700276,0.0,0.0,
nonzero_scalar,DOP853,reduced_flux_recovered,1.55625,0.11666919525451469,0.1166691952545147,0.2046148943968726,-0.0865000527443399,0.07365965757910735,0.07365965757910736,0.0,0.0,
nonzero_scalar,DOP853,reduced_flux_recovered,1.575,0.1180496510336559,0.11804965103365592,0.20298347655377283,-0.08751537226219133,0.07358868279563202,0.07358868279563203,0.0,0.0,
nonzero_scalar,DOP853,reduced_flux_recovered,1.59375,0.11942876052311285,0.11942876052311288,0.20133316102812962,-0.08851579727766602,0.07351605424480222,0.07351605424480223,0.0,0.0,
nonzero_scalar,DOP853,reduced_flux_recovered,1.6125,0.12080649276819577,0.1208064927681958,0.19966422755032678,-0.08950127924624272,0.07344177778064583,0.07344177778064584,0.0,0.0,
nonzero_scalar,DOP853,reduced_flux_recovered,1.6312499999999999,0.1221828169325549,0.12218281693255492,0.1979769567408175,-0.09047177177036034,0.0733658601705605,0.07336586017056052,0.0,0.0,
nonzero_scalar,DOP853,reduced_flux_recovered,1.65,0.12355770231518802,0.12355770231518806,0.19627163007003562,-0.09142723058133294,0.07328830908257672,0.07328830908257673,0.0,0.0,
nonzero_scalar,DOP853,reduced_flux_recovered,1.66875,0.12493111836720935,0.1249311183672094,0.19454852981864001,-0.092367613520952,0.07320913307232794,0.07320913307232796,0.0,0.0,
nonzero_scalar,DOP853,reduced_flux_recovered,1.6875,0.12630303470837298,0.126303034708373,0.19280793903810375,-0.09329288052279915,0.07312834156973967,0.07312834156973969,0.0,0.0,
nonzero_scalar,DOP853,reduced_flux_recovered,1.70625,0.1276734211433429,0.12767342114334293,0.19105014151165947,-0.0942029935932917,0.07304594486544884,0.07304594486544885,0.0,0.0,
nonzero_scalar,DOP853,reduced_flux_recovered,1.7249999999999999,0.12904224767770273,0.12904224767770275,0.1892754217156123,-0.09509791679248414,0.07296195409696522,0.07296195409696524,0.0,0.0,
nonzero_scalar,DOP853,reduced_flux_recovered,1.74375,0.13040948453369722,0.13040948453369725,0.18748406478103213,-0.09597761621464809,0.07287638123458642,0.07287638123458644,0.0,0.0,
nonzero_scalar,DOP853,reduced_flux_recovered,1.7625,0.13177510216569835,0.13177510216569838,0.18567635645583652,-0.0968420599686537,0.07278923906707804,0.07278923906707806,0.0,0.0,
nonzero_scalar,DOP853,reduced_flux_recovered,1.78125,0.1331390712753896,0.13313907127538963,0.1838525830672729,-0.0976912181581752,0.07270054118713033,0.07270054118713035,0.0,0.0,
nonzero_scalar,DOP853,reduced_flux_recovered,1.7999999999999998,0.1345013628267592,0.13450136282675923,0.18201303148454148,-0.09852506286174714,0.07261030197657843,0.07261030197657845,0.0,0.0,
nonzero_scalar,DOP853,reduced_flux_recovered,1.8187499999999999,0.13586194806076385,0.1358619480607639,0.1801579890819361,-0.09934356811268481,0.0725185365914299,0.07251853659142991,0.0,0.0,
nonzero_scalar,DOP853,reduced_flux_recovered,1.8375,0.13722079850966085,0.13722079850966087,0.17828774370249498,-0.10014670987888458,0.07242526094670954,0.07242526094670955,0.0,0.0,
nonzero_scalar,DOP853,reduced_flux_recovered,1.85625,0.1385778860111118,0.13857788601111184,0.17640258362187655,-0.10093446604253911,0.07233049170110575,0.07233049170110577,0.0,0.0,
nonzero_scalar,DOP853,reduced_flux_recovered,1.875,0.13993318272197638,0.1399331827219764,0.17450279751267106,-0.10170681637978106,0.07223424624144796,0.07223424624144797,0.0,0.0,
nonzero_scalar,DOP853,reduced_flux_recovered,1.8937499999999998,0.1412866611318173,0.14128666113181731,0.17258867440908215,-0.1024637425402741,0.07213654266701901,0.07213654266701902,0.0,0.0,
nonzero_scalar,DOP853,reduced_flux_recovered,1.9124999999999999,0.14263829407611256,0.1426382940761126,0.1706605036719826,-0.10320522802677025,0.07203739977371275,0.07203739977371278,0.0,0.0,
nonzero_scalar,DOP853,reduced_flux_recovered,1.93125,0.14398805474917065,0.1439880547491707,0.16871857495434978,-0.10393125817465201,0.07193683703804685,0.07193683703804687,0.0,0.0,
nonzero_scalar,DOP853,reduced_flux_recovered,1.95,0.1453359167167448,0.14533591671674484,0.1667631781670854,-0.1046418201314787,0.07183487460104084,0.07183487460104085,0.0,0.0,
nonzero_scalar,DOP853,reduced_flux_recovered,1.96875,0.14668185392834174,0.14668185392834177,0.16479460344522479,-0.10533690283655532,0.07173153325196972,0.07173153325196975,0.0,0.0,
nonzero_scalar,DOP853,reduced_flux_recovered,1.9874999999999998,0.14802584072922112,0.14802584072922115,0.16281314111454032,-0.10601649700054316,0.07162683441200325,0.07162683441200328,0.0,0.0,
nonzero_scalar,DOP853,reduced_flux_recovered,2.00625,0.14936785187208157,0.1493678518720816,0.16081908165854447,-0.10668059508513084,0.07152080011774073,0.07152080011774076,0.0,0.0,
nonzero_scalar,DOP853,reduced_flux_recovered,2.025,0.1507078625284285,0.15070786252842852,0.1588127156858971,-0.1073291912827846,0.07141345300465175,0.07141345300465178,0.0,0.0,
nonzero_scalar,DOP853,reduced_flux_recovered,2.0437499999999997,0.1520458482996525,0.15204584829965254,0.15679433389812397,-0.10796228149657586,0.07130481629042205,0.07130481629042208,0.0,0.0,
nonzero_scalar,DOP853,reduced_flux_recovered,2.0625,0.15338178522784524,0.15338178522784526,0.15476422705755688,-0.10857986332007935,0.07119491375820121,0.07119491375820124,0.0,0.0,
nonzero_scalar,DOP853,reduced_flux_recovered,2.08125,0.15471564980618643,0.15471564980618646,0.15272268595600372,-0.10918193601746311,0.07108376973981932,0.07108376973981935,0.0,0.0,
nonzero_scalar,DOP853,reduced_flux_recovered,2.1,0.1560474189890915,0.15604741898909152,0.15067000138355788,-0.10976850050366457,0.07097140909891568,0.07097140909891571,0.0,0.0,
nonzero_scalar,DOP853,reduced_flux_recovered,2.11875,0.15737707020202152,0.15737707020202155,0.14860646409784078,-0.11033955932472887,0.07085785721401981,0.07085785721401984,0.0,0.0,
nonzero_scalar,DOP853,reduced_flux_recovered,2.1374999999999997,0.15870458135097748,0.1587045813509775,0.1465323647936047,-0.11089511663830766,0.07074313996158679,0.07074313996158683,0.0,0.0,
nonzero_scalar,DOP853,reduced_flux_recovered,2.15625,0.16002993083167744,0.16002993083167746,0.14444799407269365,-0.11143517819433008,0.0706272836989942,0.07062728369899422,0.0,0.0,
nonzero_scalar,DOP853,reduced_flux_recovered,2.175,0.16135309753841579,0.1613530975384158,0.1423536424143615,-0.11195975131585846,0.07051031524750859,0.07051031524750863,0.0,0.0,
nonzero_scalar,DOP853,reduced_flux_recovered,2.19375,0.16267406087260367,0.16267406087260372,0.14024960014594565,-0.11246884488014194,0.07039226187522962,0.07039226187522965,0.0,0.0,
nonzero_scalar,DOP853,reduced_flux_recovered,2.2125,0.1639928007509883,0.16399280075098832,0.1381361574138982,-0.11296246929987999,0.07027315128001939,0.07027315128001943,0.0,0.0,
nonzero_scalar,DOP853,reduced_flux_recovered,2.2312499999999997,0.16530929761355087,0.1653092976135509,0.13601360415517164,-0.11344063650470916,0.07015301157242523,0.07015301157242528,0.0,0.0,
nonzero_scalar,DOP853,reduced_flux_recovered,2.25,0.16662353243108108,0.16662353243108113,0.13388223006896052,-0.11390335992292536,0.0700318712586036,0.07003187125860365,0.0,0.0,
nonzero_scalar,DOP853,reduced_flux_recovered,2.26875,0.1679354867124271,0.16793548671242717,0.1317423245887981,-0.11435065446345434,0.06990975922325318,0.06990975922325322,0.0,0.0,
nonzero_scalar,DOP853,reduced_flux_recovered,2.2875,0.16924514251142542,0.16924514251142547,0.12959417685498786,-0.11478253649807378,0.0697867047125625,0.06978670471256254,0.0,0.0,
nonzero_scalar,DOP853,reduced_flux_recovered,2.30625,0.17055248243355503,0.17055248243355509,0.1274380756872091,-0.11519902384381336,0.06966273731715736,0.0696627373171574,0.0,0.0,
nonzero_scalar,DOP853,reduced_flux_recovered,2.3249999999999997,0.17185748964221353,0.17185748964221362,0.12527430955766278,-0.11560013574572796,0.06953788695510188,0.06953788695510192,0.0,0.0,
nonzero_scalar,DOP853,reduced_flux_recovered,2.34375,0.17316014786469733,0.17316014786469738,0.12310316656445777,-0.1159858928599027,0.06941218385492397,0.06941218385492401,0.0,0.0,
nonzero_scalar,DOP853,reduced_flux_recovered,2.3625,0.1744604413978661,0.17446044139786615,0.12092493440530488,-0.11635631723673684,0.06928565853867841,0.06928565853867845,0.0,0.0,
nonzero_scalar,DOP853,reduced_flux_recovered,2.38125,0.1757583551134874,0.17575835511348747,0.11873990035153088,-0.11671143230452044,0.06915834180505771,0.06915834180505774,0.0,0.0,
nonzero_scalar,DOP853,reduced_flux_recovered,2.4,0.17705387446326515,0.17705387446326523,0.11654835122239446,-0.11705126285330188,0.06903026471255469,0.06903026471255472,0.0,0.0,
nonzero_scalar,DOP853,reduced_flux_recovered,2.4187499999999997,0.17834698548355415,0.17834698548355424,0.11435057335969875,-0.11737583501905248,0.06890145856268247,0.0689014585626825,0.0,0.0,
nonzero_scalar,DOP853,reduced_flux_recovered,2.4375,0.17963767479976062,0.1796376747997607,0.1121468526026978,-0.11768517626813402,0.06877195488325769,0.06877195488325771,0.0,0.0,
nonzero_scalar,DOP853,reduced_flux_recovered,2.45625,0.18092592963042978,0.18092592963042986,0.10993747426329203,-0.11797931538207503,0.0686417854117525,0.06864178541175253,0.0,0.0,
nonzero_scalar,DOP853,reduced_flux_recovered,2.475,0.18221173779102218,0.18221173779102226,0.10772272310150849,-0.11825828244266198,0.06851098207872115,0.06851098207872118,0.0,0.0,
nonzero_scalar,DOP853,reduced_flux_recovered,2.49375,0.18349508769737835,0.18349508769737843,0.10550288330126295,-0.11852210881735116,0.06837957699130683,0.06837957699130685,0.0,0.0,
nonzero_scalar,DOP853,reduced_flux_recovered,2.5124999999999997,0.18477596836887375,0.18477596836887383,0.10327823844639814,-0.1187708271450072,0.06824760241683443,0.06824760241683446,0.0,0.0,
nonzero_scalar,DOP853,reduced_flux_recovered,2.53125,0.18605436943126452,0.1860543694312646,0.10104907149699492,-0.11900447132197343,0.0681150907664949,0.06811509076649493,0.0,0.0,
nonzero_scalar,DOP853,reduced_flux_recovered,2.55,0.18733028111924066,0.18733028111924074,0.09881566476588272,-0.11922307648840094,0.06798207457911555,0.06798207457911558,0.0,0.0,
nonzero_scalar,DOP853,reduced_flux_recovered,2.56875,0.1886036942786704,0.1886036942786705,0.09657829989543332,-0.11942667901493972,0.06784858650503287,0.06784858650503289,0.0,0.0,
nonzero_scalar,DOP853,reduced_flux_recovered,2.5875,0.1898746003685329,0.189874600368533,0.09433725783464693,-0.11961531648980027,0.06771465929007771,0.06771465929007774,0.0,0.0,
nonzero_scalar,DOP853,reduced_flux_recovered,2.6062499999999997,0.19114299146256306,0.19114299146256314,0.09209281881642924,-0.11978902770609409,0.0675803257596606,0.06758032575966062,0.0,0.0,
nonzero_scalar,DOP853,reduced_flux_recovered,2.625,0.19240886025059517,0.19240886025059525,0.08984526233511644,-0.11994785264951818,0.06744561880297248,0.0674456188029725,0.0,0.0,
nonzero_scalar,DOP853,reduced_flux_recovered,2.64375,0.19367220003961116,0.19367220003961125,0.08759486712422743,-0.12009183248636505,0.06731057135730273,0.06731057135730276,0.0,0.0,
nonzero_scalar,DOP853,reduced_flux_recovered,2.6625,0.19493300475449635,0.19493300475449643,0.08534191113443645,-0.12022100955185806,0.06717521639247857,0.0671752163924786,0.0,0.0,
nonzero_scalar,DOP853,reduced_flux_recovered,2.68125,0.19619126893850408,0.19619126893850414,0.08308667151176234,-0.12033542733881168,0.06703958689542994,0.06703958689542995,0.0,0.0,
nonzero_scalar,DOP853,reduced_flux_recovered,2.6999999999999997,0.19744698775343303,0.1974469877534331,0.08082942457596635,-0.12043513048661655,0.06690371585488339,0.06690371585488342,0.0,0.0,
nonzero_scalar,DOP853,reduced_flux_recovered,2.71875,0.19870015697951865,0.19870015697951873,0.07857044579915456,-0.12052016477054912,0.06676763624618952,0.06676763624618955,0.0,0.0,
nonzero_scalar,DOP853,reduced_flux_recovered,2.7375,0.19995077301504133,0.1999507730150414,0.07631000978457825,-0.12059057709140546,0.06663138101628722,0.06663138101628725,0.0,0.0,
nonzero_scalar,DOP853,reduced_flux_recovered,2.75625,0.20119883287565457,0.20119883287565465,0.07404839024562601,-0.12064641546545923,0.06649498306880931,0.06649498306880934,0.0,0.0,
nonzero_scalar,DOP853,reduced_flux_recovered,2.775,0.2024443341934343,0.20244433419343438,0.07178585998500321,-0.12068772901474345,0.0663584752493331,0.06635847524933312,0.0,0.0,
nonzero_scalar,DOP853,reduced_flux_recovered,2.7937499999999997,0.20368727521565233,0.2036872752156524,0.06952269087408723,-0.1207145679576246,0.06622189033077816,0.06622189033077819,0.0,0.0,
nonzero_scalar,DOP853,reduced_flux_recovered,2.8125,0.20492765480327685,0.20492765480327693,0.06725915383244781,-0.12072698359963226,0.0660852609989517,0.06608526099895173,0.0,0.0,
nonzero_scalar,DOP853,reduced_flux_recovered,2.83125,0.20616547242920688,0.20616547242920696,0.064995518807555,-0.1207250283247103,0.0659486198382548,0.06594861983825483,0.0,0.0,
nonzero_scalar,DOP853,reduced_flux_recovered,2.85,0.2074007281762379,0.20740072817623798,0.06273205475463721,-0.12070875558669338,0.06581199931754263,0.06581199931754265,0.0,0.0,
nonzero_scalar,DOP853,reduced_flux_recovered,2.86875,0.2086334227347643,0.20863342273476437,0.06046902961669725,-0.12067821990109508,0.06567543177614632,0.06567543177614635,0.0,0.0,
nonzero_scalar,DOP853,reduced_flux_recovered,2.8874999999999997,0.2098635574002209,0.20986355740022097,0.05820671030467986,-0.12063347683718664,0.06553894941005896,0.06553894941005899,0.0,0.0,
nonzero_scalar,DOP853,reduced_flux_recovered,2.90625,0.21109113407026686,0.21109113407026694,0.055945362677786686,-0.12057458301036002,0.06540258425828904,0.06540258425828907,0.0,0.0,
nonzero_scalar,DOP853,reduced_flux_recovered,2.925,0.21231615524171493,0.21231615524171504,0.053685251523932054,-0.12050159607477014,0.06526636818938382,0.06526636818938385,0.0,0.0,
nonzero_scalar,DOP853,reduced_flux_recovered,2.94375,0.2135386240072104,0.21353862400721052,0.051426640540333336,-0.12041457471625147,0.06513033288812549,0.06513033288812552,0.0,0.0,
nonzero_scalar,DOP853,reduced_flux_recovered,2.9625,0.21475854405166228,0.21475854405166236,0.04916979231423152,-0.12031357864550345,0.06499450984240306,0.06499450984240308,0.0,0.0,
nonzero_scalar,DOP853,reduced_flux_recovered,2.9812499999999997,0.2159759196484308,0.2159759196484309,0.04691496830373441,-0.12019866859154003,0.06485893033026267,0.0648589303302627,0.0,0.0,
nonzero_scalar,DOP853,reduced_flux_recovered,3.0,0.2171907556552747,0.21719075565527482,0.04466242881877823,-0.1200699062953981,0.06472362540713923,0.06472362540713926,0.0,0.0,
nonzero_scalar,DOP853,wrong_model,0.0,0.0,0.0,0.25,0.04,0.0753878858526576,0.0753878858526576,0.0,0.0,0.0
nonzero_scalar,DOP853,wrong_model,0.01875,0.001413386535201666,0.0014133865352016657,0.2507325985388063,0.038144336598264154,0.07537357114591478,0.07537357114591478,0.0,0.0,-1.0792610646523001e-19
nonzero_scalar,DOP853,wrong_model,0.0375,0.002826517206226795,0.0028265172062267945,0.2514304317650716,0.03629173599337122,0.07536058256557554,0.07536058256557553,0.0,0.0,-8.396600953946186e-20
nonzero_scalar,DOP853,wrong_model,0.056249999999999994,0.004239416253644903,0.004239416253644901,0.2520935591287697,0.034442413794551985,0.07534885354968351,0.0753488535496835,0.0,0.0,-8.508713737069984e-20
nonzero_scalar,DOP853,wrong_model,0.075,0.005652106671773722,0.005652106671773717,0.25272204411519755,0.03259658481976731,0.07533831773113712,0.07533831773113711,0.0,0.0,-8.049892510377196e-20
nonzero_scalar,DOP853,wrong_model,0.09375,0.007064610212600925,0.007064610212600916,0.25331595422968817,0.030754463043107028,0.07532890896738088,0.07532890896738087,0.0,0.0,-7.628617617608212e-20
nonzero_scalar,DOP853,wrong_model,0.11249999999999999,0.008476947390275888,0.008476947390275876,0.2538753609812668,0.028916261542593268,0.07532056136984144,0.07532056136984143,0.0,0.0,-7.803860731747872e-20
nonzero_scalar,DOP853,wrong_model,0.13125,0.009889137486149469,0.009889137486149452,0.2544003398653465,0.027082192448388758,0.07531320933309188,0.07531320933309187,0.0,0.0,-8.909431163186212e-20
nonzero_scalar,DOP853,wrong_model,0.15,0.011301198554354585,0.011301198554354566,0.25489097034547525,0.025252466891446786,0.0753067875637265,0.07530678756372648,0.0,0.0,-1.0955098603488557e-19
nonzero_scalar,DOP853,wrong_model,0.16874999999999998,0.012713147427922912,0.012713147427922887,0.2553473358341371,0.023427294952643472,0.07530123110892832,0.07530123110892831,0.0,0.0,-1.3607123678483852e-19
nonzero_scalar,DOP853,wrong_model,0.1875,0.014124999725432809,0.014124999725432786,0.2557695236726088,0.021606885612433478,0.07529647538471113,0.07529647538471111,0.0,0.0,-1.6250827684380288e-19
nonzero_scalar,DOP853,wrong_model,0.20625,0.015536769858183783,0.015536769858183759,0.25615762510987444,0.01979144670106991,0.07529245620381816,0.07529245620381815,0.0,0.0,-1.813783288061717e-19
nonzero_scalar,DOP853,wrong_model,0.22499999999999998,0.016948471037892657,0.016948471037892637,0.2565117352806001,0.0179811848494294,0.07528910980325942,0.07528910980325941,0.0,0.0,-1.8620604713162051e-19
nonzero_scalar,DOP853,wrong_model,0.24375,0.01836011528490668,0.018360115284906664,0.25683195318216995,0.01617630544048326,0.07528637287146969,0.07528637287146968,0.0,0.0,-1.7476927341962048e-19
nonzero_scalar,DOP853,wrong_model,0.2625,0.019771713436928788,0.019771713436928774,0.2571183816507865,0.014377012561455627,0.07528418257506912,0.07528418257506911,0.0,0.0,-1.532694384625838e-19
nonzero_scalar,DOP853,wrong_model,0.28125,0.021183275158249904,0.021183275158249894,0.2573711273366388,0.012583508956708412,0.07528247658520873,0.07528247658520872,0.0,0.0,-1.4105499809333417e-19
nonzero_scalar,DOP853,wrong_model,0.3,0.022594808949420085,0.022594808949420075,0.2575903006784733,0.010795995981198455,0.07528119310351315,0.07528119310351314,0.0,0.0,-1.318301877904831e-19
nonzero_scalar,DOP853,wrong_model,0.31875,0.02400632215741938,0.024006322157419373,0.2577760158771789,0.009014673554769077,0.07528027088757758,0.07528027088757756,0.0,0.0,-1.3105812169604453e-19
nonzero_scalar,DOP853,wrong_model,0.33749999999999997,0.02541782098635385,0.025417820986353853,0.25792839086827657,0.007239740117365164,0.07527964927598245,0.07527964927598244,0.0,0.0,-1.3479109591463554e-19
nonzero_scalar,DOP853,wrong_model,0.35625,0.02682931050856564,0.02682931050856565,0.2580475472938225,0.005471392584946645,0.07527926821286324,0.07527926821286322,0.0,0.0,-1.1325171136878011e-19
nonzero_scalar,DOP853,wrong_model,0.375,0.028240794676214452,0.02824079467621447,0.258133610473413,0.0037098263062997072,0.07527906827198912,0.0752790682719891,0.0,0.0,-3.252088175817004e-20
nonzero_scalar,DOP853,wrong_model,0.39375,0.02965227633330597,0.029652276333305992,0.2581867093743994,0.001955235020713644,0.0752789906803451,0.07527899068034509,0.0,0.0,1.2717288125080717e-19
nonzero_scalar,DOP853,wrong_model,0.4125,0.03106375722815723,0.031063757228157254,0.2582069765813257,0.00020781081655169877,0.0752789773412052,0.07527897734120519,0.0,0.0,3.5872858187389217e-19
nonzero_scalar,DOP853,wrong_model,0.43124999999999997,0.03247523802628923,0.03247523802628925,0.25819454826460203,-0.001532255909255877,0.07527897085668533,0.07527897085668532,0.0,0.0,6.2317792936475575e-19
nonzero_scalar,DOP853,wrong_model,0.44999999999999996,0.03388671832373689,0.0338867183237369,0.25814956414842793,-0.003264776490768246,0.07527891454976374,0.07527891454976372,0.0,0.0,8.545862787464001e-19
nonzero_scalar,DOP853,wrong_model,0.46875,0.035298196660766556,0.03529819666076656,0.25807216747797757,-0.004989564031611618,0.07527875248575734,0.07527875248575733,0.0,0.0,9.770149993867803e-19
nonzero_scalar,DOP853,wrong_model,0.4875,0.036709670535991196,0.036709670535991196,0.25796250498586115,-0.006706433442549734,0.07527842949324214,0.07527842949324212,0.0,0.0,9.35710947687271e-19
nonzero_scalar,DOP853,wrong_model,0.50625,0.038121136420873454,0.03812113642087345,0.2578207268578754,-0.008415201478019104,0.07527789118440566,0.07527789118440564,0.0,0.0,7.446887201526013e-19
nonzero_scalar,DOP853,wrong_model,0.525,0.03953258977460679,0.039532589774606774,0.25764698669805597,-0.01011568677160047,0.07527708397482005,0.07527708397482004,0.0,0.0,5.528713631108773e-19
nonzero_scalar,DOP853,wrong_model,0.54375,0.04094402505936265,0.040944025059362635,0.25744144149312304,-0.011807709870509914,0.07527595510263765,0.07527595510263764,0.0,0.0,5.417979796505712e-19
nonzero_scalar,DOP853,wrong_model,0.5625,0.04235543575588119,0.042355435755881174,0.25720425157645593,-0.013491093269254652,0.07527445264723011,0.0752744526472301,0.0,0.0,5.39216885469755e-19
nonzero_scalar,DOP853,wrong_model,0.5812499999999999,0.04376681437942053,0.04376681437942051,0.2569355805911103,-0.015165661441752274,0.0752725255471673,0.07527252554716729,0.0,0.0,5.393229048104055e-19
nonzero_scalar,DOP853,wrong_model,0.6,0.045178152496030716,0.04517815249603068,0.256635595452451,-0.016831240872644346,0.0752701236176258,0.07527012361762579,0.0,0.0,5.492204538508659e-19
nonzero_scalar,DOP853,wrong_model,0.61875,0.0465894407391436,0.04658944073914356,0.25630446631016934,-0.01848766008743197,0.07526719756717956,0.07526719756717955,0.0,0.0,5.745419601965655e-19
nonzero_scalar,DOP853,wrong_model,0.6375,0.04800066882647588,0.04800066882647583,0.25594236650974217,-0.02013474968150459,0.07526369901396984,0.07526369901396984,0.0,0.0,6.172506491776706e-19
nonzero_scalar,DOP853,wrong_model,0.65625,0.04941182557723183,0.04941182557723178,0.25554947255335764,-0.02177234234805691,0.07525958050125123,0.07525958050125121,0.0,0.0,6.742344880269458e-19
nonzero_scalar,DOP853,wrong_model,0.6749999999999999,0.050822898929592866,0.05082289892959282,0.2551259640603285,-0.023400272904882433,0.07525479551230942,0.07525479551230942,0.0,0.0,7.369990473023089e-19
nonzero_scalar,DOP853,wrong_model,0.69375,0.0522338759584807,0.05223387595848066,0.25467202372701436,-0.025018378320032245,0.07524929848474715,0.07524929848474715,0.0,0.0,7.927670389185728e-19
nonzero_scalar,DOP853,wrong_model,0.7125,0.05364474289358097,0.05364474289358094,0.2541878372862741,-0.02662649773632746,0.075243044824134,0.075243044824134,0.0,0.0,8.272922901528507e-19
nonzero_scalar,DOP853,wrong_model,0.73125,0.05505548513761427,0.05505548513761425,0.2536735934664685,-0.02822447249471394,0.07523599091701628,0.0752359909170163,0.0,0.0,8.296959129881228e-19
nonzero_scalar,DOP853,wrong_model,0.75,0.0564660872848414,0.056466087284841385,0.2531294839500357,-0.029812146156447818,0.07522809414328281,0.07522809414328281,0.0,0.0,7.996324281594416e-19
nonzero_scalar,DOP853,wrong_model,0.7687499999999999,0.05787653313978969,0.05787653313978969,0.2525557033316586,-0.031389364524100224,0.07521931288788276,0.07521931288788276,0.0,0.0,7.570936032672686e-19
nonzero_scalar,DOP853,wrong_model,0.7875,0.0592868057361938,0.05928680573619379,0.25195244907604736,-0.03295597566140087,0.07520960655189443,0.07520960655189443,0.0,0.0,7.416369955786348e-19
nonzero_scalar,DOP853,wrong_model,0.80625,0.06069688735619638,0.060696887356196376,0.25131992147537335,-0.034511829912242005,0.07519893556297876,0.07519893556297876,0.0,0.0,7.263542171120266e-19
nonzero_scalar,DOP853,wrong_model,0.825,0.06210675954965673,0.06210675954965672,0.25065832360635143,-0.036056779918142365,0.07518726138515432,0.07518726138515432,0.0,0.0,7.251221387819565e-19
nonzero_scalar,DOP853,wrong_model,0.84375,0.06351640315367392,0.0635164031536739,0.24996786128698656,-0.037590680634692494,0.0751745465279294,0.0751745465279294,0.0,0.0,7.246717323893048e-19
nonzero_scalar,DOP853,wrong_model,0.8624999999999999,0.06492579831226711,0.0649257983122671,0.24924874303305353,-0.03911338934688471,0.07516075455479923,0.07516075455479922,0.0,0.0,6.914401355551115e-19
nonzero_scalar,DOP853,wrong_model,0.88125,0.06633492449620816,0.06633492449620815,0.24850118001429225,-0.040624765683286004,0.07514585009109466,0.07514585009109466,0.0,0.0,5.955284650337056e-19
nonzero_scalar,DOP853,wrong_model,0.8999999999999999,0.06774376052300063,0.0677437605230006,0.24772538601034,-0.042124671629091504,0.07512979883118759,0.07512979883118759,0.0,0.0,4.2718995212750984e-19
nonzero_scalar,DOP853,wrong_model,0.91875,0.0691522845769911,0.06915228457699109,0.24692157736642487,-0.04361297153806323,0.07511256754505628,0.07511256754505628,0.0,0.0,2.0513742973661336e-19
nonzero_scalar,DOP853,wrong_model,0.9375,0.07056047422959857,0.07056047422959856,0.2460899729488441,-0.04508953214335892,0.0750941240842142,0.0750941240842142,0.0,0.0,-2.40407994237603e-20
nonzero_scalar,DOP853,wrong_model,0.9562499999999999,0.07196830645964768,0.07196830645964766,0.245230794100252,-0.046554222567255645,0.07507443738700567,0.07507443738700567,0.0,0.0,-1.960676839048072e-19
nonzero_scalar,DOP853,wrong_model,0.975,0.07337575767379169,0.07337575767379168,0.24434426459478117,-0.04800691432977312,0.07505347748327176,0.07505347748327176,0.0,0.0,-2.4947770437160576e-19
nonzero_scalar,DOP853,wrong_model,0.9937499999999999,0.0747828037270109,0.07478280372701089,0.24343061059302162,-0.049447481356201126,0.07503121549838983,0.07503121549838984,0.0,0.0,-1.571416846833676e-19
nonzero_scalar,DOP853,wrong_model,1.0125,0.07618941994317241,0.0761894199431724,0.24249006059688147,-0.05087579998353612,0.07500762365669007,0.07500762365669007,0.0,0.0,3.047289632660411e-20
nonzero_scalar,DOP853,wrong_model,1.03125,0.07759558113563739,0.07759558113563737,0.2415228454043529,-0.05229174896583281,0.07498267528425258,0.07498267528425258,0.0,0.0,1.3165211863251556e-19
nonzero_scalar,DOP853,wrong_model,1.05,0.0790012616279957,0.07900126162799569,0.24052919806406514,-0.053695209478697555,0.07495634481110038,0.07495634481110038,0.0,0.0,1.2080058658350224e-19
nonzero_scalar,DOP853,wrong_model,1.0687499999999999,0.08040643527479259,0.08040643527479258,0.23950935382983443,-0.055086065122685005,0.07492860777279288,0.07492860777279288,0.0,0.0,1.1863476819638732e-19
nonzero_scalar,DOP853,wrong_model,1.0875,0.0818110754822249,0.08181107548222488,0.23846355011522907,-0.05646420192551231,0.07489944081140286,0.07489944081140286,0.0,0.0,1.257032074510145e-19
nonzero_scalar,DOP853,wrong_model,1.10625,0.08321515522890764,0.08321515522890763,0.2373920264480267,-0.057829508343442367,0.07486882167591509,0.07486882167591509,0.0,0.0,1.358548899508417e-19
nonzero_scalar,DOP853,wrong_model,1.125,0.08461864708661983,0.08461864708661981,0.23629502442469116,-0.059181875261640426,0.07483672922203823,0.07483672922203823,0.0,0.0,1.4319640813891623e-19
nonzero_scalar,DOP853,wrong_model,1.14375,0.08602152324104816,0.08602152324104814,0.23517278766483632,-0.060521195993579954,0.07480314341143725,0.07480314341143725,0.0,0.0,1.4523565220518071e-19
nonzero_scalar,DOP853,wrong_model,1.1624999999999999,0.08742375551251601,0.087423755512516,0.23402556176570016,-0.06184736627951429,0.0747680453103952,0.0747680453103952,0.0,0.0,1.432041839690757e-19
nonzero_scalar,DOP853,wrong_model,1.18125,0.08882531537668423,0.08882531537668421,0.2328535942566513,-0.06316028428403112,0.07473141708791323,0.07473141708791323,0.0,0.0,1.4055045102140385e-19
nonzero_scalar,DOP853,wrong_model,1.2,0.0902261739852106,0.09022617398521059,0.2316571345537511,-0.06445985059270588,0.07469324201325733,0.07469324201325733,0.0,0.0,1.4059599840942297e-19
nonzero_scalar,DOP853,wrong_model,1.21875,0.0916263021863549,0.09162630218635488,0.23043643391439347,-0.06574596820787136,0.0746535044529609,0.0746535044529609,0.0,0.0,1.4434683514913232e-19
nonzero_scalar,DOP853,wrong_model,1.2375,0.0930256705455162,0.09302567054551619,0.2291917453920463,-0.0670185425435196,0.07461218986729147,0.07461218986729147,0.0,0.0,1.494521128487189e-19
nonzero_scalar,DOP853,wrong_model,1.2562499999999999,0.0944242493656895,0.09442424936568948,0.2279233237911154,-0.06827748141935323,0.07456928480619075,0.07456928480619075,0.0,0.0,1.5130227372712927e-19
nonzero_scalar,DOP853,wrong_model,1.275,0.09582200870782812,0.0958220087078281,0.22663142562195568,-0.06952269505400248,0.07452477690469642,0.07452477690469642,0.0,0.0,1.4725882531173257e-19
nonzero_scalar,DOP853,wrong_model,1.29375,0.0972189184111487,0.09721891841114869,0.2253163090559467,-0.0707540960574887,0.07447865487785227,0.07447865487785227,0.0,0.0,1.2384600349026656e-19
nonzero_scalar,DOP853,wrong_model,1.3125,0.09861494811343094,0.09861494811343093,0.22397823388052038,-0.07197159942305266,0.07443090851511965,0.07443090851511965,0.0,0.0,1.2466201983950258e-19
nonzero_scalar,DOP853,wrong_model,1.33125,0.10001006727100648,0.10001006727100646,0.22261746145476724,-0.07317512251796102,0.0743815286743073,0.0743815286743073,0.0,0.0,1.5683155183721208e-19
nonzero_scalar,DOP853,wrong_model,1.3499999999999999,0.10140424517875994,0.10140424517875993,0.2212342546649501,-0.07436458507375565,0.07433050727501597,0.07433050727501597,0.0,0.0,7.137236335110613e-20
nonzero_scalar,DOP853,wrong_model,1.36875,0.10279745098996465,0.10279745098996464,0.21982887788029115,-0.07553990917576534,0.07427783729161963,0.07427783729161963,0.0,0.0,-3.310045847616691e-19
nonzero_scalar,DOP853,wrong_model,1.3875,0.10418965373598688,0.10418965373598686,0.21840159690894975,-0.07670101925194175,0.07422351274578766,0.07422351274578765,0.0,0.0,-1.1952631812205457e-18
nonzero_scalar,DOP853,wrong_model,1.40625,0.10558082234585142,0.10558082234585141,0.21695267895420184,-0.07784784206104602,0.07416752869855851,0.07416752869855851,0.0,0.0,-2.528642980154009e-18
nonzero_scalar,DOP853,wrong_model,1.425,0.10697092566565752,0.10697092566565751,0.21548239257083937,-0.07898030668020804,0.07410988124197662,0.07410988124197662,0.0,0.0,-4.154069271558401e-18
nonzero_scalar,DOP853,wrong_model,1.4437499999999999,0.10835993247783449,0.10835993247783449,0.21399100762180762,-0.08009834449188166,0.07405056749030378,0.07405056749030378,0.0,0.0,-5.715948891742849e-18
nonzero_scalar,DOP853,wrong_model,1.4625,0.10974781152022664,0.10974781152022661,0.21247879523509794,-0.0812018891702178,0.07398958557081653,0.07398958557081653,0.0,0.0,-6.753928259120318e-18
nonzero_scalar,DOP853,wrong_model,1.48125,0.11113453150499633,0.11113453150499633,0.21094602776091442,-0.08229087666687836,0.07392693461420075,0.07392693461420075,0.0,0.0,-6.860190120704289e-18
nonzero_scalar,DOP853,wrong_model,1.5,0.11252006113733518,0.11252006113733516,0.20939297872913204,-0.08336524519631337,0.07386261474455506,0.07386261474455506,0.0,0.0,-5.935865494671358e-18
nonzero_scalar,DOP853,wrong_model,1.51875,0.113904369133972,0.113904369133972,0.2078199228070643,-0.08442493522052413,0.0737966270690144,0.0737966270690144,0.0,0.0,-4.562137294349267e-18
nonzero_scalar,DOP853,wrong_model,1.5374999999999999,0.11528742424148088,0.11528742424148086,0.20622713575752558,-0.08546988943334273,0.07372897366700279,0.07372897366700279,0.0,0.0,-4.176987055983182e-18
nonzero_scalar,DOP853,wrong_model,1.55625,0.11666919525451472,0.1166691952545147,0.20461489439687267,-0.08650005274433989,0.07365965757910738,0.07365965757910738,0.0,0.0,-4.166333718735392e-18
nonzero_scalar,DOP853,wrong_model,1.575,0.11804965103365594,0.11804965103365593,0.20298347655377283,-0.0875153722621913,0.07358868279563203,0.07358868279563203,0.0,0.0,-4.178030288609128e-18
nonzero_scalar,DOP853,wrong_model,1.59375,0.11942876052311273,0.11942876052311271,0.20133316102813015,-0.08851579727766591,0.07351605424480227,0.07351605424480227,0.0,0.0,-4.179702476383151e-18
nonzero_scalar,DOP853,wrong_model,1.6125,0.12080649276819541,0.12080649276819541,0.1996642275503279,-0.08950127924624253,0.07344177778064592,0.07344177778064592,0.0,0.0,-4.115775171519409e-18
nonzero_scalar,DOP853,wrong_model,1.6312499999999999,0.1221828169325545,0.12218281693255449,0.1979769567408187,-0.09047177177036014,0.07336586017056061,0.07336586017056061,0.0,0.0,-3.934636123839072e-18
nonzero_scalar,DOP853,wrong_model,1.65,0.1235577023151879,0.1235577023151879,0.196271630070036,-0.09142723058133279,0.07328830908257676,0.07328830908257677,0.0,0.0,-3.614295515559822e-18
nonzero_scalar,DOP853,wrong_model,1.66875,0.12493111836720977,0.12493111836720976,0.1945485298186389,-0.09236761352095196,0.07320913307232786,0.07320913307232786,0.0,0.0,-3.1810727929972656e-18
nonzero_scalar,DOP853,wrong_model,1.6875,0.12630303470837392,0.12630303470837392,0.1928079390381012,-0.09329288052279923,0.07312834156973946,0.07312834156973946,0.0,0.0,-2.715842127233267e-18
nonzero_scalar,DOP853,wrong_model,1.70625,0.127673421143344,0.127673421143344,0.1910501415116565,-0.09420299359329184,0.07304594486544859,0.07304594486544859,0.0,0.0,-2.3423678730540512e-18
nonzero_scalar,DOP853,wrong_model,1.7249999999999999,0.12904224767770336,0.12904224767770336,0.18927542171561074,-0.09509791679248426,0.0729619540969651,0.0729619540969651,0.0,0.0,-2.1922613954608995e-18
nonzero_scalar,DOP853,wrong_model,1.74375,0.1304094845336968,0.1304094845336968,0.18748406478103358,-0.0959776162146481,0.07287638123458656,0.07287638123458656,0.0,0.0,-2.3410906330562647e-18
nonzero_scalar,DOP853,wrong_model,1.7625,0.13177510216569713,0.13177510216569713,0.1856763564558401,-0.09684205996865361,0.07278923906707838,0.07278923906707838,0.0,0.0,-2.7101737676081594e-18
nonzero_scalar,DOP853,wrong_model,1.78125,0.1331390712753896,0.1331390712753896,0.18385258306727306,-0.09769121815817518,0.07270054118713036,0.07270054118713036,0.0,0.0,-2.932672237185419e-18
nonzero_scalar,DOP853,wrong_model,1.7999999999999998,0.13450136282675917,0.13450136282675917,0.18201303148454168,-0.09852506286174714,0.07261030197657846,0.07261030197657846,0.0,0.0,-2.9126149499207984e-18
nonzero_scalar,DOP853,wrong_model,1.8187499999999999,0.1358619480607639,0.1358619480607639,0.1801579890819361,-0.09934356811268479,0.07251853659142991,0.07251853659142991,0.0,0.0,-2.8935395301712565e-18
nonzero_scalar,DOP853,wrong_model,1.8375,0.13722079850966085,0.13722079850966085,0.17828774370249525,-0.10014670987888455,0.07242526094670958,0.07242526094670958,0.0,0.0,-2.903695798131358e-18
nonzero_scalar,DOP853,wrong_model,1.85625,0.13857788601111162,0.13857788601111162,0.17640258362187736,-0.10093446604253911,0.07233049170110584,0.07233049170110584,0.0,0.0,-2.9536093737551333e-18
nonzero_scalar,DOP853,wrong_model,1.875,0.1399331827219761,0.1399331827219761,0.17450279751267217,-0.10170681637978106,0.07223424624144807,0.07223424624144807,0.0,0.0,-3.041119029170233e-18
nonzero_scalar,DOP853,wrong_model,1.8937499999999998,0.14128666113181712,0.14128666113181712,0.17258867440908288,-0.10246374254027407,0.07213654266701909,0.07213654266701909,0.0,0.0,-3.1548387491248315e-18
nonzero_scalar,DOP853,wrong_model,1.9124999999999999,0.1426382940761127,0.1426382940761127,0.1706605036719823,-0.10320522802677008,0.07203739977371275,0.07203739977371275,0.0,0.0,-3.276841978112056e-18
nonzero_scalar,DOP853,wrong_model,1.93125,0.14398805474917123,0.14398805474917123,0.1687185749543482,-0.10393125817465171,0.07193683703804671,0.07193683703804671,0.0,0.0,-3.3853655328167204e-18
nonzero_scalar,DOP853,wrong_model,1.95,0.14533591671674564,0.14533591671674564,0.16676317816708308,-0.10464182013147832,0.0718348746010406,0.07183487460104061,0.0,0.0,-3.458330658529167e-18
nonzero_scalar,DOP853,wrong_model,1.96875,0.14668185392834243,0.14668185392834243,0.164794603445223,-0.10533690283655507,0.07173153325196954,0.07173153325196954,0.0,0.0,-3.478478708170986e-18
nonzero_scalar,DOP853,wrong_model,1.9874999999999998,0.14802584072922118,0.14802584072922118,0.1628131411145406,-0.10601649700054327,0.07162683441200328,0.07162683441200328,0.0,0.0,-3.4409189225773973e-18
nonzero_scalar,DOP853,wrong_model,2.00625,0.14936785187208085,0.14936785187208085,0.16081908165854705,-0.10668059508513138,0.071520800117741,0.071520800117741,0.0,0.0,-3.3638857906810907e-18
nonzero_scalar,DOP853,wrong_model,2.025,0.1507078625284281,0.1507078625284281,0.15881271568589855,-0.10732919128278487,0.07141345300465192,0.07141345300465192,0.0,0.0,-3.3035034682422985e-18
nonzero_scalar,DOP853,wrong_model,2.0437499999999997,0.15204584829965248,0.15204584829965248,0.1567943338981242,-0.10796228149657588,0.07130481629042208,0.07130481629042208,0.0,0.0,-3.3213524094719538e-18
nonzero_scalar,DOP853,wrong_model,2.0625,0.15338178522784526,0.15338178522784526,0.15476422705755694,-0.10857986332007934,0.07119491375820122,0.07119491375820122,0.0,0.0,-3.3471434860261018e-18
nonzero_scalar,DOP853,wrong_model,2.08125,0.15471564980618646,0.15471564980618646,0.15272268595600386,-0.10918193601746311,0.07108376973981935,0.07108376973981935,0.0,0.0,-3.3543023968866397e-18
nonzero_scalar,DOP853,wrong_model,2.1,0.1560474189890914,0.1560474189890914,0.15067000138355838,-0.10976850050366466,0.07097140909891574,0.07097140909891574,0.0,0.0,-3.3518784395052493e-18
nonzero_scalar,DOP853,wrong_model,2.11875,0.15737707020202135,0.15737707020202135,0.1486064640978416,-0.11033955932472904,0.0708578572140199,0.0708578572140199,0.0,0.0,-3.3674536601566055e-18
nonzero_scalar,DOP853,wrong_model,2.1374999999999997,0.15870458135097731,0.15870458135097731,0.14653236479360543,-0.1108951166383078,0.07074313996158688,0.07074313996158688,0.0,0.0,-3.4304391969280144e-18
nonzero_scalar,DOP853,wrong_model,2.15625,0.1600299308316774,0.1600299308316774,0.14444799407269382,-0.11143517819433,0.07062728369899422,0.07062728369899422,0.0,0.0,-3.556442791657039e-18
nonzero_scalar,DOP853,wrong_model,2.175,0.161353097538416,0.16135309753841598,0.1423536424143608,-0.11195975131585807,0.07051031524750853,0.07051031524750853,0.0,0.0,-3.735903053775074e-18
nonzero_scalar,DOP853,wrong_model,2.19375,0.1626740608726041,0.1626740608726041,0.14024960014594423,-0.1124688448801413,0.07039226187522947,0.07039226187522947,0.0,0.0,-3.930186059014904e-18
nonzero_scalar,DOP853,wrong_model,2.2125,0.16399280075098877,0.16399280075098877,0.1381361574138968,-0.1129624692998794,0.07027315128001924,0.07027315128001924,0.0,0.0,-4.078339865940159e-18
nonzero_scalar,DOP853,wrong_model,2.2312499999999997,0.16530929761355106,0.16530929761355106,0.13601360415517125,-0.11344063650470906,0.07015301157242519,0.07015301157242519,0.0,0.0,-4.117702533254733e-18
nonzero_scalar,DOP853,wrong_model,2.25,0.16662353243108083,0.16662353243108083,0.13388223006896177,-0.11390335992292602,0.07003187125860376,0.07003187125860376,0.0,0.0,-4.0215592208500755e-18
nonzero_scalar,DOP853,wrong_model,2.26875,0.16793548671242672,0.16793548671242672,0.13174232458879978,-0.11435065446345517,0.0699097592232534,0.0699097592232534,0.0,0.0,-3.8570439575483945e-18
nonzero_scalar,DOP853,wrong_model,2.2875,0.16924514251142542,0.16924514251142542,0.12959417685498803,-0.11478253649807384,0.06978670471256253,0.06978670471256253,0.0,0.0,-3.8206025835403936e-18
nonzero_scalar,DOP853,wrong_model,2.30625,0.17055248243355506,0.17055248243355506,0.1274380756872092,-0.11519902384381336,0.06966273731715739,0.06966273731715739,0.0,0.0,-3.8328013484029476e-18
nonzero_scalar,DOP853,wrong_model,2.3249999999999997,0.1718574896422136,0.1718574896422136,0.12527430955766286,-0.11560013574572796,0.06953788695510191,0.06953788695510191,0.0,0.0,-3.845181131754182e-18
nonzero_scalar,DOP853,wrong_model,2.34375,0.17316014786469736,0.17316014786469736,0.12310316656445801,-0.11598589285990278,0.069412183854924,0.069412183854924,0.0,0.0,-3.832220663533119e-18
nonzero_scalar,DOP853,wrong_model,2.3625,0.17446044139786607,0.17446044139786607,0.12092493440530533,-0.11635631723673705,0.06928565853867845,0.06928565853867845,0.0,0.0,-3.742995168472526e-18
nonzero_scalar,DOP853,wrong_model,2.38125,0.17575835511348734,0.17575835511348734,0.1187399003515314,-0.11671143230452066,0.06915834180505775,0.06915834180505775,0.0,0.0,-3.5225054858681146e-18
nonzero_scalar,DOP853,wrong_model,2.4,0.17705387446326512,0.17705387446326512,0.11654835122239476,-0.11705126285330192,0.06903026471255472,0.06903026471255472,0.0,0.0,-3.141328005692853e-18
nonzero_scalar,DOP853,wrong_model,2.4187499999999997,0.1783469854835542,0.1783469854835542,0.11435057335969864,-0.11737583501905219,0.06890145856268247,0.06890145856268247,0.0,0.0,-2.6231967197993705e-18
nonzero_scalar,DOP853,wrong_model,2.4375,0.17963767479976075,0.17963767479976075,0.11214685260269724,-0.11768517626813338,0.06877195488325763,0.06877195488325763,0.0,0.0,-2.0601286869536338e-18
nonzero_scalar,DOP853,wrong_model,2.45625,0.18092592963043,0.18092592963043,0.1099374742632913,-0.11797931538207429,0.0686417854117524,0.06864178541175242,0.0,0.0,-1.6047042104429792e-18
nonzero_scalar,DOP853,wrong_model,2.475,0.18221173779102237,0.18221173779102237,0.10772272310150807,-0.11825828244266162,0.06851098207872108,0.0685109820787211,0.0,0.0,-1.4291130270013962e-18
nonzero_scalar,DOP853,wrong_model,2.49375,0.18349508769737838,0.18349508769737838,0.1055028833012633,-0.1185221088173516,0.06837957699130687,0.06837957699130688,0.0,0.0,-1.6405778057954277e-18
nonzero_scalar,DOP853,wrong_model,2.5124999999999997,0.18477596836887364,0.18477596836887364,0.10327823844639909,-0.11877082714500822,0.06824760241683456,0.06824760241683457,0.0,0.0,-2.1427662562135097e-18
nonzero_scalar,DOP853,wrong_model,2.53125,0.18605436943126458,0.18605436943126458,0.10104907149699502,-0.11900447132197346,0.06811509076649491,0.06811509076649493,0.0,0.0,-2.439238867139633e-18
nonzero_scalar,DOP853,wrong_model,2.55,0.1873302811192407,0.1873302811192407,0.0988156647658828,-0.11922307648840097,0.06798207457911556,0.06798207457911558,0.0,0.0,-2.443867121440026e-18
nonzero_scalar,DOP853,wrong_model,2.56875,0.18860369427867044,0.18860369427867044,0.0965782998954334,-0.11942667901493971,0.06784858650503288,0.06784858650503289,0.0,0.0,-2.440727301153366e-18
nonzero_scalar,DOP853,wrong_model,2.5875,0.18987460036853296,0.18987460036853296,0.09433725783464703,-0.11961531648980032,0.06771465929007771,0.06771465929007772,0.0,0.0,-2.455285974268814e-18
nonzero_scalar,DOP853,wrong_model,2.6062499999999997,0.19114299146256314,0.1911429914625631,0.09209281881642936,-0.11978902770609426,0.06758032575966061,0.06758032575966062,0.0,0.0,-2.5783981928492855e-18
nonzero_scalar,DOP853,wrong_model,2.625,0.19240886025059523,0.19240886025059523,0.0898452623351166,-0.1199478526495184,0.06744561880297249,0.0674456188029725,0.0,0.0,-2.9142967078612456e-18
nonzero_scalar,DOP853,wrong_model,2.64375,0.19367220003961122,0.1936722000396112,0.08759486712422755,-0.12009183248636517,0.06731057135730274,0.06731057135730276,0.0,0.0,-3.5257754080418015e-18
nonzero_scalar,DOP853,wrong_model,2.6625,0.19493300475449638,0.19493300475449635,0.0853419111344365,-0.12022100955185791,0.06717521639247859,0.0671752163924786,0.0,0.0,-4.388741793446964e-18
nonzero_scalar,DOP853,wrong_model,2.68125,0.19619126893850408,0.19619126893850408,0.08308667151176227,-0.12033542733881118,0.06703958689542994,0.06703958689542995,0.0,0.0,-5.368313294324504e-18
nonzero_scalar,DOP853,wrong_model,2.6999999999999997,0.19744698775343308,0.19744698775343306,0.0808294245759662,-0.12043513048661586,0.06690371585488339,0.0669037158548834,0.0,0.0,-6.228632245955551e-18
nonzero_scalar,DOP853,wrong_model,2.71875,0.19870015697951873,0.19870015697951873,0.07857044579915441,-0.1205201647705486,0.06676763624618949,0.0667676362461895,0.0,0.0,-6.688574330108182e-18
nonzero_scalar,DOP853,wrong_model,2.7375,0.19995077301504147,0.19995077301504147,0.0763100097845782,-0.12059057709140555,0.06663138101628721,0.06663138101628722,0.0,0.0,-6.5355252937470095e-18
nonzero_scalar,DOP853,wrong_model,2.75625,0.2011988328756547,0.2011988328756547,0.07404839024562612,-0.12064641546546004,0.06649498306880934,0.06649498306880935,0.0,0.0,-5.80940075564245e-18
nonzero_scalar,DOP853,wrong_model,2.775,0.20244433419343438,0.20244433419343438,0.07178585998500335,-0.12068772901474388,0.06635847524933312,0.06635847524933314,0.0,0.0,-5.069083911523347e-18
nonzero_scalar,DOP853,wrong_model,2.7937499999999997,0.20368727521565239,0.20368727521565239,0.06952269087408729,-0.12071456795762461,0.06622189033077817,0.06622189033077819,0.0,0.0,-5.0270367131518145e-18
nonzero_scalar,DOP853,wrong_model,2.8125,0.2049276548032769,0.2049276548032769,0.06725915383244788,-0.12072698359963226,0.06608526099895172,0.06608526099895173,0.0,0.0,-5.02583882057807e-18
nonzero_scalar,DOP853,wrong_model,2.83125,0.20616547242920694,0.20616547242920694,0.06499551880755504,-0.12072502832471031,0.0659486198382548,0.06594861983825481,0.0,0.0,-5.011850434727686e-18
nonzero_scalar,DOP853,wrong_model,2.85,0.207400728176238,0.20740072817623798,0.06273205475463722,-0.12070875558669344,0.06581199931754263,0.06581199931754264,0.0,0.0,-4.978555971014657e-18
nonzero_scalar,DOP853,wrong_model,2.86875,0.2086334227347644,0.20863342273476437,0.06046902961669722,-0.12067821990109519,0.0656754317761463,0.06567543177614632,0.0,0.0,-4.914839012051328e-18
nonzero_scalar,DOP853,wrong_model,2.8874999999999997,0.209863557400221,0.20986355740022097,0.058206710304679846,-0.12063347683718674,0.06553894941005896,0.06553894941005896,0.0,0.0,-4.811678657798422e-18
nonzero_scalar,DOP853,wrong_model,2.90625,0.21109113407026694,0.21109113407026692,0.05594536267778673,-0.12057458301036003,0.06540258425828904,0.06540258425828906,0.0,0.0,-4.674772843773785e-18
nonzero_scalar,DOP853,wrong_model,2.925,0.212316155241715,0.21231615524171496,0.05368525152393218,-0.12050159607477003,0.06526636818938383,0.06526636818938383,0.0,0.0,-4.534445112923347e-18
nonzero_scalar,DOP853,wrong_model,2.94375,0.21353862400721046,0.21353862400721044,0.05142664054033354,-0.12041457471625125,0.06513033288812549,0.0651303328881255,0.0,0.0,-4.444191326757678e-18
nonzero_scalar,DOP853,wrong_model,2.9625,0.2147585440516623,0.21475854405166228,0.049169792314231735,-0.12031357864550322,0.06499450984240307,0.06499450984240308,0.0,0.0,-4.45922280135768e-18
nonzero_scalar,DOP853,wrong_model,2.9812499999999997,0.21597591964843088,0.21597591964843085,0.04691496830373456,-0.12019866859153994,0.06485893033026269,0.0648589303302627,0.0,0.0,-4.586362353852783e-18
nonzero_scalar,DOP853,wrong_model,3.0,0.21719075565527482,0.2171907556552748,0.04466242881877831,-0.12006990629539811,0.06472362540713923,0.06472362540713925,0.0,0.0,-4.696649744975167e-18
early_contraction,DOP853,full,0.0,0.0,0.0,0.1,0.0,-0.08341967594283947,-0.08341967594283947,0.02,0.03,
early_contraction,DOP853,full,0.0021874999999999998,-0.0001824805409280005,-0.00018248377959415125,0.09999999017881285,-8.98021804337083e-06,-0.0834196756727004,-0.08342263736932658,0.020007300632363265,0.03001095083064763,
early_contraction,DOP853,full,0.0043749999999999995,-0.0003649610806738614,-0.0003649740408560781,0.09999996070784027,-1.79655183238207e-05,-0.08341967486194056,-0.08342560203961945,0.02001460408695392,0.030021905658580674,
early_contraction,DOP853,full,0.006562499999999999,-0.0005474416180544124,-0.0005474707908850687,0.09999991157596344,-2.69559021374478e-05,-0.08341967351004584,-0.08342856995688484,0.020021910364958664,0.030032864485187133,
early_contraction,DOP853,full,0.008749999999999999,-0.0007299221518853585,-0.000729974036787342,0.09999984277206073,-3.595137078038826e-05,-0.08341967161650171,-0.08343154112429246,0.020029219467564703,0.03004382731185537,
early_contraction,DOP853,full,0.0109375,-0.0009124026809812781,-0.0009124837856760537,0.09999975428500764,-4.4951925548816296e-05,-0.08341966918079331,-0.08343451554501484,0.02003653139595977,0.030054794139974108,
early_contraction,DOP853,full,0.013124999999999998,-0.0010948832041556239,-0.0010950000446713027,0.09999964610367687,-5.395756773894436e-05,-0.08341966620240542,-0.08343749322222743,0.020043846151332135,0.030065764970932427,
early_contraction,DOP853,full,0.015312499999999998,-0.0012773637202207208,-0.0012775228209001381,0.09999951821693827,-6.29682986470233e-05,-0.08341966268082243,-0.08344047415910857,0.020051163734870567,0.030076739806119773,
early_contraction,DOP853,full,0.017499999999999998,-0.0014598442279877655,-0.0014600521214965633,0.09999937061365882,-7.198411956934249e-05,-0.08341965861552839,-0.0834434583588395,0.02005848414776438,0.03008771864692595,
early_contraction,DOP853,full,0.019687499999999997,-0.0016423247262668246,-0.0016425879536015443,0.09999920328270273,-8.100503180222999e-05,-0.08341965400600698,-0.08344644582460434,0.0200658073912034,0.03009870149474113,
early_contraction,DOP853,full,0.021875,-0.0018248052138668369,-0.0018251303243630166,0.09999901621293134,-9.003103664205277e-05,-0.08341964885174154,-0.08344943655959011,0.020073133466377988,0.030109688350955833,
early_contraction,DOP853,full,0.024062499999999997,-0.0020072856895956086,-0.002007679240935888,0.09999880939320312,-9.90621353852168e-05,-0.08341964315221499,-0.08345243056698677,0.02008046237447902,0.03012067921696095,
early_contraction,DOP853,full,0.026249999999999996,-0.002189766152259815,-0.002190234710482048,0.09999858281237377,-0.00010809832932816719,-0.08341963690690994,-0.08345542784998712,0.020087794116697897,0.03013167409414773,
early_contraction,DOP853,full,0.028437499999999998,-0.0023722466006649997,-0.002372796740170375,0.09999833645929611,-0.00011713961976738848,-0.0834196301153086,-0.08345842841178694,0.02009512869422655,0.030142672983907777,
early_contraction,DOP853,full,0.030624999999999996,-0.0025547270336155723,-0.00255536533717674,0.09999807032282015,-0.00012618600799940474,-0.08341962277689287,-0.08346143225558485,0.020102466108257434,0.030153675887633066,
early_contraction,DOP853,full,0.032812499999999994,-0.0027372074499148087,-0.002737940508684016,0.09999778439179303,-0.0001352374953207797,-0.08341961489114422,-0.08346443938458241,0.020109806359983527,0.03016468280671592,
early_contraction,DOP853,full,0.034999999999999996,-0.002919687848364852,-0.0029205222618820816,0.09999747865505909,-0.00014429408302811693,-0.08341960645754377,-0.08346744980198413,0.02011714945059833,0.03017569374254904,
early_contraction,DOP853,full,0.0371875,-0.003102168227766708,-0.003103110603967828,0.0999971531014598,-0.00015335577241806,-0.08341959747557232,-0.08347046351099738,0.020124495381295876,0.03018670869652547,
early_contraction,DOP853,full,0.03937499999999999,-0.0032846485869202466,-0.0032857055421451667,0.09999680771983384,-0.00016242256478729263,-0.08341958794471024,-0.08347348051483247,0.02013184415327072,0.030197727670038615,
early_contraction,DOP853,full,0.041562499999999995,-0.003467128924624202,-0.003468307083625035,0.099996442499017,-0.00017149446143253894,-0.0834195778644376,-0.08347650081670265,0.020139195767717943,0.030208750664482253,
early_contraction,DOP853,full,0.04375,-0.003649609239676169,-0.003650915235625402,0.09999605742784226,-0.00018057146365056342,-0.08341956723423405,-0.08347952441982406,0.020146550225833157,0.030219777681250514,
early_contraction,DOP853,full,0.04593749999999999,-0.003832089530872604,-0.003833530005371274,0.09999565249513977,-0.00018965357273817134,-0.08341955605357888,-0.08348255132741582,0.020153907528812492,0.030230808721737883,
early_contraction,DOP853,full,0.048124999999999994,-0.004014569797008826,-0.0040161514000947056,0.09999522768973682,-0.0001987407899922088,-0.08341954432195106,-0.08348558154269992,0.02016126767785261,0.03024184378733922,
early_contraction,DOP853,full,0.050312499999999996,-0.00419705003687901,-0.0041987794270348,0.0999947830004579,-0.0002078331167095628,-0.08341953203882915,-0.0834886150689013,0.0201686306741507,0.030252882879449723,
early_contraction,DOP853,full,0.05249999999999999,-0.004379530249276193,-0.004381414093437716,0.09999431841612462,-0.00021693055418716155,-0.08341951920369134,-0.08349165190924789,0.02017599651890448,0.030263925999464973,
early_contraction,DOP853,full,0.05468749999999999,-0.004562010432992269,-0.004564055406556682,0.09999383392555579,-0.0002260331037219747,-0.08341950581601548,-0.08349469206697047,0.020183365213312186,0.030274973148780894,
early_contraction,DOP853,full,0.056874999999999995,-0.004744490586817989,-0.004746703373651992,0.09999332951756736,-0.0002351407666110134,-0.08341949187527903,-0.0834977355453028,0.02019073675857259,0.030286024328793775,
early_contraction,DOP853,full,0.0590625,-0.00492697070954296,-0.00492935800199102,0.09999280518097244,-0.0002442535441513302,-0.08341947738095909,-0.08350078234748161,0.02019811115588499,0.03029707954090027,
early_contraction,DOP853,full,0.06124999999999999,-0.0051094507999556475,-0.005112019298848224,0.09999226090458131,-0.00025337143764001994,-0.0834194623325324,-0.08350383247674653,0.02020548840644921,0.03030813878649738,
early_contraction,DOP853,full,0.0634375,-0.005291930856843371,-0.005294687271505151,0.09999169667720142,-0.00026249444837421904,-0.08341944672947532,-0.08350688593634015,0.020212868511465608,0.030319202066982475,
early_contraction,DOP853,full,0.06562499999999999,-0.005474410878992301,-0.005477361927250443,0.0999911124876374,-0.00027162257765110643,-0.08341943057126383,-0.08350994272950803,0.02022025147213506,0.030330269383753283,
early_contraction,DOP853,full,0.0678125,-0.005656890865187466,-0.005660043273379848,0.09999050832469099,-0.0002807558267679033,-0.08341941385737357,-0.08351300285949866,0.020227637289658977,0.03034134073820789,
early_contraction,DOP853,full,0.06999999999999999,-0.005839370814212744,-0.00584273131719622,0.09998988417716113,-0.0002898941970218732,-0.0834193965872798,-0.08351606632956349,0.0202350259652393,0.030352416131744737,
early_contraction,DOP853,full,0.07218749999999999,-0.0060218507248508656,-0.006025426066009532,0.0999892400338439,-0.00029903768971032275,-0.0834193787604574,-0.08351913314295693,0.02024241750007849,0.030363495565762632,
early_contraction,DOP853,full,0.074375,-0.006204330595883414,-0.006208127527136876,0.09998857588353259,-0.0003081863061306012,-0.08341936037638087,-0.08352220330293636,0.02024981189537955,0.030374579041660736,
early_contraction,DOP853,full,0.07656249999999999,-0.006386810426090819,-0.006390835707902474,0.09998789171501758,-0.0003173400475801008,-0.08341934143452438,-0.08352527681276212,0.020257209152346006,0.030385666560838576,
early_contraction,DOP853,full,0.07874999999999999,-0.006569290214252361,-0.006573550615637685,0.09998718751708648,-0.0003264989153562573,-0.08341932193436169,-0.08352835367569748,0.02026460927218191,0.030396758124696024,
early_contraction,DOP853,full,0.0809375,-0.00675176995914617,-0.006756272257681009,0.09998646327852401,-0.0003356629107565497,-0.08341930187536621,-0.08353143389500872,0.020272012256091845,0.030407853734633325,
early_contraction,DOP853,full,0.08312499999999999,-0.0069342496595492225,-0.00693900064137809,0.09998571898811208,-0.00034483203507850043,-0.08341928125701097,-0.08353451747396509,0.02027941810528093,0.030418953392051074,
early_contraction,DOP853,full,0.08531249999999999,-0.0071167293142373415,-0.0071217357740817324,0.09998495463462975,-0.000354006289619676,-0.08341926007876863,-0.0835376044158388,0.020286826820954805,0.030430057098350227,
early_contraction,DOP853,full,0.0875,-0.0072992089219852,-0.0073044776631519,0.09998417020685327,-0.0003631856756776867,-0.08341923834011147,-0.083540694723905,0.02029423840431965,0.030441164854932104,
early_contraction,DOP853,full,0.08968749999999999,-0.007481688481566309,-0.007487226315955722,0.099983365693556,-0.00037237019455018685,-0.08341921604051143,-0.0835437884014419,0.020301652856582166,0.030452276663198375,
early_contraction,DOP853,full,0.09187499999999998,-0.00766416799175303,-0.007669981739867505,0.09998254108350849,-0.00038155984753487525,-0.08341919317944003,-0.08354688545173061,0.02030907017894959,0.03046339252455107,
early_contraction,DOP853,full,0.0940625,-0.007846647451316566,-0.007852743942268736,0.09998169636547845,-0.00039075463592949515,-0.08341916975636847,-0.08354998587805529,0.02031649037262969,0.030474512440392582,
early_contraction,DOP853,full,0.09624999999999999,-0.008029126859026963,-0.008035512930548086,0.09998083152823077,-0.0003999545610318344,-0.08341914577076752,-0.08355308968370304,0.020323913438830762,0.030485636412125653,
early_contraction,DOP853,full,0.09843749999999998,-0.008211606213653107,-0.008218288712101424,0.09997994656052747,-0.0004091596241397256,-0.08341912122210762,-0.08355619687196394,0.02033133937876164,0.030496764441153398,
early_contraction,DOP853,full,0.10062499999999999,-0.00839408551396273,-0.008401071294331817,0.09997904145112775,-0.00041836982655104666,-0.08341909610985883,-0.08355930744613112,0.020338768193631677,0.030507896528879273,
early_contraction,DOP853,full,0.10281249999999999,-0.008576564758722403,-0.008583860684649539,0.09997811618878796,-0.0004275851695637204,-0.08341907043349081,-0.08356242140950064,0.020346199884650768,0.030519032676707105,
early_contraction,DOP853,full,0.10499999999999998,-0.008759043946697529,-0.00876665689047208,0.09997717076226162,-0.0004368056544757152,-0.08341904419247287,-0.08356553876537161,0.02035363445302934,0.03053017288604107,
early_contraction,DOP853,full,0.10718749999999999,-0.00894152307665236,-0.008949459919224148,0.09997620516029938,-0.00044603128258504494,-0.08341901738627396,-0.08356865951704609,0.020361071899978347,0.030541317158285706,
early_contraction,DOP853,full,0.10937499999999999,-0.00912400214734998,-0.009132269778337676,0.0999752193716491,-0.00045526205518976926,-0.0834189900143626,-0.08357178366782918,0.020368512226709275,0.03055246549484591,
early_contraction,DOP853,full,0.1115625,-0.009306481157552313,-0.009315086475251831,0.09997421338505579,-0.00046449797358799383,-0.083418962076207,-0.08357491122102896,0.020375955434434146,0.030563617897126936,
early_contraction,DOP853,full,0.11374999999999999,-0.009488960106020114,-0.009497910017413024,0.09997318718926157,-0.0004737390390778704,-0.08341893357127496,-0.08357804217995653,0.020383401524365515,0.03057477436653439,
early_contraction,DOP853,full,0.11593749999999999,-0.00967143899151298,-0.009680740412274902,0.09997214077300579,-0.00048298525295759694,-0.08341890449903389,-0.08358117654792598,0.020390850497716467,0.03058593490447424,
early_contraction,DOP853,full,0.118125,-0.009853917812789338,-0.009863577667298378,0.0999710741250249,-0.0004922366165254181,-0.08341887485895086,-0.08358431432825444,0.02039830235570062,0.030597099512352812,
early_contraction,DOP853,full,0.12031249999999999,-0.01003639656860645,-0.010046421789951616,0.09996998723405257,-0.0005014931310796251,-0.08341884465049255,-0.08358745552426206,0.02040575709953213,0.030608268191576787,
early_contraction,DOP853,full,0.12249999999999998,-0.010218875257720412,-0.010229272787710048,0.09996888008881956,-0.0005107547979185561,-0.08341881387312526,-0.08359060013927196,0.020413214730425677,0.030619440943553206,
early_contraction,DOP853,full,0.12468749999999999,-0.010401353878886153,-0.01041213066805638,0.09996775267805384,-0.0005200216183405962,-0.08341878252631489,-0.0835937481766103,0.020420675249596485,0.03063061776968946,
early_contraction,DOP853,full,0.126875,-0.010583832430857431,-0.010594995438480593,0.09996660499048055,-0.000529293593644178,-0.08341875060952703,-0.08359689963960631,0.02042813865826031,0.030641798671393307,
early_contraction,DOP853,full,0.1290625,-0.010766310912386834,-0.010777867106479964,0.09996543701482194,-0.0005385707251277813,-0.0834187181222268,-0.08360005453159218,0.020435604957633434,0.03065298365007286,
early_contraction,DOP853,full,0.13124999999999998,-0.010948789322225781,-0.010960745679559047,0.09996424873979745,-0.0005478530140899336,-0.08341868506387903,-0.08360321285590315,0.020443074148932677,0.030664172707136575,
early_contraction,DOP853,full,0.1334375,-0.011131267659124524,-0.01114363116522971,0.09996304015412369,-0.0005571404618292104,-0.08341865143394812,-0.0836063746158775,0.020450546233375402,0.030675365843993285,
early_contraction,DOP853,full,0.135625,-0.011313745921832137,-0.01132652357101112,0.09996181124651439,-0.0005664330696442351,-0.08341861723189811,-0.08360953981485654,0.020458021212179496,0.030686563062052166,
early_contraction,DOP853,full,0.13781249999999998,-0.011496224109096518,-0.011509422904429753,0.09996056200568049,-0.0005757308388336792,-0.08341858245719265,-0.08361270845618463,0.020465499086563387,0.030697764362722754,
early_contraction,DOP853,full,0.13999999999999999,-0.011678702219664402,-0.011692329173019413,0.09995929242033004,-0.0005850337706962627,-0.08341854710929503,-0.0836158805432091,0.020472979857746033,0.03070896974741494,
early_contraction,DOP853,full,0.1421875,-0.01186118025228134,-0.011875242384321224,0.09995800247916829,-0.0005943418665307543,-0.08341851118766813,-0.08361905607928043,0.020480463526946928,0.03072017921753898,
early_contraction,DOP853,full,0.14437499999999998,-0.012043658205691712,-0.012058162545883638,0.09995669217089763,-0.0006036551276359713,-0.08341847469177449,-0.08362223506775203,0.020487950095386107,0.030731392774505477,
early_contraction,DOP853,full,0.14656249999999998,-0.012226136078638726,-0.01224108966526246,0.0999553614842176,-0.0006129735553107803,-0.08341843762107624,-0.08362541751198045,0.020495439564284134,0.030742610419725386,
early_contraction,DOP853,full,0.14875,-0.012408613869864402,-0.012424023750020826,0.09995401040782491,-0.0006222971508540966,-0.08341839997503514,-0.08362860341532524,0.020502931934862117,0.030753832154610035,
early_contraction,DOP853,full,0.15093749999999997,-0.01259109157810959,-0.01260696480772923,0.09995263893041342,-0.0006316259155648854,-0.08341836175311257,-0.08363179278114902,0.02051042720834169,0.03076505798057109,
early_contraction,DOP853,full,0.15312499999999998,-0.012773569202113961,-0.012789912845965529,0.09995124704067418,-0.0006409598507421613,-0.08341832295476953,-0.08363498561281743,0.020517925385945025,0.030776287899020583,
early_contraction,DOP853,full,0.1553125,-0.012956046740616007,-0.01297286787231494,0.09994983472729535,-0.0006502989576849886,-0.08341828357946664,-0.0836381819136992,0.020525426468894842,0.030787521911370904,
early_contraction,DOP853,full,0.15749999999999997,-0.013138524192353033,-0.013155829894370053,0.09994840197896228,-0.0006596432376924815,-0.08341824362666414,-0.08364138168716613,0.020532930458414388,0.030798760019034786,
early_contraction,DOP853,full,0.15968749999999998,-0.013321001556061175,-0.013338798919730843,0.09994694878435748,-0.0006689926920638047,-0.08341820309582187,-0.08364458493659303,0.02054043735572744,0.03081000222342533,
early_contraction,DOP853,full,0.161875,-0.013503478830475374,-0.013521774956004665,0.09994547513216058,-0.0006783473220981732,-0.08341816198639933,-0.08364779166535785,0.020547947162058326,0.03082124852595599,
early_contraction,DOP853,full,0.16406249999999997,-0.013685956014329394,-0.013704758010806267,0.09994398101104843,-0.0006877071290948521,-0.08341812029785559,-0.08365100187684153,0.020555459878631905,0.03083249892804057,
early_contraction,DOP853,full,0.16624999999999998,-0.013868433106355821,-0.013887748091757798,0.09994246640969498,-0.000697072114353158,-0.08341807802964936,-0.08365421557442813,0.020562975506673575,0.030843753431093236,
early_contraction,DOP853,full,0.1684375,-0.014050910105286047,-0.014070745206488813,0.09994093131677137,-0.000706442279172458,-0.08341803518123897,-0.08365743276150478,0.02057049404740927,0.030855012036528504,
early_contraction,DOP853,full,0.17062499999999997,-0.01423338700985028,-0.014253749362636275,0.09993937572094588,-0.0007158176248521703,-0.08341799175208238,-0.08366065344146165,0.020578015502065457,0.03086627474576125,
early_contraction,DOP853,full,0.17281249999999998,-0.01441586381877755,-0.014436760567844575,0.09993779961088398,-0.0007251981526917652,-0.08341794774163712,-0.083663877617692,0.02058553987186915,0.030877541560206702,
early_contraction,DOP853,full,0.175,-0.014598340530795692,-0.014619778829765524,0.09993620297524826,-0.0007345838639907636,-0.08341790314936039,-0.08366710529359224,0.0205930671580479,0.03088881248128044,
early_contraction,DOP853,full,0.17718749999999997,-0.014780817144631352,-0.014802804156058362,0.09993458580269847,-0.0007439747600487389,-0.08341785797470896,-0.08367033647256174,0.02060059736182979,0.03090008751039841,
early_contraction,DOP853,full,0.17937499999999998,-0.014963293659009997,-0.014985836554389783,0.09993294808189154,-0.0007533708421653165,-0.08341781221713926,-0.08367357115800306,0.02060813048444345,0.0309113666489769,
early_contraction,DOP853,full,0.1815625,-0.015145770072655896,-0.015168876032433913,0.09993128980148154,-0.0007627721116401737,-0.0834177658761073,-0.0836768093533218,0.020615666527118038,0.030922649898432554,
early_contraction,DOP853,full,0.18374999999999997,-0.015328246384292128,-0.015351922597872335,0.09992961095011972,-0.00077217856977304,-0.08341771895106874,-0.08368005106192664,0.020623205491083263,0.030933937260182384,
early_contraction,DOP853,full,0.18593749999999998,-0.015510722592640585,-0.015534976258394102,0.09992791151645444,-0.0007815902178636985,-0.08341767144147881,-0.0836832962872294,0.020630747377569366,0.030945228735643742,
early_contraction,DOP853,full,0.188125,-0.015693198696421964,-0.015718037021695715,0.09992619148913127,-0.0007910070572119841,-0.08341762334679238,-0.08368654503264497,0.020638292187807127,0.030956524326234337,
early_contraction,DOP853,full,0.19031249999999997,-0.01587567469435577,-0.015901104895481164,0.0999244508567929,-0.0008004290891177853,-0.08341757466646395,-0.08368979730159135,0.020645839923027872,0.03096782403337224,
early_contraction,DOP853,full,0.19249999999999998,-0.016058150585160313,-0.016084179887461914,0.0999226896080792,-0.0008098563148810436,-0.0834175253999476,-0.0836930530974896,0.02065339058446346,0.03097912785847587,
early_contraction,DOP853,full,0.19468749999999999,-0.01624062636755271,-0.016267262005356914,0.09992090773162716,-0.0008192887358017542,-0.08341747554669705,-0.08369631242376395,0.020660944173346296,0.030990435802963998,
early_contraction,DOP853,full,0.19687499999999997,-0.016423102040248886,-0.01645035125689261,0.09991910521607097,-0.0008287263531799657,-0.08341742510616562,-0.08369957528384168,0.020668500690909315,0.03100174786825575,
early_contraction,DOP853,full,0.19906249999999998,-0.016605577601963562,-0.016633447649802954,0.09991728205004197,-0.0008381691683157808,-0.08341737407780625,-0.08370284168115323,0.020676060138386007,0.03101306405577062,
early_contraction,DOP853,full,0.20124999999999998,-0.016788053051410266,-0.01681655119182939,0.09991543822216863,-0.0008476171825093562,-0.08341732246107147,-0.08370611161913213,0.02068362251701039,0.031024384366928434,
early_contraction,DOP853,full,0.20343749999999997,-0.016970528387301325,-0.016999661890720896,0.09991357372107657,-0.0008570703970609027,-0.08341727025541348,-0.083709385101215,0.020691187828017033,0.031035708803149382,
early_contraction,DOP853,full,0.20562499999999997,-0.017153003608347876,-0.01718277975423396,0.09991168853538861,-0.0008665288132706862,-0.08341721746028402,-0.08371266213084162,0.020698756072641034,0.031047037365854013,
early_contraction,DOP853,full,0.20781249999999998,-0.01733547871325985,-0.01736590479013259,0.09990978265372469,-0.0008759924324390269,-0.0834171640751345,-0.08371594271145487,0.020706327252118045,0.031058370056463218,
early_contraction,DOP853,full,0.20999999999999996,-0.017517953700745964,-0.017549037006188345,0.09990785606470191,-0.0008854612558662996,-0.0834171100994159,-0.08371922684650075,0.02071390136768425,0.03106970687639825,
early_contraction,DOP853,full,0.21218749999999997,-0.017700428569513767,-0.01773217641018032,0.09990590875693454,-0.0008949352848529354,-0.08341705553257883,-0.08372251453942842,0.02072147842057638,0.031081047827080713,
early_contraction,DOP853,full,0.21437499999999998,-0.017882903318269572,-0.01791532300989515,0.09990394071903401,-0.0009044145206994196,-0.08341700037407351,-0.08372580579369011,0.02072905841203171,0.031092392909932567,
early_contraction,DOP853,full,0.2165625,-0.01806537794571851,-0.01809847681312704,0.09990195193960887,-0.0009138989647062939,-0.0834169446233498,-0.08372910061274123,0.020736641343288044,0.031103742126376115,
early_contraction,DOP853,full,0.21874999999999997,-0.018247852450564497,-0.01828163782767774,0.09989994240726485,-0.0009233886181741553,-0.08341688827985709,-0.0837323990000403,0.020744227215583742,0.031115095477834025,
early_contraction,DOP853,full,0.22093749999999998,-0.018430326831510253,-0.018464806061356587,0.09989791211060484,-0.0009328834824036572,-0.08341683134304446,-0.083735700959049,0.020751816030157706,0.031126452965729315,
early_contraction,DOP853,full,0.223125,-0.018612801087257286,-0.018647981521980477,0.09989586103822887,-0.0009423835586955091,-0.08341677381236057,-0.08373900649323214,0.020759407788249373,0.03113781459148535,
early_contraction,DOP853,full,0.22531249999999997,-0.018795275216505897,-0.0188311642173739,0.09989378917873414,-0.0009518888483504769,-0.08341671568725369,-0.08374231560605766,0.020767002491098724,0.031149180356525853,
early_contraction,DOP853,full,0.22749999999999998,-0.018977749217955184,-0.019014354155368937,0.09989169652071497,-0.0009613993526693833,-0.08341665696717168,-0.08374562830099665,0.020774600139946288,0.0311605502622749,
early_contraction,DOP853,full,0.2296875,-0.019160223090303036,-0.019197551343805255,0.0998895830527629,-0.0009709150729531081,-0.08341659765156205,-0.08374894458152336,0.020782200736033134,0.031171924310156914,
early_contraction,DOP853,full,0.23187499999999997,-0.01934269683224613,-0.01938075579053013,0.09988744876346656,-0.0009804360105025876,-0.08341653773987188,-0.08375226445111518,0.020789804280600878,0.03118330250159668,
early_contraction,DOP853,full,0.23406249999999998,-0.019525170442479933,-0.01956396750339845,0.09988529364141174,-0.0009899621666188164,-0.0834164772315479,-0.08375558791325267,0.020797410774891674,0.031194684838019328,
early_contraction,DOP853,full,0.23625,-0.019707643919698703,-0.019747186490272715,0.09988311767518145,-0.000999493542602846,-0.08341641612603638,-0.08375891497141952,0.020805020220148223,0.031206071320850338,
early_contraction,DOP853,full,0.23843749999999997,-0.019890117262595486,-0.019930412759023054,0.09988092085335576,-0.0010090301397557859,-0.08341635442278328,-0.0837622456291026,0.020812632617613767,0.031217461951515552,
early_contraction,DOP853,full,0.24062499999999998,-0.02007259046986212,-0.020113646317527233,0.09987870316451196,-0.0010185719593788038,-0.0834162921212341,-0.08376557988979194,0.020820247968532102,0.031228856731441157,
early_contraction,DOP853,full,0.2428125,-0.020255063540189223,-0.020296887173670636,0.09987646459722448,-0.0010281190027731253,-0.08341622922083398,-0.08376891775698071,0.020827866274147552,0.031240255662053695,
early_contraction,DOP853,full,0.24499999999999997,-0.0204375364722662,-0.02048013533534631,0.09987420514006488,-0.0010376712712400348,-0.08341616572102768,-0.0837722592341653,0.020835487535705,0.03125165874478005,
early_contraction,DOP853,full,0.24718749999999998,-0.020620009264781247,-0.02066339081045495,0.0998719247816019,-0.0010472287660808753,-0.08341610162125952,-0.08377560432484521,0.02084311175444987,0.03126306598104747,
early_contraction,DOP853,full,0.24937499999999999,-0.020802481916421336,-0.020846653606904905,0.09986962351040143,-0.0010567914885970487,-0.08341603692097346,-0.08377895303252314,0.020850738931628133,0.03127447737228356,
early_contraction,DOP853,full,0.25156249999999997,-0.020984954425872223,-0.02102992373261219,0.0998673013150265,-0.0010663594400900163,-0.08341597161961307,-0.08378230536070498,0.02085836906848629,0.03128589291991626,
early_contraction,DOP853,full,0.25375,-0.021167426791818454,-0.021213201195500495,0.09986495818403729,-0.0010759326218612985,-0.0834159057166215,-0.08378566131289979,0.020866002166271415,0.031297312625373865,
early_contraction,DOP853,full,0.2559375,-0.021349899012943346,-0.021396486003501195,0.09986259410599116,-0.0010855110352124755,-0.08341583921144152,-0.08378902089261979,0.0208736382262311,0.031308736490085025,
early_contraction,DOP853,full,0.258125,-0.02153237108792901,-0.02157977816455334,0.0998602090694426,-0.0010950946814451872,-0.08341577210351551,-0.0837923841033804,0.0208812772496135,0.03132016451547875,
early_contraction,DOP853,full,0.26031249999999995,-0.021714843015456318,-0.021763077686603682,0.09985780306294324,-0.0011046835618611338,-0.08341570439228545,-0.08379575094870025,0.02088891923766731,0.031331596702984375,
early_contraction,DOP853,full,0.26249999999999996,-0.02189731479420494,-0.02194638457760667,0.09985537607504191,-0.0011142776777620757,-0.0834156360771929,-0.0837991214321011,0.02089656419164177,0.031343033054031626,
early_contraction,DOP853,full,0.26468749999999996,-0.022079786422853312,-0.022129698845524463,0.09985292809428455,-0.0011238770304498342,-0.08341556715767909,-0.08380249555710796,0.020904212112786678,0.031354473570050535,
early_contraction,DOP853,full,0.266875,-0.022262257900078655,-0.022313020498326928,0.09985045910921425,-0.0011334816212262907,-0.08341549763318476,-0.08380587332724901,0.02091186300235236,0.03136591825247152,
early_contraction,DOP853,full,0.2690625,-0.022444729224556956,-0.022496349543991663,0.09984796910837129,-0.001143091451393388,-0.08341542750315034,-0.08380925474605562,0.0209195168615897,0.03137736710272534,
early_contraction,DOP853,full,0.27125,-0.02262720039496299,-0.022679685990503982,0.09984545808029308,-0.0011527065222531306,-0.0834153567670158,-0.0838126398170624,0.020927173691750133,0.031388820122243095,
early_contraction,DOP853,full,0.27343749999999994,-0.02280967140997029,-0.022863029845856944,0.09984292601351415,-0.0011623268351075835,-0.08341528542422075,-0.08381602854380711,0.02093483349408563,0.03140027731245624,
early_contraction,DOP853,full,0.27562499999999995,-0.022992142268251185,-0.023046381118051355,0.09984037289656623,-0.0011719523912588745,-0.08341521347420439,-0.08381942092983075,0.020942496269848714,0.03141173867479658,
early_contraction,DOP853,full,0.27781249999999996,-0.02317461296847676,-0.02322973981509576,0.09983779871797821,-0.0011815831920091923,-0.0834151409164055,-0.08382281697867751,0.02095016202029246,0.031423204210696276,
early_contraction,DOP853,full,0.27999999999999997,-0.023357083509316878,-0.023413105945006465,0.09983520346627606,-0.0011912192386607891,-0.08341506775026253,-0.08382621669389481,0.02095783074667049,0.031434673921587844,
early_contraction,DOP853,full,0.2821875,-0.023539553889440165,-0.023596479515807536,0.09983258712998298,-0.0012008605325159781,-0.08341499397521344,-0.08382962007903327,0.020965502450236963,0.031446147808904125,
early_contraction,DOP853,full,0.284375,-0.023722024107514034,-0.023779860535530814,0.09982994969761927,-0.0012105070748771364,-0.08341491959069587,-0.08383302713764676,0.020973177132246605,0.03145762587407834,
early_contraction,DOP853,full,0.2865625,-0.02390449416220465,-0.023963249012215915,0.0998272911577024,-0.0012201588670467034,-0.08341484459614701,-0.08383643787329231,0.020980854793954673,0.03146910811854404,
early_contraction,DOP853,full,0.28874999999999995,-0.02408696405217695,-0.02414664495391023,0.09982461149874701,-0.0012298159103271812,-0.08341476899100367,-0.08383985228953023,0.02098853543661698,0.031480594543735134,
early_contraction,DOP853,full,0.29093749999999996,-0.024269433776094654,-0.02433004836866897,0.09982191070926484,-0.0012394782060211364,-0.08341469277470225,-0.08384327038992401,0.020996219061489893,0.03149208515108588,
early_contraction,DOP853,full,0.29312499999999997,-0.024451903332620227,-0.024513459264555115,0.09981918877776483,-0.0012491457554311988,-0.08341461594667876,-0.0838466921780404,0.02100390566983032,0.03150357994203088,
early_contraction,DOP853,full,0.2953125,-0.024634372720414913,-0.024696877649639466,0.09981644569275304,-0.0012588185598600618,-0.0834145385063688,-0.08385011765744937,0.02101159526289572,0.03151507891800509,
early_contraction,DOP853,full,0.2975,-0.02481684193813872,-0.02488030353200063,0.09981368144273271,-0.0012684966206104832,-0.0834144604532076,-0.08385354683172415,0.021019287841944102,0.03152658208044382,
early_contraction,DOP853,full,0.2996875,-0.024999310984450414,-0.02506373691972504,0.09981089601620419,-0.001278179938985285,-0.08341438178662995,-0.08385697970444114,0.02102698340823403,0.03153808943078273,
early_contraction,DOP853,full,0.30187499999999995,-0.025181779858007524,-0.025247177820906942,0.09980808940166501,-0.001287868516287354,-0.08341430250607025,-0.08386041627918008,0.021034681963024607,0.0315496009704578,
early_contraction,DOP853,full,0.30406249999999996,-0.025364248557466357,-0.025430626243648446,0.09980526158760986,-0.001297562353819642,-0.0834142226109625,-0.08386385655952383,0.021042383507575493,0.0315611167009054,
early_contraction,DOP853,full,0.30624999999999997,-0.025546717081481964,-0.025614082196059478,0.09980241256253052,-0.0013072614528851657,-0.0834141421007403,-0.08386730054905861,0.0210500880431469,0.03157263662356224,
early_contraction,DOP853,full,0.3084375,-0.025729185428708164,-0.025797545686257816,0.099799542314916,-0.0013169658147870072,-0.08341406097483683,-0.08387074825137382,0.02105779557099959,0.03158416073986534,
early_contraction,DOP853,full,0.310625,-0.02591165359779753,-0.025981016722369098,0.0997966508332524,-0.001326675440828314,-0.08341397923268493,-0.08387419967006213,0.021065506092394864,0.031595689051252124,
early_contraction,DOP853,full,0.3128125,-0.0260941215874014,-0.02616449531252682,0.09979373810602299,-0.0013363903323122997,-0.08341389687371695,-0.08387765480871948,0.021073219608594592,0.03160722155916033,
early_contraction,DOP853,full,0.31499999999999995,-0.026276589396169864,-0.02634798146487235,0.0997908041217082,-0.001346110490542244,-0.08341381389736488,-0.08388111367094502,0.021080936120861184,0.03161875826502805,
early_contraction,DOP853,full,0.31718749999999996,-0.02645905702275178,-0.026531475187554936,0.09978784886878558,-0.001355835916821493,-0.0834137303030603,-0.08388457626034121,0.0210886556304576,0.03163029917029374,
early_contraction,DOP853,full,0.31937499999999996,-0.02664152446579475,-0.026714976488731702,0.09978487233572986,-0.0013655666124534592,-0.08341364609023443,-0.08388804258051376,0.02109637813864736,0.03164184427639617,
early_contraction,DOP853,full,0.3215625,-0.02682399172394514,-0.026898485376567673,0.0997818745110129,-0.001375302578741622,-0.08341356125831799,-0.08389151263507162,0.021104103646694527,0.0316533935847745,
early_contraction,DOP853,full,0.32375,-0.027006458795848058,-0.027082001859235767,0.09977885538310373,-0.0013850438169895284,-0.08341347580674137,-0.08389498642762704,0.02111183215586372,0.031664947096868214,
early_contraction,DOP853,full,0.3259375,-0.027188925680147382,-0.027265525944916803,0.0997758149404685,-0.001394790328500792,-0.08341338973493455,-0.08389846396179551,0.02111956366742011,0.031676504814117136,
early_contraction,DOP853,full,0.32812499999999994,-0.027371392375485727,-0.027449057641799515,0.0997727531715705,-0.0014045421145790944,-0.08341330304232708,-0.08390194524119582,0.021127298182629418,0.03168806673796146,
early_contraction,DOP853,full,0.33031249999999995,-0.027553858880504475,-0.02763259695808057,0.09976967006487023,-0.0014142991765281852,-0.0834132157283481,-0.08390543026945003,0.02113503570275792,0.03169963286984171,
early_contraction,DOP853,full,0.33249999999999996,-0.02773632519384375,-0.027816143901964543,0.09976656560882526,-0.001424061515651882,-0.08341312779242638,-0.08390891905018348,0.021142776229072447,0.031711203211198774,
early_contraction,DOP853,full,0.33468749999999997,-0.027918791314142422,-0.02799969848166395,0.09976343979189035,-0.001433829133254071,-0.08341303923399024,-0.08391241158702478,0.021150519762840377,0.03172277776347387,
early_contraction,DOP853,full,0.336875,-0.028101257240038122,-0.028183260705399255,0.09976029260251743,-0.0014436020306387064,-0.08341295005246763,-0.08391590788360584,0.021158266305329642,0.03173435652810857,
early_contraction,DOP853,full,0.3390625,-0.02828372297016722,-0.028366830581398855,0.09975712402915551,-0.001453380209109812,-0.08341286024728606,-0.08391940794356184,0.02116601585780873,0.03174593950654479,
early_contraction,DOP853,full,0.34124999999999994,-0.02846618850316483,-0.028550408117899117,0.09975393406025083,-0.00146316366997148,-0.08341276981787267,-0.08392291177053128,0.021173768421546686,0.03175752670022482,
early_contraction,DOP853,full,0.34343749999999995,-0.028648653837664826,-0.028733993323144365,0.0997507226842467,-0.0014729524145278732,-0.08341267876365417,-0.08392641936815592,0.021181523997813097,0.03176911811059124,
early_contraction,DOP853,full,0.34562499999999996,-0.028831118972299813,-0.028917586205386894,0.09974748988958362,-0.0014827464440832232,-0.08341258708405686,-0.08392993074008084,0.02118928258787811,0.03178071373908704,
early_contraction,DOP853,full,0.34781249999999997,-0.029013583905701152,-0.029101186772886974,0.09974423566469924,-0.0014925457599418313,-0.08341249477850664,-0.08393344588995443,0.021197044193012434,0.03179231358715551,
early_contraction,DOP853,full,0.35,-0.029196048636498943,-0.029284795033912864,0.09974095999802833,-0.00150235036340807,-0.08341240184642898,-0.08393696482142833,0.021204808814487323,0.031803917656240306,
early_contraction,DOP853,reduced_flux_recovered,0.0,0.0,0.0,0.1,0.0,-0.08341967594283947,-0.08341967594283947,0.02,0.03,
early_contraction,DOP853,reduced_flux_recovered,0.0021874999999999998,-0.0001824805409280004,-0.00018248377959415133,0.09999999017881285,-8.980218043370833e-06,-0.0834196756727004,-0.08342263736932658,0.02000730063236326,0.03001095083064763,
early_contraction,DOP853,reduced_flux_recovered,0.0043749999999999995,-0.0003649610806738609,-0.0003649740408560789,0.09999996070784027,-1.7965518323820725e-05,-0.08341967486194056,-0.08342560203961945,0.02001460408695392,0.030021905658580674,
early_contraction,DOP853,reduced_flux_recovered,0.006562499999999999,-0.000547441618054411,-0.000547470790885071,0.09999991157596344,-2.695590213744788e-05,-0.08341967351004584,-0.08342856995688484,0.02002191036495866,0.03003286448518713,
early_contraction,DOP853,reduced_flux_recovered,0.008749999999999999,-0.0007299221518853561,-0.0007299740367873465,0.09999984277206073,-3.5951370780388416e-05,-0.08341967161650171,-0.08343154112429246,0.0200292194675647,0.03004382731185537,
early_contraction,DOP853,reduced_flux_recovered,0.0109375,-0.000912402680981275,-0.0009124837856760605,0.09999975428500765,-4.495192554881652e-05,-0.08341966918079331,-0.08343451554501484,0.02003653139595977,0.030054794139974108,
early_contraction,DOP853,reduced_flux_recovered,0.013124999999999998,-0.00109488320415562,-0.0010950000446713116,0.09999964610367687,-5.3957567738944614e-05,-0.08341966620240542,-0.08343749322222743,0.020043846151332128,0.030065764970932423,
early_contraction,DOP853,reduced_flux_recovered,0.015312499999999998,-0.0012773637202207163,-0.0012775228209001477,0.09999951821693827,-6.296829864702353e-05,-0.08341966268082243,-0.08344047415910856,0.020051163734870567,0.030076739806119777,
early_contraction,DOP853,reduced_flux_recovered,0.017499999999999998,-0.0014598442279877611,-0.001460052121496573,0.09999937061365882,-7.198411956934266e-05,-0.08341965861552839,-0.0834434583588395,0.02005848414776438,0.03008771864692595,
early_contraction,DOP853,reduced_flux_recovered,0.019687499999999997,-0.0016423247262668207,-0.001642587953601553,0.09999920328270273,-8.100503180223007e-05,-0.08341965400600698,-0.08344644582460434,0.0200658073912034,0.03009870149474113,
early_contraction,DOP853,reduced_flux_recovered,0.021875,-0.0018248052138668338,-0.0018251303243630227,0.09999901621293134,-9.003103664205273e-05,-0.08341964885174154,-0.08344943655959011,0.02007313346637799,0.030109688350955836,
early_contraction,DOP853,reduced_flux_recovered,0.024062499999999997,-0.002007285689595606,-0.0020076792409358907,0.09999880939320312,-9.906213538521664e-05,-0.08341964315221499,-0.08345243056698676,0.020080462374479014,0.030120679216960947,
early_contraction,DOP853,reduced_flux_recovered,0.026249999999999996,-0.002189766152259814,-0.0021902347104820487,0.09999858281237377,-0.00010809832932816699,-0.08341963690690994,-0.08345542784998712,0.02008779411669789,0.030131674094147725,
early_contraction,DOP853,reduced_flux_recovered,0.028437499999999998,-0.0023722466006649984,-0.0023727967401703746,0.09999833645929612,-0.00011713961976738828,-0.08341963011530862,-0.08345842841178693,0.020095128694226548,0.030142672983907777,
early_contraction,DOP853,reduced_flux_recovered,0.030624999999999996,-0.0025547270336155705,-0.0025553653371767396,0.09999807032282015,-0.00012618600799940453,-0.08341962277689287,-0.08346143225558485,0.02010246610825743,0.030153675887633062,
early_contraction,DOP853,reduced_flux_recovered,0.032812499999999994,-0.0027372074499148074,-0.0027379405086840154,0.09999778439179303,-0.00013523749532077948,-0.08341961489114422,-0.08346443938458241,0.020109806359983523,0.03016468280671592,
early_contraction,DOP853,reduced_flux_recovered,0.034999999999999996,-0.0029196878483648513,-0.002920522261882081,0.09999747865505909,-0.00014429408302811671,-0.08341960645754377,-0.08346744980198412,0.020117149450598327,0.03017569374254904,
early_contraction,DOP853,reduced_flux_recovered,0.0371875,-0.003102168227766708,-0.0031031106039678285,0.0999971531014598,-0.00015335577241805978,-0.08341959747557232,-0.08347046351099736,0.020124495381295876,0.03018670869652547,
early_contraction,DOP853,reduced_flux_recovered,0.03937499999999999,-0.003284648586920248,-0.003285705542145167,0.09999680771983384,-0.00016242256478729236,-0.08341958794471024,-0.08347348051483246,0.020131844153270715,0.030197727670038615,
early_contraction,DOP853,reduced_flux_recovered,0.041562499999999995,-0.003467128924624204,-0.003468307083625036,0.099996442499017,-0.00017149446143253856,-0.0834195778644376,-0.08347650081670265,0.020139195767717943,0.030208750664482257,
early_contraction,DOP853,reduced_flux_recovered,0.04375,-0.003649609239676172,-0.0036509152356254035,0.09999605742784226,-0.000180571463650563,-0.08341956723423405,-0.08347952441982406,0.02014655022583315,0.03021977768125051,
early_contraction,DOP853,reduced_flux_recovered,0.04593749999999999,-0.0038320895308726075,-0.0038335300053712767,0.09999565249513977,-0.00018965357273817082,-0.08341955605357888,-0.08348255132741582,0.02015390752881249,0.030230808721737883,
early_contraction,DOP853,reduced_flux_recovered,0.048124999999999994,-0.004014569797008829,-0.004016151400094708,0.09999522768973683,-0.0001987407899922082,-0.08341954432195108,-0.08348558154269992,0.020161267677852604,0.03024184378733922,
early_contraction,DOP853,reduced_flux_recovered,0.050312499999999996,-0.004197050036879013,-0.004198779427034802,0.0999947830004579,-0.00020783311670956217,-0.08341953203882915,-0.08348861506890132,0.0201686306741507,0.030252882879449727,
early_contraction,DOP853,reduced_flux_recovered,0.05249999999999999,-0.004379530249276194,-0.004381414093437718,0.09999431841612463,-0.000216930554187161,-0.08341951920369135,-0.08349165190924789,0.02017599651890448,0.030263925999464977,
early_contraction,DOP853,reduced_flux_recovered,0.05468749999999999,-0.004562010432992269,-0.004564055406556683,0.0999938339255558,-0.00022603310372197428,-0.08341950581601548,-0.08349469206697047,0.020183365213312182,0.030274973148780894,
early_contraction,DOP853,reduced_flux_recovered,0.056874999999999995,-0.004744490586817988,-0.004746703373651993,0.09999332951756736,-0.000235140766611013,-0.08341949187527903,-0.0834977355453028,0.020190736758572587,0.03028602432879378,
early_contraction,DOP853,reduced_flux_recovered,0.0590625,-0.00492697070954296,-0.004929358001991021,0.09999280518097244,-0.0002442535441513299,-0.0834194773809591,-0.08350078234748161,0.02019811115588499,0.030297079540900274,
early_contraction,DOP853,reduced_flux_recovered,0.06124999999999999,-0.0051094507999556475,-0.005112019298848225,0.09999226090458131,-0.00025337143764001956,-0.0834194623325324,-0.08350383247674653,0.020205488406449208,0.03030813878649738,
early_contraction,DOP853,reduced_flux_recovered,0.0634375,-0.005291930856843371,-0.00529468727150515,0.09999169667720144,-0.00026249444837421866,-0.08341944672947532,-0.08350688593634016,0.020212868511465604,0.03031920206698248,
early_contraction,DOP853,reduced_flux_recovered,0.06562499999999999,-0.0054744108789923016,-0.005477361927250441,0.09999111248763741,-0.000271622577651106,-0.08341943057126384,-0.08350994272950803,0.020220251472135055,0.030330269383753286,
early_contraction,DOP853,reduced_flux_recovered,0.0678125,-0.005656890865187468,-0.005660043273379846,0.099990508324691,-0.00028075582676790283,-0.08341941385737359,-0.08351300285949867,0.020227637289658977,0.030341340738207892,
early_contraction,DOP853,reduced_flux_recovered,0.06999999999999999,-0.005839370814212746,-0.005842731317196217,0.09998988417716113,-0.00028989419702187273,-0.08341939658727981,-0.0835160663295635,0.02023502596523929,0.030352416131744737,
early_contraction,DOP853,reduced_flux_recovered,0.07218749999999999,-0.006021850724850867,-0.006025426066009527,0.09998924003384392,-0.00029903768971032216,-0.08341937876045741,-0.08351913314295695,0.020242417500078484,0.030363495565762632,
early_contraction,DOP853,reduced_flux_recovered,0.074375,-0.0062043305958834165,-0.006208127527136872,0.0999885758835326,-0.00030818630613060053,-0.08341936037638088,-0.08352220330293637,0.020249811895379548,0.030374579041660736,
early_contraction,DOP853,reduced_flux_recovered,0.07656249999999999,-0.00638681042609082,-0.006390835707902472,0.0999878917150176,-0.0003173400475801001,-0.08341934143452438,-0.08352527681276212,0.020257209152346002,0.030385666560838576,
early_contraction,DOP853,reduced_flux_recovered,0.07874999999999999,-0.006569290214252362,-0.006573550615637684,0.09998718751708649,-0.0003264989153562566,-0.0834193219343617,-0.08352835367569748,0.020264609272181905,0.030396758124696024,
early_contraction,DOP853,reduced_flux_recovered,0.0809375,-0.006751769959146172,-0.006756272257681009,0.09998646327852402,-0.000335662910756549,-0.08341930187536621,-0.08353143389500874,0.020272012256091845,0.03040785373463333,
early_contraction,DOP853,reduced_flux_recovered,0.08312499999999999,-0.006934249659549223,-0.006939000641378092,0.0999857189881121,-0.00034483203507849983,-0.08341928125701098,-0.0835345174739651,0.020279418105280923,0.030418953392051078,
early_contraction,DOP853,reduced_flux_recovered,0.08531249999999999,-0.007116729314237342,-0.007121735774081735,0.09998495463462977,-0.00035400628961967544,-0.08341926007876863,-0.0835376044158388,0.0202868268209548,0.030430057098350234,
early_contraction,DOP853,reduced_flux_recovered,0.0875,-0.007299208921985201,-0.0073044776631519025,0.09998417020685328,-0.00036318567567768614,-0.08341923834011149,-0.083540694723905,0.020294238404319646,0.030441164854932107,
early_contraction,DOP853,reduced_flux_recovered,0.08968749999999999,-0.00748168848156631,-0.007487226315955726,0.09998336569355601,-0.0003723701945501863,-0.08341921604051143,-0.0835437884014419,0.020301652856582163,0.03045227666319838,
early_contraction,DOP853,reduced_flux_recovered,0.09187499999999998,-0.007664167991753031,-0.007669981739867509,0.0999825410835085,-0.0003815598475348747,-0.08341919317944005,-0.08354688545173063,0.020309070178949583,0.03046339252455107,
early_contraction,DOP853,reduced_flux_recovered,0.0940625,-0.007846647451316567,-0.00785274394226874,0.09998169636547848,-0.00039075463592949455,-0.08341916975636847,-0.0835499858780553,0.020316490372629687,0.030474512440392586,
early_contraction,DOP853,reduced_flux_recovered,0.09624999999999999,-0.008029126859026965,-0.00803551293054809,0.09998083152823078,-0.0003999545610318337,-0.08341914577076753,-0.08355308968370304,0.02032391343883076,0.030485636412125657,
early_contraction,DOP853,reduced_flux_recovered,0.09843749999999998,-0.00821160621365311,-0.008218288712101429,0.09997994656052749,-0.0004091596241397248,-0.08341912122210764,-0.08355619687196394,0.020331339378761634,0.0304967644411534,
early_contraction,DOP853,reduced_flux_recovered,0.10062499999999999,-0.008394085513962736,-0.008401071294331824,0.09997904145112776,-0.0004183698265510458,-0.08341909610985884,-0.08355930744613112,0.020338768193631673,0.030507896528879277,
early_contraction,DOP853,reduced_flux_recovered,0.10281249999999999,-0.008576564758722406,-0.008583860684649548,0.09997811618878798,-0.0004275851695637194,-0.08341907043349082,-0.08356242140950065,0.020346199884650765,0.03051903267670711,
early_contraction,DOP853,reduced_flux_recovered,0.10499999999999998,-0.008759043946697534,-0.008766656890472088,0.09997717076226162,-0.00043680565447571415,-0.0834190441924729,-0.08356553876537161,0.02035363445302933,0.03053017288604107,
early_contraction,DOP853,reduced_flux_recovered,0.10718749999999999,-0.008941523076652365,-0.008949459919224157,0.0999762051602994,-0.00044603128258504396,-0.08341901738627397,-0.08356865951704609,0.020361071899978343,0.030541317158285713,
early_contraction,DOP853,reduced_flux_recovered,0.10937499999999999,-0.009124002147349984,-0.009132269778337683,0.09997521937164912,-0.00045526205518976834,-0.08341899001436262,-0.08357178366782918,0.020368512226709268,0.030552465494845915,
early_contraction,DOP853,reduced_flux_recovered,0.1115625,-0.009306481157552317,-0.009315086475251838,0.0999742133850558,-0.00046449797358799307,-0.08341896207620703,-0.08357491122102896,0.020375955434434143,0.03056361789712694,
early_contraction,DOP853,reduced_flux_recovered,0.11374999999999999,-0.009488960106020116,-0.009497910017413028,0.09997318718926158,-0.0004737390390778697,-0.08341893357127497,-0.08357804217995653,0.020383401524365508,0.030574774366534392,
early_contraction,DOP853,reduced_flux_recovered,0.11593749999999999,-0.00967143899151298,-0.009680740412274905,0.0999721407730058,-0.00048298525295759634,-0.08341890449903391,-0.08358117654792598,0.02039085049771646,0.030585934904474244,
early_contraction,DOP853,reduced_flux_recovered,0.118125,-0.009853917812789338,-0.009863577667298382,0.09997107412502491,-0.0004922366165254176,-0.08341887485895089,-0.08358431432825444,0.02039830235570061,0.030597099512352812,
early_contraction,DOP853,reduced_flux_recovered,0.12031249999999999,-0.01003639656860645,-0.010046421789951618,0.09996998723405257,-0.0005014931310796246,-0.08341884465049257,-0.08358745552426206,0.020405757099532126,0.03060826819157679,
early_contraction,DOP853,reduced_flux_recovered,0.12249999999999998,-0.010218875257720412,-0.01022927278771005,0.09996888008881956,-0.0005107547979185555,-0.08341881387312527,-0.08359060013927196,0.020413214730425674,0.03061944094355321,
early_contraction,DOP853,reduced_flux_recovered,0.12468749999999999,-0.010401353878886152,-0.01041213066805638,0.09996775267805386,-0.0005200216183405957,-0.08341878252631492,-0.0835937481766103,0.020420675249596478,0.03063061776968946,
early_contraction,DOP853,reduced_flux_recovered,0.126875,-0.01058383243085743,-0.010594995438480593,0.09996660499048056,-0.0005292935936441773,-0.08341875060952704,-0.0835968996396063,0.020428138658260306,0.03064179867139331,
early_contraction,DOP853,reduced_flux_recovered,0.1290625,-0.010766310912386832,-0.010777867106479962,0.09996543701482194,-0.0005385707251277807,-0.08341871812222683,-0.08360005453159218,0.020435604957633427,0.030652983650072862,
early_contraction,DOP853,reduced_flux_recovered,0.13124999999999998,-0.01094878932222578,-0.010960745679559044,0.09996424873979746,-0.0005478530140899329,-0.08341868506387905,-0.08360321285590315,0.02044307414893267,0.03066417270713658,
early_contraction,DOP853,reduced_flux_recovered,0.1334375,-0.011131267659124523,-0.011143631165229708,0.09996304015412369,-0.0005571404618292098,-0.08341865143394814,-0.0836063746158775,0.020450546233375395,0.030675365843993285,
early_contraction,DOP853,reduced_flux_recovered,0.135625,-0.011313745921832133,-0.011326523571011117,0.0999618112465144,-0.0005664330696442344,-0.08341861723189813,-0.08360953981485654,0.02045802121217949,0.030686563062052166,
early_contraction,DOP853,reduced_flux_recovered,0.13781249999999998,-0.011496224109096516,-0.011509422904429752,0.0999605620056805,-0.0005757308388336783,-0.08341858245719268,-0.08361270845618461,0.02046549908656338,0.03069776436272275,
early_contraction,DOP853,reduced_flux_recovered,0.13999999999999999,-0.0116787022196644,-0.011692329173019413,0.09995929242033005,-0.0005850337706962619,-0.08341854710929504,-0.0836158805432091,0.020472979857746022,0.030708969747414945,
early_contraction,DOP853,reduced_flux_recovered,0.1421875,-0.011861180252281342,-0.011875242384321225,0.0999580024791683,-0.0005943418665307535,-0.08341851118766815,-0.08361905607928041,0.02048046352694692,0.030720179217538984,
early_contraction,DOP853,reduced_flux_recovered,0.14437499999999998,-0.012043658205691714,-0.012058162545883641,0.09995669217089764,-0.0006036551276359705,-0.0834184746917745,-0.08362223506775203,0.0204879500953861,0.030731392774505477,
early_contraction,DOP853,reduced_flux_recovered,0.14656249999999998,-0.012226136078638728,-0.012241089665262462,0.0999553614842176,-0.0006129735553107794,-0.08341843762107626,-0.08362541751198045,0.02049543956428413,0.03074261041972539,
early_contraction,DOP853,reduced_flux_recovered,0.14875,-0.012408613869864403,-0.012424023750020828,0.09995401040782492,-0.0006222971508540959,-0.08341839997503515,-0.08362860341532524,0.02050293193486211,0.030753832154610035,
early_contraction,DOP853,reduced_flux_recovered,0.15093749999999997,-0.01259109157810959,-0.012606964807729232,0.09995263893041344,-0.0006316259155648846,-0.08341836175311258,-0.083631792781149,0.020510427208341682,0.03076505798057109,
early_contraction,DOP853,reduced_flux_recovered,0.15312499999999998,-0.012773569202113963,-0.01278991284596553,0.0999512470406742,-0.0006409598507421605,-0.08341832295476954,-0.08363498561281742,0.02051792538594502,0.030776287899020583,
early_contraction,DOP853,reduced_flux_recovered,0.1553125,-0.012956046740616007,-0.012972867872314942,0.09994983472729536,-0.0006502989576849877,-0.08341828357946666,-0.08363818191369919,0.020525426468894836,0.030787521911370908,
early_contraction,DOP853,reduced_flux_recovered,0.15749999999999997,-0.013138524192353033,-0.013155829894370055,0.09994840197896229,-0.0006596432376924806,-0.08341824362666415,-0.08364138168716612,0.020532930458414377,0.030798760019034786,
early_contraction,DOP853,reduced_flux_recovered,0.15968749999999998,-0.013321001556061172,-0.013338798919730846,0.09994694878435749,-0.0006689926920638038,-0.08341820309582189,-0.08364458493659303,0.020540437355727435,0.030810002223425333,
early_contraction,DOP853,reduced_flux_recovered,0.161875,-0.013503478830475372,-0.013521774956004668,0.0999454751321606,-0.0006783473220981723,-0.08341816198639934,-0.08364779166535785,0.020547947162058322,0.03082124852595599,
early_contraction,DOP853,reduced_flux_recovered,0.16406249999999997,-0.013685956014329393,-0.01370475801080627,0.09994398101104844,-0.0006877071290948511,-0.0834181202978556,-0.08365100187684153,0.020555459878631898,0.030832498928040568,
early_contraction,DOP853,reduced_flux_recovered,0.16624999999999998,-0.01386843310635582,-0.013887748091757803,0.09994246640969498,-0.000697072114353157,-0.08341807802964937,-0.08365421557442813,0.020562975506673572,0.03084375343109324,
early_contraction,DOP853,reduced_flux_recovered,0.1684375,-0.014050910105286047,-0.014070745206488818,0.09994093131677138,-0.000706442279172457,-0.08341803518123898,-0.08365743276150478,0.020570494047409262,0.030855012036528504,
early_contraction,DOP853,reduced_flux_recovered,0.17062499999999997,-0.01423338700985028,-0.01425374936263628,0.0999393757209459,-0.0007158176248521693,-0.08341799175208238,-0.08366065344146165,0.02057801550206545,0.03086627474576125,
early_contraction,DOP853,reduced_flux_recovered,0.17281249999999998,-0.014415863818777552,-0.01443676056784458,0.09993779961088399,-0.0007251981526917642,-0.08341794774163713,-0.083663877617692,0.020585539871869146,0.030877541560206702,
early_contraction,DOP853,reduced_flux_recovered,0.175,-0.014598340530795695,-0.014619778829765527,0.09993620297524826,-0.0007345838639907626,-0.0834179031493604,-0.08366710529359223,0.020593067158047894,0.03088881248128044,
early_contraction,DOP853,reduced_flux_recovered,0.17718749999999997,-0.014780817144631355,-0.014802804156058367,0.09993458580269848,-0.000743974760048738,-0.08341785797470898,-0.08367033647256174,0.020600597361829787,0.030900087510398414,
early_contraction,DOP853,reduced_flux_recovered,0.17937499999999998,-0.01496329365901,-0.014985836554389786,0.09993294808189156,-0.0007533708421653155,-0.08341781221713927,-0.08367357115800306,0.020608130484443443,0.0309113666489769,
early_contraction,DOP853,reduced_flux_recovered,0.1815625,-0.0151457700726559,-0.015168876032433918,0.09993128980148155,-0.0007627721116401727,-0.08341776587610732,-0.08367680935332178,0.02061566652711803,0.03092264989843256,
early_contraction,DOP853,reduced_flux_recovered,0.18374999999999997,-0.01532824638429213,-0.01535192259787234,0.09992961095011973,-0.0007721785697730391,-0.08341771895106875,-0.08368005106192664,0.020623205491083263,0.030933937260182388,
early_contraction,DOP853,reduced_flux_recovered,0.18593749999999998,-0.015510722592640589,-0.015534976258394105,0.09992791151645446,-0.0007815902178636975,-0.08341767144147882,-0.0836832962872294,0.02063074737756936,0.030945228735643742,
early_contraction,DOP853,reduced_flux_recovered,0.188125,-0.015693198696421967,-0.01571803702169572,0.09992619148913129,-0.0007910070572119831,-0.0834176233467924,-0.08368654503264497,0.02063829218780712,0.030956524326234337,
early_contraction,DOP853,reduced_flux_recovered,0.19031249999999997,-0.015875674694355774,-0.015901104895481168,0.09992445085679291,-0.0008004290891177843,-0.08341757466646396,-0.08368979730159135,0.02064583992302787,0.030967824033372244,
early_contraction,DOP853,reduced_flux_recovered,0.19249999999999998,-0.01605815058516032,-0.016084179887461917,0.09992268960807921,-0.0008098563148810426,-0.08341752539994761,-0.0836930530974896,0.020653390584463457,0.030979127858475872,
early_contraction,DOP853,reduced_flux_recovered,0.19468749999999999,-0.01624062636755272,-0.01626726200535692,0.09992090773162718,-0.0008192887358017532,-0.08341747554669707,-0.08369631242376395,0.020660944173346296,0.030990435802963998,
early_contraction,DOP853,reduced_flux_recovered,0.19687499999999997,-0.016423102040248893,-0.016450351256892617,0.09991910521607099,-0.0008287263531799647,-0.08341742510616564,-0.08369957528384168,0.02066850069090931,0.03100174786825575,
early_contraction,DOP853,reduced_flux_recovered,0.19906249999999998,-0.01660557760196357,-0.016633447649802957,0.09991728205004198,-0.0008381691683157799,-0.08341737407780626,-0.08370284168115323,0.020676060138386004,0.03101306405577062,
early_contraction,DOP853,reduced_flux_recovered,0.20124999999999998,-0.016788053051410273,-0.0168165511918294,0.09991543822216863,-0.0008476171825093552,-0.08341732246107149,-0.08370611161913213,0.020683622517010388,0.031024384366928438,
early_contraction,DOP853,reduced_flux_recovered,0.20343749999999997,-0.016970528387301332,-0.016999661890720903,0.09991357372107658,-0.0008570703970609018,-0.0834172702554135,-0.083709385101215,0.02069118782801703,0.031035708803149386,
early_contraction,DOP853,reduced_flux_recovered,0.20562499999999997,-0.017153003608347882,-0.017182779754233962,0.09991168853538862,-0.0008665288132706853,-0.08341721746028403,-0.08371266213084162,0.02069875607264103,0.031047037365854013,
early_contraction,DOP853,reduced_flux_recovered,0.20781249999999998,-0.017335478713259852,-0.017365904790132596,0.09990978265372469,-0.0008759924324390259,-0.08341716407513451,-0.08371594271145487,0.020706327252118042,0.03105837005646322,
early_contraction,DOP853,reduced_flux_recovered,0.20999999999999996,-0.01751795370074597,-0.017549037006188352,0.09990785606470193,-0.0008854612558662988,-0.08341711009941591,-0.08371922684650077,0.020713901367684247,0.031069706876398255,
early_contraction,DOP853,reduced_flux_recovered,0.21218749999999997,-0.01770042856951377,-0.017732176410180326,0.09990590875693456,-0.0008949352848529346,-0.08341705553257885,-0.08372251453942842,0.020721478420576374,0.031081047827080717,
early_contraction,DOP853,reduced_flux_recovered,0.21437499999999998,-0.017882903318269576,-0.017915323009895158,0.09990394071903402,-0.0009044145206994189,-0.08341700037407353,-0.08372580579369011,0.020729058412031702,0.031092392909932567,
early_contraction,DOP853,reduced_flux_recovered,0.2165625,-0.018065377945718514,-0.018098476813127047,0.09990195193960888,-0.0009138989647062932,-0.08341694462334981,-0.08372910061274123,0.020736641343288037,0.031103742126376115,
early_contraction,DOP853,reduced_flux_recovered,0.21874999999999997,-0.018247852450564504,-0.01828163782767775,0.09989994240726487,-0.0009233886181741546,-0.0834168882798571,-0.08373239900004031,0.020744227215583742,0.031115095477834028,
early_contraction,DOP853,reduced_flux_recovered,0.22093749999999998,-0.01843032683151026,-0.018464806061356594,0.09989791211060485,-0.0009328834824036564,-0.08341683134304448,-0.08373570095904902,0.020751816030157702,0.031126452965729315,
early_contraction,DOP853,reduced_flux_recovered,0.223125,-0.018612801087257293,-0.018647981521980488,0.09989586103822888,-0.0009423835586955083,-0.08341677381236058,-0.08373900649323215,0.02075940778824937,0.031137814591485354,
early_contraction,DOP853,reduced_flux_recovered,0.22531249999999997,-0.018795275216505904,-0.01883116421737391,0.09989378917873415,-0.000951888848350476,-0.0834167156872537,-0.08374231560605766,0.02076700249109872,0.031149180356525853,
early_contraction,DOP853,reduced_flux_recovered,0.22749999999999998,-0.018977749217955194,-0.019014354155368948,0.09989169652071499,-0.0009613993526693825,-0.0834166569671717,-0.08374562830099666,0.02077460013994629,0.031160550262274902,
early_contraction,DOP853,reduced_flux_recovered,0.2296875,-0.019160223090303047,-0.019197551343805266,0.09988958305276291,-0.0009709150729531071,-0.08341659765156206,-0.08374894458152338,0.02078220073603313,0.031171924310156918,
early_contraction,DOP853,reduced_flux_recovered,0.23187499999999997,-0.019342696832246136,-0.019380755790530137,0.09988744876346657,-0.0009804360105025868,-0.0834165377398719,-0.0837522644511152,0.020789804280600874,0.03118330250159668,
early_contraction,DOP853,reduced_flux_recovered,0.23406249999999998,-0.01952517044247994,-0.019563967503398456,0.09988529364141176,-0.0009899621666188156,-0.08341647723154791,-0.08375558791325267,0.020797410774891674,0.031194684838019328,
early_contraction,DOP853,reduced_flux_recovered,0.23625,-0.01970764391969871,-0.01974718649027272,0.09988311767518146,-0.0009994935426028452,-0.0834164161260364,-0.08375891497141953,0.020805020220148223,0.031206071320850345,
early_contraction,DOP853,reduced_flux_recovered,0.23843749999999997,-0.019890117262595493,-0.01993041275902306,0.09988092085335577,-0.001009030139755785,-0.08341635442278329,-0.08376224562910262,0.02081263261761377,0.03121746195151556,
early_contraction,DOP853,reduced_flux_recovered,0.24062499999999998,-0.02007259046986213,-0.020113646317527236,0.09987870316451197,-0.0010185719593788028,-0.08341629212123411,-0.08376557988979194,0.0208202479685321,0.03122885673144116,
early_contraction,DOP853,reduced_flux_recovered,0.2428125,-0.02025506354018923,-0.02029688717367064,0.09987646459722449,-0.001028119002773124,-0.083416229220834,-0.08376891775698073,0.02082786627414755,0.031240255662053698,
early_contraction,DOP853,reduced_flux_recovered,0.24499999999999997,-0.020437536472266208,-0.020480135335346313,0.0998742051400649,-0.0010376712712400335,-0.0834161657210277,-0.0837722592341653,0.020835487535704997,0.03125165874478005,
early_contraction,DOP853,reduced_flux_recovered,0.24718749999999998,-0.020620009264781254,-0.020663390810454953,0.09987192478160191,-0.001047228766080874,-0.08341610162125954,-0.08377560432484521,0.020843111754449868,0.03126306598104748,
early_contraction,DOP853,reduced_flux_recovered,0.24937499999999999,-0.020802481916421343,-0.020846653606904908,0.09986962351040145,-0.0010567914885970474,-0.08341603692097348,-0.08377895303252315,0.02085073893162813,0.03127447737228357,
early_contraction,DOP853,reduced_flux_recovered,0.25156249999999997,-0.02098495442587223,-0.021029923732612192,0.09986730131502651,-0.0010663594400900148,-0.08341597161961309,-0.083782305360705,0.02085836906848629,0.031285892919916264,
early_contraction,DOP853,reduced_flux_recovered,0.25375,-0.02116742679181846,-0.021213201195500502,0.0998649581840373,-0.0010759326218612972,-0.08341590571662151,-0.0837856613128998,0.02086600216627141,0.031297312625373865,
early_contraction,DOP853,reduced_flux_recovered,0.2559375,-0.021349899012943357,-0.021396486003501202,0.09986259410599117,-0.0010855110352124742,-0.08341583921144154,-0.08378902089261979,0.020873638226231093,0.031308736490085025,
early_contraction,DOP853,reduced_flux_recovered,0.258125,-0.02153237108792902,-0.021579778164553347,0.09986020906944261,-0.001095094681445186,-0.08341577210351553,-0.08379238410338041,0.020881277249613493,0.03132016451547875,
early_contraction,DOP853,reduced_flux_recovered,0.26031249999999995,-0.021714843015456325,-0.021763077686603686,0.09985780306294326,-0.0011046835618611327,-0.08341570439228546,-0.08379575094870025,0.020888919237667305,0.03133159670298438,
early_contraction,DOP853,reduced_flux_recovered,0.26249999999999996,-0.02189731479420495,-0.021946384577606677,0.09985537607504193,-0.0011142776777620747,-0.08341563607719293,-0.08379912143210111,0.020896564191641775,0.03134303305403163,
early_contraction,DOP853,reduced_flux_recovered,0.26468749999999996,-0.022079786422853322,-0.022129698845524466,0.09985292809428456,-0.001123877030449833,-0.0834155671576791,-0.08380249555710796,0.020904212112786674,0.03135447357005054,
early_contraction,DOP853,reduced_flux_recovered,0.266875,-0.02226225790007866,-0.022313020498326935,0.09985045910921427,-0.0011334816212262896,-0.08341549763318477,-0.08380587332724901,0.020911863002352357,0.03136591825247153,
early_contraction,DOP853,reduced_flux_recovered,0.2690625,-0.022444729224556963,-0.022496349543991667,0.0998479691083713,-0.0011430914513933872,-0.08341542750315036,-0.08380925474605563,0.020919516861589698,0.031377367102725345,
early_contraction,DOP853,reduced_flux_recovered,0.27125,-0.022627200394962996,-0.02267968599050399,0.09984545808029308,-0.0011527065222531295,-0.08341535676701581,-0.0838126398170624,0.02092717369175013,0.031388820122243095,
early_contraction,DOP853,reduced_flux_recovered,0.27343749999999994,-0.022809671409970294,-0.022863029845856954,0.09984292601351416,-0.0011623268351075825,-0.08341528542422076,-0.08381602854380711,0.020934833494085626,0.031400277312456246,
early_contraction,DOP853,reduced_flux_recovered,0.27562499999999995,-0.02299214226825119,-0.023046381118051365,0.09984037289656625,-0.0011719523912588734,-0.0834152134742044,-0.08381942092983075,0.02094249626984871,0.03141173867479659,
early_contraction,DOP853,reduced_flux_recovered,0.27781249999999996,-0.023174612968476765,-0.02322973981509577,0.09983779871797821,-0.0011815831920091913,-0.08341514091640552,-0.08382281697867751,0.020950162020292457,0.03142320421069628,
early_contraction,DOP853,reduced_flux_recovered,0.27999999999999997,-0.02335708350931688,-0.023413105945006476,0.09983520346627607,-0.001191219238660788,-0.08341506775026254,-0.08382621669389481,0.020957830746670486,0.03143467392158785,
early_contraction,DOP853,reduced_flux_recovered,0.2821875,-0.023539553889440172,-0.02359647951580755,0.09983258712998298,-0.001200860532515977,-0.08341499397521346,-0.08382962007903327,0.02096550245023696,0.03144614780890413,
early_contraction,DOP853,reduced_flux_recovered,0.284375,-0.02372202410751404,-0.023779860535530824,0.09982994969761928,-0.0012105070748771353,-0.08341491959069589,-0.08383302713764676,0.0209731771322466,0.03145762587407835,
early_contraction,DOP853,reduced_flux_recovered,0.2865625,-0.023904494162204658,-0.023963249012215925,0.09982729115770242,-0.0012201588670467023,-0.08341484459614702,-0.0838364378732923,0.02098085479395467,0.031469108118544045,
early_contraction,DOP853,reduced_flux_recovered,0.28874999999999995,-0.02408696405217696,-0.02414664495391024,0.09982461149874702,-0.00122981591032718,-0.08341476899100367,-0.08383985228953021,0.020988535436616974,0.03148059454373514,
early_contraction,DOP853,reduced_flux_recovered,0.29093749999999996,-0.024269433776094664,-0.02433004836866898,0.09982191070926485,-0.0012394782060211353,-0.08341469277470226,-0.083843270389924,0.02099621906148989,0.03149208515108588,
early_contraction,DOP853,reduced_flux_recovered,0.29312499999999997,-0.024451903332620237,-0.024513459264555126,0.09981918877776484,-0.0012491457554311977,-0.08341461594667877,-0.08384669217804039,0.021003905669830313,0.03150357994203089,
early_contraction,DOP853,reduced_flux_recovered,0.2953125,-0.024634372720414927,-0.024696877649639477,0.09981644569275305,-0.0012588185598600607,-0.08341453850636882,-0.08385011765744937,0.02101159526289572,0.031515078918005104,
early_contraction,DOP853,reduced_flux_recovered,0.2975,-0.024816841938138733,-0.02488030353200064,0.09981368144273271,-0.001268496620610482,-0.08341446045320762,-0.08385354683172414,0.0210192878419441,0.03152658208044383,
early_contraction,DOP853,reduced_flux_recovered,0.2996875,-0.024999310984450428,-0.025063736919725053,0.0998108960162042,-0.001278179938985284,-0.08341438178662997,-0.08385697970444114,0.021026983408234026,0.03153808943078273,
early_contraction,DOP853,reduced_flux_recovered,0.30187499999999995,-0.02518177985800754,-0.02524717782090696,0.09980808940166502,-0.0012878685162873529,-0.08341430250607026,-0.08386041627918006,0.0210346819630246,0.03154960097045781,
early_contraction,DOP853,reduced_flux_recovered,0.30406249999999996,-0.025364248557466374,-0.025430626243648467,0.09980526158760986,-0.001297562353819641,-0.08341422261096251,-0.08386385655952383,0.02104238350757549,0.03156111670090541,
early_contraction,DOP853,reduced_flux_recovered,0.30624999999999997,-0.02554671708148198,-0.0256140821960595,0.09980241256253053,-0.0013072614528851646,-0.0834141421007403,-0.08386730054905861,0.021050088043146897,0.03157263662356224,
early_contraction,DOP853,reduced_flux_recovered,0.3084375,-0.02572918542870818,-0.025797545686257833,0.099799542314916,-0.0013169658147870061,-0.08341406097483685,-0.08387074825137382,0.02105779557099959,0.03158416073986535,
early_contraction,DOP853,reduced_flux_recovered,0.310625,-0.025911653597797547,-0.025981016722369115,0.0997966508332524,-0.001326675440828313,-0.08341397923268494,-0.08387419967006213,0.02106550609239486,0.03159568905125213,
early_contraction,DOP853,reduced_flux_recovered,0.3128125,-0.026094121587401417,-0.026164495312526834,0.09979373810602299,-0.0013363903323122986,-0.08341389687371696,-0.08387765480871946,0.021073219608594585,0.031607221559160334,
early_contraction,DOP853,reduced_flux_recovered,0.31499999999999995,-0.02627658939616988,-0.02634798146487236,0.0997908041217082,-0.0013461104905422426,-0.0834138138973649,-0.08388111367094502,0.021080936120861184,0.03161875826502806,
early_contraction,DOP853,reduced_flux_recovered,0.31718749999999996,-0.026459057022751795,-0.026531475187554943,0.09978784886878558,-0.0013558359168214917,-0.08341373030306032,-0.08388457626034121,0.021088655630457597,0.031630299170293745,
early_contraction,DOP853,reduced_flux_recovered,0.31937499999999996,-0.026641524465794764,-0.02671497648873171,0.09978487233572987,-0.0013655666124534579,-0.08341364609023444,-0.08388804258051374,0.021096378138647353,0.03164184427639618,
early_contraction,DOP853,reduced_flux_recovered,0.3215625,-0.026823991723945152,-0.02689848537656768,0.09978187451101292,-0.001375302578741621,-0.083413561258318,-0.08389151263507161,0.02110410364669452,0.03165339358477451,
early_contraction,DOP853,reduced_flux_recovered,0.32375,-0.027006458795848072,-0.02708200185923577,0.09977885538310373,-0.0013850438169895273,-0.08341347580674138,-0.08389498642762702,0.02111183215586371,0.031664947096868214,
early_contraction,DOP853,reduced_flux_recovered,0.3259375,-0.027188925680147396,-0.02726552594491681,0.0997758149404685,-0.001394790328500791,-0.08341338973493456,-0.0838984639617955,0.021119563667420103,0.03167650481411714,
early_contraction,DOP853,reduced_flux_recovered,0.32812499999999994,-0.027371392375485738,-0.027449057641799522,0.0997727531715705,-0.0014045421145790931,-0.08341330304232708,-0.08390194524119582,0.02112729818262941,0.031688066737961464,
early_contraction,DOP853,reduced_flux_recovered,0.33031249999999995,-0.02755385888050449,-0.027632596958080576,0.09976967006487023,-0.001414299176528184,-0.08341321572834812,-0.08390543026945003,0.021135035702757914,0.03169963286984172,
early_contraction,DOP853,reduced_flux_recovered,0.33249999999999996,-0.027736325193843763,-0.02781614390196455,0.09976656560882526,-0.001424061515651881,-0.08341312779242638,-0.08390891905018348,0.021142776229072444,0.03171120321119878,
early_contraction,DOP853,reduced_flux_recovered,0.33468749999999997,-0.027918791314142436,-0.02799969848166396,0.09976343979189035,-0.0014338291332540696,-0.08341303923399024,-0.08391241158702478,0.02115051976284037,0.031722777763473875,
early_contraction,DOP853,reduced_flux_recovered,0.336875,-0.028101257240038136,-0.02818326070539926,0.09976029260251743,-0.001443602030638705,-0.08341295005246763,-0.08391590788360584,0.02115826630532963,0.03173435652810857,
early_contraction,DOP853,reduced_flux_recovered,0.3390625,-0.028283722970167235,-0.028366830581398866,0.09975712402915551,-0.0014533802091098106,-0.08341286024728607,-0.08391940794356184,0.021166015857808727,0.0317459395065448,
early_contraction,DOP853,reduced_flux_recovered,0.34124999999999994,-0.028466188503164843,-0.028550408117899124,0.09975393406025083,-0.0014631636699714789,-0.08341276981787268,-0.08392291177053128,0.021173768421546675,0.03175752670022482,
early_contraction,DOP853,reduced_flux_recovered,0.34343749999999995,-0.02864865383766484,-0.028733993323144375,0.0997507226842467,-0.0014729524145278721,-0.08341267876365419,-0.08392641936815592,0.021181523997813093,0.03176911811059125,
early_contraction,DOP853,reduced_flux_recovered,0.34562499999999996,-0.028831118972299827,-0.028917586205386904,0.09974748988958362,-0.001482746444083222,-0.08341258708405687,-0.08392993074008084,0.021189282587878114,0.03178071373908705,
early_contraction,DOP853,reduced_flux_recovered,0.34781249999999997,-0.029013583905701166,-0.029101186772886985,0.09974423566469924,-0.0014925457599418302,-0.08341249477850664,-0.08393344588995443,0.02119704419301243,0.031792313587155514,
early_contraction,DOP853,reduced_flux_recovered,0.35,-0.029196048636498953,-0.02928479503391287,0.09974095999802833,-0.001502350363408069,-0.083412401846429,-0.08393696482142833,0.02120480881448732,0.03180391765624031,
early_contraction,DOP853,wrong_model,0.0,0.0,0.0,0.1,0.0,-0.08341967594283947,-0.08341967594283947,0.02,0.03,0.0
early_contraction,DOP853,wrong_model,0.0021874999999999998,-0.00018248054092799985,-0.00018248377959415065,0.09999999042794101,-8.752395233898686e-06,-0.08341967567269928,-0.08342263736932551,0.020007300630369512,0.03001095083064763,-9.963914175650266e-13
early_contraction,DOP853,wrong_model,0.0043749999999999995,-0.0003649610806738517,-0.0003649740408560689,0.09999996170477729,-1.7509581642740758e-05,-0.08341967486193168,-0.08342560203961087,0.0200146040789726,0.03002190565858067,-3.986777888379825e-12
early_contraction,DOP853,wrong_model,0.006562499999999999,-0.0005474416180543635,-0.0005474707908850221,0.09999991382002699,-2.6271560287156012e-05,-0.08341967351001583,-0.08342856995685588,0.020021910346986485,0.03003286448518713,-8.972978399813473e-12
early_contraction,DOP853,wrong_model,0.008749999999999999,-0.0007299221518852033,-0.0007299740367871934,0.09999984676320592,-3.5038332227655325e-05,-0.08341967161643057,-0.08343154112422375,0.02002921943558889,0.03004382731185536,-1.5956812819449243e-11
early_contraction,DOP853,wrong_model,0.0109375,-0.0009124026809808993,-0.0009124837856756896,0.0999997605238276,-4.380989852463072e-05,-0.08341966918065427,-0.08343451554488054,0.020036531345958033,0.030054794139974084,-2.494010189475868e-11
early_contraction,DOP853,wrong_model,0.013124999999999998,-0.001094883204154837,-0.0010950000446705453,0.09999965509140323,-5.258626023835541e-05,-0.08341966620216498,-0.08343749322199522,0.02004384607927266,0.030065764970932378,-3.5924667252820875e-11
early_contraction,DOP853,wrong_model,0.015312499999999998,-0.001277363720219261,-0.0012775228208987313,0.09999953045544163,-6.13674184289839e-05,-0.08341966268044038,-0.08344047415873958,0.020051163636712013,0.030076739806119687,-4.891233140011343e-11
early_contraction,DOP853,wrong_model,0.017499999999999998,-0.0014598442279852722,-0.0014600521214941588,0.09999938660544938,-7.015337415655198e-05,-0.08341965861495769,-0.0834434583582883,0.020058484019455848,0.0300877186469258,-6.390491772240167e-11
early_contraction,DOP853,wrong_model,0.019687499999999997,-0.0016423247262628284,-0.0016425879535976878,0.09999922353093071,-7.894412848097688e-05,-0.08341965400519383,-0.083446445823819,0.020065807228684424,0.03009870149474089,-8.0904250484753e-11
early_contraction,DOP853,wrong_model,0.021875,-0.0018248052138607417,-0.0018251303243571318,0.09999904122138753,-8.773968246205725e-05,-0.08341964885062532,-0.08344943655851207,0.020073133265578514,0.030109688350955465,-9.991215483170252e-11
early_contraction,DOP853,wrong_model,0.024062499999999997,-0.002007285689586679,-0.002007679240927264,0.09999883966631942,-9.65400371594732e-05,-0.08341964315072825,-0.0834524305655509,0.020080462131319393,0.030120679216960412,-1.2093045678759678e-10
early_contraction,DOP853,wrong_model,0.026249999999999996,-0.002189766152247161,-0.002190234710469826,0.09999861885522367,-0.00010534519363278648,-0.08341963690497839,-0.08345542784812168,0.020087793827088852,0.030131674094146965,-1.439609832571425e-10
early_contraction,DOP853,wrong_model,0.028437499999999998,-0.002372246600647561,-0.0023727967401535304,0.09999837877759521,-0.00011415515294144044,-0.08341963011285108,-0.08345842840941355,0.020095128354069187,0.030142672983906726,-1.690055620261862e-10
early_contraction,DOP853,wrong_model,0.030624999999999996,-0.0025547270335921023,-0.002555365337154071,0.0999981194229267,-0.00012296991614476005,-0.08341962277382131,-0.08346143225261848,0.020102465713443204,0.03015367588763165,-1.96066021760792e-10
early_contraction,DOP853,wrong_model,0.032812499999999994,-0.0027372074498838625,-0.002737940508654127,0.09999784078070846,-0.00013178948430195216,-0.08341961488736367,-0.08346443938093139,0.020109805906394218,0.030164682806714055,-2.2514419200168753e-10
early_contraction,DOP853,wrong_model,0.034999999999999996,-0.0029196878483247687,-0.0029205222618433687,0.0999975428404285,-0.00014061385847210535,-0.08341960645295236,-0.08346744979755005,0.020117148934106054,0.03017569374254662,-2.562419031709514e-10
early_contraction,DOP853,wrong_model,0.0371875,-0.003102168227715596,-0.003103110603918465,0.0999972255915725,-0.00014944303971419016,-0.08341959747006121,-0.08347046350567516,0.02012449479776305,0.03018670869652238,-2.893609865707345e-10
early_contraction,DOP853,wrong_model,0.03937499999999999,-0.0032846485868559695,-0.003285705542083089,0.09999688902362382,-0.000158277029087059,-0.08341958793816366,-0.08347348050851033,0.020131843498550052,0.030197727670034733,-3.2450327438262266e-10
early_contraction,DOP853,wrong_model,0.041562499999999995,-0.003467128924544361,-0.0034683070835479267,0.09999653312606353,-0.00016711582764944636,-0.08341957785673275,-0.08347650080926203,0.020139195037652408,0.03020875066447743,-3.6167059966724963e-10
early_contraction,DOP853,wrong_model,0.04375,-0.00364960923957809,-0.0036509152355306803,0.09999615788837038,-0.0001759594364599688,-0.08341956722524116,-0.08347952441113968,0.02014654941625599,0.030219777681244585,-4.0086479636400517e-10
early_contraction,DOP853,wrong_model,0.04593749999999999,-0.00383208953075332,-0.003833530005256075,0.09999576330002077,-0.00018480785657712498,-0.08341955604316116,-0.08348255131735557,0.020153906635547173,0.030230808721730673,-4.4208769929087074e-10
early_contraction,DOP853,wrong_model,0.048124999999999994,-0.004014569796865064,-0.004016151399955868,0.09999534935048884,-0.00019366108905929588,-0.08341954430996465,-0.08348558153112494,0.020161266696712844,0.030241843787330525,-4.853411441444136e-10
early_contraction,DOP853,wrong_model,0.050312499999999996,-0.0041970500367071745,-0.004198779426868851,0.09999491602924636,-0.00020251913496474475,-0.08341953202512316,-0.08348861505566592,0.0201686296009404,0.03025288287943933,-5.306269674999695e-10
early_contraction,DOP853,wrong_model,0.05249999999999999,-0.004379530249072351,-0.00438141409324086,0.09999446332576281,-0.000211381995351617,-0.08341951918810779,-0.08349165189419955,0.020175995349417747,0.030263925999452636,-5.779470068120474e-10
early_contraction,DOP853,wrong_model,0.05468749999999999,-0.004562010432752133,-0.0045640554063247785,0.09999399122950536,-0.00022024967127794078,-0.08341950579838928,-0.08349469204994982,0.020183363943333307,0.030274973148766357,-6.27303100414986e-10
early_contraction,DOP853,wrong_model,0.056874999999999995,-0.004744490586536905,-0.004746703373380548,0.09999349972993887,-0.00022912216380162646,-0.08341949185543798,-0.08349773552614359,0.020190735383876012,0.03028602432877675,-6.786970875238932e-10
early_contraction,DOP853,wrong_model,0.0590625,-0.004926970709215888,-0.0049293580016751696,0.09999298881652585,-0.00023799947398046707,-0.08341947735872386,-0.08350078232601071,0.020198109672235304,0.030297079540880453,-7.321308082352041e-10
early_contraction,DOP853,wrong_model,0.06124999999999999,-0.005109450799577149,-0.005112019298482714,0.09999245847872655,-0.00024688160287213823,-0.08341946230771648,-0.08350383245278391,0.02020548680960114,0.030308138786474436,-7.876061035186843e-10
early_contraction,DOP853,wrong_model,0.0634375,-0.005291930856407588,-0.005294687271084327,0.09999190870599887,-0.0002557685515341985,-0.08341944670188504,-0.08350688590969885,0.020212866797163984,0.030319202066956052,-8.451248152232621e-10
early_contraction,DOP853,wrong_model,0.06562499999999999,-0.005474410878492949,-0.005477361926768236,0.09999133948779841,-0.0002646603210240889,-0.08341943054069832,-0.08350994269999412,0.020220249636114813,0.030330269383722994,-9.046887860775287e-10
early_contraction,DOP853,wrong_model,0.0678125,-0.005656890864617811,-0.005660043272829755,0.09999075081357844,-0.00027355691239913345,-0.08341941382362475,-0.08351300282691129,0.020227635327645124,0.030341340738173322,-9.662998596886118e-10
early_contraction,DOP853,wrong_model,0.06999999999999999,-0.005839370813565587,-0.005842731316571292,0.09999014267278994,-0.0002824583267165391,-0.08341939655013232,-0.0835160662936948,0.020235023872946914,0.030352416131705452,-1.029959880542259e-09
early_contraction,DOP853,wrong_model,0.07218749999999999,-0.00602185072411853,-0.006025426065302356,0.09998951505488156,-0.00029136456503339573,-0.08341937871968869,-0.08351913310359209,0.0202424152732127,0.03036349556571816,-1.0956706940028922e-09
early_contraction,DOP853,wrong_model,0.074375,-0.006204330595057729,-0.006208127526339565,0.09998886794929965,-0.0003002756284066765,-0.08341936033176107,-0.08352220325985349,0.020249809529635513,0.03037457904161058,-1.163434146313619e-09
early_contraction,DOP853,wrong_model,0.07656249999999999,-0.0063868104251631,-0.006390835707006645,0.09998820134548823,-0.0003091915178932373,-0.08341934138581635,-0.08352527676573229,0.020257206643408895,0.030385666560782197,-1.2332520845961863e-09
early_contraction,DOP853,wrong_model,0.07874999999999999,-0.0065692902132133985,-0.0065735506146344476,0.09998751523288905,-0.00031811223454981756,-0.08341932188132094,-0.08352835362448474,0.0202646066157269,0.030396758124632862,-1.3051263568508729e-09
early_contraction,DOP853,wrong_model,0.0809375,-0.006751769957986214,-0.006756272256560948,0.0999868096009415,-0.0003270377794330401,-0.08341930181774093,-0.08353143383937005,0.020272009447784095,0.03040785373456278,-1.3790588119562988e-09
early_contraction,DOP853,wrong_model,0.08312499999999999,-0.006934249658257959,-0.006939000640131251,0.09998608443908268,-0.0003359681535994106,-0.083419281194542,-0.08353451741365034,0.020279415140775563,0.03041895339197252,-1.4550512996691425e-09
early_contraction,DOP853,wrong_model,0.08531249999999999,-0.0071167293128038865,-0.007121735772697606,0.09998533973674738,-0.0003449033581053188,-0.08341926001118943,-0.0835376043505907,0.0202868236958969,0.03043005709826299,-1.5331056706237633e-09
early_contraction,DOP853,wrong_model,0.0875,-0.007299208920398076,-0.007304477661619408,0.09998457548336807,-0.00035384339400703767,-0.08341923826714813,-0.0835406946534592,0.020294235114344215,0.03044116485483548,-1.6132237763317049e-09
early_contraction,DOP853,wrong_model,0.08968749999999999,-0.007481688479813433,-0.007487226314263198,0.09998379166837494,-0.00036278826236072365,-0.08341921596188258,-0.08354378832552686,0.02030164939731413,0.03045227666309162,-1.695407469183627e-09
early_contraction,DOP853,wrong_model,0.09187499999999998,-0.007664167989821695,-0.007669981738002682,0.09998298828119581,-0.00037173796422241716,-0.0834191930948569,-0.08354688537006763,0.020309066546003784,0.030463392524433402,-1.7796586024492022e-09
early_contraction,DOP853,wrong_model,0.0940625,-0.007846647449193424,-0.007852743940218728,0.09998216531125627,-0.0003806925006480422,-0.0834191696655348,-0.08354998579035847,0.02031648656161083,0.03047451244026318,-1.86597903027548e-09
early_contraction,DOP853,wrong_model,0.09624999999999999,-0.00802912685669801,-0.008035512928299373,0.09998132274797951,-0.0003896518726934066,-0.08341914567337962,-0.08355308958967927,0.020323909445333427,0.03048563641198366,-1.9543706076877946e-09
early_contraction,DOP853,wrong_model,0.09843749999999998,-0.008211606211103669,-0.00821828870963984,0.09998046058078648,-0.0003986160814142022,-0.08341912111785427,-0.08355619677131293,0.020331335198370267,0.0304967644409979,-2.0448351905893877e-09
early_contraction,DOP853,wrong_model,0.10062499999999999,-0.00839408551117744,-0.00840107129164253,0.09997957879909582,-0.00040758512786600486,-0.08341909599842129,-0.08355930733854527,0.020338763821920545,0.03050789652870933,-2.1373746357610824e-09
early_contraction,DOP853,wrong_model,0.10281249999999999,-0.008576564755685186,-0.008583860681717037,0.09997867739232379,-0.00041655901310427433,-0.08341907031454283,-0.08356242129466512,0.020346195317183964,0.030519032676521722,-2.2319908008610397e-09
early_contraction,DOP853,wrong_model,0.10499999999999998,-0.008759043943391597,-0.008766656887280153,0.09997775634988443,-0.00042553773818435476,-0.08341904406568065,-0.08356553864296429,0.020353629685360756,0.030530172885839212,-2.3286855444246335e-09
early_contraction,DOP853,wrong_model,0.10718749999999999,-0.00894152307306018,-0.008949459915755874,0.09997681566118942,-0.00043452130416147443,-0.08341901725129608,-0.08356865938673753,0.020361066927651664,0.03054131715806629,-2.427460725864467e-09
early_contraction,DOP853,wrong_model,0.10937499999999999,-0.009124002143453264,-0.009132269774575402,0.09997585531564813,-0.00044350971209074593,-0.08341898987085009,-0.08357178352928263,0.020368507045257944,0.030552465494607807,-2.5283182054705574e-09
early_contraction,DOP853,wrong_model,0.1115625,-0.009306481153332002,-0.009315086471177167,0.09997487530266766,-0.00045250296302716634,-0.08341896192380324,-0.08357491107390033,0.02037595003938137,0.030563617896868962,-2.6312598444107284e-09
early_contraction,DOP853,wrong_model,0.11374999999999999,-0.009488960101456364,-0.009497910013006807,0.09997387561165276,-0.00046150105802561715,-0.0834189334096157,-0.08357804202389436,0.02038339591122423,0.03057477436625532,-2.7362875047312236e-09
early_contraction,DOP853,wrong_model,0.11593749999999999,-0.009671438986585137,-0.009680740407517204,0.0999728562320059,-0.0004705039981408644,-0.08341890432774725,-0.08358117638257144,0.02039084466198933,0.030585934904172798,-2.8434030493575913e-09
early_contraction,DOP853,wrong_model,0.118125,-0.00985391780747593,-0.00986357766216847,0.09997181715312722,-0.00047951178442755894,-0.08341887467765725,-0.08358431415324129,0.020398296292879994,0.030597099512027666,-2.9526083420934376e-09
early_contraction,DOP853,wrong_model,0.12031249999999999,-0.010036396562885165,-0.010046421784427962,0.09997075836441459,-0.0004885244179402363,-0.0834188444588047,-0.0835874553392166,0.02040575080510006,0.030608268191226553,-3.0639052476141776e-09
early_contraction,DOP853,wrong_model,0.12249999999999998,-0.010218875251568081,-0.010229272781770287,0.09996967985526353,-0.0004975418997333168,-0.08341881367064814,-0.08359059994381313,0.020413208199853882,0.030619440943176444,-3.177295631474699e-09
early_contraction,DOP853,wrong_model,0.12468749999999999,-0.010401353872278737,-0.010412130661677309,0.09996858161506729,-0.0005065642308611058,-0.08341878231264581,-0.08359374797034953,0.02042066847834633,0.030630617769284683,-3.292781360107172e-09
early_contraction,DOP853,wrong_model,0.126875,-0.010583832423769998,-0.010594995431638153,0.09996746363321678,-0.0005155914123777936,-0.08341875038425546,-0.08359689942214756,0.0204281316417828,0.030641798670958967,-3.4103643008207583e-09
early_contraction,DOP853,wrong_model,0.1290625,-0.010766310904793549,-0.010777867099149217,0.09996632589910062,-0.0005246234453374556,-0.08341871788493449,-0.0836000543025319,0.020435597691369187,0.030652983649607345,-3.5300463218015712e-09
early_contraction,DOP853,wrong_model,0.13124999999999998,-0.010948789314099884,-0.010960745671714168,0.09996516840210515,-0.0005336603307940523,-0.08341868481413989,-0.0836032126148303,0.020443066628311926,0.03066417270663823,-3.6518292921126058e-09
early_contraction,DOP853,wrong_model,0.1334375,-0.011131267650438313,-0.011143631156843964,0.09996399113161435,-0.0005427020698014298,-0.08341865117132825,-0.08360637436237348,0.020450538453817953,0.03067536584346038,-3.775715081693678e-09
early_contraction,DOP853,wrong_model,0.135625,-0.011313745912556954,-0.011326523562056849,0.09996279407700995,-0.0005517486634133192,-0.08341861695595579,-0.08360953954849519,0.020458013169094725,0.03068656306148292,-3.901705561361339e-09
early_contraction,DOP853,wrong_model,0.13781249999999998,-0.011496224099202732,-0.011509422894878359,0.09996157722767134,-0.0005608001126833372,-0.08341858216747826,-0.08361270817653221,0.02046549077535022,0.03069776436211532,-4.029802602808807e-09
early_contraction,DOP853,wrong_model,0.13999999999999999,-0.011678702209121386,-0.01169232916284134,0.0999603405729756,-0.0005698564186649861,-0.08341854680535109,-0.08361588024982433,0.020472971273792936,0.030708969746767414,-4.1600080786059e-09
early_contraction,DOP853,wrong_model,0.1421875,-0.011861180241057463,-0.011875242373485943,0.09995908410229755,-0.000578917582411654,-0.08341851086902925,-0.08361905577171433,0.020480454665631885,0.030720179216849382,-4.292323862198962e-09
early_contraction,DOP853,wrong_model,0.14437499999999998,-0.01204365819375431,-0.01205816253435963,0.09995780780500967,-0.0005879836049766141,-0.08341847435796736,-0.08362223474554804,0.020487940952076594,0.030731392773771772,-4.426751827910827e-09
early_contraction,DOP853,wrong_model,0.14656249999999998,-0.012226136065954091,-0.012241089653017198,0.09995651167048213,-0.0005970544874130262,-0.0834184372716196,-0.08362541717467435,0.02049543013433712,0.030742610418945472,-4.563293850940756e-09
early_contraction,DOP853,wrong_model,0.14875,-0.01240861385639777,-0.012424023737020761,0.09995519568808281,-0.0006061302307739356,-0.08341839960943977,-0.0836286030624451,0.020502922213624028,0.030753832153781736,-4.701951807364076e-09
early_contraction,DOP853,wrong_model,0.15093749999999997,-0.012591091563825112,-0.01260696479393977,0.09995385984717729,-0.0006152108361122736,-0.08341836137088125,-0.08363179241221524,0.020510417191148406,0.030765057979692166,-4.842727574132413e-09
early_contraction,DOP853,wrong_model,0.15312499999999998,-0.012773569186974698,-0.012789912831351023,0.09995250413712886,-0.0006242963044808579,-0.08341832255539704,-0.0836349852273427,0.020517915068121863,0.030776287898088724,-4.9856230290736736e-09
early_contraction,DOP853,wrong_model,0.1553125,-0.0129560467245839,-0.012972867856838668,0.09995112854729847,-0.0006333866369323921,-0.08341828316243972,-0.08363818151118846,0.020525415845756526,0.030787521910383725,-5.130640050891851e-09
early_contraction,DOP853,wrong_model,0.15749999999999997,-0.013138524175388896,-0.013155829877994199,0.09994973306704479,-0.0006424818345194661,-0.0834182431914615,-0.08364138126711657,0.020532919525265036,0.030798760017989837,-5.277780519166894e-09
early_contraction,DOP853,wrong_model,0.15968749999999998,-0.013321001538124669,-0.013338798902416484,0.09994831768572418,-0.0006515818982945566,-0.08341820264191414,-0.08364458449849409,0.020540426107860565,0.030810002222320085,-5.427046314354579e-09
early_contraction,DOP853,wrong_model,0.161875,-0.013503478811525,-0.013521774937711752,0.09994688239269071,-0.0006606868293100263,-0.08341816151324903,-0.08364779120869112,0.020547935594756792,0.03082124852478784,-5.578439317786395e-09
early_contraction,DOP853,wrong_model,0.16406249999999997,-0.01368595599432246,-0.013704757991493607,0.09994542717729615,-0.0006697966286181246,-0.08341811980491716,-0.08365100140108082,0.020555447987167928,0.030832498926806843,-5.7319614116694635e-09
early_contraction,DOP853,wrong_model,0.16624999999999998,-0.013868433085248438,-0.013887748071383042,0.09994395202888995,-0.000678911297270988,-0.08341807751636908,-0.08365421507903942,0.0205629632863087,0.030843753429791173,-5.8876144790864975e-09
early_contraction,DOP853,wrong_model,0.1684375,-0.014050910083033103,-0.014070745185008433,0.09994245693681926,-0.0006880308363206393,-0.08341803464705498,-0.08365743224594617,0.020570481493394344,0.030855012035155276,-6.045400403995793e-09
early_contraction,DOP853,wrong_model,0.17062499999999997,-0.014233386986405427,-0.014253749340005548,0.09994094189042894,-0.0006971552468189882,-0.08341799119642462,-0.08366065290518339,0.020578002609640638,0.03086627474431394,-6.205321071231282e-09
early_contraction,DOP853,wrong_model,0.17281249999999998,-0.014415863794093183,-0.014436760544017569,0.09993940687906157,-0.0007062845298178317,-0.08341794716392736,-0.08366387706013645,0.02058552663626386,0.030877541558682317,-6.367378366502659e-09
early_contraction,DOP853,wrong_model,0.175,-0.014598340504822931,-0.014619778804695076,0.09993785189205737,-0.0007154186863688538,-0.08341790254901217,-0.08366710471419378,0.020593053574480828,0.030888812479675908,-6.531574176395557e-09
early_contraction,DOP853,wrong_model,0.17718749999999997,-0.014780817117320029,-0.014802804129696067,0.0999362769187543,-0.0007245577175236254,-0.0834178573511276,-0.0836703358707469,0.020600583425508863,0.030900087508710566,-6.6979103883702776e-09
early_contraction,DOP853,wrong_model,0.17937499999999998,-0.01496329363030863,-0.014985836526685972,0.09993468194848804,-0.0007337016243336051,-0.08341781156972176,-0.08367357053319036,0.020608116190565816,0.030911366647202503,-6.866388890761539e-09
early_contraction,DOP853,wrong_model,0.1815625,-0.015145770042511676,-0.015168876003337632,0.09993306697059191,-0.0007428504078501387,-0.08341776520424245,-0.08367680870492179,0.020615651870870066,0.030922649896568278,-7.037011572779772e-09
early_contraction,DOP853,wrong_model,0.18374999999999997,-0.0153282463526509,-0.015351922567331337,0.099931431974397,-0.0007520040691244593,-0.08341771825413696,-0.08368005038934191,0.0206231904676405,0.030933937258224808,-7.209780324510448e-09
early_contraction,DOP853,wrong_model,0.18593749999999998,-0.01551072255944683,-0.01553497622635482,0.09992977694923202,-0.000761162609207688,-0.08341767071885225,-0.08368329558985449,0.020630731982096532,0.030945228733589365,-7.384697036913946e-09
early_contraction,DOP853,wrong_model,0.188125,-0.015693198661618783,-0.015718036988103253,0.09992810188442347,-0.0007703260291508333,-0.08341762259783482,-0.08368654430986638,0.020638276415458106,0.030956524324079568,-7.561763601825408e-09
early_contraction,DOP853,wrong_model,0.19031249999999997,-0.015875674657884857,-0.01590110486027927,0.0999264067692955,-0.0007794943300047914,-0.08341757389053078,-0.08368979655278752,0.020645823768945675,0.03096782403111339,-7.740981911954598e-09
early_contraction,DOP853,wrong_model,0.19249999999999998,-0.016058150546961948,-0.016084179850592975,0.09992469159316994,-0.0007886675128203471,-0.08341752459638585,-0.0836930523220309,0.020653374043780225,0.030979127856109165,-7.922353860885807e-09
early_contraction,DOP853,wrong_model,0.19468749999999999,-0.016240626327565736,-0.01626726196676193,0.09992295634536638,-0.0007978455786481724,-0.08341747471484533,-0.08369631162101267,0.020660927241183256,0.03099043580048557,-8.105881343077752e-09
early_contraction,DOP853,wrong_model,0.19687499999999997,-0.016423101998410683,-0.01645035121651117,0.09992120101520206,-0.0008070285285388276,-0.0834174242453541,-0.08369957445315197,0.0206684833623768,0.03100174786566164,-8.291566253863561e-09
early_contraction,DOP853,wrong_model,0.19906249999999998,-0.01660557755821004,-0.016633447607573223,0.09991942559199196,-0.0008162163635427617,-0.08341737318735666,-0.08370284082187109,0.020676042408583402,0.03101306405305676,-8.479410489450826e-09
early_contraction,DOP853,wrong_model,0.20124999999999998,-0.016788053005675842,-0.016816551147688107,0.09991763006504874,-0.0008254090847103116,-0.08341732154029706,-0.0837061107305954,0.020683604381026136,0.03102438436409067,-8.669415946921698e-09
early_contraction,DOP853,wrong_model,0.20343749999999997,-0.016970528339518908,-0.01699966184460333,0.09991581442368276,-0.0008346066930917027,-0.08341726930361898,-0.08370938418275337,0.0206911692809286,0.031035708800183463,-8.861584524233113e-09
early_contraction,DOP853,wrong_model,0.20562499999999997,-0.01715300355844884,-0.01718277970607391,0.0999139786572021,-0.0008438091897370491,-0.08341721647676567,-0.08371266118177656,0.02069873710951491,0.03104703736275558,-9.055918120216467e-09
early_contraction,DOP853,wrong_model,0.20781249999999998,-0.017335478661174016,-0.017365904739862364,0.09991212275491253,-0.0008530165756963536,-0.08341716305917998,-0.08371594173109961,0.020706307868009706,0.031058370053227816,-9.252418634575528e-09
early_contraction,DOP853,wrong_model,0.20999999999999996,-0.0175179536464016,-0.017549036953738734,0.09991024670611753,-0.0008622288520195074,-0.08341710905030433,-0.0837192258341603,0.02071388155763816,0.031069706873021324,-9.451087967888483e-09
early_contraction,DOP853,wrong_model,0.21218749999999997,-0.017700428512837544,-0.017732176355480588,0.09990835050011829,-0.0008714460197562911,-0.08341705444958075,-0.08372251349439952,0.02072145817962596,0.031081047823557605,-9.651928021607567e-09
early_contraction,DOP853,wrong_model,0.21437499999999998,-0.017882903259186556,-0.01791532295287302,0.09990643412621368,-0.0008806680799563739,-0.08341699925645087,-0.08372580471526121,0.02072903773519932,0.031092392906258502,-9.85494069805877e-09
early_contraction,DOP853,wrong_model,0.2165625,-0.018065377884152144,-0.018098476753708657,0.0999044975737003,-0.0008898950336693143,-0.08341694347035587,-0.08372909950019249,0.02073662022558498,0.031103742122546227,-1.006012790044166e-08
early_contraction,DOP853,wrong_model,0.21874999999999997,-0.018247852386436583,-0.018281637765787676,0.09990254083187243,-0.00089912688194456,-0.08341688709073655,-0.08373239785264354,0.0207442056520102,0.031115095473843335,-1.0267491532829255e-08
early_contraction,DOP853,wrong_model,0.22093749999999998,-0.01843032676474093,-0.018464805996917806,0.09990056389002207,-0.0009083636258314481,-0.08341683011703328,-0.08373569977606769,0.020751794015702766,0.03112645296157273,-1.0477033500167927e-08
early_contraction,DOP853,wrong_model,0.223125,-0.01861280101776501,-0.01864798145491433,0.09989856673743894,-0.0009176052663792049,-0.08341677254868604,-0.08373900527392138,0.020759385317890997,0.031137814587157673,-1.0688755708277322e-08
early_contraction,DOP853,wrong_model,0.22531249999999997,-0.018795275144207427,-0.01883116414760009,0.09989654936341041,-0.0009268518046369464,-0.08341671438513437,-0.08374231434966417,0.020766979559803722,0.031149180352021775,-1.0902660063850314e-08
early_contraction,DOP853,wrong_model,0.22749999999999998,-0.018977749142765562,-0.019014354082805513,0.09989451175722164,-0.0009361032416536786,-0.08341665562581742,-0.08374562700675875,0.020774576742670307,0.031160550257588997,-1.1118748474452983e-08
early_contraction,DOP853,wrong_model,0.2296875,-0.01916022301213556,-0.01919755126836859,0.0998924539081554,-0.0009453595784782967,-0.0834165962701739,-0.08374894324867092,0.02078217686772064,0.031171924305283653,-1.1337022848524577e-08
early_contraction,DOP853,wrong_model,0.23187499999999997,-0.019342696751012342,-0.019380755712134906,0.09989037580549225,-0.0009546208161595862,-0.08341653631764216,-0.08375226307886964,0.02078977993618513,0.031183302496530403,-1.15574850953775e-08
early_contraction,DOP853,wrong_model,0.23406249999999998,-0.0195251703580896,-0.019563967421957637,0.0998882774385104,-0.0009638869557462227,-0.08341647576766006,-0.08375558650082697,0.02079738594929472,0.03119468483275427,-1.1780137125197236e-08
early_contraction,DOP853,wrong_model,0.23625,-0.019707643832059803,-0.019747186405697552,0.0998861587964858,-0.0009731579982867716,-0.0834164146196651,-0.08375891351801812,0.020804994908280874,0.03120607131538061,-1.2004980849041407e-08
early_contraction,DOP853,wrong_model,0.23843749999999997,-0.019890117171614173,-0.019930412671223027,0.09988401986869207,-0.0009824339448296887,-0.08341635287309436,-0.08376224413392144,0.020812606814375575,0.03121746194583514,-1.2232018178840105e-08
early_contraction,DOP853,wrong_model,0.24062499999999998,-0.020072590375442716,-0.020113646226410056,0.09988186064440056,-0.0009917147964233206,-0.08341629052738449,-0.08376557835201844,0.02082022166881135,0.03122885672554394,-1.2461251027396194e-08
early_contraction,DOP853,wrong_model,0.2428125,-0.020255063442234197,-0.020296887079142248,0.09987968111288034,-0.0010010005541159035,-0.08341622758197173,-0.08376891617579371,0.02082783947282123,0.031240255655933413,-1.269268130838506e-08
early_contraction,DOP853,wrong_model,0.24499999999999997,-0.02043753637067615,-0.020480135237310838,0.09987748126339817,-0.0010102912189555652,-0.08341616403629189,-0.08377225760873507,0.020835460227638793,0.03125165873843034,-1.2926310936354448e-08
early_contraction,DOP853,wrong_model,0.24718749999999998,-0.020620009159454868,-0.020663390708814695,0.09987526108521852,-0.0010195867919903236,-0.0834160998897804,-0.08377560265433343,0.02084308393449813,0.03126306597446182,-1.3162141826724268e-08
early_contraction,DOP853,wrong_model,0.24937499999999999,-0.02080248180725542,-0.020846653501560324,0.09987302056760355,-0.0010288872742680879,-0.08341603514187224,-0.08377895131608286,0.020850710594633868,0.03127447736545535,-1.3400175895786414e-08
early_contraction,DOP853,wrong_model,0.25156249999999997,-0.02098495431276163,-0.021029923623461882,0.09987075969981318,-0.0010381926668366576,-0.08341596979200198,-0.08378230359748061,0.02085834020928115,0.03128589291283873,-1.364041506070462e-08
early_contraction,DOP853,wrong_model,0.25375,-0.021167426674656084,-0.02121320108244118,0.09986847847110496,-0.0010475029707437242,-0.0834159038396038,-0.08378565950202706,0.020865972779675657,0.031297312618040134,-1.3882861239514381e-08
early_contraction,DOP853,wrong_model,0.2559375,-0.02134989889162014,-0.021396485886427688,0.09986617687073422,-0.0010568181870368697,-0.08341583728411144,-0.08378901903322576,0.020873608307053593,0.031308736482488074,-1.4127516351122922e-08
early_contraction,DOP853,wrong_model,0.258125,-0.021532370962333906,-0.021579778043358536,0.09986385488795396,-0.001066138316763568,-0.0834157701249582,-0.08379238219458345,0.020881246792651686,0.03132016450761143,-1.4374382315309268e-08
early_contraction,DOP853,wrong_model,0.26031249999999995,-0.021714842885476246,-0.021763077561178536,0.0998615125120149,-0.0010754633609711835,-0.083415702361577,-0.08379574898960997,0.0208888882377072,0.03133159669483941,-1.4623461052724414e-08
early_contraction,DOP853,wrong_model,0.26249999999999996,-0.021897314659724804,-0.021946384447840188,0.09985914973216548,-0.0010847933207069741,-0.08341563399340031,-0.08379911942181838,0.020896532643457914,0.0313430330456016,-1.4874754484891657e-08
early_contraction,DOP853,wrong_model,0.26468749999999996,-0.022079786283755964,-0.02212969871130367,0.09985676653765181,-0.0010941281970180876,-0.08341556501986022,-0.08380249349472489,0.020904180011142155,0.031354473561327895,-1.512826453420486e-08
early_contraction,DOP853,wrong_model,0.266875,-0.02226225775624487,-0.022313020359536855,0.09985436291771775,-0.0011034679909515642,-0.08341549544038838,-0.08380587121184892,0.020911830341998755,0.03136591824344857,-1.5383993123928423e-08
early_contraction,DOP853,wrong_model,0.2690625,-0.022444729075865425,-0.022496349400515318,0.09985193886160487,-0.0011128127035543367,-0.083415425254416,-0.08380925257671301,0.020919483637267096,0.03137736709339425,-1.564194217819808e-08
early_contraction,DOP853,wrong_model,0.27125,-0.022627200241290286,-0.022679685842222352,0.09984949435855241,-0.0011221623358732289,-0.08341535446137391,-0.08381263759284291,0.020927139898187067,0.03138882011259589,-1.5902113622019957e-08
early_contraction,DOP853,wrong_model,0.27343749999999994,-0.02280967125119086,-0.022863029692648956,0.09984702939779737,-0.0011315168889549576,-0.08341528306069249,-0.08381602626376755,0.020934799125999107,0.031400277302484805,-1.6164509381270942e-08
early_contraction,DOP853,wrong_model,0.27562499999999995,-0.022992142104237324,-0.02304638095979386,0.09984454396857441,-0.0011408763638461321,-0.08341521105180169,-0.08381941859301904,0.020942461321944168,0.031411738664492664,-1.6429131382699097e-08
early_contraction,DOP853,wrong_model,0.27781249999999996,-0.02317461279909859,-0.023229739651663524,0.09984203806011596,-0.001150240761593254,-0.08341513843413109,-0.0838228145841327,0.020950126487263736,0.03142320420005147,-1.6695981553923863e-08
early_contraction,DOP853,wrong_model,0.27999999999999997,-0.02335708333444233,-0.023413105776272133,0.0998395116616521,-0.0011596100832427171,-0.0834150652071098,-0.08382621424064697,0.020957794623199834,0.0314346739105936,-1.6965061823436204e-08
early_contraction,DOP853,wrong_model,0.2821875,-0.023539553708934964,-0.023596479341641625,0.09983696476241066,-0.0011689843298408086,-0.08341499137016653,-0.08382961756610359,0.020965465730995,0.03144614779755175,-1.7236374120598364e-08
early_contraction,DOP853,wrong_model,0.284375,-0.023722023921241658,-0.023779860355801694,0.09983439735161717,-0.0011783635024337083,-0.08341491692272955,-0.0838330245640474,0.020973139811892316,0.03145762586235897,-1.7509920375643307e-08
early_contraction,DOP853,wrong_model,0.2865625,-0.023904493970026336,-0.02396324882678978,0.09983180941849489,-0.0011877476020674888,-0.08341484186422675,-0.08383643523802647,0.02098081686713538,0.031469108106448686,-1.7785702519673628e-08
early_contraction,DOP853,wrong_model,0.28874999999999995,-0.024086963853951662,-0.02414664476265109,0.09982920095226473,-0.001197136629788116,-0.08341476619408554,-0.08383984959159212,0.02098849689796833,0.03148059453125464,-1.806372248465993e-08
early_contraction,DOP853,wrong_model,0.29093749999999996,-0.024269433571679055,-0.024330048171438617,0.09982657194214539,-0.0012065305866414498,-0.08341468991173294,-0.08384326762829879,0.020996179905635834,0.03149208513821094,-1.8343982203438523e-08
early_contraction,DOP853,wrong_model,0.29312499999999997,-0.024451903121868672,-0.024513459061213116,0.09982392237735326,-0.0012159294736732423,-0.08341461301659556,-0.08384668935170417,0.021003865891383085,0.03150357992875203,-1.8626483609713558e-08
early_contraction,DOP853,wrong_model,0.2953125,-0.02463437250317942,-0.024696877440043136,0.0998212522471024,-0.00122533329192914,-0.08341453550809956,-0.08385011476536917,0.021011554856455807,0.03151507890431271,-1.891122863807068e-08
early_contraction,DOP853,wrong_model,0.2975,-0.02481684171426895,-0.02488030331600502,0.09981856154060462,-0.0012347420424546828,-0.08341445738567067,-0.08385354387285791,0.021019246802100256,0.031526582066328135,-1.919821922396046e-08
early_contraction,DOP853,wrong_model,0.2996875,-0.024999310753793653,-0.025063736697182905,0.09981585024706945,-0.0012441557262953043,-0.08341437864873422,-0.08385697667773769,0.021026941729563223,0.03153808941623378,-1.9487457303702434e-08
early_contraction,DOP853,wrong_model,0.30187499999999995,-0.02518177962040866,-0.025247177591668734,0.0998131183557041,-0.0012535743444963326,-0.08341429929671511,-0.08386041318357906,0.021034639640092025,0.03154960095546551,-1.9778944814485438e-08
early_contraction,DOP853,wrong_model,0.30406249999999996,-0.02536424831276786,-0.025430626007562282,0.09981036585571354,-0.0012629978981029894,-0.08341421932903781,-0.08386385339395577,0.02104234053493451,0.031561116685459495,-2.007268369436746e-08
early_contraction,DOP853,wrong_model,0.30624999999999997,-0.025546716829523863,-0.025614081952971123,0.09980759273630041,-0.0012724263881603909,-0.08341413874512636,-0.08386729731244484,0.02105004441533906,0.03157263660765228,-2.0368675882275425e-08
early_contraction,DOP853,wrong_model,0.3084375,-0.025729185169328032,-0.02579754543601067,0.09980479898666508,-0.0012818598157135475,-0.08341405754440437,-0.08387074494262645,0.021057751282554583,0.03158416072348074,-2.066692331800511e-08
early_contraction,DOP853,wrong_model,0.310625,-0.025911653330830457,-0.02598101646480417,0.09980198459600564,-0.0012912981818073643,-0.08341397572629505,-0.08387419628808403,0.02106546113783053,0.03159568903438211,-2.0967427942221043e-08
early_contraction,DOP853,wrong_model,0.3128125,-0.026094121312679977,-0.02616449504748271,0.09979914955351789,-0.001300741487486641,-0.08341389329022117,-0.08387765135240428,0.02107317398241687,0.031607221541793976,-2.1270191696456422e-08
early_contraction,DOP853,wrong_model,0.31499999999999995,-0.02627658911352415,-0.026347981192185226,0.09979629384839533,-0.0013101897337960714,-0.08341381023560504,-0.0838811101391771,0.021080889817564116,0.031618758247154245,-2.157521652311314e-08
early_contraction,DOP853,wrong_model,0.31718749999999996,-0.026459056732009305,-0.026531474907058518,0.09979341746982923,-0.001319642921780246,-0.0834137265618686,-0.08388457265199561,0.021088608644523305,0.0316302991519012,-2.1882504365461807e-08
early_contraction,DOP853,wrong_model,0.31937499999999996,-0.026641524166780468,-0.026714976200257243,0.09979052040700849,-0.0013291010524836488,-0.08341364226843333,-0.08388803889445623,0.02109633046454601,0.031641844257473455,-2.2192057167641822e-08
early_contraction,DOP853,wrong_model,0.3215625,-0.026823991416481417,-0.026898485079943923,0.09978760264911977,-0.0013385641269506594,-0.08341355735472027,-0.08389150887015855,0.021104055278884336,0.03165339356530997,-2.2503876874661363e-08
early_contraction,DOP853,wrong_model,0.32375,-0.02700645847975466,-0.02708200155428897,0.09978466418534748,-0.0013480321462255532,-0.08341347182015006,-0.08389498258270546,0.021111783088790918,0.03166494707685005,-2.281796543239515e-08
early_contraction,DOP853,wrong_model,0.3259375,-0.027188925355241443,-0.027265525631470673,0.0997817050048737,-0.0013575051113525007,-0.08341338566414291,-0.08389846003570309,0.02111951389551893,0.03167650479353337,-2.3134324787586026e-08
early_contraction,DOP853,wrong_model,0.32812499999999994,-0.027371392041581726,-0.02744905731967521,0.09977872509687821,-0.001366983023375568,-0.08341329888611859,-0.08390194123276078,0.02112724770032207,0.03168806671679992,-2.345295688784498e-08
early_contraction,DOP853,wrong_model,0.33031249999999995,-0.027553858537414228,-0.027632596627096672,0.09977572445053855,-0.0013764658833387176,-0.08341321148549642,-0.08390542617749118,0.02113498450445458,0.03169963284809005,-2.377386368165073e-08
early_contraction,DOP853,wrong_model,0.33249999999999996,-0.02773632484137637,-0.027816143561937047,0.09977270305502997,-0.0013859536922858071,-0.08341312346169533,-0.08390891487351017,0.02114272430917123,0.03171120318884445,-2.4097047118349524e-08
early_contraction,DOP853,wrong_model,0.33468749999999997,-0.027918790952104318,-0.027999698132406232,0.09976966089952541,-0.0013954464512605912,-0.0834130348141338,-0.08391240732443689,0.02115046711572732,0.031722777740504166,-2.4422509148154985e-08
early_contraction,DOP853,wrong_model,0.336875,-0.028101256868232956,-0.028183260346722052,0.09976659797319555,-0.0014049441613067197,-0.08341294554222987,-0.08391590353389373,0.02115821292537869,0.03173435650451058,-2.4750251722147962e-08
early_contraction,DOP853,wrong_model,0.3390625,-0.028283722588395902,-0.028366830213110258,0.09976351426520877,-0.00141444682346774,-0.08341285564540117,-0.08391940350550638,0.02116596173938171,0.031745939482305426,-2.5080276792276356e-08
early_contraction,DOP853,wrong_model,0.34124999999999994,-0.028466188111225487,-0.028550407739804527,0.09976040976473119,-0.0014239544387870946,-0.08341276512306489,-0.08392290724290376,0.021173713558993282,0.03175752667533077,-2.5412586311355e-08
early_contraction,DOP853,wrong_model,0.34343749999999995,-0.028648653435352785,-0.02873399293504649,0.09975728446092663,-0.0014334670083081243,-0.0834126739746378,-0.0839264147497181,0.02118146838547085,0.03176911808502905,-2.574718223306558e-08
early_contraction,DOP853,wrong_model,0.34562499999999996,-0.02883111855940758,-0.028917585807085727,0.09975413834295664,-0.0014429845330740658,-0.08341258219953619,-0.08392992602958485,0.02118922622007239,0.03178071371284302,-2.608406651195657e-08
early_contraction,DOP853,wrong_model,0.34781249999999997,-0.029013583482018383,-0.029101186364179767,0.09975097139998047,-0.0014525070141280527,-0.083412489797176,-0.0839334410861428,0.021196987064056406,0.03179231356021581,-2.642324110344325e-08
early_contraction,DOP853,wrong_model,0.35,-0.029196048201812427,-0.0292847946145941,0.09974778362115512,-0.0014620344525131165,-0.08341239676697265,-0.08393695992303399,0.02120475091868194,0.03180391762859085,-2.6764707963807796e-08
