index,s,value_lower,value_upper
0,0,1/4,1/4
1,1/32,7287640730063971386604870145973/32000000000000000000000000000000,7287640730063971386604870145981/32000000000000000000000000000000
2,1/16,1661300850210629908841785825291/8000000000000000000000000000000,1661300850210629908841785825297/8000000000000000000000000000000
3,3/32,189541624466208414796483184947/1000000000000000000000000000000,3032665991459334636743730959169/16000000000000000000000000000000
4,1/8,5541494003849418836092728686111/32000000000000000000000000000000,5541494003849418836092728686159/32000000000000000000000000000000
5,5/32,79185667917290367635580081483/500000000000000000000000000000,5067882746706583528677125214969/32000000000000000000000000000000
6,3/16,4639331693242737394841231376761/32000000000000000000000000000000,4639331693242737394841231376827/32000000000000000000000000000000
7,7/32,850247922107538365151884164149/6400000000000000000000000000000,2125619805268845912879710410409/16000000000000000000000000000000
8,1/4,1949752448188841605699167499629/16000000000000000000000000000000,3899504896377683211398334999333/32000000000000000000000000000000
9,9/32,1790233992537453376030168932367/16000000000000000000000000000000,223779249067181672003771116551/2000000000000000000000000000000
10,5/16,1645430388079266786522257959619/16000000000000000000000000000000,102839399254954174157641122479/1000000000000000000000000000000
11,11/32,605552437394239789669171147203/6400000000000000000000000000000,189235136685699934271615983507/2000000000000000000000000000000
12,3/8,697139762446499760155793910537/8000000000000000000000000000000,2788559049785999040623175642247/32000000000000000000000000000000
13,13/32,642727919319476629758494054549/8000000000000000000000000000000,321363959659738314879247027287/4000000000000000000000000000000
14,7/16,2372723509323339071541907042207/32000000000000000000000000000000,593180877330834767885476760577/8000000000000000000000000000000
15,15/32,274014291390343128290375918549/4000000000000000000000000000000,1096057165561372513161503674247/16000000000000000000000000000000
16,1/2,2027396619227111192373011033999/32000000000000000000000000000000,2027396619227111192373011034101/32000000000000000000000000000000
17,17/32,375410925929304987035847658591/6400000000000000000000000000000,1877054629646524935179238293059/32000000000000000000000000000000
18,9/16,434931473017514169571628200403/8000000000000000000000000000000,1739725892070056678286512801717/32000000000000000000000000000000
19,19/32,1614184817399376528188881972743/32000000000000000000000000000000,1614184817399376528188881972849/32000000000000000000000000000000
20,5/8,749664081605984219528378529469/16000000000000000000000000000000,299865632642393687811351411809/6400000000000000000000000000000
21,21/32,34854053355332026886552617543/800000000000000000000000000000,348540533553320268865526175457/8000000000000000000000000000000
22,11/16,1297790922890030482284375527691/32000000000000000000000000000000,6488954614450152411421877639/160000000000000000000000000000
23,23/32,37793953750743283929664468313/1000000000000000000000000000000,604703260011892542874631493063/16000000000000000000000000000000
24,3/4,1128279645968209836073503871437/32000000000000000000000000000000,564139822984104918036751935773/16000000000000000000000000000000
25,25/32,1053751672068345950608891257501/32000000000000000000000000000000,105375167206834595060889125761/3200000000000000000000000000000
26,13/16,985227417679453557145223206871/32000000000000000000000000000000,985227417679453557145223206981/32000000000000000000000000000000
27,27/32,92216872224806348163816829347/3200000000000000000000000000000,922168722248063481638168293581/32000000000000000000000000000000
28,7/8,864088704126451177282933670493/32000000000000000000000000000000,172817740825290235456586734121/6400000000000000000000000000000
29,29/32,810546628443118207042415913447/32000000000000000000000000000000,20263665711077955176060397839/800000000000000000000000000000
30,15/16,95142914456576848800496505363/4000000000000000000000000000000,761143315652614790403972043017/32000000000000000000000000000000
31,31/32,178879257629130368045013334271/8000000000000000000000000000000,715517030516521472180053337197/32000000000000000000000000000000
32,1,67333979837771144656821431243/3200000000000000000000000000000,21041868699303482705256697267/1000000000000000000000000000000
33,33/32,317157050907658698258282722403/16000000000000000000000000000000,15857852545382934912914136123/800000000000000000000000000000
34,17/16,119633983244660971592545322849/6400000000000000000000000000000,299084958111652428981363307179/16000000000000000000000000000000
35,35/32,141165511910218343683756584081/8000000000000000000000000000000,282331023820436687367513168219/16000000000000000000000000000000
36,9/8,66695967545545208567992148057/4000000000000000000000000000000,533567740364361668543937184571/32000000000000000000000000000000
37,37/32,100936905112537622680323674761/6400000000000000000000000000000,3154278284766800708760114837/200000000000000000000000000000
38,19/16,59728535670803728296936943981/4000000000000000000000000000000,477828285366429826375495551963/32000000000000000000000000000000
39,39/32,452831509760663298473769693887/32000000000000000000000000000000,226415754880331649236884847001/16000000000000000000000000000000
40,5/4,429541726132472458984006049169/32000000000000000000000000000000,107385431533118114746001512321/8000000000000000000000000000000
41,41/32,509775104434981922479430119/40000000000000000000000000000,81564016709597107596708819063/6400000000000000000000000000000
42,21/16,193770037898900368516370978569/16000000000000000000000000000000,387540075797800737032741957253/32000000000000000000000000000000
43,43/32,184293194492891275182621339401/16000000000000000000000000000000,368586388985782550365242678917/32000000000000000000000000000000
44,11/8,175426930486194682743004384021/16000000000000000000000000000000,350853860972389365486008768157/32000000000000000000000000000000
45,45/32,66849308268854355463307621749/6400000000000000000000000000000,167123270672135888658269054427/16000000000000000000000000000000
46,23/16,7966921044702284361322595041/800000000000000000000000000000,318676841788091374452903801749/32000000000000000000000000000000
47,47/32,76016191954221242478025991431/8000000000000000000000000000000,304064767816884969912103965833/32000000000000000000000000000000
48,3/2,7258430593700787537331031913/800000000000000000000000000000,290337223748031501493241276629/32000000000000000000000000000000
49,49/32,138713691838563658183063193559/16000000000000000000000000000000,277427383677127316366126387227/32000000000000000000000000000000
50,25/16,66318530486058230871913424423/8000000000000000000000000000000,265274121944232923487653697801/32000000000000000000000000000000
51,51/32,126910748629438485918017012949/16000000000000000000000000000000,253821497258876971836034026007/32000000000000000000000000000000
52,13/8,243018285247410675244813103631/32000000000000000000000000000000,12150914262370533762240655187/1600000000000000000000000000000
53,53/32,46563510943830639488125254991/6400000000000000000000000000000,29102194339894149680078284383/4000000000000000000000000000000
54,27/16,111588141711797826041034318393/16000000000000000000000000000000,44635256684719130416413727379/6400000000000000000000000000000
55,55/32,214055009496192863668222387671/32000000000000000000000000000000,10702750474809643183411119389/1600000000000000000000000000000
56,7/4,205417515170649183590092613283/32000000000000000000000000000000,12838594698165573974380788337/2000000000000000000000000000000
57,57/32,24653817459512882605577703763/4000000000000000000000000000000,197230539676103060844621630213/32000000000000000000000000000000
58,29/16,189463518542649289897675070319/32000000000000000000000000000000,47365879635662322474418767607/8000000000000000000000000000000
59,59/32,182088346812105012663372772397/32000000000000000000000000000000,91044173406052506331686386253/16000000000000000000000000000000
60,15/8,43769790974067328947462172511/8000000000000000000000000000000,175079163896269315789848690153/32000000000000000000000000000000
61,61/32,2105151975564907537734324991/400000000000000000000000000000,168412158045192603018745999389/32000000000000000000000000000000
62,31/16,162065388585857631021714285663/32000000000000000000000000000000,40516347146464407755428571443/8000000000000000000000000000000
63,63/32,156018624269569129254407567457/32000000000000000000000000000000,78009312134784564627203783783/16000000000000000000000000000000
64,2,150253196226373327283806091017/32000000000000000000000000000000,75126598113186663641903045563/16000000000000000000000000000000
65,65/32,144751864168864887639683849749/32000000000000000000000000000000,72375932084432443819841924929/16000000000000000000000000000000
66,33/16,69749347308729821658527474927/16000000000000000000000000000000,139498694617459643317054949963/32000000000000000000000000000000
67,67/32,26895790007221069796280690443/6400000000000000000000000000000,33619737509026337245350863081/8000000000000000000000000000000
68,17/8,129678987872794391376613063967/32000000000000000000000000000000,32419746968198597844153266019/8000000000000000000000000000000
69,69/32,15635771074289107583362468279/4000000000000000000000000000000,125086168594312860666899746341/32000000000000000000000000000000
70,35/16,6034438594523137349089737173/1600000000000000000000000000000,120688771890462746981794743569/32000000000000000000000000000000
71,71/32,11647592030046846877894040363/3200000000000000000000000000000,116475920300468468778940403739/32000000000000000000000000000000
72,9/4,112437509584265450809898439261/32000000000000000000000000000000,11243750958426545080989843937/3200000000000000000000000000000
73,73/32,54282072612309070874604415843/16000000000000000000000000000000,21712829044923628349841766359/6400000000000000000000000000000
74,37/16,104847084503199832129960159579/32000000000000000000000000000000,13105885562899979016245019961/4000000000000000000000000000000
75,75/32,101278183645488848878300513783/32000000000000000000000000000000,25319545911372212219575128473/8000000000000000000000000000000
76,19/8,3057807799254207945918001117/1000000000000000000000000000000,97849849576134654269376035853/32000000000000000000000000000000
77,77/32,18910999173761386304487263009/6400000000000000000000000000000,47277497934403465761218157577/16000000000000000000000000000000
78,39/16,18277400502579036111463773721/6400000000000000000000000000000,45693501256447590278659434357/16000000000000000000000000000000
79,79/32,44169839577082861618957158601/16000000000000000000000000000000,88339679154165723237914317311/32000000000000000000000000000000
80,5/2,85407231497957875339133599791/32000000000000000000000000000000,854072314979578753391335999/320000000000000000000000000000
81,81/32,82584230592026630201262465121/32000000000000000000000000000000,8258423059202663020126246523/3200000000000000000000000000000
82,41/16,15973116946399838471542034191/6400000000000000000000000000000,9983198091499899044713771383/4000000000000000000000000000000
83,83/32,9655814219482814277010303173/4000000000000000000000000000000,77246513755862514216082425493/32000000000000000000000000000000
84,21/8,74722525515168726335126216257/32000000000000000000000000000000,37361262757584363167563108183/16000000000000000000000000000000
85,85/32,18072348582485604978276096599/8000000000000000000000000000000,14457878865988483982620877301/6400000000000000000000000000000
86,43/16,69943141251785188791226854301/32000000000000000000000000000000,4371446328236574299451678401/2000000000000000000000000000000
87,87/32,67680015975567441914074273097/32000000000000000000000000000000,16920003993891860478518568303/8000000000000000000000000000000
88,11/4,65496480254527612680049321461/32000000000000000000000000000000,8187060031815951585006165197/4000000000000000000000000000000
89,89/32,63389192686702118135687910859/32000000000000000000000000000000,31694596343351059067843955487/16000000000000000000000000000000
90,45/16,61354994752510083576575272181/32000000000000000000000000000000,7669374344063760447071909037/4000000000000000000000000000000
91,91/32,59390897994127325010034473969/32000000000000000000000000000000,59390897994127325010034474077/32000000000000000000000000000000
92,23/8,11498814447421198550135916743/6400000000000000000000000000000,57494072237105992750679583823/32000000000000000000000000000000
93,93/32,55661834763621549956527045107/32000000000000000000000000000000,11132366952724309991305409043/6400000000000000000000000000000
94,47/16,53891640354840576799257256901/32000000000000000000000000000000,53891640354840576799257257009/32000000000000000000000000000000
95,95/32,6522634015909569784480824611/4000000000000000000000000000000,13045268031819139568961649249/8000000000000000000000000000000
96,3,50527833094704522102116607219/32000000000000000000000000000000,50527833094704522102116607327/32000000000000000000000000000000
97,97/32,48929738393300911084716519937/32000000000000000000000000000000,9785947678660182216943304009/6400000000000000000000000000000
98,49/16,47384708113218369313974897937/32000000000000000000000000000000,9476941622643673862794979609/6400000000000000000000000000000
99,99/32,45890760684846918981116419571/32000000000000000000000000000000,45890760684846918981116419679/32000000000000000000000000000000
100,25/8,44446006772599291374327522547/32000000000000000000000000000000,8889201354519858274865504531/6400000000000000000000000000000
101,101/32,43048643633230652893126907669/32000000000000000000000000000000,43048643633230652893126907777/32000000000000000000000000000000
102,51/16,41696949899499458887528679899/32000000000000000000000000000000,41696949899499458887528680007/32000000000000000000000000000000
103,103/32,10097320188357747524738214449/8000000000000000000000000000000,2524330047089436881184553619/2000000000000000000000000000000
104,13/4,9781015864147354292453230333/8000000000000000000000000000000,244525396603683857311330759/200000000000000000000000000000
105,105/32,1515991728305050402235182947/1280000000000000000000000000000,37899793207626260055879573783/32000000000000000000000000000000
106,53/16,9178757324994629292888909407/8000000000000000000000000000000,4589378662497314646444454717/4000000000000000000000000000000
107,107/32,3556839155496182825762047271/3200000000000000000000000000000,17784195777480914128810236409/16000000000000000000000000000000
108,27/8,17229278503831979723959557871/16000000000000000000000000000000,689171140153279188958382317/640000000000000000000000000000
109,109/32,33384256825010872470452376027/32000000000000000000000000000000,6676851365002174494090475227/6400000000000000000000000000000
110,55/16,646885468743382324621808521/640000000000000000000000000000,16172136718584558115545213079/16000000000000000000000000000000
111,111/32,15668718932540057929992619621/16000000000000000000000000000000,626748757301602317199704787/640000000000000000000000000000
112,7/2,59302006305485431888181239/62500000000000000000000000000,7590656807102135281687198619/8000000000000000000000000000000
113,113/32,29418762419541408258383926899/32000000000000000000000000000000,29418762419541408258383927007/32000000000000000000000000000000
114,57/16,28504805930508809146896516797/32000000000000000000000000000000,5700961186101761829379303381/6400000000000000000000000000000
115,115/32,27619759820821989416972265851/32000000000000000000000000000000,27619759820821989416972265959/32000000000000000000000000000000
116,29/8,26762663815249748379335651429/32000000000000000000000000000000,26762663815249748379335651537/32000000000000000000000000000000
117,117/32,1037303740859550129227412389/1280000000000000000000000000000,25932593521488753230685309833/32000000000000000000000000000000
118,59/16,5025731751707095950726429631/6400000000000000000000000000000,25128658758535479753632148263/32000000000000000000000000000000
119,119/32,380468781052257942862607337/500000000000000000000000000000,6087500496836127085801717419/8000000000000000000000000000000
120,15/4,2949474604508318035926408463/4000000000000000000000000000000,5898949209016636071852816953/8000000000000000000000000000000
121,121/32,4573049342561182712239824381/6400000000000000000000000000000,22865246712805913561199122013/32000000000000000000000000000000
122,61/16,2215758349942697599265679301/3200000000000000000000000000000,11078791749713487996328396559/16000000000000000000000000000000
123,123/32,21472066320476960251660567167/32000000000000000000000000000000,858882652819078410066422691/1280000000000000000000000000000
124,31/8,2080798038178376682182301639/3200000000000000000000000000000,10403990190891883410911508249/16000000000000000000000000000000
125,125/32,2016463587373549798340140003/3200000000000000000000000000000,10082317936867748991700700069/16000000000000000000000000000000
126,63/16,19541366934657672501082212347/32000000000000000000000000000000,3908273386931534500216442491/6400000000000000000000000000000
127,127/32,18937530670077738663138076083/32000000000000000000000000000000,18937530670077738663138076191/32000000000000000000000000000000
128,4,4588126556001942997706985757/8000000000000000000000000000000,573515819500242874713373223/1000000000000000000000000000000
129,129/32,4446423474672002241783479297/8000000000000000000000000000000,1111605868668000560445869831/2000000000000000000000000000000
130,65/16,3447302863903748608363030239/6400000000000000000000000000000,8618257159759371520907575651/16000000000000000000000000000000
131,131/32,4176101910542119172933043247/8000000000000000000000000000000,3340881528433695338346434619/6400000000000000000000000000000
132,33/8,16188832799084252613170077371/32000000000000000000000000000000,8094416399542126306585038739/16000000000000000000000000000000
133,133/32,313785335656955061237813583/640000000000000000000000000000,1961158347855969132736334907/4000000000000000000000000000000
134,67/16,7602601982009928515833239073/16000000000000000000000000000000,3801300991004964257916619563/8000000000000000000000000000000
135,135/32,7368077720649258815557330141/16000000000000000000000000000000,3684038860324629407778665097/8000000000000000000000000000000
136,17/4,7140824210990778795502371007/16000000000000000000000000000000,357041210549538939775118553/800000000000000000000000000000
137,137/32,2768245126175727408970009809/6400000000000000000000000000000,13841225630878637044850049151/32000000000000000000000000000000
138,69/16,838402796622278819773654269/2000000000000000000000000000000,1341444474595646111637846841/3200000000000000000000000000000
139,139/32,6500438929564695831939191507/16000000000000000000000000000000,162510973239117395798479789/400000000000000000000000000000
140,35/8,12600110960725033633715487483/32000000000000000000000000000000,12600110960725033633715487589/32000000000000000000000000000000
141,141/32,6105871723131008177056514631/16000000000000000000000000000000,1526467930782752044264128671/4000000000000000000000000000000
142,71/16,11835387644275935077781891507/32000000000000000000000000000000,11835387644275935077781891613/32000000000000000000000000000000
143,143/32,2867667091005008443270492971/8000000000000000000000000000000,1147066836402003377308197199/3200000000000000000000000000000
144,9/2,5558611230975201631921592983/16000000000000000000000000000000,1389652807743800407980398259/4000000000000000000000000000000
145,145/32,10774698425981883280618051081/32000000000000000000000000000000,10774698425981883280618051187/32000000000000000000000000000000
146,73/16,10442755976571079640746951033/32000000000000000000000000000000,10442755976571079640746951139/32000000000000000000000000000000
147,147/32,126513321046843418021264703/400000000000000000000000000000,5060532841873736720850588173/16000000000000000000000000000000
148,37/8,4904654299636497648292684793/16000000000000000000000000000000,2452327149818248824146342423/8000000000000000000000000000000
149,149/32,1188396987895638575832780353/4000000000000000000000000000000,950717590316510860666224293/3200000000000000000000000000000
150,75/16,1842873712773759346239033537/6400000000000000000000000000000,9214368563868796731195167791/32000000000000000000000000000000
151,151/32,2232649252852312249814351433/8000000000000000000000000000000,4465298505704624499628702919/16000000000000000000000000000000
152,19/4,4327790411449913282661526731/16000000000000000000000000000000,16905431294726223760396589/62500000000000000000000000000
153,153/32,8389048419819368234934320733/32000000000000000000000000000000,8389048419819368234934320839/32000000000000000000000000000000
154,77/16,8130736776509348659013610687/32000000000000000000000000000000,8130736776509348659013610793/32000000000000000000000000000000
155,155/32,985048892421885273748491193/4000000000000000000000000000000,157607822787501643799758593/640000000000000000000000000000
156,39/8,7637764756306308270537992383/32000000000000000000000000000000,7637764756306308270537992489/32000000000000000000000000000000
157,157/32,7402618615861311129037114309/32000000000000000000000000000000,1480523723172262225807422883/6400000000000000000000000000000
158,79/16,1793680298946352956463919089/8000000000000000000000000000000,3587360597892705912927838231/16000000000000000000000000000000
159,159/32,6953848220459401425738887573/32000000000000000000000000000000,6953848220459401425738887679/32000000000000000000000000000000
160,5,6739782426896421916330297849/32000000000000000000000000000000,1347956485379284383266059591/6400000000000000000000000000000
161,161/32,3266156669463547017313168387/16000000000000000000000000000000,81653916736588675432829211/400000000000000000000000000000
162,81/16,6331237049232473163412048707/32000000000000000000000000000000,6331237049232473163412048813/32000000000000000000000000000000
163,163/32,6136356008902808995869669433/32000000000000000000000000000000,6136356008902808995869669539/32000000000000000000000000000000
164,41/8,5947478824217204166817649319/32000000000000000000000000000000,237899152968688166672705977/1280000000000000000000000000000
165,165/32,1441105015088803558848624669/8000000000000000000000000000000,2882210030177607117697249391/16000000000000000000000000000000
166,83/16,5587000051766300150721065451/32000000000000000000000000000000,5587000051766300150721065557/32000000000000000000000000000000
167,167/32,5415044718936920447664927307/32000000000000000000000000000000,5415044718936920447664927413/32000000000000000000000000000000
168,21/4,5248385391308012359185552749/32000000000000000000000000000000,1049677078261602471837110571/6400000000000000000000000000000
169,169/32,508685863610773054475992587/3200000000000000000000000000000,635857329513466318094990747/4000000000000000000000000000000
170,85/16,246515304643782742838504421/1600000000000000000000000000000,2465153046437827428385044263/16000000000000000000000000000000
171,171/32,955714862693060911619379543/6400000000000000000000000000000,4778574313465304558096897821/32000000000000000000000000000000
172,43/8,2315757303660880319123891089/16000000000000000000000000000000,1157878651830440159561945571/8000000000000000000000000000000
173,173/32,4488982891840550686555715411/32000000000000000000000000000000,4488982891840550686555715517/32000000000000000000000000000000
174,87/16,4350839547622738271199278093/32000000000000000000000000000000,4350839547622738271199278199/32000000000000000000000000000000
175,175/32,843389855689884636396063327/6400000000000000000000000000000,4216949278449423181980316741/32000000000000000000000000000000
176,11/2,510897621975829867336797623/4000000000000000000000000000000,408718097580663893869438109/3200000000000000000000000000000
177,177/32,1980703793899482572358675959/16000000000000000000000000000000,495175948474870643089669003/4000000000000000000000000000000
178,89/16,3839505992297087140079221661/32000000000000000000000000000000,3839505992297087140079221767/32000000000000000000000000000000
179,179/32,930339218542765965509949613/8000000000000000000000000000000,1860678437085531931019899279/16000000000000000000000000000000
180,45/8,3606844606467234288344985489/32000000000000000000000000000000,721368921293446857668997119/6400000000000000000000000000000
181,181/32,699171427078505703504997729/6400000000000000000000000000000,3495857135392528517524988751/32000000000000000000000000000000
182,91/16,211767866810967161754346259/2000000000000000000000000000000,13553143475901898352278161/128000000000000000000000000000
183,183/32,82100639231960696107794371/800000000000000000000000000000,1642012784639213922155887473/16000000000000000000000000000000
184,23/4,795743562010128901565950789/8000000000000000000000000000000,1591487124020257803131901631/16000000000000000000000000000000
185,185/32,1542516532817752059765492839/16000000000000000000000000000000,385629133204438014941373223/4000000000000000000000000000000
186,93/16,747526558308318462646912223/8000000000000000000000000000000,1495053116616636925293824499/16000000000000000000000000000000
187,187/32,724525229514462112366004721/8000000000000000000000000000000,289810091805784844946401899/3200000000000000000000000000000
188,47/8,702231787909744057805835811/8000000000000000000000000000000,56178543032779524624466867/640000000000000000000000000000
189,189/32,680624435239530960840095503/8000000000000000000000000000000,1361248870479061921680191059/16000000000000000000000000000000
190,95/16,527745636478684380718973401/6400000000000000000000000000000,2638728182393421903594867111/32000000000000000000000000000000
191,191/32,2557536578371612912225817137/32000000000000000000000000000000,2557536578371612912225817243/32000000000000000000000000000000
192,6,2478843556638402928504185949/32000000000000000000000000000000,495768711327680585700837211/6400000000000000000000000000000
193,193/32,2402572192061819847276734917/32000000000000000000000000000000,2402572192061819847276735023/32000000000000000000000000000000
194,97/16,291080991360780176630551663/4000000000000000000000000000000,232864793088624141304441341/3200000000000000000000000000000
195,195/32,141062407334855219455253921/2000000000000000000000000000000,1128499258678841755642031421/16000000000000000000000000000000
196,49/8,1093776961321870668800782879/16000000000000000000000000000000,273444240330467667200195733/4000000000000000000000000000000
197,197/32,2120246275974259777402793411/32000000000000000000000000000000,2120246275974259777402793517/32000000000000000000000000000000
198,99/16,513752449482845311833972461/8000000000000000000000000000000,41100195958627624946717799/640000000000000000000000000000
199,199/32,124486295988755338257035023/2000000000000000000000000000000,995890367910042706056280237/16000000000000000000000000000000
200,25/4,1930497301052701233192362851/32000000000000000000000000000000,1930497301052701233192362957/32000000000000000000000000000000
201,201/32,187109960848314297925129613/3200000000000000000000000000000,467774902120785744812824059/8000000000000000000000000000000
202,101/16,113345601101800189167673449/2000000000000000000000000000000,181352961762880302668277529/3200000000000000000000000000000
203,203/32,1757731075720130068537933277/32000000000000000000000000000000,1757731075720130068537933383/32000000000000000000000000000000
204,51/8,1703649462519935997756690291/32000000000000000000000000000000,1703649462519935997756690397/32000000000000000000000000000000
205,205/32,1651231936856412222919612041/32000000000000000000000000000000,1651231936856412222919612147/32000000000000000000000000000000
206,103/16,320085456963140048714402241/6400000000000000000000000000000,1600427284815700243572011311/32000000000000000000000000000000
207,207/32,1551185869541655452629771923/32000000000000000000000000000000,387796467385413863157443007/8000000000000000000000000000000
208,13/2,60138383303686824899818249/1280000000000000000000000000000,150345958259217062249545633/3200000000000000000000000000000
209,209/32,291440359360617888952496997/6400000000000000000000000000000,145720179680308944476248509/3200000000000000000000000000000
210,105/16,1412367320612343719894953961/32000000000000000000000000000000,706183660306171859947477033/16000000000000000000000000000000
211,211/32,684456176899246524887045553/16000000000000000000000000000000,1368912353798493049774091211/32000000000000000000000000000000
212,53/8,10614355556714685836906259/256000000000000000000000000000,16584930557366696620166031/400000000000000000000000000000
213,213/32,1285972448097696375672268357/32000000000000000000000000000000,642986224048848187836134231/16000000000000000000000000000000
214,107/16,155800810755360241687577887/4000000000000000000000000000000,1246406486042881933500623201/32000000000000000000000000000000
215,215/32,120805790771763523286801107/3200000000000000000000000000000,48322316308705409314720447/1280000000000000000000000000000
216,27/4,117088925216170621660784733/3200000000000000000000000000000,234177850432341243321569487/6400000000000000000000000000000
217,217/32,1134864211504407287897190023/32000000000000000000000000000000,70929013219025455493574383/2000000000000000000000000000000
218,109/16,68746724714982669269751753/2000000000000000000000000000000,1099947595439722708316028153/32000000000000000000000000000000
219,219/32,1066105296798704356406464973/32000000000000000000000000000000,533052648399352178203232539/16000000000000000000000000000000
220,55/8,258326064546252263404086727/8000000000000000000000000000000,1033304258185009053616347013/32000000000000000000000000000000
221,221/32,1001512439640517628835458169/32000000000000000000000000000000,500756219820258814417729137/16000000000000000000000000000000
222,111/16,485349393654512197103571591/16000000000000000000000000000000,970698787309024394207143287/32000000000000000000000000000000
223,223/32,940833203066999141179856757/32000000000000000000000000000000,470416601533499570589928431/16000000000000000000000000000000
224,7,28496453596606358338224609/1000000000000000000000000000000,911886515091403466823187599/32000000000000000000000000000000
225,225/32,88383044933549047284994937/3200000000000000000000000000000,883830449335490472849949481/32000000000000000000000000000000
226,113/16,214159400471108212676844711/8000000000000000000000000000000,171327520376886570141475791/6400000000000000000000000000000
227,227/32,415140706081755113451119473/16000000000000000000000000000000,830281412163510226902239057/32000000000000000000000000000000
228,57/8,402368068486221746197238863/16000000000000000000000000000000,804736136972443492394477837/32000000000000000000000000000000
229,229/32,779976825320292728161572793/32000000000000000000000000000000,389988412660146364080786449/16000000000000000000000000000000
230,115/16,188994823509034317317494521/8000000000000000000000000000000,755979294036137269269978189/32000000000000000000000000000000
231,231/32,366360052065766190842438913/16000000000000000000000000000000,732720104131532381684877931/32000000000000000000000000000000
232,29/4,22193016809108996191021759/1000000000000000000000000000000,710176537891487878112696393/32000000000000000000000000000000
233,233/32,344163288335720325517624747/16000000000000000000000000000000,688326576671440651035249599/32000000000000000000000000000000
234,117/16,166787219844599098915916679/8000000000000000000000000000000,667148879378396395663666821/32000000000000000000000000000000
235,235/32,25864910464603861639350711/1280000000000000000000000000000,16165569040377413524594197/800000000000000000000000000000
236,59/8,313364087733362689337057471/16000000000000000000000000000000,626728175466725378674115047/32000000000000000000000000000000
237,237/32,151861422477577580398978683/8000000000000000000000000000000,607445689910310321595914837/32000000000000000000000000000000
238,119/16,588756471827585850384854839/32000000000000000000000000000000,18398639744612057824526717/1000000000000000000000000000000
239,239/32,570642267602689704988715709/32000000000000000000000000000000,285321133801344852494357907/16000000000000000000000000000000
240,15/2,553085385286638907730274833/32000000000000000000000000000000,276542692643319453865137469/16000000000000000000000000000000
241,241/32,268034338655546950126544803/16000000000000000000000000000000,536068677311093900253089711/32000000000000000000000000000000
242,121/16,129893880933615512264442003/8000000000000000000000000000000,519575523734462049057768117/32000000000000000000000000000000
243,243/32,100717963200783522169353817/6400000000000000000000000000000,50358981600391761084676919/3200000000000000000000000000000
244,61/8,488095941217424515291802789/32000000000000000000000000000000,244047970608712257645901447/16000000000000000000000000000000
245,245/32,473078766870341563992830261/32000000000000000000000000000000,236539383435170781996415183/16000000000000000000000000000000
246,123/16,229261813035833692641446061/16000000000000000000000000000000,458523626071667385282892227/32000000000000000000000000000000
247,247/32,222208151607722615555560739/16000000000000000000000000000000,444416303215445231111121583/32000000000000000000000000000000
248,31/4,215371510046647971150837623/16000000000000000000000000000000,430743020093295942301675351/32000000000000000000000000000000
249,249/32,16699616897379264498272353/1280000000000000000000000000000,41749042243448161245680893/3200000000000000000000000000000
250,125/16,40464556686032310243589803/3200000000000000000000000000000,80929113372064620487179627/6400000000000000000000000000000
251,251/32,12256122132506313580050263/1000000000000000000000000000000,392195908240202034561608521/32000000000000000000000000000000
252,63/8,380129287436772651082806231/32000000000000000000000000000000,5939520116199572673168849/500000000000000000000000000000
253,253/32,184216959714195681467159993/16000000000000000000000000000000,368433919428391362934320091/32000000000000000000000000000000
254,127/16,178549190898571168207581431/16000000000000000000000000000000,357098381797142336415162967/32000000000000000000000000000000
255,255/32,346111603571196447528359609/32000000000000000000000000000000,173055801785598223764179857/16000000000000000000000000000000
256,8,41932856801323592990188683/4000000000000000000000000000000,335462854410588743921509569/32000000000000000000000000000000
257,257/32,162570867062918273872691573/16000000000000000000000000000000,325141734125836547745383251/32000000000000000000000000000000
258,129/16,315138162519146852471677207/32000000000000000000000000000000,2462016894680834784934979/250000000000000000000000000000
259,259/32,305442369538278044458422761/32000000000000000000000000000000,152721184769139022229211433/16000000000000000000000000000000
260,65/8,148022442866713768225573357/16000000000000000000000000000000,296044885733427536451146819/32000000000000000000000000000000
261,261/32,57387306601562789050942047/6400000000000000000000000000000,14346826650390697262735517/1600000000000000000000000000000
262,131/16,139054207826455139631048109/16000000000000000000000000000000,278108415652910279262096323/32000000000000000000000000000000
263,263/32,134775955829781756639758023/16000000000000000000000000000000,269551911659563513279516151/32000000000000000000000000000000
264,33/4,261258664296506198539634897/32000000000000000000000000000000,130629332148253099269817501/16000000000000000000000000000000
265,265/32,50644114789605531237723909/6400000000000000000000000000000,5064411478960553123772393/640000000000000000000000000000
266,133/16,30678723775353261910472957/4000000000000000000000000000000,245429790202826095283783761/32000000000000000000000000000000
267,267/32,118939352093154467675351897/16000000000000000000000000000000,237878704186308935350703899/32000000000000000000000000000000
268,67/8,115279970564423472257463839/16000000000000000000000000000000,230559941128846944514927783/32000000000000000000000000000000
269,269/32,22346635316271876491449717/3200000000000000000000000000000,8938654126508750596579891/1280000000000000000000000000000
270,135/16,54147753085176554409999729/8000000000000000000000000000000,216591012340706217639999021/32000000000000000000000000000000
271,271/32,209927203869517682581950549/32000000000000000000000000000000,104963601934758841290975327/16000000000000000000000000000000
272,17/2,25433552443928381238371377/4000000000000000000000000000000,203468419551427049906971121/32000000000000000000000000000000
273,273/32,98604175713859724083428857/16000000000000000000000000000000,197208351427719448166857819/32000000000000000000000000000000
274,137/16,191140885617732371351557111/32000000000000000000000000000000,5973152675554136604736163/1000000000000000000000000000000
275,275/32,46315024086868037296703713/8000000000000000000000000000000,185260096347472149186814963/32000000000000000000000000000000
276,69/8,89780120080985560550270031/16000000000000000000000000000000,179560240161971121100540173/32000000000000000000000000000000
277,277/32,43508937578932641997192653/8000000000000000000000000000000,174035750315730567988770723/32000000000000000000000000000000
278,139/16,84340615667884302426170793/16000000000000000000000000000000,168681231335768604852341697/32000000000000000000000000000000
279,279/32,2043643171899512669884299/400000000000000000000000000000,163491453751961013590744031/32000000000000000000000000000000
280,35/4,31692269797905313069866963/6400000000000000000000000000000,79230674494763282674667463/16000000000000000000000000000000
281,281/32,153586004418666907194889371/32000000000000000000000000000000,76793002209333453597444741/16000000000000000000000000000000
282,141/16,74430329278262362422486153/16000000000000000000000000000000,148860658556524724844972417/32000000000000000000000000000000
283,283/32,36070174104193198273645427/8000000000000000000000000000000,144280696416772793094581819/32000000000000000000000000000000
284,71/8,69920822501145417558910699/16000000000000000000000000000000,139841645002290835117821509/32000000000000000000000000000000
285,285/32,67769584468263486514440971/16000000000000000000000000000000,135539168936526973028882047/32000000000000000000000000000000
286,143/16,65684533114638051288422613/16000000000000000000000000000000,131369066229276102576845331/32000000000000000000000000000000
287,287/32,6366363208636944896660633/1600000000000000000000000000000,25465452834547779586642553/6400000000000000000000000000000
288,9,123409815363852477357322209/32000000000000000000000000000000,61704907681926238678661157/16000000000000000000000000000000
289,289/32,11961289384900716221153233/3200000000000000000000000000000,23922578769801432442306487/6400000000000000000000000000000
290,145/16,57966395693691680781782967/16000000000000000000000000000000,115932791387383361563566039/32000000000000000000000000000000
291,291/32,28091478457314632475100717/8000000000000000000000000000000,112365913829258529900402973/32000000000000000000000000000000
292,73/8,108908777605746490073884011/32000000000000000000000000000000,27227194401436622518471029/8000000000000000000000000000000
293,293/32,105558006326540297750890743/32000000000000000000000000000000,3298687697704384304715339/1000000000000000000000000000000
294,147/16,51155163741167677085949963/16000000000000000000000000000000,102310327482335354171900031/32000000000000000000000000000000
295,295/32,49581284624355877216955309/16000000000000000000000000000000,99162569248711754433910723/32000000000000000000000000000000
296,37/4,96111657388353989096866397/32000000000000000000000000000000,48055828694176994548433251/16000000000000000000000000000000
297,297/32,46577306124291097422263437/16000000000000000000000000000000,93154612248582194844526979/32000000000000000000000000000000
298,149/16,1410758528925972958988133/500000000000000000000000000000,90288545851262269375240617/32000000000000000000000000000000
299,299/32,43755329536126208950135091/16000000000000000000000000000000,87510659072252417900270287/32000000000000000000000000000000
300,75/8,84818238907631172005078589/32000000000000000000000000000000,42409119453815586002539347/16000000000000000000000000000000
301,301/32,513804098900229386635831/200000000000000000000000000000,16441731164807340372346613/6400000000000000000000000000000
302,151/16,79679361190529412895231023/32000000000000000000000000000000,9959920148816176611903891/4000000000000000000000000000000
303,303/32,77227884789469458460517079/32000000000000000000000000000000,1206685699835460288445581/500000000000000000000000000000
304,19/2,74851832403977988848614259/32000000000000000000000000000000,18712958100994497212153591/8000000000000000000000000000000
305,305/32,36274441739812884783375483/16000000000000000000000000000000,72548883479625769566751071/32000000000000000000000000000000
306,153/16,70316788858065311549744239/32000000000000000000000000000000,8789598607258163943718043/4000000000000000000000000000000
307,307/32,34076684290196466858138883/16000000000000000000000000000000,68153368580392933716277871/32000000000000000000000000000000
308,77/8,66056509758095292849602237/32000000000000000000000000000000,33028254879047646424801171/16000000000000000000000000000000
309,309/32,64024164509500933798880627/32000000000000000000000000000000,16006041127375233449720183/8000000000000000000000000000000
310,155/16,62054347959721399048075223/32000000000000000000000000000000,969599186870646860126177/500000000000000000000000000000
311,311/32,60145136302128453373004769/32000000000000000000000000000000,30072568151064226686502437/16000000000000000000000000000000
312,39/4,58294664919474087260954059/32000000000000000000000000000000,14573666229868521815238541/8000000000000000000000000000000
313,313/32,28250563281409110392935599/16000000000000000000000000000000,56501126562818220785871303/32000000000000000000000000000000
314,157/16,27381384793242747343324409/16000000000000000000000000000000,54762769586485494686648923/32000000000000000000000000000000
315,315/32,13269474059331815674871701/8000000000000000000000000000000,53077896237327262699486909/32000000000000000000000000000000
316,79/8,3215303812288621391121429/2000000000000000000000000000000,51444860996617942257942969/32000000000000000000000000000000
317,317/32,12465517243241572838923437/8000000000000000000000000000000,12465517243241572838923463/8000000000000000000000000000000
318,159/16,6040996793084000990965751/4000000000000000000000000000000,1510249198271000247741441/1000000000000000000000000000000
319,319/32,2927567428125396453526479/2000000000000000000000000000000,5855134856250792907052971/4000000000000000000000000000000
320,10,1815997212957689194355077/1280000000000000000000000000000,45399930323942229858877029/32000000000000000000000000000000
321,321/32,44003121279904792814511901/32000000000000000000000000000000,8800624255980958562902401/6400000000000000000000000000000
322,161/16,21324643767578542945713269/16000000000000000000000000000000,42649287535157085891426643/32000000000000000000000000000000
323,323/32,41337106878478513102593811/32000000000000000000000000000000,10334276719619628275648479/8000000000000000000000000000000
324,81/8,10016324444708676030496391/8000000000000000000000000000000,40065297778834704121985669/32000000000000000000000000000000
325,325/32,19416309066888824342440967/16000000000000000000000000000000,38832618133777648684882039/32000000000000000000000000000000
326,163/16,1505514562254147992463983/1280000000000000000000000000000,117618325176105311911249/100000000000000000000000000000
327,327/32,18239934349667333174845693/16000000000000000000000000000000,36479868699334666349691491/32000000000000000000000000000000
328,41/4,35357501115623668678317571/32000000000000000000000000000000,8839375278905917169579419/8000000000000000000000000000000
329,329/32,8567416288430690769972573/8000000000000000000000000000000,34269665153722763079890397/32000000000000000000000000000000
330,165/16,33215298387183584781076031/32000000000000000000000000000000,4151912298397948097634517/4000000000000000000000000000000
331,331/32,32193371076995450457384463/32000000000000000000000000000000,4024171384624431307173071/4000000000000000000000000000000
332,83/8,15601442582948765256015141/16000000000000000000000000000000,31202885165897530512030387/32000000000000000000000000000000
333,333/32,6048574660726576222207241/6400000000000000000000000000000,3024287330363288111103631/3200000000000000000000000000000
334,167/16,7328099475548086561331507/8000000000000000000000000000000,29312397902192346245326133/32000000000000000000000000000000
335,335/32,28410550220125630521527627/32000000000000000000000000000000,7102637555031407630381933/8000000000000000000000000000000
336,21/2,13768224737512616285999599/16000000000000000000000000000000,27536449475025232571999303/32000000000000000000000000000000
337,337/32,13344620991658222327905243/16000000000000000000000000000000,26689241983316444655810591/32000000000000000000000000000000
338,169/16,12934050163256646538395049/16000000000000000000000000000000,25868100326513293076790203/32000000000000000000000000000000
339,339/32,25072222543126142525478943/32000000000000000000000000000000,3134027817890767815684881/4000000000000000000000000000000
340,85/8,24300831345431740610058233/32000000000000000000000000000000,12150415672715870305029169/16000000000000000000000000000000
341,341/32,5888293340085190287719153/8000000000000000000000000000000,23553173360340761150876717/32000000000000000000000000000000
342,171/16,22828518393621439994544769/32000000000000000000000000000000,11414259196810719997272437/16000000000000000000000000000000
343,343/32,11063079358380354073501949/16000000000000000000000000000000,22126158716760708147004003/32000000000000000000000000000000
344,43/4,4289081675153267242630701/6400000000000000000000000000000,2144540837576633621315361/3200000000000000000000000000000
345,345/32,20785602521235033060335119/32000000000000000000000000000000,2598200315154379132541903/4000000000000000000000000000000
346,173/16,2014609675903221122627181/3200000000000000000000000000000,4029219351806442245254383/6400000000000000000000000000000
347,347/32,4881566630237315539191427/8000000000000000000000000000000,19526266520949262156765813/32000000000000000000000000000000
348,87/8,9462753227361847773976439/16000000000000000000000000000000,18925506454723695547952983/32000000000000000000000000000000
349,349/32,2292903729103300992552809/4000000000000000000000000000000,1146451864551650496276411/2000000000000000000000000000000
350,175/16,17778867979438674739698301/32000000000000000000000000000000,3555773595887734947939681/6400000000000000000000000000000
351,351/32,8615934857529612461324489/16000000000000000000000000000000,17231869715059224922649083/32000000000000000000000000000000
352,11,521928150568718005767357/1000000000000000000000000000000,16701700818198976184555529/32000000000000000000000000000000
353,353/32,323756870072753940100601/640000000000000000000000000000,3237568700727539401006031/6400000000000000000000000000000
354,177/16,15689795916733037363391491/32000000000000000000000000000000,3922448979183259340847899/8000000000000000000000000000000
355,355/32,950441977705502963403741/2000000000000000000000000000000,15207071643288047414459961/32000000000000000000000000000000
356,89/8,14739199234498498656870603/32000000000000000000000000000000,3684799808624624664217677/8000000000000000000000000000000
357,357/32,1428572174651604982950837/3200000000000000000000000000000,571428869860641993180339/1280000000000000000000000000000
358,179/16,13846196294177574342420519/32000000000000000000000000000000,865387268386098396401289/2000000000000000000000000000000
359,359/32,1342019361846480142881243/3200000000000000000000000000000,2684038723692960285762507/6400000000000000000000000000000
360,45/4,13007297667271832907654013/32000000000000000000000000000000,6503648833635916453827059/16000000000000000000000000000000
361,361/32,12607105189071094569416323/32000000000000000000000000000000,3151776297267773642354107/8000000000000000000000000000000
362,181/16,3054806334770219608715963/8000000000000000000000000000000,12219225339080878434863957/32000000000000000000000000000000
363,363/32,11843279297549841792387421/32000000000000000000000000000000,5921639648774920896193763/16000000000000000000000000000000
364,91/8,11478899899785662918215929/32000000000000000000000000000000,286972497494641572955401/800000000000000000000000000000
365,365/32,11125731277566523284189949/32000000000000000000000000000000,556286563878326164209503/1600000000000000000000000000000
366,183/16,2695857127896300765541321/8000000000000000000000000000000,10783428511585203062165389/32000000000000000000000000000000
367,367/32,10451657294586351700385463/32000000000000000000000000000000,326614290455823490637049/1000000000000000000000000000000
368,23/2,2026018720973587759813863/6400000000000000000000000000000,506504680243396939953471/1600000000000000000000000000000
369,369/32,4909211694914006324970747/16000000000000000000000000000000,9818423389828012649941599/32000000000000000000000000000000
370,185/16,4758171129623852256790621/16000000000000000000000000000000,9516342259247704513581347/32000000000000000000000000000000
371,371/32,4611777594005462785589969/16000000000000000000000000000000,9223555188010925571180043/32000000000000000000000000000000
372,93/8,4469888113985209895328159/16000000000000000000000000000000,8939776227970419790656423/32000000000000000000000000000000
373,373/32,541545514292423043275009/2000000000000000000000000000000,8664728228678768692400249/32000000000000000000000000000000
374,187/16,8398142566711601911560321/32000000000000000000000000000000,4199071283355800955780213/16000000000000000000000000000000
375,375/32,2034939720829664746921003/8000000000000000000000000000000,8139758883318658987684117/32000000000000000000000000000000
376,47/4,3944662415073240582196741/16000000000000000000000000000000,7889324830146481164393587/32000000000000000000000000000000
377,377/32,7646595822784395095231101/32000000000000000000000000000000,3823297911392197547615603/16000000000000000000000000000000
378,189/16,1852833700473272731492917/8000000000000000000000000000000,7411334801893090925971773/32000000000000000000000000000000
379,379/32,224478500052578210027103/1000000000000000000000000000000,7183312001682502720867401/32000000000000000000000000000000
380,95/8,6962304725512876853124067/32000000000000000000000000000000,1740576181378219213281043/8000000000000000000000000000000
381,381/32,3374048564199935399273133/16000000000000000000000000000000,6748097128399870798546371/32000000000000000000000000000000
382,191/16,817560000776408443771293/4000000000000000000000000000000,6540480006211267550170449/32000000000000000000000000000000
383,383/32,3169625295674713098120721/16000000000000000000000000000000,6339250591349426196241547/32000000000000000000000000000000
384,12,3072106177359961728418579/16000000000000000000000000000000,6144212354719923456837263/32000000000000000000000000000000
385,385/32,744396851724122542775997/4000000000000000000000000000000,5955174813792980342208081/32000000000000000000000000000000
386,193/16,721494168321277321816521/4000000000000000000000000000000,5771953346570218574532273/32000000000000000000000000000000
387,387/32,5594369011275058815840639/32000000000000000000000000000000,699296126409382351980093/4000000000000000000000000000000
388,97/8,2711124185795331350555837/16000000000000000000000000000000,5422248371590662701111779/32000000000000000000000000000000
389,389/32,5255423327274738646417817/32000000000000000000000000000000,2627711663637369323208961/16000000000000000000000000000000
390,195/16,1273432737496445669751107/8000000000000000000000000000000,5093730949985782679004533/32000000000000000000000000000000
391,391/32,4937013324160415247962999/32000000000000000000000000000000,154281666380012976498847/1000000000000000000000000000000
392,49/4,191404695711456323664319/1280000000000000000000000000000,59813967409830101145101/400000000000000000000000000000
393,393/32,4637894807920776578707101/32000000000000000000000000000000,2318947403960388289353603/16000000000000000000000000000000
394,197/16,4495201785806947175052389/32000000000000000000000000000000,2247600892903473587526247/16000000000000000000000000000000
395,395/32,2178449483224750670257683/16000000000000000000000000000000,4356898966449501340515471/32000000000000000000000000000000
396,99/8,2111425638754675310739389/16000000000000000000000000000000,4222851277509350621478883/32000000000000000000000000000000
397,397/32,255807987649151076323661/2000000000000000000000000000000,4092927802386417221178681/32000000000000000000000000000000
398,199/16,3967001652360984027011949/32000000000000000000000000000000,1983500826180492013506027/16000000000000000000000000000000
399,399/32,3844949842668841943463053/32000000000000000000000000000000,1922474921334420971731579/16000000000000000000000000000000
400,25/2,931663293097301073318409/8000000000000000000000000000000,3726653172389204293273741/32000000000000000000000000000000
401,401/32,902999027007020440008941/8000000000000000000000000000000,3611996108028081760035869/32000000000000000000000000000000
402,201/16,70017333413668409785201/640000000000000000000000000000,700173334136684097852031/6400000000000000000000000000000
403,403/32,106036135208806377094809/1000000000000000000000000000000,3393156326681804067033993/32000000000000000000000000000000
404,101/8,1644379940789955286019839/16000000000000000000000000000000,3288759881579910572039783/32000000000000000000000000000000
405,405/32,637515075485440411849773/6400000000000000000000000000000,318757537742720205924897/3200000000000000000000000000000
406,203/16,3089503993189508891461877/32000000000000000000000000000000,1544751996594754445730991/16000000000000000000000000000000
407,407/32,2994449948236258398699331/32000000000000000000000000000000,748612487059064599674859/8000000000000000000000000000000
408,51/4,2902320408797089430233863/32000000000000000000000000000000,181395025549818089389623/2000000000000000000000000000000
409,409/32,2813025397296494391989821/32000000000000000000000000000000,1406512698648247195994963/16000000000000000000000000000000
410,205/16,2726477704477941165428041/32000000000000000000000000000000,1363238852238970582714073/16000000000000000000000000000000
411,411/32,660648201057912907008001/8000000000000000000000000000000,2642592804231651628032109/32000000000000000000000000000000
412,103/8,10005034261886148440689/125000000000000000000000000000,2561288771042854000816489/32000000000000000000000000000000
413,413/32,2482486199979885513724469/32000000000000000000000000000000,1241243099989942756862287/16000000000000000000000000000000
414,207/16,481221625828800480971977/6400000000000000000000000000000,240610812914400240485999/3200000000000000000000000000000
415,415/32,36438749445393101200007/500000000000000000000000000000,291509995563144809600069/4000000000000000000000000000000
416,13,2260329407050343670823379/32000000000000000000000000000000,2260329407050343670823483/32000000000000000000000000000000
417,417/32,2190786382173332663543643/32000000000000000000000000000000,2190786382173332663543747/32000000000000000000000000000000
418,209/16,1061691485618441273011963/16000000000000000000000000000000,212338297123688254602403/3200000000000000000000000000000
419,419/32,1029026672620270175391527/16000000000000000000000000000000,1029026672620270175391579/16000000000000000000000000000000
420,105/8,398946740105855523891953/6400000000000000000000000000000,1994733700529277619459869/32000000000000000000000000000000
421,421/32,966681098240081180788381/16000000000000000000000000000000,966681098240081180788433/16000000000000000000000000000000
422,211/16,1873878895106210589500851/32000000000000000000000000000000,374775779021242117900191/6400000000000000000000000000000
423,423/32,181622570251843201302179/3200000000000000000000000000000,908112851259216006510947/16000000000000000000000000000000
424,53/4,1760346312188899267640563/32000000000000000000000000000000,1760346312188899267640667/32000000000000000000000000000000
425,425/32,106636634372464312879401/2000000000000000000000000000000,1706186149959429006070521/32000000000000000000000000000000
426,213/16,1653692320742168020482303/32000000000000000000000000000000,206711540092771002560301/4000000000000000000000000000000
427,427/32,64112542274401197947571/1280000000000000000000000000000,80140677843001497434469/1600000000000000000000000000000
428,107/8,1553500167976529664552129/32000000000000000000000000000000,776750083988264832276117/16000000000000000000000000000000
429,429/32,376425998141528681385331/8000000000000000000000000000000,1505703992566114725541429/32000000000000000000000000000000
430,215/16,1459378350877597764623503/32000000000000000000000000000000,182422293859699720577951/4000000000000000000000000000000
431,431/32,707238999672375969414169/16000000000000000000000000000000,1414477999344751938828443/32000000000000000000000000000000
432,27/2,1370959086399544907157481/32000000000000000000000000000000,685479543199772453578793/16000000000000000000000000000000
433,433/32,1328779109644856686270459/32000000000000000000000000000000,332194777411214171567641/8000000000000000000000000000000
434,217/16,1287896874344854461501723/32000000000000000000000000000000,1287896874344854461501827/32000000000000000000000000000000
435,435/32,1248272453192484309944953/32000000000000000000000000000000,1248272453192484309945057/32000000000000000000000000000000
436,109/8,1209867147314787078407147/32000000000000000000000000000000,1209867147314787078407251/32000000000000000000000000000000
437,437/32,93811475878236365611/2560000000000000000000000000,293160862119488642534401/8000000000000000000000000000000
438,219/16,113656500245521391104967/3200000000000000000000000000000,568282501227606955524887/16000000000000000000000000000000
439,439/32,44063862940870545321133/1280000000000000000000000000000,1101596573521763633028429/32000000000000000000000000000000
440,55/4,106770401004208573798283/3200000000000000000000000000000,533852005021042868991467/16000000000000000000000000000000
441,441/32,517427105558012433299083/16000000000000000000000000000000,103485421111602486659827/3200000000000000000000000000000
442,221/16,501507547125529866088379/16000000000000000000000000000000,501507547125529866088431/16000000000000000000000000000000
443,443/32,972155564029194202448413/32000000000000000000000000000000,972155564029194202448517/32000000000000000000000000000000
444,111/8,942245481737866799562397/32000000000000000000000000000000,942245481737866799562501/32000000000000000000000000000000
445,445/32,913255635935218889363171/32000000000000000000000000000000,36530225437408755574531/1280000000000000000000000000000
446,223/16,221289428480243591249943/8000000000000000000000000000000,221289428480243591249969/8000000000000000000000000000000
447,447/32,857924274085068088146817/32000000000000000000000000000000,857924274085068088146921/32000000000000000000000000000000
448,14,831528719107017597422509/32000000000000000000000000000000,831528719107017597422613/32000000000000000000000000000000
449,449/32,805945269979863465198319/32000000000000000000000000000000,805945269979863465198423/32000000000000000000000000000000
450,225/16,781148940833308992370883/32000000000000000000000000000000,781148940833308992370987/32000000000000000000000000000000
451,451/32,757115514531470462306967/32000000000000000000000000000000,757115514531470462307071/32000000000000000000000000000000
452,113/8,733821519021405692377437/32000000000000000000000000000000,733821519021405692377541/32000000000000000000000000000000
453,453/32,88905525551165232889071/4000000000000000000000000000000,22226381387791308222271/1000000000000000000000000000000
454,227/16,689361520742074287153409/32000000000000000000000000000000,689361520742074287153513/32000000000000000000000000000000
455,455/32,668152096472256596924503/32000000000000000000000000000000,668152096472256596924607/32000000000000000000000000000000
456,57/4,647595217585850454039429/32000000000000000000000000000000,647595217585850454039533/32000000000000000000000000000000
457,457/32,627670807372049966902323/32000000000000000000000000000000,627670807372049966902427/32000000000000000000000000000000
458,229/16,76044925851937897219313/4000000000000000000000000000000,38022462925968948609663/2000000000000000000000000000000
459,459/32,73705269448977607382649/4000000000000000000000000000000,36852634724488803691331/2000000000000000000000000000000
460,115/8,285750386823896017659319/16000000000000000000000000000000,285750386823896017659371/16000000000000000000000000000000
461,461/32,553917543348316695501287/32000000000000000000000000000000,553917543348316695501391/32000000000000000000000000000000
462,231/16,268437646086309820586159/16000000000000000000000000000000,268437646086309820586211/16000000000000000000000000000000
463,463/32,130089343985711466575227/8000000000000000000000000000000,130089343985711466575253/8000000000000000000000000000000
464,29/2,504347662568657810986339/32000000000000000000000000000000,504347662568657810986443/32000000000000000000000000000000
465,465/32,97766103258391756076781/6400000000000000000000000000000,488830516291958780384009/32000000000000000000000000000000
466,233/16,473790782416355264338553/32000000000000000000000000000000,473790782416355264338657/32000000000000000000000000000000
467,467/32,459213772506444309594189/32000000000000000000000000000000,459213772506444309594293/32000000000000000000000000000000
468,117/8,445085250042470947318151/32000000000000000000000000000000,89017050008494189463651/6400000000000000000000000000000
469,469/32,431391416516345412194477/32000000000000000000000000000000,431391416516345412194581/32000000000000000000000000000000
470,235/16,209059448977720469920863/16000000000000000000000000000000,41811889795544093984183/3200000000000000000000000000000
471,471/32,50656841482626339722901/4000000000000000000000000000000,25328420741313169861457/2000000000000000000000000000000
472,59/4,392786354548467499669551/32000000000000000000000000000000,78557270909693499933931/6400000000000000000000000000000
473,473/32,190350794438580934200673/16000000000000000000000000000000,7614031777543237368029/640000000000000000000000000000
474,237/16,368988632357675534531881/32000000000000000000000000000000,73797726471535106906397/6400000000000000000000000000000
475,475/32,357636045625014753361859/32000000000000000000000000000000,357636045625014753361963/32000000000000000000000000000000
476,119/8,346632741266446297554719/32000000000000000000000000000000,346632741266446297554823/32000000000000000000000000000000
477,477/32,41995996624133097613613/4000000000000000000000000000000,20997998312066548806813/2000000000000000000000000000000
478,239/16,162815662572257915695441/16000000000000000000000000000000,162815662572257915695493/16000000000000000000000000000000
479,479/32,315612702516624985520881/32000000000000000000000000000000,63122540503324997104197/6400000000000000000000000000000
480,15,305902320501997539486269/32000000000000000000000000000000,305902320501997539486373/32000000000000000000000000000000
481,481/32,9265334235436257904129/1000000000000000000000000000000,37061336941745031616529/4000000000000000000000000000000
482,241/16,287368635824512057765917/32000000000000000000000000000000,287368635824512057766021/32000000000000000000000000000000
483,483/32,6963180809680951646239/800000000000000000000000000000,4351988006050594778901/500000000000000000000000000000
484,121/8,269957850336419476572409/32000000000000000000000000000000,269957850336419476572513/32000000000000000000000000000000
485,485/32,261652120453841729808567/32000000000000000000000000000000,261652120453841729808671/32000000000000000000000000000000
486,243/16,126800965507532347553041/16000000000000000000000000000000,253601931015064695106187/32000000000000000000000000000000
487,487/32,122899709933586044735877/16000000000000000000000000000000,245799419867172089471859/32000000000000000000000000000000
488,61/4,238236966750262921286623/32000000000000000000000000000000,29779620843782865160841/4000000000000000000000000000000
489,489/32,9236287434207432263263/1280000000000000000000000000000,2886339823189822582271/400000000000000000000000000000
490,245/16,223802918610247728608623/32000000000000000000000000000000,27975364826280966076091/4000000000000000000000000000000
491,491/32,108458613344926218848267/16000000000000000000000000000000,216917226689852437696639/32000000000000000000000000000000
492,123/8,105121692619120217091091/16000000000000000000000000000000,210243385238240434182287/32000000000000000000000000000000
493,493/32,50943719075428138611093/8000000000000000000000000000000,203774876301712554444477/32000000000000000000000000000000
494,247/16,49376345615730698476337/8000000000000000000000000000000,197505382462922793905459/32000000000000000000000000000000
495,495/32,47857195167755837541033/8000000000000000000000000000000,191428780671023350164243/32000000000000000000000000000000
496,31/2,92769568130818073462711/16000000000000000000000000000000,185539136261636146925527/32000000000000000000000000000000
497,497/32,35966139432162098379437/6400000000000000000000000000000,17983069716081049189729/3200000000000000000000000000000
498,249/16,43574472066826552602931/8000000000000000000000000000000,174297888267306210411829/32000000000000000000000000000000
499,499/32,33787061201543151333997/6400000000000000000000000000000,16893530600771575667009/3200000000000000000000000000000
500,125/8,81868856529553803154873/16000000000000000000000000000000,163737713059107606309851/32000000000000000000000000000000
501,501/32,9918752077127302644597/2000000000000000000000000000000,158700033234036842313657/32000000000000000000000000000000
502,251/16,76908673261463710444469/16000000000000000000000000000000,153817346522927420889043/32000000000000000000000000000000
503,503/32,37271221072246074935493/8000000000000000000000000000000,149084884288984299742077/32000000000000000000000000000000
504,63/4,18062253076367822278937/4000000000000000000000000000000,144498024610942578231601/32000000000000000000000000000000
505,505/32,70026143884552591361409/16000000000000000000000000000000,140052287769105182722923/32000000000000000000000000000000
506,253/16,67871665935130286033821/16000000000000000000000000000000,135743331870260572067747/32000000000000000000000000000000
507,507/32,32891737151801893548563/8000000000000000000000000000000,131566948607207574194357/32000000000000000000000000000000
508,127/8,63759529574372963883301/16000000000000000000000000000000,127519059148745927766707/32000000000000000000000000000000
509,509/32,12359571015611852115487/3200000000000000000000000000000,4943828406244740846199/1280000000000000000000000000000
510,255/16,59896534961007409497823/16000000000000000000000000000000,119793069922014818995751/32000000000000000000000000000000
511,511/32,14513428078545583127543/4000000000000000000000000000000,116107424628364665020449/32000000000000000000000000000000
512,16,112535174719267665498221/32000000000000000000000000000000,56267587359633832749163/16000000000000000000000000000000
513,513/32,109072831385515803881357/32000000000000000000000000000000,109072831385515803881461/32000000000000000000000000000000
514,257/16,105717013157275923872749/32000000000000000000000000000000,105717013157275923872853/32000000000000000000000000000000
515,515/32,10246444260160435160631/3200000000000000000000000000000,51232221300802175803207/16000000000000000000000000000000
516,129/8,12413992890196038886883/4000000000000000000000000000000,775874555637252430431/250000000000000000000000000000
517,517/32,19251287170769604112611/6400000000000000000000000000000,96256435853848020563159/32000000000000000000000000000000
518,259/16,46647468330894768821717/16000000000000000000000000000000,46647468330894768821769/16000000000000000000000000000000
519,519/32,90424553220971642632921/32000000000000000000000000000000,45212276610485821316513/16000000000000000000000000000000
520,65/4,87642482194440402086009/32000000000000000000000000000000,43821241097220201043057/16000000000000000000000000000000
521,521/32,42473003247426314126253/16000000000000000000000000000000,84946006494852628252611/32000000000000000000000000000000
522,261/16,16466498526170865747601/6400000000000000000000000000000,8233249263085432873811/3200000000000000000000000000000
523,523/32,79799388135102508193929/32000000000000000000000000000000,39899694067551254097017/16000000000000000000000000000000
524,131/8,9668027383927302521077/4000000000000000000000000000000,77344219071418420168721/32000000000000000000000000000000
525,525/32,37482293809318825173283/16000000000000000000000000000000,74964587618637650346671/32000000000000000000000000000000
526,263/16,72658169728797317748063/32000000000000000000000000000000,9082271216099664718521/4000000000000000000000000000000
527,527/32,35211356428686640605497/16000000000000000000000000000000,70422712857373281211099/32000000000000000000000000000000
528,33/2,17064008440837651384079/8000000000000000000000000000000,68256033763350605536421/32000000000000000000000000000000
529,529/32,33078008188489371885599/16000000000000000000000000000000,66156016376978743771303/32000000000000000000000000000000
530,265/16,16030152433282248959709/8000000000000000000000000000000,64120609733128995838941/32000000000000000000000000000000
531,531/32,3884239123014742103791/2000000000000000000000000000000,62147825968235873660761/32000000000000000000000000000000
532,133/8,30117869189433050814363/16000000000000000000000000000000,60235738378866101628831/32000000000000000000000000000000
533,533/32,7297809942502396177711/4000000000000000000000000000000,58382479540019169421793/32000000000000000000000000000000
534,267/16,56586239481321690498853/32000000000000000000000000000000,28293119740660845249479/16000000000000000000000000000000
535,535/32,54845263919334361127787/32000000000000000000000000000000,13711315979833590281973/8000000000000000000000000000000
536,67/4,26578926272122558360921/16000000000000000000000000000000,53157852544245116721947/32000000000000000000000000000000
537,537/32,51522357359275198107227/32000000000000000000000000000000,12880589339818799526833/8000000000000000000000000000000
538,269/16,6242147633897040247457/4000000000000000000000000000000,49937181071176321979761/32000000000000000000000000000000
539,539/32,24200387765123523763819/16000000000000000000000000000000,48400775530247047527743/32000000000000000000000000000000
540,135/8,23455820109172396862487/16000000000000000000000000000000,46911640218344793725079/32000000000000000000000000000000
541,541/32,4546832078341683636213/3200000000000000000000000000000,9093664156683367272447/6400000000000000000000000000000
542,271/16,2754337976194940392153/2000000000000000000000000000000,44069407619119046274553/32000000000000000000000000000000
543,543/32,8542706897627032961149/6400000000000000000000000000000,854270689762703296117/640000000000000000000000000000
544,17,5174922148481511540613/4000000000000000000000000000000,41399377187852092325009/32000000000000000000000000000000
545,545/32,20062826128544016136683/16000000000000000000000000000000,40125652257088032273471/32000000000000000000000000000000
546,273/16,7778223144522085432643/6400000000000000000000000000000,972277893065260679083/800000000000000000000000000000
547,547/32,9423640471054870831683/8000000000000000000000000000000,37694561884219483326837/32000000000000000000000000000000
548,137/8,36534822137210745990991/32000000000000000000000000000000,4566852767151343248887/4000000000000000000000000000000
549,549/32,7082152766213338440121/6400000000000000000000000000000,3541076383106669220071/3200000000000000000000000000000
550,275/16,17160644581631345945661/16000000000000000000000000000000,34321289163262691891427/32000000000000000000000000000000
551,551/32,33265334107106981583119/32000000000000000000000000000000,4158166763388372697903/4000000000000000000000000000000
552,69/4,16120933686283767103289/16000000000000000000000000000000,32241867372567534206683/32000000000000000000000000000000
553,553/32,6249977879814184992787/6400000000000000000000000000000,781247234976773124101/800000000000000000000000000000
554,277/16,6057686275857903663891/6400000000000000000000000000000,757210784482237957989/800000000000000000000000000000
555,555/32,1834784644560222856807/2000000000000000000000000000000,29356554312963565709017/32000000000000000000000000000000
556,139/8,2845334808983413691263/3200000000000000000000000000000,5690669617966827382547/6400000000000000000000000000000
557,557/32,13788965300395619449237/16000000000000000000000000000000,27577930600791238898579/32000000000000000000000000000000
558,279/16,3341180859546129009719/4000000000000000000000000000000,26729446876369032077857/32000000000000000000000000000000
559,559/32,1619191765734172640009/2000000000000000000000000000000,25907068251746762240249/32000000000000000000000000000000
560,35/2,12554995778719956514143/16000000000000000000000000000000,25109991557439913028391/32000000000000000000000000000000
561,561/32,2433743833489117396047/3200000000000000000000000000000,973497533395646958423/1280000000000000000000000000000
562,281/16,23588654076195137214871/32000000000000000000000000000000,46071589992568627373/62500000000000000000000000000
563,563/32,4572581497442841280253/6400000000000000000000000000000,2286290748721420640137/3200000000000000000000000000000
564,141/8,22159489773366045385731/32000000000000000000000000000000,5539872443341511346459/8000000000000000000000000000000
565,565/32,4295542789477007442289/6400000000000000000000000000000,429554278947700744231/640000000000000000000000000000
566,283/16,10408457079190841949669/16000000000000000000000000000000,20816914158381683899443/32000000000000000000000000000000
567,567/32,20176445041544678375409/32000000000000000000000000000000,10088222520772339187757/16000000000000000000000000000000
568,71/4,9777840543925270135799/16000000000000000000000000000000,19555681087850540271703/32000000000000000000000000000000
569,569/32,18954016033165247573813/32000000000000000000000000000000,9477008016582623786959/16000000000000000000000000000000
570,285/16,18370862266141235127849/32000000000000000000000000000000,9185431133070617563977/16000000000000000000000000000000
571,571/32,3561130050866297471633/6400000000000000000000000000000,1780565025433148735827/3200000000000000000000000000000
572,143/8,2157228498495030516663/4000000000000000000000000000000,17257827987960244133409/32000000000000000000000000000000
573,573/32,4181715110201770725343/8000000000000000000000000000000,16726860440807082901477/32000000000000000000000000000000
574,287/16,16212229047677853860551/32000000000000000000000000000000,1013264315479865866291/2000000000000000000000000000000
575,575/32,31426862395904288693/64000000000000000000000000000,3142686239590428869321/6400000000000000000000000000000
576,18,15229979744712649631853/32000000000000000000000000000000,7614989872356324815979/16000000000000000000000000000000
577,577/32,1476140252897704527677/3200000000000000000000000000000,23618244046363272443/51200000000000000000000000000
578,289/16,14307241918567705906531/32000000000000000000000000000000,3576810479641926476659/8000000000000000000000000000000
579,579/32,1733381795146113903419/4000000000000000000000000000000,13867054361168911227457/32000000000000000000000000000000
580,145/8,6720204975567518093611/16000000000000000000000000000000,13440409951135036187327/32000000000000000000000000000000
581,581/32,13026892009626651976831/32000000000000000000000000000000,1628361501203331497117/4000000000000000000000000000000
582,291/16,6313048338832240581429/16000000000000000000000000000000,12626096677664481162963/32000000000000000000000000000000
583,583/32,12237632521703766364463/32000000000000000000000000000000,1529704065212970795571/4000000000000000000000000000000
584,73/4,11861120151343839845223/32000000000000000000000000000000,741320009458989990333/2000000000000000000000000000000
585,585/32,57480959243997665697/160000000000000000000000000000,2299238369759906627901/6400000000000000000000000000000
586,293/16,11142491209772552938029/32000000000000000000000000000000,5571245604886276469067/16000000000000000000000000000000
587,587/32,2699918198843020786489/8000000000000000000000000000000,10799672795372083146061/32000000000000000000000000000000
588,147/8,5233700897372332079519/16000000000000000000000000000000,10467401794744664159143/32000000000000000000000000000000
589,589/32,1014535369808385954027/3200000000000000000000000000000,81162829584670876323/256000000000000000000000000000
590,295/16,2458303494925089402457/8000000000000000000000000000000,9833213979700357609933/32000000000000000000000000000000
591,591/32,4765338895421490453453/16000000000000000000000000000000,9530677790842980907011/32000000000000000000000000000000
592,37/2,9237449661970599627247/32000000000000000000000000000000,1154681207746324953419/4000000000000000000000000000000
593,593/32,8953243214184175289759/32000000000000000000000000000000,1119155401773021911233/4000000000000000000000000000000
594,297/16,8677780879537107053269/32000000000000000000000000000000,4338890439768553526687/16000000000000000000000000000000
595,595/32,4205396814975362013771/16000000000000000000000000000000,8410793629950724027647/32000000000000000000000000000000
596,149/8,8152020714470171069487/32000000000000000000000000000000,1019002589308771383699/4000000000000000000000000000000
597,597/32,1975302351151020283443/8000000000000000000000000000000,7901209404604081133877/32000000000000000000000000000000
598,299/16,7658114747499322212413/32000000000000000000000000000000,3829057373749661106259/16000000000000000000000000000000
599,599/32,1484499865341951792117/6400000000000000000000000000000,742249932670975896069/3200000000000000000000000000000
600,75/4,1438826606065077147889/6400000000000000000000000000000,143882660606507714791/640000000000000000000000000000
601,601/32,11156468521976602007/51200000000000000000000000000,87159910327942203181/400000000000000000000000000000
602,301/16,3379131272152781124759/16000000000000000000000000000000,6758262544305562249623/32000000000000000000000000000000
603,603/32,6550332665257606641087/32000000000000000000000000000000,818791583157200830149/4000000000000000000000000000000
604,151/8,396800007252730101753/2000000000000000000000000000000,6348800116043681628153/32000000000000000000000000000000
605,605/32,3076734035758403050783/16000000000000000000000000000000,6153468071516806101671/32000000000000000000000000000000
606,303/16,1192829152440629055957/6400000000000000000000000000000,596414576220314527989/3200000000000000000000000000000
607,607/32,1156129657597706985371/6400000000000000000000000000000,72258103599856686587/400000000000000000000000000000
608,19,350174777346079287203/2000000000000000000000000000000,700349554692158574419/4000000000000000000000000000000
609,609/32,678802064158348087369/4000000000000000000000000000000,339401032079174043691/2000000000000000000000000000000
610,305/16,5263340161707316350187/32000000000000000000000000000000,5263340161707316350291/32000000000000000000000000000000
611,611/32,5101404209080826072957/32000000000000000000000000000000,5101404209080826073061/32000000000000000000000000000000
612,153/8,988890100387728975883/6400000000000000000000000000000,4944450501938644879519/32000000000000000000000000000000
613,613/32,4792325752702175738047/32000000000000000000000000000000,4792325752702175738151/32000000000000000000000000000000
614,307/16,2322440694977905000617/16000000000000000000000000000000,2322440694977905000669/16000000000000000000000000000000
615,615/32,4501973413345846570267/32000000000000000000000000000000,4501973413345846570371/32000000000000000000000000000000
616,77/4,4363462252943701991699/32000000000000000000000000000000,4363462252943701991803/32000000000000000000000000000000
617,617/32,4229212632936059692629/32000000000000000000000000000000,4229212632936059692733/32000000000000000000000000000000
618,309/16,4099093439508832433029/32000000000000000000000000000000,4099093439508832433133/32000000000000000000000000000000
619,619/32,397297759279590790721/3200000000000000000000000000000,1986488796397953953657/16000000000000000000000000000000
620,155/8,1925370961383808632209/16000000000000000000000000000000,1925370961383808632261/16000000000000000000000000000000
621,621/32,186613352446885700859/1600000000000000000000000000000,933066762234428504321/8000000000000000000000000000000
622,311/16,1808718631885690061877/16000000000000000000000000000000,1808718631885690061929/16000000000000000000000000000000
623,623/32,701228083936078121873/6400000000000000000000000000000,3506140419680390609469/32000000000000000000000000000000
624,39/2,1699133909747535730277/16000000000000000000000000000000,1699133909747535730329/16000000000000000000000000000000
625,625/32,205857131894130069331/2000000000000000000000000000000,16468570551530405547/160000000000000000000000000000
626,313/16,159618859028616846729/1600000000000000000000000000000,798094295143084233671/8000000000000000000000000000000
627,627/32,3094158060394598063571/32000000000000000000000000000000,123766322415783922547/1280000000000000000000000000000
628,157/8,2998960824857307467217/32000000000000000000000000000000,2998960824857307467321/32000000000000000000000000000000
629,629/32,726673125086073234023/8000000000000000000000000000000,726673125086073234049/8000000000000000000000000000000
630,315/16,2817262973736830917527/32000000000000000000000000000000,2817262973736830917631/32000000000000000000000000000000
631,631/32,109223396176215689271/1280000000000000000000000000000,2730584904405392231879/32000000000000000000000000000000
632,79/4,330821704863639638983/4000000000000000000000000000000,82705426215909909749/1000000000000000000000000000000
633,633/32,2565147128319711493953/32000000000000000000000000000000,2565147128319711494057/32000000000000000000000000000000
634,317/16,248622584808901960493/3200000000000000000000000000000,1243112924044509802517/16000000000000000000000000000000
635,635/32,602433180095503038759/8000000000000000000000000000000,120486636019100607757/1600000000000000000000000000000
636,159/8,72987282462479289741/1000000000000000000000000000000,291949129849917158977/4000000000000000000000000000000
637,637/32,1131867197707957529033/16000000000000000000000000000000,226373439541591505817/3200000000000000000000000000000
638,319/16,2194086610064318604843/32000000000000000000000000000000,2194086610064318604947/32000000000000000000000000000000
639,639/32,2126581661793876637423/32000000000000000000000000000000,2126581661793876637527/32000000000000000000000000000000
640,20,2061153622438557880457/32000000000000000000000000000000,2061153622438557880561/32000000000000000000000000000000
641,641/32,1997738592228756747511/32000000000000000000000000000000,399547718445751349523/6400000000000000000000000000000
642,321/16,1936274637384096122869/32000000000000000000000000000000,1936274637384096122973/32000000000000000000000000000000
643,643/32,469175432406574436781/8000000000000000000000000000000,469175432406574436807/8000000000000000000000000000000
644,161/8,909480843776522968433/16000000000000000000000000000000,181896168755304593697/3200000000000000000000000000000
645,645/32,1762998119815587892789/32000000000000000000000000000000,1762998119815587892893/32000000000000000000000000000000
646,323/16,1708756370044575455693/32000000000000000000000000000000,1708756370044575455797/32000000000000000000000000000000
647,647/32,1656183463470360575507/32000000000000000000000000000000,1656183463470360575611/32000000000000000000000000000000
648,81/4,1605228055185611633419/32000000000000000000000000000000,1605228055185611633529/32000000000000000000000000000000
649,649/32,1555840379999721716373/32000000000000000000000000000000,1555840379999721716483/32000000000000000000000000000000
650,325/16,301594440767206910849/6400000000000000000000000000000,301594440767206910871/6400000000000000000000000000000
651,651/32,58463071064976824417/1280000000000000000000000000000,292315355324884122107/6400000000000000000000000000000
652,163/8,1416608786643196238231/32000000000000000000000000000000,1416608786643196238341/32000000000000000000000000000000
653,653/32,171628039533224288111/4000000000000000000000000000000,686512158132897152499/16000000000000000000000000000000
654,327/16,332695199767241656019/8000000000000000000000000000000,665390399534483312093/16000000000000000000000000000000
655,655/32,322459244565157066783/8000000000000000000000000000000,644918489130314133621/16000000000000000000000000000000
656,41/2,125015286638674264061/3200000000000000000000000000000,15626910829834283009/400000000000000000000000000000
657,657/32,605844853138947691451/16000000000000000000000000000000,302922426569473845753/8000000000000000000000000000000
658,329/16,587204966598707932339/16000000000000000000000000000000,293602483299353966197/8000000000000000000000000000000
659,659/32,569138569077039279867/16000000000000000000000000000000,284569284538519639961/8000000000000000000000000000000
660,165/8,551628016171776965241/16000000000000000000000000000000,34476751010736060331/1000000000000000000000000000000
661,661/32,1069312412683880856391/32000000000000000000000000000000,1069312412683880856501/32000000000000000000000000000000
662,331/16,1036413128411301101109/32000000000000000000000000000000,1036413128411301101219/32000000000000000000000000000000
663,663/32,62782878043989494253/2000000000000000000000000000000,502263024351915954079/16000000000000000000000000000000
664,83/4,7606406494538723019/250000000000000000000000000000,486810015650478273271/16000000000000000000000000000000
665,665/32,471832446044392740171/16000000000000000000000000000000,235916223022196370113/8000000000000000000000000000000
666,333/16,457315687810491876271/16000000000000000000000000000000,228657843905245938163/8000000000000000000000000000000
667,667/32,886491126546674083319/32000000000000000000000000000000,886491126546674083429/32000000000000000000000000000000
668,167/8,53701041369838185951/2000000000000000000000000000000,429608330958705487663/16000000000000000000000000000000
669,669/32,832781344346179652119/32000000000000000000000000000000,832781344346179652229/32000000000000000000000000000000
670,335/16,403579677996102892207/16000000000000000000000000000000,201789838998051446131/8000000000000000000000000000000
671,671/32,78232567334616847337/3200000000000000000000000000000,19558141833654211837/800000000000000000000000000000
672,21,379128021395595337679/16000000000000000000000000000000,189564010697797668867/8000000000000000000000000000000
673,673/32,367463478457869451671/16000000000000000000000000000000,183731739228934725863/8000000000000000000000000000000
674,337/16,142463126311059677833/6400000000000000000000000000000,712315631555298389269/32000000000000000000000000000000
675,675/32,345199991770200821469/16000000000000000000000000000000,345199991770200821521/16000000000000000000000000000000
676,169/8,669158609129278200197/32000000000000000000000000000000,669158609129278200301/32000000000000000000000000000000
677,677/32,648570763104061977231/32000000000000000000000000000000,129714152620812395467/6400000000000000000000000000000
678,339/16,628616338510140713297/32000000000000000000000000000000,628616338510140713401/32000000000000000000000000000000
679,679/32,609275847018860097859/32000000000000000000000000000000,609275847018860097963/32000000000000000000000000000000
680,85/4,295265199947201987751/16000000000000000000000000000000,295265199947201987803/16000000000000000000000000000000
681,681/32,286180844773131042371/16000000000000000000000000000000,286180844773131042423/16000000000000000000000000000000
682,341/16,554751971649268696429/32000000000000000000000000000000,554751971649268696533/32000000000000000000000000000000
683,683/32,67210505976718728863/4000000000000000000000000000000,16802626494179682219/1000000000000000000000000000000
684,171/8,260570624394426996149/16000000000000000000000000000000,260570624394426996201/16000000000000000000000000000000
685,685/32,505107418182662087723/32000000000000000000000000000000,505107418182662087827/32000000000000000000000000000000
686,343/16,30597931042698556707/2000000000000000000000000000000,61195862085397113427/4000000000000000000000000000000
687,687/32,237252253382390860563/16000000000000000000000000000000,47450450676478172123/3200000000000000000000000000000
688,43/2,459905537865231678437/32000000000000000000000000000000,459905537865231678541/32000000000000000000000000000000
689,689/32,55719466502337654623/4000000000000000000000000000000,13929866625584413659/1000000000000000000000000000000
690,345/16,86408253986171250653/6400000000000000000000000000000,432041269930856253369/32000000000000000000000000000000
691,691/32,209374378741175532379/16000000000000000000000000000000,209374378741175532431/16000000000000000000000000000000
692,173/8,405865212647569312803/32000000000000000000000000000000,405865212647569312907/32000000000000000000000000000000
693,693/32,78675610563166559867/6400000000000000000000000000000,393378052815832799439/32000000000000000000000000000000
694,347/16,38127508250269573787/3200000000000000000000000000000,190637541251347868987/16000000000000000000000000000000
695,695/32,369544481439322732819/32000000000000000000000000000000,369544481439322732923/32000000000000000000000000000000
696,87/4,358174793028318073791/32000000000000000000000000000000,71634958605663614779/6400000000000000000000000000000
697,697/32,6943098263094636463/640000000000000000000000000000,173577456577365911627/16000000000000000000000000000000
698,349/16,168237039670657527851/16000000000000000000000000000000,168237039670657527903/16000000000000000000000000000000
699,699/32,81530465059358204407/8000000000000000000000000000000,81530465059358204433/8000000000000000000000000000000
700,175/8,3951101817892115447/400000000000000000000000000000,39511018178921154483/4000000000000000000000000000000
701,701/32,306363135576075046829/32000000000000000000000000000000,306363135576075046933/32000000000000000000000000000000
702,351/16,296937332818713937179/32000000000000000000000000000000,296937332818713937283/32000000000000000000000000000000
703,703/32,71950382881165196553/8000000000000000000000000000000,71950382881165196579/8000000000000000000000000000000
704,22,278946809286892480853/32000000000000000000000000000000,278946809286892480957/32000000000000000000000000000000
705,705/32,67591129552997673693/8000000000000000000000000000000,67591129552997673719/8000000000000000000000000000000
706,353/16,131023138237123088427/16000000000000000000000000000000,131023138237123088479/16000000000000000000000000000000
707,707/32,253983960129615932663/32000000000000000000000000000000,253983960129615932767/32000000000000000000000000000000
708,177/8,6154242379538461647/800000000000000000000000000000,3846401487211538531/500000000000000000000000000000
709,709/32,119297924945429110903/16000000000000000000000000000000,23859584989085822191/3200000000000000000000000000000
710,355/16,231255027322348782401/32000000000000000000000000000000,46251005464469756501/6400000000000000000000000000000
711,711/32,448280116241110869/64000000000000000000000000000,56035014530138858651/8000000000000000000000000000000
712,89/4,108621996753950847921/16000000000000000000000000000000,108621996753950847973/16000000000000000000000000000000
713,713/32,105280049249110727917/16000000000000000000000000000000,105280049249110727969/16000000000000000000000000000000
714,357/16,204081845319088781673/32000000000000000000000000000000,204081845319088781777/32000000000000000000000000000000
715,715/32,98901453518260680509/16000000000000000000000000000000,197802907036521361123/32000000000000000000000000000000
716,179/8,191717151375831198983/32000000000000000000000000000000,11982321960989449943/2000000000000000000000000000000
717,717/32,185818634732587752869/32000000000000000000000000000000,92909317366293876487/16000000000000000000000000000000
718,359/16,180101596367844359853/32000000000000000000000000000000,90050798183922179979/16000000000000000000000000000000
719,719/32,17456045278195877207/3200000000000000000000000000000,6982418111278350887/1280000000000000000000000000000
720,45/2,33837958452302607223/6400000000000000000000000000000,8459489613075651811/1600000000000000000000000000000
721,721/32,163984369594007009979/32000000000000000000000000000000,40996092398501752521/8000000000000000000000000000000
722,361/16,19867387618145458159/4000000000000000000000000000000,158939100945163665377/32000000000000000000000000000000
723,723/32,7702452944692156803/1600000000000000000000000000000,30809811778768627233/6400000000000000000000000000000
724,181/8,14930946761971640297/3200000000000000000000000000000,5972378704788656123/1280000000000000000000000000000
725,725/32,72357849119499346339/16000000000000000000000000000000,72357849119499346391/16000000000000000000000000000000
726,363/16,17532908035460909279/4000000000000000000000000000000,4383227008865227323/1000000000000000000000000000000
727,727/32,13594781731988848609/3200000000000000000000000000000,67973908659944243097/16000000000000000000000000000000
728,91/4,8235321418809666757/2000000000000000000000000000000,16470642837619333527/4000000000000000000000000000000
729,729/32,127711155451283333781/32000000000000000000000000000000,25542231090256666777/6400000000000000000000000000000
730,365/16,15472737034594816017/4000000000000000000000000000000,1547273703459481603/400000000000000000000000000000
731,731/32,119973527697938000993/32000000000000000000000000000000,119973527697938001097/32000000000000000000000000000000
732,183/8,116282330302209703731/32000000000000000000000000000000,23256466060441940767/6400000000000000000000000000000
733,733/32,28176174777814327089/8000000000000000000000000000000,5635234955562865423/1600000000000000000000000000000
734,367/16,54618570030143531601/16000000000000000000000000000000,54618570030143531653/16000000000000000000000000000000
735,735/32,105876266585577450421/32000000000000000000000000000000,4235050663423098021/1280000000000000000000000000000
736,23,4104751852680756121/1280000000000000000000000000000,102618796317018903129/32000000000000000000000000000000
737,737/32,9946154787241337693/3200000000000000000000000000000,49730773936206688517/16000000000000000000000000000000
738,369/16,96401437750402956407/32000000000000000000000000000000,96401437750402956511/32000000000000000000000000000000
739,739/32,18687095463798599319/6400000000000000000000000000000,93435477318992996699/32000000000000000000000000000000
740,185/8,5660048118545541773/2000000000000000000000000000000,11320096237091083559/4000000000000000000000000000000
741,741/32,1755490158473485201/640000000000000000000000000000,43887253961837130077/16000000000000000000000000000000
742,371/16,85073970219432295617/32000000000000000000000000000000,85073970219432295721/32000000000000000000000000000000
743,743/32,41228259662762267879/16000000000000000000000000000000,41228259662762267931/16000000000000000000000000000000
744,93/4,79919598929539319529/32000000000000000000000000000000,79919598929539319633/32000000000000000000000000000000
745,745/32,77460731368529560771/32000000000000000000000000000000,619685850948236487/256000000000000000000000000000
746,373/16,75077515209223112973/32000000000000000000000000000000,75077515209223113077/32000000000000000000000000000000
747,747/32,2273988215708819827/1000000000000000000000000000000,9095952862835279321/4000000000000000000000000000000
748,187/8,70528798511121595903/32000000000000000000000000000000,70528798511121596007/32000000000000000000000000000000
749,749/32,34179427752332372567/16000000000000000000000000000000,34179427752332372619/16000000000000000000000000000000
750,375/16,66255674625887249273/32000000000000000000000000000000,66255674625887249377/32000000000000000000000000000000
751,751/32,64217201820060937229/32000000000000000000000000000000,64217201820060937333/32000000000000000000000000000000
752,47/2,62241446229077832307/32000000000000000000000000000000,62241446229077832411/32000000000000000000000000000000
753,753/32,60326478247094556801/32000000000000000000000000000000,12065295649418911381/6400000000000000000000000000000
754,377/16,58470427635998269283/32000000000000000000000000000000,58470427635998269387/32000000000000000000000000000000
755,755/32,56671481698853619523/32000000000000000000000000000000,56671481698853619627/32000000000000000000000000000000
756,189/8,54927883509546832659/32000000000000000000000000000000,54927883509546832763/32000000000000000000000000000000
757,757/32,5323793019689791873/3200000000000000000000000000000,26618965098448959417/16000000000000000000000000000000
758,379/16,51599971281565199517/32000000000000000000000000000000,51599971281565199621/32000000000000000000000000000000
759,759/32,50012407064117903853/32000000000000000000000000000000,50012407064117903957/32000000000000000000000000000000
760,95/4,6059210882837819429/4000000000000000000000000000000,3029605441418909721/2000000000000000000000000000000
761,761/32,46982308498777312539/32000000000000000000000000000000,46982308498777312643/32000000000000000000000000000000
762,381/16,22768407414717682141/16000000000000000000000000000000,22768407414717682193/16000000000000000000000000000000
763,763/32,44135794324883988767/32000000000000000000000000000000,44135794324883988871/32000000000000000000000000000000
764,191/8,42777878689689979531/32000000000000000000000000000000,8555575737937995927/6400000000000000000000000000000
765,765/32,20730870863222445333/16000000000000000000000000000000,4146174172644489077/3200000000000000000000000000000
766,383/16,40186098040544979997/32000000000000000000000000000000,40186098040544980101/32000000000000000000000000000000
767,767/32,38949701784820884059/32000000000000000000000000000000,38949701784820884163/32000000000000000000000000000000
768,24,18875672721395488751/16000000000000000000000000000000,18875672721395488803/16000000000000000000000000000000
769,769/32,36589858649350091093/32000000000000000000000000000000,36589858649350091197/32000000000000000000000000000000
770,385/16,35464107047741823411/32000000000000000000000000000000,7092821409548364703/6400000000000000000000000000000
771,771/32,34372991181698117411/32000000000000000000000000000000,6874598236339623503/6400000000000000000000000000000
772,193/8,16657722710832059437/16000000000000000000000000000000,16657722710832059489/16000000000000000000000000000000
773,773/32,16145218462029811429/16000000000000000000000000000000,16145218462029811481/16000000000000000000000000000000
774,387/16,39121205778200849/40000000000000000000000000000,3912120577820084913/4000000000000000000000000000000
775,775/32,1516702912520810017/1600000000000000000000000000000,7583514562604050111/8000000000000000000000000000000
776,97/4,29400777392844724827/32000000000000000000000000000000,29400777392844724931/32000000000000000000000000000000
777,777/32,3562026321073233427/4000000000000000000000000000000,22262664506707709/25000000000000000000000000000
778,389/16,27619474339709460341/32000000000000000000000000000000,5523894867941892089/6400000000000000000000000000000
779,779/32,6692428112203247003/8000000000000000000000000000000,6692428112203247029/8000000000000000000000000000000
780,195/8,25946094982764665929/32000000000000000000000000000000,25946094982764666033/32000000000000000000000000000000
781,781/32,25147817562175440211/32000000000000000000000000000000,5029563512435088063/6400000000000000000000000000000
782,391/16,12187050277904156029/16000000000000000000000000000000,12187050277904156081/16000000000000000000000000000000
783,783/32,2362418831915774633/3200000000000000000000000000000,11812094159578873217/16000000000000000000000000000000
784,49/2,915893938258221157/1280000000000000000000000000000,22897348456455529029/32000000000000000000000000000000
785,785/32,2774108888172789613/4000000000000000000000000000000,1387054444086394813/2000000000000000000000000000000
786,393/16,21510068243786300629/32000000000000000000000000000000,21510068243786300733/32000000000000000000000000000000
787,787/32,20848273017731890271/32000000000000000000000000000000,166786184141855123/256000000000000000000000000000
788,197/8,20206839090222170821/32000000000000000000000000000000,808273563608886837/1280000000000000000000000000000
789,789/32,2448142501244882577/4000000000000000000000000000000,244814250124488259/400000000000000000000000000000
790,395/16,1186410537470292379/2000000000000000000000000000000,2372821074940584771/4000000000000000000000000000000
791,791/32,18398536362386388793/32000000000000000000000000000000,18398536362386388897/32000000000000000000000000000000
792,99/4,8916236454073194739/16000000000000000000000000000000,8916236454073194791/16000000000000000000000000000000
793,793/32,17283825395474502953/32000000000000000000000000000000,17283825395474503057/32000000000000000000000000000000
794,397/16,83760289960900647/160000000000000000000000000000,523501812255629047/1000000000000000000000000000000
795,795/32,4059162837974009303/8000000000000000000000000000000,4059162837974009329/8000000000000000000000000000000
796,199/8,15737102106862900959/32000000000000000000000000000000,15737102106862901063/32000000000000000000000000000000
797,797/32,3050584475263843709/6400000000000000000000000000000,15252922376319218649/32000000000000000000000000000000
798,399/16,14783639290016480511/32000000000000000000000000000000,2956727858003296123/6400000000000000000000000000000
799,799/32,7164397263197118201/16000000000000000000000000000000,7164397263197118253/16000000000000000000000000000000
800,25,13887943864964020579/32000000000000000000000000000000,13887943864964020683/32000000000000000000000000000000
801,801/32,3365164188116244207/8000000000000000000000000000000,3365164188116244233/8000000000000000000000000000000
802,401/16,1630814485295933893/4000000000000000000000000000000,815407242647966953/2000000000000000000000000000000
803,803/32,6322558393657009131/16000000000000000000000000000000,6322558393657009183/16000000000000000000000000000000
804,201/8,12256067444099482639/32000000000000000000000000000000,12256067444099482743/32000000000000000000000000000000
805,805/32,11878987890804760969/32000000000000000000000000000000,11878987890804761073/32000000000000000000000000000000
806,403/16,2878377463927505729/8000000000000000000000000000000,575675492785501151/1600000000000000000000000000000
807,807/32,5579638198812545579/16000000000000000000000000000000,5579638198812545631/16000000000000000000000000000000
808,101/4,2703985389321423073/8000000000000000000000000000000,2703985389321423099/8000000000000000000000000000000
809,809/32,655198126217194847/2000000000000000000000000000000,1310396252434389707/4000000000000000000000000000000
810,405/16,2032127357108261433/6400000000000000000000000000000,10160636785541307269/32000000000000000000000000000000
811,811/32,615501678499345299/2000000000000000000000000000000,1231003356998690611/4000000000000000000000000000000
812,203/8,9545034922840628687/32000000000000000000000000000000,9545034922840628791/32000000000000000000000000000000
813,813/32,1850273014290896781/6400000000000000000000000000000,9251365071454484009/32000000000000000000000000000000
814,407/16,8966730491527303519/32000000000000000000000000000000,8966730491527303623/32000000000000000000000000000000
815,815/32,543178324811291687/2000000000000000000000000000000,1086356649622583387/4000000000000000000000000000000
816,51/2,842346375446864739/3200000000000000000000000000000,4211731877234323747/16000000000000000000000000000000
817,817/32,8164301020237896169/32000000000000000000000000000000,8164301020237896273/32000000000000000000000000000000
818,409/16,3956555942541846013/16000000000000000000000000000000,791311188508369213/3200000000000000000000000000000
819,819/32,3834825513576433599/16000000000000000000000000000000,3834825513576433651/16000000000000000000000000000000
820,205/8,7433680672352188163/32000000000000000000000000000000,7433680672352188267/32000000000000000000000000000000
821,821/32,3602485181064097757/16000000000000000000000000000000,3602485181064097809/16000000000000000000000000000000
822,411/16,1745824182097926763/8000000000000000000000000000000,1745824182097926789/8000000000000000000000000000000
823,823/32,6768443275367165913/32000000000000000000000000000000,6768443275367166017/32000000000000000000000000000000
824,103/4,1640050042038444663/8000000000000000000000000000000,1640050042038444689/8000000000000000000000000000000
825,825/32,3179182013895971609/16000000000000000000000000000000,3179182013895971661/16000000000000000000000000000000
826,413/16,6162737732634820079/32000000000000000000000000000000,6162737732634820183/32000000000000000000000000000000
827,827/32,5973130225831057653/32000000000000000000000000000000,5973130225831057757/32000000000000000000000000000000
828,207/8,5789356328730651579/32000000000000000000000000000000,5789356328730651683/32000000000000000000000000000000
829,829/32,5611236560031702169/32000000000000000000000000000000,5611236560031702273/32000000000000000000000000000000
830,415/16,5438596960491441163/32000000000000000000000000000000,5438596960491441267/32000000000000000000000000000000
831,831/32,5271268923030333223/32000000000000000000000000000000,5271268923030333327/32000000000000000000000000000000
832,26,1021817805612664941/6400000000000000000000000000000,5109089028063324809/32000000000000000000000000000000
833,833/32,2475949441948708641/16000000000000000000000000000000,2475949441948708693/16000000000000000000000000000000
834,417/16,4799544972039692003/32000000000000000000000000000000,4799544972039692107/32000000000000000000000000000000
835,835/32,4651878497264705099/32000000000000000000000000000000,4651878497264705203/32000000000000000000000000000000
836,209/8,1127188810573706267/8000000000000000000000000000000,1127188810573706293/8000000000000000000000000000000
837,837/32,2185017713475792879/16000000000000000000000000000000,2185017713475792931/16000000000000000000000000000000
838,419/16,2117791785820248369/16000000000000000000000000000000,2117791785820248421/16000000000000000000000000000000
839,839/32,2052634182517992253/16000000000000000000000000000000,410526836503598461/3200000000000000000000000000000
840,105/4,3978962535837240079/32000000000000000000000000000000,3978962535837240183/32000000000000000000000000000000
841,841/32,771308545693944871/6400000000000000000000000000000,3856542728469724459/32000000000000000000000000000000
842,421/16,233618086413183507/2000000000000000000000000000000,467236172826367027/4000000000000000000000000000000
843,843/32,3622886616422782457/32000000000000000000000000000000,3622886616422782561/32000000000000000000000000000000
844,211/8,3511422113376511551/32000000000000000000000000000000,702284422675302331/6400000000000000000000000000000
845,845/32,850846753139919023/8000000000000000000000000000000,850846753139919049/8000000000000000000000000000000
846,423/16,1649337901178998369/16000000000000000000000000000000,1649337901178998421/16000000000000000000000000000000
847,847/32,31971862174082907/320000000000000000000000000000,799296554352072701/8000000000000000000000000000000
848,53/2,1549409569360912713/16000000000000000000000000000000,309881913872182553/3200000000000000000000000000000
849,849/32,3003478496880553641/32000000000000000000000000000000,600695699376110749/6400000000000000000000000000000
850,425/16,727767794552921781/8000000000000000000000000000000,727767794552921807/8000000000000000000000000000000
851,851/32,22572055470791803/256000000000000000000000000000,2821506933848975479/32000000000000000000000000000000
852,213/8,13673491457959373/160000000000000000000000000000,170918643224492169/2000000000000000000000000000000
853,853/32,2650560470476524973/32000000000000000000000000000000,2650560470476525077/32000000000000000000000000000000
854,427/16,1284505648987551307/16000000000000000000000000000000,1284505648987551359/16000000000000000000000000000000
855,855/32,1244985564871339843/16000000000000000000000000000000,248997112974267979/3200000000000000000000000000000
856,107/4,2413362771833214031/32000000000000000000000000000000,482672554366642827/6400000000000000000000000000000
857,857/32,2339111405308701217/32000000000000000000000000000000,2339111405308701321/32000000000000000000000000000000
858,429/16,2267144513167859123/32000000000000000000000000000000,2267144513167859227/32000000000000000000000000000000
859,859/32,1098695904761490277/16000000000000000000000000000000,1098695904761490329/16000000000000000000000000000000
860,215/8,2129785170955785023/32000000000000000000000000000000,2129785170955785127/32000000000000000000000000000000
861,861/32,41285171399704579/640000000000000000000000000000,1032129284992614527/16000000000000000000000000000000
862,431/16,100037400529114807/1600000000000000000000000000000,500187002645574061/8000000000000000000000000000000
863,863/32,387838293133757917/6400000000000000000000000000000,1939191465668789689/32000000000000000000000000000000
864,27,23494110206738541/400000000000000000000000000000,234941102067385423/4000000000000000000000000000000
865,865/32,1821701794145670803/32000000000000000000000000000000,1821701794145670907/32000000000000000000000000000000
866,433/16,55176685068473989/1000000000000000000000000000000,220706740273895969/4000000000000000000000000000000
867,867/32,855665230985594291/16000000000000000000000000000000,855665230985594343/16000000000000000000000000000000
868,217/8,1658678358914231261/32000000000000000000000000000000,331735671782846273/6400000000000000000000000000000
869,869/32,1607646190766354713/32000000000000000000000000000000,1607646190766354817/32000000000000000000000000000000
870,435/16,311636823474009533/6400000000000000000000000000000,1558184117370047769/32000000000000000000000000000000
871,871/32,302048766397647731/6400000000000000000000000000000,1510243831988238759/32000000000000000000000000000000
872,109/4,1463778514125908913/32000000000000000000000000000000,1463778514125909017/32000000000000000000000000000000
873,873/32,1418742783803231611/32000000000000000000000000000000,283748556760646343/6400000000000000000000000000000
874,437/16,687546328617789361/16000000000000000000000000000000,687546328617789413/16000000000000000000000000000000
875,875/32,1332785503877110713/32000000000000000000000000000000,1332785503877110817/32000000000000000000000000000000
876,219/8,645890002392998021/16000000000000000000000000000000,645890002392998073/16000000000000000000000000000000
877,877/32,626018056135299091/16000000000000000000000000000000,626018056135299143/16000000000000000000000000000000
878,439/16,1213515010777218951/32000000000000000000000000000000,242703002155443811/6400000000000000000000000000000
879,879/32,1176179078981199471/32000000000000000000000000000000,47047163159247983/1280000000000000000000000000000
880,55/2,1139991853044355331/32000000000000000000000000000000,227998370608871087/6400000000000000000000000000000
881,881/32,220983598200572327/6400000000000000000000000000000,1104917991002861739/32000000000000000000000000000000
882,441/16,1070923238250807631/32000000000000000000000000000000,214184647650161547/6400000000000000000000000000000
883,883/32,1037974394085710729/32000000000000000000000000000000,1037974394085710833/32000000000000000000000000000000
884,221/8,503019639641658421/16000000000000000000000000000000,503019639641658473/16000000000000000000000000000000
885,885/32,975086704670019241/32000000000000000000000000000000,195017340934003869/6400000000000000000000000000000
886,443/16,14766975635346913/500000000000000000000000000000,118135805082775317/4000000000000000000000000000000
887,887/32,916009187742761897/32000000000000000000000000000000,916009187742762001/32000000000000000000000000000000
888,111/4,887826547845965829/32000000000000000000000000000000,887826547845965933/32000000000000000000000000000000
889,889/32,215127749155678029/8000000000000000000000000000000,43025549831135611/1600000000000000000000000000000
890,445/16,417017928279546831/16000000000000000000000000000000,417017928279546883/16000000000000000000000000000000
891,891/32,404187635461009253/16000000000000000000000000000000,80837527092201861/3200000000000000000000000000000
892,223/8,391752089253219467/16000000000000000000000000000000,391752089253219519/16000000000000000000000000000000
893,893/32,189849572289881669/8000000000000000000000000000000,37969914457976339/1600000000000000000000000000000
894,447/16,368017030028945031/16000000000000000000000000000000,368017030028945083/16000000000000000000000000000000
895,895/32,4458679204466653/200000000000000000000000000000,89173584089333073/4000000000000000000000000000000
896,28,138288002138804057/6400000000000000000000000000000,691440010694020389/32000000000000000000000000000000
897,897/32,335083319005661611/16000000000000000000000000000000,335083319005661663/16000000000000000000000000000000
898,449/16,324773889098926023/16000000000000000000000000000000,12990955563957043/640000000000000000000000000000
899,899/32,62956329400962707/3200000000000000000000000000000,314781647004813587/16000000000000000000000000000000
900,225/8,610193667760532421/32000000000000000000000000000000,24407746710421301/1280000000000000000000000000000
901,901/32,295709991130262259/16000000000000000000000000000000,295709991130262311/16000000000000000000000000000000
902,451/16,573223902340310217/32000000000000000000000000000000,573223902340310321/32000000000000000000000000000000
903,903/32,555587656944450853/32000000000000000000000000000000,555587656944450957/32000000000000000000000000000000
904,113/4,10769880435508071/640000000000000000000000000000,269247010887701827/16000000000000000000000000000000
905,905/32,130481575617887311/8000000000000000000000000000000,130481575617887337/8000000000000000000000000000000
906,453/16,126467079575694593/8000000000000000000000000000000,126467079575694619/8000000000000000000000000000000
907,907/32,122576096591927663/8000000000000000000000000000000,122576096591927689/8000000000000000000000000000000
908,227/8,475219306277115301/32000000000000000000000000000000,95043861255423081/6400000000000000000000000000000
909,909/32,460598345308572867/32000000000000000000000000000000,460598345308572971/32000000000000000000000000000000
910,455/16,446427224017880103/32000000000000000000000000000000,446427224017880207/32000000000000000000000000000000
911,911/32,108173025573286343/8000000000000000000000000000000,108173025573286369/8000000000000000000000000000000
912,57/2,419379565837954427/32000000000000000000000000000000,419379565837954531/32000000000000000000000000000000
913,913/32,406476613070405463/32000000000000000000000000000000,406476613070405567/32000000000000000000000000000000
914,457/16,78794128485043697/6400000000000000000000000000000,393970642425218589/32000000000000000000000000000000
915,915/32,381849440046517699/32000000000000000000000000000000,381849440046517803/32000000000000000000000000000000
916,229/8,18505058392963359/1600000000000000000000000000000,92525291964816821/8000000000000000000000000000000
917,917/32,179357176003854943/16000000000000000000000000000000,35871435200770999/3200000000000000000000000000000
918,459/16,43459733956189813/4000000000000000000000000000000,21729866978094913/2000000000000000000000000000000
919,919/32,33698094809471403/3200000000000000000000000000000,168490474047357067/16000000000000000000000000000000
920,115/4,326613134278744697/32000000000000000000000000000000,326613134278744801/32000000000000000000000000000000
921,921/32,316564304559444213/32000000000000000000000000000000,316564304559444317/32000000000000000000000000000000
922,461/16,19176540301744037/2000000000000000000000000000000,38353080603488087/4000000000000000000000000000000
923,923/32,74346160730901361/8000000000000000000000000000000,74346160730901387/8000000000000000000000000000000
924,231/8,144117539672219367/16000000000000000000000000000000,144117539672219419/16000000000000000000000000000000
925,925/32,69841754560639007/8000000000000000000000000000000,69841754560639033/8000000000000000000000000000000
926,463/16,270771798697244401/32000000000000000000000000000000,54154359739448901/6400000000000000000000000000000
927,927/32,262441026256307721/32000000000000000000000000000000,10497641050252313/1280000000000000000000000000000
928,29,10174662589507691/1280000000000000000000000000000,254366564737692379/32000000000000000000000000000000
929,929/32,246540528283349853/32000000000000000000000000000000,246540528283349957/32000000000000000000000000000000
930,465/16,238955273657577767/32000000000000000000000000000000,238955273657577871/32000000000000000000000000000000
931,931/32,115801696391157019/16000000000000000000000000000000,115801696391157071/16000000000000000000000000000000
932,233/8,112238852751048699/16000000000000000000000000000000,112238852751048751/16000000000000000000000000000000
933,933/32,217571252571626081/32000000000000000000000000000000,43514250514325237/6400000000000000000000000000000
934,467/16,210877288859066741/32000000000000000000000000000000,42175457771813369/6400000000000000000000000000000
935,935/32,25548659594809447/4000000000000000000000000000000,1277432979740473/200000000000000000000000000000
936,117/4,198100879804897941/32000000000000000000000000000000,39620175960979609/6400000000000000000000000000000
937,937/32,96002978242955351/16000000000000000000000000000000,96002978242955403/16000000000000000000000000000000
938,469/16,93049277121781703/16000000000000000000000000000000,18609855424356351/3200000000000000000000000000000
939,939/32,22546612957607541/4000000000000000000000000000000,11273306478803777/2000000000000000000000000000000
940,235/8,8741170641355283/1600000000000000000000000000000,43705853206776441/8000000000000000000000000000000
941,941/32,169444661876608799/32000000000000000000000000000000,169444661876608903/32000000000000000000000000000000
942,471/16,164231397695416017/32000000000000000000000000000000,164231397695416121/32000000000000000000000000000000
943,943/32,159178528790898867/32000000000000000000000000000000,159178528790898971/32000000000000000000000000000000
944,59/2,4821285009974649/1000000000000000000000000000000,19285140039898609/4000000000000000000000000000000
945,945/32,7476719463280067/1600000000000000000000000000000,37383597316400361/8000000000000000000000000000000
946,473/16,144933699773343493/32000000000000000000000000000000,144933699773343597/32000000000000000000000000000000
947,947/32,14047455861594109/3200000000000000000000000000000,70237279307970597/16000000000000000000000000000000
948,237/8,136152610808965371/32000000000000000000000000000000,5446104432358619/1280000000000000000000000000000
949,949/32,131963635356772353/32000000000000000000000000000000,131963635356772457/32000000000000000000000000000000
950,475/16,31975885282525327/8000000000000000000000000000000,31975885282525353/8000000000000000000000000000000
951,951/32,619841814352531/160000000000000000000000000000,1937005669851661/500000000000000000000000000000
952,119/4,120154257317717843/32000000000000000000000000000000,120154257317717947/32000000000000000000000000000000
953,953/32,116457499456154599/32000000000000000000000000000000,116457499456154703/32000000000000000000000000000000
954,477/16,112874478876915803/32000000000000000000000000000000,112874478876915907/32000000000000000000000000000000
955,955/32,109401696251704881/32000000000000000000000000000000,21880339250340997/6400000000000000000000000000000
956,239/8,2120715198304769/640000000000000000000000000000,53017879957619277/16000000000000000000000000000000
957,957/32,20554676510560727/6400000000000000000000000000000,102773382552803739/32000000000000000000000000000000
958,479/16,19922275597945707/6400000000000000000000000000000,99611377989728639/32000000000000000000000000000000
959,959/32,96546658079630297/32000000000000000000000000000000,96546658079630401/32000000000000000000000000000000
960,30,93576229688401731/32000000000000000000000000000000,18715245937680367/6400000000000000000000000000000
961,961/32,18139438354198181/6400000000000000000000000000000,90697191770991009/32000000000000000000000000000000
962,481/16,21976683134529693/8000000000000000000000000000000,21976683134529719/8000000000000000000000000000000
963,963/32,85202126710167737/32000000000000000000000000000000,85202126710167841/32000000000000000000000000000000
964,241/8,16516146571111837/6400000000000000000000000000000,82580732855559289/32000000000000000000000000000000
965,965/32,80039990811020527/32000000000000000000000000000000,80039990811020631/32000000000000000000000000000000
966,483/16,19394354795305571/8000000000000000000000000000000,19394354795305597/8000000000000000000000000000000
967,967/32,300762451661373/128000000000000000000000000000,37595306457671677/16000000000000000000000000000000
968,121/4,72877240958196909/32000000000000000000000000000000,72877240958197013/32000000000000000000000000000000
969,969/32,70635043973625091/32000000000000000000000000000000,14127008794725039/6400000000000000000000000000000
970,485/16,34230916068967721/16000000000000000000000000000000,34230916068967773/16000000000000000000000000000000
971,971/32,66355483001227691/32000000000000000000000000000000,13271096600245559/6400000000000000000000000000000
972,243/8,32156969707259991/16000000000000000000000000000000,32156969707260043/16000000000000000000000000000000
973,973/32,62335207520650833/32000000000000000000000000000000,62335207520650937/32000000000000000000000000000000
974,487/16,12083470961398907/6400000000000000000000000000000,60417354806994639/32000000000000000000000000000000
975,975/32,3659906763630513/2000000000000000000000000000000,7319813527261039/4000000000000000000000000000000
976,61/2,56756852326327209/32000000000000000000000000000000,56756852326327313/32000000000000000000000000000000
977,977/32,27505313779471167/16000000000000000000000000000000,27505313779471219/16000000000000000000000000000000
978,489/16,5331812847952719/3200000000000000000000000000000,26659064239763647/16000000000000000000000000000000
979,979/32,6459712765304677/4000000000000000000000000000000,645971276530469/400000000000000000000000000000
980,245/8,6260968297304381/4000000000000000000000000000000,3130484148652197/2000000000000000000000000000000
981,981/32,4854670843000139/3200000000000000000000000000000,9709341686000299/6400000000000000000000000000000
982,491/16,47053083234790247/32000000000000000000000000000000,2940817702174397/2000000000000000000000000000000
983,983/32,4560541205574039/3200000000000000000000000000000,9121082411148099/6400000000000000000000000000000
984,123/4,22101140518205857/16000000000000000000000000000000,44202281036411819/32000000000000000000000000000000
985,985/32,10710579955038423/8000000000000000000000000000000,42842319820153797/32000000000000000000000000000000
986,493/16,20762100105878773/16000000000000000000000000000000,41524200211757651/32000000000000000000000000000000
987,987/32,20123317440142529/16000000000000000000000000000000,40246634880285163/32000000000000000000000000000000
988,247/8,7801675220361427/6400000000000000000000000000000,975209402545181/800000000000000000000000000000
989,989/32,37808214540824251/32000000000000000000000000000000,9452053635206089/8000000000000000000000000000000
990,495/16,36644978069178633/32000000000000000000000000000000,18322489034589369/16000000000000000000000000000000
991,991/32,355175306213047/320000000000000000000000000000,7103506124260961/6400000000000000000000000000000
992,31,34424771084699749/32000000000000000000000000000000,17212385542349927/16000000000000000000000000000000
993,993/32,33365632224531261/32000000000000000000000000000000,16682816112265683/16000000000000000000000000000000
994,497/16,32339079641330569/32000000000000000000000000000000,16169539820665337/16000000000000000000000000000000
995,995/32,7836027690188729/8000000000000000000000000000000,31344110760755021/32000000000000000000000000000000
996,249/8,30379753854431269/32000000000000000000000000000000,15189876927215687/16000000000000000000000000000000
997,997/32,36806333863657/40000000000000000000000000000,5889013418185141/6400000000000000000000000000000
998,499/16,14269568807955387/16000000000000000000000000000000,28539137615910879/32000000000000000000000000000000
999,999/32,13830540330317349/16000000000000000000000000000000,27661080660634803/32000000000000000000000000000000
1000,125/4,837813708681813/1000000000000000000000000000000,26810038677818121/32000000000000000000000000000000
1001,1001/32,12992590252068721/16000000000000000000000000000000,25985180504137547/32000000000000000000000000000000
1002,501/16,2518570054847677/3200000000000000000000000000000,40297120877563/51200000000000000000000000000
1003,1003/32,6102704501288193/8000000000000000000000000000000,24410818005152877/32000000000000000000000000000000
1004,251/8,11829888045673799/16000000000000000000000000000000,23659776091347703/32000000000000000000000000000000
1005,1005/32,11465920654001453/16000000000000000000000000000000,22931841308003011/32000000000000000000000000000000
1006,503/16,22226302723453893/32000000000000000000000000000000,11113151361726999/16000000000000000000000000000000
1007,1007/32,2692808909887949/4000000000000000000000000000000,21542471279103697/32000000000000000000000000000000
1008,63/2,20879679116459319/32000000000000000000000000000000,652489972389357/1000000000000000000000000000000
1009,1009/32,20237278924874039/32000000000000000000000000000000,632414966402317/1000000000000000000000000000000
1010,505/16,3922928661871123/6400000000000000000000000000000,490366082733893/800000000000000000000000000000
1011,1011/32,4752791044456631/8000000000000000000000000000000,19011164177826629/32000000000000000000000000000000
1012,253/8,2303281518404451/4000000000000000000000000000000,18426252147235713/32000000000000000000000000000000
1013,1013/32,2232416995992731/4000000000000000000000000000000,17859335967941953/32000000000000000000000000000000
1014,507/16,8654930982903993/16000000000000000000000000000000,17309861965808091/32000000000000000000000000000000
1015,1015/32,16777293501459121/32000000000000000000000000000000,8388646750729613/16000000000000000000000000000000
1016,127/4,4065277611544543/8000000000000000000000000000000,16261110446178277/32000000000000000000000000000000
1017,1017/32,246262635530099/500000000000000000000000000000,15760808673926441/32000000000000000000000000000000
1018,509/16,7637949784496221/16000000000000000000000000000000,15275899568992547/32000000000000000000000000000000
1019,1019/32,2961181909758067/6400000000000000000000000000000,370147738719761/800000000000000000000000000000
1020,255/8,3587594900334561/8000000000000000000000000000000,14350379601338349/32000000000000000000000000000000
1021,1021/32,2781772967393683/6400000000000000000000000000000,347721620924213/800000000000000000000000000000
1022,511/16,2696186810765837/6400000000000000000000000000000,1348093405382929/3200000000000000000000000000000
1023,1023/32,6533084658377577/16000000000000000000000000000000,13066169316755259/32000000000000000000000000000000
1024,32,158302069363677/400000000000000000000000000000,2532833109818853/6400000000000000000000000000000
1025,1025/32,6137265068546209/16000000000000000000000000000000,12274530137092523/32000000000000000000000000000000
1026,513/16,11896882546451447/32000000000000000000000000000000,371777579576611/1000000000000000000000000000000
1027,1027/32,115308539506823/320000000000000000000000000000,2306170790136481/6400000000000000000000000000000
1028,257/8,1397010858861767/4000000000000000000000000000000,11176086870894241/32000000000000000000000000000000
1029,1029/32,5416117413332663/16000000000000000000000000000000,10832234826665431/32000000000000000000000000000000
1030,515/16,5249480998828067/16000000000000000000000000000000,10498961997656239/32000000000000000000000000000000
1031,1031/32,10175942895632473/32000000000000000000000000000000,5087971447816289/16000000000000000000000000000000
1032,129/4,2465715511645109/8000000000000000000000000000000,9862862046580541/32000000000000000000000000000000
1033,1033/32,955941368260113/3200000000000000000000000000000,1911882736520247/6400000000000000000000000000000
1034,517/16,579081340205307/2000000000000000000000000000000,9265301443285017/32000000000000000000000000000000
1035,1035/32,4490119043136687/16000000000000000000000000000000,8980238086273479/32000000000000000000000000000000
1036,259/8,2175986301681599/8000000000000000000000000000000,8703945206726501/32000000000000000000000000000000
1037,1037/32,1054519120677537/4000000000000000000000000000000,8436152965420401/32000000000000000000000000000000
1038,519/16,1635319965042303/6400000000000000000000000000000,408829991260581/1600000000000000000000000000000
1039,1039/32,3962516147804233/16000000000000000000000000000000,7925032295608571/32000000000000000000000000000000
1040,65/2,7681204685202079/32000000000000000000000000000000,960150585650273/4000000000000000000000000000000
1041,1041/32,7444878861713259/32000000000000000000000000000000,1861219715428341/8000000000000000000000000000000
1042,521/16,901978002427863/4000000000000000000000000000000,7215824019423009/32000000000000000000000000000000
1043,1043/32,1398763290751471/6400000000000000000000000000000,349690822687873/1600000000000000000000000000000
1044,261/8,1355727868561823/6400000000000000000000000000000,338931967140461/1600000000000000000000000000000
1045,1045/32,6570082535579477/32000000000000000000000000000000,3285041267789791/16000000000000000000000000000000
1046,523/16,1591985586684059/8000000000000000000000000000000,6367942346736341/32000000000000000000000000000000
1047,1047/32,6172021357686043/32000000000000000000000000000000,6172021357686147/32000000000000000000000000000000
1048,131/4,74776602797089/400000000000000000000000000000,747766027970903/4000000000000000000000000000000
1049,1049/32,362379842960877/2000000000000000000000000000000,724759685921767/4000000000000000000000000000000
1050,525/16,5619689396832007/32000000000000000000000000000000,5619689396832111/32000000000000000000000000000000
1051,1051/32,5446789730843901/32000000000000000000000000000000,1089357946168801/6400000000000000000000000000000
1052,263/8,5279209628338369/32000000000000000000000000000000,5279209628338473/32000000000000000000000000000000
1053,1053/32,1023357084710611/6400000000000000000000000000000,5116785423553159/32000000000000000000000000000000
1054,527/16,4959358486191737/32000000000000000000000000000000,4959358486191841/32000000000000000000000000000000
1055,1055/32,2403387533249661/16000000000000000000000000000000,2403387533249713/16000000000000000000000000000000
1056,33,4658886145103381/32000000000000000000000000000000,931777229020697/6400000000000000000000000000000
1057,1057/32,564443410934447/4000000000000000000000000000000,28222170546723/200000000000000000000000000000
1058,529/16,2188309251435417/16000000000000000000000000000000,2188309251435469/16000000000000000000000000000000
1059,1059/32,4241964107606513/32000000000000000000000000000000,4241964107606617/32000000000000000000000000000000
1060,265/8,4111452592548019/32000000000000000000000000000000,4111452592548123/32000000000000000000000000000000
1061,1061/32,1992478247335733/16000000000000000000000000000000,398495649467157/3200000000000000000000000000000
1062,531/16,3862352272577939/32000000000000000000000000000000,3862352272578043/32000000000000000000000000000000
1063,1063/32,3743520185837773/32000000000000000000000000000000,3743520185837877/32000000000000000000000000000000
1064,133/4,3628344178047029/32000000000000000000000000000000,3628344178047133/32000000000000000000000000000000
1065,1065/32,3516711763481933/32000000000000000000000000000000,1758355881741019/16000000000000000000000000000000
1066,533/16,3408513917240601/32000000000000000000000000000000,1704256958620353/16000000000000000000000000000000
1067,1067/32,3303644968764741/32000000000000000000000000000000,1651822484382423/16000000000000000000000000000000
1068,267/8,64040049972747/640000000000000000000000000000,640400499727491/6400000000000000000000000000000
1069,1069/32,1551743619277807/16000000000000000000000000000000,3103487238555719/32000000000000000000000000000000
1070,535/16,601600594876263/6400000000000000000000000000000,150400148719071/1600000000000000000000000000000
1071,1071/32,583091290434813/6400000000000000000000000000000,291545645217417/3200000000000000000000000000000
1072,67/2,565151457423119/6400000000000000000000000000000,28257572871157/320000000000000000000000000000
1073,1073/32,2738817875236147/32000000000000000000000000000000,684704468809063/8000000000000000000000000000000
1074,537/16,1327276653928379/16000000000000000000000000000000,2654553307856863/32000000000000000000000000000000
1075,1075/32,2572881288663883/32000000000000000000000000000000,643220322165997/8000000000000000000000000000000
1076,269/8,2493722053335359/32000000000000000000000000000000,311715256666933/4000000000000000000000000000000
1077,1077/32,120849914581961/1600000000000000000000000000000,96679931665573/1280000000000000000000000000000
1078,539/16,2342635071929279/32000000000000000000000000000000,292829383991173/4000000000000000000000000000000
1079,1079/32,1135279883981869/16000000000000000000000000000000,2270559767963843/32000000000000000000000000000000
1080,135/4,2200701987975351/32000000000000000000000000000000,68771937124233/1000000000000000000000000000000
1081,1081/32,2132993505923869/32000000000000000000000000000000,1066496752961987/16000000000000000000000000000000
1082,541/16,516842048715907/8000000000000000000000000000000,2067368194863733/32000000000000000000000000000000
1083,1083/32,1001880981180597/16000000000000000000000000000000,2003761962361299/32000000000000000000000000000000
1084,271/8,971056343950003/16000000000000000000000000000000,1942112687900111/32000000000000000000000000000000
1085,1085/32,1882360162210869/32000000000000000000000000000000,941180081105487/16000000000000000000000000000000
1086,543/16,28506969194829/500000000000000000000000000000,1824446028469161/32000000000000000000000000000000
1087,1087/32,1768313725300583/32000000000000000000000000000000,110519607831293/2000000000000000000000000000000
1088,34,1713908431541997/32000000000000000000000000000000,856954215771051/16000000000000000000000000000000
1089,1089/32,1661177012699727/32000000000000000000000000000000,207647126587479/4000000000000000000000000000000
1090,545/16,1610067969056707/32000000000000000000000000000000,402516992264203/8000000000000000000000000000000
1091,1091/32,156053138537559/3200000000000000000000000000000,312106277075139/6400000000000000000000000000000
1092,273/8,1512518882149433/32000000000000000000000000000000,756259441074769/16000000000000000000000000000000
1093,1093/32,1465983568352239/32000000000000000000000000000000,183247946044043/4000000000000000000000000000000
1094,547/16,1420879995643213/32000000000000000000000000000000,710439997821659/16000000000000000000000000000000
1095,1095/32,275432822796001/6400000000000000000000000000000,137716411398011/3200000000000000000000000000000
1096,137/4,333698307149397/8000000000000000000000000000000,1334793228597693/32000000000000000000000000000000
1097,1097/32,646862979155381/16000000000000000000000000000000,1293725958310867/32000000000000000000000000000000
1098,549/16,1253922195099547/32000000000000000000000000000000,313480548774913/8000000000000000000000000000000
1099,1099/32,1215343064938011/32000000000000000000000000000000,303835766234529/8000000000000000000000000000000
1100,275/8,1177950889828261/32000000000000000000000000000000,588975444914183/16000000000000000000000000000000
1101,1101/32,1141709151002533/32000000000000000000000000000000,570854575501319/16000000000000000000000000000000
1102,551/16,44263298130297/1280000000000000000000000000000,110658245325753/3200000000000000000000000000000
1103,1103/32,1072536490385461/32000000000000000000000000000000,536268245192783/16000000000000000000000000000000
1104,69/2,519769005835103/16000000000000000000000000000000,1039538011670311/32000000000000000000000000000000
1105,1105/32,1007554789412221/32000000000000000000000000000000,503777394706163/16000000000000000000000000000000
1106,553/16,488277793727069/16000000000000000000000000000000,976555587454243/32000000000000000000000000000000
1107,1107/32,23662753266853/800000000000000000000000000000,37860405226969/1280000000000000000000000000000
1108,277/8,57336817213619/2000000000000000000000000000000,917389075418009/32000000000000000000000000000000
1109,1109/32,889163980840557/32000000000000000000000000000000,444581990420331/16000000000000000000000000000000
1110,555/16,172361456225991/6400000000000000000000000000000,43090364056503/1600000000000000000000000000000
1111,1111/32,16705845171697/640000000000000000000000000000,167058451716991/6400000000000000000000000000000
1112,139/4,202398254380311/8000000000000000000000000000000,809593017521349/32000000000000000000000000000000
1113,1113/32,392342229490789/16000000000000000000000000000000,784684458981683/32000000000000000000000000000000
1114,557/16,380271128111017/16000000000000000000000000000000,760542256222139/32000000000000000000000000000000
1115,1115/32,368571415477009/16000000000000000000000000000000,737142830954123/32000000000000000000000000000000
1116,279/8,714463330316611/32000000000000000000000000000000,178615832579179/8000000000000000000000000000000
1117,1117/32,692481604557509/32000000000000000000000000000000,346240802278807/16000000000000000000000000000000
1118,559/16,671176185400643/32000000000000000000000000000000,167794046350187/8000000000000000000000000000000
1119,1119/32,650526265079359/32000000000000000000000000000000,81315783134933/4000000000000000000000000000000
1120,35,315255838007341/16000000000000000000000000000000,630511676014787/32000000000000000000000000000000
1121,1121/32,61111287111881/3200000000000000000000000000000,122222574223783/6400000000000000000000000000000
1122,561/16,592310904704609/32000000000000000000000000000000,296155452352357/16000000000000000000000000000000
1123,1123/32,574087413982457/32000000000000000000000000000000,287043706991281/16000000000000000000000000000000
1124,281/8,69553075140797/4000000000000000000000000000000,556424601126481/32000000000000000000000000000000
1125,1125/32,539305215891927/32000000000000000000000000000000,8426643998313/500000000000000000000000000000
1126,563/16,104542507753779/6400000000000000000000000000000,522712538769/32000000000000000000000000000
1127,1127/32,506630364652317/32000000000000000000000000000000,253315182326211/16000000000000000000000000000000
1128,141/4,245521493507947/16000000000000000000000000000000,491042987015999/32000000000000000000000000000000
1129,1129/32,23796759128617/1600000000000000000000000000000,95187036514489/6400000000000000000000000000000
1130,565/16,230646098202839/16000000000000000000000000000000,461292196405783/32000000000000000000000000000000
1131,1131/32,111774931890243/8000000000000000000000000000000,447099727561077/32000000000000000000000000000000
1132,283/8,433343915077413/32000000000000000000000000000000,216671957538759/16000000000000000000000000000000
1133,1133/32,420011324451123/32000000000000000000000000000000,105002831112807/8000000000000000000000000000000
1134,567/16,81417786902891/6400000000000000000000000000000,636076460179/50000000000000000000000000000
1135,1135/32,394564124718973/32000000000000000000000000000000,197282062359539/16000000000000000000000000000000
1136,71/2,382424662809697/32000000000000000000000000000000,191212331404901/16000000000000000000000000000000
1137,1137/32,370658692878567/32000000000000000000000000000000,23166168304917/2000000000000000000000000000000
1138,569/16,359254723785467/32000000000000000000000000000000,89813680946393/8000000000000000000000000000000
1139,1139/32,348201617935493/32000000000000000000000000000000,174100808967799/16000000000000000000000000000000
1140,285/8,168744290200757/16000000000000000000000000000000,337488580401619/32000000000000000000000000000000
1141,1141/32,327105148381389/32000000000000000000000000000000,163552574190747/16000000000000000000000000000000
1142,571/16,158520590489779/16000000000000000000000000000000,317041180979663/32000000000000000000000000000000
1143,1143/32,38410856162877/4000000000000000000000000000000,307286849303121/32000000000000000000000000000000
1144,143/4,297832626862007/32000000000000000000000000000000,9307269589441/1000000000000000000000000000000
1145,1145/32,288669280266049/32000000000000000000000000000000,144334640133077/16000000000000000000000000000000
1146,573/16,13989393010311/1600000000000000000000000000000,11191514408253/1280000000000000000000000000000
1147,1147/32,271179692714889/32000000000000000000000000000000,135589846357497/16000000000000000000000000000000
1148,287/8,16427273168397/2000000000000000000000000000000,262836370694457/32000000000000000000000000000000
1149,1149/32,25474974570611/3200000000000000000000000000000,50949949141243/6400000000000000000000000000000
1150,575/16,246911920012759/32000000000000000000000000000000,3857998750201/500000000000000000000000000000
1151,1151/32,23931523886473/3200000000000000000000000000000,47863047772967/6400000000000000000000000000000
1152,36,231952283024341/32000000000000000000000000000000,115976141512223/16000000000000000000000000000000
1153,1153/32,112407930759927/16000000000000000000000000000000,224815861519959/32000000000000000000000000000000
1154,577/16,217899004622473/32000000000000000000000000000000,108949502311289/16000000000000000000000000000000
1155,1155/32,42238991407883/6400000000000000000000000000000,1319968481497/200000000000000000000000000000
1156,289/8,51174292829101/8000000000000000000000000000000,204697171316509/32000000000000000000000000000000
1157,1157/32,49599825360789/8000000000000000000000000000000,198399301443261/32000000000000000000000000000000
1158,579/16,192295196655597/32000000000000000000000000000000,96147598327851/16000000000000000000000000000000
1159,1159/32,5824340482149/1000000000000000000000000000000,186378895428873/32000000000000000000000000000000
1160,145/4,180644619654553/32000000000000000000000000000000,90322309827329/16000000000000000000000000000000
1161,1161/32,175086768998531/32000000000000000000000000000000,43771692249659/8000000000000000000000000000000
1162,581/16,84849957715229/16000000000000000000000000000000,169699915430563/32000000000000000000000000000000
1163,1163/32,10279924870189/2000000000000000000000000000000,164478797923129/32000000000000000000000000000000
1164,291/8,159418317313713/32000000000000000000000000000000,79709158656909/16000000000000000000000000000000
1165,1165/32,77256765662373/16000000000000000000000000000000,154513531324851/32000000000000000000000000000000
1166,583/16,29951929947249/6400000000000000000000000000000,2995192994727/640000000000000000000000000000
1167,1167/32,29030405941581/6400000000000000000000000000000,14515202970801/3200000000000000000000000000000
1168,73/2,140686171244599/32000000000000000000000000000000,4396442851397/1000000000000000000000000000000
1169,1169/32,27271542560299/6400000000000000000000000000000,85223570501/20000000000000000000000000000
1170,585/16,132162427024389/32000000000000000000000000000000,66081213512247/16000000000000000000000000000000
1171,1171/32,32024054155273/8000000000000000000000000000000,128096216621197/32000000000000000000000000000000
1172,293/8,124155110359843/32000000000000000000000000000000,31038777589987/8000000000000000000000000000000
1173,1173/32,60167629595419/16000000000000000000000000000000,120335259190943/32000000000000000000000000000000
1174,587/16,23326586497417/6400000000000000000000000000000,11663293248719/3200000000000000000000000000000
1175,1175/32,56522257200459/16000000000000000000000000000000,113044514401023/32000000000000000000000000000000
1176,147/4,109566500332609/32000000000000000000000000000000,54783250166357/16000000000000000000000000000000
1177,1177/32,26548873376907/8000000000000000000000000000000,106195493507733/32000000000000000000000000000000
1178,589/16,102928201659209/32000000000000000000000000000000,51464100829657/16000000000000000000000000000000
1179,1179/32,24940358453247/8000000000000000000000000000000,99761433813093/32000000000000000000000000000000
1180,295/8,151081401829/50000000000000000000000000000,19338419434133/6400000000000000000000000000000
1181,1181/32,46858597044461/16000000000000000000000000000000,93717194089027/32000000000000000000000000000000
1182,591/16,90833819152853/32000000000000000000000000000000,45416909576479/16000000000000000000000000000000
1183,1183/32,88039156337359/32000000000000000000000000000000,88039156337463/32000000000000000000000000000000
1184,37,42665238128713/16000000000000000000000000000000,85330476257531/32000000000000000000000000000000
1185,1185/32,82705133502391/32000000000000000000000000000000,2584535421953/1000000000000000000000000000000
1186,593/16,501003525327/200000000000000000000000000000,3206422562097/1280000000000000000000000000000
1187,1187/32,38847141386939/16000000000000000000000000000000,77694282773983/32000000000000000000000000000000
1188,297/8,15060776198649/6400000000000000000000000000000,1506077619867/640000000000000000000000000000
1189,1189/32,9123378017963/4000000000000000000000000000000,72987024143809/32000000000000000000000000000000
1190,595/16,14148289897121/6400000000000000000000000000000,7074144948571/3200000000000000000000000000000
1191,1191/32,68564963896477/32000000000000000000000000000000,34282481948291/16000000000000000000000000000000
1192,149/4,4153465108071/2000000000000000000000000000000,66455441729241/32000000000000000000000000000000
1193,1193/32,16102705683921/8000000000000000000000000000000,64410822735789/32000000000000000000000000000000
1194,597/16,62429110055389/32000000000000000000000000000000,31214555027747/16000000000000000000000000000000
1195,1195/32,3781773016529/2000000000000000000000000000000,60508368264569/32000000000000000000000000000000
1196,299/8,14661680371463/8000000000000000000000000000000,58646721485957/32000000000000000000000000000000
1197,1197/32,11368470311433/6400000000000000000000000000000,5684235155727/3200000000000000000000000000000
1198,599/16,3443343515937/2000000000000000000000000000000,55093496255097/32000000000000000000000000000000
1199,1199/32,13349611893459/8000000000000000000000000000000,53398447573941/32000000000000000000000000000000
1200,75/2,12938887514501/8000000000000000000000000000000,51755550058109/32000000000000000000000000000000
1201,1201/32,50163199184821/32000000000000000000000000000000,25081599592463/16000000000000000000000000000000
1202,601/16,9723967959517/6400000000000000000000000000000,4861983979769/3200000000000000000000000000000
1203,1203/32,23561982293367/16000000000000000000000000000000,47123964586839/32000000000000000000000000000000
1204,301/8,11418528154437/8000000000000000000000000000000,45674112617853/32000000000000000000000000000000
1205,1205/32,2766804244021/2000000000000000000000000000000,44268867904441/32000000000000000000000000000000
1206,603/16,1716274321021/1280000000000000000000000000000,4290685802563/3200000000000000000000000000000
1207,1207/32,2599172049081/2000000000000000000000000000000,41586752785401/32000000000000000000000000000000
1208,151/4,2015363145673/1600000000000000000000000000000,8061452582713/6400000000000000000000000000000
1209,1209/32,39067138806501/32000000000000000000000000000000,19533569403303/16000000000000000000000000000000
1210,605/16,37865169307161/32000000000000000000000000000000,18932584653633/16000000000000000000000000000000
1211,1211/32,18350090260787/16000000000000000000000000000000,36700180521679/32000000000000000000000000000000
1212,303/8,3557103467279/3200000000000000000000000000000,7114206934579/6400000000000000000000000000000
1213,1213/32,17238314494789/16000000000000000000000000000000,34476628989683/32000000000000000000000000000000
1214,607/16,33415894629409/32000000000000000000000000000000,16707947314757/16000000000000000000000000000000
1215,1215/32,16193897817291/16000000000000000000000000000000,32387795634687/32000000000000000000000000000000
1216,38,1961957995029/2000000000000000000000000000000,31391327920569/32000000000000000000000000000000
1217,1217/32,15212759147429/16000000000000000000000000000000,30425518294963/32000000000000000000000000000000
1218,609/16,3686177938443/4000000000000000000000000000000,29489423507649/32000000000000000000000000000000
1219,1219/32,28582129329059/32000000000000000000000000000000,7145532332291/8000000000000000000000000000000
1220,305/8,1108109986313/1280000000000000000000000000000,2770274965793/3200000000000000000000000000000
1221,1221/32,13425212827371/16000000000000000000000000000000,26850425654847/32000000000000000000000000000000
1222,611/16,6506081226103/8000000000000000000000000000000,26024324904517/32000000000000000000000000000000
1223,1223/32,12611820301083/16000000000000000000000000000000,25223640602271/32000000000000000000000000000000
1224,153/4,12223795383053/16000000000000000000000000000000,24447590766211/32000000000000000000000000000000
1225,1225/32,11847708736693/16000000000000000000000000000000,23695417473491/32000000000000000000000000000000
1226,613/16,22966386119997/32000000000000000000000000000000,11483193060051/16000000000000000000000000000000
1227,1227/32,22259784703317/32000000000000000000000000000000,11129892351711/16000000000000000000000000000000
1228,307/8,10787461563371/16000000000000000000000000000000,21574923126847/32000000000000000000000000000000
1229,1229/32,2091113252571/3200000000000000000000000000000,4182226505163/6400000000000000000000000000000
1230,615/16,20267764614457/32000000000000000000000000000000,10133882307281/16000000000000000000000000000000
1231,1231/32,157153528423/256000000000000000000000000000,982209552649/1600000000000000000000000000000
1232,77/2,19039802832849/32000000000000000000000000000000,9519901416477/16000000000000000000000000000000
1233,1233/32,9227004841737/16000000000000000000000000000000,18454009683579/32000000000000000000000000000000
1234,617/16,17886239494571/32000000000000000000000000000000,4471559873669/8000000000000000000000000000000
1235,1235/32,17335937757941/32000000000000000000000000000000,8667968879023/16000000000000000000000000000000
1236,309/8,16802567025809/32000000000000000000000000000000,8401283512957/16000000000000000000000000000000
1237,1237/32,1628560638593/3200000000000000000000000000000,3257121277207/6400000000000000000000000000000
1238,619/16,15784550952843/32000000000000000000000000000000,3946137738237/8000000000000000000000000000000
1239,1239/32,764945568739/1600000000000000000000000000000,3059782274977/6400000000000000000000000000000
1240,155/4,463381667367/1000000000000000000000000000000,14828213355849/32000000000000000000000000000000
1241,1241/32,14371997192293/32000000000000000000000000000000,7185998596199/16000000000000000000000000000000
1242,621/16,13929817324571/32000000000000000000000000000000,3482454331169/8000000000000000000000000000000
1243,1243/32,6750620950579/16000000000000000000000000000000,13501241901263/32000000000000000000000000000000
1244,311/8,6542926178653/16000000000000000000000000000000,13085852357411/32000000000000000000000000000000
1245,1245/32,12683243006151/32000000000000000000000000000000,792702687891/2000000000000000000000000000000
1246,623/16,12293020642501/32000000000000000000000000000000,6146510321303/16000000000000000000000000000000
1247,1247/32,2382960831763/6400000000000000000000000000000,297870103973/800000000000000000000000000000
1248,39,11548224173/32000000000000000000000000000,2309644834621/6400000000000000000000000000000
1249,1249/32,5596461333827/16000000000000000000000000000000,11192922667759/32000000000000000000000000000000
1250,625/16,10848552640413/32000000000000000000000000000000,5424276320259/16000000000000000000000000000000
1251,1251/32,5257388882527/16000000000000000000000000000000,10514777765159/32000000000000000000000000000000
1252,313/8,10191272063023/32000000000000000000000000000000,1273909007891/4000000000000000000000000000000
1253,1253/32,617357474067/2000000000000000000000000000000,9877719585177/32000000000000000000000000000000
1254,627/16,9573814102689/32000000000000000000000000000000,4786907051397/16000000000000000000000000000000
1255,1255/32,144988418891/500000000000000000000000000000,9279258809129/32000000000000000000000000000000
1256,157/4,8993766029013/32000000000000000000000000000000,4496883014559/16000000000000000000000000000000
1257,1257/32,8717056938423/32000000000000000000000000000000,272408029329/1000000000000000000000000000000
1258,629/16,4224430645771/16000000000000000000000000000000,8448861291647/32000000000000000000000000000000
1259,1259/32,8188917157243/32000000000000000000000000000000,2047229289337/8000000000000000000000000000000
1260,315/8,7936970663173/32000000000000000000000000000000,3968485331639/16000000000000000000000000000000
1261,1261/32,7692775747811/32000000000000000000000000000000,1923193936979/8000000000000000000000000000000
1262,631/16,932011740019/4000000000000000000000000000000,7456093920257/32000000000000000000000000000000
1263,1263/32,1806673506697/8000000000000000000000000000000,7226694026893/32000000000000000000000000000000
1264,79/2,3502176013077/16000000000000000000000000000000,7004352026259/32000000000000000000000000000000
1265,1265/32,169721269243/800000000000000000000000000000,271554030793/1280000000000000000000000000000
1266,633/16,822497473739/4000000000000000000000000000000,6579979790017/32000000000000000000000000000000
1267,1267/32,1275507018913/6400000000000000000000000000000,637753509467/3200000000000000000000000000000
1268,317/8,6181318967691/32000000000000000000000000000000,1545329741949/8000000000000000000000000000000
1269,1269/32,1198227955277/6400000000000000000000000000000,599113977649/3200000000000000000000000000000
1270,635/16,1161362356733/6400000000000000000000000000000,580681178377/3200000000000000000000000000000
1271,1271/32,1407038741769/8000000000000000000000000000000,5628154967181/32000000000000000000000000000000
1272,159/4,5454994842873/32000000000000000000000000000000,2727497421489/16000000000000000000000000000000
1273,1273/32,5287162295609/32000000000000000000000000000000,2643581147857/16000000000000000000000000000000
1274,637/16,2562246706487/16000000000000000000000000000000,5124493413079/32000000000000000000000000000000
1275,1275/32,4966829325709/32000000000000000000000000000000,2483414662907/16000000000000000000000000000000
1276,319/8,150438001639/1000000000000000000000000000000,4814016052553/32000000000000000000000000000000
1277,1277/32,933180869867/6400000000000000000000000000000,3645237773/25000000000000000000000000000
1278,639/16,4522349564263/32000000000000000000000000000000,282646847773/2000000000000000000000000000000
1279,1279/32,4383211495603/32000000000000000000000000000000,1095802873927/8000000000000000000000000000000
1280,40,4248354255277/32000000000000000000000000000000,2124177127691/16000000000000000000000000000000
1281,1281/32,4117646136043/32000000000000000000000000000000,1029411534037/8000000000000000000000000000000
1282,641/16,798191896573/6400000000000000000000000000000,399095948297/3200000000000000000000000000000
1283,1283/32,3868170568241/32000000000000000000000000000000,1934085284173/16000000000000000000000000000000
1284,321/8,1874579735681/16000000000000000000000000000000,3749159471467/32000000000000000000000000000000
1285,1285/32,726761992199/6400000000000000000000000000000,36338099611/320000000000000000000000000000
1286,643/16,3522009381967/32000000000000000000000000000000,440251172759/4000000000000000000000000000000
1287,1287/32,3413648545139/32000000000000000000000000000000,853412136311/8000000000000000000000000000000
1288,161/4,330862162077/3200000000000000000000000000000,26468972967/256000000000000000000000000000
1289,1289/32,3206826035157/32000000000000000000000000000000,1603413017631/16000000000000000000000000000000
1290,645/16,1554081185229/16000000000000000000000000000000,3108162370563/32000000000000000000000000000000
1291,1291/32,753133566899/8000000000000000000000000000000,3012534267701/32000000000000000000000000000000
1292,323/8,364981041519/4000000000000000000000000000000,2919848332257/32000000000000000000000000000000
1293,1293/32,176875877697/2000000000000000000000000000000,2830014043257/32000000000000000000000000000000
1294,647/16,2742943664657/32000000000000000000000000000000,1371471832381/16000000000000000000000000000000
1295,1295/32,2658552160081/32000000000000000000000000000000,1329276080093/16000000000000000000000000000000
1296,81/2,2576757109139/32000000000000000000000000000000,644189277311/8000000000000000000000000000000
1297,1297/32,49949572547/640000000000000000000000000000,499495725491/6400000000000000000000000000000
1298,649/16,2420639288021/32000000000000000000000000000000,1210319644063/16000000000000000000000000000000
1299,1299/32,2346164046629/32000000000000000000000000000000,1173082023367/16000000000000000000000000000000
1300,325/8,1136990083763/16000000000000000000000000000000,2273980167631/32000000000000000000000000000000
1301,1301/32,1102008576453/16000000000000000000000000000000,2204017153011/32000000000000000000000000000000
1302,651/16,66756458561/1000000000000000000000000000000,2136206674057/32000000000000000000000000000000
1303,1303/32,258810313013/4000000000000000000000000000000,2070482504209/32000000000000000000000000000000
1304,163/4,2006780454379/32000000000000000000000000000000,501695113621/8000000000000000000000000000000
1305,1305/32,1945038310681/32000000000000000000000000000000,972519155393/16000000000000000000000000000000
1306,653/16,1885195773041/32000000000000000000000000000000,942597886573/16000000000000000000000000000000
1307,1307/32,73087775869/1280000000000000000000000000000,182719439683/3200000000000000000000000000000
1308,327/8,885488767577/16000000000000000000000000000000,1770977535259/32000000000000000000000000000000
1309,1309/32,858245142291/16000000000000000000000000000000,1716490284687/32000000000000000000000000000000
1310,655/16,207959928809/4000000000000000000000000000000,1663679430577/32000000000000000000000000000000
1311,1311/32,201561674441/4000000000000000000000000000000,1612493395633/32000000000000000000000000000000
1312,41,1562882189319/32000000000000000000000000000000,97680136839/2000000000000000000000000000000
1313,1313/32,1514797359459/32000000000000000000000000000000,378699339891/8000000000000000000000000000000
1314,657/16,367047986071/8000000000000000000000000000000,1468191944389/32000000000000000000000000000000
1315,1315/32,142302042699/3200000000000000000000000000000,284604085419/6400000000000000000000000000000
1316,329/8,1379238691177/32000000000000000000000000000000,689619345641/16000000000000000000000000000000
1317,1317/32,334200994441/8000000000000000000000000000000,1336803977869/32000000000000000000000000000000
1318,659/16,1295674843229/32000000000000000000000000000000,647837421667/16000000000000000000000000000000
1319,1319/32,313952779783/8000000000000000000000000000000,1255811119237/32000000000000000000000000000000
1320,165/4,1217173872887/32000000000000000000000000000000,38036683531/1000000000000000000000000000000
1321,1321/32,589862684869/16000000000000000000000000000000,1179725369843/32000000000000000000000000000000
1322,661/16,8933039343/250000000000000000000000000000,1143429036009/32000000000000000000000000000000
1323,1323/32,1108249422863/32000000000000000000000000000000,138531177871/4000000000000000000000000000000
1324,331/8,134269021591/4000000000000000000000000000000,1074152172833/32000000000000000000000000000000
1325,1325/32,260275996173/8000000000000000000000000000000,1041103984797/32000000000000000000000000000000
1326,663/16,1009072582509/32000000000000000000000000000000,504536291307/16000000000000000000000000000000
1327,1327/32,489013341483/16000000000000000000000000000000,978026683071/32000000000000000000000000000000
1328,83/2,189587193067/6400000000000000000000000000000,740574973/25000000000000000000000000000
1329,1329/32,459385520879/16000000000000000000000000000000,918771041863/32000000000000000000000000000000
1330,665/16,445251714273/16000000000000000000000000000000,890503428651/32000000000000000000000000000000
1331,1331/32,863105518361/32000000000000000000000000000000,431552759233/16000000000000000000000000000000
1332,333/8,167310110651/6400000000000000000000000000000,10456881917/400000000000000000000000000000
1333,1333/32,405406299267/16000000000000000000000000000000,810812598639/32000000000000000000000000000000
1334,667/16,785866517431/32000000000000000000000000000000,24558328673/1000000000000000000000000000000
1335,1335/32,190421986639/8000000000000000000000000000000,761687946661/32000000000000000000000000000000
1336,167/4,369126636051/16000000000000000000000000000000,738253272207/32000000000000000000000000000000
1337,1337/32,357769803391/16000000000000000000000000000000,715539606887/32000000000000000000000000000000
1338,669/16,693524767477/32000000000000000000000000000000,346762383791/16000000000000000000000000000000
1339,1339/32,672187253571/32000000000000000000000000000000,168046813419/8000000000000000000000000000000
1340,335/8,20359569561/1000000000000000000000000000000,651506226057/32000000000000000000000000000000
1341,1341/32,31573074333/1600000000000000000000000000000,126292297353/6400000000000000000000000000000
1342,671/16,306016729581/16000000000000000000000000000000,612033459267/32000000000000000000000000000000
1343,1343/32,593203169231/32000000000000000000000000000000,74150396167/4000000000000000000000000000000
1344,42,114990445283/6400000000000000000000000000000,14373805663/800000000000000000000000000000
1345,1345/32,557262806077/32000000000000000000000000000000,278631403091/16000000000000000000000000000000
1346,673/16,540117631987/32000000000000000000000000000000,135029408023/8000000000000000000000000000000
1347,1347/32,65437494931/4000000000000000000000000000000,523499959553/32000000000000000000000000000000
1348,337/8,15856048717/1000000000000000000000000000000,507393559049/32000000000000000000000000000000
1349,1349/32,491782700287/32000000000000000000000000000000,61472837549/4000000000000000000000000000000
1350,675/16,238326068629/16000000000000000000000000000000,476652137363/32000000000000000000000000000000
1351,1351/32,230993546357/16000000000000000000000000000000,461987092819/32000000000000000000000000000000
1352,169/4,447773244157/32000000000000000000000000000000,223886622131/16000000000000000000000000000000
1353,1353/32,216998354873/16000000000000000000000000000000,433996709851/32000000000000000000000000000000
1354,677/16,420644034739/32000000000000000000000000000000,105161008711/8000000000000000000000000000000
1355,1355/32,407702178353/32000000000000000000000000000000,203851089229/16000000000000000000000000000000
1356,339/8,98789625257/8000000000000000000000000000000,395158501133/32000000000000000000000000000000
1357,1357/32,191500376041/16000000000000000000000000000000,383000752187/32000000000000000000000000000000
1358,679/16,371217057747/32000000000000000000000000000000,92804264463/8000000000000000000000000000000
1359,1359/32,89948977393/8000000000000000000000000000000,359795909677/32000000000000000000000000000000
1360,85/2,69745230637/6400000000000000000000000000000,34872615329/3200000000000000000000000000000
1361,1361/32,337996977397/32000000000000000000000000000000,168998488751/16000000000000000000000000000000
1362,681/16,65519580729/6400000000000000000000000000000,262078323/25600000000000000000000000000
1363,1363/32,317518775757/32000000000000000000000000000000,158759387931/16000000000000000000000000000000
1364,341/8,307749750033/32000000000000000000000000000000,153874875069/16000000000000000000000000000000
1365,1365/32,298281285633/32000000000000000000000000000000,149140642869/16000000000000000000000000000000
1366,683/16,289104135257/32000000000000000000000000000000,144552067681/16000000000000000000000000000000
1367,1367/32,56041867223/6400000000000000000000000000000,14010466811/1600000000000000000000000000000
1368,171/4,271588201173/32000000000000000000000000000000,135794100639/16000000000000000000000000000000
1369,1369/32,65808077667/8000000000000000000000000000000,263232310773/32000000000000000000000000000000
1370,685/16,255133503887/32000000000000000000000000000000,31891687999/4000000000000000000000000000000
1371,1371/32,49456774239/6400000000000000000000000000000,2472838713/320000000000000000000000000000
1372,343/8,29959468289/4000000000000000000000000000000,239675746417/32000000000000000000000000000000
1373,1373/32,232301698823/32000000000000000000000000000000,14518856183/2000000000000000000000000000000
1374,687/16,56288631731/8000000000000000000000000000000,225154527029/32000000000000000000000000000000
1375,1375/32,218227250387/32000000000000000000000000000000,54556812623/8000000000000000000000000000000
1376,43,211513103743/32000000000000000000000000000000,26439137981/4000000000000000000000000000000
1377,1377/32,102502764837/16000000000000000000000000000000,205005529779/32000000000000000000000000000000
1378,689/16,198698172611/32000000000000000000000000000000,49674543179/8000000000000000000000000000000
1379,1379/32,48146218131/8000000000000000000000000000000,192584872629/32000000000000000000000000000000
1380,345/8,186659658907/32000000000000000000000000000000,46664914753/8000000000000000000000000000000
1381,1381/32,45229186237/8000000000000000000000000000000,180916745053/32000000000000000000000000000000
1382,691/16,43837630469/8000000000000000000000000000000,175350521981/32000000000000000000000000000000
1383,1383/32,42488888371/8000000000000000000000000000000,169955553589/32000000000000000000000000000000
1384,173/4,8236328541/1600000000000000000000000000000,6589062837/1280000000000000000000000000000
1385,1385/32,997865419/200000000000000000000000000000,31931693429/6400000000000000000000000000000
1386,693/16,7737314621/1600000000000000000000000000000,6189851701/1280000000000000000000000000000
1387,1387/32,5999409981/1280000000000000000000000000000,14998524963/3200000000000000000000000000000
1388,347/8,3634267213/800000000000000000000000000000,1162965509/256000000000000000000000000000
1389,1389/32,17612262829/4000000000000000000000000000000,140898102737/32000000000000000000000000000000
1390,695/16,27312624749/6400000000000000000000000000000,2731262477/640000000000000000000000000000
1391,1391/32,132361518137/32000000000000000000000000000000,66180759121/16000000000000000000000000000000
1392,87/2,16036147793/4000000000000000000000000000000,128289182449/32000000000000000000000000000000
1393,1393/32,124342139151/32000000000000000000000000000000,15542767407/4000000000000000000000000000000
1394,697/16,120516533711/32000000000000000000000000000000,15064566727/4000000000000000000000000000000
1395,1395/32,7300539361/2000000000000000000000000000000,116808629881/32000000000000000000000000000000
1396,349/8,28303701513/8000000000000000000000000000000,113214806157/32000000000000000000000000000000
1397,1397/32,5486577633/1600000000000000000000000000000,21946310553/6400000000000000000000000000000
1398,699/16,26588866927/8000000000000000000000000000000,106355467813/32000000000000000000000000000000
1399,1399/32,10308325397/3200000000000000000000000000000,4123330163/1280000000000000000000000000000
1400,175/4,19982343133/6400000000000000000000000000000,9991171577/3200000000000000000000000000000
1401,1401/32,12104719417/4000000000000000000000000000000,96837755441/32000000000000000000000000000000
1402,701/16,93858370823/32000000000000000000000000000000,5866148183/2000000000000000000000000000000
1403,1403/32,18194130467/6400000000000000000000000000000,2274266311/800000000000000000000000000000
1404,351/8,17634355921/6400000000000000000000000000000,8817177971/3200000000000000000000000000000
1405,1405/32,667648587/250000000000000000000000000000,85459019241/32000000000000000000000000000000
1406,703/16,20707430383/8000000000000000000000000000000,82829721637/32000000000000000000000000000000
1407,1407/32,80281318911/32000000000000000000000000000000,10035164877/4000000000000000000000000000000
1408,44,19452830599/8000000000000000000000000000000,77811322501/32000000000000000000000000000000
1409,1409/32,18854329921/8000000000000000000000000000000,75417319789/32000000000000000000000000000000
1410,705/16,18274243173/8000000000000000000000000000000,73096972797/32000000000000000000000000000000
1411,1411/32,8856001909/4000000000000000000000000000000,70848015377/32000000000000000000000000000000
1412,353/8,34334125499/16000000000000000000000000000000,68668251103/32000000000000000000000000000000
1413,1413/32,3327777551/1600000000000000000000000000000,532444409/256000000000000000000000000000
1414,707/16,64507851987/32000000000000000000000000000000,16126963023/8000000000000000000000000000000
1415,1415/32,6252315403/3200000000000000000000000000000,12504630827/6400000000000000000000000000000
1416,177/4,6059951881/3200000000000000000000000000000,12119903783/6400000000000000000000000000000
1417,1417/32,58735067623/32000000000000000000000000000000,3670941733/2000000000000000000000000000000
1418,709/16,56927979569/32000000000000000000000000000000,28463989837/16000000000000000000000000000000
1419,1419/32,55176489769/32000000000000000000000000000000,27588244937/16000000000000000000000000000000
1420,355/8,10695777529/6400000000000000000000000000000,213915551/128000000000000000000000000000
1421,1421/32,3239594703/2000000000000000000000000000000,51833515353/32000000000000000000000000000000
1422,711/16,25119382819/16000000000000000000000000000000,50238765743/32000000000000000000000000000000
1423,1423/32,9738616263/6400000000000000000000000000000,2434654071/1600000000000000000000000000000
1424,89/2,47194952699/32000000000000000000000000000000,11798738201/8000000000000000000000000000000
1425,1425/32,9148583331/6400000000000000000000000000000,1143572919/800000000000000000000000000000
1426,713/16,44335555063/32000000000000000000000000000000,1385486099/1000000000000000000000000000000
1427,1427/32,10742873359/8000000000000000000000000000000,42971493541/32000000000000000000000000000000
1428,357/8,41649399573/32000000000000000000000000000000,20824699839/16000000000000000000000000000000
1429,1429/32,20183991131/16000000000000000000000000000000,40367982367/32000000000000000000000000000000
1430,715/16,39125990017/32000000000000000000000000000000,19562995061/16000000000000000000000000000000
1431,1431/32,592534529/500000000000000000000000000000,37922209961/32000000000000000000000000000000
1432,179/4,36755466117/32000000000000000000000000000000,18377733111/16000000000000000000000000000000
1433,1433/32,35624619309/32000000000000000000000000000000,17812309707/16000000000000000000000000000000
1434,717/16,34528564999/32000000000000000000000000000000,2158035319/2000000000000000000000000000000
1435,1435/32,6693246547/6400000000000000000000000000000,836655821/800000000000000000000000000000
1436,359/8,32436584999/32000000000000000000000000000000,2027286569/2000000000000000000000000000000
1437,1437/32,31438616193/32000000000000000000000000000000,15719308149/16000000000000000000000000000000
1438,719/16,1523567583/1600000000000000000000000000000,6094270353/6400000000000000000000000000000
1439,1439/32,3691730841/4000000000000000000000000000000,29533846833/32000000000000000000000000000000
1440,45,2862518579/3200000000000000000000000000000,5725037179/6400000000000000000000000000000
1441,1441/32,2774448141/3200000000000000000000000000000,5548896303/6400000000000000000000000000000
1442,721/16,5378174691/6400000000000000000000000000000,672271839/800000000000000000000000000000
1443,1443/32,407242629/500000000000000000000000000000,26063528361/32000000000000000000000000000000
1444,361/8,25261637793/32000000000000000000000000000000,12630818949/16000000000000000000000000000000
1445,1445/32,12242209453/16000000000000000000000000000000,24484419011/32000000000000000000000000000000
1446,723/16,2373111253/3200000000000000000000000000000,4746222527/6400000000000000000000000000000
1447,1447/32,4600196591/6400000000000000000000000000000,1150049153/1600000000000000000000000000000
1448,181/4,4458663421/6400000000000000000000000000000,2229331721/3200000000000000000000000000000
1449,1449/32,5401855961/8000000000000000000000000000000,21607423949/32000000000000000000000000000000
1450,725/16,20942633301/32000000000000000000000000000000,10471316703/16000000000000000000000000000000
1451,1451/32,5074574053/8000000000000000000000000000000,20298296317/32000000000000000000000000000000
1452,363/8,19673783291/32000000000000000000000000000000,4918445849/8000000000000000000000000000000
1453,1453/32,19068484613/32000000000000000000000000000000,9534242359/16000000000000000000000000000000
1454,727/16,9240904509/16000000000000000000000000000000,18481809123/32000000000000000000000000000000
1455,1455/32,17913183533/32000000000000000000000000000000,8956591819/16000000000000000000000000000000
1456,91/2,3472410563/6400000000000000000000000000000,434051323/800000000000000000000000000000
1457,1457/32,16827878607/32000000000000000000000000000000,2103484839/4000000000000000000000000000000
1458,729/16,16310139211/32000000000000000000000000000000,4077534829/8000000000000000000000000000000
1459,1459/32,7904164491/16000000000000000000000000000000,15808329087/32000000000000000000000000000000
1460,365/8,1532195783/3200000000000000000000000000000,3064391587/6400000000000000000000000000000
1461,1461/32,7425275373/16000000000000000000000000000000,14850550851/32000000000000000000000000000000
1462,731/16,14393647333/32000000000000000000000000000000,7196823719/16000000000000000000000000000000
1463,1463/32,174385017/400000000000000000000000000000,2790160293/6400000000000000000000000000000
1464,183/4,540863213/1280000000000000000000000000000,1352158043/3200000000000000000000000000000
1465,1465/32,13105565033/32000000000000000000000000000000,6552782569/16000000000000000000000000000000
1466,733/16,6351174593/16000000000000000000000000000000,12702349291/32000000000000000000000000000000
1467,1467/32,6155769493/16000000000000000000000000000000,12311539091/32000000000000000000000000000000
1468,367/8,745797047/2000000000000000000000000000000,11932752857/32000000000000000000000000000000
1469,1469/32,5782810273/16000000000000000000000000000000,11565620651/32000000000000000000000000000000
1470,735/16,1120978381/3200000000000000000000000000000,2241956783/6400000000000000000000000000000
1471,1471/32,10864895019/32000000000000000000000000000000,2716223781/8000000000000000000000000000000
1472,46,10530617341/32000000000000000000000000000000,5265308723/16000000000000000000000000000000
1473,1473/32,5103312153/16000000000000000000000000000000,10206624411/32000000000000000000000000000000
1474,737/16,9892599489/32000000000000000000000000000000,4946299797/16000000000000000000000000000000
1475,1475/32,47941181/160000000000000000000000000000,1917647261/6400000000000000000000000000000
1476,369/8,1858647437/6400000000000000000000000000000,929323729/3200000000000000000000000000000
1477,1477/32,1801462867/6400000000000000000000000000000,225182861/800000000000000000000000000000
1478,739/16,4365094203/16000000000000000000000000000000,8730188511/32000000000000000000000000000000
1479,1479/32,4230794373/16000000000000000000000000000000,8461588851/32000000000000000000000000000000
1480,185/4,8201253029/32000000000000000000000000000000,4100626567/16000000000000000000000000000000
1481,1481/32,7948927/32000000000000000000000000000,1589785421/6400000000000000000000000000000
1482,741/16,3852182113/16000000000000000000000000000000,7704364331/32000000000000000000000000000000
1483,1483/32,3733662929/16000000000000000000000000000000,7467325963/32000000000000000000000000000000
1484,371/8,3618790197/16000000000000000000000000000000,7237580499/32000000000000000000000000000000
1485,1485/32,1402980691/6400000000000000000000000000000,175372589/800000000000000000000000000000
1486,743/16,1359815513/6400000000000000000000000000000,679907767/3200000000000000000000000000000
1487,1487/32,6589891939/32000000000000000000000000000000,1647473011/8000000000000000000000000000000
1488,93/2,3193571139/16000000000000000000000000000000,6387142383/32000000000000000000000000000000
1489,1489/32,6190630569/32000000000000000000000000000000,3095315337/16000000000000000000000000000000
1490,745/16,6000164889/32000000000000000000000000000000,3000082497/16000000000000000000000000000000
1491,1491/32,2907779611/16000000000000000000000000000000,5815559327/32000000000000000000000000000000
1492,373/8,225465331/1280000000000000000000000000000,281831669/1600000000000000000000000000000
1493,1493/32,54632123/320000000000000000000000000000,1092642481/6400000000000000000000000000000
1494,747/16,330945433/2000000000000000000000000000000,5295127033/32000000000000000000000000000000
1495,1495/32,5132212999/32000000000000000000000000000000,320763319/2000000000000000000000000000000
1496,187/4,994862281/6400000000000000000000000000000,497431151/3200000000000000000000000000000
1497,1497/32,1205316983/8000000000000000000000000000000,4821268037/32000000000000000000000000000000
1498,749/16,584116639/4000000000000000000000000000000,146029163/1000000000000000000000000000000
1499,1499/32,2264581037/16000000000000000000000000000000,2264581089/16000000000000000000000000000000
1500,375/8,2194907203/16000000000000000000000000000000,438981451/3200000000000000000000000000000
1501,1501/32,850950803/6400000000000000000000000000000,4254754119/32000000000000000000000000000000
1502,751/16,824769799/6400000000000000000000000000000,4123849099/32000000000000000000000000000000
1503,1503/32,3996971499/32000000000000000000000000000000,3996971603/32000000000000000000000000000000
1504,47,1936998807/16000000000000000000000000000000,1936998859/16000000000000000000000000000000
1505,1505/32,3754807237/32000000000000000000000000000000,3754807341/32000000000000000000000000000000
1506,753/16,3639283963/32000000000000000000000000000000,3639284067/32000000000000000000000000000000
1507,1507/32,1763657483/16000000000000000000000000000000,352731507/3200000000000000000000000000000
1508,377/8,3418790893/32000000000000000000000000000000,3418790997/32000000000000000000000000000000
1509,1509/32,662721151/6400000000000000000000000000000,3313605859/32000000000000000000000000000000
1510,755/16,3211656823/32000000000000000000000000000000,3211656927/32000000000000000000000000000000
1511,1511/32,311284453/3200000000000000000000000000000,1556422317/16000000000000000000000000000000
1512,189/4,754268093/8000000000000000000000000000000,754268119/8000000000000000000000000000000
1513,1513/32,2924246813/32000000000000000000000000000000,2924246917/32000000000000000000000000000000
1514,757/16,708569299/8000000000000000000000000000000,28342773/320000000000000000000000000000
1515,1515/32,1373537827/16000000000000000000000000000000,1373537879/16000000000000000000000000000000
1516,379/8,2662557021/32000000000000000000000000000000,21300457/256000000000000000000000000000
1517,1517/32,2580638753/32000000000000000000000000000000,2580638857/32000000000000000000000000000000
1518,759/16,500248169/6400000000000000000000000000000,2501240949/32000000000000000000000000000000
1519,1519/32,1212142877/16000000000000000000000000000000,1212142929/16000000000000000000000000000000
1520,95/2,1174849161/16000000000000000000000000000000,1174849213/16000000000000000000000000000000
1521,1521/32,284675713/4000000000000000000000000000000,142337863/2000000000000000000000000000000
1522,761/16,137958581/2000000000000000000000000000000,11036687/160000000000000000000000000000
1523,1523/32,1069712333/16000000000000000000000000000000,213942477/3200000000000000000000000000000
1524,381/8,129600093/2000000000000000000000000000000,259200199/4000000000000000000000000000000
1525,1525/32,2009803477/32000000000000000000000000000000,2009803581/32000000000000000000000000000000
1526,763/16,486992081/8000000000000000000000000000000,486992107/8000000000000000000000000000000
1527,1527/32,1888035639/32000000000000000000000000000000,1888035743/32000000000000000000000000000000
1528,191/4,1829946889/32000000000000000000000000000000,1829946993/32000000000000000000000000000000
1529,1529/32,886822671/16000000000000000000000000000000,886822723/16000000000000000000000000000000
1530,765/16,1719076011/32000000000000000000000000000000,343815223/6400000000000000000000000000000
1531,1531/32,833092801/16000000000000000000000000000000,833092853/16000000000000000000000000000000
1532,383/8,80746123/1600000000000000000000000000000,403730641/8000000000000000000000000000000
1533,1533/32,1565236519/32000000000000000000000000000000,1565236623/32000000000000000000000000000000
1534,767/16,758539627/16000000000000000000000000000000,758539679/16000000000000000000000000000000
1535,1535/32,91900227/2000000000000000000000000000000,183800467/4000000000000000000000000000000
1536,48,356291017/8000000000000000000000000000000,356291043/8000000000000000000000000000000
1537,1537/32,1381316379/32000000000000000000000000000000,1381316483/32000000000000000000000000000000
1538,769/16,1338817741/32000000000000000000000000000000,267763569/6400000000000000000000000000000
1539,1539/32,1297626649/32000000000000000000000000000000,1297626753/32000000000000000000000000000000
1540,385/8,628851437/16000000000000000000000000000000,628851489/16000000000000000000000000000000
1541,1541/32,19046991/500000000000000000000000000000,152375941/4000000000000000000000000000000
1542,771/16,295375627/8000000000000000000000000000000,295375653/8000000000000000000000000000000
1543,1543/32,1145151497/32000000000000000000000000000000,1145151601/32000000000000000000000000000000
1544,193/4,1109918889/32000000000000000000000000000000,1109918993/32000000000000000000000000000000
1545,1545/32,537885137/16000000000000000000000000000000,537885189/16000000000000000000000000000000
1546,773/16,521336151/16000000000000000000000000000000,521336203/16000000000000000000000000000000
1547,1547/32,1010592647/32000000000000000000000000000000,1010592751/32000000000000000000000000000000
1548,387/8,979499979/32000000000000000000000000000000,244875021/8000000000000000000000000000000
1549,1549/32,237340983/8000000000000000000000000000000,949364037/32000000000000000000000000000000
1550,775/16,460077537/16000000000000000000000000000000,920155179/32000000000000000000000000000000
1551,1551/32,445922439/16000000000000000000000000000000,891844983/32000000000000000000000000000000
1552,97/2,172881139/6400000000000000000000000000000,4322029/160000000000000000000000000000
1553,1553/32,837810727/32000000000000000000000000000000,52363177/2000000000000000000000000000000
1554,777/16,406017/16000000000000000000000000000,162406821/6400000000000000000000000000000
1555,1555/32,39352517/1600000000000000000000000000000,157410089/6400000000000000000000000000000
1556,389/8,381417673/16000000000000000000000000000000,762835451/32000000000000000000000000000000
1557,1557/32,739365369/32000000000000000000000000000000,369682737/16000000000000000000000000000000
1558,779/16,44788593/2000000000000000000000000000000,716617593/32000000000000000000000000000000
1559,1559/32,138913897/6400000000000000000000000000000,69456959/3200000000000000000000000000000
1560,195/4,168299957/8000000000000000000000000000000,673199933/32000000000000000000000000000000
1561,1561/32,326243823/16000000000000000000000000000000,652487751/32000000000000000000000000000000
1562,781/16,632412711/32000000000000000000000000000000,39525801/2000000000000000000000000000000
1563,1563/32,612955417/32000000000000000000000000000000,306477761/16000000000000000000000000000000
1564,391/8,594096761/32000000000000000000000000000000,297048433/16000000000000000000000000000000
1565,1565/32,23032733/1280000000000000000000000000000,57581843/3200000000000000000000000000000
1566,783/16,558102257/32000000000000000000000000000000,279051181/16000000000000000000000000000000
1567,1567/32,108186251/6400000000000000000000000000000,3380821/200000000000000000000000000000
1568,49,524288549/32000000000000000000000000000000,262144327/16000000000000000000000000000000
1569,1569/32,254078943/16000000000000000000000000000000,508157991/32000000000000000000000000000000
1570,785/16,492523511/32000000000000000000000000000000,15391363/1000000000000000000000000000000
1571,1571/32,95474031/6400000000000000000000000000000,23868513/1600000000000000000000000000000
1572,393/8,462683019/32000000000000000000000000000000,115670781/8000000000000000000000000000000
1573,1573/32,448447759/32000000000000000000000000000000,56055983/4000000000000000000000000000000
1574,787/16,434650471/32000000000000000000000000000000,27165661/2000000000000000000000000000000
1575,1575/32,421277681/32000000000000000000000000000000,210638893/16000000000000000000000000000000
1576,197/4,408316329/32000000000000000000000000000000,204158217/16000000000000000000000000000000
1577,1577/32,98938439/8000000000000000000000000000000,395753861/32000000000000000000000000000000
1578,789/16,95894423/8000000000000000000000000000000,383577797/32000000000000000000000000000000
1579,1579/32,371776247/32000000000000000000000000000000,11618011/1000000000000000000000000000000
1580,395/8,180168947/16000000000000000000000000000000,360337999/32000000000000000000000000000000
1581,1581/32,174625731/16000000000000000000000000000000,349251567/32000000000000000000000000000000
1582,791/16,84626531/8000000000000000000000000000000,338506229/32000000000000000000000000000000
1583,1583/32,65618277/6400000000000000000000000000000,32809149/3200000000000000000000000000000
1584,99/2,158998537/16000000000000000000000000000000,317997179/32000000000000000000000000000000
1585,1585/32,77053333/8000000000000000000000000000000,308213437/32000000000000000000000000000000
1586,793/16,74682651/8000000000000000000000000000000,298730709/32000000000000000000000000000000
1587,1587/32,289539629/32000000000000000000000000000000,144769867/16000000000000000000000000000000
1588,397/8,280631431/32000000000000000000000000000000,17539471/2000000000000000000000000000000
1589,1589/32,271997309/32000000000000000000000000000000,135998707/16000000000000000000000000000000
1590,795/16,263628831/32000000000000000000000000000000,32953617/4000000000000000000000000000000
1591,1591/32,1996233/250000000000000000000000000000,255517929/32000000000000000000000000000000
1592,199/4,247656367/32000000000000000000000000000000,30957059/4000000000000000000000000000000
1593,1593/32,240036781/32000000000000000000000000000000,120018443/16000000000000000000000000000000
1594,797/16,1861213/256000000000000000000000000000,23265173/3200000000000000000000000000000
1595,1595/32,225493687/32000000000000000000000000000000,225493791/32000000000000000000000000000000
1596,399/8,8742239/1280000000000000000000000000000,218556079/32000000000000000000000000000000
1597,1597/32,105915857/16000000000000000000000000000000,105915909/16000000000000000000000000000000
1598,799/16,205314337/32000000000000000000000000000000,205314441/32000000000000000000000000000000
1599,1599/32,99498739/16000000000000000000000000000000,99498791/16000000000000000000000000000000
1600,50,192874969/32000000000000000000000000000000,192875073/32000000000000000000000000000000
1601,1601/32,18694083/3200000000000000000000000000000,93470467/16000000000000000000000000000000
1602,801/16,36237853/6400000000000000000000000000000,181189369/32000000000000000000000000000000
1603,1603/32,175614657/32000000000000000000000000000000,175614761/32000000000000000000000000000000
1604,401/8,85105781/16000000000000000000000000000000,85105833/16000000000000000000000000000000
1605,1605/32,82487351/16000000000000000000000000000000,82487403/16000000000000000000000000000000
1606,803/16,39974741/8000000000000000000000000000000,39974767/8000000000000000000000000000000
1607,1607/32,15497939/3200000000000000000000000000000,77489747/16000000000000000000000000000000
1608,201/4,6008447/1280000000000000000000000000000,150211279/32000000000000000000000000000000
1609,1609/32,72794831/16000000000000000000000000000000,145589767/32000000000000000000000000000000
1610,805/16,141110339/32000000000000000000000000000000,141110443/32000000000000000000000000000000
1611,1611/32,13676883/3200000000000000000000000000000,68384467/16000000000000000000000000000000
1612,403/8,26512179/6400000000000000000000000000000,132560999/32000000000000000000000000000000
1613,1613/32,5139297/1280000000000000000000000000000,128482529/32000000000000000000000000000000
1614,807/16,31132359/8000000000000000000000000000000,6226477/1600000000000000000000000000000
1615,1615/32,30174517/8000000000000000000000000000000,30174543/8000000000000000000000000000000
1616,101/2,58492289/16000000000000000000000000000000,58492341/16000000000000000000000000000000
1617,1617/32,5669267/1600000000000000000000000000000,28346361/8000000000000000000000000000000
1618,809/16,109896839/32000000000000000000000000000000,109896943/32000000000000000000000000000000
1619,1619/32,26628917/8000000000000000000000000000000,26628943/8000000000000000000000000000000
1620,405/8,4129541/1280000000000000000000000000000,103238629/32000000000000000000000000000000
1621,1621/32,100062209/32000000000000000000000000000000,100062313/32000000000000000000000000000000
1622,811/16,48491809/16000000000000000000000000000000,48491861/16000000000000000000000000000000
1623,1623/32,18799949/6400000000000000000000000000000,93999849/32000000000000000000000000000000
1624,203/4,22776919/8000000000000000000000000000000,4555389/1600000000000000000000000000000
1625,1625/32,88304587/32000000000000000000000000000000,88304691/32000000000000000000000000000000
1626,813/16,4279387/1600000000000000000000000000000,21396961/8000000000000000000000000000000
1627,1627/32,41477241/16000000000000000000000000000000,41477293/16000000000000000000000000000000
1628,407/8,251257/100000000000000000000000000000,10050293/4000000000000000000000000000000
1629,1629/32,77928523/32000000000000000000000000000000,77928627/32000000000000000000000000000000
1630,815/16,37765457/16000000000000000000000000000000,37765509/16000000000000000000000000000000
1631,1631/32,2287721/1000000000000000000000000000000,9150897/4000000000000000000000000000000
1632,51,70954727/32000000000000000000000000000000,70954831/32000000000000000000000000000000
1633,1633/32,68771679/32000000000000000000000000000000,68771783/32000000000000000000000000000000
1634,817/16,16663949/8000000000000000000000000000000,666559/320000000000000000000000000000
1635,1635/32,16151253/8000000000000000000000000000000,16151279/8000000000000000000000000000000
1636,409/8,15654331/8000000000000000000000000000000,15654357/8000000000000000000000000000000
1637,1637/32,60690791/32000000000000000000000000000000,12138179/6400000000000000000000000000000
1638,819/16,58823531/32000000000000000000000000000000,11764727/6400000000000000000000000000000
1639,1639/32,57013721/32000000000000000000000000000000,2280553/1280000000000000000000000000000
1640,205/4,55259593/32000000000000000000000000000000,55259697/32000000000000000000000000000000
1641,1641/32,26779717/16000000000000000000000000000000,26779769/16000000000000000000000000000000
1642,821/16,51911583/32000000000000000000000000000000,51911687/32000000000000000000000000000000
1643,1643/32,50314431/32000000000000000000000000000000,10062907/6400000000000000000000000000000
1644,411/8,24383209/16000000000000000000000000000000,24383261/16000000000000000000000000000000
1645,1645/32,47266033/32000000000000000000000000000000,47266137/32000000000000000000000000000000
1646,823/16,4581181/3200000000000000000000000000000,22905957/16000000000000000000000000000000
1647,1647/32,5550291/4000000000000000000000000000000,173447/125000000000000000000000000000
1648,103/2,43036211/32000000000000000000000000000000,10759079/8000000000000000000000000000000
1649,1649/32,333697/256000000000000000000000000000,4171223/3200000000000000000000000000000
1650,825/16,40428777/32000000000000000000000000000000,20214441/16000000000000000000000000000000
1651,1651/32,19592457/16000000000000000000000000000000,39185019/32000000000000000000000000000000
1652,413/8,949483/800000000000000000000000000000,1519177/1280000000000000000000000000000
1653,1653/32,36810819/32000000000000000000000000000000,9202731/8000000000000000000000000000000
1654,827/16,35678269/32000000000000000000000000000000,17839187/16000000000000000000000000000000
1655,1655/32,8645141/8000000000000000000000000000000,34580669/32000000000000000000000000000000
1656,207/4,33516631/32000000000000000000000000000000,523699/500000000000000000000000000000
1657,1657/32,4060679/4000000000000000000000000000000,32485537/32000000000000000000000000000000
1658,829/16,787149/800000000000000000000000000000,6297213/6400000000000000000000000000000
1659,1659/32,15258619/16000000000000000000000000000000,30517343/32000000000000000000000000000000
1660,415/8,29578321/32000000000000000000000000000000,14789213/16000000000000000000000000000000
1661,1661/32,28668291/32000000000000000000000000000000,7167099/8000000000000000000000000000000
1662,831/16,1389313/1600000000000000000000000000000,5557273/6400000000000000000000000000000
1663,1663/32,13465683/16000000000000000000000000000000,26931471/32000000000000000000000000000000
1664,52,13051387/16000000000000000000000000000000,26102879/32000000000000000000000000000000
1665,1665/32,6324919/8000000000000000000000000000000,25299781/32000000000000000000000000000000
1666,833/16,12260643/16000000000000000000000000000000,24521391/32000000000000000000000000000000
1667,1667/32,4753369/6400000000000000000000000000000,475339/640000000000000000000000000000
1668,417/8,719863/1000000000000000000000000000000,23035721/32000000000000000000000000000000
1669,1669/32,5581721/8000000000000000000000000000000,22326989/32000000000000000000000000000000
1670,835/16,21639957/32000000000000000000000000000000,10820031/16000000000000000000000000000000
1671,1671/32,4194833/6400000000000000000000000000000,2097427/3200000000000000000000000000000
1672,209/4,20328857/32000000000000000000000000000000,10164481/16000000000000000000000000000000
1673,1673/32,19703403/32000000000000000000000000000000,4925877/8000000000000000000000000000000
1674,837/16,19097193/32000000000000000000000000000000,9548649/16000000000000000000000000000000
1675,1675/32,9254817/16000000000000000000000000000000,18509739/32000000000000000000000000000000
1676,419/8,2242519/4000000000000000000000000000000,17940257/32000000000000000000000000000000
1677,1677/32,17388191/32000000000000000000000000000000,2173537/4000000000000000000000000000000
1678,839/16,4213303/8000000000000000000000000000000,16853317/32000000000000000000000000000000
1679,1679/32,16334693/32000000000000000000000000000000,8167399/16000000000000000000000000000000
1680,105/2,15832127/32000000000000000000000000000000,1979029/4000000000000000000000000000000
1681,1681/32,15345023/32000000000000000000000000000000,1918141/4000000000000000000000000000000
1682,841/16,7436453/16000000000000000000000000000000,14873011/32000000000000000000000000000000
1683,1683/32,7207657/16000000000000000000000000000000,14415419/32000000000000000000000000000000
1684,421/8,13971801/32000000000000000000000000000000,6985953/16000000000000000000000000000000
1685,1685/32,13541933/32000000000000000000000000000000,6771019/16000000000000000000000000000000
1686,843/16,13125291/32000000000000000000000000000000,3281349/8000000000000000000000000000000
1687,1687/32,3180367/8000000000000000000000000000000,12721573/32000000000000000000000000000000
1688,211/4,12330069/32000000000000000000000000000000,6165087/16000000000000000000000000000000
1689,1689/32,1493839/4000000000000000000000000000000,11950817/32000000000000000000000000000000
1690,845/16,11583027/32000000000000000000000000000000,2895783/8000000000000000000000000000000
1691,1691/32,5613327/16000000000000000000000000000000,11226759/32000000000000000000000000000000
1692,423/8,5440623/16000000000000000000000000000000,10881351/32000000000000000000000000000000
1693,1693/32,2109293/6400000000000000000000000000000,1054657/3200000000000000000000000000000
1694,847/16,319437/1000000000000000000000000000000,10222089/32000000000000000000000000000000
1695,1695/32,4953743/16000000000000000000000000000000,9907591/32000000000000000000000000000000
1696,53,1200333/4000000000000000000000000000000,9602769/32000000000000000000000000000000
1697,1697/32,9307221/32000000000000000000000000000000,4653663/16000000000000000000000000000000
1698,849/16,9020867/32000000000000000000000000000000,2255243/8000000000000000000000000000000
1699,1699/32,2185831/8000000000000000000000000000000,8743429/32000000000000000000000000000000
1700,425/8,105929/400000000000000000000000000000,338977/1280000000000000000000000000000
1701,1701/32,1026699/4000000000000000000000000000000,8213697/32000000000000000000000000000000
1702,851/16,3980443/16000000000000000000000000000000,7960991/32000000000000000000000000000000
1703,1703/32,1543191/6400000000000000000000000000000,385803/1600000000000000000000000000000
1704,213/4,46741/200000000000000000000000000000,1495733/6400000000000000000000000000000
1705,1705/32,1812117/8000000000000000000000000000000,7248573/32000000000000000000000000000000
1706,853/16,439091/2000000000000000000000000000000,7025561/32000000000000000000000000000000
1707,1707/32,1361861/6400000000000000000000000000000,680941/3200000000000000000000000000000
1708,427/8,1649951/8000000000000000000000000000000,6599909/32000000000000000000000000000000
1709,1709/32,6396749/32000000000000000000000000000000,3198427/16000000000000000000000000000000
1710,855/16,6199941/32000000000000000000000000000000,3100023/16000000000000000000000000000000
1711,1711/32,1502297/8000000000000000000000000000000,6009293/32000000000000000000000000000000
1712,107/2,364019/2000000000000000000000000000000,5824409/32000000000000000000000000000000
1713,1713/32,5645109/32000000000000000000000000000000,5645213/32000000000000000000000000000000
1714,857/16,5471427/32000000000000000000000000000000,5471531/32000000000000000000000000000000
1715,1715/32,331443/2000000000000000000000000000000,662899/4000000000000000000000000000000
1716,429/8,5139929/32000000000000000000000000000000,5140033/32000000000000000000000000000000
1717,1717/32,498179/3200000000000000000000000000000,2490947/16000000000000000000000000000000
1718,859/16,1207129/8000000000000000000000000000000,241431/1600000000000000000000000000000
1719,1719/32,2339979/16000000000000000000000000000000,2340031/16000000000000000000000000000000
1720,215/4,453597/3200000000000000000000000000000,2268037/16000000000000000000000000000000
1721,1721/32,1099103/8000000000000000000000000000000,1099129/8000000000000000000000000000000
1722,861/16,1065287/8000000000000000000000000000000,1065313/8000000000000000000000000000000
1723,1723/32,2065023/16000000000000000000000000000000,82603/640000000000000000000000000000
1724,431/8,4002977/32000000000000000000000000000000,4003081/32000000000000000000000000000000
1725,1725/32,1939909/16000000000000000000000000000000,1939961/16000000000000000000000000000000
1726,863/16,58757/500000000000000000000000000000,470069/4000000000000000000000000000000
1727,1727/32,3644751/32000000000000000000000000000000,728971/6400000000000000000000000000000
1728,54,3532613/32000000000000000000000000000000,3532717/32000000000000000000000000000000
1729,1729/32,136957/1280000000000000000000000000000,3424029/32000000000000000000000000000000
1730,865/16,3318581/32000000000000000000000000000000,663737/6400000000000000000000000000000
1731,1731/32,1608239/16000000000000000000000000000000,3216583/32000000000000000000000000000000
1732,433/8,3117517/32000000000000000000000000000000,1558811/16000000000000000000000000000000
1733,1733/32,3021601/32000000000000000000000000000000,1510853/16000000000000000000000000000000
1734,867/16,732159/8000000000000000000000000000000,2928741/32000000000000000000000000000000
1735,1735/32,2838531/32000000000000000000000000000000,709659/8000000000000000000000000000000
1736,217/4,1375599/16000000000000000000000000000000,2751303/32000000000000000000000000000000
1737,1737/32,333319/4000000000000000000000000000000,2666657/32000000000000000000000000000000
1738,869/16,258451/3200000000000000000000000000000,516923/6400000000000000000000000000000
1739,1739/32,78281/1000000000000000000000000000000,2505097/32000000000000000000000000000000
1740,435/8,2427921/32000000000000000000000000000000,1214013/16000000000000000000000000000000
1741,1741/32,2353221/32000000000000000000000000000000,1176663/16000000000000000000000000000000
1742,871/16,114041/1600000000000000000000000000000,570231/8000000000000000000000000000000
1743,1743/32,1105323/16000000000000000000000000000000,8843/128000000000000000000000000000
1744,109/2,2142631/32000000000000000000000000000000,428547/6400000000000000000000000000000
1745,1745/32,2076709/32000000000000000000000000000000,2076813/32000000000000000000000000000000
1746,873/16,402563/6400000000000000000000000000000,2012919/32000000000000000000000000000000
1747,1747/32,1950887/32000000000000000000000000000000,1950991/32000000000000000000000000000000
1748,437/8,118179/2000000000000000000000000000000,236371/4000000000000000000000000000000
1749,1749/32,114543/2000000000000000000000000000000,229099/4000000000000000000000000000000
1750,875/16,888151/16000000000000000000000000000000,888203/16000000000000000000000000000000
1751,1751/32,34433/640000000000000000000000000000,860877/16000000000000000000000000000000
1752,219/4,41717/800000000000000000000000000000,104299/2000000000000000000000000000000
1753,1753/32,80867/1600000000000000000000000000000,404361/8000000000000000000000000000000
1754,877/16,1567579/32000000000000000000000000000000,1567683/32000000000000000000000000000000
1755,1755/32,1519349/32000000000000000000000000000000,1519453/32000000000000000000000000000000
1756,439/8,1472603/32000000000000000000000000000000,1472707/32000000000000000000000000000000
1757,1757/32,285459/6400000000000000000000000000000,1427399/32000000000000000000000000000000
1758,879/16,1383381/32000000000000000000000000000000,276697/6400000000000000000000000000000
1759,1759/32,670409/16000000000000000000000000000000,670461/16000000000000000000000000000000
1760,55,259913/6400000000000000000000000000000,1299669/32000000000000000000000000000000
1761,1761/32,1259581/32000000000000000000000000000000,251937/6400000000000000000000000000000
1762,881/16,1220827/32000000000000000000000000000000,1220931/32000000000000000000000000000000
1763,1763/32,591633/16000000000000000000000000000000,118337/3200000000000000000000000000000
1764,441/8,57343/1600000000000000000000000000000,286741/8000000000000000000000000000000
1765,1765/32,555787/16000000000000000000000000000000,555839/16000000000000000000000000000000
1766,883/16,538687/16000000000000000000000000000000,538739/16000000000000000000000000000000
1767,1767/32,522113/16000000000000000000000000000000,104433/3200000000000000000000000000000
1768,221/4,506049/16000000000000000000000000000000,506101/16000000000000000000000000000000
1769,1769/32,980959/32000000000000000000000000000000,981063/32000000000000000000000000000000
1770,885/16,475389/16000000000000000000000000000000,475441/16000000000000000000000000000000
1771,1771/32,36861/1280000000000000000000000000000,921629/32000000000000000000000000000000
1772,443/8,223293/8000000000000000000000000000000,223319/8000000000000000000000000000000
1773,1773/32,865691/32000000000000000000000000000000,216449/8000000000000000000000000000000
1774,887/16,52441/2000000000000000000000000000000,839161/32000000000000000000000000000000
1775,1775/32,20331/800000000000000000000000000000,162669/6400000000000000000000000000000
1776,111/2,788219/32000000000000000000000000000000,197081/8000000000000000000000000000000
1777,1777/32,11937/500000000000000000000000000000,764073/32000000000000000000000000000000
1778,889/16,740463/32000000000000000000000000000000,92571/4000000000000000000000000000000
1779,1779/32,717681/32000000000000000000000000000000,358893/16000000000000000000000000000000
1780,445/8,1739/80000000000000000000000000000,139141/6400000000000000000000000000000
1781,1781/32,337099/16000000000000000000000000000000,674303/32000000000000000000000000000000
1782,891/16,130691/6400000000000000000000000000000,16339/800000000000000000000000000000
1783,1783/32,12667/640000000000000000000000000000,126691/6400000000000000000000000000000
1784,223/4,613863/32000000000000000000000000000000,38373/2000000000000000000000000000000
1785,1785/32,18593/1000000000000000000000000000000,595081/32000000000000000000000000000000
1786,893/16,57667/3200000000000000000000000000000,23071/1280000000000000000000000000000
1787,1787/32,558927/32000000000000000000000000000000,69879/4000000000000000000000000000000
1788,447/8,54173/3200000000000000000000000000000,108367/6400000000000000000000000000000
1789,1789/32,262531/16000000000000000000000000000000,525167/32000000000000000000000000000000
1790,895/16,508907/32000000000000000000000000000000,127253/8000000000000000000000000000000
1791,1791/32,493249/32000000000000000000000000000000,246677/16000000000000000000000000000000
1792,56,478073/32000000000000000000000000000000,239089/16000000000000000000000000000000
1793,1793/32,115841/8000000000000000000000000000000,463469/32000000000000000000000000000000
1794,897/16,449107/32000000000000000000000000000000,112303/8000000000000000000000000000000
1795,1795/32,435289/32000000000000000000000000000000,217697/16000000000000000000000000000000
1796,449/8,52737/4000000000000000000000000000000,422001/32000000000000000000000000000000
1797,1797/32,81783/6400000000000000000000000000000,20451/1600000000000000000000000000000
1798,899/16,198167/16000000000000000000000000000000,198219/16000000000000000000000000000000
1799,1799/32,19207/1600000000000000000000000000000,96061/8000000000000000000000000000000
1800,225/4,372321/32000000000000000000000000000000,14897/1280000000000000000000000000000
1801,1801/32,72173/6400000000000000000000000000000,360969/32000000000000000000000000000000
1802,901/16,174881/16000000000000000000000000000000,174933/16000000000000000000000000000000
1803,1803/32,339/32000000000000000000000000000,10597/1000000000000000000000000000000
1804,451/8,32857/3200000000000000000000000000000,164337/16000000000000000000000000000000
1805,1805/32,15923/1600000000000000000000000000000,79641/8000000000000000000000000000000
1806,903/16,154331/16000000000000000000000000000000,154383/16000000000000000000000000000000
1807,1807/32,59833/6400000000000000000000000000000,299269/32000000000000000000000000000000
1808,113/2,7249/800000000000000000000000000000,18129/2000000000000000000000000000000
1809,1809/32,140519/16000000000000000000000000000000,140571/16000000000000000000000000000000
1810,905/16,272391/32000000000000000000000000000000,54499/6400000000000000000000000000000
1811,1811/32,26401/3200000000000000000000000000000,132057/16000000000000000000000000000000
1812,453/8,255887/32000000000000000000000000000000,255991/32000000000000000000000000000000
1813,1813/32,124007/16000000000000000000000000000000,124059/16000000000000000000000000000000
1814,907/16,240383/32000000000000000000000000000000,240487/32000000000000000000000000000000
1815,1815/32,232987/32000000000000000000000000000000,233091/32000000000000000000000000000000
1816,227/4,112909/16000000000000000000000000000000,112961/16000000000000000000000000000000
1817,1817/32,21887/3200000000000000000000000000000,109487/16000000000000000000000000000000
1818,909/16,26517/4000000000000000000000000000000,2653/400000000000000000000000000000
1819,1819/32,205609/32000000000000000000000000000000,205713/32000000000000000000000000000000
1820,455/8,199283/32000000000000000000000000000000,199387/32000000000000000000000000000000
1821,1821/32,193151/32000000000000000000000000000000,38651/6400000000000000000000000000000
1822,911/16,23401/4000000000000000000000000000000,11707/2000000000000000000000000000000
1823,1823/32,22681/4000000000000000000000000000000,11347/2000000000000000000000000000000
1824,57,35173/6400000000000000000000000000000,175969/32000000000000000000000000000000
1825,1825/32,85227/16000000000000000000000000000000,85279/16000000000000000000000000000000
1826,913/16,165209/32000000000000000000000000000000,165313/32000000000000000000000000000000
1827,1827/32,80063/16000000000000000000000000000000,16023/3200000000000000000000000000000
1828,457/8,155199/32000000000000000000000000000000,155303/32000000000000000000000000000000
1829,1829/32,18803/4000000000000000000000000000000,147/31250000000000000000000000000
1830,915/16,29159/6400000000000000000000000000000,145899/32000000000000000000000000000000
1831,1831/32,141309/32000000000000000000000000000000,141413/32000000000000000000000000000000
1832,229/4,136961/32000000000000000000000000000000,27413/6400000000000000000000000000000
1833,1833/32,132747/32000000000000000000000000000000,132851/32000000000000000000000000000000
1834,917/16,64331/16000000000000000000000000000000,64383/16000000000000000000000000000000
1835,1835/32,124703/32000000000000000000000000000000,124807/32000000000000000000000000000000
1836,459/8,60433/16000000000000000000000000000000,12097/3200000000000000000000000000000
1837,1837/32,117147/32000000000000000000000000000000,117251/32000000000000000000000000000000
1838,919/16,56771/16000000000000000000000000000000,56823/16000000000000000000000000000000
1839,1839/32,3439/1000000000000000000000000000000,13769/4000000000000000000000000000000
1840,115/2,53331/16000000000000000000000000000000,53383/16000000000000000000000000000000
1841,1841/32,5169/1600000000000000000000000000000,25871/8000000000000000000000000000000
1842,921/16,100199/32000000000000000000000000000000,100303/32000000000000000000000000000000
1843,1843/32,24279/8000000000000000000000000000000,4861/1600000000000000000000000000000
1844,461/8,5883/2000000000000000000000000000000,11779/4000000000000000000000000000000
1845,1845/32,91231/32000000000000000000000000000000,11417/4000000000000000000000000000000
1846,923/16,11053/4000000000000000000000000000000,88529/32000000000000000000000000000000
1847,1847/32,85703/32000000000000000000000000000000,5363/2000000000000000000000000000000
1848,231/4,41533/16000000000000000000000000000000,83171/32000000000000000000000000000000
1849,1849/32,8051/3200000000000000000000000000000,16123/6400000000000000000000000000000
1850,925/16,4877/2000000000000000000000000000000,78137/32000000000000000000000000000000
1851,1851/32,75631/32000000000000000000000000000000,9467/4000000000000000000000000000000
1852,463/8,9163/4000000000000000000000000000000,73409/32000000000000000000000000000000
1853,1853/32,8881/4000000000000000000000000000000,71153/32000000000000000000000000000000
1854,927/16,34431/16000000000000000000000000000000,68967/32000000000000000000000000000000
1855,1855/32,66743/32000000000000000000000000000000,2089/1000000000000000000000000000000
1856,58,64689/32000000000000000000000000000000,32397/16000000000000000000000000000000
1857,1857/32,31349/16000000000000000000000000000000,62803/32000000000000000000000000000000
1858,929/16,1899/1000000000000000000000000000000,60873/32000000000000000000000000000000
1859,1859/32,29449/16000000000000000000000000000000,59003/32000000000000000000000000000000
1860,465/8,11417/6400000000000000000000000000000,5719/3200000000000000000000000000000
1861,1861/32,1729/1000000000000000000000000000000,55433/32000000000000000000000000000000
1862,931/16,429/256000000000000000000000000000,5373/3200000000000000000000000000000
1863,1863/32,2079/1280000000000000000000000000000,651/400000000000000000000000000000
1864,233/4,403/256000000000000000000000000000,631/400000000000000000000000000000
1865,1865/32,1953/1280000000000000000000000000000,4893/3200000000000000000000000000000
1866,933/16,23661/16000000000000000000000000000000,47427/32000000000000000000000000000000
1867,1867/32,22933/16000000000000000000000000000000,45971/32000000000000000000000000000000
1868,467/8,22227/16000000000000000000000000000000,44559/32000000000000000000000000000000
1869,1869/32,21543/16000000000000000000000000000000,43191/32000000000000000000000000000000
1870,935/16,261/200000000000000000000000000000,8373/6400000000000000000000000000000
1871,1871/32,1619/1280000000000000000000000000000,2029/1600000000000000000000000000000
1872,117/2,39229/32000000000000000000000000000000,19667/16000000000000000000000000000000
1873,1873/32,19011/16000000000000000000000000000000,38127/32000000000000000000000000000000
1874,937/16,9213/8000000000000000000000000000000,36957/32000000000000000000000000000000
1875,1875/32,17859/16000000000000000000000000000000,35823/32000000000000000000000000000000
1876,469/8,34619/32000000000000000000000000000000,8681/8000000000000000000000000000000
1877,1877/32,33553/32000000000000000000000000000000,16829/16000000000000000000000000000000
1878,939/16,813/800000000000000000000000000000,261/256000000000000000000000000000
1879,1879/32,31519/32000000000000000000000000000000,3953/4000000000000000000000000000000
1880,235/4,30549/32000000000000000000000000000000,15327/16000000000000000000000000000000
1881,1881/32,29609/32000000000000000000000000000000,14857/16000000000000000000000000000000
1882,941/16,14349/16000000000000000000000000000000,28803/32000000000000000000000000000000
1883,1883/32,5563/6400000000000000000000000000000,349/400000000000000000000000000000
1884,471/8,26959/32000000000000000000000000000000,3383/4000000000000000000000000000000
1885,1885/32,26129/32000000000000000000000000000000,13117/16000000000000000000000000000000
1886,943/16,1013/1280000000000000000000000000000,2543/3200000000000000000000000000000
1887,1887/32,4909/6400000000000000000000000000000,493/640000000000000000000000000000
1888,59,23789/32000000000000000000000000000000,11947/16000000000000000000000000000000
1889,1889/32,23057/32000000000000000000000000000000,11581/16000000000000000000000000000000
1890,945/16,22347/32000000000000000000000000000000,5613/8000000000000000000000000000000
1891,1891/32,21659/32000000000000000000000000000000,5441/8000000000000000000000000000000
1892,473/8,41/62500000000000000000000000000,21097/32000000000000000000000000000000
1893,1893/32,10173/16000000000000000000000000000000,20451/32000000000000000000000000000000
1894,947/16,493/800000000000000000000000000000,793/1280000000000000000000000000000
1895,1895/32,19113/32000000000000000000000000000000,9609/16000000000000000000000000000000
1896,237/4,4631/8000000000000000000000000000000,18629/32000000000000000000000000000000
1897,1897/32,8977/16000000000000000000000000000000,18059/32000000000000000000000000000000
1898,949/16,17401/32000000000000000000000000000000,8753/16000000000000000000000000000000
1899,1899/32,3373/6400000000000000000000000000000,1697/3200000000000000000000000000000
1900,475/8,8173/16000000000000000000000000000000,16451/32000000000000000000000000000000
1901,1901/32,15843/32000000000000000000000000000000,3987/8000000000000000000000000000000
1902,951/16,3071/6400000000000000000000000000000,773/1600000000000000000000000000000
1903,1903/32,7441/16000000000000000000000000000000,14987/32000000000000000000000000000000
1904,119/2,1803/4000000000000000000000000000000,14529/32000000000000000000000000000000
1905,1905/32,699/1600000000000000000000000000000,2817/6400000000000000000000000000000
1906,953/16,13549/32000000000000000000000000000000,6827/16000000000000000000000000000000
1907,1907/32,3283/8000000000000000000000000000000,13237/32000000000000000000000000000000
1908,477/8,12727/32000000000000000000000000000000,401/1000000000000000000000000000000
1909,1909/32,2467/6400000000000000000000000000000,311/800000000000000000000000000000
1910,955/16,2391/6400000000000000000000000000000,603/1600000000000000000000000000000
1911,1911/32,11587/32000000000000000000000000000000,2923/8000000000000000000000000000000
1912,239/4,1123/3200000000000000000000000000000,2267/6400000000000000000000000000000
1913,1913/32,2721/8000000000000000000000000000000,10989/32000000000000000000000000000000
1914,957/16,10549/32000000000000000000000000000000,5327/16000000000000000000000000000000
1915,1915/32,639/2000000000000000000000000000000,10329/32000000000000000000000000000000
1916,479/8,9909/32000000000000000000000000000000,5007/16000000000000000000000000000000
1917,1917/32,2401/8000000000000000000000000000000,9709/32000000000000000000000000000000
1918,959/16,2327/8000000000000000000000000000000,9413/32000000000000000000000000000000
1919,1919/32,9021/32000000000000000000000000000000,4563/16000000000000000000000000000000
1920,60,8743/32000000000000000000000000000000,553/2000000000000000000000000000000
1921,1921/32,4237/16000000000000000000000000000000,4289/16000000000000000000000000000000
1922,961/16,8213/32000000000000000000000000000000,8317/32000000000000000000000000000000
1923,1923/32,199/800000000000000000000000000000,63/250000000000000000000000000000
1924,481/8,1543/6400000000000000000000000000000,7819/32000000000000000000000000000000
1925,1925/32,7477/32000000000000000000000000000000,7581/32000000000000000000000000000000
1926,963/16,3623/16000000000000000000000000000000,147/640000000000000000000000000000
1927,1927/32,7023/32000000000000000000000000000000,7127/32000000000000000000000000000000
1928,241/4,3403/16000000000000000000000000000000,691/3200000000000000000000000000000
1929,1929/32,1649/8000000000000000000000000000000,67/320000000000000000000000000000
1930,965/16,6393/32000000000000000000000000000000,6497/32000000000000000000000000000000
1931,1931/32,1549/8000000000000000000000000000000,63/320000000000000000000000000000
1932,483/8,1201/6400000000000000000000000000000,6109/32000000000000000000000000000000
1933,1933/32,291/1600000000000000000000000000000,1481/8000000000000000000000000000000
1934,967/16,141/800000000000000000000000000000,359/2000000000000000000000000000000
1935,1935/32,2733/16000000000000000000000000000000,557/3200000000000000000000000000000
1936,121/2,5297/32000000000000000000000000000000,5401/32000000000000000000000000000000
1937,1937/32,2567/16000000000000000000000000000000,2619/16000000000000000000000000000000
1938,969/16,311/2000000000000000000000000000000,127/800000000000000000000000000000
1939,1939/32,2411/16000000000000000000000000000000,2463/16000000000000000000000000000000
1940,485/8,4673/32000000000000000000000000000000,4777/32000000000000000000000000000000
1941,1941/32,4529/32000000000000000000000000000000,4633/32000000000000000000000000000000
1942,971/16,4389/32000000000000000000000000000000,4493/32000000000000000000000000000000
1943,1943/32,4253/32000000000000000000000000000000,4357/32000000000000000000000000000000
1944,243/4,2061/16000000000000000000000000000000,2113/16000000000000000000000000000000
1945,1945/32,799/6400000000000000000000000000000,4099/32000000000000000000000000000000
1946,973/16,121/1000000000000000000000000000000,497/4000000000000000000000000000000
1947,1947/32,469/4000000000000000000000000000000,241/2000000000000000000000000000000
1948,487/8,909/8000000000000000000000000000000,187/1600000000000000000000000000000
1949,1949/32,881/8000000000000000000000000000000,907/8000000000000000000000000000000
1950,975/16,683/6400000000000000000000000000000,3519/32000000000000000000000000000000
1951,1951/32,3309/32000000000000000000000000000000,3413/32000000000000000000000000000000
1952,61,3207/32000000000000000000000000000000,3311/32000000000000000000000000000000
1953,1953/32,777/8000000000000000000000000000000,803/8000000000000000000000000000000
1954,977/16,753/8000000000000000000000000000000,779/8000000000000000000000000000000
1955,1955/32,2919/32000000000000000000000000000000,3023/32000000000000000000000000000000
1956,489/8,2829/32000000000000000000000000000000,2933/32000000000000000000000000000000
1957,1957/32,2741/32000000000000000000000000000000,569/6400000000000000000000000000000
1958,979/16,83/1000000000000000000000000000000,69/800000000000000000000000000000
1959,1959/32,1287/16000000000000000000000000000000,1339/16000000000000000000000000000000
1960,245/4,1247/16000000000000000000000000000000,1299/16000000000000000000000000000000
1961,1961/32,2417/32000000000000000000000000000000,2521/32000000000000000000000000000000
1962,981/16,1171/16000000000000000000000000000000,1223/16000000000000000000000000000000
1963,1963/32,2269/32000000000000000000000000000000,2373/32000000000000000000000000000000
1964,491/8,2199/32000000000000000000000000000000,2303/32000000000000000000000000000000
1965,1965/32,2131/32000000000000000000000000000000,447/6400000000000000000000000000000
1966,983/16,413/6400000000000000000000000000000,2169/32000000000000000000000000000000
1967,1967/32,2001/32000000000000000000000000000000,421/6400000000000000000000000000000
1968,123/2,1939/32000000000000000000000000000000,2043/32000000000000000000000000000000
1969,1969/32,1879/32000000000000000000000000000000,1983/32000000000000000000000000000000
1970,985/16,1821/32000000000000000000000000000000,77/1280000000000000000000000000000
1971,1971/32,441/8000000000000000000000000000000,467/8000000000000000000000000000000
1972,493/8,1709/32000000000000000000000000000000,1813/32000000000000000000000000000000
1973,1973/32,207/4000000000000000000000000000000,11/200000000000000000000000000000
1974,987/16,321/6400000000000000000000000000000,1709/32000000000000000000000000000000
1975,1975/32,311/6400000000000000000000000000000,1659/32000000000000000000000000000000
1976,247/4,1507/32000000000000000000000000000000,1611/32000000000000000000000000000000
1977,1977/32,73/1600000000000000000000000000000,391/8000000000000000000000000000000
1978,989/16,283/6400000000000000000000000000000,1519/32000000000000000000000000000000
1979,1979/32,1371/32000000000000000000000000000000,59/1280000000000000000000000000000
1980,495/8,83/2000000000000000000000000000000,179/4000000000000000000000000000000
1981,1981/32,1287/32000000000000000000000000000000,1391/32000000000000000000000000000000
1982,991/16,1247/32000000000000000000000000000000,1351/32000000000000000000000000000000
1983,1983/32,151/4000000000000000000000000000000,41/1000000000000000000000000000000
1984,62,117/3200000000000000000000000000000,637/16000000000000000000000000000000
1985,1985/32,567/16000000000000000000000000000000,619/16000000000000000000000000000000
1986,993/16,1099/32000000000000000000000000000000,1203/32000000000000000000000000000000
1987,1987/32,213/6400000000000000000000000000000,1169/32000000000000000000000000000000
1988,497/8,129/4000000000000000000000000000000,71/2000000000000000000000000000000
1989,1989/32,1/32000000000000000000000000000,69/2000000000000000000000000000000
1990,995/16,969/32000000000000000000000000000000,1073/32000000000000000000000000000000
1991,1991/32,939/32000000000000000000000000000000,1043/32000000000000000000000000000000
1992,249/4,91/3200000000000000000000000000000,507/16000000000000000000000000000000
1993,1993/32,441/16000000000000000000000000000000,493/16000000000000000000000000000000
1994,997/16,427/16000000000000000000000000000000,479/16000000000000000000000000000000
1995,1995/32,827/32000000000000000000000000000000,931/32000000000000000000000000000000
1996,499/8,801/32000000000000000000000000000000,181/6400000000000000000000000000000
1997,1997/32,97/4000000000000000000000000000000,11/400000000000000000000000000000
1998,999/16,47/2000000000000000000000000000000,107/4000000000000000000000000000000
1999,1999/32,91/4000000000000000000000000000000,13/500000000000000000000000000000
2000,125/2,141/6400000000000000000000000000000,809/32000000000000000000000000000000
2001,2001/32,683/32000000000000000000000000000000,787/32000000000000000000000000000000
2002,1001/16,661/32000000000000000000000000000000,383/16000000000000000000000000000000
2003,2003/32,1/50000000000000000000000000000,149/6400000000000000000000000000000
2004,501/8,31/1600000000000000000000000000000,29/1280000000000000000000000000000
2005,2005/32,3/160000000000000000000000000000,141/6400000000000000000000000000000
2006,1003/16,581/32000000000000000000000000000000,343/16000000000000000000000000000000
2007,2007/32,563/32000000000000000000000000000000,167/8000000000000000000000000000000
2008,251/4,109/6400000000000000000000000000000,13/640000000000000000000000000000
2009,2009/32,33/2000000000000000000000000000000,633/32000000000000000000000000000000
2010,1005/16,511/32000000000000000000000000000000,77/4000000000000000000000000000000
2011,2011/32,99/6400000000000000000000000000000,3/160000000000000000000000000000
2012,503/8,479/32000000000000000000000000000000,73/4000000000000000000000000000000
2013,2013/32,29/2000000000000000000000000000000,569/32000000000000000000000000000000
2014,1007/16,449/32000000000000000000000000000000,277/16000000000000000000000000000000
2015,2015/32,87/6400000000000000000000000000000,27/1600000000000000000000000000000
2016,63,421/32000000000000000000000000000000,263/16000000000000000000000000000000
2017,2017/32,51/4000000000000000000000000000000,513/32000000000000000000000000000000
2018,1009/16,79/6400000000000000000000000000000,1/64000000000000000000000000000
2019,2019/32,191/16000000000000000000000000000000,487/32000000000000000000000000000000
2020,505/8,37/3200000000000000000000000000000,19/1280000000000000000000000000000
2021,2021/32,179/16000000000000000000000000000000,463/32000000000000000000000000000000
2022,1011/16,173/16000000000000000000000000000000,451/32000000000000000000000000000000
2023,2023/32,67/6400000000000000000000000000000,11/800000000000000000000000000000
2024,253/4,81/8000000000000000000000000000000,429/32000000000000000000000000000000
2025,2025/32,157/16000000000000000000000000000000,419/32000000000000000000000000000000
2026,1013/16,19/2000000000000000000000000000000,409/32000000000000000000000000000000
2027,2027/32,147/16000000000000000000000000000000,399/32000000000000000000000000000000
2028,507/8,71/8000000000000000000000000000000,389/32000000000000000000000000000000
2029,2029/32,11/1280000000000000000000000000000,19/1600000000000000000000000000000
2030,1015/16,133/16000000000000000000000000000000,371/32000000000000000000000000000000
2031,2031/32,257/32000000000000000000000000000000,181/16000000000000000000000000000000
2032,127/2,249/32000000000000000000000000000000,177/16000000000000000000000000000000
2033,2033/32,241/32000000000000000000000000000000,173/16000000000000000000000000000000
2034,1017/16,233/32000000000000000000000000000000,169/16000000000000000000000000000000
2035,2035/32,9/1280000000000000000000000000000,33/3200000000000000000000000000000
2036,509/8,109/16000000000000000000000000000000,323/32000000000000000000000000000000
2037,2037/32,211/32000000000000000000000000000000,79/8000000000000000000000000000000
2038,1019/16,51/8000000000000000000000000000000,309/32000000000000000000000000000000
2039,2039/32,197/32000000000000000000000000000000,151/16000000000000000000000000000000
2040,255/4,19/3200000000000000000000000000000,59/6400000000000000000000000000000
2041,2041/32,23/4000000000000000000000000000000,289/32000000000000000000000000000000
2042,1021/16,89/16000000000000000000000000000000,283/32000000000000000000000000000000
2043,2043/32,43/8000000000000000000000000000000,277/32000000000000000000000000000000
2044,511/8,83/16000000000000000000000000000000,271/32000000000000000000000000000000
2045,2045/32,1/200000000000000000000000000000,53/6400000000000000000000000000000
2046,1023/16,31/6400000000000000000000000000000,13/1600000000000000000000000000000
2047,2047/32,3/640000000000000000000000000000,51/6400000000000000000000000000000
2048,64,29/6400000000000000000000000000000,1/128000000000000000000000000000
2049,2049/32,7/1600000000000000000000000000000,49/6400000000000000000000000000000
2050,1025/16,27/6400000000000000000000000000000,3/400000000000000000000000000000
2051,2051/32,13/3200000000000000000000000000000,47/6400000000000000000000000000000
2052,513/8,63/16000000000000000000000000000000,23/3200000000000000000000000000000
2053,2053/32,61/16000000000000000000000000000000,113/16000000000000000000000000000000
2054,1027/16,59/16000000000000000000000000000000,111/16000000000000000000000000000000
2055,2055/32,57/16000000000000000000000000000000,109/16000000000000000000000000000000
2056,257/4,11/3200000000000000000000000000000,107/16000000000000000000000000000000
2057,2057/32,53/16000000000000000000000000000000,21/3200000000000000000000000000000
2058,1029/16,51/16000000000000000000000000000000,103/16000000000000000000000000000000
2059,2059/32,49/16000000000000000000000000000000,101/16000000000000000000000000000000
2060,515/8,47/16000000000000000000000000000000,199/32000000000000000000000000000000
2061,2061/32,91/32000000000000000000000000000000,49/8000000000000000000000000000000
2062,1031/16,11/4000000000000000000000000000000,193/32000000000000000000000000000000
2063,2063/32,17/6400000000000000000000000000000,19/3200000000000000000000000000000
2064,129/2,41/16000000000000000000000000000000,187/32000000000000000000000000000000
2065,2065/32,79/32000000000000000000000000000000,23/4000000000000000000000000000000
2066,1033/16,19/8000000000000000000000000000000,181/32000000000000000000000000000000
2067,2067/32,73/32000000000000000000000000000000,89/16000000000000000000000000000000
2068,517/8,7/3200000000000000000000000000000,7/1280000000000000000000000000000
2069,2069/32,67/32000000000000000000000000000000,43/8000000000000000000000000000000
2070,1035/16,1/500000000000000000000000000000,169/32000000000000000000000000000000
2071,2071/32,31/16000000000000000000000000000000,167/32000000000000000000000000000000
2072,259/4,3/1600000000000000000000000000000,33/6400000000000000000000000000000
2073,2073/32,29/16000000000000000000000000000000,163/32000000000000000000000000000000
2074,1037/16,7/4000000000000000000000000000000,161/32000000000000000000000000000000
2075,2075/32,27/16000000000000000000000000000000,159/32000000000000000000000000000000
2076,519/8,13/8000000000000000000000000000000,157/32000000000000000000000000000000
2077,2077/32,1/640000000000000000000000000000,31/6400000000000000000000000000000
2078,1039/16,3/2000000000000000000000000000000,153/32000000000000000000000000000000
2079,2079/32,23/16000000000000000000000000000000,151/32000000000000000000000000000000
2080,65,11/8000000000000000000000000000000,149/32000000000000000000000000000000
2081,2081/32,21/16000000000000000000000000000000,147/32000000000000000000000000000000
2082,1041/16,1/800000000000000000000000000000,29/6400000000000000000000000000000
2083,2083/32,19/16000000000000000000000000000000,143/32000000000000000000000000000000
2084,521/8,9/8000000000000000000000000000000,141/32000000000000000000000000000000
2085,2085/32,17/16000000000000000000000000000000,139/32000000000000000000000000000000
2086,1043/16,1/1000000000000000000000000000000,137/32000000000000000000000000000000
2087,2087/32,31/32000000000000000000000000000000,17/4000000000000000000000000000000
2088,261/4,3/3200000000000000000000000000000,27/6400000000000000000000000000000
2089,2089/32,29/32000000000000000000000000000000,67/16000000000000000000000000000000
2090,1045/16,7/8000000000000000000000000000000,133/32000000000000000000000000000000
2091,2091/32,27/32000000000000000000000000000000,33/8000000000000000000000000000000
2092,523/8,13/16000000000000000000000000000000,131/32000000000000000000000000000000
2093,2093/32,1/1280000000000000000000000000000,13/3200000000000000000000000000000
2094,1047/16,3/4000000000000000000000000000000,129/32000000000000000000000000000000
2095,2095/32,23/32000000000000000000000000000000,1/250000000000000000000000000000
2096,131/2,11/16000000000000000000000000000000,127/32000000000000000000000000000000
2097,2097/32,21/32000000000000000000000000000000,63/16000000000000000000000000000000
2098,1049/16,1/1600000000000000000000000000000,1/256000000000000000000000000000
2099,2099/32,19/32000000000000000000000000000000,31/8000000000000000000000000000000
2100,525/8,9/16000000000000000000000000000000,123/32000000000000000000000000000000
2101,2101/32,17/32000000000000000000000000000000,61/16000000000000000000000000000000
2102,1051/16,1/2000000000000000000000000000000,121/32000000000000000000000000000000
2103,2103/32,3/6400000000000000000000000000000,3/800000000000000000000000000000
2104,263/4,7/16000000000000000000000000000000,119/32000000000000000000000000000000
2105,2105/32,13/32000000000000000000000000000000,59/16000000000000000000000000000000
2106,1053/16,3/8000000000000000000000000000000,117/32000000000000000000000000000000
2107,2107/32,11/32000000000000000000000000000000,29/8000000000000000000000000000000
2108,527/8,1/3200000000000000000000000000000,23/6400000000000000000000000000000
2109,2109/32,9/32000000000000000000000000000000,57/16000000000000000000000000000000
2110,1055/16,1/4000000000000000000000000000000,113/32000000000000000000000000000000
2111,2111/32,7/32000000000000000000000000000000,7/2000000000000000000000000000000
2112,66,3/16000000000000000000000000000000,111/32000000000000000000000000000000
2113,2113/32,1/6400000000000000000000000000000,11/3200000000000000000000000000000
2114,1057/16,1/8000000000000000000000000000000,109/32000000000000000000000000000000
2115,2115/32,3/32000000000000000000000000000000,27/8000000000000000000000000000000
2116,529/8,1/16000000000000000000000000000000,107/32000000000000000000000000000000
2117,2117/32,1/32000000000000000000000000000000,53/16000000000000000000000000000000
2118,1059/16,0,21/6400000000000000000000000000000
2119,2119/32,0,13/4000000000000000000000000000000
2120,265/4,0,13/4000000000000000000000000000000
2121,2121/32,0,13/4000000000000000000000000000000
2122,1061/16,0,13/4000000000000000000000000000000
2123,2123/32,0,13/4000000000000000000000000000000
2124,531/8,0,13/4000000000000000000000000000000
2125,2125/32,0,13/4000000000000000000000000000000
2126,1063/16,0,13/4000000000000000000000000000000
2127,2127/32,0,13/4000000000000000000000000000000
2128,133/2,0,13/4000000000000000000000000000000
2129,2129/32,0,13/4000000000000000000000000000000
2130,1065/16,0,13/4000000000000000000000000000000
2131,2131/32,0,13/4000000000000000000000000000000
2132,533/8,0,13/4000000000000000000000000000000
2133,2133/32,0,13/4000000000000000000000000000000
2134,1067/16,0,13/4000000000000000000000000000000
2135,2135/32,0,13/4000000000000000000000000000000
2136,267/4,0,13/4000000000000000000000000000000
2137,2137/32,0,13/4000000000000000000000000000000
2138,1069/16,0,13/4000000000000000000000000000000
2139,2139/32,0,13/4000000000000000000000000000000
2140,535/8,0,13/4000000000000000000000000000000
2141,2141/32,0,13/4000000000000000000000000000000
2142,1071/16,0,13/4000000000000000000000000000000
2143,2143/32,0,13/4000000000000000000000000000000
2144,67,0,13/4000000000000000000000000000000
2145,2145/32,0,13/4000000000000000000000000000000
2146,1073/16,0,13/4000000000000000000000000000000
2147,2147/32,0,13/4000000000000000000000000000000
2148,537/8,0,13/4000000000000000000000000000000
2149,2149/32,0,13/4000000000000000000000000000000
2150,1075/16,0,13/4000000000000000000000000000000
2151,2151/32,0,13/4000000000000000000000000000000
2152,269/4,0,13/4000000000000000000000000000000
2153,2153/32,0,13/4000000000000000000000000000000
2154,1077/16,0,13/4000000000000000000000000000000
2155,2155/32,0,13/4000000000000000000000000000000
2156,539/8,0,13/4000000000000000000000000000000
2157,2157/32,0,13/4000000000000000000000000000000
2158,1079/16,0,13/4000000000000000000000000000000
2159,2159/32,0,13/4000000000000000000000000000000
2160,135/2,0,13/4000000000000000000000000000000
2161,2161/32,0,13/4000000000000000000000000000000
2162,1081/16,0,13/4000000000000000000000000000000
2163,2163/32,0,13/4000000000000000000000000000000
2164,541/8,0,13/4000000000000000000000000000000
2165,2165/32,0,13/4000000000000000000000000000000
2166,1083/16,0,13/4000000000000000000000000000000
2167,2167/32,0,13/4000000000000000000000000000000
2168,271/4,0,13/4000000000000000000000000000000
2169,2169/32,0,13/4000000000000000000000000000000
2170,1085/16,0,13/4000000000000000000000000000000
2171,2171/32,0,13/4000000000000000000000000000000
2172,543/8,0,13/4000000000000000000000000000000
2173,2173/32,0,13/4000000000000000000000000000000
2174,1087/16,0,13/4000000000000000000000000000000
2175,2175/32,0,13/4000000000000000000000000000000
2176,68,0,13/4000000000000000000000000000000
2177,2177/32,0,13/4000000000000000000000000000000
2178,1089/16,0,13/4000000000000000000000000000000
2179,2179/32,0,13/4000000000000000000000000000000
2180,545/8,0,13/4000000000000000000000000000000
2181,2181/32,0,13/4000000000000000000000000000000
2182,1091/16,0,13/4000000000000000000000000000000
2183,2183/32,0,13/4000000000000000000000000000000
2184,273/4,0,13/4000000000000000000000000000000
2185,2185/32,0,13/4000000000000000000000000000000
2186,1093/16,0,13/4000000000000000000000000000000
2187,2187/32,0,13/4000000000000000000000000000000
2188,547/8,0,13/4000000000000000000000000000000
2189,2189/32,0,13/4000000000000000000000000000000
2190,1095/16,0,13/4000000000000000000000000000000
2191,2191/32,0,13/4000000000000000000000000000000
2192,137/2,0,13/4000000000000000000000000000000
2193,2193/32,0,13/4000000000000000000000000000000
2194,1097/16,0,13/4000000000000000000000000000000
2195,2195/32,0,13/4000000000000000000000000000000
2196,549/8,0,13/4000000000000000000000000000000
2197,2197/32,0,13/4000000000000000000000000000000
2198,1099/16,0,13/4000000000000000000000000000000
2199,2199/32,0,13/4000000000000000000000000000000
2200,275/4,0,13/4000000000000000000000000000000
2201,2201/32,0,13/4000000000000000000000000000000
2202,1101/16,0,13/4000000000000000000000000000000
2203,2203/32,0,13/4000000000000000000000000000000
2204,551/8,0,13/4000000000000000000000000000000
2205,2205/32,0,13/4000000000000000000000000000000
2206,1103/16,0,13/4000000000000000000000000000000
2207,2207/32,0,13/4000000000000000000000000000000
2208,69,0,13/4000000000000000000000000000000
2209,2209/32,0,13/4000000000000000000000000000000
2210,1105/16,0,13/4000000000000000000000000000000
2211,2211/32,0,13/4000000000000000000000000000000
2212,553/8,0,13/4000000000000000000000000000000
2213,2213/32,0,13/4000000000000000000000000000000
2214,1107/16,0,13/4000000000000000000000000000000
2215,2215/32,0,13/4000000000000000000000000000000
2216,277/4,0,13/4000000000000000000000000000000
2217,2217/32,0,13/4000000000000000000000000000000
2218,1109/16,0,13/4000000000000000000000000000000
2219,2219/32,0,13/4000000000000000000000000000000
2220,555/8,0,13/4000000000000000000000000000000
2221,2221/32,0,13/4000000000000000000000000000000
2222,1111/16,0,13/4000000000000000000000000000000
2223,2223/32,0,13/4000000000000000000000000000000
2224,139/2,0,13/4000000000000000000000000000000
2225,2225/32,0,13/4000000000000000000000000000000
2226,1113/16,0,13/4000000000000000000000000000000
2227,2227/32,0,13/4000000000000000000000000000000
2228,557/8,0,13/4000000000000000000000000000000
2229,2229/32,0,13/4000000000000000000000000000000
2230,1115/16,0,13/4000000000000000000000000000000
2231,2231/32,0,13/4000000000000000000000000000000
2232,279/4,0,13/4000000000000000000000000000000
2233,2233/32,0,13/4000000000000000000000000000000
2234,1117/16,0,13/4000000000000000000000000000000
2235,2235/32,0,13/4000000000000000000000000000000
2236,559/8,0,13/4000000000000000000000000000000
2237,2237/32,0,13/4000000000000000000000000000000
2238,1119/16,0,13/4000000000000000000000000000000
2239,2239/32,0,13/4000000000000000000000000000000
2240,70,0,13/4000000000000000000000000000000
2241,2241/32,0,13/4000000000000000000000000000000
2242,1121/16,0,13/4000000000000000000000000000000
2243,2243/32,0,13/4000000000000000000000000000000
2244,561/8,0,13/4000000000000000000000000000000
2245,2245/32,0,13/4000000000000000000000000000000
2246,1123/16,0,13/4000000000000000000000000000000
2247,2247/32,0,13/4000000000000000000000000000000
2248,281/4,0,13/4000000000000000000000000000000
2249,2249/32,0,13/4000000000000000000000000000000
2250,1125/16,0,13/4000000000000000000000000000000
2251,2251/32,0,13/4000000000000000000000000000000
2252,563/8,0,13/4000000000000000000000000000000
2253,2253/32,0,13/4000000000000000000000000000000
2254,1127/16,0,13/4000000000000000000000000000000
2255,2255/32,0,13/4000000000000000000000000000000
2256,141/2,0,13/4000000000000000000000000000000
2257,2257/32,0,13/4000000000000000000000000000000
2258,1129/16,0,13/4000000000000000000000000000000
2259,2259/32,0,13/4000000000000000000000000000000
2260,565/8,0,13/4000000000000000000000000000000
2261,2261/32,0,13/4000000000000000000000000000000
2262,1131/16,0,13/4000000000000000000000000000000
2263,2263/32,0,13/4000000000000000000000000000000
2264,283/4,0,13/4000000000000000000000000000000
2265,2265/32,0,13/4000000000000000000000000000000
2266,1133/16,0,13/4000000000000000000000000000000
2267,2267/32,0,13/4000000000000000000000000000000
2268,567/8,0,13/4000000000000000000000000000000
2269,2269/32,0,13/4000000000000000000000000000000
2270,1135/16,0,13/4000000000000000000000000000000
2271,2271/32,0,13/4000000000000000000000000000000
2272,71,0,13/4000000000000000000000000000000
2273,2273/32,0,13/4000000000000000000000000000000
2274,1137/16,0,13/4000000000000000000000000000000
2275,2275/32,0,13/4000000000000000000000000000000
2276,569/8,0,13/4000000000000000000000000000000
2277,2277/32,0,13/4000000000000000000000000000000
2278,1139/16,0,13/4000000000000000000000000000000
2279,2279/32,0,13/4000000000000000000000000000000
2280,285/4,0,13/4000000000000000000000000000000
2281,2281/32,0,13/4000000000000000000000000000000
2282,1141/16,0,13/4000000000000000000000000000000
2283,2283/32,0,13/4000000000000000000000000000000
2284,571/8,0,13/4000000000000000000000000000000
2285,2285/32,0,13/4000000000000000000000000000000
2286,1143/16,0,13/4000000000000000000000000000000
2287,2287/32,0,13/4000000000000000000000000000000
2288,143/2,0,13/4000000000000000000000000000000
2289,2289/32,0,13/4000000000000000000000000000000
2290,1145/16,0,13/4000000000000000000000000000000
2291,2291/32,0,13/4000000000000000000000000000000
2292,573/8,0,13/4000000000000000000000000000000
2293,2293/32,0,13/4000000000000000000000000000000
2294,1147/16,0,13/4000000000000000000000000000000
2295,2295/32,0,13/4000000000000000000000000000000
2296,287/4,0,13/4000000000000000000000000000000
2297,2297/32,0,13/4000000000000000000000000000000
2298,1149/16,0,13/4000000000000000000000000000000
2299,2299/32,0,13/4000000000000000000000000000000
2300,575/8,0,13/4000000000000000000000000000000
2301,2301/32,0,13/4000000000000000000000000000000
2302,1151/16,0,13/4000000000000000000000000000000
2303,2303/32,0,13/4000000000000000000000000000000
2304,72,0,13/4000000000000000000000000000000
2305,2305/32,0,13/4000000000000000000000000000000
2306,1153/16,0,13/4000000000000000000000000000000
2307,2307/32,0,13/4000000000000000000000000000000
2308,577/8,0,13/4000000000000000000000000000000
2309,2309/32,0,13/4000000000000000000000000000000
2310,1155/16,0,13/4000000000000000000000000000000
2311,2311/32,0,13/4000000000000000000000000000000
2312,289/4,0,13/4000000000000000000000000000000
2313,2313/32,0,13/4000000000000000000000000000000
2314,1157/16,0,13/4000000000000000000000000000000
2315,2315/32,0,13/4000000000000000000000000000000
2316,579/8,0,13/4000000000000000000000000000000
2317,2317/32,0,13/4000000000000000000000000000000
2318,1159/16,0,13/4000000000000000000000000000000
2319,2319/32,0,13/4000000000000000000000000000000
2320,145/2,0,13/4000000000000000000000000000000
2321,2321/32,0,13/4000000000000000000000000000000
2322,1161/16,0,13/4000000000000000000000000000000
2323,2323/32,0,13/4000000000000000000000000000000
2324,581/8,0,13/4000000000000000000000000000000
2325,2325/32,0,13/4000000000000000000000000000000
2326,1163/16,0,13/4000000000000000000000000000000
2327,2327/32,0,13/4000000000000000000000000000000
2328,291/4,0,13/4000000000000000000000000000000
2329,2329/32,0,13/4000000000000000000000000000000
2330,1165/16,0,13/4000000000000000000000000000000
2331,2331/32,0,13/4000000000000000000000000000000
2332,583/8,0,13/4000000000000000000000000000000
2333,2333/32,0,13/4000000000000000000000000000000
2334,1167/16,0,13/4000000000000000000000000000000
2335,2335/32,0,13/4000000000000000000000000000000
2336,73,0,13/4000000000000000000000000000000
2337,2337/32,0,13/4000000000000000000000000000000
2338,1169/16,0,13/4000000000000000000000000000000
2339,2339/32,0,13/4000000000000000000000000000000
2340,585/8,0,13/4000000000000000000000000000000
2341,2341/32,0,13/4000000000000000000000000000000
2342,1171/16,0,13/4000000000000000000000000000000
2343,2343/32,0,13/4000000000000000000000000000000
2344,293/4,0,13/4000000000000000000000000000000
2345,2345/32,0,13/4000000000000000000000000000000
2346,1173/16,0,13/4000000000000000000000000000000
2347,2347/32,0,13/4000000000000000000000000000000
2348,587/8,0,13/4000000000000000000000000000000
2349,2349/32,0,13/4000000000000000000000000000000
2350,1175/16,0,13/4000000000000000000000000000000
2351,2351/32,0,13/4000000000000000000000000000000
2352,147/2,0,13/4000000000000000000000000000000
2353,2353/32,0,13/4000000000000000000000000000000
2354,1177/16,0,13/4000000000000000000000000000000
2355,2355/32,0,13/4000000000000000000000000000000
2356,589/8,0,13/4000000000000000000000000000000
2357,2357/32,0,13/4000000000000000000000000000000
2358,1179/16,0,13/4000000000000000000000000000000
2359,2359/32,0,13/4000000000000000000000000000000
2360,295/4,0,13/4000000000000000000000000000000
2361,2361/32,0,13/4000000000000000000000000000000
2362,1181/16,0,13/4000000000000000000000000000000
2363,2363/32,0,13/4000000000000000000000000000000
2364,591/8,0,13/4000000000000000000000000000000
2365,2365/32,0,13/4000000000000000000000000000000
2366,1183/16,0,13/4000000000000000000000000000000
2367,2367/32,0,13/4000000000000000000000000000000
2368,74,0,13/4000000000000000000000000000000
2369,2369/32,0,13/4000000000000000000000000000000
2370,1185/16,0,13/4000000000000000000000000000000
2371,2371/32,0,13/4000000000000000000000000000000
2372,593/8,0,13/4000000000000000000000000000000
2373,2373/32,0,13/4000000000000000000000000000000
2374,1187/16,0,13/4000000000000000000000000000000
2375,2375/32,0,13/4000000000000000000000000000000
2376,297/4,0,13/4000000000000000000000000000000
2377,2377/32,0,13/4000000000000000000000000000000
2378,1189/16,0,13/4000000000000000000000000000000
2379,2379/32,0,13/4000000000000000000000000000000
2380,595/8,0,13/4000000000000000000000000000000
2381,2381/32,0,13/4000000000000000000000000000000
2382,1191/16,0,13/4000000000000000000000000000000
2383,2383/32,0,13/4000000000000000000000000000000
2384,149/2,0,13/4000000000000000000000000000000
2385,2385/32,0,13/4000000000000000000000000000000
2386,1193/16,0,13/4000000000000000000000000000000
2387,2387/32,0,13/4000000000000000000000000000000
2388,597/8,0,13/4000000000000000000000000000000
2389,2389/32,0,13/4000000000000000000000000000000
2390,1195/16,0,13/4000000000000000000000000000000
2391,2391/32,0,13/4000000000000000000000000000000
2392,299/4,0,13/4000000000000000000000000000000
2393,2393/32,0,13/4000000000000000000000000000000
2394,1197/16,0,13/4000000000000000000000000000000
2395,2395/32,0,13/4000000000000000000000000000000
2396,599/8,0,13/4000000000000000000000000000000
2397,2397/32,0,13/4000000000000000000000000000000
2398,1199/16,0,13/4000000000000000000000000000000
2399,2399/32,0,13/4000000000000000000000000000000
2400,75,0,13/4000000000000000000000000000000
2401,2401/32,0,13/4000000000000000000000000000000
2402,1201/16,0,13/4000000000000000000000000000000
2403,2403/32,0,13/4000000000000000000000000000000
2404,601/8,0,13/4000000000000000000000000000000
2405,2405/32,0,13/4000000000000000000000000000000
2406,1203/16,0,13/4000000000000000000000000000000
2407,2407/32,0,13/4000000000000000000000000000000
2408,301/4,0,13/4000000000000000000000000000000
2409,2409/32,0,13/4000000000000000000000000000000
2410,1205/16,0,13/4000000000000000000000000000000
2411,2411/32,0,13/4000000000000000000000000000000
2412,603/8,0,13/4000000000000000000000000000000
2413,2413/32,0,13/4000000000000000000000000000000
2414,1207/16,0,13/4000000000000000000000000000000
2415,2415/32,0,13/4000000000000000000000000000000
2416,151/2,0,13/4000000000000000000000000000000
2417,2417/32,0,13/4000000000000000000000000000000
2418,1209/16,0,13/4000000000000000000000000000000
2419,2419/32,0,13/4000000000000000000000000000000
2420,605/8,0,13/4000000000000000000000000000000
2421,2421/32,0,13/4000000000000000000000000000000
2422,1211/16,0,13/4000000000000000000000000000000
2423,2423/32,0,13/4000000000000000000000000000000
2424,303/4,0,13/4000000000000000000000000000000
2425,2425/32,0,13/4000000000000000000000000000000
2426,1213/16,0,13/4000000000000000000000000000000
2427,2427/32,0,13/4000000000000000000000000000000
2428,607/8,0,13/4000000000000000000000000000000
2429,2429/32,0,13/4000000000000000000000000000000
2430,1215/16,0,13/4000000000000000000000000000000
2431,2431/32,0,13/4000000000000000000000000000000
2432,76,0,13/4000000000000000000000000000000
2433,2433/32,0,13/4000000000000000000000000000000
2434,1217/16,0,13/4000000000000000000000000000000
2435,2435/32,0,13/4000000000000000000000000000000
2436,609/8,0,13/4000000000000000000000000000000
2437,2437/32,0,13/4000000000000000000000000000000
2438,1219/16,0,13/4000000000000000000000000000000
2439,2439/32,0,13/4000000000000000000000000000000
2440,305/4,0,13/4000000000000000000000000000000
2441,2441/32,0,13/4000000000000000000000000000000
2442,1221/16,0,13/4000000000000000000000000000000
2443,2443/32,0,13/4000000000000000000000000000000
2444,611/8,0,13/4000000000000000000000000000000
2445,2445/32,0,13/4000000000000000000000000000000
2446,1223/16,0,13/4000000000000000000000000000000
2447,2447/32,0,13/4000000000000000000000000000000
2448,153/2,0,13/4000000000000000000000000000000
2449,2449/32,0,13/4000000000000000000000000000000
2450,1225/16,0,13/4000000000000000000000000000000
2451,2451/32,0,13/4000000000000000000000000000000
2452,613/8,0,13/4000000000000000000000000000000
2453,2453/32,0,13/4000000000000000000000000000000
2454,1227/16,0,13/4000000000000000000000000000000
2455,2455/32,0,13/4000000000000000000000000000000
2456,307/4,0,13/4000000000000000000000000000000
2457,2457/32,0,13/4000000000000000000000000000000
2458,1229/16,0,13/4000000000000000000000000000000
2459,2459/32,0,13/4000000000000000000000000000000
2460,615/8,0,13/4000000000000000000000000000000
2461,2461/32,0,13/4000000000000000000000000000000
2462,1231/16,0,13/4000000000000000000000000000000
2463,2463/32,0,13/4000000000000000000000000000000
2464,77,0,13/4000000000000000000000000000000
2465,2465/32,0,13/4000000000000000000000000000000
2466,1233/16,0,13/4000000000000000000000000000000
2467,2467/32,0,13/4000000000000000000000000000000
2468,617/8,0,13/4000000000000000000000000000000
2469,2469/32,0,13/4000000000000000000000000000000
2470,1235/16,0,13/4000000000000000000000000000000
2471,2471/32,0,13/4000000000000000000000000000000
2472,309/4,0,13/4000000000000000000000000000000
2473,2473/32,0,13/4000000000000000000000000000000
2474,1237/16,0,13/4000000000000000000000000000000
2475,2475/32,0,13/4000000000000000000000000000000
2476,619/8,0,13/4000000000000000000000000000000
2477,2477/32,0,13/4000000000000000000000000000000
2478,1239/16,0,13/4000000000000000000000000000000
2479,2479/32,0,13/4000000000000000000000000000000
2480,155/2,0,13/4000000000000000000000000000000
2481,2481/32,0,13/4000000000000000000000000000000
2482,1241/16,0,13/4000000000000000000000000000000
2483,2483/32,0,13/4000000000000000000000000000000
2484,621/8,0,13/4000000000000000000000000000000
2485,2485/32,0,13/4000000000000000000000000000000
2486,1243/16,0,13/4000000000000000000000000000000
2487,2487/32,0,13/4000000000000000000000000000000
2488,311/4,0,13/4000000000000000000000000000000
2489,2489/32,0,13/4000000000000000000000000000000
2490,1245/16,0,13/4000000000000000000000000000000
2491,2491/32,0,13/4000000000000000000000000000000
2492,623/8,0,13/4000000000000000000000000000000
2493,2493/32,0,13/4000000000000000000000000000000
2494,1247/16,0,13/4000000000000000000000000000000
2495,2495/32,0,13/4000000000000000000000000000000
2496,78,0,13/4000000000000000000000000000000
2497,2497/32,0,13/4000000000000000000000000000000
2498,1249/16,0,13/4000000000000000000000000000000
2499,2499/32,0,13/4000000000000000000000000000000
2500,625/8,0,13/4000000000000000000000000000000
2501,2501/32,0,13/4000000000000000000000000000000
2502,1251/16,0,13/4000000000000000000000000000000
2503,2503/32,0,13/4000000000000000000000000000000
2504,313/4,0,13/4000000000000000000000000000000
2505,2505/32,0,13/4000000000000000000000000000000
2506,1253/16,0,13/4000000000000000000000000000000
2507,2507/32,0,13/4000000000000000000000000000000
2508,627/8,0,13/4000000000000000000000000000000
2509,2509/32,0,13/4000000000000000000000000000000
2510,1255/16,0,13/4000000000000000000000000000000
2511,2511/32,0,13/4000000000000000000000000000000
2512,157/2,0,13/4000000000000000000000000000000
2513,2513/32,0,13/4000000000000000000000000000000
2514,1257/16,0,13/4000000000000000000000000000000
2515,2515/32,0,13/4000000000000000000000000000000
2516,629/8,0,13/4000000000000000000000000000000
2517,2517/32,0,13/4000000000000000000000000000000
2518,1259/16,0,13/4000000000000000000000000000000
2519,2519/32,0,13/4000000000000000000000000000000
2520,315/4,0,13/4000000000000000000000000000000
2521,2521/32,0,13/4000000000000000000000000000000
2522,1261/16,0,13/4000000000000000000000000000000
2523,2523/32,0,13/4000000000000000000000000000000
2524,631/8,0,13/4000000000000000000000000000000
2525,2525/32,0,13/4000000000000000000000000000000
2526,1263/16,0,13/4000000000000000000000000000000
2527,2527/32,0,13/4000000000000000000000000000000
2528,79,0,13/4000000000000000000000000000000
2529,2529/32,0,13/4000000000000000000000000000000
2530,1265/16,0,13/4000000000000000000000000000000
2531,2531/32,0,13/4000000000000000000000000000000
2532,633/8,0,13/4000000000000000000000000000000
2533,2533/32,0,13/4000000000000000000000000000000
2534,1267/16,0,13/4000000000000000000000000000000
2535,2535/32,0,13/4000000000000000000000000000000
2536,317/4,0,13/4000000000000000000000000000000
2537,2537/32,0,13/4000000000000000000000000000000
2538,1269/16,0,13/4000000000000000000000000000000
2539,2539/32,0,13/4000000000000000000000000000000
2540,635/8,0,13/4000000000000000000000000000000
2541,2541/32,0,13/4000000000000000000000000000000
2542,1271/16,0,13/4000000000000000000000000000000
2543,2543/32,0,13/4000000000000000000000000000000
2544,159/2,0,13/4000000000000000000000000000000
2545,2545/32,0,13/4000000000000000000000000000000
2546,1273/16,0,13/4000000000000000000000000000000
2547,2547/32,0,13/4000000000000000000000000000000
2548,637/8,0,13/4000000000000000000000000000000
2549,2549/32,0,13/4000000000000000000000000000000
2550,1275/16,0,13/4000000000000000000000000000000
2551,2551/32,0,13/4000000000000000000000000000000
2552,319/4,0,13/4000000000000000000000000000000
2553,2553/32,0,13/4000000000000000000000000000000
2554,1277/16,0,13/4000000000000000000000000000000
2555,2555/32,0,13/4000000000000000000000000000000
2556,639/8,0,13/4000000000000000000000000000000
2557,2557/32,0,13/4000000000000000000000000000000
2558,1279/16,0,13/4000000000000000000000000000000
2559,2559/32,0,13/4000000000000000000000000000000
2560,80,0,13/4000000000000000000000000000000
2561,2561/32,0,13/4000000000000000000000000000000
2562,1281/16,0,13/4000000000000000000000000000000
2563,2563/32,0,13/4000000000000000000000000000000
2564,641/8,0,13/4000000000000000000000000000000
2565,2565/32,0,13/4000000000000000000000000000000
2566,1283/16,0,13/4000000000000000000000000000000
2567,2567/32,0,13/4000000000000000000000000000000
2568,321/4,0,13/4000000000000000000000000000000
2569,2569/32,0,13/4000000000000000000000000000000
2570,1285/16,0,13/4000000000000000000000000000000
2571,2571/32,0,13/4000000000000000000000000000000
2572,643/8,0,13/4000000000000000000000000000000
2573,2573/32,0,13/4000000000000000000000000000000
2574,1287/16,0,13/4000000000000000000000000000000
2575,2575/32,0,13/4000000000000000000000000000000
2576,161/2,0,13/4000000000000000000000000000000
2577,2577/32,0,13/4000000000000000000000000000000
2578,1289/16,0,13/4000000000000000000000000000000
2579,2579/32,0,13/4000000000000000000000000000000
2580,645/8,0,13/4000000000000000000000000000000
2581,2581/32,0,13/4000000000000000000000000000000
2582,1291/16,0,13/4000000000000000000000000000000
2583,2583/32,0,13/4000000000000000000000000000000
2584,323/4,0,13/4000000000000000000000000000000
2585,2585/32,0,13/4000000000000000000000000000000
2586,1293/16,0,13/4000000000000000000000000000000
2587,2587/32,0,13/4000000000000000000000000000000
2588,647/8,0,13/4000000000000000000000000000000
2589,2589/32,0,13/4000000000000000000000000000000
2590,1295/16,0,13/4000000000000000000000000000000
2591,2591/32,0,13/4000000000000000000000000000000
2592,81,0,13/4000000000000000000000000000000
2593,2593/32,0,13/4000000000000000000000000000000
2594,1297/16,0,13/4000000000000000000000000000000
2595,2595/32,0,13/4000000000000000000000000000000
2596,649/8,0,13/4000000000000000000000000000000
2597,2597/32,0,13/4000000000000000000000000000000
2598,1299/16,0,13/4000000000000000000000000000000
2599,2599/32,0,13/4000000000000000000000000000000
2600,325/4,0,13/4000000000000000000000000000000
2601,2601/32,0,13/4000000000000000000000000000000
2602,1301/16,0,13/4000000000000000000000000000000
2603,2603/32,0,13/4000000000000000000000000000000
2604,651/8,0,13/4000000000000000000000000000000
2605,2605/32,0,13/4000000000000000000000000000000
2606,1303/16,0,13/4000000000000000000000000000000
2607,2607/32,0,13/4000000000000000000000000000000
2608,163/2,0,13/4000000000000000000000000000000
2609,2609/32,0,13/4000000000000000000000000000000
2610,1305/16,0,13/4000000000000000000000000000000
2611,2611/32,0,13/4000000000000000000000000000000
2612,653/8,0,13/4000000000000000000000000000000
2613,2613/32,0,13/4000000000000000000000000000000
2614,1307/16,0,13/4000000000000000000000000000000
2615,2615/32,0,13/4000000000000000000000000000000
2616,327/4,0,13/4000000000000000000000000000000
2617,2617/32,0,13/4000000000000000000000000000000
2618,1309/16,0,13/4000000000000000000000000000000
2619,2619/32,0,13/4000000000000000000000000000000
2620,655/8,0,13/4000000000000000000000000000000
2621,2621/32,0,13/4000000000000000000000000000000
2622,1311/16,0,13/4000000000000000000000000000000
2623,2623/32,0,13/4000000000000000000000000000000
2624,82,0,13/4000000000000000000000000000000
2625,2625/32,0,13/4000000000000000000000000000000
2626,1313/16,0,13/4000000000000000000000000000000
2627,2627/32,0,13/4000000000000000000000000000000
2628,657/8,0,13/4000000000000000000000000000000
2629,2629/32,0,13/4000000000000000000000000000000
2630,1315/16,0,13/4000000000000000000000000000000
2631,2631/32,0,13/4000000000000000000000000000000
2632,329/4,0,13/4000000000000000000000000000000
2633,2633/32,0,13/4000000000000000000000000000000
2634,1317/16,0,13/4000000000000000000000000000000
2635,2635/32,0,13/4000000000000000000000000000000
2636,659/8,0,13/4000000000000000000000000000000
2637,2637/32,0,13/4000000000000000000000000000000
2638,1319/16,0,13/4000000000000000000000000000000
2639,2639/32,0,13/4000000000000000000000000000000
2640,165/2,0,13/4000000000000000000000000000000
2641,2641/32,0,13/4000000000000000000000000000000
2642,1321/16,0,13/4000000000000000000000000000000
2643,2643/32,0,13/4000000000000000000000000000000
2644,661/8,0,13/4000000000000000000000000000000
2645,2645/32,0,13/4000000000000000000000000000000
2646,1323/16,0,13/4000000000000000000000000000000
2647,2647/32,0,13/4000000000000000000000000000000
2648,331/4,0,13/4000000000000000000000000000000
2649,2649/32,0,13/4000000000000000000000000000000
2650,1325/16,0,13/4000000000000000000000000000000
2651,2651/32,0,13/4000000000000000000000000000000
2652,663/8,0,13/4000000000000000000000000000000
2653,2653/32,0,13/4000000000000000000000000000000
2654,1327/16,0,13/4000000000000000000000000000000
2655,2655/32,0,13/4000000000000000000000000000000
2656,83,0,13/4000000000000000000000000000000
2657,2657/32,0,13/4000000000000000000000000000000
2658,1329/16,0,13/4000000000000000000000000000000
2659,2659/32,0,13/4000000000000000000000000000000
2660,665/8,0,13/4000000000000000000000000000000
2661,2661/32,0,13/4000000000000000000000000000000
2662,1331/16,0,13/4000000000000000000000000000000
2663,2663/32,0,13/4000000000000000000000000000000
2664,333/4,0,13/4000000000000000000000000000000
2665,2665/32,0,13/4000000000000000000000000000000
2666,1333/16,0,13/4000000000000000000000000000000
2667,2667/32,0,13/4000000000000000000000000000000
2668,667/8,0,13/4000000000000000000000000000000
2669,2669/32,0,13/4000000000000000000000000000000
2670,1335/16,0,13/4000000000000000000000000000000
2671,2671/32,0,13/4000000000000000000000000000000
2672,167/2,0,13/4000000000000000000000000000000
2673,2673/32,0,13/4000000000000000000000000000000
2674,1337/16,0,13/4000000000000000000000000000000
2675,2675/32,0,13/4000000000000000000000000000000
2676,669/8,0,13/4000000000000000000000000000000
2677,2677/32,0,13/4000000000000000000000000000000
2678,1339/16,0,13/4000000000000000000000000000000
2679,2679/32,0,13/4000000000000000000000000000000
2680,335/4,0,13/4000000000000000000000000000000
2681,2681/32,0,13/4000000000000000000000000000000
2682,1341/16,0,13/4000000000000000000000000000000
2683,2683/32,0,13/4000000000000000000000000000000
2684,671/8,0,13/4000000000000000000000000000000
2685,2685/32,0,13/4000000000000000000000000000000
2686,1343/16,0,13/4000000000000000000000000000000
2687,2687/32,0,13/4000000000000000000000000000000
2688,84,0,13/4000000000000000000000000000000
2689,2689/32,0,13/4000000000000000000000000000000
2690,1345/16,0,13/4000000000000000000000000000000
2691,2691/32,0,13/4000000000000000000000000000000
2692,673/8,0,13/4000000000000000000000000000000
2693,2693/32,0,13/4000000000000000000000000000000
2694,1347/16,0,13/4000000000000000000000000000000
2695,2695/32,0,13/4000000000000000000000000000000
2696,337/4,0,13/4000000000000000000000000000000
2697,2697/32,0,13/4000000000000000000000000000000
2698,1349/16,0,13/4000000000000000000000000000000
2699,2699/32,0,13/4000000000000000000000000000000
2700,675/8,0,13/4000000000000000000000000000000
2701,2701/32,0,13/4000000000000000000000000000000
2702,1351/16,0,13/4000000000000000000000000000000
2703,2703/32,0,13/4000000000000000000000000000000
2704,169/2,0,13/4000000000000000000000000000000
2705,2705/32,0,13/4000000000000000000000000000000
2706,1353/16,0,13/4000000000000000000000000000000
2707,2707/32,0,13/4000000000000000000000000000000
2708,677/8,0,13/4000000000000000000000000000000
2709,2709/32,0,13/4000000000000000000000000000000
2710,1355/16,0,13/4000000000000000000000000000000
2711,2711/32,0,13/4000000000000000000000000000000
2712,339/4,0,13/4000000000000000000000000000000
2713,2713/32,0,13/4000000000000000000000000000000
2714,1357/16,0,13/4000000000000000000000000000000
2715,2715/32,0,13/4000000000000000000000000000000
2716,679/8,0,13/4000000000000000000000000000000
2717,2717/32,0,13/4000000000000000000000000000000
2718,1359/16,0,13/4000000000000000000000000000000
2719,2719/32,0,13/4000000000000000000000000000000
2720,85,0,13/4000000000000000000000000000000
2721,2721/32,0,13/4000000000000000000000000000000
2722,1361/16,0,13/4000000000000000000000000000000
2723,2723/32,0,13/4000000000000000000000000000000
2724,681/8,0,13/4000000000000000000000000000000
2725,2725/32,0,13/4000000000000000000000000000000
2726,1363/16,0,13/4000000000000000000000000000000
2727,2727/32,0,13/4000000000000000000000000000000
2728,341/4,0,13/4000000000000000000000000000000
2729,2729/32,0,13/4000000000000000000000000000000
2730,1365/16,0,13/4000000000000000000000000000000
2731,2731/32,0,13/4000000000000000000000000000000
2732,683/8,0,13/4000000000000000000000000000000
2733,2733/32,0,13/4000000000000000000000000000000
2734,1367/16,0,13/4000000000000000000000000000000
2735,2735/32,0,13/4000000000000000000000000000000
2736,171/2,0,13/4000000000000000000000000000000
2737,2737/32,0,13/4000000000000000000000000000000
2738,1369/16,0,13/4000000000000000000000000000000
2739,2739/32,0,13/4000000000000000000000000000000
2740,685/8,0,13/4000000000000000000000000000000
2741,2741/32,0,13/4000000000000000000000000000000
2742,1371/16,0,13/4000000000000000000000000000000
2743,2743/32,0,13/4000000000000000000000000000000
2744,343/4,0,13/4000000000000000000000000000000
2745,2745/32,0,13/4000000000000000000000000000000
2746,1373/16,0,13/4000000000000000000000000000000
2747,2747/32,0,13/4000000000000000000000000000000
2748,687/8,0,13/4000000000000000000000000000000
2749,2749/32,0,13/4000000000000000000000000000000
2750,1375/16,0,13/4000000000000000000000000000000
2751,2751/32,0,13/4000000000000000000000000000000
2752,86,0,13/4000000000000000000000000000000
2753,2753/32,0,13/4000000000000000000000000000000
2754,1377/16,0,13/4000000000000000000000000000000
2755,2755/32,0,13/4000000000000000000000000000000
2756,689/8,0,13/4000000000000000000000000000000
2757,2757/32,0,13/4000000000000000000000000000000
2758,1379/16,0,13/4000000000000000000000000000000
2759,2759/32,0,13/4000000000000000000000000000000
2760,345/4,0,13/4000000000000000000000000000000
2761,2761/32,0,13/4000000000000000000000000000000
2762,1381/16,0,13/4000000000000000000000000000000
2763,2763/32,0,13/4000000000000000000000000000000
2764,691/8,0,13/4000000000000000000000000000000
2765,2765/32,0,13/4000000000000000000000000000000
2766,1383/16,0,13/4000000000000000000000000000000
2767,2767/32,0,13/4000000000000000000000000000000
2768,173/2,0,13/4000000000000000000000000000000
2769,2769/32,0,13/4000000000000000000000000000000
2770,1385/16,0,13/4000000000000000000000000000000
2771,2771/32,0,13/4000000000000000000000000000000
2772,693/8,0,13/4000000000000000000000000000000
2773,2773/32,0,13/4000000000000000000000000000000
2774,1387/16,0,13/4000000000000000000000000000000
2775,2775/32,0,13/4000000000000000000000000000000
2776,347/4,0,13/4000000000000000000000000000000
2777,2777/32,0,13/4000000000000000000000000000000
2778,1389/16,0,13/4000000000000000000000000000000
2779,2779/32,0,13/4000000000000000000000000000000
2780,695/8,0,13/4000000000000000000000000000000
2781,2781/32,0,13/4000000000000000000000000000000
2782,1391/16,0,13/4000000000000000000000000000000
2783,2783/32,0,13/4000000000000000000000000000000
2784,87,0,13/4000000000000000000000000000000
2785,2785/32,0,13/4000000000000000000000000000000
2786,1393/16,0,13/4000000000000000000000000000000
2787,2787/32,0,13/4000000000000000000000000000000
2788,697/8,0,13/4000000000000000000000000000000
2789,2789/32,0,13/4000000000000000000000000000000
2790,1395/16,0,13/4000000000000000000000000000000
2791,2791/32,0,13/4000000000000000000000000000000
2792,349/4,0,13/4000000000000000000000000000000
2793,2793/32,0,13/4000000000000000000000000000000
2794,1397/16,0,13/4000000000000000000000000000000
2795,2795/32,0,13/4000000000000000000000000000000
2796,699/8,0,13/4000000000000000000000000000000
2797,2797/32,0,13/4000000000000000000000000000000
2798,1399/16,0,13/4000000000000000000000000000000
2799,2799/32,0,13/4000000000000000000000000000000
2800,175/2,0,13/4000000000000000000000000000000
2801,2801/32,0,13/4000000000000000000000000000000
2802,1401/16,0,13/4000000000000000000000000000000
2803,2803/32,0,13/4000000000000000000000000000000
2804,701/8,0,13/4000000000000000000000000000000
2805,2805/32,0,13/4000000000000000000000000000000
2806,1403/16,0,13/4000000000000000000000000000000
2807,2807/32,0,13/4000000000000000000000000000000
2808,351/4,0,13/4000000000000000000000000000000
2809,2809/32,0,13/4000000000000000000000000000000
2810,1405/16,0,13/4000000000000000000000000000000
2811,2811/32,0,13/4000000000000000000000000000000
2812,703/8,0,13/4000000000000000000000000000000
2813,2813/32,0,13/4000000000000000000000000000000
2814,1407/16,0,13/4000000000000000000000000000000
2815,2815/32,0,13/4000000000000000000000000000000
2816,88,0,13/4000000000000000000000000000000
2817,2817/32,0,13/4000000000000000000000000000000
2818,1409/16,0,13/4000000000000000000000000000000
2819,2819/32,0,13/4000000000000000000000000000000
2820,705/8,0,13/4000000000000000000000000000000
2821,2821/32,0,13/4000000000000000000000000000000
2822,1411/16,0,13/4000000000000000000000000000000
2823,2823/32,0,13/4000000000000000000000000000000
2824,353/4,0,13/4000000000000000000000000000000
2825,2825/32,0,13/4000000000000000000000000000000
2826,1413/16,0,13/4000000000000000000000000000000
2827,2827/32,0,13/4000000000000000000000000000000
2828,707/8,0,13/4000000000000000000000000000000
2829,2829/32,0,13/4000000000000000000000000000000
2830,1415/16,0,13/4000000000000000000000000000000
2831,2831/32,0,13/4000000000000000000000000000000
2832,177/2,0,13/4000000000000000000000000000000
2833,2833/32,0,13/4000000000000000000000000000000
2834,1417/16,0,13/4000000000000000000000000000000
2835,2835/32,0,13/4000000000000000000000000000000
2836,709/8,0,13/4000000000000000000000000000000
2837,2837/32,0,13/4000000000000000000000000000000
2838,1419/16,0,13/4000000000000000000000000000000
2839,2839/32,0,13/4000000000000000000000000000000
2840,355/4,0,13/4000000000000000000000000000000
2841,2841/32,0,13/4000000000000000000000000000000
2842,1421/16,0,13/4000000000000000000000000000000
2843,2843/32,0,13/4000000000000000000000000000000
2844,711/8,0,13/4000000000000000000000000000000
2845,2845/32,0,13/4000000000000000000000000000000
2846,1423/16,0,13/4000000000000000000000000000000
2847,2847/32,0,13/4000000000000000000000000000000
2848,89,0,13/4000000000000000000000000000000
2849,2849/32,0,13/4000000000000000000000000000000
2850,1425/16,0,13/4000000000000000000000000000000
2851,2851/32,0,13/4000000000000000000000000000000
2852,713/8,0,13/4000000000000000000000000000000
2853,2853/32,0,13/4000000000000000000000000000000
2854,1427/16,0,13/4000000000000000000000000000000
2855,2855/32,0,13/4000000000000000000000000000000
2856,357/4,0,13/4000000000000000000000000000000
2857,2857/32,0,13/4000000000000000000000000000000
2858,1429/16,0,13/4000000000000000000000000000000
2859,2859/32,0,13/4000000000000000000000000000000
2860,715/8,0,13/4000000000000000000000000000000
2861,2861/32,0,13/4000000000000000000000000000000
2862,1431/16,0,13/4000000000000000000000000000000
2863,2863/32,0,13/4000000000000000000000000000000
2864,179/2,0,13/4000000000000000000000000000000
2865,2865/32,0,13/4000000000000000000000000000000
2866,1433/16,0,13/4000000000000000000000000000000
2867,2867/32,0,13/4000000000000000000000000000000
2868,717/8,0,13/4000000000000000000000000000000
2869,2869/32,0,13/4000000000000000000000000000000
2870,1435/16,0,13/4000000000000000000000000000000
2871,2871/32,0,13/4000000000000000000000000000000
2872,359/4,0,13/4000000000000000000000000000000
2873,2873/32,0,13/4000000000000000000000000000000
2874,1437/16,0,13/4000000000000000000000000000000
2875,2875/32,0,13/4000000000000000000000000000000
2876,719/8,0,13/4000000000000000000000000000000
2877,2877/32,0,13/4000000000000000000000000000000
2878,1439/16,0,13/4000000000000000000000000000000
2879,2879/32,0,13/4000000000000000000000000000000
2880,90,0,13/4000000000000000000000000000000
2881,2881/32,0,13/4000000000000000000000000000000
2882,1441/16,0,13/4000000000000000000000000000000
2883,2883/32,0,13/4000000000000000000000000000000
2884,721/8,0,13/4000000000000000000000000000000
2885,2885/32,0,13/4000000000000000000000000000000
2886,1443/16,0,13/4000000000000000000000000000000
2887,2887/32,0,13/4000000000000000000000000000000
2888,361/4,0,13/4000000000000000000000000000000
2889,2889/32,0,13/4000000000000000000000000000000
2890,1445/16,0,13/4000000000000000000000000000000
2891,2891/32,0,13/4000000000000000000000000000000
2892,723/8,0,13/4000000000000000000000000000000
2893,2893/32,0,13/4000000000000000000000000000000
2894,1447/16,0,13/4000000000000000000000000000000
2895,2895/32,0,13/4000000000000000000000000000000
2896,181/2,0,13/4000000000000000000000000000000
2897,2897/32,0,13/4000000000000000000000000000000
2898,1449/16,0,13/4000000000000000000000000000000
2899,2899/32,0,13/4000000000000000000000000000000
2900,725/8,0,13/4000000000000000000000000000000
2901,2901/32,0,13/4000000000000000000000000000000
2902,1451/16,0,13/4000000000000000000000000000000
2903,2903/32,0,13/4000000000000000000000000000000
2904,363/4,0,13/4000000000000000000000000000000
2905,2905/32,0,13/4000000000000000000000000000000
2906,1453/16,0,13/4000000000000000000000000000000
2907,2907/32,0,13/4000000000000000000000000000000
2908,727/8,0,13/4000000000000000000000000000000
2909,2909/32,0,13/4000000000000000000000000000000
2910,1455/16,0,13/4000000000000000000000000000000
2911,2911/32,0,13/4000000000000000000000000000000
2912,91,0,13/4000000000000000000000000000000
2913,2913/32,0,13/4000000000000000000000000000000
2914,1457/16,0,13/4000000000000000000000000000000
2915,2915/32,0,13/4000000000000000000000000000000
2916,729/8,0,13/4000000000000000000000000000000
2917,2917/32,0,13/4000000000000000000000000000000
2918,1459/16,0,13/4000000000000000000000000000000
2919,2919/32,0,13/4000000000000000000000000000000
2920,365/4,0,13/4000000000000000000000000000000
2921,2921/32,0,13/4000000000000000000000000000000
2922,1461/16,0,13/4000000000000000000000000000000
2923,2923/32,0,13/4000000000000000000000000000000
2924,731/8,0,13/4000000000000000000000000000000
2925,2925/32,0,13/4000000000000000000000000000000
2926,1463/16,0,13/4000000000000000000000000000000
2927,2927/32,0,13/4000000000000000000000000000000
2928,183/2,0,13/4000000000000000000000000000000
2929,2929/32,0,13/4000000000000000000000000000000
2930,1465/16,0,13/4000000000000000000000000000000
2931,2931/32,0,13/4000000000000000000000000000000
2932,733/8,0,13/4000000000000000000000000000000
2933,2933/32,0,13/4000000000000000000000000000000
2934,1467/16,0,13/4000000000000000000000000000000
2935,2935/32,0,13/4000000000000000000000000000000
2936,367/4,0,13/4000000000000000000000000000000
2937,2937/32,0,13/4000000000000000000000000000000
2938,1469/16,0,13/4000000000000000000000000000000
2939,2939/32,0,13/4000000000000000000000000000000
2940,735/8,0,13/4000000000000000000000000000000
2941,2941/32,0,13/4000000000000000000000000000000
2942,1471/16,0,13/4000000000000000000000000000000
2943,2943/32,0,13/4000000000000000000000000000000
2944,92,0,13/4000000000000000000000000000000
2945,2945/32,0,13/4000000000000000000000000000000
2946,1473/16,0,13/4000000000000000000000000000000
2947,2947/32,0,13/4000000000000000000000000000000
2948,737/8,0,13/4000000000000000000000000000000
2949,2949/32,0,13/4000000000000000000000000000000
2950,1475/16,0,13/4000000000000000000000000000000
2951,2951/32,0,13/4000000000000000000000000000000
2952,369/4,0,13/4000000000000000000000000000000
2953,2953/32,0,13/4000000000000000000000000000000
2954,1477/16,0,13/4000000000000000000000000000000
2955,2955/32,0,13/4000000000000000000000000000000
2956,739/8,0,13/4000000000000000000000000000000
2957,2957/32,0,13/4000000000000000000000000000000
2958,1479/16,0,13/4000000000000000000000000000000
2959,2959/32,0,13/4000000000000000000000000000000
2960,185/2,0,13/4000000000000000000000000000000
2961,2961/32,0,13/4000000000000000000000000000000
2962,1481/16,0,13/4000000000000000000000000000000
2963,2963/32,0,13/4000000000000000000000000000000
2964,741/8,0,13/4000000000000000000000000000000
2965,2965/32,0,13/4000000000000000000000000000000
2966,1483/16,0,13/4000000000000000000000000000000
2967,2967/32,0,13/4000000000000000000000000000000
2968,371/4,0,13/4000000000000000000000000000000
2969,2969/32,0,13/4000000000000000000000000000000
2970,1485/16,0,13/4000000000000000000000000000000
2971,2971/32,0,13/4000000000000000000000000000000
2972,743/8,0,13/4000000000000000000000000000000
2973,2973/32,0,13/4000000000000000000000000000000
2974,1487/16,0,13/4000000000000000000000000000000
2975,2975/32,0,13/4000000000000000000000000000000
2976,93,0,13/4000000000000000000000000000000
2977,2977/32,0,13/4000000000000000000000000000000
2978,1489/16,0,13/4000000000000000000000000000000
2979,2979/32,0,13/4000000000000000000000000000000
2980,745/8,0,13/4000000000000000000000000000000
2981,2981/32,0,13/4000000000000000000000000000000
2982,1491/16,0,13/4000000000000000000000000000000
2983,2983/32,0,13/4000000000000000000000000000000
2984,373/4,0,13/4000000000000000000000000000000
2985,2985/32,0,13/4000000000000000000000000000000
2986,1493/16,0,13/4000000000000000000000000000000
2987,2987/32,0,13/4000000000000000000000000000000
2988,747/8,0,13/4000000000000000000000000000000
2989,2989/32,0,13/4000000000000000000000000000000
2990,1495/16,0,13/4000000000000000000000000000000
2991,2991/32,0,13/4000000000000000000000000000000
2992,187/2,0,13/4000000000000000000000000000000
2993,2993/32,0,13/4000000000000000000000000000000
2994,1497/16,0,13/4000000000000000000000000000000
2995,2995/32,0,13/4000000000000000000000000000000
2996,749/8,0,13/4000000000000000000000000000000
2997,2997/32,0,13/4000000000000000000000000000000
2998,1499/16,0,13/4000000000000000000000000000000
2999,2999/32,0,13/4000000000000000000000000000000
3000,375/4,0,13/4000000000000000000000000000000
3001,3001/32,0,13/4000000000000000000000000000000
3002,1501/16,0,13/4000000000000000000000000000000
3003,3003/32,0,13/4000000000000000000000000000000
3004,751/8,0,13/4000000000000000000000000000000
3005,3005/32,0,13/4000000000000000000000000000000
3006,1503/16,0,13/4000000000000000000000000000000
3007,3007/32,0,13/4000000000000000000000000000000
3008,94,0,13/4000000000000000000000000000000
3009,3009/32,0,13/4000000000000000000000000000000
3010,1505/16,0,13/4000000000000000000000000000000
3011,3011/32,0,13/4000000000000000000000000000000
3012,753/8,0,13/4000000000000000000000000000000
3013,3013/32,0,13/4000000000000000000000000000000
3014,1507/16,0,13/4000000000000000000000000000000
3015,3015/32,0,13/4000000000000000000000000000000
3016,377/4,0,13/4000000000000000000000000000000
3017,3017/32,0,13/4000000000000000000000000000000
3018,1509/16,0,13/4000000000000000000000000000000
3019,3019/32,0,13/4000000000000000000000000000000
3020,755/8,0,13/4000000000000000000000000000000
3021,3021/32,0,13/4000000000000000000000000000000
3022,1511/16,0,13/4000000000000000000000000000000
3023,3023/32,0,13/4000000000000000000000000000000
3024,189/2,0,13/4000000000000000000000000000000
3025,3025/32,0,13/4000000000000000000000000000000
3026,1513/16,0,13/4000000000000000000000000000000
3027,3027/32,0,13/4000000000000000000000000000000
3028,757/8,0,13/4000000000000000000000000000000
3029,3029/32,0,13/4000000000000000000000000000000
3030,1515/16,0,13/4000000000000000000000000000000
3031,3031/32,0,13/4000000000000000000000000000000
3032,379/4,0,13/4000000000000000000000000000000
3033,3033/32,0,13/4000000000000000000000000000000
3034,1517/16,0,13/4000000000000000000000000000000
3035,3035/32,0,13/4000000000000000000000000000000
3036,759/8,0,13/4000000000000000000000000000000
3037,3037/32,0,13/4000000000000000000000000000000
3038,1519/16,0,13/4000000000000000000000000000000
3039,3039/32,0,13/4000000000000000000000000000000
3040,95,0,13/4000000000000000000000000000000
3041,3041/32,0,13/4000000000000000000000000000000
3042,1521/16,0,13/4000000000000000000000000000000
3043,3043/32,0,13/4000000000000000000000000000000
3044,761/8,0,13/4000000000000000000000000000000
3045,3045/32,0,13/4000000000000000000000000000000
3046,1523/16,0,13/4000000000000000000000000000000
3047,3047/32,0,13/4000000000000000000000000000000
3048,381/4,0,13/4000000000000000000000000000000
3049,3049/32,0,13/4000000000000000000000000000000
3050,1525/16,0,13/4000000000000000000000000000000
3051,3051/32,0,13/4000000000000000000000000000000
3052,763/8,0,13/4000000000000000000000000000000
3053,3053/32,0,13/4000000000000000000000000000000
3054,1527/16,0,13/4000000000000000000000000000000
3055,3055/32,0,13/4000000000000000000000000000000
3056,191/2,0,13/4000000000000000000000000000000
3057,3057/32,0,13/4000000000000000000000000000000
3058,1529/16,0,13/4000000000000000000000000000000
3059,3059/32,0,13/4000000000000000000000000000000
3060,765/8,0,13/4000000000000000000000000000000
3061,3061/32,0,13/4000000000000000000000000000000
3062,1531/16,0,13/4000000000000000000000000000000
3063,3063/32,0,13/4000000000000000000000000000000
3064,383/4,0,13/4000000000000000000000000000000
3065,3065/32,0,13/4000000000000000000000000000000
3066,1533/16,0,13/4000000000000000000000000000000
3067,3067/32,0,13/4000000000000000000000000000000
3068,767/8,0,13/4000000000000000000000000000000
3069,3069/32,0,13/4000000000000000000000000000000
3070,1535/16,0,13/4000000000000000000000000000000
3071,3071/32,0,13/4000000000000000000000000000000
3072,96,0,13/4000000000000000000000000000000
3073,3073/32,0,13/4000000000000000000000000000000
3074,1537/16,0,13/4000000000000000000000000000000
3075,3075/32,0,13/4000000000000000000000000000000
3076,769/8,0,13/4000000000000000000000000000000
3077,3077/32,0,13/4000000000000000000000000000000
3078,1539/16,0,13/4000000000000000000000000000000
3079,3079/32,0,13/4000000000000000000000000000000
3080,385/4,0,13/4000000000000000000000000000000
3081,3081/32,0,13/4000000000000000000000000000000
3082,1541/16,0,13/4000000000000000000000000000000
3083,3083/32,0,13/4000000000000000000000000000000
3084,771/8,0,13/4000000000000000000000000000000
3085,3085/32,0,13/4000000000000000000000000000000
3086,1543/16,0,13/4000000000000000000000000000000
3087,3087/32,0,13/4000000000000000000000000000000
3088,193/2,0,13/4000000000000000000000000000000
3089,3089/32,0,13/4000000000000000000000000000000
3090,1545/16,0,13/4000000000000000000000000000000
3091,3091/32,0,13/4000000000000000000000000000000
3092,773/8,0,13/4000000000000000000000000000000
3093,3093/32,0,13/4000000000000000000000000000000
3094,1547/16,0,13/4000000000000000000000000000000
3095,3095/32,0,13/4000000000000000000000000000000
3096,387/4,0,13/4000000000000000000000000000000
3097,3097/32,0,13/4000000000000000000000000000000
3098,1549/16,0,13/4000000000000000000000000000000
3099,3099/32,0,13/4000000000000000000000000000000
3100,775/8,0,13/4000000000000000000000000000000
3101,3101/32,0,13/4000000000000000000000000000000
3102,1551/16,0,13/4000000000000000000000000000000
3103,3103/32,0,13/4000000000000000000000000000000
3104,97,0,13/4000000000000000000000000000000
3105,3105/32,0,13/4000000000000000000000000000000
3106,1553/16,0,13/4000000000000000000000000000000
3107,3107/32,0,13/4000000000000000000000000000000
3108,777/8,0,13/4000000000000000000000000000000
3109,3109/32,0,13/4000000000000000000000000000000
3110,1555/16,0,13/4000000000000000000000000000000
3111,3111/32,0,13/4000000000000000000000000000000
3112,389/4,0,13/4000000000000000000000000000000
3113,3113/32,0,13/4000000000000000000000000000000
3114,1557/16,0,13/4000000000000000000000000000000
3115,3115/32,0,13/4000000000000000000000000000000
3116,779/8,0,13/4000000000000000000000000000000
3117,3117/32,0,13/4000000000000000000000000000000
3118,1559/16,0,13/4000000000000000000000000000000
3119,3119/32,0,13/4000000000000000000000000000000
3120,195/2,0,13/4000000000000000000000000000000
3121,3121/32,0,13/4000000000000000000000000000000
3122,1561/16,0,13/4000000000000000000000000000000
3123,3123/32,0,13/4000000000000000000000000000000
3124,781/8,0,13/4000000000000000000000000000000
3125,3125/32,0,13/4000000000000000000000000000000
3126,1563/16,0,13/4000000000000000000000000000000
3127,3127/32,0,13/4000000000000000000000000000000
3128,391/4,0,13/4000000000000000000000000000000
3129,3129/32,0,13/4000000000000000000000000000000
3130,1565/16,0,13/4000000000000000000000000000000
3131,3131/32,0,13/4000000000000000000000000000000
3132,783/8,0,13/4000000000000000000000000000000
3133,3133/32,0,13/4000000000000000000000000000000
3134,1567/16,0,13/4000000000000000000000000000000
3135,3135/32,0,13/4000000000000000000000000000000
3136,98,0,13/4000000000000000000000000000000
3137,3137/32,0,13/4000000000000000000000000000000
3138,1569/16,0,13/4000000000000000000000000000000
3139,3139/32,0,13/4000000000000000000000000000000
3140,785/8,0,13/4000000000000000000000000000000
3141,3141/32,0,13/4000000000000000000000000000000
3142,1571/16,0,13/4000000000000000000000000000000
3143,3143/32,0,13/4000000000000000000000000000000
3144,393/4,0,13/4000000000000000000000000000000
3145,3145/32,0,13/4000000000000000000000000000000
3146,1573/16,0,13/4000000000000000000000000000000
3147,3147/32,0,13/4000000000000000000000000000000
3148,787/8,0,13/4000000000000000000000000000000
3149,3149/32,0,13/4000000000000000000000000000000
3150,1575/16,0,13/4000000000000000000000000000000
3151,3151/32,0,13/4000000000000000000000000000000
3152,197/2,0,13/4000000000000000000000000000000
3153,3153/32,0,13/4000000000000000000000000000000
3154,1577/16,0,13/4000000000000000000000000000000
3155,3155/32,0,13/4000000000000000000000000000000
3156,789/8,0,13/4000000000000000000000000000000
3157,3157/32,0,13/4000000000000000000000000000000
3158,1579/16,0,13/4000000000000000000000000000000
3159,3159/32,0,13/4000000000000000000000000000000
3160,395/4,0,13/4000000000000000000000000000000
3161,3161/32,0,13/4000000000000000000000000000000
3162,1581/16,0,13/4000000000000000000000000000000
3163,3163/32,0,13/4000000000000000000000000000000
3164,791/8,0,13/4000000000000000000000000000000
3165,3165/32,0,13/4000000000000000000000000000000
3166,1583/16,0,13/4000000000000000000000000000000
3167,3167/32,0,13/4000000000000000000000000000000
3168,99,0,13/4000000000000000000000000000000
3169,3169/32,0,13/4000000000000000000000000000000
3170,1585/16,0,13/4000000000000000000000000000000
3171,3171/32,0,13/4000000000000000000000000000000
3172,793/8,0,13/4000000000000000000000000000000
3173,3173/32,0,13/4000000000000000000000000000000
3174,1587/16,0,13/4000000000000000000000000000000
3175,3175/32,0,13/4000000000000000000000000000000
3176,397/4,0,13/4000000000000000000000000000000
3177,3177/32,0,13/4000000000000000000000000000000
3178,1589/16,0,13/4000000000000000000000000000000
3179,3179/32,0,13/4000000000000000000000000000000
3180,795/8,0,13/4000000000000000000000000000000
3181,3181/32,0,13/4000000000000000000000000000000
3182,1591/16,0,13/4000000000000000000000000000000
3183,3183/32,0,13/4000000000000000000000000000000
3184,199/2,0,13/4000000000000000000000000000000
3185,3185/32,0,13/4000000000000000000000000000000
3186,1593/16,0,13/4000000000000000000000000000000
3187,3187/32,0,13/4000000000000000000000000000000
3188,797/8,0,13/4000000000000000000000000000000
3189,3189/32,0,13/4000000000000000000000000000000
3190,1595/16,0,13/4000000000000000000000000000000
3191,3191/32,0,13/4000000000000000000000000000000
3192,399/4,0,13/4000000000000000000000000000000
3193,3193/32,0,13/4000000000000000000000000000000
3194,1597/16,0,13/4000000000000000000000000000000
3195,3195/32,0,13/4000000000000000000000000000000
3196,799/8,0,13/4000000000000000000000000000000
3197,3197/32,0,13/4000000000000000000000000000000
3198,1599/16,0,13/4000000000000000000000000000000
3199,3199/32,0,13/4000000000000000000000000000000
3200,100,0,13/4000000000000000000000000000000
3201,3201/32,0,13/4000000000000000000000000000000
3202,1601/16,0,13/4000000000000000000000000000000
3203,3203/32,0,13/4000000000000000000000000000000
3204,801/8,0,13/4000000000000000000000000000000
3205,3205/32,0,13/4000000000000000000000000000000
3206,1603/16,0,13/4000000000000000000000000000000
3207,3207/32,0,13/4000000000000000000000000000000
3208,401/4,0,13/4000000000000000000000000000000
3209,3209/32,0,13/4000000000000000000000000000000
3210,1605/16,0,13/4000000000000000000000000000000
3211,3211/32,0,13/4000000000000000000000000000000
3212,803/8,0,13/4000000000000000000000000000000
3213,3213/32,0,13/4000000000000000000000000000000
3214,1607/16,0,13/4000000000000000000000000000000
3215,3215/32,0,13/4000000000000000000000000000000
3216,201/2,0,13/4000000000000000000000000000000
3217,3217/32,0,13/4000000000000000000000000000000
3218,1609/16,0,13/4000000000000000000000000000000
3219,3219/32,0,13/4000000000000000000000000000000
3220,805/8,0,13/4000000000000000000000000000000
3221,3221/32,0,13/4000000000000000000000000000000
3222,1611/16,0,13/4000000000000000000000000000000
3223,3223/32,0,13/4000000000000000000000000000000
3224,403/4,0,13/4000000000000000000000000000000
3225,3225/32,0,13/4000000000000000000000000000000
3226,1613/16,0,13/4000000000000000000000000000000
3227,3227/32,0,13/4000000000000000000000000000000
3228,807/8,0,13/4000000000000000000000000000000
3229,3229/32,0,13/4000000000000000000000000000000
3230,1615/16,0,13/4000000000000000000000000000000
3231,3231/32,0,13/4000000000000000000000000000000
3232,101,0,13/4000000000000000000000000000000
3233,3233/32,0,13/4000000000000000000000000000000
3234,1617/16,0,13/4000000000000000000000000000000
3235,3235/32,0,13/4000000000000000000000000000000
3236,809/8,0,13/4000000000000000000000000000000
3237,3237/32,0,13/4000000000000000000000000000000
3238,1619/16,0,13/4000000000000000000000000000000
3239,3239/32,0,13/4000000000000000000000000000000
3240,405/4,0,13/4000000000000000000000000000000
3241,3241/32,0,13/4000000000000000000000000000000
3242,1621/16,0,13/4000000000000000000000000000000
3243,3243/32,0,13/4000000000000000000000000000000
3244,811/8,0,13/4000000000000000000000000000000
3245,3245/32,0,13/4000000000000000000000000000000
3246,1623/16,0,13/4000000000000000000000000000000
3247,3247/32,0,13/4000000000000000000000000000000
3248,203/2,0,13/4000000000000000000000000000000
3249,3249/32,0,13/4000000000000000000000000000000
3250,1625/16,0,13/4000000000000000000000000000000
3251,3251/32,0,13/4000000000000000000000000000000
3252,813/8,0,13/4000000000000000000000000000000
3253,3253/32,0,13/4000000000000000000000000000000
3254,1627/16,0,13/4000000000000000000000000000000
3255,3255/32,0,13/4000000000000000000000000000000
3256,407/4,0,13/4000000000000000000000000000000
3257,3257/32,0,13/4000000000000000000000000000000
3258,1629/16,0,13/4000000000000000000000000000000
3259,3259/32,0,13/4000000000000000000000000000000
3260,815/8,0,13/4000000000000000000000000000000
3261,3261/32,0,13/4000000000000000000000000000000
3262,1631/16,0,13/4000000000000000000000000000000
3263,3263/32,0,13/4000000000000000000000000000000
3264,102,0,13/4000000000000000000000000000000
3265,3265/32,0,13/4000000000000000000000000000000
3266,1633/16,0,13/4000000000000000000000000000000
3267,3267/32,0,13/4000000000000000000000000000000
3268,817/8,0,13/4000000000000000000000000000000
3269,3269/32,0,13/4000000000000000000000000000000
3270,1635/16,0,13/4000000000000000000000000000000
3271,3271/32,0,13/4000000000000000000000000000000
3272,409/4,0,13/4000000000000000000000000000000
3273,3273/32,0,13/4000000000000000000000000000000
3274,1637/16,0,13/4000000000000000000000000000000
3275,3275/32,0,13/4000000000000000000000000000000
3276,819/8,0,13/4000000000000000000000000000000
3277,3277/32,0,13/4000000000000000000000000000000
3278,1639/16,0,13/4000000000000000000000000000000
3279,3279/32,0,13/4000000000000000000000000000000
3280,205/2,0,13/4000000000000000000000000000000
3281,3281/32,0,13/4000000000000000000000000000000
3282,1641/16,0,13/4000000000000000000000000000000
3283,3283/32,0,13/4000000000000000000000000000000
3284,821/8,0,13/4000000000000000000000000000000
3285,3285/32,0,13/4000000000000000000000000000000
3286,1643/16,0,13/4000000000000000000000000000000
3287,3287/32,0,13/4000000000000000000000000000000
3288,411/4,0,13/4000000000000000000000000000000
3289,3289/32,0,13/4000000000000000000000000000000
3290,1645/16,0,13/4000000000000000000000000000000
3291,3291/32,0,13/4000000000000000000000000000000
3292,823/8,0,13/4000000000000000000000000000000
3293,3293/32,0,13/4000000000000000000000000000000
3294,1647/16,0,13/4000000000000000000000000000000
3295,3295/32,0,13/4000000000000000000000000000000
3296,103,0,13/4000000000000000000000000000000
3297,3297/32,0,13/4000000000000000000000000000000
3298,1649/16,0,13/4000000000000000000000000000000
3299,3299/32,0,13/4000000000000000000000000000000
3300,825/8,0,13/4000000000000000000000000000000
3301,3301/32,0,13/4000000000000000000000000000000
3302,1651/16,0,13/4000000000000000000000000000000
3303,3303/32,0,13/4000000000000000000000000000000
3304,413/4,0,13/4000000000000000000000000000000
3305,3305/32,0,13/4000000000000000000000000000000
3306,1653/16,0,13/4000000000000000000000000000000
3307,3307/32,0,13/4000000000000000000000000000000
3308,827/8,0,13/4000000000000000000000000000000
3309,3309/32,0,13/4000000000000000000000000000000
3310,1655/16,0,13/4000000000000000000000000000000
3311,3311/32,0,13/4000000000000000000000000000000
3312,207/2,0,13/4000000000000000000000000000000
3313,3313/32,0,13/4000000000000000000000000000000
3314,1657/16,0,13/4000000000000000000000000000000
3315,3315/32,0,13/4000000000000000000000000000000
3316,829/8,0,13/4000000000000000000000000000000
3317,3317/32,0,13/4000000000000000000000000000000
3318,1659/16,0,13/4000000000000000000000000000000
3319,3319/32,0,13/4000000000000000000000000000000
3320,415/4,0,13/4000000000000000000000000000000
3321,3321/32,0,13/4000000000000000000000000000000
3322,1661/16,0,13/4000000000000000000000000000000
3323,3323/32,0,13/4000000000000000000000000000000
3324,831/8,0,13/4000000000000000000000000000000
3325,3325/32,0,13/4000000000000000000000000000000
3326,1663/16,0,13/4000000000000000000000000000000
3327,3327/32,0,13/4000000000000000000000000000000
3328,104,0,13/4000000000000000000000000000000
3329,3329/32,0,13/4000000000000000000000000000000
3330,1665/16,0,13/4000000000000000000000000000000
3331,3331/32,0,13/4000000000000000000000000000000
3332,833/8,0,13/4000000000000000000000000000000
3333,3333/32,0,13/4000000000000000000000000000000
3334,1667/16,0,13/4000000000000000000000000000000
3335,3335/32,0,13/4000000000000000000000000000000
3336,417/4,0,13/4000000000000000000000000000000
3337,3337/32,0,13/4000000000000000000000000000000
3338,1669/16,0,13/4000000000000000000000000000000
3339,3339/32,0,13/4000000000000000000000000000000
3340,835/8,0,13/4000000000000000000000000000000
3341,3341/32,0,13/4000000000000000000000000000000
3342,1671/16,0,13/4000000000000000000000000000000
3343,3343/32,0,13/4000000000000000000000000000000
3344,209/2,0,13/4000000000000000000000000000000
3345,3345/32,0,13/4000000000000000000000000000000
3346,1673/16,0,13/4000000000000000000000000000000
3347,3347/32,0,13/4000000000000000000000000000000
3348,837/8,0,13/4000000000000000000000000000000
3349,3349/32,0,13/4000000000000000000000000000000
3350,1675/16,0,13/4000000000000000000000000000000
3351,3351/32,0,13/4000000000000000000000000000000
3352,419/4,0,13/4000000000000000000000000000000
3353,3353/32,0,13/4000000000000000000000000000000
3354,1677/16,0,13/4000000000000000000000000000000
3355,3355/32,0,13/4000000000000000000000000000000
3356,839/8,0,13/4000000000000000000000000000000
3357,3357/32,0,13/4000000000000000000000000000000
3358,1679/16,0,13/4000000000000000000000000000000
3359,3359/32,0,13/4000000000000000000000000000000
3360,105,0,13/4000000000000000000000000000000
3361,3361/32,0,13/4000000000000000000000000000000
3362,1681/16,0,13/4000000000000000000000000000000
3363,3363/32,0,13/4000000000000000000000000000000
3364,841/8,0,13/4000000000000000000000000000000
3365,3365/32,0,13/4000000000000000000000000000000
3366,1683/16,0,13/4000000000000000000000000000000
3367,3367/32,0,13/4000000000000000000000000000000
3368,421/4,0,13/4000000000000000000000000000000
3369,3369/32,0,13/4000000000000000000000000000000
3370,1685/16,0,13/4000000000000000000000000000000
3371,3371/32,0,13/4000000000000000000000000000000
3372,843/8,0,13/4000000000000000000000000000000
3373,3373/32,0,13/4000000000000000000000000000000
3374,1687/16,0,13/4000000000000000000000000000000
3375,3375/32,0,13/4000000000000000000000000000000
3376,211/2,0,13/4000000000000000000000000000000
3377,3377/32,0,13/4000000000000000000000000000000
3378,1689/16,0,13/4000000000000000000000000000000
3379,3379/32,0,13/4000000000000000000000000000000
3380,845/8,0,13/4000000000000000000000000000000
3381,3381/32,0,13/4000000000000000000000000000000
3382,1691/16,0,13/4000000000000000000000000000000
3383,3383/32,0,13/4000000000000000000000000000000
3384,423/4,0,13/4000000000000000000000000000000
3385,3385/32,0,13/4000000000000000000000000000000
3386,1693/16,0,13/4000000000000000000000000000000
3387,3387/32,0,13/4000000000000000000000000000000
3388,847/8,0,13/4000000000000000000000000000000
3389,3389/32,0,13/4000000000000000000000000000000
3390,1695/16,0,13/4000000000000000000000000000000
3391,3391/32,0,13/4000000000000000000000000000000
3392,106,0,13/4000000000000000000000000000000
3393,3393/32,0,13/4000000000000000000000000000000
3394,1697/16,0,13/4000000000000000000000000000000
3395,3395/32,0,13/4000000000000000000000000000000
3396,849/8,0,13/4000000000000000000000000000000
3397,3397/32,0,13/4000000000000000000000000000000
3398,1699/16,0,13/4000000000000000000000000000000
3399,3399/32,0,13/4000000000000000000000000000000
3400,425/4,0,13/4000000000000000000000000000000
3401,3401/32,0,13/4000000000000000000000000000000
3402,1701/16,0,13/4000000000000000000000000000000
3403,3403/32,0,13/4000000000000000000000000000000
3404,851/8,0,13/4000000000000000000000000000000
3405,3405/32,0,13/4000000000000000000000000000000
3406,1703/16,0,13/4000000000000000000000000000000
3407,3407/32,0,13/4000000000000000000000000000000
3408,213/2,0,13/4000000000000000000000000000000
3409,3409/32,0,13/4000000000000000000000000000000
3410,1705/16,0,13/4000000000000000000000000000000
3411,3411/32,0,13/4000000000000000000000000000000
3412,853/8,0,13/4000000000000000000000000000000
3413,3413/32,0,13/4000000000000000000000000000000
3414,1707/16,0,13/4000000000000000000000000000000
3415,3415/32,0,13/4000000000000000000000000000000
3416,427/4,0,13/4000000000000000000000000000000
3417,3417/32,0,13/4000000000000000000000000000000
3418,1709/16,0,13/4000000000000000000000000000000
3419,3419/32,0,13/4000000000000000000000000000000
3420,855/8,0,13/4000000000000000000000000000000
3421,3421/32,0,13/4000000000000000000000000000000
3422,1711/16,0,13/4000000000000000000000000000000
3423,3423/32,0,13/4000000000000000000000000000000
3424,107,0,13/4000000000000000000000000000000
3425,3425/32,0,13/4000000000000000000000000000000
3426,1713/16,0,13/4000000000000000000000000000000
3427,3427/32,0,13/4000000000000000000000000000000
3428,857/8,0,13/4000000000000000000000000000000
3429,3429/32,0,13/4000000000000000000000000000000
3430,1715/16,0,13/4000000000000000000000000000000
3431,3431/32,0,13/4000000000000000000000000000000
3432,429/4,0,13/4000000000000000000000000000000
3433,3433/32,0,13/4000000000000000000000000000000
3434,1717/16,0,13/4000000000000000000000000000000
3435,3435/32,0,13/4000000000000000000000000000000
3436,859/8,0,13/4000000000000000000000000000000
3437,3437/32,0,13/4000000000000000000000000000000
3438,1719/16,0,13/4000000000000000000000000000000
3439,3439/32,0,13/4000000000000000000000000000000
3440,215/2,0,13/4000000000000000000000000000000
3441,3441/32,0,13/4000000000000000000000000000000
3442,1721/16,0,13/4000000000000000000000000000000
3443,3443/32,0,13/4000000000000000000000000000000
3444,861/8,0,13/4000000000000000000000000000000
3445,3445/32,0,13/4000000000000000000000000000000
3446,1723/16,0,13/4000000000000000000000000000000
3447,3447/32,0,13/4000000000000000000000000000000
3448,431/4,0,13/4000000000000000000000000000000
3449,3449/32,0,13/4000000000000000000000000000000
3450,1725/16,0,13/4000000000000000000000000000000
3451,3451/32,0,13/4000000000000000000000000000000
3452,863/8,0,13/4000000000000000000000000000000
3453,3453/32,0,13/4000000000000000000000000000000
3454,1727/16,0,13/4000000000000000000000000000000
3455,3455/32,0,13/4000000000000000000000000000000
3456,108,0,13/4000000000000000000000000000000
3457,3457/32,0,13/4000000000000000000000000000000
3458,1729/16,0,13/4000000000000000000000000000000
3459,3459/32,0,13/4000000000000000000000000000000
3460,865/8,0,13/4000000000000000000000000000000
3461,3461/32,0,13/4000000000000000000000000000000
3462,1731/16,0,13/4000000000000000000000000000000
3463,3463/32,0,13/4000000000000000000000000000000
3464,433/4,0,13/4000000000000000000000000000000
3465,3465/32,0,13/4000000000000000000000000000000
3466,1733/16,0,13/4000000000000000000000000000000
3467,3467/32,0,13/4000000000000000000000000000000
3468,867/8,0,13/4000000000000000000000000000000
3469,3469/32,0,13/4000000000000000000000000000000
3470,1735/16,0,13/4000000000000000000000000000000
3471,3471/32,0,13/4000000000000000000000000000000
3472,217/2,0,13/4000000000000000000000000000000
3473,3473/32,0,13/4000000000000000000000000000000
3474,1737/16,0,13/4000000000000000000000000000000
3475,3475/32,0,13/4000000000000000000000000000000
3476,869/8,0,13/4000000000000000000000000000000
3477,3477/32,0,13/4000000000000000000000000000000
3478,1739/16,0,13/4000000000000000000000000000000
3479,3479/32,0,13/4000000000000000000000000000000
3480,435/4,0,13/4000000000000000000000000000000
3481,3481/32,0,13/4000000000000000000000000000000
3482,1741/16,0,13/4000000000000000000000000000000
3483,3483/32,0,13/4000000000000000000000000000000
3484,871/8,0,13/4000000000000000000000000000000
3485,3485/32,0,13/4000000000000000000000000000000
3486,1743/16,0,13/4000000000000000000000000000000
3487,3487/32,0,13/4000000000000000000000000000000
3488,109,0,13/4000000000000000000000000000000
3489,3489/32,0,13/4000000000000000000000000000000
3490,1745/16,0,13/4000000000000000000000000000000
3491,3491/32,0,13/4000000000000000000000000000000
3492,873/8,0,13/4000000000000000000000000000000
3493,3493/32,0,13/4000000000000000000000000000000
3494,1747/16,0,13/4000000000000000000000000000000
3495,3495/32,0,13/4000000000000000000000000000000
3496,437/4,0,13/4000000000000000000000000000000
3497,3497/32,0,13/4000000000000000000000000000000
3498,1749/16,0,13/4000000000000000000000000000000
3499,3499/32,0,13/4000000000000000000000000000000
3500,875/8,0,13/4000000000000000000000000000000
3501,3501/32,0,13/4000000000000000000000000000000
3502,1751/16,0,13/4000000000000000000000000000000
3503,3503/32,0,13/4000000000000000000000000000000
3504,219/2,0,13/4000000000000000000000000000000
3505,3505/32,0,13/4000000000000000000000000000000
3506,1753/16,0,13/4000000000000000000000000000000
3507,3507/32,0,13/4000000000000000000000000000000
3508,877/8,0,13/4000000000000000000000000000000
3509,3509/32,0,13/4000000000000000000000000000000
3510,1755/16,0,13/4000000000000000000000000000000
3511,3511/32,0,13/4000000000000000000000000000000
3512,439/4,0,13/4000000000000000000000000000000
3513,3513/32,0,13/4000000000000000000000000000000
3514,1757/16,0,13/4000000000000000000000000000000
3515,3515/32,0,13/4000000000000000000000000000000
3516,879/8,0,13/4000000000000000000000000000000
3517,3517/32,0,13/4000000000000000000000000000000
3518,1759/16,0,13/4000000000000000000000000000000
3519,3519/32,0,13/4000000000000000000000000000000
3520,110,0,13/4000000000000000000000000000000
3521,3521/32,0,13/4000000000000000000000000000000
3522,1761/16,0,13/4000000000000000000000000000000
3523,3523/32,0,13/4000000000000000000000000000000
3524,881/8,0,13/4000000000000000000000000000000
3525,3525/32,0,13/4000000000000000000000000000000
3526,1763/16,0,13/4000000000000000000000000000000
3527,3527/32,0,13/4000000000000000000000000000000
3528,441/4,0,13/4000000000000000000000000000000
3529,3529/32,0,13/4000000000000000000000000000000
3530,1765/16,0,13/4000000000000000000000000000000
3531,3531/32,0,13/4000000000000000000000000000000
3532,883/8,0,13/4000000000000000000000000000000
3533,3533/32,0,13/4000000000000000000000000000000
3534,1767/16,0,13/4000000000000000000000000000000
3535,3535/32,0,13/4000000000000000000000000000000
3536,221/2,0,13/4000000000000000000000000000000
3537,3537/32,0,13/4000000000000000000000000000000
3538,1769/16,0,13/4000000000000000000000000000000
3539,3539/32,0,13/4000000000000000000000000000000
3540,885/8,0,13/4000000000000000000000000000000
3541,3541/32,0,13/4000000000000000000000000000000
3542,1771/16,0,13/4000000000000000000000000000000
3543,3543/32,0,13/4000000000000000000000000000000
3544,443/4,0,13/4000000000000000000000000000000
3545,3545/32,0,13/4000000000000000000000000000000
3546,1773/16,0,13/4000000000000000000000000000000
3547,3547/32,0,13/4000000000000000000000000000000
3548,887/8,0,13/4000000000000000000000000000000
3549,3549/32,0,13/4000000000000000000000000000000
3550,1775/16,0,13/4000000000000000000000000000000
3551,3551/32,0,13/4000000000000000000000000000000
3552,111,0,13/4000000000000000000000000000000
3553,3553/32,0,13/4000000000000000000000000000000
3554,1777/16,0,13/4000000000000000000000000000000
3555,3555/32,0,13/4000000000000000000000000000000
3556,889/8,0,13/4000000000000000000000000000000
3557,3557/32,0,13/4000000000000000000000000000000
3558,1779/16,0,13/4000000000000000000000000000000
3559,3559/32,0,13/4000000000000000000000000000000
3560,445/4,0,13/4000000000000000000000000000000
3561,3561/32,0,13/4000000000000000000000000000000
3562,1781/16,0,13/4000000000000000000000000000000
3563,3563/32,0,13/4000000000000000000000000000000
3564,891/8,0,13/4000000000000000000000000000000
3565,3565/32,0,13/4000000000000000000000000000000
3566,1783/16,0,13/4000000000000000000000000000000
3567,3567/32,0,13/4000000000000000000000000000000
3568,223/2,0,13/4000000000000000000000000000000
3569,3569/32,0,13/4000000000000000000000000000000
3570,1785/16,0,13/4000000000000000000000000000000
3571,3571/32,0,13/4000000000000000000000000000000
3572,893/8,0,13/4000000000000000000000000000000
3573,3573/32,0,13/4000000000000000000000000000000
3574,1787/16,0,13/4000000000000000000000000000000
3575,3575/32,0,13/4000000000000000000000000000000
3576,447/4,0,13/4000000000000000000000000000000
3577,3577/32,0,13/4000000000000000000000000000000
3578,1789/16,0,13/4000000000000000000000000000000
3579,3579/32,0,13/4000000000000000000000000000000
3580,895/8,0,13/4000000000000000000000000000000
3581,3581/32,0,13/4000000000000000000000000000000
3582,1791/16,0,13/4000000000000000000000000000000
3583,3583/32,0,13/4000000000000000000000000000000
3584,112,0,13/4000000000000000000000000000000
3585,3585/32,0,13/4000000000000000000000000000000
3586,1793/16,0,13/4000000000000000000000000000000
3587,3587/32,0,13/4000000000000000000000000000000
3588,897/8,0,13/4000000000000000000000000000000
3589,3589/32,0,13/4000000000000000000000000000000
3590,1795/16,0,13/4000000000000000000000000000000
3591,3591/32,0,13/4000000000000000000000000000000
3592,449/4,0,13/4000000000000000000000000000000
3593,3593/32,0,13/4000000000000000000000000000000
3594,1797/16,0,13/4000000000000000000000000000000
3595,3595/32,0,13/4000000000000000000000000000000
3596,899/8,0,13/4000000000000000000000000000000
3597,3597/32,0,13/4000000000000000000000000000000
3598,1799/16,0,13/4000000000000000000000000000000
3599,3599/32,0,13/4000000000000000000000000000000
3600,225/2,0,13/4000000000000000000000000000000
3601,3601/32,0,13/4000000000000000000000000000000
3602,1801/16,0,13/4000000000000000000000000000000
3603,3603/32,0,13/4000000000000000000000000000000
3604,901/8,0,13/4000000000000000000000000000000
3605,3605/32,0,13/4000000000000000000000000000000
3606,1803/16,0,13/4000000000000000000000000000000
3607,3607/32,0,13/4000000000000000000000000000000
3608,451/4,0,13/4000000000000000000000000000000
3609,3609/32,0,13/4000000000000000000000000000000
3610,1805/16,0,13/4000000000000000000000000000000
3611,3611/32,0,13/4000000000000000000000000000000
3612,903/8,0,13/4000000000000000000000000000000
3613,3613/32,0,13/4000000000000000000000000000000
3614,1807/16,0,13/4000000000000000000000000000000
3615,3615/32,0,13/4000000000000000000000000000000
3616,113,0,13/4000000000000000000000000000000
3617,3617/32,0,13/4000000000000000000000000000000
3618,1809/16,0,13/4000000000000000000000000000000
3619,3619/32,0,13/4000000000000000000000000000000
3620,905/8,0,13/4000000000000000000000000000000
3621,3621/32,0,13/4000000000000000000000000000000
3622,1811/16,0,13/4000000000000000000000000000000
3623,3623/32,0,13/4000000000000000000000000000000
3624,453/4,0,13/4000000000000000000000000000000
3625,3625/32,0,13/4000000000000000000000000000000
3626,1813/16,0,13/4000000000000000000000000000000
3627,3627/32,0,13/4000000000000000000000000000000
3628,907/8,0,13/4000000000000000000000000000000
3629,3629/32,0,13/4000000000000000000000000000000
3630,1815/16,0,13/4000000000000000000000000000000
3631,3631/32,0,13/4000000000000000000000000000000
3632,227/2,0,13/4000000000000000000000000000000
3633,3633/32,0,13/4000000000000000000000000000000
3634,1817/16,0,13/4000000000000000000000000000000
3635,3635/32,0,13/4000000000000000000000000000000
3636,909/8,0,13/4000000000000000000000000000000
3637,3637/32,0,13/4000000000000000000000000000000
3638,1819/16,0,13/4000000000000000000000000000000
3639,3639/32,0,13/4000000000000000000000000000000
3640,455/4,0,13/4000000000000000000000000000000
3641,3641/32,0,13/4000000000000000000000000000000
3642,1821/16,0,13/4000000000000000000000000000000
3643,3643/32,0,13/4000000000000000000000000000000
3644,911/8,0,13/4000000000000000000000000000000
3645,3645/32,0,13/4000000000000000000000000000000
3646,1823/16,0,13/4000000000000000000000000000000
3647,3647/32,0,13/4000000000000000000000000000000
3648,114,0,13/4000000000000000000000000000000
3649,3649/32,0,13/4000000000000000000000000000000
3650,1825/16,0,13/4000000000000000000000000000000
3651,3651/32,0,13/4000000000000000000000000000000
3652,913/8,0,13/4000000000000000000000000000000
3653,3653/32,0,13/4000000000000000000000000000000
3654,1827/16,0,13/4000000000000000000000000000000
3655,3655/32,0,13/4000000000000000000000000000000
3656,457/4,0,13/4000000000000000000000000000000
3657,3657/32,0,13/4000000000000000000000000000000
3658,1829/16,0,13/4000000000000000000000000000000
3659,3659/32,0,13/4000000000000000000000000000000
3660,915/8,0,13/4000000000000000000000000000000
3661,3661/32,0,13/4000000000000000000000000000000
3662,1831/16,0,13/4000000000000000000000000000000
3663,3663/32,0,13/4000000000000000000000000000000
3664,229/2,0,13/4000000000000000000000000000000
3665,3665/32,0,13/4000000000000000000000000000000
3666,1833/16,0,13/4000000000000000000000000000000
3667,3667/32,0,13/4000000000000000000000000000000
3668,917/8,0,13/4000000000000000000000000000000
3669,3669/32,0,13/4000000000000000000000000000000
3670,1835/16,0,13/4000000000000000000000000000000
3671,3671/32,0,13/4000000000000000000000000000000
3672,459/4,0,13/4000000000000000000000000000000
3673,3673/32,0,13/4000000000000000000000000000000
3674,1837/16,0,13/4000000000000000000000000000000
3675,3675/32,0,13/4000000000000000000000000000000
3676,919/8,0,13/4000000000000000000000000000000
3677,3677/32,0,13/4000000000000000000000000000000
3678,1839/16,0,13/4000000000000000000000000000000
3679,3679/32,0,13/4000000000000000000000000000000
3680,115,0,13/4000000000000000000000000000000
3681,3681/32,0,13/4000000000000000000000000000000
3682,1841/16,0,13/4000000000000000000000000000000
3683,3683/32,0,13/4000000000000000000000000000000
3684,921/8,0,13/4000000000000000000000000000000
3685,3685/32,0,13/4000000000000000000000000000000
3686,1843/16,0,13/4000000000000000000000000000000
3687,3687/32,0,13/4000000000000000000000000000000
3688,461/4,0,13/4000000000000000000000000000000
3689,3689/32,0,13/4000000000000000000000000000000
3690,1845/16,0,13/4000000000000000000000000000000
3691,3691/32,0,13/4000000000000000000000000000000
3692,923/8,0,13/4000000000000000000000000000000
3693,3693/32,0,13/4000000000000000000000000000000
3694,1847/16,0,13/4000000000000000000000000000000
3695,3695/32,0,13/4000000000000000000000000000000
3696,231/2,0,13/4000000000000000000000000000000
3697,3697/32,0,13/4000000000000000000000000000000
3698,1849/16,0,13/4000000000000000000000000000000
3699,3699/32,0,13/4000000000000000000000000000000
3700,925/8,0,13/4000000000000000000000000000000
3701,3701/32,0,13/4000000000000000000000000000000
3702,1851/16,0,13/4000000000000000000000000000000
3703,3703/32,0,13/4000000000000000000000000000000
3704,463/4,0,13/4000000000000000000000000000000
3705,3705/32,0,13/4000000000000000000000000000000
3706,1853/16,0,13/4000000000000000000000000000000
3707,3707/32,0,13/4000000000000000000000000000000
3708,927/8,0,13/4000000000000000000000000000000
3709,3709/32,0,13/4000000000000000000000000000000
3710,1855/16,0,13/4000000000000000000000000000000
3711,3711/32,0,13/4000000000000000000000000000000
3712,116,0,13/4000000000000000000000000000000
3713,3713/32,0,13/4000000000000000000000000000000
3714,1857/16,0,13/4000000000000000000000000000000
3715,3715/32,0,13/4000000000000000000000000000000
3716,929/8,0,13/4000000000000000000000000000000
3717,3717/32,0,13/4000000000000000000000000000000
3718,1859/16,0,13/4000000000000000000000000000000
3719,3719/32,0,13/4000000000000000000000000000000
3720,465/4,0,13/4000000000000000000000000000000
3721,3721/32,0,13/4000000000000000000000000000000
3722,1861/16,0,13/4000000000000000000000000000000
3723,3723/32,0,13/4000000000000000000000000000000
3724,931/8,0,13/4000000000000000000000000000000
3725,3725/32,0,13/4000000000000000000000000000000
3726,1863/16,0,13/4000000000000000000000000000000
3727,3727/32,0,13/4000000000000000000000000000000
3728,233/2,0,13/4000000000000000000000000000000
3729,3729/32,0,13/4000000000000000000000000000000
3730,1865/16,0,13/4000000000000000000000000000000
3731,3731/32,0,13/4000000000000000000000000000000
3732,933/8,0,13/4000000000000000000000000000000
3733,3733/32,0,13/4000000000000000000000000000000
3734,1867/16,0,13/4000000000000000000000000000000
3735,3735/32,0,13/4000000000000000000000000000000
3736,467/4,0,13/4000000000000000000000000000000
3737,3737/32,0,13/4000000000000000000000000000000
3738,1869/16,0,13/4000000000000000000000000000000
3739,3739/32,0,13/4000000000000000000000000000000
3740,935/8,0,13/4000000000000000000000000000000
3741,3741/32,0,13/4000000000000000000000000000000
3742,1871/16,0,13/4000000000000000000000000000000
3743,3743/32,0,13/4000000000000000000000000000000
3744,117,0,13/4000000000000000000000000000000
3745,3745/32,0,13/4000000000000000000000000000000
3746,1873/16,0,13/4000000000000000000000000000000
3747,3747/32,0,13/4000000000000000000000000000000
3748,937/8,0,13/4000000000000000000000000000000
3749,3749/32,0,13/4000000000000000000000000000000
3750,1875/16,0,13/4000000000000000000000000000000
3751,3751/32,0,13/4000000000000000000000000000000
3752,469/4,0,13/4000000000000000000000000000000
3753,3753/32,0,13/4000000000000000000000000000000
3754,1877/16,0,13/4000000000000000000000000000000
3755,3755/32,0,13/4000000000000000000000000000000
3756,939/8,0,13/4000000000000000000000000000000
3757,3757/32,0,13/4000000000000000000000000000000
3758,1879/16,0,13/4000000000000000000000000000000
3759,3759/32,0,13/4000000000000000000000000000000
3760,235/2,0,13/4000000000000000000000000000000
3761,3761/32,0,13/4000000000000000000000000000000
3762,1881/16,0,13/4000000000000000000000000000000
3763,3763/32,0,13/4000000000000000000000000000000
3764,941/8,0,13/4000000000000000000000000000000
3765,3765/32,0,13/4000000000000000000000000000000
3766,1883/16,0,13/4000000000000000000000000000000
3767,3767/32,0,13/4000000000000000000000000000000
3768,471/4,0,13/4000000000000000000000000000000
3769,3769/32,0,13/4000000000000000000000000000000
3770,1885/16,0,13/4000000000000000000000000000000
3771,3771/32,0,13/4000000000000000000000000000000
3772,943/8,0,13/4000000000000000000000000000000
3773,3773/32,0,13/4000000000000000000000000000000
3774,1887/16,0,13/4000000000000000000000000000000
3775,3775/32,0,13/4000000000000000000000000000000
3776,118,0,13/4000000000000000000000000000000
3777,3777/32,0,13/4000000000000000000000000000000
3778,1889/16,0,13/4000000000000000000000000000000
3779,3779/32,0,13/4000000000000000000000000000000
3780,945/8,0,13/4000000000000000000000000000000
3781,3781/32,0,13/4000000000000000000000000000000
3782,1891/16,0,13/4000000000000000000000000000000
3783,3783/32,0,13/4000000000000000000000000000000
3784,473/4,0,13/4000000000000000000000000000000
3785,3785/32,0,13/4000000000000000000000000000000
3786,1893/16,0,13/4000000000000000000000000000000
3787,3787/32,0,13/4000000000000000000000000000000
3788,947/8,0,13/4000000000000000000000000000000
3789,3789/32,0,13/4000000000000000000000000000000
3790,1895/16,0,13/4000000000000000000000000000000
3791,3791/32,0,13/4000000000000000000000000000000
3792,237/2,0,13/4000000000000000000000000000000
3793,3793/32,0,13/4000000000000000000000000000000
3794,1897/16,0,13/4000000000000000000000000000000
3795,3795/32,0,13/4000000000000000000000000000000
3796,949/8,0,13/4000000000000000000000000000000
3797,3797/32,0,13/4000000000000000000000000000000
3798,1899/16,0,13/4000000000000000000000000000000
3799,3799/32,0,13/4000000000000000000000000000000
3800,475/4,0,13/4000000000000000000000000000000
3801,3801/32,0,13/4000000000000000000000000000000
3802,1901/16,0,13/4000000000000000000000000000000
3803,3803/32,0,13/4000000000000000000000000000000
3804,951/8,0,13/4000000000000000000000000000000
3805,3805/32,0,13/4000000000000000000000000000000
3806,1903/16,0,13/4000000000000000000000000000000
3807,3807/32,0,13/4000000000000000000000000000000
3808,119,0,13/4000000000000000000000000000000
3809,3809/32,0,13/4000000000000000000000000000000
3810,1905/16,0,13/4000000000000000000000000000000
3811,3811/32,0,13/4000000000000000000000000000000
3812,953/8,0,13/4000000000000000000000000000000
3813,3813/32,0,13/4000000000000000000000000000000
3814,1907/16,0,13/4000000000000000000000000000000
3815,3815/32,0,13/4000000000000000000000000000000
3816,477/4,0,13/4000000000000000000000000000000
3817,3817/32,0,13/4000000000000000000000000000000
3818,1909/16,0,13/4000000000000000000000000000000
3819,3819/32,0,13/4000000000000000000000000000000
3820,955/8,0,13/4000000000000000000000000000000
3821,3821/32,0,13/4000000000000000000000000000000
3822,1911/16,0,13/4000000000000000000000000000000
3823,3823/32,0,13/4000000000000000000000000000000
3824,239/2,0,13/4000000000000000000000000000000
3825,3825/32,0,13/4000000000000000000000000000000
3826,1913/16,0,13/4000000000000000000000000000000
3827,3827/32,0,13/4000000000000000000000000000000
3828,957/8,0,13/4000000000000000000000000000000
3829,3829/32,0,13/4000000000000000000000000000000
3830,1915/16,0,13/4000000000000000000000000000000
3831,3831/32,0,13/4000000000000000000000000000000
3832,479/4,0,13/4000000000000000000000000000000
3833,3833/32,0,13/4000000000000000000000000000000
3834,1917/16,0,13/4000000000000000000000000000000
3835,3835/32,0,13/4000000000000000000000000000000
3836,959/8,0,13/4000000000000000000000000000000
3837,3837/32,0,13/4000000000000000000000000000000
3838,1919/16,0,13/4000000000000000000000000000000
3839,3839/32,0,13/4000000000000000000000000000000
3840,120,0,13/4000000000000000000000000000000
3841,3841/32,0,13/4000000000000000000000000000000
3842,1921/16,0,13/4000000000000000000000000000000
3843,3843/32,0,13/4000000000000000000000000000000
3844,961/8,0,13/4000000000000000000000000000000
3845,3845/32,0,13/4000000000000000000000000000000
3846,1923/16,0,13/4000000000000000000000000000000
3847,3847/32,0,13/4000000000000000000000000000000
3848,481/4,0,13/4000000000000000000000000000000
3849,3849/32,0,13/4000000000000000000000000000000
3850,1925/16,0,13/4000000000000000000000000000000
3851,3851/32,0,13/4000000000000000000000000000000
3852,963/8,0,13/4000000000000000000000000000000
3853,3853/32,0,13/4000000000000000000000000000000
3854,1927/16,0,13/4000000000000000000000000000000
3855,3855/32,0,13/4000000000000000000000000000000
3856,241/2,0,13/4000000000000000000000000000000
3857,3857/32,0,13/4000000000000000000000000000000
3858,1929/16,0,13/4000000000000000000000000000000
3859,3859/32,0,13/4000000000000000000000000000000
3860,965/8,0,13/4000000000000000000000000000000
3861,3861/32,0,13/4000000000000000000000000000000
3862,1931/16,0,13/4000000000000000000000000000000
3863,3863/32,0,13/4000000000000000000000000000000
3864,483/4,0,13/4000000000000000000000000000000
3865,3865/32,0,13/4000000000000000000000000000000
3866,1933/16,0,13/4000000000000000000000000000000
3867,3867/32,0,13/4000000000000000000000000000000
3868,967/8,0,13/4000000000000000000000000000000
3869,3869/32,0,13/4000000000000000000000000000000
3870,1935/16,0,13/4000000000000000000000000000000
3871,3871/32,0,13/4000000000000000000000000000000
3872,121,0,13/4000000000000000000000000000000
3873,3873/32,0,13/4000000000000000000000000000000
3874,1937/16,0,13/4000000000000000000000000000000
3875,3875/32,0,13/4000000000000000000000000000000
3876,969/8,0,13/4000000000000000000000000000000
3877,3877/32,0,13/4000000000000000000000000000000
3878,1939/16,0,13/4000000000000000000000000000000
3879,3879/32,0,13/4000000000000000000000000000000
3880,485/4,0,13/4000000000000000000000000000000
3881,3881/32,0,13/4000000000000000000000000000000
3882,1941/16,0,13/4000000000000000000000000000000
3883,3883/32,0,13/4000000000000000000000000000000
3884,971/8,0,13/4000000000000000000000000000000
3885,3885/32,0,13/4000000000000000000000000000000
3886,1943/16,0,13/4000000000000000000000000000000
3887,3887/32,0,13/4000000000000000000000000000000
3888,243/2,0,13/4000000000000000000000000000000
3889,3889/32,0,13/4000000000000000000000000000000
3890,1945/16,0,13/4000000000000000000000000000000
3891,3891/32,0,13/4000000000000000000000000000000
3892,973/8,0,13/4000000000000000000000000000000
3893,3893/32,0,13/4000000000000000000000000000000
3894,1947/16,0,13/4000000000000000000000000000000
3895,3895/32,0,13/4000000000000000000000000000000
3896,487/4,0,13/4000000000000000000000000000000
3897,3897/32,0,13/4000000000000000000000000000000
3898,1949/16,0,13/4000000000000000000000000000000
3899,3899/32,0,13/4000000000000000000000000000000
3900,975/8,0,13/4000000000000000000000000000000
3901,3901/32,0,13/4000000000000000000000000000000
3902,1951/16,0,13/4000000000000000000000000000000
3903,3903/32,0,13/4000000000000000000000000000000
3904,122,0,13/4000000000000000000000000000000
3905,3905/32,0,13/4000000000000000000000000000000
3906,1953/16,0,13/4000000000000000000000000000000
3907,3907/32,0,13/4000000000000000000000000000000
3908,977/8,0,13/4000000000000000000000000000000
3909,3909/32,0,13/4000000000000000000000000000000
3910,1955/16,0,13/4000000000000000000000000000000
3911,3911/32,0,13/4000000000000000000000000000000
3912,489/4,0,13/4000000000000000000000000000000
3913,3913/32,0,13/4000000000000000000000000000000
3914,1957/16,0,13/4000000000000000000000000000000
3915,3915/32,0,13/4000000000000000000000000000000
3916,979/8,0,13/4000000000000000000000000000000
3917,3917/32,0,13/4000000000000000000000000000000
3918,1959/16,0,13/4000000000000000000000000000000
3919,3919/32,0,13/4000000000000000000000000000000
3920,245/2,0,13/4000000000000000000000000000000
3921,3921/32,0,13/4000000000000000000000000000000
3922,1961/16,0,13/4000000000000000000000000000000
3923,3923/32,0,13/4000000000000000000000000000000
3924,981/8,0,13/4000000000000000000000000000000
3925,3925/32,0,13/4000000000000000000000000000000
3926,1963/16,0,13/4000000000000000000000000000000
3927,3927/32,0,13/4000000000000000000000000000000
3928,491/4,0,13/4000000000000000000000000000000
3929,3929/32,0,13/4000000000000000000000000000000
3930,1965/16,0,13/4000000000000000000000000000000
3931,3931/32,0,13/4000000000000000000000000000000
3932,983/8,0,13/4000000000000000000000000000000
3933,3933/32,0,13/4000000000000000000000000000000
3934,1967/16,0,13/4000000000000000000000000000000
3935,3935/32,0,13/4000000000000000000000000000000
3936,123,0,13/4000000000000000000000000000000
3937,3937/32,0,13/4000000000000000000000000000000
3938,1969/16,0,13/4000000000000000000000000000000
3939,3939/32,0,13/4000000000000000000000000000000
3940,985/8,0,13/4000000000000000000000000000000
3941,3941/32,0,13/4000000000000000000000000000000
3942,1971/16,0,13/4000000000000000000000000000000
3943,3943/32,0,13/4000000000000000000000000000000
3944,493/4,0,13/4000000000000000000000000000000
3945,3945/32,0,13/4000000000000000000000000000000
3946,1973/16,0,13/4000000000000000000000000000000
3947,3947/32,0,13/4000000000000000000000000000000
3948,987/8,0,13/4000000000000000000000000000000
3949,3949/32,0,13/4000000000000000000000000000000
3950,1975/16,0,13/4000000000000000000000000000000
3951,3951/32,0,13/4000000000000000000000000000000
3952,247/2,0,13/4000000000000000000000000000000
3953,3953/32,0,13/4000000000000000000000000000000
3954,1977/16,0,13/4000000000000000000000000000000
3955,3955/32,0,13/4000000000000000000000000000000
3956,989/8,0,13/4000000000000000000000000000000
3957,3957/32,0,13/4000000000000000000000000000000
3958,1979/16,0,13/4000000000000000000000000000000
3959,3959/32,0,13/4000000000000000000000000000000
3960,495/4,0,13/4000000000000000000000000000000
3961,3961/32,0,13/4000000000000000000000000000000
3962,1981/16,0,13/4000000000000000000000000000000
3963,3963/32,0,13/4000000000000000000000000000000
3964,991/8,0,13/4000000000000000000000000000000
3965,3965/32,0,13/4000000000000000000000000000000
3966,1983/16,0,13/4000000000000000000000000000000
3967,3967/32,0,13/4000000000000000000000000000000
3968,124,0,13/4000000000000000000000000000000
3969,3969/32,0,13/4000000000000000000000000000000
3970,1985/16,0,13/4000000000000000000000000000000
3971,3971/32,0,13/4000000000000000000000000000000
3972,993/8,0,13/4000000000000000000000000000000
3973,3973/32,0,13/4000000000000000000000000000000
3974,1987/16,0,13/4000000000000000000000000000000
3975,3975/32,0,13/4000000000000000000000000000000
3976,497/4,0,13/4000000000000000000000000000000
3977,3977/32,0,13/4000000000000000000000000000000
3978,1989/16,0,13/4000000000000000000000000000000
3979,3979/32,0,13/4000000000000000000000000000000
3980,995/8,0,13/4000000000000000000000000000000
3981,3981/32,0,13/4000000000000000000000000000000
3982,1991/16,0,13/4000000000000000000000000000000
3983,3983/32,0,13/4000000000000000000000000000000
3984,249/2,0,13/4000000000000000000000000000000
3985,3985/32,0,13/4000000000000000000000000000000
3986,1993/16,0,13/4000000000000000000000000000000
3987,3987/32,0,13/4000000000000000000000000000000
3988,997/8,0,13/4000000000000000000000000000000
3989,3989/32,0,13/4000000000000000000000000000000
3990,1995/16,0,13/4000000000000000000000000000000
3991,3991/32,0,13/4000000000000000000000000000000
3992,499/4,0,13/4000000000000000000000000000000
3993,3993/32,0,13/4000000000000000000000000000000
3994,1997/16,0,13/4000000000000000000000000000000
3995,3995/32,0,13/4000000000000000000000000000000
3996,999/8,0,13/4000000000000000000000000000000
3997,3997/32,0,13/4000000000000000000000000000000
3998,1999/16,0,13/4000000000000000000000000000000
3999,3999/32,0,13/4000000000000000000000000000000
4000,125,0,13/4000000000000000000000000000000
4001,4001/32,0,13/4000000000000000000000000000000
4002,2001/16,0,13/4000000000000000000000000000000
4003,4003/32,0,13/4000000000000000000000000000000
4004,1001/8,0,13/4000000000000000000000000000000
4005,4005/32,0,13/4000000000000000000000000000000
4006,2003/16,0,13/4000000000000000000000000000000
4007,4007/32,0,13/4000000000000000000000000000000
4008,501/4,0,13/4000000000000000000000000000000
4009,4009/32,0,13/4000000000000000000000000000000
4010,2005/16,0,13/4000000000000000000000000000000
4011,4011/32,0,13/4000000000000000000000000000000
4012,1003/8,0,13/4000000000000000000000000000000
4013,4013/32,0,13/4000000000000000000000000000000
4014,2007/16,0,13/4000000000000000000000000000000
4015,4015/32,0,13/4000000000000000000000000000000
4016,251/2,0,13/4000000000000000000000000000000
4017,4017/32,0,13/4000000000000000000000000000000
4018,2009/16,0,13/4000000000000000000000000000000
4019,4019/32,0,13/4000000000000000000000000000000
4020,1005/8,0,13/4000000000000000000000000000000
4021,4021/32,0,13/4000000000000000000000000000000
4022,2011/16,0,13/4000000000000000000000000000000
4023,4023/32,0,13/4000000000000000000000000000000
4024,503/4,0,13/4000000000000000000000000000000
4025,4025/32,0,13/4000000000000000000000000000000
4026,2013/16,0,13/4000000000000000000000000000000
4027,4027/32,0,13/4000000000000000000000000000000
4028,1007/8,0,13/4000000000000000000000000000000
4029,4029/32,0,13/4000000000000000000000000000000
4030,2015/16,0,13/4000000000000000000000000000000
4031,4031/32,0,13/4000000000000000000000000000000
4032,126,0,13/4000000000000000000000000000000
4033,4033/32,0,13/4000000000000000000000000000000
4034,2017/16,0,13/4000000000000000000000000000000
4035,4035/32,0,13/4000000000000000000000000000000
4036,1009/8,0,13/4000000000000000000000000000000
4037,4037/32,0,13/4000000000000000000000000000000
4038,2019/16,0,13/4000000000000000000000000000000
4039,4039/32,0,13/4000000000000000000000000000000
4040,505/4,0,13/4000000000000000000000000000000
4041,4041/32,0,13/4000000000000000000000000000000
4042,2021/16,0,13/4000000000000000000000000000000
4043,4043/32,0,13/4000000000000000000000000000000
4044,1011/8,0,13/4000000000000000000000000000000
4045,4045/32,0,13/4000000000000000000000000000000
4046,2023/16,0,13/4000000000000000000000000000000
4047,4047/32,0,13/4000000000000000000000000000000
4048,253/2,0,13/4000000000000000000000000000000
4049,4049/32,0,13/4000000000000000000000000000000
4050,2025/16,0,13/4000000000000000000000000000000
4051,4051/32,0,13/4000000000000000000000000000000
4052,1013/8,0,13/4000000000000000000000000000000
4053,4053/32,0,13/4000000000000000000000000000000
4054,2027/16,0,13/4000000000000000000000000000000
4055,4055/32,0,13/4000000000000000000000000000000
4056,507/4,0,13/4000000000000000000000000000000
4057,4057/32,0,13/4000000000000000000000000000000
4058,2029/16,0,13/4000000000000000000000000000000
4059,4059/32,0,13/4000000000000000000000000000000
4060,1015/8,0,13/4000000000000000000000000000000
4061,4061/32,0,13/4000000000000000000000000000000
4062,2031/16,0,13/4000000000000000000000000000000
4063,4063/32,0,13/4000000000000000000000000000000
4064,127,0,13/4000000000000000000000000000000
4065,4065/32,0,13/4000000000000000000000000000000
4066,2033/16,0,13/4000000000000000000000000000000
4067,4067/32,0,13/4000000000000000000000000000000
4068,1017/8,0,13/4000000000000000000000000000000
4069,4069/32,0,13/4000000000000000000000000000000
4070,2035/16,0,13/4000000000000000000000000000000
4071,4071/32,0,13/4000000000000000000000000000000
4072,509/4,0,13/4000000000000000000000000000000
4073,4073/32,0,13/4000000000000000000000000000000
4074,2037/16,0,13/4000000000000000000000000000000
4075,4075/32,0,13/4000000000000000000000000000000
4076,1019/8,0,13/4000000000000000000000000000000
4077,4077/32,0,13/4000000000000000000000000000000
4078,2039/16,0,13/4000000000000000000000000000000
4079,4079/32,0,13/4000000000000000000000000000000
4080,255/2,0,13/4000000000000000000000000000000
4081,4081/32,0,13/4000000000000000000000000000000
4082,2041/16,0,13/4000000000000000000000000000000
4083,4083/32,0,13/4000000000000000000000000000000
4084,1021/8,0,13/4000000000000000000000000000000
4085,4085/32,0,13/4000000000000000000000000000000
4086,2043/16,0,13/4000000000000000000000000000000
4087,4087/32,0,13/4000000000000000000000000000000
4088,511/4,0,13/4000000000000000000000000000000
4089,4089/32,0,13/4000000000000000000000000000000
4090,2045/16,0,13/4000000000000000000000000000000
4091,4091/32,0,13/4000000000000000000000000000000
4092,1023/8,0,13/4000000000000000000000000000000
4093,4093/32,0,13/4000000000000000000000000000000
4094,2047/16,0,13/4000000000000000000000000000000
4095,4095/32,0,13/4000000000000000000000000000000
4096,128,0,13/4000000000000000000000000000000
