index,lower,upper
0,1/4,1/4
1,7287640730063971386604870145973/32000000000000000000000000000000,7287640730063971386604870145981/32000000000000000000000000000000
2,1661300850210629908841785825291/8000000000000000000000000000000,1661300850210629908841785825297/8000000000000000000000000000000
3,189541624466208414796483184947/1000000000000000000000000000000,3032665991459334636743730959169/16000000000000000000000000000000
4,5541494003849418836092728686111/32000000000000000000000000000000,5541494003849418836092728686159/32000000000000000000000000000000
5,79185667917290367635580081483/500000000000000000000000000000,5067882746706583528677125214969/32000000000000000000000000000000
6,4639331693242737394841231376761/32000000000000000000000000000000,4639331693242737394841231376827/32000000000000000000000000000000
7,850247922107538365151884164149/6400000000000000000000000000000,2125619805268845912879710410409/16000000000000000000000000000000
8,1949752448188841605699167499629/16000000000000000000000000000000,3899504896377683211398334999333/32000000000000000000000000000000
9,1790233992537453376030168932367/16000000000000000000000000000000,223779249067181672003771116551/2000000000000000000000000000000
10,1645430388079266786522257959619/16000000000000000000000000000000,102839399254954174157641122479/1000000000000000000000000000000
11,605552437394239789669171147203/6400000000000000000000000000000,189235136685699934271615983507/2000000000000000000000000000000
12,697139762446499760155793910537/8000000000000000000000000000000,2788559049785999040623175642247/32000000000000000000000000000000
13,642727919319476629758494054549/8000000000000000000000000000000,321363959659738314879247027287/4000000000000000000000000000000
14,2372723509323339071541907042207/32000000000000000000000000000000,593180877330834767885476760577/8000000000000000000000000000000
15,274014291390343128290375918549/4000000000000000000000000000000,1096057165561372513161503674247/16000000000000000000000000000000
16,2027396619227111192373011033999/32000000000000000000000000000000,2027396619227111192373011034101/32000000000000000000000000000000
17,375410925929304987035847658591/6400000000000000000000000000000,1877054629646524935179238293059/32000000000000000000000000000000
18,434931473017514169571628200403/8000000000000000000000000000000,1739725892070056678286512801717/32000000000000000000000000000000
19,1614184817399376528188881972743/32000000000000000000000000000000,1614184817399376528188881972849/32000000000000000000000000000000
20,749664081605984219528378529469/16000000000000000000000000000000,299865632642393687811351411809/6400000000000000000000000000000
21,34854053355332026886552617543/800000000000000000000000000000,348540533553320268865526175457/8000000000000000000000000000000
22,1297790922890030482284375527691/32000000000000000000000000000000,6488954614450152411421877639/160000000000000000000000000000
23,37793953750743283929664468313/1000000000000000000000000000000,604703260011892542874631493063/16000000000000000000000000000000
24,1128279645968209836073503871437/32000000000000000000000000000000,564139822984104918036751935773/16000000000000000000000000000000
25,1053751672068345950608891257501/32000000000000000000000000000000,105375167206834595060889125761/3200000000000000000000000000000
26,985227417679453557145223206871/32000000000000000000000000000000,985227417679453557145223206981/32000000000000000000000000000000
27,92216872224806348163816829347/3200000000000000000000000000000,922168722248063481638168293581/32000000000000000000000000000000
28,864088704126451177282933670493/32000000000000000000000000000000,172817740825290235456586734121/6400000000000000000000000000000
29,810546628443118207042415913447/32000000000000000000000000000000,20263665711077955176060397839/800000000000000000000000000000
30,95142914456576848800496505363/4000000000000000000000000000000,761143315652614790403972043017/32000000000000000000000000000000
31,178879257629130368045013334271/8000000000000000000000000000000,715517030516521472180053337197/32000000000000000000000000000000
32,67333979837771144656821431243/3200000000000000000000000000000,21041868699303482705256697267/1000000000000000000000000000000
33,317157050907658698258282722403/16000000000000000000000000000000,15857852545382934912914136123/800000000000000000000000000000
34,119633983244660971592545322849/6400000000000000000000000000000,299084958111652428981363307179/16000000000000000000000000000000
35,141165511910218343683756584081/8000000000000000000000000000000,282331023820436687367513168219/16000000000000000000000000000000
36,66695967545545208567992148057/4000000000000000000000000000000,533567740364361668543937184571/32000000000000000000000000000000
37,100936905112537622680323674761/6400000000000000000000000000000,3154278284766800708760114837/200000000000000000000000000000
38,59728535670803728296936943981/4000000000000000000000000000000,477828285366429826375495551963/32000000000000000000000000000000
39,452831509760663298473769693887/32000000000000000000000000000000,226415754880331649236884847001/16000000000000000000000000000000
40,429541726132472458984006049169/32000000000000000000000000000000,107385431533118114746001512321/8000000000000000000000000000000
41,509775104434981922479430119/40000000000000000000000000000,81564016709597107596708819063/6400000000000000000000000000000
42,193770037898900368516370978569/16000000000000000000000000000000,387540075797800737032741957253/32000000000000000000000000000000
43,184293194492891275182621339401/16000000000000000000000000000000,368586388985782550365242678917/32000000000000000000000000000000
44,175426930486194682743004384021/16000000000000000000000000000000,350853860972389365486008768157/32000000000000000000000000000000
45,66849308268854355463307621749/6400000000000000000000000000000,167123270672135888658269054427/16000000000000000000000000000000
46,7966921044702284361322595041/800000000000000000000000000000,318676841788091374452903801749/32000000000000000000000000000000
47,76016191954221242478025991431/8000000000000000000000000000000,304064767816884969912103965833/32000000000000000000000000000000
48,7258430593700787537331031913/800000000000000000000000000000,290337223748031501493241276629/32000000000000000000000000000000
49,138713691838563658183063193559/16000000000000000000000000000000,277427383677127316366126387227/32000000000000000000000000000000
50,66318530486058230871913424423/8000000000000000000000000000000,265274121944232923487653697801/32000000000000000000000000000000
51,126910748629438485918017012949/16000000000000000000000000000000,253821497258876971836034026007/32000000000000000000000000000000
52,243018285247410675244813103631/32000000000000000000000000000000,12150914262370533762240655187/1600000000000000000000000000000
53,46563510943830639488125254991/6400000000000000000000000000000,29102194339894149680078284383/4000000000000000000000000000000
54,111588141711797826041034318393/16000000000000000000000000000000,44635256684719130416413727379/6400000000000000000000000000000
55,214055009496192863668222387671/32000000000000000000000000000000,10702750474809643183411119389/1600000000000000000000000000000
56,205417515170649183590092613283/32000000000000000000000000000000,12838594698165573974380788337/2000000000000000000000000000000
57,24653817459512882605577703763/4000000000000000000000000000000,197230539676103060844621630213/32000000000000000000000000000000
58,189463518542649289897675070319/32000000000000000000000000000000,47365879635662322474418767607/8000000000000000000000000000000
59,182088346812105012663372772397/32000000000000000000000000000000,91044173406052506331686386253/16000000000000000000000000000000
60,43769790974067328947462172511/8000000000000000000000000000000,175079163896269315789848690153/32000000000000000000000000000000
61,2105151975564907537734324991/400000000000000000000000000000,168412158045192603018745999389/32000000000000000000000000000000
62,162065388585857631021714285663/32000000000000000000000000000000,40516347146464407755428571443/8000000000000000000000000000000
63,156018624269569129254407567457/32000000000000000000000000000000,78009312134784564627203783783/16000000000000000000000000000000
64,150253196226373327283806091017/32000000000000000000000000000000,75126598113186663641903045563/16000000000000000000000000000000
65,144751864168864887639683849749/32000000000000000000000000000000,72375932084432443819841924929/16000000000000000000000000000000
66,69749347308729821658527474927/16000000000000000000000000000000,139498694617459643317054949963/32000000000000000000000000000000
67,26895790007221069796280690443/6400000000000000000000000000000,33619737509026337245350863081/8000000000000000000000000000000
68,129678987872794391376613063967/32000000000000000000000000000000,32419746968198597844153266019/8000000000000000000000000000000
69,15635771074289107583362468279/4000000000000000000000000000000,125086168594312860666899746341/32000000000000000000000000000000
70,6034438594523137349089737173/1600000000000000000000000000000,120688771890462746981794743569/32000000000000000000000000000000
71,11647592030046846877894040363/3200000000000000000000000000000,116475920300468468778940403739/32000000000000000000000000000000
72,112437509584265450809898439261/32000000000000000000000000000000,11243750958426545080989843937/3200000000000000000000000000000
73,54282072612309070874604415843/16000000000000000000000000000000,21712829044923628349841766359/6400000000000000000000000000000
74,104847084503199832129960159579/32000000000000000000000000000000,13105885562899979016245019961/4000000000000000000000000000000
75,101278183645488848878300513783/32000000000000000000000000000000,25319545911372212219575128473/8000000000000000000000000000000
76,3057807799254207945918001117/1000000000000000000000000000000,97849849576134654269376035853/32000000000000000000000000000000
77,18910999173761386304487263009/6400000000000000000000000000000,47277497934403465761218157577/16000000000000000000000000000000
78,18277400502579036111463773721/6400000000000000000000000000000,45693501256447590278659434357/16000000000000000000000000000000
79,44169839577082861618957158601/16000000000000000000000000000000,88339679154165723237914317311/32000000000000000000000000000000
80,85407231497957875339133599791/32000000000000000000000000000000,854072314979578753391335999/320000000000000000000000000000
81,82584230592026630201262465121/32000000000000000000000000000000,8258423059202663020126246523/3200000000000000000000000000000
82,15973116946399838471542034191/6400000000000000000000000000000,9983198091499899044713771383/4000000000000000000000000000000
83,9655814219482814277010303173/4000000000000000000000000000000,77246513755862514216082425493/32000000000000000000000000000000
84,74722525515168726335126216257/32000000000000000000000000000000,37361262757584363167563108183/16000000000000000000000000000000
85,18072348582485604978276096599/8000000000000000000000000000000,14457878865988483982620877301/6400000000000000000000000000000
86,69943141251785188791226854301/32000000000000000000000000000000,4371446328236574299451678401/2000000000000000000000000000000
87,67680015975567441914074273097/32000000000000000000000000000000,16920003993891860478518568303/8000000000000000000000000000000
88,65496480254527612680049321461/32000000000000000000000000000000,8187060031815951585006165197/4000000000000000000000000000000
89,63389192686702118135687910859/32000000000000000000000000000000,31694596343351059067843955487/16000000000000000000000000000000
90,61354994752510083576575272181/32000000000000000000000000000000,7669374344063760447071909037/4000000000000000000000000000000
91,59390897994127325010034473969/32000000000000000000000000000000,59390897994127325010034474077/32000000000000000000000000000000
92,11498814447421198550135916743/6400000000000000000000000000000,57494072237105992750679583823/32000000000000000000000000000000
93,55661834763621549956527045107/32000000000000000000000000000000,11132366952724309991305409043/6400000000000000000000000000000
94,53891640354840576799257256901/32000000000000000000000000000000,53891640354840576799257257009/32000000000000000000000000000000
95,6522634015909569784480824611/4000000000000000000000000000000,13045268031819139568961649249/8000000000000000000000000000000
96,50527833094704522102116607219/32000000000000000000000000000000,50527833094704522102116607327/32000000000000000000000000000000
97,48929738393300911084716519937/32000000000000000000000000000000,9785947678660182216943304009/6400000000000000000000000000000
98,47384708113218369313974897937/32000000000000000000000000000000,9476941622643673862794979609/6400000000000000000000000000000
99,45890760684846918981116419571/32000000000000000000000000000000,45890760684846918981116419679/32000000000000000000000000000000
100,44446006772599291374327522547/32000000000000000000000000000000,8889201354519858274865504531/6400000000000000000000000000000
101,43048643633230652893126907669/32000000000000000000000000000000,43048643633230652893126907777/32000000000000000000000000000000
102,41696949899499458887528679899/32000000000000000000000000000000,41696949899499458887528680007/32000000000000000000000000000000
103,10097320188357747524738214449/8000000000000000000000000000000,2524330047089436881184553619/2000000000000000000000000000000
104,9781015864147354292453230333/8000000000000000000000000000000,244525396603683857311330759/200000000000000000000000000000
105,1515991728305050402235182947/1280000000000000000000000000000,37899793207626260055879573783/32000000000000000000000000000000
106,9178757324994629292888909407/8000000000000000000000000000000,4589378662497314646444454717/4000000000000000000000000000000
107,3556839155496182825762047271/3200000000000000000000000000000,17784195777480914128810236409/16000000000000000000000000000000
108,17229278503831979723959557871/16000000000000000000000000000000,689171140153279188958382317/640000000000000000000000000000
109,33384256825010872470452376027/32000000000000000000000000000000,6676851365002174494090475227/6400000000000000000000000000000
110,646885468743382324621808521/640000000000000000000000000000,16172136718584558115545213079/16000000000000000000000000000000
111,15668718932540057929992619621/16000000000000000000000000000000,626748757301602317199704787/640000000000000000000000000000
112,59302006305485431888181239/62500000000000000000000000000,7590656807102135281687198619/8000000000000000000000000000000
113,29418762419541408258383926899/32000000000000000000000000000000,29418762419541408258383927007/32000000000000000000000000000000
114,28504805930508809146896516797/32000000000000000000000000000000,5700961186101761829379303381/6400000000000000000000000000000
115,27619759820821989416972265851/32000000000000000000000000000000,27619759820821989416972265959/32000000000000000000000000000000
116,26762663815249748379335651429/32000000000000000000000000000000,26762663815249748379335651537/32000000000000000000000000000000
117,1037303740859550129227412389/1280000000000000000000000000000,25932593521488753230685309833/32000000000000000000000000000000
118,5025731751707095950726429631/6400000000000000000000000000000,25128658758535479753632148263/32000000000000000000000000000000
119,380468781052257942862607337/500000000000000000000000000000,6087500496836127085801717419/8000000000000000000000000000000
120,2949474604508318035926408463/4000000000000000000000000000000,5898949209016636071852816953/8000000000000000000000000000000
121,4573049342561182712239824381/6400000000000000000000000000000,22865246712805913561199122013/32000000000000000000000000000000
122,2215758349942697599265679301/3200000000000000000000000000000,11078791749713487996328396559/16000000000000000000000000000000
123,21472066320476960251660567167/32000000000000000000000000000000,858882652819078410066422691/1280000000000000000000000000000
124,2080798038178376682182301639/3200000000000000000000000000000,10403990190891883410911508249/16000000000000000000000000000000
125,2016463587373549798340140003/3200000000000000000000000000000,10082317936867748991700700069/16000000000000000000000000000000
126,19541366934657672501082212347/32000000000000000000000000000000,3908273386931534500216442491/6400000000000000000000000000000
127,18937530670077738663138076083/32000000000000000000000000000000,18937530670077738663138076191/32000000000000000000000000000000
128,4588126556001942997706985757/8000000000000000000000000000000,573515819500242874713373223/1000000000000000000000000000000
129,4446423474672002241783479297/8000000000000000000000000000000,1111605868668000560445869831/2000000000000000000000000000000
130,3447302863903748608363030239/6400000000000000000000000000000,8618257159759371520907575651/16000000000000000000000000000000
131,4176101910542119172933043247/8000000000000000000000000000000,3340881528433695338346434619/6400000000000000000000000000000
132,16188832799084252613170077371/32000000000000000000000000000000,8094416399542126306585038739/16000000000000000000000000000000
133,313785335656955061237813583/640000000000000000000000000000,1961158347855969132736334907/4000000000000000000000000000000
134,7602601982009928515833239073/16000000000000000000000000000000,3801300991004964257916619563/8000000000000000000000000000000
135,7368077720649258815557330141/16000000000000000000000000000000,3684038860324629407778665097/8000000000000000000000000000000
136,7140824210990778795502371007/16000000000000000000000000000000,357041210549538939775118553/800000000000000000000000000000
137,2768245126175727408970009809/6400000000000000000000000000000,13841225630878637044850049151/32000000000000000000000000000000
138,838402796622278819773654269/2000000000000000000000000000000,1341444474595646111637846841/3200000000000000000000000000000
139,6500438929564695831939191507/16000000000000000000000000000000,162510973239117395798479789/400000000000000000000000000000
140,12600110960725033633715487483/32000000000000000000000000000000,12600110960725033633715487589/32000000000000000000000000000000
141,6105871723131008177056514631/16000000000000000000000000000000,1526467930782752044264128671/4000000000000000000000000000000
142,11835387644275935077781891507/32000000000000000000000000000000,11835387644275935077781891613/32000000000000000000000000000000
143,2867667091005008443270492971/8000000000000000000000000000000,1147066836402003377308197199/3200000000000000000000000000000
144,5558611230975201631921592983/16000000000000000000000000000000,1389652807743800407980398259/4000000000000000000000000000000
145,10774698425981883280618051081/32000000000000000000000000000000,10774698425981883280618051187/32000000000000000000000000000000
146,10442755976571079640746951033/32000000000000000000000000000000,10442755976571079640746951139/32000000000000000000000000000000
147,126513321046843418021264703/400000000000000000000000000000,5060532841873736720850588173/16000000000000000000000000000000
148,4904654299636497648292684793/16000000000000000000000000000000,2452327149818248824146342423/8000000000000000000000000000000
149,1188396987895638575832780353/4000000000000000000000000000000,950717590316510860666224293/3200000000000000000000000000000
150,1842873712773759346239033537/6400000000000000000000000000000,9214368563868796731195167791/32000000000000000000000000000000
151,2232649252852312249814351433/8000000000000000000000000000000,4465298505704624499628702919/16000000000000000000000000000000
152,4327790411449913282661526731/16000000000000000000000000000000,16905431294726223760396589/62500000000000000000000000000
153,8389048419819368234934320733/32000000000000000000000000000000,8389048419819368234934320839/32000000000000000000000000000000
154,8130736776509348659013610687/32000000000000000000000000000000,8130736776509348659013610793/32000000000000000000000000000000
155,985048892421885273748491193/4000000000000000000000000000000,157607822787501643799758593/640000000000000000000000000000
156,7637764756306308270537992383/32000000000000000000000000000000,7637764756306308270537992489/32000000000000000000000000000000
157,7402618615861311129037114309/32000000000000000000000000000000,1480523723172262225807422883/6400000000000000000000000000000
158,1793680298946352956463919089/8000000000000000000000000000000,3587360597892705912927838231/16000000000000000000000000000000
159,6953848220459401425738887573/32000000000000000000000000000000,6953848220459401425738887679/32000000000000000000000000000000
160,6739782426896421916330297849/32000000000000000000000000000000,1347956485379284383266059591/6400000000000000000000000000000
161,3266156669463547017313168387/16000000000000000000000000000000,81653916736588675432829211/400000000000000000000000000000
162,6331237049232473163412048707/32000000000000000000000000000000,6331237049232473163412048813/32000000000000000000000000000000
163,6136356008902808995869669433/32000000000000000000000000000000,6136356008902808995869669539/32000000000000000000000000000000
164,5947478824217204166817649319/32000000000000000000000000000000,237899152968688166672705977/1280000000000000000000000000000
165,1441105015088803558848624669/8000000000000000000000000000000,2882210030177607117697249391/16000000000000000000000000000000
166,5587000051766300150721065451/32000000000000000000000000000000,5587000051766300150721065557/32000000000000000000000000000000
167,5415044718936920447664927307/32000000000000000000000000000000,5415044718936920447664927413/32000000000000000000000000000000
168,5248385391308012359185552749/32000000000000000000000000000000,1049677078261602471837110571/6400000000000000000000000000000
169,508685863610773054475992587/3200000000000000000000000000000,635857329513466318094990747/4000000000000000000000000000000
170,246515304643782742838504421/1600000000000000000000000000000,2465153046437827428385044263/16000000000000000000000000000000
171,955714862693060911619379543/6400000000000000000000000000000,4778574313465304558096897821/32000000000000000000000000000000
172,2315757303660880319123891089/16000000000000000000000000000000,1157878651830440159561945571/8000000000000000000000000000000
173,4488982891840550686555715411/32000000000000000000000000000000,4488982891840550686555715517/32000000000000000000000000000000
174,4350839547622738271199278093/32000000000000000000000000000000,4350839547622738271199278199/32000000000000000000000000000000
175,843389855689884636396063327/6400000000000000000000000000000,4216949278449423181980316741/32000000000000000000000000000000
176,510897621975829867336797623/4000000000000000000000000000000,408718097580663893869438109/3200000000000000000000000000000
177,1980703793899482572358675959/16000000000000000000000000000000,495175948474870643089669003/4000000000000000000000000000000
178,3839505992297087140079221661/32000000000000000000000000000000,3839505992297087140079221767/32000000000000000000000000000000
179,930339218542765965509949613/8000000000000000000000000000000,1860678437085531931019899279/16000000000000000000000000000000
180,3606844606467234288344985489/32000000000000000000000000000000,721368921293446857668997119/6400000000000000000000000000000
181,699171427078505703504997729/6400000000000000000000000000000,3495857135392528517524988751/32000000000000000000000000000000
182,211767866810967161754346259/2000000000000000000000000000000,13553143475901898352278161/128000000000000000000000000000
183,82100639231960696107794371/800000000000000000000000000000,1642012784639213922155887473/16000000000000000000000000000000
184,795743562010128901565950789/8000000000000000000000000000000,1591487124020257803131901631/16000000000000000000000000000000
185,1542516532817752059765492839/16000000000000000000000000000000,385629133204438014941373223/4000000000000000000000000000000
186,747526558308318462646912223/8000000000000000000000000000000,1495053116616636925293824499/16000000000000000000000000000000
187,724525229514462112366004721/8000000000000000000000000000000,289810091805784844946401899/3200000000000000000000000000000
188,702231787909744057805835811/8000000000000000000000000000000,56178543032779524624466867/640000000000000000000000000000
189,680624435239530960840095503/8000000000000000000000000000000,1361248870479061921680191059/16000000000000000000000000000000
190,527745636478684380718973401/6400000000000000000000000000000,2638728182393421903594867111/32000000000000000000000000000000
191,2557536578371612912225817137/32000000000000000000000000000000,2557536578371612912225817243/32000000000000000000000000000000
192,2478843556638402928504185949/32000000000000000000000000000000,495768711327680585700837211/6400000000000000000000000000000
193,2402572192061819847276734917/32000000000000000000000000000000,2402572192061819847276735023/32000000000000000000000000000000
194,291080991360780176630551663/4000000000000000000000000000000,232864793088624141304441341/3200000000000000000000000000000
195,141062407334855219455253921/2000000000000000000000000000000,1128499258678841755642031421/16000000000000000000000000000000
196,1093776961321870668800782879/16000000000000000000000000000000,273444240330467667200195733/4000000000000000000000000000000
197,2120246275974259777402793411/32000000000000000000000000000000,2120246275974259777402793517/32000000000000000000000000000000
198,513752449482845311833972461/8000000000000000000000000000000,41100195958627624946717799/640000000000000000000000000000
199,124486295988755338257035023/2000000000000000000000000000000,995890367910042706056280237/16000000000000000000000000000000
200,1930497301052701233192362851/32000000000000000000000000000000,1930497301052701233192362957/32000000000000000000000000000000
201,187109960848314297925129613/3200000000000000000000000000000,467774902120785744812824059/8000000000000000000000000000000
202,113345601101800189167673449/2000000000000000000000000000000,181352961762880302668277529/3200000000000000000000000000000
203,1757731075720130068537933277/32000000000000000000000000000000,1757731075720130068537933383/32000000000000000000000000000000
204,1703649462519935997756690291/32000000000000000000000000000000,1703649462519935997756690397/32000000000000000000000000000000
205,1651231936856412222919612041/32000000000000000000000000000000,1651231936856412222919612147/32000000000000000000000000000000
206,320085456963140048714402241/6400000000000000000000000000000,1600427284815700243572011311/32000000000000000000000000000000
207,1551185869541655452629771923/32000000000000000000000000000000,387796467385413863157443007/8000000000000000000000000000000
208,60138383303686824899818249/1280000000000000000000000000000,150345958259217062249545633/3200000000000000000000000000000
209,291440359360617888952496997/6400000000000000000000000000000,145720179680308944476248509/3200000000000000000000000000000
210,1412367320612343719894953961/32000000000000000000000000000000,706183660306171859947477033/16000000000000000000000000000000
211,684456176899246524887045553/16000000000000000000000000000000,1368912353798493049774091211/32000000000000000000000000000000
212,10614355556714685836906259/256000000000000000000000000000,16584930557366696620166031/400000000000000000000000000000
213,1285972448097696375672268357/32000000000000000000000000000000,642986224048848187836134231/16000000000000000000000000000000
214,155800810755360241687577887/4000000000000000000000000000000,1246406486042881933500623201/32000000000000000000000000000000
215,120805790771763523286801107/3200000000000000000000000000000,48322316308705409314720447/1280000000000000000000000000000
216,117088925216170621660784733/3200000000000000000000000000000,234177850432341243321569487/6400000000000000000000000000000
217,1134864211504407287897190023/32000000000000000000000000000000,70929013219025455493574383/2000000000000000000000000000000
218,68746724714982669269751753/2000000000000000000000000000000,1099947595439722708316028153/32000000000000000000000000000000
219,1066105296798704356406464973/32000000000000000000000000000000,533052648399352178203232539/16000000000000000000000000000000
220,258326064546252263404086727/8000000000000000000000000000000,1033304258185009053616347013/32000000000000000000000000000000
221,1001512439640517628835458169/32000000000000000000000000000000,500756219820258814417729137/16000000000000000000000000000000
222,485349393654512197103571591/16000000000000000000000000000000,970698787309024394207143287/32000000000000000000000000000000
223,940833203066999141179856757/32000000000000000000000000000000,470416601533499570589928431/16000000000000000000000000000000
224,28496453596606358338224609/1000000000000000000000000000000,911886515091403466823187599/32000000000000000000000000000000
225,88383044933549047284994937/3200000000000000000000000000000,883830449335490472849949481/32000000000000000000000000000000
226,214159400471108212676844711/8000000000000000000000000000000,171327520376886570141475791/6400000000000000000000000000000
227,415140706081755113451119473/16000000000000000000000000000000,830281412163510226902239057/32000000000000000000000000000000
228,402368068486221746197238863/16000000000000000000000000000000,804736136972443492394477837/32000000000000000000000000000000
229,779976825320292728161572793/32000000000000000000000000000000,389988412660146364080786449/16000000000000000000000000000000
230,188994823509034317317494521/8000000000000000000000000000000,755979294036137269269978189/32000000000000000000000000000000
231,366360052065766190842438913/16000000000000000000000000000000,732720104131532381684877931/32000000000000000000000000000000
232,22193016809108996191021759/1000000000000000000000000000000,710176537891487878112696393/32000000000000000000000000000000
233,344163288335720325517624747/16000000000000000000000000000000,688326576671440651035249599/32000000000000000000000000000000
234,166787219844599098915916679/8000000000000000000000000000000,667148879378396395663666821/32000000000000000000000000000000
235,25864910464603861639350711/1280000000000000000000000000000,16165569040377413524594197/800000000000000000000000000000
236,313364087733362689337057471/16000000000000000000000000000000,626728175466725378674115047/32000000000000000000000000000000
237,151861422477577580398978683/8000000000000000000000000000000,607445689910310321595914837/32000000000000000000000000000000
238,588756471827585850384854839/32000000000000000000000000000000,18398639744612057824526717/1000000000000000000000000000000
239,570642267602689704988715709/32000000000000000000000000000000,285321133801344852494357907/16000000000000000000000000000000
240,553085385286638907730274833/32000000000000000000000000000000,276542692643319453865137469/16000000000000000000000000000000
241,268034338655546950126544803/16000000000000000000000000000000,536068677311093900253089711/32000000000000000000000000000000
242,129893880933615512264442003/8000000000000000000000000000000,519575523734462049057768117/32000000000000000000000000000000
243,100717963200783522169353817/6400000000000000000000000000000,50358981600391761084676919/3200000000000000000000000000000
244,488095941217424515291802789/32000000000000000000000000000000,244047970608712257645901447/16000000000000000000000000000000
245,473078766870341563992830261/32000000000000000000000000000000,236539383435170781996415183/16000000000000000000000000000000
246,229261813035833692641446061/16000000000000000000000000000000,458523626071667385282892227/32000000000000000000000000000000
247,222208151607722615555560739/16000000000000000000000000000000,444416303215445231111121583/32000000000000000000000000000000
248,215371510046647971150837623/16000000000000000000000000000000,430743020093295942301675351/32000000000000000000000000000000
249,16699616897379264498272353/1280000000000000000000000000000,41749042243448161245680893/3200000000000000000000000000000
250,40464556686032310243589803/3200000000000000000000000000000,80929113372064620487179627/6400000000000000000000000000000
251,12256122132506313580050263/1000000000000000000000000000000,392195908240202034561608521/32000000000000000000000000000000
252,380129287436772651082806231/32000000000000000000000000000000,5939520116199572673168849/500000000000000000000000000000
253,184216959714195681467159993/16000000000000000000000000000000,368433919428391362934320091/32000000000000000000000000000000
254,178549190898571168207581431/16000000000000000000000000000000,357098381797142336415162967/32000000000000000000000000000000
255,346111603571196447528359609/32000000000000000000000000000000,173055801785598223764179857/16000000000000000000000000000000
256,41932856801323592990188683/4000000000000000000000000000000,335462854410588743921509569/32000000000000000000000000000000
257,162570867062918273872691573/16000000000000000000000000000000,325141734125836547745383251/32000000000000000000000000000000
258,315138162519146852471677207/32000000000000000000000000000000,2462016894680834784934979/250000000000000000000000000000
259,305442369538278044458422761/32000000000000000000000000000000,152721184769139022229211433/16000000000000000000000000000000
260,148022442866713768225573357/16000000000000000000000000000000,296044885733427536451146819/32000000000000000000000000000000
261,57387306601562789050942047/6400000000000000000000000000000,14346826650390697262735517/1600000000000000000000000000000
262,139054207826455139631048109/16000000000000000000000000000000,278108415652910279262096323/32000000000000000000000000000000
263,134775955829781756639758023/16000000000000000000000000000000,269551911659563513279516151/32000000000000000000000000000000
264,261258664296506198539634897/32000000000000000000000000000000,130629332148253099269817501/16000000000000000000000000000000
265,50644114789605531237723909/6400000000000000000000000000000,5064411478960553123772393/640000000000000000000000000000
266,30678723775353261910472957/4000000000000000000000000000000,245429790202826095283783761/32000000000000000000000000000000
267,118939352093154467675351897/16000000000000000000000000000000,237878704186308935350703899/32000000000000000000000000000000
268,115279970564423472257463839/16000000000000000000000000000000,230559941128846944514927783/32000000000000000000000000000000
269,22346635316271876491449717/3200000000000000000000000000000,8938654126508750596579891/1280000000000000000000000000000
270,54147753085176554409999729/8000000000000000000000000000000,216591012340706217639999021/32000000000000000000000000000000
271,209927203869517682581950549/32000000000000000000000000000000,104963601934758841290975327/16000000000000000000000000000000
272,25433552443928381238371377/4000000000000000000000000000000,203468419551427049906971121/32000000000000000000000000000000
273,98604175713859724083428857/16000000000000000000000000000000,197208351427719448166857819/32000000000000000000000000000000
274,191140885617732371351557111/32000000000000000000000000000000,5973152675554136604736163/1000000000000000000000000000000
275,46315024086868037296703713/8000000000000000000000000000000,185260096347472149186814963/32000000000000000000000000000000
276,89780120080985560550270031/16000000000000000000000000000000,179560240161971121100540173/32000000000000000000000000000000
277,43508937578932641997192653/8000000000000000000000000000000,174035750315730567988770723/32000000000000000000000000000000
278,84340615667884302426170793/16000000000000000000000000000000,168681231335768604852341697/32000000000000000000000000000000
279,2043643171899512669884299/400000000000000000000000000000,163491453751961013590744031/32000000000000000000000000000000
280,31692269797905313069866963/6400000000000000000000000000000,79230674494763282674667463/16000000000000000000000000000000
281,153586004418666907194889371/32000000000000000000000000000000,76793002209333453597444741/16000000000000000000000000000000
282,74430329278262362422486153/16000000000000000000000000000000,148860658556524724844972417/32000000000000000000000000000000
283,36070174104193198273645427/8000000000000000000000000000000,144280696416772793094581819/32000000000000000000000000000000
284,69920822501145417558910699/16000000000000000000000000000000,139841645002290835117821509/32000000000000000000000000000000
285,67769584468263486514440971/16000000000000000000000000000000,135539168936526973028882047/32000000000000000000000000000000
286,65684533114638051288422613/16000000000000000000000000000000,131369066229276102576845331/32000000000000000000000000000000
287,6366363208636944896660633/1600000000000000000000000000000,25465452834547779586642553/6400000000000000000000000000000
288,123409815363852477357322209/32000000000000000000000000000000,61704907681926238678661157/16000000000000000000000000000000
289,11961289384900716221153233/3200000000000000000000000000000,23922578769801432442306487/6400000000000000000000000000000
290,57966395693691680781782967/16000000000000000000000000000000,115932791387383361563566039/32000000000000000000000000000000
291,28091478457314632475100717/8000000000000000000000000000000,112365913829258529900402973/32000000000000000000000000000000
292,108908777605746490073884011/32000000000000000000000000000000,27227194401436622518471029/8000000000000000000000000000000
293,105558006326540297750890743/32000000000000000000000000000000,3298687697704384304715339/1000000000000000000000000000000
294,51155163741167677085949963/16000000000000000000000000000000,102310327482335354171900031/32000000000000000000000000000000
295,49581284624355877216955309/16000000000000000000000000000000,99162569248711754433910723/32000000000000000000000000000000
296,96111657388353989096866397/32000000000000000000000000000000,48055828694176994548433251/16000000000000000000000000000000
297,46577306124291097422263437/16000000000000000000000000000000,93154612248582194844526979/32000000000000000000000000000000
298,1410758528925972958988133/500000000000000000000000000000,90288545851262269375240617/32000000000000000000000000000000
299,43755329536126208950135091/16000000000000000000000000000000,87510659072252417900270287/32000000000000000000000000000000
300,84818238907631172005078589/32000000000000000000000000000000,42409119453815586002539347/16000000000000000000000000000000
301,513804098900229386635831/200000000000000000000000000000,16441731164807340372346613/6400000000000000000000000000000
302,79679361190529412895231023/32000000000000000000000000000000,9959920148816176611903891/4000000000000000000000000000000
303,77227884789469458460517079/32000000000000000000000000000000,1206685699835460288445581/500000000000000000000000000000
304,74851832403977988848614259/32000000000000000000000000000000,18712958100994497212153591/8000000000000000000000000000000
305,36274441739812884783375483/16000000000000000000000000000000,72548883479625769566751071/32000000000000000000000000000000
306,70316788858065311549744239/32000000000000000000000000000000,8789598607258163943718043/4000000000000000000000000000000
307,34076684290196466858138883/16000000000000000000000000000000,68153368580392933716277871/32000000000000000000000000000000
308,66056509758095292849602237/32000000000000000000000000000000,33028254879047646424801171/16000000000000000000000000000000
309,64024164509500933798880627/32000000000000000000000000000000,16006041127375233449720183/8000000000000000000000000000000
310,62054347959721399048075223/32000000000000000000000000000000,969599186870646860126177/500000000000000000000000000000
311,60145136302128453373004769/32000000000000000000000000000000,30072568151064226686502437/16000000000000000000000000000000
312,58294664919474087260954059/32000000000000000000000000000000,14573666229868521815238541/8000000000000000000000000000000
313,28250563281409110392935599/16000000000000000000000000000000,56501126562818220785871303/32000000000000000000000000000000
314,27381384793242747343324409/16000000000000000000000000000000,54762769586485494686648923/32000000000000000000000000000000
315,13269474059331815674871701/8000000000000000000000000000000,53077896237327262699486909/32000000000000000000000000000000
316,3215303812288621391121429/2000000000000000000000000000000,51444860996617942257942969/32000000000000000000000000000000
317,12465517243241572838923437/8000000000000000000000000000000,12465517243241572838923463/8000000000000000000000000000000
318,6040996793084000990965751/4000000000000000000000000000000,1510249198271000247741441/1000000000000000000000000000000
319,2927567428125396453526479/2000000000000000000000000000000,5855134856250792907052971/4000000000000000000000000000000
320,1815997212957689194355077/1280000000000000000000000000000,45399930323942229858877029/32000000000000000000000000000000
321,44003121279904792814511901/32000000000000000000000000000000,8800624255980958562902401/6400000000000000000000000000000
322,21324643767578542945713269/16000000000000000000000000000000,42649287535157085891426643/32000000000000000000000000000000
323,41337106878478513102593811/32000000000000000000000000000000,10334276719619628275648479/8000000000000000000000000000000
324,10016324444708676030496391/8000000000000000000000000000000,40065297778834704121985669/32000000000000000000000000000000
325,19416309066888824342440967/16000000000000000000000000000000,38832618133777648684882039/32000000000000000000000000000000
326,1505514562254147992463983/1280000000000000000000000000000,117618325176105311911249/100000000000000000000000000000
327,18239934349667333174845693/16000000000000000000000000000000,36479868699334666349691491/32000000000000000000000000000000
328,35357501115623668678317571/32000000000000000000000000000000,8839375278905917169579419/8000000000000000000000000000000
329,8567416288430690769972573/8000000000000000000000000000000,34269665153722763079890397/32000000000000000000000000000000
330,33215298387183584781076031/32000000000000000000000000000000,4151912298397948097634517/4000000000000000000000000000000
331,32193371076995450457384463/32000000000000000000000000000000,4024171384624431307173071/4000000000000000000000000000000
332,15601442582948765256015141/16000000000000000000000000000000,31202885165897530512030387/32000000000000000000000000000000
333,6048574660726576222207241/6400000000000000000000000000000,3024287330363288111103631/3200000000000000000000000000000
334,7328099475548086561331507/8000000000000000000000000000000,29312397902192346245326133/32000000000000000000000000000000
335,28410550220125630521527627/32000000000000000000000000000000,7102637555031407630381933/8000000000000000000000000000000
336,13768224737512616285999599/16000000000000000000000000000000,27536449475025232571999303/32000000000000000000000000000000
337,13344620991658222327905243/16000000000000000000000000000000,26689241983316444655810591/32000000000000000000000000000000
338,12934050163256646538395049/16000000000000000000000000000000,25868100326513293076790203/32000000000000000000000000000000
339,25072222543126142525478943/32000000000000000000000000000000,3134027817890767815684881/4000000000000000000000000000000
340,24300831345431740610058233/32000000000000000000000000000000,12150415672715870305029169/16000000000000000000000000000000
341,5888293340085190287719153/8000000000000000000000000000000,23553173360340761150876717/32000000000000000000000000000000
342,22828518393621439994544769/32000000000000000000000000000000,11414259196810719997272437/16000000000000000000000000000000
343,11063079358380354073501949/16000000000000000000000000000000,22126158716760708147004003/32000000000000000000000000000000
344,4289081675153267242630701/6400000000000000000000000000000,2144540837576633621315361/3200000000000000000000000000000
345,20785602521235033060335119/32000000000000000000000000000000,2598200315154379132541903/4000000000000000000000000000000
346,2014609675903221122627181/3200000000000000000000000000000,4029219351806442245254383/6400000000000000000000000000000
347,4881566630237315539191427/8000000000000000000000000000000,19526266520949262156765813/32000000000000000000000000000000
348,9462753227361847773976439/16000000000000000000000000000000,18925506454723695547952983/32000000000000000000000000000000
349,2292903729103300992552809/4000000000000000000000000000000,1146451864551650496276411/2000000000000000000000000000000
350,17778867979438674739698301/32000000000000000000000000000000,3555773595887734947939681/6400000000000000000000000000000
351,8615934857529612461324489/16000000000000000000000000000000,17231869715059224922649083/32000000000000000000000000000000
352,521928150568718005767357/1000000000000000000000000000000,16701700818198976184555529/32000000000000000000000000000000
353,323756870072753940100601/640000000000000000000000000000,3237568700727539401006031/6400000000000000000000000000000
354,15689795916733037363391491/32000000000000000000000000000000,3922448979183259340847899/8000000000000000000000000000000
355,950441977705502963403741/2000000000000000000000000000000,15207071643288047414459961/32000000000000000000000000000000
356,14739199234498498656870603/32000000000000000000000000000000,3684799808624624664217677/8000000000000000000000000000000
357,1428572174651604982950837/3200000000000000000000000000000,571428869860641993180339/1280000000000000000000000000000
358,13846196294177574342420519/32000000000000000000000000000000,865387268386098396401289/2000000000000000000000000000000
359,1342019361846480142881243/3200000000000000000000000000000,2684038723692960285762507/6400000000000000000000000000000
360,13007297667271832907654013/32000000000000000000000000000000,6503648833635916453827059/16000000000000000000000000000000
361,12607105189071094569416323/32000000000000000000000000000000,3151776297267773642354107/8000000000000000000000000000000
362,3054806334770219608715963/8000000000000000000000000000000,12219225339080878434863957/32000000000000000000000000000000
363,11843279297549841792387421/32000000000000000000000000000000,5921639648774920896193763/16000000000000000000000000000000
364,11478899899785662918215929/32000000000000000000000000000000,286972497494641572955401/800000000000000000000000000000
365,11125731277566523284189949/32000000000000000000000000000000,556286563878326164209503/1600000000000000000000000000000
366,2695857127896300765541321/8000000000000000000000000000000,10783428511585203062165389/32000000000000000000000000000000
367,10451657294586351700385463/32000000000000000000000000000000,326614290455823490637049/1000000000000000000000000000000
368,2026018720973587759813863/6400000000000000000000000000000,506504680243396939953471/1600000000000000000000000000000
369,4909211694914006324970747/16000000000000000000000000000000,9818423389828012649941599/32000000000000000000000000000000
370,4758171129623852256790621/16000000000000000000000000000000,9516342259247704513581347/32000000000000000000000000000000
371,4611777594005462785589969/16000000000000000000000000000000,9223555188010925571180043/32000000000000000000000000000000
372,4469888113985209895328159/16000000000000000000000000000000,8939776227970419790656423/32000000000000000000000000000000
373,541545514292423043275009/2000000000000000000000000000000,8664728228678768692400249/32000000000000000000000000000000
374,8398142566711601911560321/32000000000000000000000000000000,4199071283355800955780213/16000000000000000000000000000000
375,2034939720829664746921003/8000000000000000000000000000000,8139758883318658987684117/32000000000000000000000000000000
376,3944662415073240582196741/16000000000000000000000000000000,7889324830146481164393587/32000000000000000000000000000000
377,7646595822784395095231101/32000000000000000000000000000000,3823297911392197547615603/16000000000000000000000000000000
378,1852833700473272731492917/8000000000000000000000000000000,7411334801893090925971773/32000000000000000000000000000000
379,224478500052578210027103/1000000000000000000000000000000,7183312001682502720867401/32000000000000000000000000000000
380,6962304725512876853124067/32000000000000000000000000000000,1740576181378219213281043/8000000000000000000000000000000
381,3374048564199935399273133/16000000000000000000000000000000,6748097128399870798546371/32000000000000000000000000000000
382,817560000776408443771293/4000000000000000000000000000000,6540480006211267550170449/32000000000000000000000000000000
383,3169625295674713098120721/16000000000000000000000000000000,6339250591349426196241547/32000000000000000000000000000000
384,3072106177359961728418579/16000000000000000000000000000000,6144212354719923456837263/32000000000000000000000000000000
385,744396851724122542775997/4000000000000000000000000000000,5955174813792980342208081/32000000000000000000000000000000
386,721494168321277321816521/4000000000000000000000000000000,5771953346570218574532273/32000000000000000000000000000000
387,5594369011275058815840639/32000000000000000000000000000000,699296126409382351980093/4000000000000000000000000000000
388,2711124185795331350555837/16000000000000000000000000000000,5422248371590662701111779/32000000000000000000000000000000
389,5255423327274738646417817/32000000000000000000000000000000,2627711663637369323208961/16000000000000000000000000000000
390,1273432737496445669751107/8000000000000000000000000000000,5093730949985782679004533/32000000000000000000000000000000
391,4937013324160415247962999/32000000000000000000000000000000,154281666380012976498847/1000000000000000000000000000000
392,191404695711456323664319/1280000000000000000000000000000,59813967409830101145101/400000000000000000000000000000
393,4637894807920776578707101/32000000000000000000000000000000,2318947403960388289353603/16000000000000000000000000000000
394,4495201785806947175052389/32000000000000000000000000000000,2247600892903473587526247/16000000000000000000000000000000
395,2178449483224750670257683/16000000000000000000000000000000,4356898966449501340515471/32000000000000000000000000000000
396,2111425638754675310739389/16000000000000000000000000000000,4222851277509350621478883/32000000000000000000000000000000
397,255807987649151076323661/2000000000000000000000000000000,4092927802386417221178681/32000000000000000000000000000000
398,3967001652360984027011949/32000000000000000000000000000000,1983500826180492013506027/16000000000000000000000000000000
399,3844949842668841943463053/32000000000000000000000000000000,1922474921334420971731579/16000000000000000000000000000000
400,931663293097301073318409/8000000000000000000000000000000,3726653172389204293273741/32000000000000000000000000000000
401,902999027007020440008941/8000000000000000000000000000000,3611996108028081760035869/32000000000000000000000000000000
402,70017333413668409785201/640000000000000000000000000000,700173334136684097852031/6400000000000000000000000000000
403,106036135208806377094809/1000000000000000000000000000000,3393156326681804067033993/32000000000000000000000000000000
404,1644379940789955286019839/16000000000000000000000000000000,3288759881579910572039783/32000000000000000000000000000000
405,637515075485440411849773/6400000000000000000000000000000,318757537742720205924897/3200000000000000000000000000000
406,3089503993189508891461877/32000000000000000000000000000000,1544751996594754445730991/16000000000000000000000000000000
407,2994449948236258398699331/32000000000000000000000000000000,748612487059064599674859/8000000000000000000000000000000
408,2902320408797089430233863/32000000000000000000000000000000,181395025549818089389623/2000000000000000000000000000000
409,2813025397296494391989821/32000000000000000000000000000000,1406512698648247195994963/16000000000000000000000000000000
410,2726477704477941165428041/32000000000000000000000000000000,1363238852238970582714073/16000000000000000000000000000000
411,660648201057912907008001/8000000000000000000000000000000,2642592804231651628032109/32000000000000000000000000000000
412,10005034261886148440689/125000000000000000000000000000,2561288771042854000816489/32000000000000000000000000000000
413,2482486199979885513724469/32000000000000000000000000000000,1241243099989942756862287/16000000000000000000000000000000
414,481221625828800480971977/6400000000000000000000000000000,240610812914400240485999/3200000000000000000000000000000
415,36438749445393101200007/500000000000000000000000000000,291509995563144809600069/4000000000000000000000000000000
416,2260329407050343670823379/32000000000000000000000000000000,2260329407050343670823483/32000000000000000000000000000000
417,2190786382173332663543643/32000000000000000000000000000000,2190786382173332663543747/32000000000000000000000000000000
418,1061691485618441273011963/16000000000000000000000000000000,212338297123688254602403/3200000000000000000000000000000
419,1029026672620270175391527/16000000000000000000000000000000,1029026672620270175391579/16000000000000000000000000000000
420,398946740105855523891953/6400000000000000000000000000000,1994733700529277619459869/32000000000000000000000000000000
421,966681098240081180788381/16000000000000000000000000000000,966681098240081180788433/16000000000000000000000000000000
422,1873878895106210589500851/32000000000000000000000000000000,374775779021242117900191/6400000000000000000000000000000
423,181622570251843201302179/3200000000000000000000000000000,908112851259216006510947/16000000000000000000000000000000
424,1760346312188899267640563/32000000000000000000000000000000,1760346312188899267640667/32000000000000000000000000000000
425,106636634372464312879401/2000000000000000000000000000000,1706186149959429006070521/32000000000000000000000000000000
426,1653692320742168020482303/32000000000000000000000000000000,206711540092771002560301/4000000000000000000000000000000
427,64112542274401197947571/1280000000000000000000000000000,80140677843001497434469/1600000000000000000000000000000
428,1553500167976529664552129/32000000000000000000000000000000,776750083988264832276117/16000000000000000000000000000000
429,376425998141528681385331/8000000000000000000000000000000,1505703992566114725541429/32000000000000000000000000000000
430,1459378350877597764623503/32000000000000000000000000000000,182422293859699720577951/4000000000000000000000000000000
431,707238999672375969414169/16000000000000000000000000000000,1414477999344751938828443/32000000000000000000000000000000
432,1370959086399544907157481/32000000000000000000000000000000,685479543199772453578793/16000000000000000000000000000000
433,1328779109644856686270459/32000000000000000000000000000000,332194777411214171567641/8000000000000000000000000000000
434,1287896874344854461501723/32000000000000000000000000000000,1287896874344854461501827/32000000000000000000000000000000
435,1248272453192484309944953/32000000000000000000000000000000,1248272453192484309945057/32000000000000000000000000000000
436,1209867147314787078407147/32000000000000000000000000000000,1209867147314787078407251/32000000000000000000000000000000
437,93811475878236365611/2560000000000000000000000000,293160862119488642534401/8000000000000000000000000000000
438,113656500245521391104967/3200000000000000000000000000000,568282501227606955524887/16000000000000000000000000000000
439,44063862940870545321133/1280000000000000000000000000000,1101596573521763633028429/32000000000000000000000000000000
440,106770401004208573798283/3200000000000000000000000000000,533852005021042868991467/16000000000000000000000000000000
441,517427105558012433299083/16000000000000000000000000000000,103485421111602486659827/3200000000000000000000000000000
442,501507547125529866088379/16000000000000000000000000000000,501507547125529866088431/16000000000000000000000000000000
443,972155564029194202448413/32000000000000000000000000000000,972155564029194202448517/32000000000000000000000000000000
444,942245481737866799562397/32000000000000000000000000000000,942245481737866799562501/32000000000000000000000000000000
445,913255635935218889363171/32000000000000000000000000000000,36530225437408755574531/1280000000000000000000000000000
446,221289428480243591249943/8000000000000000000000000000000,221289428480243591249969/8000000000000000000000000000000
447,857924274085068088146817/32000000000000000000000000000000,857924274085068088146921/32000000000000000000000000000000
448,831528719107017597422509/32000000000000000000000000000000,831528719107017597422613/32000000000000000000000000000000
449,805945269979863465198319/32000000000000000000000000000000,805945269979863465198423/32000000000000000000000000000000
450,781148940833308992370883/32000000000000000000000000000000,781148940833308992370987/32000000000000000000000000000000
451,757115514531470462306967/32000000000000000000000000000000,757115514531470462307071/32000000000000000000000000000000
452,733821519021405692377437/32000000000000000000000000000000,733821519021405692377541/32000000000000000000000000000000
453,88905525551165232889071/4000000000000000000000000000000,22226381387791308222271/1000000000000000000000000000000
454,689361520742074287153409/32000000000000000000000000000000,689361520742074287153513/32000000000000000000000000000000
455,668152096472256596924503/32000000000000000000000000000000,668152096472256596924607/32000000000000000000000000000000
456,647595217585850454039429/32000000000000000000000000000000,647595217585850454039533/32000000000000000000000000000000
457,627670807372049966902323/32000000000000000000000000000000,627670807372049966902427/32000000000000000000000000000000
458,76044925851937897219313/4000000000000000000000000000000,38022462925968948609663/2000000000000000000000000000000
459,73705269448977607382649/4000000000000000000000000000000,36852634724488803691331/2000000000000000000000000000000
460,285750386823896017659319/16000000000000000000000000000000,285750386823896017659371/16000000000000000000000000000000
461,553917543348316695501287/32000000000000000000000000000000,553917543348316695501391/32000000000000000000000000000000
462,268437646086309820586159/16000000000000000000000000000000,268437646086309820586211/16000000000000000000000000000000
463,130089343985711466575227/8000000000000000000000000000000,130089343985711466575253/8000000000000000000000000000000
464,504347662568657810986339/32000000000000000000000000000000,504347662568657810986443/32000000000000000000000000000000
465,97766103258391756076781/6400000000000000000000000000000,488830516291958780384009/32000000000000000000000000000000
466,473790782416355264338553/32000000000000000000000000000000,473790782416355264338657/32000000000000000000000000000000
467,459213772506444309594189/32000000000000000000000000000000,459213772506444309594293/32000000000000000000000000000000
468,445085250042470947318151/32000000000000000000000000000000,89017050008494189463651/6400000000000000000000000000000
469,431391416516345412194477/32000000000000000000000000000000,431391416516345412194581/32000000000000000000000000000000
470,209059448977720469920863/16000000000000000000000000000000,41811889795544093984183/3200000000000000000000000000000
471,50656841482626339722901/4000000000000000000000000000000,25328420741313169861457/2000000000000000000000000000000
472,392786354548467499669551/32000000000000000000000000000000,78557270909693499933931/6400000000000000000000000000000
473,190350794438580934200673/16000000000000000000000000000000,7614031777543237368029/640000000000000000000000000000
474,368988632357675534531881/32000000000000000000000000000000,73797726471535106906397/6400000000000000000000000000000
475,357636045625014753361859/32000000000000000000000000000000,357636045625014753361963/32000000000000000000000000000000
476,346632741266446297554719/32000000000000000000000000000000,346632741266446297554823/32000000000000000000000000000000
477,41995996624133097613613/4000000000000000000000000000000,20997998312066548806813/2000000000000000000000000000000
478,162815662572257915695441/16000000000000000000000000000000,162815662572257915695493/16000000000000000000000000000000
479,315612702516624985520881/32000000000000000000000000000000,63122540503324997104197/6400000000000000000000000000000
480,305902320501997539486269/32000000000000000000000000000000,305902320501997539486373/32000000000000000000000000000000
481,9265334235436257904129/1000000000000000000000000000000,37061336941745031616529/4000000000000000000000000000000
482,287368635824512057765917/32000000000000000000000000000000,287368635824512057766021/32000000000000000000000000000000
483,6963180809680951646239/800000000000000000000000000000,4351988006050594778901/500000000000000000000000000000
484,269957850336419476572409/32000000000000000000000000000000,269957850336419476572513/32000000000000000000000000000000
485,261652120453841729808567/32000000000000000000000000000000,261652120453841729808671/32000000000000000000000000000000
486,126800965507532347553041/16000000000000000000000000000000,253601931015064695106187/32000000000000000000000000000000
487,122899709933586044735877/16000000000000000000000000000000,245799419867172089471859/32000000000000000000000000000000
488,238236966750262921286623/32000000000000000000000000000000,29779620843782865160841/4000000000000000000000000000000
489,9236287434207432263263/1280000000000000000000000000000,2886339823189822582271/400000000000000000000000000000
490,223802918610247728608623/32000000000000000000000000000000,27975364826280966076091/4000000000000000000000000000000
491,108458613344926218848267/16000000000000000000000000000000,216917226689852437696639/32000000000000000000000000000000
492,105121692619120217091091/16000000000000000000000000000000,210243385238240434182287/32000000000000000000000000000000
493,50943719075428138611093/8000000000000000000000000000000,203774876301712554444477/32000000000000000000000000000000
494,49376345615730698476337/8000000000000000000000000000000,197505382462922793905459/32000000000000000000000000000000
495,47857195167755837541033/8000000000000000000000000000000,191428780671023350164243/32000000000000000000000000000000
496,92769568130818073462711/16000000000000000000000000000000,185539136261636146925527/32000000000000000000000000000000
497,35966139432162098379437/6400000000000000000000000000000,17983069716081049189729/3200000000000000000000000000000
498,43574472066826552602931/8000000000000000000000000000000,174297888267306210411829/32000000000000000000000000000000
499,33787061201543151333997/6400000000000000000000000000000,16893530600771575667009/3200000000000000000000000000000
500,81868856529553803154873/16000000000000000000000000000000,163737713059107606309851/32000000000000000000000000000000
501,9918752077127302644597/2000000000000000000000000000000,158700033234036842313657/32000000000000000000000000000000
502,76908673261463710444469/16000000000000000000000000000000,153817346522927420889043/32000000000000000000000000000000
503,37271221072246074935493/8000000000000000000000000000000,149084884288984299742077/32000000000000000000000000000000
504,18062253076367822278937/4000000000000000000000000000000,144498024610942578231601/32000000000000000000000000000000
505,70026143884552591361409/16000000000000000000000000000000,140052287769105182722923/32000000000000000000000000000000
506,67871665935130286033821/16000000000000000000000000000000,135743331870260572067747/32000000000000000000000000000000
507,32891737151801893548563/8000000000000000000000000000000,131566948607207574194357/32000000000000000000000000000000
508,63759529574372963883301/16000000000000000000000000000000,127519059148745927766707/32000000000000000000000000000000
509,12359571015611852115487/3200000000000000000000000000000,4943828406244740846199/1280000000000000000000000000000
510,59896534961007409497823/16000000000000000000000000000000,119793069922014818995751/32000000000000000000000000000000
511,14513428078545583127543/4000000000000000000000000000000,116107424628364665020449/32000000000000000000000000000000
512,112535174719267665498221/32000000000000000000000000000000,56267587359633832749163/16000000000000000000000000000000
513,109072831385515803881357/32000000000000000000000000000000,109072831385515803881461/32000000000000000000000000000000
514,105717013157275923872749/32000000000000000000000000000000,105717013157275923872853/32000000000000000000000000000000
515,10246444260160435160631/3200000000000000000000000000000,51232221300802175803207/16000000000000000000000000000000
516,12413992890196038886883/4000000000000000000000000000000,775874555637252430431/250000000000000000000000000000
517,19251287170769604112611/6400000000000000000000000000000,96256435853848020563159/32000000000000000000000000000000
518,46647468330894768821717/16000000000000000000000000000000,46647468330894768821769/16000000000000000000000000000000
519,90424553220971642632921/32000000000000000000000000000000,45212276610485821316513/16000000000000000000000000000000
520,87642482194440402086009/32000000000000000000000000000000,43821241097220201043057/16000000000000000000000000000000
521,42473003247426314126253/16000000000000000000000000000000,84946006494852628252611/32000000000000000000000000000000
522,16466498526170865747601/6400000000000000000000000000000,8233249263085432873811/3200000000000000000000000000000
523,79799388135102508193929/32000000000000000000000000000000,39899694067551254097017/16000000000000000000000000000000
524,9668027383927302521077/4000000000000000000000000000000,77344219071418420168721/32000000000000000000000000000000
525,37482293809318825173283/16000000000000000000000000000000,74964587618637650346671/32000000000000000000000000000000
526,72658169728797317748063/32000000000000000000000000000000,9082271216099664718521/4000000000000000000000000000000
527,35211356428686640605497/16000000000000000000000000000000,70422712857373281211099/32000000000000000000000000000000
528,17064008440837651384079/8000000000000000000000000000000,68256033763350605536421/32000000000000000000000000000000
529,33078008188489371885599/16000000000000000000000000000000,66156016376978743771303/32000000000000000000000000000000
530,16030152433282248959709/8000000000000000000000000000000,64120609733128995838941/32000000000000000000000000000000
531,3884239123014742103791/2000000000000000000000000000000,62147825968235873660761/32000000000000000000000000000000
532,30117869189433050814363/16000000000000000000000000000000,60235738378866101628831/32000000000000000000000000000000
533,7297809942502396177711/4000000000000000000000000000000,58382479540019169421793/32000000000000000000000000000000
534,56586239481321690498853/32000000000000000000000000000000,28293119740660845249479/16000000000000000000000000000000
535,54845263919334361127787/32000000000000000000000000000000,13711315979833590281973/8000000000000000000000000000000
536,26578926272122558360921/16000000000000000000000000000000,53157852544245116721947/32000000000000000000000000000000
537,51522357359275198107227/32000000000000000000000000000000,12880589339818799526833/8000000000000000000000000000000
538,6242147633897040247457/4000000000000000000000000000000,49937181071176321979761/32000000000000000000000000000000
539,24200387765123523763819/16000000000000000000000000000000,48400775530247047527743/32000000000000000000000000000000
540,23455820109172396862487/16000000000000000000000000000000,46911640218344793725079/32000000000000000000000000000000
541,4546832078341683636213/3200000000000000000000000000000,9093664156683367272447/6400000000000000000000000000000
542,2754337976194940392153/2000000000000000000000000000000,44069407619119046274553/32000000000000000000000000000000
543,8542706897627032961149/6400000000000000000000000000000,854270689762703296117/640000000000000000000000000000
544,5174922148481511540613/4000000000000000000000000000000,41399377187852092325009/32000000000000000000000000000000
545,20062826128544016136683/16000000000000000000000000000000,40125652257088032273471/32000000000000000000000000000000
546,7778223144522085432643/6400000000000000000000000000000,972277893065260679083/800000000000000000000000000000
547,9423640471054870831683/8000000000000000000000000000000,37694561884219483326837/32000000000000000000000000000000
548,36534822137210745990991/32000000000000000000000000000000,4566852767151343248887/4000000000000000000000000000000
549,7082152766213338440121/6400000000000000000000000000000,3541076383106669220071/3200000000000000000000000000000
550,17160644581631345945661/16000000000000000000000000000000,34321289163262691891427/32000000000000000000000000000000
551,33265334107106981583119/32000000000000000000000000000000,4158166763388372697903/4000000000000000000000000000000
552,16120933686283767103289/16000000000000000000000000000000,32241867372567534206683/32000000000000000000000000000000
553,6249977879814184992787/6400000000000000000000000000000,781247234976773124101/800000000000000000000000000000
554,6057686275857903663891/6400000000000000000000000000000,757210784482237957989/800000000000000000000000000000
555,1834784644560222856807/2000000000000000000000000000000,29356554312963565709017/32000000000000000000000000000000
556,2845334808983413691263/3200000000000000000000000000000,5690669617966827382547/6400000000000000000000000000000
557,13788965300395619449237/16000000000000000000000000000000,27577930600791238898579/32000000000000000000000000000000
558,3341180859546129009719/4000000000000000000000000000000,26729446876369032077857/32000000000000000000000000000000
559,1619191765734172640009/2000000000000000000000000000000,25907068251746762240249/32000000000000000000000000000000
560,12554995778719956514143/16000000000000000000000000000000,25109991557439913028391/32000000000000000000000000000000
561,2433743833489117396047/3200000000000000000000000000000,973497533395646958423/1280000000000000000000000000000
562,23588654076195137214871/32000000000000000000000000000000,46071589992568627373/62500000000000000000000000000
563,4572581497442841280253/6400000000000000000000000000000,2286290748721420640137/3200000000000000000000000000000
564,22159489773366045385731/32000000000000000000000000000000,5539872443341511346459/8000000000000000000000000000000
565,4295542789477007442289/6400000000000000000000000000000,429554278947700744231/640000000000000000000000000000
566,10408457079190841949669/16000000000000000000000000000000,20816914158381683899443/32000000000000000000000000000000
567,20176445041544678375409/32000000000000000000000000000000,10088222520772339187757/16000000000000000000000000000000
568,9777840543925270135799/16000000000000000000000000000000,19555681087850540271703/32000000000000000000000000000000
569,18954016033165247573813/32000000000000000000000000000000,9477008016582623786959/16000000000000000000000000000000
570,18370862266141235127849/32000000000000000000000000000000,9185431133070617563977/16000000000000000000000000000000
571,3561130050866297471633/6400000000000000000000000000000,1780565025433148735827/3200000000000000000000000000000
572,2157228498495030516663/4000000000000000000000000000000,17257827987960244133409/32000000000000000000000000000000
573,4181715110201770725343/8000000000000000000000000000000,16726860440807082901477/32000000000000000000000000000000
574,16212229047677853860551/32000000000000000000000000000000,1013264315479865866291/2000000000000000000000000000000
575,31426862395904288693/64000000000000000000000000000,3142686239590428869321/6400000000000000000000000000000
576,15229979744712649631853/32000000000000000000000000000000,7614989872356324815979/16000000000000000000000000000000
577,1476140252897704527677/3200000000000000000000000000000,23618244046363272443/51200000000000000000000000000
578,14307241918567705906531/32000000000000000000000000000000,3576810479641926476659/8000000000000000000000000000000
579,1733381795146113903419/4000000000000000000000000000000,13867054361168911227457/32000000000000000000000000000000
580,6720204975567518093611/16000000000000000000000000000000,13440409951135036187327/32000000000000000000000000000000
581,13026892009626651976831/32000000000000000000000000000000,1628361501203331497117/4000000000000000000000000000000
582,6313048338832240581429/16000000000000000000000000000000,12626096677664481162963/32000000000000000000000000000000
583,12237632521703766364463/32000000000000000000000000000000,1529704065212970795571/4000000000000000000000000000000
584,11861120151343839845223/32000000000000000000000000000000,741320009458989990333/2000000000000000000000000000000
585,57480959243997665697/160000000000000000000000000000,2299238369759906627901/6400000000000000000000000000000
586,11142491209772552938029/32000000000000000000000000000000,5571245604886276469067/16000000000000000000000000000000
587,2699918198843020786489/8000000000000000000000000000000,10799672795372083146061/32000000000000000000000000000000
588,5233700897372332079519/16000000000000000000000000000000,10467401794744664159143/32000000000000000000000000000000
589,1014535369808385954027/3200000000000000000000000000000,81162829584670876323/256000000000000000000000000000
590,2458303494925089402457/8000000000000000000000000000000,9833213979700357609933/32000000000000000000000000000000
591,4765338895421490453453/16000000000000000000000000000000,9530677790842980907011/32000000000000000000000000000000
592,9237449661970599627247/32000000000000000000000000000000,1154681207746324953419/4000000000000000000000000000000
593,8953243214184175289759/32000000000000000000000000000000,1119155401773021911233/4000000000000000000000000000000
594,8677780879537107053269/32000000000000000000000000000000,4338890439768553526687/16000000000000000000000000000000
595,4205396814975362013771/16000000000000000000000000000000,8410793629950724027647/32000000000000000000000000000000
596,8152020714470171069487/32000000000000000000000000000000,1019002589308771383699/4000000000000000000000000000000
597,1975302351151020283443/8000000000000000000000000000000,7901209404604081133877/32000000000000000000000000000000
598,7658114747499322212413/32000000000000000000000000000000,3829057373749661106259/16000000000000000000000000000000
599,1484499865341951792117/6400000000000000000000000000000,742249932670975896069/3200000000000000000000000000000
600,1438826606065077147889/6400000000000000000000000000000,143882660606507714791/640000000000000000000000000000
601,11156468521976602007/51200000000000000000000000000,87159910327942203181/400000000000000000000000000000
602,3379131272152781124759/16000000000000000000000000000000,6758262544305562249623/32000000000000000000000000000000
603,6550332665257606641087/32000000000000000000000000000000,818791583157200830149/4000000000000000000000000000000
604,396800007252730101753/2000000000000000000000000000000,6348800116043681628153/32000000000000000000000000000000
605,3076734035758403050783/16000000000000000000000000000000,6153468071516806101671/32000000000000000000000000000000
606,1192829152440629055957/6400000000000000000000000000000,596414576220314527989/3200000000000000000000000000000
607,1156129657597706985371/6400000000000000000000000000000,72258103599856686587/400000000000000000000000000000
608,350174777346079287203/2000000000000000000000000000000,700349554692158574419/4000000000000000000000000000000
609,678802064158348087369/4000000000000000000000000000000,339401032079174043691/2000000000000000000000000000000
610,5263340161707316350187/32000000000000000000000000000000,5263340161707316350291/32000000000000000000000000000000
611,5101404209080826072957/32000000000000000000000000000000,5101404209080826073061/32000000000000000000000000000000
612,988890100387728975883/6400000000000000000000000000000,4944450501938644879519/32000000000000000000000000000000
613,4792325752702175738047/32000000000000000000000000000000,4792325752702175738151/32000000000000000000000000000000
614,2322440694977905000617/16000000000000000000000000000000,2322440694977905000669/16000000000000000000000000000000
615,4501973413345846570267/32000000000000000000000000000000,4501973413345846570371/32000000000000000000000000000000
616,4363462252943701991699/32000000000000000000000000000000,4363462252943701991803/32000000000000000000000000000000
617,4229212632936059692629/32000000000000000000000000000000,4229212632936059692733/32000000000000000000000000000000
618,4099093439508832433029/32000000000000000000000000000000,4099093439508832433133/32000000000000000000000000000000
619,397297759279590790721/3200000000000000000000000000000,1986488796397953953657/16000000000000000000000000000000
620,1925370961383808632209/16000000000000000000000000000000,1925370961383808632261/16000000000000000000000000000000
621,186613352446885700859/1600000000000000000000000000000,933066762234428504321/8000000000000000000000000000000
622,1808718631885690061877/16000000000000000000000000000000,1808718631885690061929/16000000000000000000000000000000
623,701228083936078121873/6400000000000000000000000000000,3506140419680390609469/32000000000000000000000000000000
624,1699133909747535730277/16000000000000000000000000000000,1699133909747535730329/16000000000000000000000000000000
625,205857131894130069331/2000000000000000000000000000000,16468570551530405547/160000000000000000000000000000
626,159618859028616846729/1600000000000000000000000000000,798094295143084233671/8000000000000000000000000000000
627,3094158060394598063571/32000000000000000000000000000000,123766322415783922547/1280000000000000000000000000000
628,2998960824857307467217/32000000000000000000000000000000,2998960824857307467321/32000000000000000000000000000000
629,726673125086073234023/8000000000000000000000000000000,726673125086073234049/8000000000000000000000000000000
630,2817262973736830917527/32000000000000000000000000000000,2817262973736830917631/32000000000000000000000000000000
631,109223396176215689271/1280000000000000000000000000000,2730584904405392231879/32000000000000000000000000000000
632,330821704863639638983/4000000000000000000000000000000,82705426215909909749/1000000000000000000000000000000
633,2565147128319711493953/32000000000000000000000000000000,2565147128319711494057/32000000000000000000000000000000
634,248622584808901960493/3200000000000000000000000000000,1243112924044509802517/16000000000000000000000000000000
635,602433180095503038759/8000000000000000000000000000000,120486636019100607757/1600000000000000000000000000000
636,72987282462479289741/1000000000000000000000000000000,291949129849917158977/4000000000000000000000000000000
637,1131867197707957529033/16000000000000000000000000000000,226373439541591505817/3200000000000000000000000000000
638,2194086610064318604843/32000000000000000000000000000000,2194086610064318604947/32000000000000000000000000000000
639,2126581661793876637423/32000000000000000000000000000000,2126581661793876637527/32000000000000000000000000000000
640,2061153622438557880457/32000000000000000000000000000000,2061153622438557880561/32000000000000000000000000000000
641,1997738592228756747511/32000000000000000000000000000000,399547718445751349523/6400000000000000000000000000000
642,1936274637384096122869/32000000000000000000000000000000,1936274637384096122973/32000000000000000000000000000000
643,469175432406574436781/8000000000000000000000000000000,469175432406574436807/8000000000000000000000000000000
644,909480843776522968433/16000000000000000000000000000000,181896168755304593697/3200000000000000000000000000000
645,1762998119815587892789/32000000000000000000000000000000,1762998119815587892893/32000000000000000000000000000000
646,1708756370044575455693/32000000000000000000000000000000,1708756370044575455797/32000000000000000000000000000000
647,1656183463470360575507/32000000000000000000000000000000,1656183463470360575611/32000000000000000000000000000000
648,1605228055185611633419/32000000000000000000000000000000,1605228055185611633529/32000000000000000000000000000000
649,1555840379999721716373/32000000000000000000000000000000,1555840379999721716483/32000000000000000000000000000000
650,301594440767206910849/6400000000000000000000000000000,301594440767206910871/6400000000000000000000000000000
651,58463071064976824417/1280000000000000000000000000000,292315355324884122107/6400000000000000000000000000000
652,1416608786643196238231/32000000000000000000000000000000,1416608786643196238341/32000000000000000000000000000000
653,171628039533224288111/4000000000000000000000000000000,686512158132897152499/16000000000000000000000000000000
654,332695199767241656019/8000000000000000000000000000000,665390399534483312093/16000000000000000000000000000000
655,322459244565157066783/8000000000000000000000000000000,644918489130314133621/16000000000000000000000000000000
656,125015286638674264061/3200000000000000000000000000000,15626910829834283009/400000000000000000000000000000
657,605844853138947691451/16000000000000000000000000000000,302922426569473845753/8000000000000000000000000000000
658,587204966598707932339/16000000000000000000000000000000,293602483299353966197/8000000000000000000000000000000
659,569138569077039279867/16000000000000000000000000000000,284569284538519639961/8000000000000000000000000000000
660,551628016171776965241/16000000000000000000000000000000,34476751010736060331/1000000000000000000000000000000
661,1069312412683880856391/32000000000000000000000000000000,1069312412683880856501/32000000000000000000000000000000
662,1036413128411301101109/32000000000000000000000000000000,1036413128411301101219/32000000000000000000000000000000
663,62782878043989494253/2000000000000000000000000000000,502263024351915954079/16000000000000000000000000000000
664,7606406494538723019/250000000000000000000000000000,486810015650478273271/16000000000000000000000000000000
665,471832446044392740171/16000000000000000000000000000000,235916223022196370113/8000000000000000000000000000000
666,457315687810491876271/16000000000000000000000000000000,228657843905245938163/8000000000000000000000000000000
667,886491126546674083319/32000000000000000000000000000000,886491126546674083429/32000000000000000000000000000000
668,53701041369838185951/2000000000000000000000000000000,429608330958705487663/16000000000000000000000000000000
669,832781344346179652119/32000000000000000000000000000000,832781344346179652229/32000000000000000000000000000000
670,403579677996102892207/16000000000000000000000000000000,201789838998051446131/8000000000000000000000000000000
671,78232567334616847337/3200000000000000000000000000000,19558141833654211837/800000000000000000000000000000
672,379128021395595337679/16000000000000000000000000000000,189564010697797668867/8000000000000000000000000000000
673,367463478457869451671/16000000000000000000000000000000,183731739228934725863/8000000000000000000000000000000
674,142463126311059677833/6400000000000000000000000000000,712315631555298389269/32000000000000000000000000000000
675,345199991770200821469/16000000000000000000000000000000,345199991770200821521/16000000000000000000000000000000
676,669158609129278200197/32000000000000000000000000000000,669158609129278200301/32000000000000000000000000000000
677,648570763104061977231/32000000000000000000000000000000,129714152620812395467/6400000000000000000000000000000
678,628616338510140713297/32000000000000000000000000000000,628616338510140713401/32000000000000000000000000000000
679,609275847018860097859/32000000000000000000000000000000,609275847018860097963/32000000000000000000000000000000
680,295265199947201987751/16000000000000000000000000000000,295265199947201987803/16000000000000000000000000000000
681,286180844773131042371/16000000000000000000000000000000,286180844773131042423/16000000000000000000000000000000
682,554751971649268696429/32000000000000000000000000000000,554751971649268696533/32000000000000000000000000000000
683,67210505976718728863/4000000000000000000000000000000,16802626494179682219/1000000000000000000000000000000
684,260570624394426996149/16000000000000000000000000000000,260570624394426996201/16000000000000000000000000000000
685,505107418182662087723/32000000000000000000000000000000,505107418182662087827/32000000000000000000000000000000
686,30597931042698556707/2000000000000000000000000000000,61195862085397113427/4000000000000000000000000000000
687,237252253382390860563/16000000000000000000000000000000,47450450676478172123/3200000000000000000000000000000
688,459905537865231678437/32000000000000000000000000000000,459905537865231678541/32000000000000000000000000000000
689,55719466502337654623/4000000000000000000000000000000,13929866625584413659/1000000000000000000000000000000
690,86408253986171250653/6400000000000000000000000000000,432041269930856253369/32000000000000000000000000000000
691,209374378741175532379/16000000000000000000000000000000,209374378741175532431/16000000000000000000000000000000
692,405865212647569312803/32000000000000000000000000000000,405865212647569312907/32000000000000000000000000000000
693,78675610563166559867/6400000000000000000000000000000,393378052815832799439/32000000000000000000000000000000
694,38127508250269573787/3200000000000000000000000000000,190637541251347868987/16000000000000000000000000000000
695,369544481439322732819/32000000000000000000000000000000,369544481439322732923/32000000000000000000000000000000
696,358174793028318073791/32000000000000000000000000000000,71634958605663614779/6400000000000000000000000000000
697,6943098263094636463/640000000000000000000000000000,173577456577365911627/16000000000000000000000000000000
698,168237039670657527851/16000000000000000000000000000000,168237039670657527903/16000000000000000000000000000000
699,81530465059358204407/8000000000000000000000000000000,81530465059358204433/8000000000000000000000000000000
700,3951101817892115447/400000000000000000000000000000,39511018178921154483/4000000000000000000000000000000
701,306363135576075046829/32000000000000000000000000000000,306363135576075046933/32000000000000000000000000000000
702,296937332818713937179/32000000000000000000000000000000,296937332818713937283/32000000000000000000000000000000
703,71950382881165196553/8000000000000000000000000000000,71950382881165196579/8000000000000000000000000000000
704,278946809286892480853/32000000000000000000000000000000,278946809286892480957/32000000000000000000000000000000
705,67591129552997673693/8000000000000000000000000000000,67591129552997673719/8000000000000000000000000000000
706,131023138237123088427/16000000000000000000000000000000,131023138237123088479/16000000000000000000000000000000
707,253983960129615932663/32000000000000000000000000000000,253983960129615932767/32000000000000000000000000000000
708,6154242379538461647/800000000000000000000000000000,3846401487211538531/500000000000000000000000000000
709,119297924945429110903/16000000000000000000000000000000,23859584989085822191/3200000000000000000000000000000
710,231255027322348782401/32000000000000000000000000000000,46251005464469756501/6400000000000000000000000000000
711,448280116241110869/64000000000000000000000000000,56035014530138858651/8000000000000000000000000000000
712,108621996753950847921/16000000000000000000000000000000,108621996753950847973/16000000000000000000000000000000
713,105280049249110727917/16000000000000000000000000000000,105280049249110727969/16000000000000000000000000000000
714,204081845319088781673/32000000000000000000000000000000,204081845319088781777/32000000000000000000000000000000
715,98901453518260680509/16000000000000000000000000000000,197802907036521361123/32000000000000000000000000000000
716,191717151375831198983/32000000000000000000000000000000,11982321960989449943/2000000000000000000000000000000
717,185818634732587752869/32000000000000000000000000000000,92909317366293876487/16000000000000000000000000000000
718,180101596367844359853/32000000000000000000000000000000,90050798183922179979/16000000000000000000000000000000
719,17456045278195877207/3200000000000000000000000000000,6982418111278350887/1280000000000000000000000000000
720,33837958452302607223/6400000000000000000000000000000,8459489613075651811/1600000000000000000000000000000
721,163984369594007009979/32000000000000000000000000000000,40996092398501752521/8000000000000000000000000000000
722,19867387618145458159/4000000000000000000000000000000,158939100945163665377/32000000000000000000000000000000
723,7702452944692156803/1600000000000000000000000000000,30809811778768627233/6400000000000000000000000000000
724,14930946761971640297/3200000000000000000000000000000,5972378704788656123/1280000000000000000000000000000
725,72357849119499346339/16000000000000000000000000000000,72357849119499346391/16000000000000000000000000000000
726,17532908035460909279/4000000000000000000000000000000,4383227008865227323/1000000000000000000000000000000
727,13594781731988848609/3200000000000000000000000000000,67973908659944243097/16000000000000000000000000000000
728,8235321418809666757/2000000000000000000000000000000,16470642837619333527/4000000000000000000000000000000
729,127711155451283333781/32000000000000000000000000000000,25542231090256666777/6400000000000000000000000000000
730,15472737034594816017/4000000000000000000000000000000,1547273703459481603/400000000000000000000000000000
731,119973527697938000993/32000000000000000000000000000000,119973527697938001097/32000000000000000000000000000000
732,116282330302209703731/32000000000000000000000000000000,23256466060441940767/6400000000000000000000000000000
733,28176174777814327089/8000000000000000000000000000000,5635234955562865423/1600000000000000000000000000000
734,54618570030143531601/16000000000000000000000000000000,54618570030143531653/16000000000000000000000000000000
735,105876266585577450421/32000000000000000000000000000000,4235050663423098021/1280000000000000000000000000000
736,4104751852680756121/1280000000000000000000000000000,102618796317018903129/32000000000000000000000000000000
737,9946154787241337693/3200000000000000000000000000000,49730773936206688517/16000000000000000000000000000000
738,96401437750402956407/32000000000000000000000000000000,96401437750402956511/32000000000000000000000000000000
739,18687095463798599319/6400000000000000000000000000000,93435477318992996699/32000000000000000000000000000000
740,5660048118545541773/2000000000000000000000000000000,11320096237091083559/4000000000000000000000000000000
741,1755490158473485201/640000000000000000000000000000,43887253961837130077/16000000000000000000000000000000
742,85073970219432295617/32000000000000000000000000000000,85073970219432295721/32000000000000000000000000000000
743,41228259662762267879/16000000000000000000000000000000,41228259662762267931/16000000000000000000000000000000
744,79919598929539319529/32000000000000000000000000000000,79919598929539319633/32000000000000000000000000000000
745,77460731368529560771/32000000000000000000000000000000,619685850948236487/256000000000000000000000000000
746,75077515209223112973/32000000000000000000000000000000,75077515209223113077/32000000000000000000000000000000
747,2273988215708819827/1000000000000000000000000000000,9095952862835279321/4000000000000000000000000000000
748,70528798511121595903/32000000000000000000000000000000,70528798511121596007/32000000000000000000000000000000
749,34179427752332372567/16000000000000000000000000000000,34179427752332372619/16000000000000000000000000000000
750,66255674625887249273/32000000000000000000000000000000,66255674625887249377/32000000000000000000000000000000
751,64217201820060937229/32000000000000000000000000000000,64217201820060937333/32000000000000000000000000000000
752,62241446229077832307/32000000000000000000000000000000,62241446229077832411/32000000000000000000000000000000
753,60326478247094556801/32000000000000000000000000000000,12065295649418911381/6400000000000000000000000000000
754,58470427635998269283/32000000000000000000000000000000,58470427635998269387/32000000000000000000000000000000
755,56671481698853619523/32000000000000000000000000000000,56671481698853619627/32000000000000000000000000000000
756,54927883509546832659/32000000000000000000000000000000,54927883509546832763/32000000000000000000000000000000
757,5323793019689791873/3200000000000000000000000000000,26618965098448959417/16000000000000000000000000000000
758,51599971281565199517/32000000000000000000000000000000,51599971281565199621/32000000000000000000000000000000
759,50012407064117903853/32000000000000000000000000000000,50012407064117903957/32000000000000000000000000000000
760,6059210882837819429/4000000000000000000000000000000,3029605441418909721/2000000000000000000000000000000
761,46982308498777312539/32000000000000000000000000000000,46982308498777312643/32000000000000000000000000000000
762,22768407414717682141/16000000000000000000000000000000,22768407414717682193/16000000000000000000000000000000
763,44135794324883988767/32000000000000000000000000000000,44135794324883988871/32000000000000000000000000000000
764,42777878689689979531/32000000000000000000000000000000,8555575737937995927/6400000000000000000000000000000
765,20730870863222445333/16000000000000000000000000000000,4146174172644489077/3200000000000000000000000000000
766,40186098040544979997/32000000000000000000000000000000,40186098040544980101/32000000000000000000000000000000
767,38949701784820884059/32000000000000000000000000000000,38949701784820884163/32000000000000000000000000000000
768,18875672721395488751/16000000000000000000000000000000,18875672721395488803/16000000000000000000000000000000
769,36589858649350091093/32000000000000000000000000000000,36589858649350091197/32000000000000000000000000000000
770,35464107047741823411/32000000000000000000000000000000,7092821409548364703/6400000000000000000000000000000
771,34372991181698117411/32000000000000000000000000000000,6874598236339623503/6400000000000000000000000000000
772,16657722710832059437/16000000000000000000000000000000,16657722710832059489/16000000000000000000000000000000
773,16145218462029811429/16000000000000000000000000000000,16145218462029811481/16000000000000000000000000000000
774,39121205778200849/40000000000000000000000000000,3912120577820084913/4000000000000000000000000000000
775,1516702912520810017/1600000000000000000000000000000,7583514562604050111/8000000000000000000000000000000
776,29400777392844724827/32000000000000000000000000000000,29400777392844724931/32000000000000000000000000000000
777,3562026321073233427/4000000000000000000000000000000,22262664506707709/25000000000000000000000000000
778,27619474339709460341/32000000000000000000000000000000,5523894867941892089/6400000000000000000000000000000
779,6692428112203247003/8000000000000000000000000000000,6692428112203247029/8000000000000000000000000000000
780,25946094982764665929/32000000000000000000000000000000,25946094982764666033/32000000000000000000000000000000
781,25147817562175440211/32000000000000000000000000000000,5029563512435088063/6400000000000000000000000000000
782,12187050277904156029/16000000000000000000000000000000,12187050277904156081/16000000000000000000000000000000
783,2362418831915774633/3200000000000000000000000000000,11812094159578873217/16000000000000000000000000000000
784,915893938258221157/1280000000000000000000000000000,22897348456455529029/32000000000000000000000000000000
785,2774108888172789613/4000000000000000000000000000000,1387054444086394813/2000000000000000000000000000000
786,21510068243786300629/32000000000000000000000000000000,21510068243786300733/32000000000000000000000000000000
787,20848273017731890271/32000000000000000000000000000000,166786184141855123/256000000000000000000000000000
788,20206839090222170821/32000000000000000000000000000000,808273563608886837/1280000000000000000000000000000
789,2448142501244882577/4000000000000000000000000000000,244814250124488259/400000000000000000000000000000
790,1186410537470292379/2000000000000000000000000000000,2372821074940584771/4000000000000000000000000000000
791,18398536362386388793/32000000000000000000000000000000,18398536362386388897/32000000000000000000000000000000
792,8916236454073194739/16000000000000000000000000000000,8916236454073194791/16000000000000000000000000000000
793,17283825395474502953/32000000000000000000000000000000,17283825395474503057/32000000000000000000000000000000
794,83760289960900647/160000000000000000000000000000,523501812255629047/1000000000000000000000000000000
795,4059162837974009303/8000000000000000000000000000000,4059162837974009329/8000000000000000000000000000000
796,15737102106862900959/32000000000000000000000000000000,15737102106862901063/32000000000000000000000000000000
797,3050584475263843709/6400000000000000000000000000000,15252922376319218649/32000000000000000000000000000000
798,14783639290016480511/32000000000000000000000000000000,2956727858003296123/6400000000000000000000000000000
799,7164397263197118201/16000000000000000000000000000000,7164397263197118253/16000000000000000000000000000000
800,13887943864964020579/32000000000000000000000000000000,13887943864964020683/32000000000000000000000000000000
801,3365164188116244207/8000000000000000000000000000000,3365164188116244233/8000000000000000000000000000000
802,1630814485295933893/4000000000000000000000000000000,815407242647966953/2000000000000000000000000000000
803,6322558393657009131/16000000000000000000000000000000,6322558393657009183/16000000000000000000000000000000
804,12256067444099482639/32000000000000000000000000000000,12256067444099482743/32000000000000000000000000000000
805,11878987890804760969/32000000000000000000000000000000,11878987890804761073/32000000000000000000000000000000
806,2878377463927505729/8000000000000000000000000000000,575675492785501151/1600000000000000000000000000000
807,5579638198812545579/16000000000000000000000000000000,5579638198812545631/16000000000000000000000000000000
808,2703985389321423073/8000000000000000000000000000000,2703985389321423099/8000000000000000000000000000000
809,655198126217194847/2000000000000000000000000000000,1310396252434389707/4000000000000000000000000000000
810,2032127357108261433/6400000000000000000000000000000,10160636785541307269/32000000000000000000000000000000
811,615501678499345299/2000000000000000000000000000000,1231003356998690611/4000000000000000000000000000000
812,9545034922840628687/32000000000000000000000000000000,9545034922840628791/32000000000000000000000000000000
813,1850273014290896781/6400000000000000000000000000000,9251365071454484009/32000000000000000000000000000000
814,8966730491527303519/32000000000000000000000000000000,8966730491527303623/32000000000000000000000000000000
815,543178324811291687/2000000000000000000000000000000,1086356649622583387/4000000000000000000000000000000
816,842346375446864739/3200000000000000000000000000000,4211731877234323747/16000000000000000000000000000000
817,8164301020237896169/32000000000000000000000000000000,8164301020237896273/32000000000000000000000000000000
818,3956555942541846013/16000000000000000000000000000000,791311188508369213/3200000000000000000000000000000
819,3834825513576433599/16000000000000000000000000000000,3834825513576433651/16000000000000000000000000000000
820,7433680672352188163/32000000000000000000000000000000,7433680672352188267/32000000000000000000000000000000
821,3602485181064097757/16000000000000000000000000000000,3602485181064097809/16000000000000000000000000000000
822,1745824182097926763/8000000000000000000000000000000,1745824182097926789/8000000000000000000000000000000
823,6768443275367165913/32000000000000000000000000000000,6768443275367166017/32000000000000000000000000000000
824,1640050042038444663/8000000000000000000000000000000,1640050042038444689/8000000000000000000000000000000
825,3179182013895971609/16000000000000000000000000000000,3179182013895971661/16000000000000000000000000000000
826,6162737732634820079/32000000000000000000000000000000,6162737732634820183/32000000000000000000000000000000
827,5973130225831057653/32000000000000000000000000000000,5973130225831057757/32000000000000000000000000000000
828,5789356328730651579/32000000000000000000000000000000,5789356328730651683/32000000000000000000000000000000
829,5611236560031702169/32000000000000000000000000000000,5611236560031702273/32000000000000000000000000000000
830,5438596960491441163/32000000000000000000000000000000,5438596960491441267/32000000000000000000000000000000
831,5271268923030333223/32000000000000000000000000000000,5271268923030333327/32000000000000000000000000000000
832,1021817805612664941/6400000000000000000000000000000,5109089028063324809/32000000000000000000000000000000
833,2475949441948708641/16000000000000000000000000000000,2475949441948708693/16000000000000000000000000000000
834,4799544972039692003/32000000000000000000000000000000,4799544972039692107/32000000000000000000000000000000
835,4651878497264705099/32000000000000000000000000000000,4651878497264705203/32000000000000000000000000000000
836,1127188810573706267/8000000000000000000000000000000,1127188810573706293/8000000000000000000000000000000
837,2185017713475792879/16000000000000000000000000000000,2185017713475792931/16000000000000000000000000000000
838,2117791785820248369/16000000000000000000000000000000,2117791785820248421/16000000000000000000000000000000
839,2052634182517992253/16000000000000000000000000000000,410526836503598461/3200000000000000000000000000000
840,3978962535837240079/32000000000000000000000000000000,3978962535837240183/32000000000000000000000000000000
841,771308545693944871/6400000000000000000000000000000,3856542728469724459/32000000000000000000000000000000
842,233618086413183507/2000000000000000000000000000000,467236172826367027/4000000000000000000000000000000
843,3622886616422782457/32000000000000000000000000000000,3622886616422782561/32000000000000000000000000000000
844,3511422113376511551/32000000000000000000000000000000,702284422675302331/6400000000000000000000000000000
845,850846753139919023/8000000000000000000000000000000,850846753139919049/8000000000000000000000000000000
846,1649337901178998369/16000000000000000000000000000000,1649337901178998421/16000000000000000000000000000000
847,31971862174082907/320000000000000000000000000000,799296554352072701/8000000000000000000000000000000
848,1549409569360912713/16000000000000000000000000000000,309881913872182553/3200000000000000000000000000000
849,3003478496880553641/32000000000000000000000000000000,600695699376110749/6400000000000000000000000000000
850,727767794552921781/8000000000000000000000000000000,727767794552921807/8000000000000000000000000000000
851,22572055470791803/256000000000000000000000000000,2821506933848975479/32000000000000000000000000000000
852,13673491457959373/160000000000000000000000000000,170918643224492169/2000000000000000000000000000000
853,2650560470476524973/32000000000000000000000000000000,2650560470476525077/32000000000000000000000000000000
854,1284505648987551307/16000000000000000000000000000000,1284505648987551359/16000000000000000000000000000000
855,1244985564871339843/16000000000000000000000000000000,248997112974267979/3200000000000000000000000000000
856,2413362771833214031/32000000000000000000000000000000,482672554366642827/6400000000000000000000000000000
857,2339111405308701217/32000000000000000000000000000000,2339111405308701321/32000000000000000000000000000000
858,2267144513167859123/32000000000000000000000000000000,2267144513167859227/32000000000000000000000000000000
859,1098695904761490277/16000000000000000000000000000000,1098695904761490329/16000000000000000000000000000000
860,2129785170955785023/32000000000000000000000000000000,2129785170955785127/32000000000000000000000000000000
861,41285171399704579/640000000000000000000000000000,1032129284992614527/16000000000000000000000000000000
862,100037400529114807/1600000000000000000000000000000,500187002645574061/8000000000000000000000000000000
863,387838293133757917/6400000000000000000000000000000,1939191465668789689/32000000000000000000000000000000
864,23494110206738541/400000000000000000000000000000,234941102067385423/4000000000000000000000000000000
865,1821701794145670803/32000000000000000000000000000000,1821701794145670907/32000000000000000000000000000000
866,55176685068473989/1000000000000000000000000000000,220706740273895969/4000000000000000000000000000000
867,855665230985594291/16000000000000000000000000000000,855665230985594343/16000000000000000000000000000000
868,1658678358914231261/32000000000000000000000000000000,331735671782846273/6400000000000000000000000000000
869,1607646190766354713/32000000000000000000000000000000,1607646190766354817/32000000000000000000000000000000
870,311636823474009533/6400000000000000000000000000000,1558184117370047769/32000000000000000000000000000000
871,302048766397647731/6400000000000000000000000000000,1510243831988238759/32000000000000000000000000000000
872,1463778514125908913/32000000000000000000000000000000,1463778514125909017/32000000000000000000000000000000
873,1418742783803231611/32000000000000000000000000000000,283748556760646343/6400000000000000000000000000000
874,687546328617789361/16000000000000000000000000000000,687546328617789413/16000000000000000000000000000000
875,1332785503877110713/32000000000000000000000000000000,1332785503877110817/32000000000000000000000000000000
876,645890002392998021/16000000000000000000000000000000,645890002392998073/16000000000000000000000000000000
877,626018056135299091/16000000000000000000000000000000,626018056135299143/16000000000000000000000000000000
878,1213515010777218951/32000000000000000000000000000000,242703002155443811/6400000000000000000000000000000
879,1176179078981199471/32000000000000000000000000000000,47047163159247983/1280000000000000000000000000000
880,1139991853044355331/32000000000000000000000000000000,227998370608871087/6400000000000000000000000000000
881,220983598200572327/6400000000000000000000000000000,1104917991002861739/32000000000000000000000000000000
882,1070923238250807631/32000000000000000000000000000000,214184647650161547/6400000000000000000000000000000
883,1037974394085710729/32000000000000000000000000000000,1037974394085710833/32000000000000000000000000000000
884,503019639641658421/16000000000000000000000000000000,503019639641658473/16000000000000000000000000000000
885,975086704670019241/32000000000000000000000000000000,195017340934003869/6400000000000000000000000000000
886,14766975635346913/500000000000000000000000000000,118135805082775317/4000000000000000000000000000000
887,916009187742761897/32000000000000000000000000000000,916009187742762001/32000000000000000000000000000000
888,887826547845965829/32000000000000000000000000000000,887826547845965933/32000000000000000000000000000000
889,215127749155678029/8000000000000000000000000000000,43025549831135611/1600000000000000000000000000000
890,417017928279546831/16000000000000000000000000000000,417017928279546883/16000000000000000000000000000000
891,404187635461009253/16000000000000000000000000000000,80837527092201861/3200000000000000000000000000000
892,391752089253219467/16000000000000000000000000000000,391752089253219519/16000000000000000000000000000000
893,189849572289881669/8000000000000000000000000000000,37969914457976339/1600000000000000000000000000000
894,368017030028945031/16000000000000000000000000000000,368017030028945083/16000000000000000000000000000000
895,4458679204466653/200000000000000000000000000000,89173584089333073/4000000000000000000000000000000
896,138288002138804057/6400000000000000000000000000000,691440010694020389/32000000000000000000000000000000
897,335083319005661611/16000000000000000000000000000000,335083319005661663/16000000000000000000000000000000
898,324773889098926023/16000000000000000000000000000000,12990955563957043/640000000000000000000000000000
899,62956329400962707/3200000000000000000000000000000,314781647004813587/16000000000000000000000000000000
900,610193667760532421/32000000000000000000000000000000,24407746710421301/1280000000000000000000000000000
901,295709991130262259/16000000000000000000000000000000,295709991130262311/16000000000000000000000000000000
902,573223902340310217/32000000000000000000000000000000,573223902340310321/32000000000000000000000000000000
903,555587656944450853/32000000000000000000000000000000,555587656944450957/32000000000000000000000000000000
904,10769880435508071/640000000000000000000000000000,269247010887701827/16000000000000000000000000000000
905,130481575617887311/8000000000000000000000000000000,130481575617887337/8000000000000000000000000000000
906,126467079575694593/8000000000000000000000000000000,126467079575694619/8000000000000000000000000000000
907,122576096591927663/8000000000000000000000000000000,122576096591927689/8000000000000000000000000000000
908,475219306277115301/32000000000000000000000000000000,95043861255423081/6400000000000000000000000000000
909,460598345308572867/32000000000000000000000000000000,460598345308572971/32000000000000000000000000000000
910,446427224017880103/32000000000000000000000000000000,446427224017880207/32000000000000000000000000000000
911,108173025573286343/8000000000000000000000000000000,108173025573286369/8000000000000000000000000000000
912,419379565837954427/32000000000000000000000000000000,419379565837954531/32000000000000000000000000000000
913,406476613070405463/32000000000000000000000000000000,406476613070405567/32000000000000000000000000000000
914,78794128485043697/6400000000000000000000000000000,393970642425218589/32000000000000000000000000000000
915,381849440046517699/32000000000000000000000000000000,381849440046517803/32000000000000000000000000000000
916,18505058392963359/1600000000000000000000000000000,92525291964816821/8000000000000000000000000000000
917,179357176003854943/16000000000000000000000000000000,35871435200770999/3200000000000000000000000000000
918,43459733956189813/4000000000000000000000000000000,21729866978094913/2000000000000000000000000000000
919,33698094809471403/3200000000000000000000000000000,168490474047357067/16000000000000000000000000000000
920,326613134278744697/32000000000000000000000000000000,326613134278744801/32000000000000000000000000000000
921,316564304559444213/32000000000000000000000000000000,316564304559444317/32000000000000000000000000000000
922,19176540301744037/2000000000000000000000000000000,38353080603488087/4000000000000000000000000000000
923,74346160730901361/8000000000000000000000000000000,74346160730901387/8000000000000000000000000000000
924,144117539672219367/16000000000000000000000000000000,144117539672219419/16000000000000000000000000000000
925,69841754560639007/8000000000000000000000000000000,69841754560639033/8000000000000000000000000000000
926,270771798697244401/32000000000000000000000000000000,54154359739448901/6400000000000000000000000000000
927,262441026256307721/32000000000000000000000000000000,10497641050252313/1280000000000000000000000000000
928,10174662589507691/1280000000000000000000000000000,254366564737692379/32000000000000000000000000000000
929,246540528283349853/32000000000000000000000000000000,246540528283349957/32000000000000000000000000000000
930,238955273657577767/32000000000000000000000000000000,238955273657577871/32000000000000000000000000000000
931,115801696391157019/16000000000000000000000000000000,115801696391157071/16000000000000000000000000000000
932,112238852751048699/16000000000000000000000000000000,112238852751048751/16000000000000000000000000000000
933,217571252571626081/32000000000000000000000000000000,43514250514325237/6400000000000000000000000000000
934,210877288859066741/32000000000000000000000000000000,42175457771813369/6400000000000000000000000000000
935,25548659594809447/4000000000000000000000000000000,1277432979740473/200000000000000000000000000000
936,198100879804897941/32000000000000000000000000000000,39620175960979609/6400000000000000000000000000000
937,96002978242955351/16000000000000000000000000000000,96002978242955403/16000000000000000000000000000000
938,93049277121781703/16000000000000000000000000000000,18609855424356351/3200000000000000000000000000000
939,22546612957607541/4000000000000000000000000000000,11273306478803777/2000000000000000000000000000000
940,8741170641355283/1600000000000000000000000000000,43705853206776441/8000000000000000000000000000000
941,169444661876608799/32000000000000000000000000000000,169444661876608903/32000000000000000000000000000000
942,164231397695416017/32000000000000000000000000000000,164231397695416121/32000000000000000000000000000000
943,159178528790898867/32000000000000000000000000000000,159178528790898971/32000000000000000000000000000000
944,4821285009974649/1000000000000000000000000000000,19285140039898609/4000000000000000000000000000000
945,7476719463280067/1600000000000000000000000000000,37383597316400361/8000000000000000000000000000000
946,144933699773343493/32000000000000000000000000000000,144933699773343597/32000000000000000000000000000000
947,14047455861594109/3200000000000000000000000000000,70237279307970597/16000000000000000000000000000000
948,136152610808965371/32000000000000000000000000000000,5446104432358619/1280000000000000000000000000000
949,131963635356772353/32000000000000000000000000000000,131963635356772457/32000000000000000000000000000000
950,31975885282525327/8000000000000000000000000000000,31975885282525353/8000000000000000000000000000000
951,619841814352531/160000000000000000000000000000,1937005669851661/500000000000000000000000000000
952,120154257317717843/32000000000000000000000000000000,120154257317717947/32000000000000000000000000000000
953,116457499456154599/32000000000000000000000000000000,116457499456154703/32000000000000000000000000000000
954,112874478876915803/32000000000000000000000000000000,112874478876915907/32000000000000000000000000000000
955,109401696251704881/32000000000000000000000000000000,21880339250340997/6400000000000000000000000000000
956,2120715198304769/640000000000000000000000000000,53017879957619277/16000000000000000000000000000000
957,20554676510560727/6400000000000000000000000000000,102773382552803739/32000000000000000000000000000000
958,19922275597945707/6400000000000000000000000000000,99611377989728639/32000000000000000000000000000000
959,96546658079630297/32000000000000000000000000000000,96546658079630401/32000000000000000000000000000000
960,93576229688401731/32000000000000000000000000000000,18715245937680367/6400000000000000000000000000000
961,18139438354198181/6400000000000000000000000000000,90697191770991009/32000000000000000000000000000000
962,21976683134529693/8000000000000000000000000000000,21976683134529719/8000000000000000000000000000000
963,85202126710167737/32000000000000000000000000000000,85202126710167841/32000000000000000000000000000000
964,16516146571111837/6400000000000000000000000000000,82580732855559289/32000000000000000000000000000000
965,80039990811020527/32000000000000000000000000000000,80039990811020631/32000000000000000000000000000000
966,19394354795305571/8000000000000000000000000000000,19394354795305597/8000000000000000000000000000000
967,300762451661373/128000000000000000000000000000,37595306457671677/16000000000000000000000000000000
968,72877240958196909/32000000000000000000000000000000,72877240958197013/32000000000000000000000000000000
969,70635043973625091/32000000000000000000000000000000,14127008794725039/6400000000000000000000000000000
970,34230916068967721/16000000000000000000000000000000,34230916068967773/16000000000000000000000000000000
971,66355483001227691/32000000000000000000000000000000,13271096600245559/6400000000000000000000000000000
972,32156969707259991/16000000000000000000000000000000,32156969707260043/16000000000000000000000000000000
973,62335207520650833/32000000000000000000000000000000,62335207520650937/32000000000000000000000000000000
974,12083470961398907/6400000000000000000000000000000,60417354806994639/32000000000000000000000000000000
975,3659906763630513/2000000000000000000000000000000,7319813527261039/4000000000000000000000000000000
976,56756852326327209/32000000000000000000000000000000,56756852326327313/32000000000000000000000000000000
977,27505313779471167/16000000000000000000000000000000,27505313779471219/16000000000000000000000000000000
978,5331812847952719/3200000000000000000000000000000,26659064239763647/16000000000000000000000000000000
979,6459712765304677/4000000000000000000000000000000,645971276530469/400000000000000000000000000000
980,6260968297304381/4000000000000000000000000000000,3130484148652197/2000000000000000000000000000000
981,4854670843000139/3200000000000000000000000000000,9709341686000299/6400000000000000000000000000000
982,47053083234790247/32000000000000000000000000000000,2940817702174397/2000000000000000000000000000000
983,4560541205574039/3200000000000000000000000000000,9121082411148099/6400000000000000000000000000000
984,22101140518205857/16000000000000000000000000000000,44202281036411819/32000000000000000000000000000000
985,10710579955038423/8000000000000000000000000000000,42842319820153797/32000000000000000000000000000000
986,20762100105878773/16000000000000000000000000000000,41524200211757651/32000000000000000000000000000000
987,20123317440142529/16000000000000000000000000000000,40246634880285163/32000000000000000000000000000000
988,7801675220361427/6400000000000000000000000000000,975209402545181/800000000000000000000000000000
989,37808214540824251/32000000000000000000000000000000,9452053635206089/8000000000000000000000000000000
990,36644978069178633/32000000000000000000000000000000,18322489034589369/16000000000000000000000000000000
991,355175306213047/320000000000000000000000000000,7103506124260961/6400000000000000000000000000000
992,34424771084699749/32000000000000000000000000000000,17212385542349927/16000000000000000000000000000000
993,33365632224531261/32000000000000000000000000000000,16682816112265683/16000000000000000000000000000000
994,32339079641330569/32000000000000000000000000000000,16169539820665337/16000000000000000000000000000000
995,7836027690188729/8000000000000000000000000000000,31344110760755021/32000000000000000000000000000000
996,30379753854431269/32000000000000000000000000000000,15189876927215687/16000000000000000000000000000000
997,36806333863657/40000000000000000000000000000,5889013418185141/6400000000000000000000000000000
998,14269568807955387/16000000000000000000000000000000,28539137615910879/32000000000000000000000000000000
999,13830540330317349/16000000000000000000000000000000,27661080660634803/32000000000000000000000000000000
1000,837813708681813/1000000000000000000000000000000,26810038677818121/32000000000000000000000000000000
1001,12992590252068721/16000000000000000000000000000000,25985180504137547/32000000000000000000000000000000
1002,2518570054847677/3200000000000000000000000000000,40297120877563/51200000000000000000000000000
1003,6102704501288193/8000000000000000000000000000000,24410818005152877/32000000000000000000000000000000
1004,11829888045673799/16000000000000000000000000000000,23659776091347703/32000000000000000000000000000000
1005,11465920654001453/16000000000000000000000000000000,22931841308003011/32000000000000000000000000000000
1006,22226302723453893/32000000000000000000000000000000,11113151361726999/16000000000000000000000000000000
1007,2692808909887949/4000000000000000000000000000000,21542471279103697/32000000000000000000000000000000
1008,20879679116459319/32000000000000000000000000000000,652489972389357/1000000000000000000000000000000
1009,20237278924874039/32000000000000000000000000000000,632414966402317/1000000000000000000000000000000
1010,3922928661871123/6400000000000000000000000000000,490366082733893/800000000000000000000000000000
1011,4752791044456631/8000000000000000000000000000000,19011164177826629/32000000000000000000000000000000
1012,2303281518404451/4000000000000000000000000000000,18426252147235713/32000000000000000000000000000000
1013,2232416995992731/4000000000000000000000000000000,17859335967941953/32000000000000000000000000000000
1014,8654930982903993/16000000000000000000000000000000,17309861965808091/32000000000000000000000000000000
1015,16777293501459121/32000000000000000000000000000000,8388646750729613/16000000000000000000000000000000
1016,4065277611544543/8000000000000000000000000000000,16261110446178277/32000000000000000000000000000000
1017,246262635530099/500000000000000000000000000000,15760808673926441/32000000000000000000000000000000
1018,7637949784496221/16000000000000000000000000000000,15275899568992547/32000000000000000000000000000000
1019,2961181909758067/6400000000000000000000000000000,370147738719761/800000000000000000000000000000
1020,3587594900334561/8000000000000000000000000000000,14350379601338349/32000000000000000000000000000000
1021,2781772967393683/6400000000000000000000000000000,347721620924213/800000000000000000000000000000
1022,2696186810765837/6400000000000000000000000000000,1348093405382929/3200000000000000000000000000000
1023,6533084658377577/16000000000000000000000000000000,13066169316755259/32000000000000000000000000000000
1024,158302069363677/400000000000000000000000000000,2532833109818853/6400000000000000000000000000000
1025,6137265068546209/16000000000000000000000000000000,12274530137092523/32000000000000000000000000000000
1026,11896882546451447/32000000000000000000000000000000,371777579576611/1000000000000000000000000000000
1027,115308539506823/320000000000000000000000000000,2306170790136481/6400000000000000000000000000000
1028,1397010858861767/4000000000000000000000000000000,11176086870894241/32000000000000000000000000000000
1029,5416117413332663/16000000000000000000000000000000,10832234826665431/32000000000000000000000000000000
1030,5249480998828067/16000000000000000000000000000000,10498961997656239/32000000000000000000000000000000
1031,10175942895632473/32000000000000000000000000000000,5087971447816289/16000000000000000000000000000000
1032,2465715511645109/8000000000000000000000000000000,9862862046580541/32000000000000000000000000000000
1033,955941368260113/3200000000000000000000000000000,1911882736520247/6400000000000000000000000000000
1034,579081340205307/2000000000000000000000000000000,9265301443285017/32000000000000000000000000000000
1035,4490119043136687/16000000000000000000000000000000,8980238086273479/32000000000000000000000000000000
1036,2175986301681599/8000000000000000000000000000000,8703945206726501/32000000000000000000000000000000
1037,1054519120677537/4000000000000000000000000000000,8436152965420401/32000000000000000000000000000000
1038,1635319965042303/6400000000000000000000000000000,408829991260581/1600000000000000000000000000000
1039,3962516147804233/16000000000000000000000000000000,7925032295608571/32000000000000000000000000000000
1040,7681204685202079/32000000000000000000000000000000,960150585650273/4000000000000000000000000000000
1041,7444878861713259/32000000000000000000000000000000,1861219715428341/8000000000000000000000000000000
1042,901978002427863/4000000000000000000000000000000,7215824019423009/32000000000000000000000000000000
1043,1398763290751471/6400000000000000000000000000000,349690822687873/1600000000000000000000000000000
1044,1355727868561823/6400000000000000000000000000000,338931967140461/1600000000000000000000000000000
1045,6570082535579477/32000000000000000000000000000000,3285041267789791/16000000000000000000000000000000
1046,1591985586684059/8000000000000000000000000000000,6367942346736341/32000000000000000000000000000000
1047,6172021357686043/32000000000000000000000000000000,6172021357686147/32000000000000000000000000000000
1048,74776602797089/400000000000000000000000000000,747766027970903/4000000000000000000000000000000
1049,362379842960877/2000000000000000000000000000000,724759685921767/4000000000000000000000000000000
1050,5619689396832007/32000000000000000000000000000000,5619689396832111/32000000000000000000000000000000
1051,5446789730843901/32000000000000000000000000000000,1089357946168801/6400000000000000000000000000000
1052,5279209628338369/32000000000000000000000000000000,5279209628338473/32000000000000000000000000000000
1053,1023357084710611/6400000000000000000000000000000,5116785423553159/32000000000000000000000000000000
1054,4959358486191737/32000000000000000000000000000000,4959358486191841/32000000000000000000000000000000
1055,2403387533249661/16000000000000000000000000000000,2403387533249713/16000000000000000000000000000000
1056,4658886145103381/32000000000000000000000000000000,931777229020697/6400000000000000000000000000000
1057,564443410934447/4000000000000000000000000000000,28222170546723/200000000000000000000000000000
1058,2188309251435417/16000000000000000000000000000000,2188309251435469/16000000000000000000000000000000
1059,4241964107606513/32000000000000000000000000000000,4241964107606617/32000000000000000000000000000000
1060,4111452592548019/32000000000000000000000000000000,4111452592548123/32000000000000000000000000000000
1061,1992478247335733/16000000000000000000000000000000,398495649467157/3200000000000000000000000000000
1062,3862352272577939/32000000000000000000000000000000,3862352272578043/32000000000000000000000000000000
1063,3743520185837773/32000000000000000000000000000000,3743520185837877/32000000000000000000000000000000
1064,3628344178047029/32000000000000000000000000000000,3628344178047133/32000000000000000000000000000000
1065,3516711763481933/32000000000000000000000000000000,1758355881741019/16000000000000000000000000000000
1066,3408513917240601/32000000000000000000000000000000,1704256958620353/16000000000000000000000000000000
1067,3303644968764741/32000000000000000000000000000000,1651822484382423/16000000000000000000000000000000
1068,64040049972747/640000000000000000000000000000,640400499727491/6400000000000000000000000000000
1069,1551743619277807/16000000000000000000000000000000,3103487238555719/32000000000000000000000000000000
1070,601600594876263/6400000000000000000000000000000,150400148719071/1600000000000000000000000000000
1071,583091290434813/6400000000000000000000000000000,291545645217417/3200000000000000000000000000000
1072,565151457423119/6400000000000000000000000000000,28257572871157/320000000000000000000000000000
1073,2738817875236147/32000000000000000000000000000000,684704468809063/8000000000000000000000000000000
1074,1327276653928379/16000000000000000000000000000000,2654553307856863/32000000000000000000000000000000
1075,2572881288663883/32000000000000000000000000000000,643220322165997/8000000000000000000000000000000
1076,2493722053335359/32000000000000000000000000000000,311715256666933/4000000000000000000000000000000
1077,120849914581961/1600000000000000000000000000000,96679931665573/1280000000000000000000000000000
1078,2342635071929279/32000000000000000000000000000000,292829383991173/4000000000000000000000000000000
1079,1135279883981869/16000000000000000000000000000000,2270559767963843/32000000000000000000000000000000
1080,2200701987975351/32000000000000000000000000000000,68771937124233/1000000000000000000000000000000
1081,2132993505923869/32000000000000000000000000000000,1066496752961987/16000000000000000000000000000000
1082,516842048715907/8000000000000000000000000000000,2067368194863733/32000000000000000000000000000000
1083,1001880981180597/16000000000000000000000000000000,2003761962361299/32000000000000000000000000000000
1084,971056343950003/16000000000000000000000000000000,1942112687900111/32000000000000000000000000000000
1085,1882360162210869/32000000000000000000000000000000,941180081105487/16000000000000000000000000000000
1086,28506969194829/500000000000000000000000000000,1824446028469161/32000000000000000000000000000000
1087,1768313725300583/32000000000000000000000000000000,110519607831293/2000000000000000000000000000000
1088,1713908431541997/32000000000000000000000000000000,856954215771051/16000000000000000000000000000000
1089,1661177012699727/32000000000000000000000000000000,207647126587479/4000000000000000000000000000000
1090,1610067969056707/32000000000000000000000000000000,402516992264203/8000000000000000000000000000000
1091,156053138537559/3200000000000000000000000000000,312106277075139/6400000000000000000000000000000
1092,1512518882149433/32000000000000000000000000000000,756259441074769/16000000000000000000000000000000
1093,1465983568352239/32000000000000000000000000000000,183247946044043/4000000000000000000000000000000
1094,1420879995643213/32000000000000000000000000000000,710439997821659/16000000000000000000000000000000
1095,275432822796001/6400000000000000000000000000000,137716411398011/3200000000000000000000000000000
1096,333698307149397/8000000000000000000000000000000,1334793228597693/32000000000000000000000000000000
1097,646862979155381/16000000000000000000000000000000,1293725958310867/32000000000000000000000000000000
1098,1253922195099547/32000000000000000000000000000000,313480548774913/8000000000000000000000000000000
1099,1215343064938011/32000000000000000000000000000000,303835766234529/8000000000000000000000000000000
1100,1177950889828261/32000000000000000000000000000000,588975444914183/16000000000000000000000000000000
1101,1141709151002533/32000000000000000000000000000000,570854575501319/16000000000000000000000000000000
1102,44263298130297/1280000000000000000000000000000,110658245325753/3200000000000000000000000000000
1103,1072536490385461/32000000000000000000000000000000,536268245192783/16000000000000000000000000000000
1104,519769005835103/16000000000000000000000000000000,1039538011670311/32000000000000000000000000000000
1105,1007554789412221/32000000000000000000000000000000,503777394706163/16000000000000000000000000000000
1106,488277793727069/16000000000000000000000000000000,976555587454243/32000000000000000000000000000000
1107,23662753266853/800000000000000000000000000000,37860405226969/1280000000000000000000000000000
1108,57336817213619/2000000000000000000000000000000,917389075418009/32000000000000000000000000000000
1109,889163980840557/32000000000000000000000000000000,444581990420331/16000000000000000000000000000000
1110,172361456225991/6400000000000000000000000000000,43090364056503/1600000000000000000000000000000
1111,16705845171697/640000000000000000000000000000,167058451716991/6400000000000000000000000000000
1112,202398254380311/8000000000000000000000000000000,809593017521349/32000000000000000000000000000000
1113,392342229490789/16000000000000000000000000000000,784684458981683/32000000000000000000000000000000
1114,380271128111017/16000000000000000000000000000000,760542256222139/32000000000000000000000000000000
1115,368571415477009/16000000000000000000000000000000,737142830954123/32000000000000000000000000000000
1116,714463330316611/32000000000000000000000000000000,178615832579179/8000000000000000000000000000000
1117,692481604557509/32000000000000000000000000000000,346240802278807/16000000000000000000000000000000
1118,671176185400643/32000000000000000000000000000000,167794046350187/8000000000000000000000000000000
1119,650526265079359/32000000000000000000000000000000,81315783134933/4000000000000000000000000000000
1120,315255838007341/16000000000000000000000000000000,630511676014787/32000000000000000000000000000000
1121,61111287111881/3200000000000000000000000000000,122222574223783/6400000000000000000000000000000
1122,592310904704609/32000000000000000000000000000000,296155452352357/16000000000000000000000000000000
1123,574087413982457/32000000000000000000000000000000,287043706991281/16000000000000000000000000000000
1124,69553075140797/4000000000000000000000000000000,556424601126481/32000000000000000000000000000000
1125,539305215891927/32000000000000000000000000000000,8426643998313/500000000000000000000000000000
1126,104542507753779/6400000000000000000000000000000,522712538769/32000000000000000000000000000
1127,506630364652317/32000000000000000000000000000000,253315182326211/16000000000000000000000000000000
1128,245521493507947/16000000000000000000000000000000,491042987015999/32000000000000000000000000000000
1129,23796759128617/1600000000000000000000000000000,95187036514489/6400000000000000000000000000000
1130,230646098202839/16000000000000000000000000000000,461292196405783/32000000000000000000000000000000
1131,111774931890243/8000000000000000000000000000000,447099727561077/32000000000000000000000000000000
1132,433343915077413/32000000000000000000000000000000,216671957538759/16000000000000000000000000000000
1133,420011324451123/32000000000000000000000000000000,105002831112807/8000000000000000000000000000000
1134,81417786902891/6400000000000000000000000000000,636076460179/50000000000000000000000000000
1135,394564124718973/32000000000000000000000000000000,197282062359539/16000000000000000000000000000000
1136,382424662809697/32000000000000000000000000000000,191212331404901/16000000000000000000000000000000
1137,370658692878567/32000000000000000000000000000000,23166168304917/2000000000000000000000000000000
1138,359254723785467/32000000000000000000000000000000,89813680946393/8000000000000000000000000000000
1139,348201617935493/32000000000000000000000000000000,174100808967799/16000000000000000000000000000000
1140,168744290200757/16000000000000000000000000000000,337488580401619/32000000000000000000000000000000
1141,327105148381389/32000000000000000000000000000000,163552574190747/16000000000000000000000000000000
1142,158520590489779/16000000000000000000000000000000,317041180979663/32000000000000000000000000000000
1143,38410856162877/4000000000000000000000000000000,307286849303121/32000000000000000000000000000000
1144,297832626862007/32000000000000000000000000000000,9307269589441/1000000000000000000000000000000
1145,288669280266049/32000000000000000000000000000000,144334640133077/16000000000000000000000000000000
1146,13989393010311/1600000000000000000000000000000,11191514408253/1280000000000000000000000000000
1147,271179692714889/32000000000000000000000000000000,135589846357497/16000000000000000000000000000000
1148,16427273168397/2000000000000000000000000000000,262836370694457/32000000000000000000000000000000
1149,25474974570611/3200000000000000000000000000000,50949949141243/6400000000000000000000000000000
1150,246911920012759/32000000000000000000000000000000,3857998750201/500000000000000000000000000000
1151,23931523886473/3200000000000000000000000000000,47863047772967/6400000000000000000000000000000
1152,231952283024341/32000000000000000000000000000000,115976141512223/16000000000000000000000000000000
1153,112407930759927/16000000000000000000000000000000,224815861519959/32000000000000000000000000000000
1154,217899004622473/32000000000000000000000000000000,108949502311289/16000000000000000000000000000000
1155,42238991407883/6400000000000000000000000000000,1319968481497/200000000000000000000000000000
1156,51174292829101/8000000000000000000000000000000,204697171316509/32000000000000000000000000000000
1157,49599825360789/8000000000000000000000000000000,198399301443261/32000000000000000000000000000000
1158,192295196655597/32000000000000000000000000000000,96147598327851/16000000000000000000000000000000
1159,5824340482149/1000000000000000000000000000000,186378895428873/32000000000000000000000000000000
1160,180644619654553/32000000000000000000000000000000,90322309827329/16000000000000000000000000000000
1161,175086768998531/32000000000000000000000000000000,43771692249659/8000000000000000000000000000000
1162,84849957715229/16000000000000000000000000000000,169699915430563/32000000000000000000000000000000
1163,10279924870189/2000000000000000000000000000000,164478797923129/32000000000000000000000000000000
1164,159418317313713/32000000000000000000000000000000,79709158656909/16000000000000000000000000000000
1165,77256765662373/16000000000000000000000000000000,154513531324851/32000000000000000000000000000000
1166,29951929947249/6400000000000000000000000000000,2995192994727/640000000000000000000000000000
1167,29030405941581/6400000000000000000000000000000,14515202970801/3200000000000000000000000000000
1168,140686171244599/32000000000000000000000000000000,4396442851397/1000000000000000000000000000000
1169,27271542560299/6400000000000000000000000000000,85223570501/20000000000000000000000000000
1170,132162427024389/32000000000000000000000000000000,66081213512247/16000000000000000000000000000000
1171,32024054155273/8000000000000000000000000000000,128096216621197/32000000000000000000000000000000
1172,124155110359843/32000000000000000000000000000000,31038777589987/8000000000000000000000000000000
1173,60167629595419/16000000000000000000000000000000,120335259190943/32000000000000000000000000000000
1174,23326586497417/6400000000000000000000000000000,11663293248719/3200000000000000000000000000000
1175,56522257200459/16000000000000000000000000000000,113044514401023/32000000000000000000000000000000
1176,109566500332609/32000000000000000000000000000000,54783250166357/16000000000000000000000000000000
1177,26548873376907/8000000000000000000000000000000,106195493507733/32000000000000000000000000000000
1178,102928201659209/32000000000000000000000000000000,51464100829657/16000000000000000000000000000000
1179,24940358453247/8000000000000000000000000000000,99761433813093/32000000000000000000000000000000
1180,151081401829/50000000000000000000000000000,19338419434133/6400000000000000000000000000000
1181,46858597044461/16000000000000000000000000000000,93717194089027/32000000000000000000000000000000
1182,90833819152853/32000000000000000000000000000000,45416909576479/16000000000000000000000000000000
1183,88039156337359/32000000000000000000000000000000,88039156337463/32000000000000000000000000000000
1184,42665238128713/16000000000000000000000000000000,85330476257531/32000000000000000000000000000000
1185,82705133502391/32000000000000000000000000000000,2584535421953/1000000000000000000000000000000
1186,501003525327/200000000000000000000000000000,3206422562097/1280000000000000000000000000000
1187,38847141386939/16000000000000000000000000000000,77694282773983/32000000000000000000000000000000
1188,15060776198649/6400000000000000000000000000000,1506077619867/640000000000000000000000000000
1189,9123378017963/4000000000000000000000000000000,72987024143809/32000000000000000000000000000000
1190,14148289897121/6400000000000000000000000000000,7074144948571/3200000000000000000000000000000
1191,68564963896477/32000000000000000000000000000000,34282481948291/16000000000000000000000000000000
1192,4153465108071/2000000000000000000000000000000,66455441729241/32000000000000000000000000000000
1193,16102705683921/8000000000000000000000000000000,64410822735789/32000000000000000000000000000000
1194,62429110055389/32000000000000000000000000000000,31214555027747/16000000000000000000000000000000
1195,3781773016529/2000000000000000000000000000000,60508368264569/32000000000000000000000000000000
1196,14661680371463/8000000000000000000000000000000,58646721485957/32000000000000000000000000000000
1197,11368470311433/6400000000000000000000000000000,5684235155727/3200000000000000000000000000000
1198,3443343515937/2000000000000000000000000000000,55093496255097/32000000000000000000000000000000
1199,13349611893459/8000000000000000000000000000000,53398447573941/32000000000000000000000000000000
1200,12938887514501/8000000000000000000000000000000,51755550058109/32000000000000000000000000000000
1201,50163199184821/32000000000000000000000000000000,25081599592463/16000000000000000000000000000000
1202,9723967959517/6400000000000000000000000000000,4861983979769/3200000000000000000000000000000
1203,23561982293367/16000000000000000000000000000000,47123964586839/32000000000000000000000000000000
1204,11418528154437/8000000000000000000000000000000,45674112617853/32000000000000000000000000000000
1205,2766804244021/2000000000000000000000000000000,44268867904441/32000000000000000000000000000000
1206,1716274321021/1280000000000000000000000000000,4290685802563/3200000000000000000000000000000
1207,2599172049081/2000000000000000000000000000000,41586752785401/32000000000000000000000000000000
1208,2015363145673/1600000000000000000000000000000,8061452582713/6400000000000000000000000000000
1209,39067138806501/32000000000000000000000000000000,19533569403303/16000000000000000000000000000000
1210,37865169307161/32000000000000000000000000000000,18932584653633/16000000000000000000000000000000
1211,18350090260787/16000000000000000000000000000000,36700180521679/32000000000000000000000000000000
1212,3557103467279/3200000000000000000000000000000,7114206934579/6400000000000000000000000000000
1213,17238314494789/16000000000000000000000000000000,34476628989683/32000000000000000000000000000000
1214,33415894629409/32000000000000000000000000000000,16707947314757/16000000000000000000000000000000
1215,16193897817291/16000000000000000000000000000000,32387795634687/32000000000000000000000000000000
1216,1961957995029/2000000000000000000000000000000,31391327920569/32000000000000000000000000000000
1217,15212759147429/16000000000000000000000000000000,30425518294963/32000000000000000000000000000000
1218,3686177938443/4000000000000000000000000000000,29489423507649/32000000000000000000000000000000
1219,28582129329059/32000000000000000000000000000000,7145532332291/8000000000000000000000000000000
1220,1108109986313/1280000000000000000000000000000,2770274965793/3200000000000000000000000000000
1221,13425212827371/16000000000000000000000000000000,26850425654847/32000000000000000000000000000000
1222,6506081226103/8000000000000000000000000000000,26024324904517/32000000000000000000000000000000
1223,12611820301083/16000000000000000000000000000000,25223640602271/32000000000000000000000000000000
1224,12223795383053/16000000000000000000000000000000,24447590766211/32000000000000000000000000000000
1225,11847708736693/16000000000000000000000000000000,23695417473491/32000000000000000000000000000000
1226,22966386119997/32000000000000000000000000000000,11483193060051/16000000000000000000000000000000
1227,22259784703317/32000000000000000000000000000000,11129892351711/16000000000000000000000000000000
1228,10787461563371/16000000000000000000000000000000,21574923126847/32000000000000000000000000000000
1229,2091113252571/3200000000000000000000000000000,4182226505163/6400000000000000000000000000000
1230,20267764614457/32000000000000000000000000000000,10133882307281/16000000000000000000000000000000
1231,157153528423/256000000000000000000000000000,982209552649/1600000000000000000000000000000
1232,19039802832849/32000000000000000000000000000000,9519901416477/16000000000000000000000000000000
1233,9227004841737/16000000000000000000000000000000,18454009683579/32000000000000000000000000000000
1234,17886239494571/32000000000000000000000000000000,4471559873669/8000000000000000000000000000000
1235,17335937757941/32000000000000000000000000000000,8667968879023/16000000000000000000000000000000
1236,16802567025809/32000000000000000000000000000000,8401283512957/16000000000000000000000000000000
1237,1628560638593/3200000000000000000000000000000,3257121277207/6400000000000000000000000000000
1238,15784550952843/32000000000000000000000000000000,3946137738237/8000000000000000000000000000000
1239,764945568739/1600000000000000000000000000000,3059782274977/6400000000000000000000000000000
1240,463381667367/1000000000000000000000000000000,14828213355849/32000000000000000000000000000000
1241,14371997192293/32000000000000000000000000000000,7185998596199/16000000000000000000000000000000
1242,13929817324571/32000000000000000000000000000000,3482454331169/8000000000000000000000000000000
1243,6750620950579/16000000000000000000000000000000,13501241901263/32000000000000000000000000000000
1244,6542926178653/16000000000000000000000000000000,13085852357411/32000000000000000000000000000000
1245,12683243006151/32000000000000000000000000000000,792702687891/2000000000000000000000000000000
1246,12293020642501/32000000000000000000000000000000,6146510321303/16000000000000000000000000000000
1247,2382960831763/6400000000000000000000000000000,297870103973/800000000000000000000000000000
1248,11548224173/32000000000000000000000000000,2309644834621/6400000000000000000000000000000
1249,5596461333827/16000000000000000000000000000000,11192922667759/32000000000000000000000000000000
1250,10848552640413/32000000000000000000000000000000,5424276320259/16000000000000000000000000000000
1251,5257388882527/16000000000000000000000000000000,10514777765159/32000000000000000000000000000000
1252,10191272063023/32000000000000000000000000000000,1273909007891/4000000000000000000000000000000
1253,617357474067/2000000000000000000000000000000,9877719585177/32000000000000000000000000000000
1254,9573814102689/32000000000000000000000000000000,4786907051397/16000000000000000000000000000000
1255,144988418891/500000000000000000000000000000,9279258809129/32000000000000000000000000000000
1256,8993766029013/32000000000000000000000000000000,4496883014559/16000000000000000000000000000000
1257,8717056938423/32000000000000000000000000000000,272408029329/1000000000000000000000000000000
1258,4224430645771/16000000000000000000000000000000,8448861291647/32000000000000000000000000000000
1259,8188917157243/32000000000000000000000000000000,2047229289337/8000000000000000000000000000000
1260,7936970663173/32000000000000000000000000000000,3968485331639/16000000000000000000000000000000
1261,7692775747811/32000000000000000000000000000000,1923193936979/8000000000000000000000000000000
1262,932011740019/4000000000000000000000000000000,7456093920257/32000000000000000000000000000000
1263,1806673506697/8000000000000000000000000000000,7226694026893/32000000000000000000000000000000
1264,3502176013077/16000000000000000000000000000000,7004352026259/32000000000000000000000000000000
1265,169721269243/800000000000000000000000000000,271554030793/1280000000000000000000000000000
1266,822497473739/4000000000000000000000000000000,6579979790017/32000000000000000000000000000000
1267,1275507018913/6400000000000000000000000000000,637753509467/3200000000000000000000000000000
1268,6181318967691/32000000000000000000000000000000,1545329741949/8000000000000000000000000000000
1269,1198227955277/6400000000000000000000000000000,599113977649/3200000000000000000000000000000
1270,1161362356733/6400000000000000000000000000000,580681178377/3200000000000000000000000000000
1271,1407038741769/8000000000000000000000000000000,5628154967181/32000000000000000000000000000000
1272,5454994842873/32000000000000000000000000000000,2727497421489/16000000000000000000000000000000
1273,5287162295609/32000000000000000000000000000000,2643581147857/16000000000000000000000000000000
1274,2562246706487/16000000000000000000000000000000,5124493413079/32000000000000000000000000000000
1275,4966829325709/32000000000000000000000000000000,2483414662907/16000000000000000000000000000000
1276,150438001639/1000000000000000000000000000000,4814016052553/32000000000000000000000000000000
1277,933180869867/6400000000000000000000000000000,3645237773/25000000000000000000000000000
1278,4522349564263/32000000000000000000000000000000,282646847773/2000000000000000000000000000000
1279,4383211495603/32000000000000000000000000000000,1095802873927/8000000000000000000000000000000
1280,4248354255277/32000000000000000000000000000000,2124177127691/16000000000000000000000000000000
1281,4117646136043/32000000000000000000000000000000,1029411534037/8000000000000000000000000000000
1282,798191896573/6400000000000000000000000000000,399095948297/3200000000000000000000000000000
1283,3868170568241/32000000000000000000000000000000,1934085284173/16000000000000000000000000000000
1284,1874579735681/16000000000000000000000000000000,3749159471467/32000000000000000000000000000000
1285,726761992199/6400000000000000000000000000000,36338099611/320000000000000000000000000000
1286,3522009381967/32000000000000000000000000000000,440251172759/4000000000000000000000000000000
1287,3413648545139/32000000000000000000000000000000,853412136311/8000000000000000000000000000000
1288,330862162077/3200000000000000000000000000000,26468972967/256000000000000000000000000000
1289,3206826035157/32000000000000000000000000000000,1603413017631/16000000000000000000000000000000
1290,1554081185229/16000000000000000000000000000000,3108162370563/32000000000000000000000000000000
1291,753133566899/8000000000000000000000000000000,3012534267701/32000000000000000000000000000000
1292,364981041519/4000000000000000000000000000000,2919848332257/32000000000000000000000000000000
1293,176875877697/2000000000000000000000000000000,2830014043257/32000000000000000000000000000000
1294,2742943664657/32000000000000000000000000000000,1371471832381/16000000000000000000000000000000
1295,2658552160081/32000000000000000000000000000000,1329276080093/16000000000000000000000000000000
1296,2576757109139/32000000000000000000000000000000,644189277311/8000000000000000000000000000000
1297,49949572547/640000000000000000000000000000,499495725491/6400000000000000000000000000000
1298,2420639288021/32000000000000000000000000000000,1210319644063/16000000000000000000000000000000
1299,2346164046629/32000000000000000000000000000000,1173082023367/16000000000000000000000000000000
1300,1136990083763/16000000000000000000000000000000,2273980167631/32000000000000000000000000000000
1301,1102008576453/16000000000000000000000000000000,2204017153011/32000000000000000000000000000000
1302,66756458561/1000000000000000000000000000000,2136206674057/32000000000000000000000000000000
1303,258810313013/4000000000000000000000000000000,2070482504209/32000000000000000000000000000000
1304,2006780454379/32000000000000000000000000000000,501695113621/8000000000000000000000000000000
1305,1945038310681/32000000000000000000000000000000,972519155393/16000000000000000000000000000000
1306,1885195773041/32000000000000000000000000000000,942597886573/16000000000000000000000000000000
1307,73087775869/1280000000000000000000000000000,182719439683/3200000000000000000000000000000
1308,885488767577/16000000000000000000000000000000,1770977535259/32000000000000000000000000000000
1309,858245142291/16000000000000000000000000000000,1716490284687/32000000000000000000000000000000
1310,207959928809/4000000000000000000000000000000,1663679430577/32000000000000000000000000000000
1311,201561674441/4000000000000000000000000000000,1612493395633/32000000000000000000000000000000
1312,1562882189319/32000000000000000000000000000000,97680136839/2000000000000000000000000000000
1313,1514797359459/32000000000000000000000000000000,378699339891/8000000000000000000000000000000
1314,367047986071/8000000000000000000000000000000,1468191944389/32000000000000000000000000000000
1315,142302042699/3200000000000000000000000000000,284604085419/6400000000000000000000000000000
1316,1379238691177/32000000000000000000000000000000,689619345641/16000000000000000000000000000000
1317,334200994441/8000000000000000000000000000000,1336803977869/32000000000000000000000000000000
1318,1295674843229/32000000000000000000000000000000,647837421667/16000000000000000000000000000000
1319,313952779783/8000000000000000000000000000000,1255811119237/32000000000000000000000000000000
1320,1217173872887/32000000000000000000000000000000,38036683531/1000000000000000000000000000000
1321,589862684869/16000000000000000000000000000000,1179725369843/32000000000000000000000000000000
1322,8933039343/250000000000000000000000000000,1143429036009/32000000000000000000000000000000
1323,1108249422863/32000000000000000000000000000000,138531177871/4000000000000000000000000000000
1324,134269021591/4000000000000000000000000000000,1074152172833/32000000000000000000000000000000
1325,260275996173/8000000000000000000000000000000,1041103984797/32000000000000000000000000000000
1326,1009072582509/32000000000000000000000000000000,504536291307/16000000000000000000000000000000
1327,489013341483/16000000000000000000000000000000,978026683071/32000000000000000000000000000000
1328,189587193067/6400000000000000000000000000000,740574973/25000000000000000000000000000
1329,459385520879/16000000000000000000000000000000,918771041863/32000000000000000000000000000000
1330,445251714273/16000000000000000000000000000000,890503428651/32000000000000000000000000000000
1331,863105518361/32000000000000000000000000000000,431552759233/16000000000000000000000000000000
1332,167310110651/6400000000000000000000000000000,10456881917/400000000000000000000000000000
1333,405406299267/16000000000000000000000000000000,810812598639/32000000000000000000000000000000
1334,785866517431/32000000000000000000000000000000,24558328673/1000000000000000000000000000000
1335,190421986639/8000000000000000000000000000000,761687946661/32000000000000000000000000000000
1336,369126636051/16000000000000000000000000000000,738253272207/32000000000000000000000000000000
1337,357769803391/16000000000000000000000000000000,715539606887/32000000000000000000000000000000
1338,693524767477/32000000000000000000000000000000,346762383791/16000000000000000000000000000000
1339,672187253571/32000000000000000000000000000000,168046813419/8000000000000000000000000000000
1340,20359569561/1000000000000000000000000000000,651506226057/32000000000000000000000000000000
1341,31573074333/1600000000000000000000000000000,126292297353/6400000000000000000000000000000
1342,306016729581/16000000000000000000000000000000,612033459267/32000000000000000000000000000000
1343,593203169231/32000000000000000000000000000000,74150396167/4000000000000000000000000000000
1344,114990445283/6400000000000000000000000000000,14373805663/800000000000000000000000000000
1345,557262806077/32000000000000000000000000000000,278631403091/16000000000000000000000000000000
1346,540117631987/32000000000000000000000000000000,135029408023/8000000000000000000000000000000
1347,65437494931/4000000000000000000000000000000,523499959553/32000000000000000000000000000000
1348,15856048717/1000000000000000000000000000000,507393559049/32000000000000000000000000000000
1349,491782700287/32000000000000000000000000000000,61472837549/4000000000000000000000000000000
1350,238326068629/16000000000000000000000000000000,476652137363/32000000000000000000000000000000
1351,230993546357/16000000000000000000000000000000,461987092819/32000000000000000000000000000000
1352,447773244157/32000000000000000000000000000000,223886622131/16000000000000000000000000000000
1353,216998354873/16000000000000000000000000000000,433996709851/32000000000000000000000000000000
1354,420644034739/32000000000000000000000000000000,105161008711/8000000000000000000000000000000
1355,407702178353/32000000000000000000000000000000,203851089229/16000000000000000000000000000000
1356,98789625257/8000000000000000000000000000000,395158501133/32000000000000000000000000000000
1357,191500376041/16000000000000000000000000000000,383000752187/32000000000000000000000000000000
1358,371217057747/32000000000000000000000000000000,92804264463/8000000000000000000000000000000
1359,89948977393/8000000000000000000000000000000,359795909677/32000000000000000000000000000000
1360,69745230637/6400000000000000000000000000000,34872615329/3200000000000000000000000000000
1361,337996977397/32000000000000000000000000000000,168998488751/16000000000000000000000000000000
1362,65519580729/6400000000000000000000000000000,262078323/25600000000000000000000000000
1363,317518775757/32000000000000000000000000000000,158759387931/16000000000000000000000000000000
1364,307749750033/32000000000000000000000000000000,153874875069/16000000000000000000000000000000
1365,298281285633/32000000000000000000000000000000,149140642869/16000000000000000000000000000000
1366,289104135257/32000000000000000000000000000000,144552067681/16000000000000000000000000000000
1367,56041867223/6400000000000000000000000000000,14010466811/1600000000000000000000000000000
1368,271588201173/32000000000000000000000000000000,135794100639/16000000000000000000000000000000
1369,65808077667/8000000000000000000000000000000,263232310773/32000000000000000000000000000000
1370,255133503887/32000000000000000000000000000000,31891687999/4000000000000000000000000000000
1371,49456774239/6400000000000000000000000000000,2472838713/320000000000000000000000000000
1372,29959468289/4000000000000000000000000000000,239675746417/32000000000000000000000000000000
1373,232301698823/32000000000000000000000000000000,14518856183/2000000000000000000000000000000
1374,56288631731/8000000000000000000000000000000,225154527029/32000000000000000000000000000000
1375,218227250387/32000000000000000000000000000000,54556812623/8000000000000000000000000000000
1376,211513103743/32000000000000000000000000000000,26439137981/4000000000000000000000000000000
1377,102502764837/16000000000000000000000000000000,205005529779/32000000000000000000000000000000
1378,198698172611/32000000000000000000000000000000,49674543179/8000000000000000000000000000000
1379,48146218131/8000000000000000000000000000000,192584872629/32000000000000000000000000000000
1380,186659658907/32000000000000000000000000000000,46664914753/8000000000000000000000000000000
1381,45229186237/8000000000000000000000000000000,180916745053/32000000000000000000000000000000
1382,43837630469/8000000000000000000000000000000,175350521981/32000000000000000000000000000000
1383,42488888371/8000000000000000000000000000000,169955553589/32000000000000000000000000000000
1384,8236328541/1600000000000000000000000000000,6589062837/1280000000000000000000000000000
1385,997865419/200000000000000000000000000000,31931693429/6400000000000000000000000000000
1386,7737314621/1600000000000000000000000000000,6189851701/1280000000000000000000000000000
1387,5999409981/1280000000000000000000000000000,14998524963/3200000000000000000000000000000
1388,3634267213/800000000000000000000000000000,1162965509/256000000000000000000000000000
1389,17612262829/4000000000000000000000000000000,140898102737/32000000000000000000000000000000
1390,27312624749/6400000000000000000000000000000,2731262477/640000000000000000000000000000
1391,132361518137/32000000000000000000000000000000,66180759121/16000000000000000000000000000000
1392,16036147793/4000000000000000000000000000000,128289182449/32000000000000000000000000000000
1393,124342139151/32000000000000000000000000000000,15542767407/4000000000000000000000000000000
1394,120516533711/32000000000000000000000000000000,15064566727/4000000000000000000000000000000
1395,7300539361/2000000000000000000000000000000,116808629881/32000000000000000000000000000000
1396,28303701513/8000000000000000000000000000000,113214806157/32000000000000000000000000000000
1397,5486577633/1600000000000000000000000000000,21946310553/6400000000000000000000000000000
1398,26588866927/8000000000000000000000000000000,106355467813/32000000000000000000000000000000
1399,10308325397/3200000000000000000000000000000,4123330163/1280000000000000000000000000000
1400,19982343133/6400000000000000000000000000000,9991171577/3200000000000000000000000000000
1401,12104719417/4000000000000000000000000000000,96837755441/32000000000000000000000000000000
1402,93858370823/32000000000000000000000000000000,5866148183/2000000000000000000000000000000
1403,18194130467/6400000000000000000000000000000,2274266311/800000000000000000000000000000
1404,17634355921/6400000000000000000000000000000,8817177971/3200000000000000000000000000000
1405,667648587/250000000000000000000000000000,85459019241/32000000000000000000000000000000
1406,20707430383/8000000000000000000000000000000,82829721637/32000000000000000000000000000000
1407,80281318911/32000000000000000000000000000000,10035164877/4000000000000000000000000000000
1408,19452830599/8000000000000000000000000000000,77811322501/32000000000000000000000000000000
1409,18854329921/8000000000000000000000000000000,75417319789/32000000000000000000000000000000
1410,18274243173/8000000000000000000000000000000,73096972797/32000000000000000000000000000000
1411,8856001909/4000000000000000000000000000000,70848015377/32000000000000000000000000000000
1412,34334125499/16000000000000000000000000000000,68668251103/32000000000000000000000000000000
1413,3327777551/1600000000000000000000000000000,532444409/256000000000000000000000000000
1414,64507851987/32000000000000000000000000000000,16126963023/8000000000000000000000000000000
1415,6252315403/3200000000000000000000000000000,12504630827/6400000000000000000000000000000
1416,6059951881/3200000000000000000000000000000,12119903783/6400000000000000000000000000000
1417,58735067623/32000000000000000000000000000000,3670941733/2000000000000000000000000000000
1418,56927979569/32000000000000000000000000000000,28463989837/16000000000000000000000000000000
1419,55176489769/32000000000000000000000000000000,27588244937/16000000000000000000000000000000
1420,10695777529/6400000000000000000000000000000,213915551/128000000000000000000000000000
1421,3239594703/2000000000000000000000000000000,51833515353/32000000000000000000000000000000
1422,25119382819/16000000000000000000000000000000,50238765743/32000000000000000000000000000000
1423,9738616263/6400000000000000000000000000000,2434654071/1600000000000000000000000000000
1424,47194952699/32000000000000000000000000000000,11798738201/8000000000000000000000000000000
1425,9148583331/6400000000000000000000000000000,1143572919/800000000000000000000000000000
1426,44335555063/32000000000000000000000000000000,1385486099/1000000000000000000000000000000
1427,10742873359/8000000000000000000000000000000,42971493541/32000000000000000000000000000000
1428,41649399573/32000000000000000000000000000000,20824699839/16000000000000000000000000000000
1429,20183991131/16000000000000000000000000000000,40367982367/32000000000000000000000000000000
1430,39125990017/32000000000000000000000000000000,19562995061/16000000000000000000000000000000
1431,592534529/500000000000000000000000000000,37922209961/32000000000000000000000000000000
1432,36755466117/32000000000000000000000000000000,18377733111/16000000000000000000000000000000
1433,35624619309/32000000000000000000000000000000,17812309707/16000000000000000000000000000000
1434,34528564999/32000000000000000000000000000000,2158035319/2000000000000000000000000000000
1435,6693246547/6400000000000000000000000000000,836655821/800000000000000000000000000000
1436,32436584999/32000000000000000000000000000000,2027286569/2000000000000000000000000000000
1437,31438616193/32000000000000000000000000000000,15719308149/16000000000000000000000000000000
1438,1523567583/1600000000000000000000000000000,6094270353/6400000000000000000000000000000
1439,3691730841/4000000000000000000000000000000,29533846833/32000000000000000000000000000000
1440,2862518579/3200000000000000000000000000000,5725037179/6400000000000000000000000000000
1441,2774448141/3200000000000000000000000000000,5548896303/6400000000000000000000000000000
1442,5378174691/6400000000000000000000000000000,672271839/800000000000000000000000000000
1443,407242629/500000000000000000000000000000,26063528361/32000000000000000000000000000000
1444,25261637793/32000000000000000000000000000000,12630818949/16000000000000000000000000000000
1445,12242209453/16000000000000000000000000000000,24484419011/32000000000000000000000000000000
1446,2373111253/3200000000000000000000000000000,4746222527/6400000000000000000000000000000
1447,4600196591/6400000000000000000000000000000,1150049153/1600000000000000000000000000000
1448,4458663421/6400000000000000000000000000000,2229331721/3200000000000000000000000000000
1449,5401855961/8000000000000000000000000000000,21607423949/32000000000000000000000000000000
1450,20942633301/32000000000000000000000000000000,10471316703/16000000000000000000000000000000
1451,5074574053/8000000000000000000000000000000,20298296317/32000000000000000000000000000000
1452,19673783291/32000000000000000000000000000000,4918445849/8000000000000000000000000000000
1453,19068484613/32000000000000000000000000000000,9534242359/16000000000000000000000000000000
1454,9240904509/16000000000000000000000000000000,18481809123/32000000000000000000000000000000
1455,17913183533/32000000000000000000000000000000,8956591819/16000000000000000000000000000000
1456,3472410563/6400000000000000000000000000000,434051323/800000000000000000000000000000
1457,16827878607/32000000000000000000000000000000,2103484839/4000000000000000000000000000000
1458,16310139211/32000000000000000000000000000000,4077534829/8000000000000000000000000000000
1459,7904164491/16000000000000000000000000000000,15808329087/32000000000000000000000000000000
1460,1532195783/3200000000000000000000000000000,3064391587/6400000000000000000000000000000
1461,7425275373/16000000000000000000000000000000,14850550851/32000000000000000000000000000000
1462,14393647333/32000000000000000000000000000000,7196823719/16000000000000000000000000000000
1463,174385017/400000000000000000000000000000,2790160293/6400000000000000000000000000000
1464,540863213/1280000000000000000000000000000,1352158043/3200000000000000000000000000000
1465,13105565033/32000000000000000000000000000000,6552782569/16000000000000000000000000000000
1466,6351174593/16000000000000000000000000000000,12702349291/32000000000000000000000000000000
1467,6155769493/16000000000000000000000000000000,12311539091/32000000000000000000000000000000
1468,745797047/2000000000000000000000000000000,11932752857/32000000000000000000000000000000
1469,5782810273/16000000000000000000000000000000,11565620651/32000000000000000000000000000000
1470,1120978381/3200000000000000000000000000000,2241956783/6400000000000000000000000000000
1471,10864895019/32000000000000000000000000000000,2716223781/8000000000000000000000000000000
1472,10530617341/32000000000000000000000000000000,5265308723/16000000000000000000000000000000
1473,5103312153/16000000000000000000000000000000,10206624411/32000000000000000000000000000000
1474,9892599489/32000000000000000000000000000000,4946299797/16000000000000000000000000000000
1475,47941181/160000000000000000000000000000,1917647261/6400000000000000000000000000000
1476,1858647437/6400000000000000000000000000000,929323729/3200000000000000000000000000000
1477,1801462867/6400000000000000000000000000000,225182861/800000000000000000000000000000
1478,4365094203/16000000000000000000000000000000,8730188511/32000000000000000000000000000000
1479,4230794373/16000000000000000000000000000000,8461588851/32000000000000000000000000000000
1480,8201253029/32000000000000000000000000000000,4100626567/16000000000000000000000000000000
1481,7948927/32000000000000000000000000000,1589785421/6400000000000000000000000000000
1482,3852182113/16000000000000000000000000000000,7704364331/32000000000000000000000000000000
1483,3733662929/16000000000000000000000000000000,7467325963/32000000000000000000000000000000
1484,3618790197/16000000000000000000000000000000,7237580499/32000000000000000000000000000000
1485,1402980691/6400000000000000000000000000000,175372589/800000000000000000000000000000
1486,1359815513/6400000000000000000000000000000,679907767/3200000000000000000000000000000
1487,6589891939/32000000000000000000000000000000,1647473011/8000000000000000000000000000000
1488,3193571139/16000000000000000000000000000000,6387142383/32000000000000000000000000000000
1489,6190630569/32000000000000000000000000000000,3095315337/16000000000000000000000000000000
1490,6000164889/32000000000000000000000000000000,3000082497/16000000000000000000000000000000
1491,2907779611/16000000000000000000000000000000,5815559327/32000000000000000000000000000000
1492,225465331/1280000000000000000000000000000,281831669/1600000000000000000000000000000
1493,54632123/320000000000000000000000000000,1092642481/6400000000000000000000000000000
1494,330945433/2000000000000000000000000000000,5295127033/32000000000000000000000000000000
1495,5132212999/32000000000000000000000000000000,320763319/2000000000000000000000000000000
1496,994862281/6400000000000000000000000000000,497431151/3200000000000000000000000000000
1497,1205316983/8000000000000000000000000000000,4821268037/32000000000000000000000000000000
1498,584116639/4000000000000000000000000000000,146029163/1000000000000000000000000000000
1499,2264581037/16000000000000000000000000000000,2264581089/16000000000000000000000000000000
1500,2194907203/16000000000000000000000000000000,438981451/3200000000000000000000000000000
1501,850950803/6400000000000000000000000000000,4254754119/32000000000000000000000000000000
1502,824769799/6400000000000000000000000000000,4123849099/32000000000000000000000000000000
1503,3996971499/32000000000000000000000000000000,3996971603/32000000000000000000000000000000
1504,1936998807/16000000000000000000000000000000,1936998859/16000000000000000000000000000000
1505,3754807237/32000000000000000000000000000000,3754807341/32000000000000000000000000000000
1506,3639283963/32000000000000000000000000000000,3639284067/32000000000000000000000000000000
1507,1763657483/16000000000000000000000000000000,352731507/3200000000000000000000000000000
1508,3418790893/32000000000000000000000000000000,3418790997/32000000000000000000000000000000
1509,662721151/6400000000000000000000000000000,3313605859/32000000000000000000000000000000
1510,3211656823/32000000000000000000000000000000,3211656927/32000000000000000000000000000000
1511,311284453/3200000000000000000000000000000,1556422317/16000000000000000000000000000000
1512,754268093/8000000000000000000000000000000,754268119/8000000000000000000000000000000
1513,2924246813/32000000000000000000000000000000,2924246917/32000000000000000000000000000000
1514,708569299/8000000000000000000000000000000,28342773/320000000000000000000000000000
1515,1373537827/16000000000000000000000000000000,1373537879/16000000000000000000000000000000
1516,2662557021/32000000000000000000000000000000,21300457/256000000000000000000000000000
1517,2580638753/32000000000000000000000000000000,2580638857/32000000000000000000000000000000
1518,500248169/6400000000000000000000000000000,2501240949/32000000000000000000000000000000
1519,1212142877/16000000000000000000000000000000,1212142929/16000000000000000000000000000000
1520,1174849161/16000000000000000000000000000000,1174849213/16000000000000000000000000000000
1521,284675713/4000000000000000000000000000000,142337863/2000000000000000000000000000000
1522,137958581/2000000000000000000000000000000,11036687/160000000000000000000000000000
1523,1069712333/16000000000000000000000000000000,213942477/3200000000000000000000000000000
1524,129600093/2000000000000000000000000000000,259200199/4000000000000000000000000000000
1525,2009803477/32000000000000000000000000000000,2009803581/32000000000000000000000000000000
1526,486992081/8000000000000000000000000000000,486992107/8000000000000000000000000000000
1527,1888035639/32000000000000000000000000000000,1888035743/32000000000000000000000000000000
1528,1829946889/32000000000000000000000000000000,1829946993/32000000000000000000000000000000
1529,886822671/16000000000000000000000000000000,886822723/16000000000000000000000000000000
1530,1719076011/32000000000000000000000000000000,343815223/6400000000000000000000000000000
1531,833092801/16000000000000000000000000000000,833092853/16000000000000000000000000000000
1532,80746123/1600000000000000000000000000000,403730641/8000000000000000000000000000000
1533,1565236519/32000000000000000000000000000000,1565236623/32000000000000000000000000000000
1534,758539627/16000000000000000000000000000000,758539679/16000000000000000000000000000000
1535,91900227/2000000000000000000000000000000,183800467/4000000000000000000000000000000
1536,356291017/8000000000000000000000000000000,356291043/8000000000000000000000000000000
1537,1381316379/32000000000000000000000000000000,1381316483/32000000000000000000000000000000
1538,1338817741/32000000000000000000000000000000,267763569/6400000000000000000000000000000
1539,1297626649/32000000000000000000000000000000,1297626753/32000000000000000000000000000000
1540,628851437/16000000000000000000000000000000,628851489/16000000000000000000000000000000
1541,19046991/500000000000000000000000000000,152375941/4000000000000000000000000000000
1542,295375627/8000000000000000000000000000000,295375653/8000000000000000000000000000000
1543,1145151497/32000000000000000000000000000000,1145151601/32000000000000000000000000000000
1544,1109918889/32000000000000000000000000000000,1109918993/32000000000000000000000000000000
1545,537885137/16000000000000000000000000000000,537885189/16000000000000000000000000000000
1546,521336151/16000000000000000000000000000000,521336203/16000000000000000000000000000000
1547,1010592647/32000000000000000000000000000000,1010592751/32000000000000000000000000000000
1548,979499979/32000000000000000000000000000000,244875021/8000000000000000000000000000000
1549,237340983/8000000000000000000000000000000,949364037/32000000000000000000000000000000
1550,460077537/16000000000000000000000000000000,920155179/32000000000000000000000000000000
1551,445922439/16000000000000000000000000000000,891844983/32000000000000000000000000000000
1552,172881139/6400000000000000000000000000000,4322029/160000000000000000000000000000
1553,837810727/32000000000000000000000000000000,52363177/2000000000000000000000000000000
1554,406017/16000000000000000000000000000,162406821/6400000000000000000000000000000
1555,39352517/1600000000000000000000000000000,157410089/6400000000000000000000000000000
1556,381417673/16000000000000000000000000000000,762835451/32000000000000000000000000000000
1557,739365369/32000000000000000000000000000000,369682737/16000000000000000000000000000000
1558,44788593/2000000000000000000000000000000,716617593/32000000000000000000000000000000
1559,138913897/6400000000000000000000000000000,69456959/3200000000000000000000000000000
1560,168299957/8000000000000000000000000000000,673199933/32000000000000000000000000000000
1561,326243823/16000000000000000000000000000000,652487751/32000000000000000000000000000000
1562,632412711/32000000000000000000000000000000,39525801/2000000000000000000000000000000
1563,612955417/32000000000000000000000000000000,306477761/16000000000000000000000000000000
1564,594096761/32000000000000000000000000000000,297048433/16000000000000000000000000000000
1565,23032733/1280000000000000000000000000000,57581843/3200000000000000000000000000000
1566,558102257/32000000000000000000000000000000,279051181/16000000000000000000000000000000
1567,108186251/6400000000000000000000000000000,3380821/200000000000000000000000000000
1568,524288549/32000000000000000000000000000000,262144327/16000000000000000000000000000000
1569,254078943/16000000000000000000000000000000,508157991/32000000000000000000000000000000
1570,492523511/32000000000000000000000000000000,15391363/1000000000000000000000000000000
1571,95474031/6400000000000000000000000000000,23868513/1600000000000000000000000000000
1572,462683019/32000000000000000000000000000000,115670781/8000000000000000000000000000000
1573,448447759/32000000000000000000000000000000,56055983/4000000000000000000000000000000
1574,434650471/32000000000000000000000000000000,27165661/2000000000000000000000000000000
1575,421277681/32000000000000000000000000000000,210638893/16000000000000000000000000000000
1576,408316329/32000000000000000000000000000000,204158217/16000000000000000000000000000000
1577,98938439/8000000000000000000000000000000,395753861/32000000000000000000000000000000
1578,95894423/8000000000000000000000000000000,383577797/32000000000000000000000000000000
1579,371776247/32000000000000000000000000000000,11618011/1000000000000000000000000000000
1580,180168947/16000000000000000000000000000000,360337999/32000000000000000000000000000000
1581,174625731/16000000000000000000000000000000,349251567/32000000000000000000000000000000
1582,84626531/8000000000000000000000000000000,338506229/32000000000000000000000000000000
1583,65618277/6400000000000000000000000000000,32809149/3200000000000000000000000000000
1584,158998537/16000000000000000000000000000000,317997179/32000000000000000000000000000000
1585,77053333/8000000000000000000000000000000,308213437/32000000000000000000000000000000
1586,74682651/8000000000000000000000000000000,298730709/32000000000000000000000000000000
1587,289539629/32000000000000000000000000000000,144769867/16000000000000000000000000000000
1588,280631431/32000000000000000000000000000000,17539471/2000000000000000000000000000000
1589,271997309/32000000000000000000000000000000,135998707/16000000000000000000000000000000
1590,263628831/32000000000000000000000000000000,32953617/4000000000000000000000000000000
1591,1996233/250000000000000000000000000000,255517929/32000000000000000000000000000000
1592,247656367/32000000000000000000000000000000,30957059/4000000000000000000000000000000
1593,240036781/32000000000000000000000000000000,120018443/16000000000000000000000000000000
1594,1861213/256000000000000000000000000000,23265173/3200000000000000000000000000000
1595,225493687/32000000000000000000000000000000,225493791/32000000000000000000000000000000
1596,8742239/1280000000000000000000000000000,218556079/32000000000000000000000000000000
1597,105915857/16000000000000000000000000000000,105915909/16000000000000000000000000000000
1598,205314337/32000000000000000000000000000000,205314441/32000000000000000000000000000000
1599,99498739/16000000000000000000000000000000,99498791/16000000000000000000000000000000
1600,192874969/32000000000000000000000000000000,192875073/32000000000000000000000000000000
1601,18694083/3200000000000000000000000000000,93470467/16000000000000000000000000000000
1602,36237853/6400000000000000000000000000000,181189369/32000000000000000000000000000000
1603,175614657/32000000000000000000000000000000,175614761/32000000000000000000000000000000
1604,85105781/16000000000000000000000000000000,85105833/16000000000000000000000000000000
1605,82487351/16000000000000000000000000000000,82487403/16000000000000000000000000000000
1606,39974741/8000000000000000000000000000000,39974767/8000000000000000000000000000000
1607,15497939/3200000000000000000000000000000,77489747/16000000000000000000000000000000
1608,6008447/1280000000000000000000000000000,150211279/32000000000000000000000000000000
1609,72794831/16000000000000000000000000000000,145589767/32000000000000000000000000000000
1610,141110339/32000000000000000000000000000000,141110443/32000000000000000000000000000000
1611,13676883/3200000000000000000000000000000,68384467/16000000000000000000000000000000
1612,26512179/6400000000000000000000000000000,132560999/32000000000000000000000000000000
1613,5139297/1280000000000000000000000000000,128482529/32000000000000000000000000000000
1614,31132359/8000000000000000000000000000000,6226477/1600000000000000000000000000000
1615,30174517/8000000000000000000000000000000,30174543/8000000000000000000000000000000
1616,58492289/16000000000000000000000000000000,58492341/16000000000000000000000000000000
1617,5669267/1600000000000000000000000000000,28346361/8000000000000000000000000000000
1618,109896839/32000000000000000000000000000000,109896943/32000000000000000000000000000000
1619,26628917/8000000000000000000000000000000,26628943/8000000000000000000000000000000
1620,4129541/1280000000000000000000000000000,103238629/32000000000000000000000000000000
1621,100062209/32000000000000000000000000000000,100062313/32000000000000000000000000000000
1622,48491809/16000000000000000000000000000000,48491861/16000000000000000000000000000000
1623,18799949/6400000000000000000000000000000,93999849/32000000000000000000000000000000
1624,22776919/8000000000000000000000000000000,4555389/1600000000000000000000000000000
1625,88304587/32000000000000000000000000000000,88304691/32000000000000000000000000000000
1626,4279387/1600000000000000000000000000000,21396961/8000000000000000000000000000000
1627,41477241/16000000000000000000000000000000,41477293/16000000000000000000000000000000
1628,251257/100000000000000000000000000000,10050293/4000000000000000000000000000000
1629,77928523/32000000000000000000000000000000,77928627/32000000000000000000000000000000
1630,37765457/16000000000000000000000000000000,37765509/16000000000000000000000000000000
1631,2287721/1000000000000000000000000000000,9150897/4000000000000000000000000000000
1632,70954727/32000000000000000000000000000000,70954831/32000000000000000000000000000000
1633,68771679/32000000000000000000000000000000,68771783/32000000000000000000000000000000
1634,16663949/8000000000000000000000000000000,666559/320000000000000000000000000000
1635,16151253/8000000000000000000000000000000,16151279/8000000000000000000000000000000
1636,15654331/8000000000000000000000000000000,15654357/8000000000000000000000000000000
1637,60690791/32000000000000000000000000000000,12138179/6400000000000000000000000000000
1638,58823531/32000000000000000000000000000000,11764727/6400000000000000000000000000000
1639,57013721/32000000000000000000000000000000,2280553/1280000000000000000000000000000
1640,55259593/32000000000000000000000000000000,55259697/32000000000000000000000000000000
1641,26779717/16000000000000000000000000000000,26779769/16000000000000000000000000000000
1642,51911583/32000000000000000000000000000000,51911687/32000000000000000000000000000000
1643,50314431/32000000000000000000000000000000,10062907/6400000000000000000000000000000
1644,24383209/16000000000000000000000000000000,24383261/16000000000000000000000000000000
1645,47266033/32000000000000000000000000000000,47266137/32000000000000000000000000000000
1646,4581181/3200000000000000000000000000000,22905957/16000000000000000000000000000000
1647,5550291/4000000000000000000000000000000,173447/125000000000000000000000000000
1648,43036211/32000000000000000000000000000000,10759079/8000000000000000000000000000000
1649,333697/256000000000000000000000000000,4171223/3200000000000000000000000000000
1650,40428777/32000000000000000000000000000000,20214441/16000000000000000000000000000000
1651,19592457/16000000000000000000000000000000,39185019/32000000000000000000000000000000
1652,949483/800000000000000000000000000000,1519177/1280000000000000000000000000000
1653,36810819/32000000000000000000000000000000,9202731/8000000000000000000000000000000
1654,35678269/32000000000000000000000000000000,17839187/16000000000000000000000000000000
1655,8645141/8000000000000000000000000000000,34580669/32000000000000000000000000000000
1656,33516631/32000000000000000000000000000000,523699/500000000000000000000000000000
1657,4060679/4000000000000000000000000000000,32485537/32000000000000000000000000000000
1658,787149/800000000000000000000000000000,6297213/6400000000000000000000000000000
1659,15258619/16000000000000000000000000000000,30517343/32000000000000000000000000000000
1660,29578321/32000000000000000000000000000000,14789213/16000000000000000000000000000000
1661,28668291/32000000000000000000000000000000,7167099/8000000000000000000000000000000
1662,1389313/1600000000000000000000000000000,5557273/6400000000000000000000000000000
1663,13465683/16000000000000000000000000000000,26931471/32000000000000000000000000000000
1664,13051387/16000000000000000000000000000000,26102879/32000000000000000000000000000000
1665,6324919/8000000000000000000000000000000,25299781/32000000000000000000000000000000
1666,12260643/16000000000000000000000000000000,24521391/32000000000000000000000000000000
1667,4753369/6400000000000000000000000000000,475339/640000000000000000000000000000
1668,719863/1000000000000000000000000000000,23035721/32000000000000000000000000000000
1669,5581721/8000000000000000000000000000000,22326989/32000000000000000000000000000000
1670,21639957/32000000000000000000000000000000,10820031/16000000000000000000000000000000
1671,4194833/6400000000000000000000000000000,2097427/3200000000000000000000000000000
1672,20328857/32000000000000000000000000000000,10164481/16000000000000000000000000000000
1673,19703403/32000000000000000000000000000000,4925877/8000000000000000000000000000000
1674,19097193/32000000000000000000000000000000,9548649/16000000000000000000000000000000
1675,9254817/16000000000000000000000000000000,18509739/32000000000000000000000000000000
1676,2242519/4000000000000000000000000000000,17940257/32000000000000000000000000000000
1677,17388191/32000000000000000000000000000000,2173537/4000000000000000000000000000000
1678,4213303/8000000000000000000000000000000,16853317/32000000000000000000000000000000
1679,16334693/32000000000000000000000000000000,8167399/16000000000000000000000000000000
1680,15832127/32000000000000000000000000000000,1979029/4000000000000000000000000000000
1681,15345023/32000000000000000000000000000000,1918141/4000000000000000000000000000000
1682,7436453/16000000000000000000000000000000,14873011/32000000000000000000000000000000
1683,7207657/16000000000000000000000000000000,14415419/32000000000000000000000000000000
1684,13971801/32000000000000000000000000000000,6985953/16000000000000000000000000000000
1685,13541933/32000000000000000000000000000000,6771019/16000000000000000000000000000000
1686,13125291/32000000000000000000000000000000,3281349/8000000000000000000000000000000
1687,3180367/8000000000000000000000000000000,12721573/32000000000000000000000000000000
1688,12330069/32000000000000000000000000000000,6165087/16000000000000000000000000000000
1689,1493839/4000000000000000000000000000000,11950817/32000000000000000000000000000000
1690,11583027/32000000000000000000000000000000,2895783/8000000000000000000000000000000
1691,5613327/16000000000000000000000000000000,11226759/32000000000000000000000000000000
1692,5440623/16000000000000000000000000000000,10881351/32000000000000000000000000000000
1693,2109293/6400000000000000000000000000000,1054657/3200000000000000000000000000000
1694,319437/1000000000000000000000000000000,10222089/32000000000000000000000000000000
1695,4953743/16000000000000000000000000000000,9907591/32000000000000000000000000000000
1696,1200333/4000000000000000000000000000000,9602769/32000000000000000000000000000000
1697,9307221/32000000000000000000000000000000,4653663/16000000000000000000000000000000
1698,9020867/32000000000000000000000000000000,2255243/8000000000000000000000000000000
1699,2185831/8000000000000000000000000000000,8743429/32000000000000000000000000000000
1700,105929/400000000000000000000000000000,338977/1280000000000000000000000000000
1701,1026699/4000000000000000000000000000000,8213697/32000000000000000000000000000000
1702,3980443/16000000000000000000000000000000,7960991/32000000000000000000000000000000
1703,1543191/6400000000000000000000000000000,385803/1600000000000000000000000000000
1704,46741/200000000000000000000000000000,1495733/6400000000000000000000000000000
1705,1812117/8000000000000000000000000000000,7248573/32000000000000000000000000000000
1706,439091/2000000000000000000000000000000,7025561/32000000000000000000000000000000
1707,1361861/6400000000000000000000000000000,680941/3200000000000000000000000000000
1708,1649951/8000000000000000000000000000000,6599909/32000000000000000000000000000000
1709,6396749/32000000000000000000000000000000,3198427/16000000000000000000000000000000
1710,6199941/32000000000000000000000000000000,3100023/16000000000000000000000000000000
1711,1502297/8000000000000000000000000000000,6009293/32000000000000000000000000000000
1712,364019/2000000000000000000000000000000,5824409/32000000000000000000000000000000
1713,5645109/32000000000000000000000000000000,5645213/32000000000000000000000000000000
1714,5471427/32000000000000000000000000000000,5471531/32000000000000000000000000000000
1715,331443/2000000000000000000000000000000,662899/4000000000000000000000000000000
1716,5139929/32000000000000000000000000000000,5140033/32000000000000000000000000000000
1717,498179/3200000000000000000000000000000,2490947/16000000000000000000000000000000
1718,1207129/8000000000000000000000000000000,241431/1600000000000000000000000000000
1719,2339979/16000000000000000000000000000000,2340031/16000000000000000000000000000000
1720,453597/3200000000000000000000000000000,2268037/16000000000000000000000000000000
1721,1099103/8000000000000000000000000000000,1099129/8000000000000000000000000000000
1722,1065287/8000000000000000000000000000000,1065313/8000000000000000000000000000000
1723,2065023/16000000000000000000000000000000,82603/640000000000000000000000000000
1724,4002977/32000000000000000000000000000000,4003081/32000000000000000000000000000000
1725,1939909/16000000000000000000000000000000,1939961/16000000000000000000000000000000
1726,58757/500000000000000000000000000000,470069/4000000000000000000000000000000
1727,3644751/32000000000000000000000000000000,728971/6400000000000000000000000000000
1728,3532613/32000000000000000000000000000000,3532717/32000000000000000000000000000000
1729,136957/1280000000000000000000000000000,3424029/32000000000000000000000000000000
1730,3318581/32000000000000000000000000000000,663737/6400000000000000000000000000000
1731,1608239/16000000000000000000000000000000,3216583/32000000000000000000000000000000
1732,3117517/32000000000000000000000000000000,1558811/16000000000000000000000000000000
1733,3021601/32000000000000000000000000000000,1510853/16000000000000000000000000000000
1734,732159/8000000000000000000000000000000,2928741/32000000000000000000000000000000
1735,2838531/32000000000000000000000000000000,709659/8000000000000000000000000000000
1736,1375599/16000000000000000000000000000000,2751303/32000000000000000000000000000000
1737,333319/4000000000000000000000000000000,2666657/32000000000000000000000000000000
1738,258451/3200000000000000000000000000000,516923/6400000000000000000000000000000
1739,78281/1000000000000000000000000000000,2505097/32000000000000000000000000000000
1740,2427921/32000000000000000000000000000000,1214013/16000000000000000000000000000000
1741,2353221/32000000000000000000000000000000,1176663/16000000000000000000000000000000
1742,114041/1600000000000000000000000000000,570231/8000000000000000000000000000000
1743,1105323/16000000000000000000000000000000,8843/128000000000000000000000000000
1744,2142631/32000000000000000000000000000000,428547/6400000000000000000000000000000
1745,2076709/32000000000000000000000000000000,2076813/32000000000000000000000000000000
1746,402563/6400000000000000000000000000000,2012919/32000000000000000000000000000000
1747,1950887/32000000000000000000000000000000,1950991/32000000000000000000000000000000
1748,118179/2000000000000000000000000000000,236371/4000000000000000000000000000000
1749,114543/2000000000000000000000000000000,229099/4000000000000000000000000000000
1750,888151/16000000000000000000000000000000,888203/16000000000000000000000000000000
1751,34433/640000000000000000000000000000,860877/16000000000000000000000000000000
1752,41717/800000000000000000000000000000,104299/2000000000000000000000000000000
1753,80867/1600000000000000000000000000000,404361/8000000000000000000000000000000
1754,1567579/32000000000000000000000000000000,1567683/32000000000000000000000000000000
1755,1519349/32000000000000000000000000000000,1519453/32000000000000000000000000000000
1756,1472603/32000000000000000000000000000000,1472707/32000000000000000000000000000000
1757,285459/6400000000000000000000000000000,1427399/32000000000000000000000000000000
1758,1383381/32000000000000000000000000000000,276697/6400000000000000000000000000000
1759,670409/16000000000000000000000000000000,670461/16000000000000000000000000000000
1760,259913/6400000000000000000000000000000,1299669/32000000000000000000000000000000
1761,1259581/32000000000000000000000000000000,251937/6400000000000000000000000000000
1762,1220827/32000000000000000000000000000000,1220931/32000000000000000000000000000000
1763,591633/16000000000000000000000000000000,118337/3200000000000000000000000000000
1764,57343/1600000000000000000000000000000,286741/8000000000000000000000000000000
1765,555787/16000000000000000000000000000000,555839/16000000000000000000000000000000
1766,538687/16000000000000000000000000000000,538739/16000000000000000000000000000000
1767,522113/16000000000000000000000000000000,104433/3200000000000000000000000000000
1768,506049/16000000000000000000000000000000,506101/16000000000000000000000000000000
1769,980959/32000000000000000000000000000000,981063/32000000000000000000000000000000
1770,475389/16000000000000000000000000000000,475441/16000000000000000000000000000000
1771,36861/1280000000000000000000000000000,921629/32000000000000000000000000000000
1772,223293/8000000000000000000000000000000,223319/8000000000000000000000000000000
1773,865691/32000000000000000000000000000000,216449/8000000000000000000000000000000
1774,52441/2000000000000000000000000000000,839161/32000000000000000000000000000000
1775,20331/800000000000000000000000000000,162669/6400000000000000000000000000000
1776,788219/32000000000000000000000000000000,197081/8000000000000000000000000000000
1777,11937/500000000000000000000000000000,764073/32000000000000000000000000000000
1778,740463/32000000000000000000000000000000,92571/4000000000000000000000000000000
1779,717681/32000000000000000000000000000000,358893/16000000000000000000000000000000
1780,1739/80000000000000000000000000000,139141/6400000000000000000000000000000
1781,337099/16000000000000000000000000000000,674303/32000000000000000000000000000000
1782,130691/6400000000000000000000000000000,16339/800000000000000000000000000000
1783,12667/640000000000000000000000000000,126691/6400000000000000000000000000000
1784,613863/32000000000000000000000000000000,38373/2000000000000000000000000000000
1785,18593/1000000000000000000000000000000,595081/32000000000000000000000000000000
1786,57667/3200000000000000000000000000000,23071/1280000000000000000000000000000
1787,558927/32000000000000000000000000000000,69879/4000000000000000000000000000000
1788,54173/3200000000000000000000000000000,108367/6400000000000000000000000000000
1789,262531/16000000000000000000000000000000,525167/32000000000000000000000000000000
1790,508907/32000000000000000000000000000000,127253/8000000000000000000000000000000
1791,493249/32000000000000000000000000000000,246677/16000000000000000000000000000000
1792,478073/32000000000000000000000000000000,239089/16000000000000000000000000000000
1793,115841/8000000000000000000000000000000,463469/32000000000000000000000000000000
1794,449107/32000000000000000000000000000000,112303/8000000000000000000000000000000
1795,435289/32000000000000000000000000000000,217697/16000000000000000000000000000000
1796,52737/4000000000000000000000000000000,422001/32000000000000000000000000000000
1797,81783/6400000000000000000000000000000,20451/1600000000000000000000000000000
1798,198167/16000000000000000000000000000000,198219/16000000000000000000000000000000
1799,19207/1600000000000000000000000000000,96061/8000000000000000000000000000000
1800,372321/32000000000000000000000000000000,14897/1280000000000000000000000000000
1801,72173/6400000000000000000000000000000,360969/32000000000000000000000000000000
1802,174881/16000000000000000000000000000000,174933/16000000000000000000000000000000
1803,339/32000000000000000000000000000,10597/1000000000000000000000000000000
1804,32857/3200000000000000000000000000000,164337/16000000000000000000000000000000
1805,15923/1600000000000000000000000000000,79641/8000000000000000000000000000000
1806,154331/16000000000000000000000000000000,154383/16000000000000000000000000000000
1807,59833/6400000000000000000000000000000,299269/32000000000000000000000000000000
1808,7249/800000000000000000000000000000,18129/2000000000000000000000000000000
1809,140519/16000000000000000000000000000000,140571/16000000000000000000000000000000
1810,272391/32000000000000000000000000000000,54499/6400000000000000000000000000000
1811,26401/3200000000000000000000000000000,132057/16000000000000000000000000000000
1812,255887/32000000000000000000000000000000,255991/32000000000000000000000000000000
1813,124007/16000000000000000000000000000000,124059/16000000000000000000000000000000
1814,240383/32000000000000000000000000000000,240487/32000000000000000000000000000000
1815,232987/32000000000000000000000000000000,233091/32000000000000000000000000000000
1816,112909/16000000000000000000000000000000,112961/16000000000000000000000000000000
1817,21887/3200000000000000000000000000000,109487/16000000000000000000000000000000
1818,26517/4000000000000000000000000000000,2653/400000000000000000000000000000
1819,205609/32000000000000000000000000000000,205713/32000000000000000000000000000000
1820,199283/32000000000000000000000000000000,199387/32000000000000000000000000000000
1821,193151/32000000000000000000000000000000,38651/6400000000000000000000000000000
1822,23401/4000000000000000000000000000000,11707/2000000000000000000000000000000
1823,22681/4000000000000000000000000000000,11347/2000000000000000000000000000000
1824,35173/6400000000000000000000000000000,175969/32000000000000000000000000000000
1825,85227/16000000000000000000000000000000,85279/16000000000000000000000000000000
1826,165209/32000000000000000000000000000000,165313/32000000000000000000000000000000
1827,80063/16000000000000000000000000000000,16023/3200000000000000000000000000000
1828,155199/32000000000000000000000000000000,155303/32000000000000000000000000000000
1829,18803/4000000000000000000000000000000,147/31250000000000000000000000000
1830,29159/6400000000000000000000000000000,145899/32000000000000000000000000000000
1831,141309/32000000000000000000000000000000,141413/32000000000000000000000000000000
1832,136961/32000000000000000000000000000000,27413/6400000000000000000000000000000
1833,132747/32000000000000000000000000000000,132851/32000000000000000000000000000000
1834,64331/16000000000000000000000000000000,64383/16000000000000000000000000000000
1835,124703/32000000000000000000000000000000,124807/32000000000000000000000000000000
1836,60433/16000000000000000000000000000000,12097/3200000000000000000000000000000
1837,117147/32000000000000000000000000000000,117251/32000000000000000000000000000000
1838,56771/16000000000000000000000000000000,56823/16000000000000000000000000000000
1839,3439/1000000000000000000000000000000,13769/4000000000000000000000000000000
1840,53331/16000000000000000000000000000000,53383/16000000000000000000000000000000
1841,5169/1600000000000000000000000000000,25871/8000000000000000000000000000000
1842,100199/32000000000000000000000000000000,100303/32000000000000000000000000000000
1843,24279/8000000000000000000000000000000,4861/1600000000000000000000000000000
1844,5883/2000000000000000000000000000000,11779/4000000000000000000000000000000
1845,91231/32000000000000000000000000000000,11417/4000000000000000000000000000000
1846,11053/4000000000000000000000000000000,88529/32000000000000000000000000000000
1847,85703/32000000000000000000000000000000,5363/2000000000000000000000000000000
1848,41533/16000000000000000000000000000000,83171/32000000000000000000000000000000
1849,8051/3200000000000000000000000000000,16123/6400000000000000000000000000000
1850,4877/2000000000000000000000000000000,78137/32000000000000000000000000000000
1851,75631/32000000000000000000000000000000,9467/4000000000000000000000000000000
1852,9163/4000000000000000000000000000000,73409/32000000000000000000000000000000
1853,8881/4000000000000000000000000000000,71153/32000000000000000000000000000000
1854,34431/16000000000000000000000000000000,68967/32000000000000000000000000000000
1855,66743/32000000000000000000000000000000,2089/1000000000000000000000000000000
1856,64689/32000000000000000000000000000000,32397/16000000000000000000000000000000
1857,31349/16000000000000000000000000000000,62803/32000000000000000000000000000000
1858,1899/1000000000000000000000000000000,60873/32000000000000000000000000000000
1859,29449/16000000000000000000000000000000,59003/32000000000000000000000000000000
1860,11417/6400000000000000000000000000000,5719/3200000000000000000000000000000
1861,1729/1000000000000000000000000000000,55433/32000000000000000000000000000000
1862,429/256000000000000000000000000000,5373/3200000000000000000000000000000
1863,2079/1280000000000000000000000000000,651/400000000000000000000000000000
1864,403/256000000000000000000000000000,631/400000000000000000000000000000
1865,1953/1280000000000000000000000000000,4893/3200000000000000000000000000000
1866,23661/16000000000000000000000000000000,47427/32000000000000000000000000000000
1867,22933/16000000000000000000000000000000,45971/32000000000000000000000000000000
1868,22227/16000000000000000000000000000000,44559/32000000000000000000000000000000
1869,21543/16000000000000000000000000000000,43191/32000000000000000000000000000000
1870,261/200000000000000000000000000000,8373/6400000000000000000000000000000
1871,1619/1280000000000000000000000000000,2029/1600000000000000000000000000000
1872,39229/32000000000000000000000000000000,19667/16000000000000000000000000000000
1873,19011/16000000000000000000000000000000,38127/32000000000000000000000000000000
1874,9213/8000000000000000000000000000000,36957/32000000000000000000000000000000
1875,17859/16000000000000000000000000000000,35823/32000000000000000000000000000000
1876,34619/32000000000000000000000000000000,8681/8000000000000000000000000000000
1877,33553/32000000000000000000000000000000,16829/16000000000000000000000000000000
1878,813/800000000000000000000000000000,261/256000000000000000000000000000
1879,31519/32000000000000000000000000000000,3953/4000000000000000000000000000000
1880,30549/32000000000000000000000000000000,15327/16000000000000000000000000000000
1881,29609/32000000000000000000000000000000,14857/16000000000000000000000000000000
1882,14349/16000000000000000000000000000000,28803/32000000000000000000000000000000
1883,5563/6400000000000000000000000000000,349/400000000000000000000000000000
1884,26959/32000000000000000000000000000000,3383/4000000000000000000000000000000
1885,26129/32000000000000000000000000000000,13117/16000000000000000000000000000000
1886,1013/1280000000000000000000000000000,2543/3200000000000000000000000000000
1887,4909/6400000000000000000000000000000,493/640000000000000000000000000000
1888,23789/32000000000000000000000000000000,11947/16000000000000000000000000000000
1889,23057/32000000000000000000000000000000,11581/16000000000000000000000000000000
1890,22347/32000000000000000000000000000000,5613/8000000000000000000000000000000
1891,21659/32000000000000000000000000000000,5441/8000000000000000000000000000000
1892,41/62500000000000000000000000000,21097/32000000000000000000000000000000
1893,10173/16000000000000000000000000000000,20451/32000000000000000000000000000000
1894,493/800000000000000000000000000000,793/1280000000000000000000000000000
1895,19113/32000000000000000000000000000000,9609/16000000000000000000000000000000
1896,4631/8000000000000000000000000000000,18629/32000000000000000000000000000000
1897,8977/16000000000000000000000000000000,18059/32000000000000000000000000000000
1898,17401/32000000000000000000000000000000,8753/16000000000000000000000000000000
1899,3373/6400000000000000000000000000000,1697/3200000000000000000000000000000
1900,8173/16000000000000000000000000000000,16451/32000000000000000000000000000000
1901,15843/32000000000000000000000000000000,3987/8000000000000000000000000000000
1902,3071/6400000000000000000000000000000,773/1600000000000000000000000000000
1903,7441/16000000000000000000000000000000,14987/32000000000000000000000000000000
1904,1803/4000000000000000000000000000000,14529/32000000000000000000000000000000
1905,699/1600000000000000000000000000000,2817/6400000000000000000000000000000
1906,13549/32000000000000000000000000000000,6827/16000000000000000000000000000000
1907,3283/8000000000000000000000000000000,13237/32000000000000000000000000000000
1908,12727/32000000000000000000000000000000,401/1000000000000000000000000000000
1909,2467/6400000000000000000000000000000,311/800000000000000000000000000000
1910,2391/6400000000000000000000000000000,603/1600000000000000000000000000000
1911,11587/32000000000000000000000000000000,2923/8000000000000000000000000000000
1912,1123/3200000000000000000000000000000,2267/6400000000000000000000000000000
1913,2721/8000000000000000000000000000000,10989/32000000000000000000000000000000
1914,10549/32000000000000000000000000000000,5327/16000000000000000000000000000000
1915,639/2000000000000000000000000000000,10329/32000000000000000000000000000000
1916,9909/32000000000000000000000000000000,5007/16000000000000000000000000000000
1917,2401/8000000000000000000000000000000,9709/32000000000000000000000000000000
1918,2327/8000000000000000000000000000000,9413/32000000000000000000000000000000
1919,9021/32000000000000000000000000000000,4563/16000000000000000000000000000000
1920,8743/32000000000000000000000000000000,553/2000000000000000000000000000000
1921,4237/16000000000000000000000000000000,4289/16000000000000000000000000000000
1922,8213/32000000000000000000000000000000,8317/32000000000000000000000000000000
1923,199/800000000000000000000000000000,63/250000000000000000000000000000
1924,1543/6400000000000000000000000000000,7819/32000000000000000000000000000000
1925,7477/32000000000000000000000000000000,7581/32000000000000000000000000000000
1926,3623/16000000000000000000000000000000,147/640000000000000000000000000000
1927,7023/32000000000000000000000000000000,7127/32000000000000000000000000000000
1928,3403/16000000000000000000000000000000,691/3200000000000000000000000000000
1929,1649/8000000000000000000000000000000,67/320000000000000000000000000000
1930,6393/32000000000000000000000000000000,6497/32000000000000000000000000000000
1931,1549/8000000000000000000000000000000,63/320000000000000000000000000000
1932,1201/6400000000000000000000000000000,6109/32000000000000000000000000000000
1933,291/1600000000000000000000000000000,1481/8000000000000000000000000000000
1934,141/800000000000000000000000000000,359/2000000000000000000000000000000
1935,2733/16000000000000000000000000000000,557/3200000000000000000000000000000
1936,5297/32000000000000000000000000000000,5401/32000000000000000000000000000000
1937,2567/16000000000000000000000000000000,2619/16000000000000000000000000000000
1938,311/2000000000000000000000000000000,127/800000000000000000000000000000
1939,2411/16000000000000000000000000000000,2463/16000000000000000000000000000000
1940,4673/32000000000000000000000000000000,4777/32000000000000000000000000000000
1941,4529/32000000000000000000000000000000,4633/32000000000000000000000000000000
1942,4389/32000000000000000000000000000000,4493/32000000000000000000000000000000
1943,4253/32000000000000000000000000000000,4357/32000000000000000000000000000000
1944,2061/16000000000000000000000000000000,2113/16000000000000000000000000000000
1945,799/6400000000000000000000000000000,4099/32000000000000000000000000000000
1946,121/1000000000000000000000000000000,497/4000000000000000000000000000000
1947,469/4000000000000000000000000000000,241/2000000000000000000000000000000
1948,909/8000000000000000000000000000000,187/1600000000000000000000000000000
1949,881/8000000000000000000000000000000,907/8000000000000000000000000000000
1950,683/6400000000000000000000000000000,3519/32000000000000000000000000000000
1951,3309/32000000000000000000000000000000,3413/32000000000000000000000000000000
1952,3207/32000000000000000000000000000000,3311/32000000000000000000000000000000
1953,777/8000000000000000000000000000000,803/8000000000000000000000000000000
1954,753/8000000000000000000000000000000,779/8000000000000000000000000000000
1955,2919/32000000000000000000000000000000,3023/32000000000000000000000000000000
1956,2829/32000000000000000000000000000000,2933/32000000000000000000000000000000
1957,2741/32000000000000000000000000000000,569/6400000000000000000000000000000
1958,83/1000000000000000000000000000000,69/800000000000000000000000000000
1959,1287/16000000000000000000000000000000,1339/16000000000000000000000000000000
1960,1247/16000000000000000000000000000000,1299/16000000000000000000000000000000
1961,2417/32000000000000000000000000000000,2521/32000000000000000000000000000000
1962,1171/16000000000000000000000000000000,1223/16000000000000000000000000000000
1963,2269/32000000000000000000000000000000,2373/32000000000000000000000000000000
1964,2199/32000000000000000000000000000000,2303/32000000000000000000000000000000
1965,2131/32000000000000000000000000000000,447/6400000000000000000000000000000
1966,413/6400000000000000000000000000000,2169/32000000000000000000000000000000
1967,2001/32000000000000000000000000000000,421/6400000000000000000000000000000
1968,1939/32000000000000000000000000000000,2043/32000000000000000000000000000000
1969,1879/32000000000000000000000000000000,1983/32000000000000000000000000000000
1970,1821/32000000000000000000000000000000,77/1280000000000000000000000000000
1971,441/8000000000000000000000000000000,467/8000000000000000000000000000000
1972,1709/32000000000000000000000000000000,1813/32000000000000000000000000000000
1973,207/4000000000000000000000000000000,11/200000000000000000000000000000
1974,321/6400000000000000000000000000000,1709/32000000000000000000000000000000
1975,311/6400000000000000000000000000000,1659/32000000000000000000000000000000
1976,1507/32000000000000000000000000000000,1611/32000000000000000000000000000000
1977,73/1600000000000000000000000000000,391/8000000000000000000000000000000
1978,283/6400000000000000000000000000000,1519/32000000000000000000000000000000
1979,1371/32000000000000000000000000000000,59/1280000000000000000000000000000
1980,83/2000000000000000000000000000000,179/4000000000000000000000000000000
1981,1287/32000000000000000000000000000000,1391/32000000000000000000000000000000
1982,1247/32000000000000000000000000000000,1351/32000000000000000000000000000000
1983,151/4000000000000000000000000000000,41/1000000000000000000000000000000
1984,117/3200000000000000000000000000000,637/16000000000000000000000000000000
1985,567/16000000000000000000000000000000,619/16000000000000000000000000000000
1986,1099/32000000000000000000000000000000,1203/32000000000000000000000000000000
1987,213/6400000000000000000000000000000,1169/32000000000000000000000000000000
1988,129/4000000000000000000000000000000,71/2000000000000000000000000000000
1989,1/32000000000000000000000000000,69/2000000000000000000000000000000
1990,969/32000000000000000000000000000000,1073/32000000000000000000000000000000
1991,939/32000000000000000000000000000000,1043/32000000000000000000000000000000
1992,91/3200000000000000000000000000000,507/16000000000000000000000000000000
1993,441/16000000000000000000000000000000,493/16000000000000000000000000000000
1994,427/16000000000000000000000000000000,479/16000000000000000000000000000000
1995,827/32000000000000000000000000000000,931/32000000000000000000000000000000
1996,801/32000000000000000000000000000000,181/6400000000000000000000000000000
1997,97/4000000000000000000000000000000,11/400000000000000000000000000000
1998,47/2000000000000000000000000000000,107/4000000000000000000000000000000
1999,91/4000000000000000000000000000000,13/500000000000000000000000000000
2000,141/6400000000000000000000000000000,809/32000000000000000000000000000000
2001,683/32000000000000000000000000000000,787/32000000000000000000000000000000
2002,661/32000000000000000000000000000000,383/16000000000000000000000000000000
2003,1/50000000000000000000000000000,149/6400000000000000000000000000000
2004,31/1600000000000000000000000000000,29/1280000000000000000000000000000
2005,3/160000000000000000000000000000,141/6400000000000000000000000000000
2006,581/32000000000000000000000000000000,343/16000000000000000000000000000000
2007,563/32000000000000000000000000000000,167/8000000000000000000000000000000
2008,109/6400000000000000000000000000000,13/640000000000000000000000000000
2009,33/2000000000000000000000000000000,633/32000000000000000000000000000000
2010,511/32000000000000000000000000000000,77/4000000000000000000000000000000
2011,99/6400000000000000000000000000000,3/160000000000000000000000000000
2012,479/32000000000000000000000000000000,73/4000000000000000000000000000000
2013,29/2000000000000000000000000000000,569/32000000000000000000000000000000
2014,449/32000000000000000000000000000000,277/16000000000000000000000000000000
2015,87/6400000000000000000000000000000,27/1600000000000000000000000000000
2016,421/32000000000000000000000000000000,263/16000000000000000000000000000000
2017,51/4000000000000000000000000000000,513/32000000000000000000000000000000
2018,79/6400000000000000000000000000000,1/64000000000000000000000000000
2019,191/16000000000000000000000000000000,487/32000000000000000000000000000000
2020,37/3200000000000000000000000000000,19/1280000000000000000000000000000
2021,179/16000000000000000000000000000000,463/32000000000000000000000000000000
2022,173/16000000000000000000000000000000,451/32000000000000000000000000000000
2023,67/6400000000000000000000000000000,11/800000000000000000000000000000
2024,81/8000000000000000000000000000000,429/32000000000000000000000000000000
2025,157/16000000000000000000000000000000,419/32000000000000000000000000000000
2026,19/2000000000000000000000000000000,409/32000000000000000000000000000000
2027,147/16000000000000000000000000000000,399/32000000000000000000000000000000
2028,71/8000000000000000000000000000000,389/32000000000000000000000000000000
2029,11/1280000000000000000000000000000,19/1600000000000000000000000000000
2030,133/16000000000000000000000000000000,371/32000000000000000000000000000000
2031,257/32000000000000000000000000000000,181/16000000000000000000000000000000
2032,249/32000000000000000000000000000000,177/16000000000000000000000000000000
2033,241/32000000000000000000000000000000,173/16000000000000000000000000000000
2034,233/32000000000000000000000000000000,169/16000000000000000000000000000000
2035,9/1280000000000000000000000000000,33/3200000000000000000000000000000
2036,109/16000000000000000000000000000000,323/32000000000000000000000000000000
2037,211/32000000000000000000000000000000,79/8000000000000000000000000000000
2038,51/8000000000000000000000000000000,309/32000000000000000000000000000000
2039,197/32000000000000000000000000000000,151/16000000000000000000000000000000
2040,19/3200000000000000000000000000000,59/6400000000000000000000000000000
2041,23/4000000000000000000000000000000,289/32000000000000000000000000000000
2042,89/16000000000000000000000000000000,283/32000000000000000000000000000000
2043,43/8000000000000000000000000000000,277/32000000000000000000000000000000
2044,83/16000000000000000000000000000000,271/32000000000000000000000000000000
2045,1/200000000000000000000000000000,53/6400000000000000000000000000000
2046,31/6400000000000000000000000000000,13/1600000000000000000000000000000
2047,3/640000000000000000000000000000,51/6400000000000000000000000000000
2048,29/6400000000000000000000000000000,1/128000000000000000000000000000
2049,7/1600000000000000000000000000000,49/6400000000000000000000000000000
2050,27/6400000000000000000000000000000,3/400000000000000000000000000000
2051,13/3200000000000000000000000000000,47/6400000000000000000000000000000
2052,63/16000000000000000000000000000000,23/3200000000000000000000000000000
2053,61/16000000000000000000000000000000,113/16000000000000000000000000000000
2054,59/16000000000000000000000000000000,111/16000000000000000000000000000000
2055,57/16000000000000000000000000000000,109/16000000000000000000000000000000
2056,11/3200000000000000000000000000000,107/16000000000000000000000000000000
2057,53/16000000000000000000000000000000,21/3200000000000000000000000000000
2058,51/16000000000000000000000000000000,103/16000000000000000000000000000000
2059,49/16000000000000000000000000000000,101/16000000000000000000000000000000
2060,47/16000000000000000000000000000000,199/32000000000000000000000000000000
2061,91/32000000000000000000000000000000,49/8000000000000000000000000000000
2062,11/4000000000000000000000000000000,193/32000000000000000000000000000000
2063,17/6400000000000000000000000000000,19/3200000000000000000000000000000
2064,41/16000000000000000000000000000000,187/32000000000000000000000000000000
2065,79/32000000000000000000000000000000,23/4000000000000000000000000000000
2066,19/8000000000000000000000000000000,181/32000000000000000000000000000000
2067,73/32000000000000000000000000000000,89/16000000000000000000000000000000
2068,7/3200000000000000000000000000000,7/1280000000000000000000000000000
2069,67/32000000000000000000000000000000,43/8000000000000000000000000000000
2070,1/500000000000000000000000000000,169/32000000000000000000000000000000
2071,31/16000000000000000000000000000000,167/32000000000000000000000000000000
2072,3/1600000000000000000000000000000,33/6400000000000000000000000000000
2073,29/16000000000000000000000000000000,163/32000000000000000000000000000000
2074,7/4000000000000000000000000000000,161/32000000000000000000000000000000
2075,27/16000000000000000000000000000000,159/32000000000000000000000000000000
2076,13/8000000000000000000000000000000,157/32000000000000000000000000000000
2077,1/640000000000000000000000000000,31/6400000000000000000000000000000
2078,3/2000000000000000000000000000000,153/32000000000000000000000000000000
2079,23/16000000000000000000000000000000,151/32000000000000000000000000000000
2080,11/8000000000000000000000000000000,149/32000000000000000000000000000000
2081,21/16000000000000000000000000000000,147/32000000000000000000000000000000
2082,1/800000000000000000000000000000,29/6400000000000000000000000000000
2083,19/16000000000000000000000000000000,143/32000000000000000000000000000000
2084,9/8000000000000000000000000000000,141/32000000000000000000000000000000
2085,17/16000000000000000000000000000000,139/32000000000000000000000000000000
2086,1/1000000000000000000000000000000,137/32000000000000000000000000000000
2087,31/32000000000000000000000000000000,17/4000000000000000000000000000000
2088,3/3200000000000000000000000000000,27/6400000000000000000000000000000
2089,29/32000000000000000000000000000000,67/16000000000000000000000000000000
2090,7/8000000000000000000000000000000,133/32000000000000000000000000000000
2091,27/32000000000000000000000000000000,33/8000000000000000000000000000000
2092,13/16000000000000000000000000000000,131/32000000000000000000000000000000
2093,1/1280000000000000000000000000000,13/3200000000000000000000000000000
2094,3/4000000000000000000000000000000,129/32000000000000000000000000000000
2095,23/32000000000000000000000000000000,1/250000000000000000000000000000
2096,11/16000000000000000000000000000000,127/32000000000000000000000000000000
2097,21/32000000000000000000000000000000,63/16000000000000000000000000000000
2098,1/1600000000000000000000000000000,1/256000000000000000000000000000
2099,19/32000000000000000000000000000000,31/8000000000000000000000000000000
2100,9/16000000000000000000000000000000,123/32000000000000000000000000000000
2101,17/32000000000000000000000000000000,61/16000000000000000000000000000000
2102,1/2000000000000000000000000000000,121/32000000000000000000000000000000
2103,3/6400000000000000000000000000000,3/800000000000000000000000000000
2104,7/16000000000000000000000000000000,119/32000000000000000000000000000000
2105,13/32000000000000000000000000000000,59/16000000000000000000000000000000
2106,3/8000000000000000000000000000000,117/32000000000000000000000000000000
2107,11/32000000000000000000000000000000,29/8000000000000000000000000000000
2108,1/3200000000000000000000000000000,23/6400000000000000000000000000000
2109,9/32000000000000000000000000000000,57/16000000000000000000000000000000
2110,1/4000000000000000000000000000000,113/32000000000000000000000000000000
2111,7/32000000000000000000000000000000,7/2000000000000000000000000000000
2112,3/16000000000000000000000000000000,111/32000000000000000000000000000000
2113,1/6400000000000000000000000000000,11/3200000000000000000000000000000
2114,1/8000000000000000000000000000000,109/32000000000000000000000000000000
2115,3/32000000000000000000000000000000,27/8000000000000000000000000000000
2116,1/16000000000000000000000000000000,107/32000000000000000000000000000000
2117,1/32000000000000000000000000000000,53/16000000000000000000000000000000
2118,0,21/6400000000000000000000000000000
2119,0,13/4000000000000000000000000000000
2120,0,13/4000000000000000000000000000000
2121,0,13/4000000000000000000000000000000
2122,0,13/4000000000000000000000000000000
2123,0,13/4000000000000000000000000000000
2124,0,13/4000000000000000000000000000000
2125,0,13/4000000000000000000000000000000
2126,0,13/4000000000000000000000000000000
2127,0,13/4000000000000000000000000000000
2128,0,13/4000000000000000000000000000000
2129,0,13/4000000000000000000000000000000
2130,0,13/4000000000000000000000000000000
2131,0,13/4000000000000000000000000000000
2132,0,13/4000000000000000000000000000000
2133,0,13/4000000000000000000000000000000
2134,0,13/4000000000000000000000000000000
2135,0,13/4000000000000000000000000000000
2136,0,13/4000000000000000000000000000000
2137,0,13/4000000000000000000000000000000
2138,0,13/4000000000000000000000000000000
2139,0,13/4000000000000000000000000000000
2140,0,13/4000000000000000000000000000000
2141,0,13/4000000000000000000000000000000
2142,0,13/4000000000000000000000000000000
2143,0,13/4000000000000000000000000000000
2144,0,13/4000000000000000000000000000000
2145,0,13/4000000000000000000000000000000
2146,0,13/4000000000000000000000000000000
2147,0,13/4000000000000000000000000000000
2148,0,13/4000000000000000000000000000000
2149,0,13/4000000000000000000000000000000
2150,0,13/4000000000000000000000000000000
2151,0,13/4000000000000000000000000000000
2152,0,13/4000000000000000000000000000000
2153,0,13/4000000000000000000000000000000
2154,0,13/4000000000000000000000000000000
2155,0,13/4000000000000000000000000000000
2156,0,13/4000000000000000000000000000000
2157,0,13/4000000000000000000000000000000
2158,0,13/4000000000000000000000000000000
2159,0,13/4000000000000000000000000000000
2160,0,13/4000000000000000000000000000000
2161,0,13/4000000000000000000000000000000
2162,0,13/4000000000000000000000000000000
2163,0,13/4000000000000000000000000000000
2164,0,13/4000000000000000000000000000000
2165,0,13/4000000000000000000000000000000
2166,0,13/4000000000000000000000000000000
2167,0,13/4000000000000000000000000000000
2168,0,13/4000000000000000000000000000000
2169,0,13/4000000000000000000000000000000
2170,0,13/4000000000000000000000000000000
2171,0,13/4000000000000000000000000000000
2172,0,13/4000000000000000000000000000000
2173,0,13/4000000000000000000000000000000
2174,0,13/4000000000000000000000000000000
2175,0,13/4000000000000000000000000000000
2176,0,13/4000000000000000000000000000000
2177,0,13/4000000000000000000000000000000
2178,0,13/4000000000000000000000000000000
2179,0,13/4000000000000000000000000000000
2180,0,13/4000000000000000000000000000000
2181,0,13/4000000000000000000000000000000
2182,0,13/4000000000000000000000000000000
2183,0,13/4000000000000000000000000000000
2184,0,13/4000000000000000000000000000000
2185,0,13/4000000000000000000000000000000
2186,0,13/4000000000000000000000000000000
2187,0,13/4000000000000000000000000000000
2188,0,13/4000000000000000000000000000000
2189,0,13/4000000000000000000000000000000
2190,0,13/4000000000000000000000000000000
2191,0,13/4000000000000000000000000000000
2192,0,13/4000000000000000000000000000000
2193,0,13/4000000000000000000000000000000
2194,0,13/4000000000000000000000000000000
2195,0,13/4000000000000000000000000000000
2196,0,13/4000000000000000000000000000000
2197,0,13/4000000000000000000000000000000
2198,0,13/4000000000000000000000000000000
2199,0,13/4000000000000000000000000000000
2200,0,13/4000000000000000000000000000000
2201,0,13/4000000000000000000000000000000
2202,0,13/4000000000000000000000000000000
2203,0,13/4000000000000000000000000000000
2204,0,13/4000000000000000000000000000000
2205,0,13/4000000000000000000000000000000
2206,0,13/4000000000000000000000000000000
2207,0,13/4000000000000000000000000000000
2208,0,13/4000000000000000000000000000000
2209,0,13/4000000000000000000000000000000
2210,0,13/4000000000000000000000000000000
2211,0,13/4000000000000000000000000000000
2212,0,13/4000000000000000000000000000000
2213,0,13/4000000000000000000000000000000
2214,0,13/4000000000000000000000000000000
2215,0,13/4000000000000000000000000000000
2216,0,13/4000000000000000000000000000000
2217,0,13/4000000000000000000000000000000
2218,0,13/4000000000000000000000000000000
2219,0,13/4000000000000000000000000000000
2220,0,13/4000000000000000000000000000000
2221,0,13/4000000000000000000000000000000
2222,0,13/4000000000000000000000000000000
2223,0,13/4000000000000000000000000000000
2224,0,13/4000000000000000000000000000000
2225,0,13/4000000000000000000000000000000
2226,0,13/4000000000000000000000000000000
2227,0,13/4000000000000000000000000000000
2228,0,13/4000000000000000000000000000000
2229,0,13/4000000000000000000000000000000
2230,0,13/4000000000000000000000000000000
2231,0,13/4000000000000000000000000000000
2232,0,13/4000000000000000000000000000000
2233,0,13/4000000000000000000000000000000
2234,0,13/4000000000000000000000000000000
2235,0,13/4000000000000000000000000000000
2236,0,13/4000000000000000000000000000000
2237,0,13/4000000000000000000000000000000
2238,0,13/4000000000000000000000000000000
2239,0,13/4000000000000000000000000000000
2240,0,13/4000000000000000000000000000000
2241,0,13/4000000000000000000000000000000
2242,0,13/4000000000000000000000000000000
2243,0,13/4000000000000000000000000000000
2244,0,13/4000000000000000000000000000000
2245,0,13/4000000000000000000000000000000
2246,0,13/4000000000000000000000000000000
2247,0,13/4000000000000000000000000000000
2248,0,13/4000000000000000000000000000000
2249,0,13/4000000000000000000000000000000
2250,0,13/4000000000000000000000000000000
2251,0,13/4000000000000000000000000000000
2252,0,13/4000000000000000000000000000000
2253,0,13/4000000000000000000000000000000
2254,0,13/4000000000000000000000000000000
2255,0,13/4000000000000000000000000000000
2256,0,13/4000000000000000000000000000000
2257,0,13/4000000000000000000000000000000
2258,0,13/4000000000000000000000000000000
2259,0,13/4000000000000000000000000000000
2260,0,13/4000000000000000000000000000000
2261,0,13/4000000000000000000000000000000
2262,0,13/4000000000000000000000000000000
2263,0,13/4000000000000000000000000000000
2264,0,13/4000000000000000000000000000000
2265,0,13/4000000000000000000000000000000
2266,0,13/4000000000000000000000000000000
2267,0,13/4000000000000000000000000000000
2268,0,13/4000000000000000000000000000000
2269,0,13/4000000000000000000000000000000
2270,0,13/4000000000000000000000000000000
2271,0,13/4000000000000000000000000000000
2272,0,13/4000000000000000000000000000000
2273,0,13/4000000000000000000000000000000
2274,0,13/4000000000000000000000000000000
2275,0,13/4000000000000000000000000000000
2276,0,13/4000000000000000000000000000000
2277,0,13/4000000000000000000000000000000
2278,0,13/4000000000000000000000000000000
2279,0,13/4000000000000000000000000000000
2280,0,13/4000000000000000000000000000000
2281,0,13/4000000000000000000000000000000
2282,0,13/4000000000000000000000000000000
2283,0,13/4000000000000000000000000000000
2284,0,13/4000000000000000000000000000000
2285,0,13/4000000000000000000000000000000
2286,0,13/4000000000000000000000000000000
2287,0,13/4000000000000000000000000000000
2288,0,13/4000000000000000000000000000000
2289,0,13/4000000000000000000000000000000
2290,0,13/4000000000000000000000000000000
2291,0,13/4000000000000000000000000000000
2292,0,13/4000000000000000000000000000000
2293,0,13/4000000000000000000000000000000
2294,0,13/4000000000000000000000000000000
2295,0,13/4000000000000000000000000000000
2296,0,13/4000000000000000000000000000000
2297,0,13/4000000000000000000000000000000
2298,0,13/4000000000000000000000000000000
2299,0,13/4000000000000000000000000000000
2300,0,13/4000000000000000000000000000000
2301,0,13/4000000000000000000000000000000
2302,0,13/4000000000000000000000000000000
2303,0,13/4000000000000000000000000000000
2304,0,13/4000000000000000000000000000000
2305,0,13/4000000000000000000000000000000
2306,0,13/4000000000000000000000000000000
2307,0,13/4000000000000000000000000000000
2308,0,13/4000000000000000000000000000000
2309,0,13/4000000000000000000000000000000
2310,0,13/4000000000000000000000000000000
2311,0,13/4000000000000000000000000000000
2312,0,13/4000000000000000000000000000000
2313,0,13/4000000000000000000000000000000
2314,0,13/4000000000000000000000000000000
2315,0,13/4000000000000000000000000000000
2316,0,13/4000000000000000000000000000000
2317,0,13/4000000000000000000000000000000
2318,0,13/4000000000000000000000000000000
2319,0,13/4000000000000000000000000000000
2320,0,13/4000000000000000000000000000000
2321,0,13/4000000000000000000000000000000
2322,0,13/4000000000000000000000000000000
2323,0,13/4000000000000000000000000000000
2324,0,13/4000000000000000000000000000000
2325,0,13/4000000000000000000000000000000
2326,0,13/4000000000000000000000000000000
2327,0,13/4000000000000000000000000000000
2328,0,13/4000000000000000000000000000000
2329,0,13/4000000000000000000000000000000
2330,0,13/4000000000000000000000000000000
2331,0,13/4000000000000000000000000000000
2332,0,13/4000000000000000000000000000000
2333,0,13/4000000000000000000000000000000
2334,0,13/4000000000000000000000000000000
2335,0,13/4000000000000000000000000000000
2336,0,13/4000000000000000000000000000000
2337,0,13/4000000000000000000000000000000
2338,0,13/4000000000000000000000000000000
2339,0,13/4000000000000000000000000000000
2340,0,13/4000000000000000000000000000000
2341,0,13/4000000000000000000000000000000
2342,0,13/4000000000000000000000000000000
2343,0,13/4000000000000000000000000000000
2344,0,13/4000000000000000000000000000000
2345,0,13/4000000000000000000000000000000
2346,0,13/4000000000000000000000000000000
2347,0,13/4000000000000000000000000000000
2348,0,13/4000000000000000000000000000000
2349,0,13/4000000000000000000000000000000
2350,0,13/4000000000000000000000000000000
2351,0,13/4000000000000000000000000000000
2352,0,13/4000000000000000000000000000000
2353,0,13/4000000000000000000000000000000
2354,0,13/4000000000000000000000000000000
2355,0,13/4000000000000000000000000000000
2356,0,13/4000000000000000000000000000000
2357,0,13/4000000000000000000000000000000
2358,0,13/4000000000000000000000000000000
2359,0,13/4000000000000000000000000000000
2360,0,13/4000000000000000000000000000000
2361,0,13/4000000000000000000000000000000
2362,0,13/4000000000000000000000000000000
2363,0,13/4000000000000000000000000000000
2364,0,13/4000000000000000000000000000000
2365,0,13/4000000000000000000000000000000
2366,0,13/4000000000000000000000000000000
2367,0,13/4000000000000000000000000000000
2368,0,13/4000000000000000000000000000000
2369,0,13/4000000000000000000000000000000
2370,0,13/4000000000000000000000000000000
2371,0,13/4000000000000000000000000000000
2372,0,13/4000000000000000000000000000000
2373,0,13/4000000000000000000000000000000
2374,0,13/4000000000000000000000000000000
2375,0,13/4000000000000000000000000000000
2376,0,13/4000000000000000000000000000000
2377,0,13/4000000000000000000000000000000
2378,0,13/4000000000000000000000000000000
2379,0,13/4000000000000000000000000000000
2380,0,13/4000000000000000000000000000000
2381,0,13/4000000000000000000000000000000
2382,0,13/4000000000000000000000000000000
2383,0,13/4000000000000000000000000000000
2384,0,13/4000000000000000000000000000000
2385,0,13/4000000000000000000000000000000
2386,0,13/4000000000000000000000000000000
2387,0,13/4000000000000000000000000000000
2388,0,13/4000000000000000000000000000000
2389,0,13/4000000000000000000000000000000
2390,0,13/4000000000000000000000000000000
2391,0,13/4000000000000000000000000000000
2392,0,13/4000000000000000000000000000000
2393,0,13/4000000000000000000000000000000
2394,0,13/4000000000000000000000000000000
2395,0,13/4000000000000000000000000000000
2396,0,13/4000000000000000000000000000000
2397,0,13/4000000000000000000000000000000
2398,0,13/4000000000000000000000000000000
2399,0,13/4000000000000000000000000000000
2400,0,13/4000000000000000000000000000000
2401,0,13/4000000000000000000000000000000
2402,0,13/4000000000000000000000000000000
2403,0,13/4000000000000000000000000000000
2404,0,13/4000000000000000000000000000000
2405,0,13/4000000000000000000000000000000
2406,0,13/4000000000000000000000000000000
2407,0,13/4000000000000000000000000000000
2408,0,13/4000000000000000000000000000000
2409,0,13/4000000000000000000000000000000
2410,0,13/4000000000000000000000000000000
2411,0,13/4000000000000000000000000000000
2412,0,13/4000000000000000000000000000000
2413,0,13/4000000000000000000000000000000
2414,0,13/4000000000000000000000000000000
2415,0,13/4000000000000000000000000000000
2416,0,13/4000000000000000000000000000000
2417,0,13/4000000000000000000000000000000
2418,0,13/4000000000000000000000000000000
2419,0,13/4000000000000000000000000000000
2420,0,13/4000000000000000000000000000000
2421,0,13/4000000000000000000000000000000
2422,0,13/4000000000000000000000000000000
2423,0,13/4000000000000000000000000000000
2424,0,13/4000000000000000000000000000000
2425,0,13/4000000000000000000000000000000
2426,0,13/4000000000000000000000000000000
2427,0,13/4000000000000000000000000000000
2428,0,13/4000000000000000000000000000000
2429,0,13/4000000000000000000000000000000
2430,0,13/4000000000000000000000000000000
2431,0,13/4000000000000000000000000000000
2432,0,13/4000000000000000000000000000000
2433,0,13/4000000000000000000000000000000
2434,0,13/4000000000000000000000000000000
2435,0,13/4000000000000000000000000000000
2436,0,13/4000000000000000000000000000000
2437,0,13/4000000000000000000000000000000
2438,0,13/4000000000000000000000000000000
2439,0,13/4000000000000000000000000000000
2440,0,13/4000000000000000000000000000000
2441,0,13/4000000000000000000000000000000
2442,0,13/4000000000000000000000000000000
2443,0,13/4000000000000000000000000000000
2444,0,13/4000000000000000000000000000000
2445,0,13/4000000000000000000000000000000
2446,0,13/4000000000000000000000000000000
2447,0,13/4000000000000000000000000000000
2448,0,13/4000000000000000000000000000000
2449,0,13/4000000000000000000000000000000
2450,0,13/4000000000000000000000000000000
2451,0,13/4000000000000000000000000000000
2452,0,13/4000000000000000000000000000000
2453,0,13/4000000000000000000000000000000
2454,0,13/4000000000000000000000000000000
2455,0,13/4000000000000000000000000000000
2456,0,13/4000000000000000000000000000000
2457,0,13/4000000000000000000000000000000
2458,0,13/4000000000000000000000000000000
2459,0,13/4000000000000000000000000000000
2460,0,13/4000000000000000000000000000000
2461,0,13/4000000000000000000000000000000
2462,0,13/4000000000000000000000000000000
2463,0,13/4000000000000000000000000000000
2464,0,13/4000000000000000000000000000000
2465,0,13/4000000000000000000000000000000
2466,0,13/4000000000000000000000000000000
2467,0,13/4000000000000000000000000000000
2468,0,13/4000000000000000000000000000000
2469,0,13/4000000000000000000000000000000
2470,0,13/4000000000000000000000000000000
2471,0,13/4000000000000000000000000000000
2472,0,13/4000000000000000000000000000000
2473,0,13/4000000000000000000000000000000
2474,0,13/4000000000000000000000000000000
2475,0,13/4000000000000000000000000000000
2476,0,13/4000000000000000000000000000000
2477,0,13/4000000000000000000000000000000
2478,0,13/4000000000000000000000000000000
2479,0,13/4000000000000000000000000000000
2480,0,13/4000000000000000000000000000000
2481,0,13/4000000000000000000000000000000
2482,0,13/4000000000000000000000000000000
2483,0,13/4000000000000000000000000000000
2484,0,13/4000000000000000000000000000000
2485,0,13/4000000000000000000000000000000
2486,0,13/4000000000000000000000000000000
2487,0,13/4000000000000000000000000000000
2488,0,13/4000000000000000000000000000000
2489,0,13/4000000000000000000000000000000
2490,0,13/4000000000000000000000000000000
2491,0,13/4000000000000000000000000000000
2492,0,13/4000000000000000000000000000000
2493,0,13/4000000000000000000000000000000
2494,0,13/4000000000000000000000000000000
2495,0,13/4000000000000000000000000000000
2496,0,13/4000000000000000000000000000000
2497,0,13/4000000000000000000000000000000
2498,0,13/4000000000000000000000000000000
2499,0,13/4000000000000000000000000000000
2500,0,13/4000000000000000000000000000000
2501,0,13/4000000000000000000000000000000
2502,0,13/4000000000000000000000000000000
2503,0,13/4000000000000000000000000000000
2504,0,13/4000000000000000000000000000000
2505,0,13/4000000000000000000000000000000
2506,0,13/4000000000000000000000000000000
2507,0,13/4000000000000000000000000000000
2508,0,13/4000000000000000000000000000000
2509,0,13/4000000000000000000000000000000
2510,0,13/4000000000000000000000000000000
2511,0,13/4000000000000000000000000000000
2512,0,13/4000000000000000000000000000000
2513,0,13/4000000000000000000000000000000
2514,0,13/4000000000000000000000000000000
2515,0,13/4000000000000000000000000000000
2516,0,13/4000000000000000000000000000000
2517,0,13/4000000000000000000000000000000
2518,0,13/4000000000000000000000000000000
2519,0,13/4000000000000000000000000000000
2520,0,13/4000000000000000000000000000000
2521,0,13/4000000000000000000000000000000
2522,0,13/4000000000000000000000000000000
2523,0,13/4000000000000000000000000000000
2524,0,13/4000000000000000000000000000000
2525,0,13/4000000000000000000000000000000
2526,0,13/4000000000000000000000000000000
2527,0,13/4000000000000000000000000000000
2528,0,13/4000000000000000000000000000000
2529,0,13/4000000000000000000000000000000
2530,0,13/4000000000000000000000000000000
2531,0,13/4000000000000000000000000000000
2532,0,13/4000000000000000000000000000000
2533,0,13/4000000000000000000000000000000
2534,0,13/4000000000000000000000000000000
2535,0,13/4000000000000000000000000000000
2536,0,13/4000000000000000000000000000000
2537,0,13/4000000000000000000000000000000
2538,0,13/4000000000000000000000000000000
2539,0,13/4000000000000000000000000000000
2540,0,13/4000000000000000000000000000000
2541,0,13/4000000000000000000000000000000
2542,0,13/4000000000000000000000000000000
2543,0,13/4000000000000000000000000000000
2544,0,13/4000000000000000000000000000000
2545,0,13/4000000000000000000000000000000
2546,0,13/4000000000000000000000000000000
2547,0,13/4000000000000000000000000000000
2548,0,13/4000000000000000000000000000000
2549,0,13/4000000000000000000000000000000
2550,0,13/4000000000000000000000000000000
2551,0,13/4000000000000000000000000000000
2552,0,13/4000000000000000000000000000000
2553,0,13/4000000000000000000000000000000
2554,0,13/4000000000000000000000000000000
2555,0,13/4000000000000000000000000000000
2556,0,13/4000000000000000000000000000000
2557,0,13/4000000000000000000000000000000
2558,0,13/4000000000000000000000000000000
2559,0,13/4000000000000000000000000000000
2560,0,13/4000000000000000000000000000000
2561,0,13/4000000000000000000000000000000
2562,0,13/4000000000000000000000000000000
2563,0,13/4000000000000000000000000000000
2564,0,13/4000000000000000000000000000000
2565,0,13/4000000000000000000000000000000
2566,0,13/4000000000000000000000000000000
2567,0,13/4000000000000000000000000000000
2568,0,13/4000000000000000000000000000000
2569,0,13/4000000000000000000000000000000
2570,0,13/4000000000000000000000000000000
2571,0,13/4000000000000000000000000000000
2572,0,13/4000000000000000000000000000000
2573,0,13/4000000000000000000000000000000
2574,0,13/4000000000000000000000000000000
2575,0,13/4000000000000000000000000000000
2576,0,13/4000000000000000000000000000000
2577,0,13/4000000000000000000000000000000
2578,0,13/4000000000000000000000000000000
2579,0,13/4000000000000000000000000000000
2580,0,13/4000000000000000000000000000000
2581,0,13/4000000000000000000000000000000
2582,0,13/4000000000000000000000000000000
2583,0,13/4000000000000000000000000000000
2584,0,13/4000000000000000000000000000000
2585,0,13/4000000000000000000000000000000
2586,0,13/4000000000000000000000000000000
2587,0,13/4000000000000000000000000000000
2588,0,13/4000000000000000000000000000000
2589,0,13/4000000000000000000000000000000
2590,0,13/4000000000000000000000000000000
2591,0,13/4000000000000000000000000000000
2592,0,13/4000000000000000000000000000000
2593,0,13/4000000000000000000000000000000
2594,0,13/4000000000000000000000000000000
2595,0,13/4000000000000000000000000000000
2596,0,13/4000000000000000000000000000000
2597,0,13/4000000000000000000000000000000
2598,0,13/4000000000000000000000000000000
2599,0,13/4000000000000000000000000000000
2600,0,13/4000000000000000000000000000000
2601,0,13/4000000000000000000000000000000
2602,0,13/4000000000000000000000000000000
2603,0,13/4000000000000000000000000000000
2604,0,13/4000000000000000000000000000000
2605,0,13/4000000000000000000000000000000
2606,0,13/4000000000000000000000000000000
2607,0,13/4000000000000000000000000000000
2608,0,13/4000000000000000000000000000000
2609,0,13/4000000000000000000000000000000
2610,0,13/4000000000000000000000000000000
2611,0,13/4000000000000000000000000000000
2612,0,13/4000000000000000000000000000000
2613,0,13/4000000000000000000000000000000
2614,0,13/4000000000000000000000000000000
2615,0,13/4000000000000000000000000000000
2616,0,13/4000000000000000000000000000000
2617,0,13/4000000000000000000000000000000
2618,0,13/4000000000000000000000000000000
2619,0,13/4000000000000000000000000000000
2620,0,13/4000000000000000000000000000000
2621,0,13/4000000000000000000000000000000
2622,0,13/4000000000000000000000000000000
2623,0,13/4000000000000000000000000000000
2624,0,13/4000000000000000000000000000000
2625,0,13/4000000000000000000000000000000
2626,0,13/4000000000000000000000000000000
2627,0,13/4000000000000000000000000000000
2628,0,13/4000000000000000000000000000000
2629,0,13/4000000000000000000000000000000
2630,0,13/4000000000000000000000000000000
2631,0,13/4000000000000000000000000000000
2632,0,13/4000000000000000000000000000000
2633,0,13/4000000000000000000000000000000
2634,0,13/4000000000000000000000000000000
2635,0,13/4000000000000000000000000000000
2636,0,13/4000000000000000000000000000000
2637,0,13/4000000000000000000000000000000
2638,0,13/4000000000000000000000000000000
2639,0,13/4000000000000000000000000000000
2640,0,13/4000000000000000000000000000000
2641,0,13/4000000000000000000000000000000
2642,0,13/4000000000000000000000000000000
2643,0,13/4000000000000000000000000000000
2644,0,13/4000000000000000000000000000000
2645,0,13/4000000000000000000000000000000
2646,0,13/4000000000000000000000000000000
2647,0,13/4000000000000000000000000000000
2648,0,13/4000000000000000000000000000000
2649,0,13/4000000000000000000000000000000
2650,0,13/4000000000000000000000000000000
2651,0,13/4000000000000000000000000000000
2652,0,13/4000000000000000000000000000000
2653,0,13/4000000000000000000000000000000
2654,0,13/4000000000000000000000000000000
2655,0,13/4000000000000000000000000000000
2656,0,13/4000000000000000000000000000000
2657,0,13/4000000000000000000000000000000
2658,0,13/4000000000000000000000000000000
2659,0,13/4000000000000000000000000000000
2660,0,13/4000000000000000000000000000000
2661,0,13/4000000000000000000000000000000
2662,0,13/4000000000000000000000000000000
2663,0,13/4000000000000000000000000000000
2664,0,13/4000000000000000000000000000000
2665,0,13/4000000000000000000000000000000
2666,0,13/4000000000000000000000000000000
2667,0,13/4000000000000000000000000000000
2668,0,13/4000000000000000000000000000000
2669,0,13/4000000000000000000000000000000
2670,0,13/4000000000000000000000000000000
2671,0,13/4000000000000000000000000000000
2672,0,13/4000000000000000000000000000000
2673,0,13/4000000000000000000000000000000
2674,0,13/4000000000000000000000000000000
2675,0,13/4000000000000000000000000000000
2676,0,13/4000000000000000000000000000000
2677,0,13/4000000000000000000000000000000
2678,0,13/4000000000000000000000000000000
2679,0,13/4000000000000000000000000000000
2680,0,13/4000000000000000000000000000000
2681,0,13/4000000000000000000000000000000
2682,0,13/4000000000000000000000000000000
2683,0,13/4000000000000000000000000000000
2684,0,13/4000000000000000000000000000000
2685,0,13/4000000000000000000000000000000
2686,0,13/4000000000000000000000000000000
2687,0,13/4000000000000000000000000000000
2688,0,13/4000000000000000000000000000000
2689,0,13/4000000000000000000000000000000
2690,0,13/4000000000000000000000000000000
2691,0,13/4000000000000000000000000000000
2692,0,13/4000000000000000000000000000000
2693,0,13/4000000000000000000000000000000
2694,0,13/4000000000000000000000000000000
2695,0,13/4000000000000000000000000000000
2696,0,13/4000000000000000000000000000000
2697,0,13/4000000000000000000000000000000
2698,0,13/4000000000000000000000000000000
2699,0,13/4000000000000000000000000000000
2700,0,13/4000000000000000000000000000000
2701,0,13/4000000000000000000000000000000
2702,0,13/4000000000000000000000000000000
2703,0,13/4000000000000000000000000000000
2704,0,13/4000000000000000000000000000000
2705,0,13/4000000000000000000000000000000
2706,0,13/4000000000000000000000000000000
2707,0,13/4000000000000000000000000000000
2708,0,13/4000000000000000000000000000000
2709,0,13/4000000000000000000000000000000
2710,0,13/4000000000000000000000000000000
2711,0,13/4000000000000000000000000000000
2712,0,13/4000000000000000000000000000000
2713,0,13/4000000000000000000000000000000
2714,0,13/4000000000000000000000000000000
2715,0,13/4000000000000000000000000000000
2716,0,13/4000000000000000000000000000000
2717,0,13/4000000000000000000000000000000
2718,0,13/4000000000000000000000000000000
2719,0,13/4000000000000000000000000000000
2720,0,13/4000000000000000000000000000000
2721,0,13/4000000000000000000000000000000
2722,0,13/4000000000000000000000000000000
2723,0,13/4000000000000000000000000000000
2724,0,13/4000000000000000000000000000000
2725,0,13/4000000000000000000000000000000
2726,0,13/4000000000000000000000000000000
2727,0,13/4000000000000000000000000000000
2728,0,13/4000000000000000000000000000000
2729,0,13/4000000000000000000000000000000
2730,0,13/4000000000000000000000000000000
2731,0,13/4000000000000000000000000000000
2732,0,13/4000000000000000000000000000000
2733,0,13/4000000000000000000000000000000
2734,0,13/4000000000000000000000000000000
2735,0,13/4000000000000000000000000000000
2736,0,13/4000000000000000000000000000000
2737,0,13/4000000000000000000000000000000
2738,0,13/4000000000000000000000000000000
2739,0,13/4000000000000000000000000000000
2740,0,13/4000000000000000000000000000000
2741,0,13/4000000000000000000000000000000
2742,0,13/4000000000000000000000000000000
2743,0,13/4000000000000000000000000000000
2744,0,13/4000000000000000000000000000000
2745,0,13/4000000000000000000000000000000
2746,0,13/4000000000000000000000000000000
2747,0,13/4000000000000000000000000000000
2748,0,13/4000000000000000000000000000000
2749,0,13/4000000000000000000000000000000
2750,0,13/4000000000000000000000000000000
2751,0,13/4000000000000000000000000000000
2752,0,13/4000000000000000000000000000000
2753,0,13/4000000000000000000000000000000
2754,0,13/4000000000000000000000000000000
2755,0,13/4000000000000000000000000000000
2756,0,13/4000000000000000000000000000000
2757,0,13/4000000000000000000000000000000
2758,0,13/4000000000000000000000000000000
2759,0,13/4000000000000000000000000000000
2760,0,13/4000000000000000000000000000000
2761,0,13/4000000000000000000000000000000
2762,0,13/4000000000000000000000000000000
2763,0,13/4000000000000000000000000000000
2764,0,13/4000000000000000000000000000000
2765,0,13/4000000000000000000000000000000
2766,0,13/4000000000000000000000000000000
2767,0,13/4000000000000000000000000000000
2768,0,13/4000000000000000000000000000000
2769,0,13/4000000000000000000000000000000
2770,0,13/4000000000000000000000000000000
2771,0,13/4000000000000000000000000000000
2772,0,13/4000000000000000000000000000000
2773,0,13/4000000000000000000000000000000
2774,0,13/4000000000000000000000000000000
2775,0,13/4000000000000000000000000000000
2776,0,13/4000000000000000000000000000000
2777,0,13/4000000000000000000000000000000
2778,0,13/4000000000000000000000000000000
2779,0,13/4000000000000000000000000000000
2780,0,13/4000000000000000000000000000000
2781,0,13/4000000000000000000000000000000
2782,0,13/4000000000000000000000000000000
2783,0,13/4000000000000000000000000000000
2784,0,13/4000000000000000000000000000000
2785,0,13/4000000000000000000000000000000
2786,0,13/4000000000000000000000000000000
2787,0,13/4000000000000000000000000000000
2788,0,13/4000000000000000000000000000000
2789,0,13/4000000000000000000000000000000
2790,0,13/4000000000000000000000000000000
2791,0,13/4000000000000000000000000000000
2792,0,13/4000000000000000000000000000000
2793,0,13/4000000000000000000000000000000
2794,0,13/4000000000000000000000000000000
2795,0,13/4000000000000000000000000000000
2796,0,13/4000000000000000000000000000000
2797,0,13/4000000000000000000000000000000
2798,0,13/4000000000000000000000000000000
2799,0,13/4000000000000000000000000000000
2800,0,13/4000000000000000000000000000000
2801,0,13/4000000000000000000000000000000
2802,0,13/4000000000000000000000000000000
2803,0,13/4000000000000000000000000000000
2804,0,13/4000000000000000000000000000000
2805,0,13/4000000000000000000000000000000
2806,0,13/4000000000000000000000000000000
2807,0,13/4000000000000000000000000000000
2808,0,13/4000000000000000000000000000000
2809,0,13/4000000000000000000000000000000
2810,0,13/4000000000000000000000000000000
2811,0,13/4000000000000000000000000000000
2812,0,13/4000000000000000000000000000000
2813,0,13/4000000000000000000000000000000
2814,0,13/4000000000000000000000000000000
2815,0,13/4000000000000000000000000000000
2816,0,13/4000000000000000000000000000000
2817,0,13/4000000000000000000000000000000
2818,0,13/4000000000000000000000000000000
2819,0,13/4000000000000000000000000000000
2820,0,13/4000000000000000000000000000000
2821,0,13/4000000000000000000000000000000
2822,0,13/4000000000000000000000000000000
2823,0,13/4000000000000000000000000000000
2824,0,13/4000000000000000000000000000000
2825,0,13/4000000000000000000000000000000
2826,0,13/4000000000000000000000000000000
2827,0,13/4000000000000000000000000000000
2828,0,13/4000000000000000000000000000000
2829,0,13/4000000000000000000000000000000
2830,0,13/4000000000000000000000000000000
2831,0,13/4000000000000000000000000000000
2832,0,13/4000000000000000000000000000000
2833,0,13/4000000000000000000000000000000
2834,0,13/4000000000000000000000000000000
2835,0,13/4000000000000000000000000000000
2836,0,13/4000000000000000000000000000000
2837,0,13/4000000000000000000000000000000
2838,0,13/4000000000000000000000000000000
2839,0,13/4000000000000000000000000000000
2840,0,13/4000000000000000000000000000000
2841,0,13/4000000000000000000000000000000
2842,0,13/4000000000000000000000000000000
2843,0,13/4000000000000000000000000000000
2844,0,13/4000000000000000000000000000000
2845,0,13/4000000000000000000000000000000
2846,0,13/4000000000000000000000000000000
2847,0,13/4000000000000000000000000000000
2848,0,13/4000000000000000000000000000000
2849,0,13/4000000000000000000000000000000
2850,0,13/4000000000000000000000000000000
2851,0,13/4000000000000000000000000000000
2852,0,13/4000000000000000000000000000000
2853,0,13/4000000000000000000000000000000
2854,0,13/4000000000000000000000000000000
2855,0,13/4000000000000000000000000000000
2856,0,13/4000000000000000000000000000000
2857,0,13/4000000000000000000000000000000
2858,0,13/4000000000000000000000000000000
2859,0,13/4000000000000000000000000000000
2860,0,13/4000000000000000000000000000000
2861,0,13/4000000000000000000000000000000
2862,0,13/4000000000000000000000000000000
2863,0,13/4000000000000000000000000000000
2864,0,13/4000000000000000000000000000000
2865,0,13/4000000000000000000000000000000
2866,0,13/4000000000000000000000000000000
2867,0,13/4000000000000000000000000000000
2868,0,13/4000000000000000000000000000000
2869,0,13/4000000000000000000000000000000
2870,0,13/4000000000000000000000000000000
2871,0,13/4000000000000000000000000000000
2872,0,13/4000000000000000000000000000000
2873,0,13/4000000000000000000000000000000
2874,0,13/4000000000000000000000000000000
2875,0,13/4000000000000000000000000000000
2876,0,13/4000000000000000000000000000000
2877,0,13/4000000000000000000000000000000
2878,0,13/4000000000000000000000000000000
2879,0,13/4000000000000000000000000000000
2880,0,13/4000000000000000000000000000000
2881,0,13/4000000000000000000000000000000
2882,0,13/4000000000000000000000000000000
2883,0,13/4000000000000000000000000000000
2884,0,13/4000000000000000000000000000000
2885,0,13/4000000000000000000000000000000
2886,0,13/4000000000000000000000000000000
2887,0,13/4000000000000000000000000000000
2888,0,13/4000000000000000000000000000000
2889,0,13/4000000000000000000000000000000
2890,0,13/4000000000000000000000000000000
2891,0,13/4000000000000000000000000000000
2892,0,13/4000000000000000000000000000000
2893,0,13/4000000000000000000000000000000
2894,0,13/4000000000000000000000000000000
2895,0,13/4000000000000000000000000000000
2896,0,13/4000000000000000000000000000000
2897,0,13/4000000000000000000000000000000
2898,0,13/4000000000000000000000000000000
2899,0,13/4000000000000000000000000000000
2900,0,13/4000000000000000000000000000000
2901,0,13/4000000000000000000000000000000
2902,0,13/4000000000000000000000000000000
2903,0,13/4000000000000000000000000000000
2904,0,13/4000000000000000000000000000000
2905,0,13/4000000000000000000000000000000
2906,0,13/4000000000000000000000000000000
2907,0,13/4000000000000000000000000000000
2908,0,13/4000000000000000000000000000000
2909,0,13/4000000000000000000000000000000
2910,0,13/4000000000000000000000000000000
2911,0,13/4000000000000000000000000000000
2912,0,13/4000000000000000000000000000000
2913,0,13/4000000000000000000000000000000
2914,0,13/4000000000000000000000000000000
2915,0,13/4000000000000000000000000000000
2916,0,13/4000000000000000000000000000000
2917,0,13/4000000000000000000000000000000
2918,0,13/4000000000000000000000000000000
2919,0,13/4000000000000000000000000000000
2920,0,13/4000000000000000000000000000000
2921,0,13/4000000000000000000000000000000
2922,0,13/4000000000000000000000000000000
2923,0,13/4000000000000000000000000000000
2924,0,13/4000000000000000000000000000000
2925,0,13/4000000000000000000000000000000
2926,0,13/4000000000000000000000000000000
2927,0,13/4000000000000000000000000000000
2928,0,13/4000000000000000000000000000000
2929,0,13/4000000000000000000000000000000
2930,0,13/4000000000000000000000000000000
2931,0,13/4000000000000000000000000000000
2932,0,13/4000000000000000000000000000000
2933,0,13/4000000000000000000000000000000
2934,0,13/4000000000000000000000000000000
2935,0,13/4000000000000000000000000000000
2936,0,13/4000000000000000000000000000000
2937,0,13/4000000000000000000000000000000
2938,0,13/4000000000000000000000000000000
2939,0,13/4000000000000000000000000000000
2940,0,13/4000000000000000000000000000000
2941,0,13/4000000000000000000000000000000
2942,0,13/4000000000000000000000000000000
2943,0,13/4000000000000000000000000000000
2944,0,13/4000000000000000000000000000000
2945,0,13/4000000000000000000000000000000
2946,0,13/4000000000000000000000000000000
2947,0,13/4000000000000000000000000000000
2948,0,13/4000000000000000000000000000000
2949,0,13/4000000000000000000000000000000
2950,0,13/4000000000000000000000000000000
2951,0,13/4000000000000000000000000000000
2952,0,13/4000000000000000000000000000000
2953,0,13/4000000000000000000000000000000
2954,0,13/4000000000000000000000000000000
2955,0,13/4000000000000000000000000000000
2956,0,13/4000000000000000000000000000000
2957,0,13/4000000000000000000000000000000
2958,0,13/4000000000000000000000000000000
2959,0,13/4000000000000000000000000000000
2960,0,13/4000000000000000000000000000000
2961,0,13/4000000000000000000000000000000
2962,0,13/4000000000000000000000000000000
2963,0,13/4000000000000000000000000000000
2964,0,13/4000000000000000000000000000000
2965,0,13/4000000000000000000000000000000
2966,0,13/4000000000000000000000000000000
2967,0,13/4000000000000000000000000000000
2968,0,13/4000000000000000000000000000000
2969,0,13/4000000000000000000000000000000
2970,0,13/4000000000000000000000000000000
2971,0,13/4000000000000000000000000000000
2972,0,13/4000000000000000000000000000000
2973,0,13/4000000000000000000000000000000
2974,0,13/4000000000000000000000000000000
2975,0,13/4000000000000000000000000000000
2976,0,13/4000000000000000000000000000000
2977,0,13/4000000000000000000000000000000
2978,0,13/4000000000000000000000000000000
2979,0,13/4000000000000000000000000000000
2980,0,13/4000000000000000000000000000000
2981,0,13/4000000000000000000000000000000
2982,0,13/4000000000000000000000000000000
2983,0,13/4000000000000000000000000000000
2984,0,13/4000000000000000000000000000000
2985,0,13/4000000000000000000000000000000
2986,0,13/4000000000000000000000000000000
2987,0,13/4000000000000000000000000000000
2988,0,13/4000000000000000000000000000000
2989,0,13/4000000000000000000000000000000
2990,0,13/4000000000000000000000000000000
2991,0,13/4000000000000000000000000000000
2992,0,13/4000000000000000000000000000000
2993,0,13/4000000000000000000000000000000
2994,0,13/4000000000000000000000000000000
2995,0,13/4000000000000000000000000000000
2996,0,13/4000000000000000000000000000000
2997,0,13/4000000000000000000000000000000
2998,0,13/4000000000000000000000000000000
2999,0,13/4000000000000000000000000000000
3000,0,13/4000000000000000000000000000000
3001,0,13/4000000000000000000000000000000
3002,0,13/4000000000000000000000000000000
3003,0,13/4000000000000000000000000000000
3004,0,13/4000000000000000000000000000000
3005,0,13/4000000000000000000000000000000
3006,0,13/4000000000000000000000000000000
3007,0,13/4000000000000000000000000000000
3008,0,13/4000000000000000000000000000000
3009,0,13/4000000000000000000000000000000
3010,0,13/4000000000000000000000000000000
3011,0,13/4000000000000000000000000000000
3012,0,13/4000000000000000000000000000000
3013,0,13/4000000000000000000000000000000
3014,0,13/4000000000000000000000000000000
3015,0,13/4000000000000000000000000000000
3016,0,13/4000000000000000000000000000000
3017,0,13/4000000000000000000000000000000
3018,0,13/4000000000000000000000000000000
3019,0,13/4000000000000000000000000000000
3020,0,13/4000000000000000000000000000000
3021,0,13/4000000000000000000000000000000
3022,0,13/4000000000000000000000000000000
3023,0,13/4000000000000000000000000000000
3024,0,13/4000000000000000000000000000000
3025,0,13/4000000000000000000000000000000
3026,0,13/4000000000000000000000000000000
3027,0,13/4000000000000000000000000000000
3028,0,13/4000000000000000000000000000000
3029,0,13/4000000000000000000000000000000
3030,0,13/4000000000000000000000000000000
3031,0,13/4000000000000000000000000000000
3032,0,13/4000000000000000000000000000000
3033,0,13/4000000000000000000000000000000
3034,0,13/4000000000000000000000000000000
3035,0,13/4000000000000000000000000000000
3036,0,13/4000000000000000000000000000000
3037,0,13/4000000000000000000000000000000
3038,0,13/4000000000000000000000000000000
3039,0,13/4000000000000000000000000000000
3040,0,13/4000000000000000000000000000000
3041,0,13/4000000000000000000000000000000
3042,0,13/4000000000000000000000000000000
3043,0,13/4000000000000000000000000000000
3044,0,13/4000000000000000000000000000000
3045,0,13/4000000000000000000000000000000
3046,0,13/4000000000000000000000000000000
3047,0,13/4000000000000000000000000000000
3048,0,13/4000000000000000000000000000000
3049,0,13/4000000000000000000000000000000
3050,0,13/4000000000000000000000000000000
3051,0,13/4000000000000000000000000000000
3052,0,13/4000000000000000000000000000000
3053,0,13/4000000000000000000000000000000
3054,0,13/4000000000000000000000000000000
3055,0,13/4000000000000000000000000000000
3056,0,13/4000000000000000000000000000000
3057,0,13/4000000000000000000000000000000
3058,0,13/4000000000000000000000000000000
3059,0,13/4000000000000000000000000000000
3060,0,13/4000000000000000000000000000000
3061,0,13/4000000000000000000000000000000
3062,0,13/4000000000000000000000000000000
3063,0,13/4000000000000000000000000000000
3064,0,13/4000000000000000000000000000000
3065,0,13/4000000000000000000000000000000
3066,0,13/4000000000000000000000000000000
3067,0,13/4000000000000000000000000000000
3068,0,13/4000000000000000000000000000000
3069,0,13/4000000000000000000000000000000
3070,0,13/4000000000000000000000000000000
3071,0,13/4000000000000000000000000000000
3072,0,13/4000000000000000000000000000000
3073,0,13/4000000000000000000000000000000
3074,0,13/4000000000000000000000000000000
3075,0,13/4000000000000000000000000000000
3076,0,13/4000000000000000000000000000000
3077,0,13/4000000000000000000000000000000
3078,0,13/4000000000000000000000000000000
3079,0,13/4000000000000000000000000000000
3080,0,13/4000000000000000000000000000000
3081,0,13/4000000000000000000000000000000
3082,0,13/4000000000000000000000000000000
3083,0,13/4000000000000000000000000000000
3084,0,13/4000000000000000000000000000000
3085,0,13/4000000000000000000000000000000
3086,0,13/4000000000000000000000000000000
3087,0,13/4000000000000000000000000000000
3088,0,13/4000000000000000000000000000000
3089,0,13/4000000000000000000000000000000
3090,0,13/4000000000000000000000000000000
3091,0,13/4000000000000000000000000000000
3092,0,13/4000000000000000000000000000000
3093,0,13/4000000000000000000000000000000
3094,0,13/4000000000000000000000000000000
3095,0,13/4000000000000000000000000000000
3096,0,13/4000000000000000000000000000000
3097,0,13/4000000000000000000000000000000
3098,0,13/4000000000000000000000000000000
3099,0,13/4000000000000000000000000000000
3100,0,13/4000000000000000000000000000000
3101,0,13/4000000000000000000000000000000
3102,0,13/4000000000000000000000000000000
3103,0,13/4000000000000000000000000000000
3104,0,13/4000000000000000000000000000000
3105,0,13/4000000000000000000000000000000
3106,0,13/4000000000000000000000000000000
3107,0,13/4000000000000000000000000000000
3108,0,13/4000000000000000000000000000000
3109,0,13/4000000000000000000000000000000
3110,0,13/4000000000000000000000000000000
3111,0,13/4000000000000000000000000000000
3112,0,13/4000000000000000000000000000000
3113,0,13/4000000000000000000000000000000
3114,0,13/4000000000000000000000000000000
3115,0,13/4000000000000000000000000000000
3116,0,13/4000000000000000000000000000000
3117,0,13/4000000000000000000000000000000
3118,0,13/4000000000000000000000000000000
3119,0,13/4000000000000000000000000000000
3120,0,13/4000000000000000000000000000000
3121,0,13/4000000000000000000000000000000
3122,0,13/4000000000000000000000000000000
3123,0,13/4000000000000000000000000000000
3124,0,13/4000000000000000000000000000000
3125,0,13/4000000000000000000000000000000
3126,0,13/4000000000000000000000000000000
3127,0,13/4000000000000000000000000000000
3128,0,13/4000000000000000000000000000000
3129,0,13/4000000000000000000000000000000
3130,0,13/4000000000000000000000000000000
3131,0,13/4000000000000000000000000000000
3132,0,13/4000000000000000000000000000000
3133,0,13/4000000000000000000000000000000
3134,0,13/4000000000000000000000000000000
3135,0,13/4000000000000000000000000000000
3136,0,13/4000000000000000000000000000000
3137,0,13/4000000000000000000000000000000
3138,0,13/4000000000000000000000000000000
3139,0,13/4000000000000000000000000000000
3140,0,13/4000000000000000000000000000000
3141,0,13/4000000000000000000000000000000
3142,0,13/4000000000000000000000000000000
3143,0,13/4000000000000000000000000000000
3144,0,13/4000000000000000000000000000000
3145,0,13/4000000000000000000000000000000
3146,0,13/4000000000000000000000000000000
3147,0,13/4000000000000000000000000000000
3148,0,13/4000000000000000000000000000000
3149,0,13/4000000000000000000000000000000
3150,0,13/4000000000000000000000000000000
3151,0,13/4000000000000000000000000000000
3152,0,13/4000000000000000000000000000000
3153,0,13/4000000000000000000000000000000
3154,0,13/4000000000000000000000000000000
3155,0,13/4000000000000000000000000000000
3156,0,13/4000000000000000000000000000000
3157,0,13/4000000000000000000000000000000
3158,0,13/4000000000000000000000000000000
3159,0,13/4000000000000000000000000000000
3160,0,13/4000000000000000000000000000000
3161,0,13/4000000000000000000000000000000
3162,0,13/4000000000000000000000000000000
3163,0,13/4000000000000000000000000000000
3164,0,13/4000000000000000000000000000000
3165,0,13/4000000000000000000000000000000
3166,0,13/4000000000000000000000000000000
3167,0,13/4000000000000000000000000000000
3168,0,13/4000000000000000000000000000000
3169,0,13/4000000000000000000000000000000
3170,0,13/4000000000000000000000000000000
3171,0,13/4000000000000000000000000000000
3172,0,13/4000000000000000000000000000000
3173,0,13/4000000000000000000000000000000
3174,0,13/4000000000000000000000000000000
3175,0,13/4000000000000000000000000000000
3176,0,13/4000000000000000000000000000000
3177,0,13/4000000000000000000000000000000
3178,0,13/4000000000000000000000000000000
3179,0,13/4000000000000000000000000000000
3180,0,13/4000000000000000000000000000000
3181,0,13/4000000000000000000000000000000
3182,0,13/4000000000000000000000000000000
3183,0,13/4000000000000000000000000000000
3184,0,13/4000000000000000000000000000000
3185,0,13/4000000000000000000000000000000
3186,0,13/4000000000000000000000000000000
3187,0,13/4000000000000000000000000000000
3188,0,13/4000000000000000000000000000000
3189,0,13/4000000000000000000000000000000
3190,0,13/4000000000000000000000000000000
3191,0,13/4000000000000000000000000000000
3192,0,13/4000000000000000000000000000000
3193,0,13/4000000000000000000000000000000
3194,0,13/4000000000000000000000000000000
3195,0,13/4000000000000000000000000000000
3196,0,13/4000000000000000000000000000000
3197,0,13/4000000000000000000000000000000
3198,0,13/4000000000000000000000000000000
3199,0,13/4000000000000000000000000000000
3200,0,13/4000000000000000000000000000000
3201,0,13/4000000000000000000000000000000
3202,0,13/4000000000000000000000000000000
3203,0,13/4000000000000000000000000000000
3204,0,13/4000000000000000000000000000000
3205,0,13/4000000000000000000000000000000
3206,0,13/4000000000000000000000000000000
3207,0,13/4000000000000000000000000000000
3208,0,13/4000000000000000000000000000000
3209,0,13/4000000000000000000000000000000
3210,0,13/4000000000000000000000000000000
3211,0,13/4000000000000000000000000000000
3212,0,13/4000000000000000000000000000000
3213,0,13/4000000000000000000000000000000
3214,0,13/4000000000000000000000000000000
3215,0,13/4000000000000000000000000000000
3216,0,13/4000000000000000000000000000000
3217,0,13/4000000000000000000000000000000
3218,0,13/4000000000000000000000000000000
3219,0,13/4000000000000000000000000000000
3220,0,13/4000000000000000000000000000000
3221,0,13/4000000000000000000000000000000
3222,0,13/4000000000000000000000000000000
3223,0,13/4000000000000000000000000000000
3224,0,13/4000000000000000000000000000000
3225,0,13/4000000000000000000000000000000
3226,0,13/4000000000000000000000000000000
3227,0,13/4000000000000000000000000000000
3228,0,13/4000000000000000000000000000000
3229,0,13/4000000000000000000000000000000
3230,0,13/4000000000000000000000000000000
3231,0,13/4000000000000000000000000000000
3232,0,13/4000000000000000000000000000000
3233,0,13/4000000000000000000000000000000
3234,0,13/4000000000000000000000000000000
3235,0,13/4000000000000000000000000000000
3236,0,13/4000000000000000000000000000000
3237,0,13/4000000000000000000000000000000
3238,0,13/4000000000000000000000000000000
3239,0,13/4000000000000000000000000000000
3240,0,13/4000000000000000000000000000000
3241,0,13/4000000000000000000000000000000
3242,0,13/4000000000000000000000000000000
3243,0,13/4000000000000000000000000000000
3244,0,13/4000000000000000000000000000000
3245,0,13/4000000000000000000000000000000
3246,0,13/4000000000000000000000000000000
3247,0,13/4000000000000000000000000000000
3248,0,13/4000000000000000000000000000000
3249,0,13/4000000000000000000000000000000
3250,0,13/4000000000000000000000000000000
3251,0,13/4000000000000000000000000000000
3252,0,13/4000000000000000000000000000000
3253,0,13/4000000000000000000000000000000
3254,0,13/4000000000000000000000000000000
3255,0,13/4000000000000000000000000000000
3256,0,13/4000000000000000000000000000000
3257,0,13/4000000000000000000000000000000
3258,0,13/4000000000000000000000000000000
3259,0,13/4000000000000000000000000000000
3260,0,13/4000000000000000000000000000000
3261,0,13/4000000000000000000000000000000
3262,0,13/4000000000000000000000000000000
3263,0,13/4000000000000000000000000000000
3264,0,13/4000000000000000000000000000000
3265,0,13/4000000000000000000000000000000
3266,0,13/4000000000000000000000000000000
3267,0,13/4000000000000000000000000000000
3268,0,13/4000000000000000000000000000000
3269,0,13/4000000000000000000000000000000
3270,0,13/4000000000000000000000000000000
3271,0,13/4000000000000000000000000000000
3272,0,13/4000000000000000000000000000000
3273,0,13/4000000000000000000000000000000
3274,0,13/4000000000000000000000000000000
3275,0,13/4000000000000000000000000000000
3276,0,13/4000000000000000000000000000000
3277,0,13/4000000000000000000000000000000
3278,0,13/4000000000000000000000000000000
3279,0,13/4000000000000000000000000000000
3280,0,13/4000000000000000000000000000000
3281,0,13/4000000000000000000000000000000
3282,0,13/4000000000000000000000000000000
3283,0,13/4000000000000000000000000000000
3284,0,13/4000000000000000000000000000000
3285,0,13/4000000000000000000000000000000
3286,0,13/4000000000000000000000000000000
3287,0,13/4000000000000000000000000000000
3288,0,13/4000000000000000000000000000000
3289,0,13/4000000000000000000000000000000
3290,0,13/4000000000000000000000000000000
3291,0,13/4000000000000000000000000000000
3292,0,13/4000000000000000000000000000000
3293,0,13/4000000000000000000000000000000
3294,0,13/4000000000000000000000000000000
3295,0,13/4000000000000000000000000000000
3296,0,13/4000000000000000000000000000000
3297,0,13/4000000000000000000000000000000
3298,0,13/4000000000000000000000000000000
3299,0,13/4000000000000000000000000000000
3300,0,13/4000000000000000000000000000000
3301,0,13/4000000000000000000000000000000
3302,0,13/4000000000000000000000000000000
3303,0,13/4000000000000000000000000000000
3304,0,13/4000000000000000000000000000000
3305,0,13/4000000000000000000000000000000
3306,0,13/4000000000000000000000000000000
3307,0,13/4000000000000000000000000000000
3308,0,13/4000000000000000000000000000000
3309,0,13/4000000000000000000000000000000
3310,0,13/4000000000000000000000000000000
3311,0,13/4000000000000000000000000000000
3312,0,13/4000000000000000000000000000000
3313,0,13/4000000000000000000000000000000
3314,0,13/4000000000000000000000000000000
3315,0,13/4000000000000000000000000000000
3316,0,13/4000000000000000000000000000000
3317,0,13/4000000000000000000000000000000
3318,0,13/4000000000000000000000000000000
3319,0,13/4000000000000000000000000000000
3320,0,13/4000000000000000000000000000000
3321,0,13/4000000000000000000000000000000
3322,0,13/4000000000000000000000000000000
3323,0,13/4000000000000000000000000000000
3324,0,13/4000000000000000000000000000000
3325,0,13/4000000000000000000000000000000
3326,0,13/4000000000000000000000000000000
3327,0,13/4000000000000000000000000000000
3328,0,13/4000000000000000000000000000000
3329,0,13/4000000000000000000000000000000
3330,0,13/4000000000000000000000000000000
3331,0,13/4000000000000000000000000000000
3332,0,13/4000000000000000000000000000000
3333,0,13/4000000000000000000000000000000
3334,0,13/4000000000000000000000000000000
3335,0,13/4000000000000000000000000000000
3336,0,13/4000000000000000000000000000000
3337,0,13/4000000000000000000000000000000
3338,0,13/4000000000000000000000000000000
3339,0,13/4000000000000000000000000000000
3340,0,13/4000000000000000000000000000000
3341,0,13/4000000000000000000000000000000
3342,0,13/4000000000000000000000000000000
3343,0,13/4000000000000000000000000000000
3344,0,13/4000000000000000000000000000000
3345,0,13/4000000000000000000000000000000
3346,0,13/4000000000000000000000000000000
3347,0,13/4000000000000000000000000000000
3348,0,13/4000000000000000000000000000000
3349,0,13/4000000000000000000000000000000
3350,0,13/4000000000000000000000000000000
3351,0,13/4000000000000000000000000000000
3352,0,13/4000000000000000000000000000000
3353,0,13/4000000000000000000000000000000
3354,0,13/4000000000000000000000000000000
3355,0,13/4000000000000000000000000000000
3356,0,13/4000000000000000000000000000000
3357,0,13/4000000000000000000000000000000
3358,0,13/4000000000000000000000000000000
3359,0,13/4000000000000000000000000000000
3360,0,13/4000000000000000000000000000000
3361,0,13/4000000000000000000000000000000
3362,0,13/4000000000000000000000000000000
3363,0,13/4000000000000000000000000000000
3364,0,13/4000000000000000000000000000000
3365,0,13/4000000000000000000000000000000
3366,0,13/4000000000000000000000000000000
3367,0,13/4000000000000000000000000000000
3368,0,13/4000000000000000000000000000000
3369,0,13/4000000000000000000000000000000
3370,0,13/4000000000000000000000000000000
3371,0,13/4000000000000000000000000000000
3372,0,13/4000000000000000000000000000000
3373,0,13/4000000000000000000000000000000
3374,0,13/4000000000000000000000000000000
3375,0,13/4000000000000000000000000000000
3376,0,13/4000000000000000000000000000000
3377,0,13/4000000000000000000000000000000
3378,0,13/4000000000000000000000000000000
3379,0,13/4000000000000000000000000000000
3380,0,13/4000000000000000000000000000000
3381,0,13/4000000000000000000000000000000
3382,0,13/4000000000000000000000000000000
3383,0,13/4000000000000000000000000000000
3384,0,13/4000000000000000000000000000000
3385,0,13/4000000000000000000000000000000
3386,0,13/4000000000000000000000000000000
3387,0,13/4000000000000000000000000000000
3388,0,13/4000000000000000000000000000000
3389,0,13/4000000000000000000000000000000
3390,0,13/4000000000000000000000000000000
3391,0,13/4000000000000000000000000000000
3392,0,13/4000000000000000000000000000000
3393,0,13/4000000000000000000000000000000
3394,0,13/4000000000000000000000000000000
3395,0,13/4000000000000000000000000000000
3396,0,13/4000000000000000000000000000000
3397,0,13/4000000000000000000000000000000
3398,0,13/4000000000000000000000000000000
3399,0,13/4000000000000000000000000000000
3400,0,13/4000000000000000000000000000000
3401,0,13/4000000000000000000000000000000
3402,0,13/4000000000000000000000000000000
3403,0,13/4000000000000000000000000000000
3404,0,13/4000000000000000000000000000000
3405,0,13/4000000000000000000000000000000
3406,0,13/4000000000000000000000000000000
3407,0,13/4000000000000000000000000000000
3408,0,13/4000000000000000000000000000000
3409,0,13/4000000000000000000000000000000
3410,0,13/4000000000000000000000000000000
3411,0,13/4000000000000000000000000000000
3412,0,13/4000000000000000000000000000000
3413,0,13/4000000000000000000000000000000
3414,0,13/4000000000000000000000000000000
3415,0,13/4000000000000000000000000000000
3416,0,13/4000000000000000000000000000000
3417,0,13/4000000000000000000000000000000
3418,0,13/4000000000000000000000000000000
3419,0,13/4000000000000000000000000000000
3420,0,13/4000000000000000000000000000000
3421,0,13/4000000000000000000000000000000
3422,0,13/4000000000000000000000000000000
3423,0,13/4000000000000000000000000000000
3424,0,13/4000000000000000000000000000000
3425,0,13/4000000000000000000000000000000
3426,0,13/4000000000000000000000000000000
3427,0,13/4000000000000000000000000000000
3428,0,13/4000000000000000000000000000000
3429,0,13/4000000000000000000000000000000
3430,0,13/4000000000000000000000000000000
3431,0,13/4000000000000000000000000000000
3432,0,13/4000000000000000000000000000000
3433,0,13/4000000000000000000000000000000
3434,0,13/4000000000000000000000000000000
3435,0,13/4000000000000000000000000000000
3436,0,13/4000000000000000000000000000000
3437,0,13/4000000000000000000000000000000
3438,0,13/4000000000000000000000000000000
3439,0,13/4000000000000000000000000000000
3440,0,13/4000000000000000000000000000000
3441,0,13/4000000000000000000000000000000
3442,0,13/4000000000000000000000000000000
3443,0,13/4000000000000000000000000000000
3444,0,13/4000000000000000000000000000000
3445,0,13/4000000000000000000000000000000
3446,0,13/4000000000000000000000000000000
3447,0,13/4000000000000000000000000000000
3448,0,13/4000000000000000000000000000000
3449,0,13/4000000000000000000000000000000
3450,0,13/4000000000000000000000000000000
3451,0,13/4000000000000000000000000000000
3452,0,13/4000000000000000000000000000000
3453,0,13/4000000000000000000000000000000
3454,0,13/4000000000000000000000000000000
3455,0,13/4000000000000000000000000000000
3456,0,13/4000000000000000000000000000000
3457,0,13/4000000000000000000000000000000
3458,0,13/4000000000000000000000000000000
3459,0,13/4000000000000000000000000000000
3460,0,13/4000000000000000000000000000000
3461,0,13/4000000000000000000000000000000
3462,0,13/4000000000000000000000000000000
3463,0,13/4000000000000000000000000000000
3464,0,13/4000000000000000000000000000000
3465,0,13/4000000000000000000000000000000
3466,0,13/4000000000000000000000000000000
3467,0,13/4000000000000000000000000000000
3468,0,13/4000000000000000000000000000000
3469,0,13/4000000000000000000000000000000
3470,0,13/4000000000000000000000000000000
3471,0,13/4000000000000000000000000000000
3472,0,13/4000000000000000000000000000000
3473,0,13/4000000000000000000000000000000
3474,0,13/4000000000000000000000000000000
3475,0,13/4000000000000000000000000000000
3476,0,13/4000000000000000000000000000000
3477,0,13/4000000000000000000000000000000
3478,0,13/4000000000000000000000000000000
3479,0,13/4000000000000000000000000000000
3480,0,13/4000000000000000000000000000000
3481,0,13/4000000000000000000000000000000
3482,0,13/4000000000000000000000000000000
3483,0,13/4000000000000000000000000000000
3484,0,13/4000000000000000000000000000000
3485,0,13/4000000000000000000000000000000
3486,0,13/4000000000000000000000000000000
3487,0,13/4000000000000000000000000000000
3488,0,13/4000000000000000000000000000000
3489,0,13/4000000000000000000000000000000
3490,0,13/4000000000000000000000000000000
3491,0,13/4000000000000000000000000000000
3492,0,13/4000000000000000000000000000000
3493,0,13/4000000000000000000000000000000
3494,0,13/4000000000000000000000000000000
3495,0,13/4000000000000000000000000000000
3496,0,13/4000000000000000000000000000000
3497,0,13/4000000000000000000000000000000
3498,0,13/4000000000000000000000000000000
3499,0,13/4000000000000000000000000000000
3500,0,13/4000000000000000000000000000000
3501,0,13/4000000000000000000000000000000
3502,0,13/4000000000000000000000000000000
3503,0,13/4000000000000000000000000000000
3504,0,13/4000000000000000000000000000000
3505,0,13/4000000000000000000000000000000
3506,0,13/4000000000000000000000000000000
3507,0,13/4000000000000000000000000000000
3508,0,13/4000000000000000000000000000000
3509,0,13/4000000000000000000000000000000
3510,0,13/4000000000000000000000000000000
3511,0,13/4000000000000000000000000000000
3512,0,13/4000000000000000000000000000000
3513,0,13/4000000000000000000000000000000
3514,0,13/4000000000000000000000000000000
3515,0,13/4000000000000000000000000000000
3516,0,13/4000000000000000000000000000000
3517,0,13/4000000000000000000000000000000
3518,0,13/4000000000000000000000000000000
3519,0,13/4000000000000000000000000000000
3520,0,13/4000000000000000000000000000000
3521,0,13/4000000000000000000000000000000
3522,0,13/4000000000000000000000000000000
3523,0,13/4000000000000000000000000000000
3524,0,13/4000000000000000000000000000000
3525,0,13/4000000000000000000000000000000
3526,0,13/4000000000000000000000000000000
3527,0,13/4000000000000000000000000000000
3528,0,13/4000000000000000000000000000000
3529,0,13/4000000000000000000000000000000
3530,0,13/4000000000000000000000000000000
3531,0,13/4000000000000000000000000000000
3532,0,13/4000000000000000000000000000000
3533,0,13/4000000000000000000000000000000
3534,0,13/4000000000000000000000000000000
3535,0,13/4000000000000000000000000000000
3536,0,13/4000000000000000000000000000000
3537,0,13/4000000000000000000000000000000
3538,0,13/4000000000000000000000000000000
3539,0,13/4000000000000000000000000000000
3540,0,13/4000000000000000000000000000000
3541,0,13/4000000000000000000000000000000
3542,0,13/4000000000000000000000000000000
3543,0,13/4000000000000000000000000000000
3544,0,13/4000000000000000000000000000000
3545,0,13/4000000000000000000000000000000
3546,0,13/4000000000000000000000000000000
3547,0,13/4000000000000000000000000000000
3548,0,13/4000000000000000000000000000000
3549,0,13/4000000000000000000000000000000
3550,0,13/4000000000000000000000000000000
3551,0,13/4000000000000000000000000000000
3552,0,13/4000000000000000000000000000000
3553,0,13/4000000000000000000000000000000
3554,0,13/4000000000000000000000000000000
3555,0,13/4000000000000000000000000000000
3556,0,13/4000000000000000000000000000000
3557,0,13/4000000000000000000000000000000
3558,0,13/4000000000000000000000000000000
3559,0,13/4000000000000000000000000000000
3560,0,13/4000000000000000000000000000000
3561,0,13/4000000000000000000000000000000
3562,0,13/4000000000000000000000000000000
3563,0,13/4000000000000000000000000000000
3564,0,13/4000000000000000000000000000000
3565,0,13/4000000000000000000000000000000
3566,0,13/4000000000000000000000000000000
3567,0,13/4000000000000000000000000000000
3568,0,13/4000000000000000000000000000000
3569,0,13/4000000000000000000000000000000
3570,0,13/4000000000000000000000000000000
3571,0,13/4000000000000000000000000000000
3572,0,13/4000000000000000000000000000000
3573,0,13/4000000000000000000000000000000
3574,0,13/4000000000000000000000000000000
3575,0,13/4000000000000000000000000000000
3576,0,13/4000000000000000000000000000000
3577,0,13/4000000000000000000000000000000
3578,0,13/4000000000000000000000000000000
3579,0,13/4000000000000000000000000000000
3580,0,13/4000000000000000000000000000000
3581,0,13/4000000000000000000000000000000
3582,0,13/4000000000000000000000000000000
3583,0,13/4000000000000000000000000000000
3584,0,13/4000000000000000000000000000000
3585,0,13/4000000000000000000000000000000
3586,0,13/4000000000000000000000000000000
3587,0,13/4000000000000000000000000000000
3588,0,13/4000000000000000000000000000000
3589,0,13/4000000000000000000000000000000
3590,0,13/4000000000000000000000000000000
3591,0,13/4000000000000000000000000000000
3592,0,13/4000000000000000000000000000000
3593,0,13/4000000000000000000000000000000
3594,0,13/4000000000000000000000000000000
3595,0,13/4000000000000000000000000000000
3596,0,13/4000000000000000000000000000000
3597,0,13/4000000000000000000000000000000
3598,0,13/4000000000000000000000000000000
3599,0,13/4000000000000000000000000000000
3600,0,13/4000000000000000000000000000000
3601,0,13/4000000000000000000000000000000
3602,0,13/4000000000000000000000000000000
3603,0,13/4000000000000000000000000000000
3604,0,13/4000000000000000000000000000000
3605,0,13/4000000000000000000000000000000
3606,0,13/4000000000000000000000000000000
3607,0,13/4000000000000000000000000000000
3608,0,13/4000000000000000000000000000000
3609,0,13/4000000000000000000000000000000
3610,0,13/4000000000000000000000000000000
3611,0,13/4000000000000000000000000000000
3612,0,13/4000000000000000000000000000000
3613,0,13/4000000000000000000000000000000
3614,0,13/4000000000000000000000000000000
3615,0,13/4000000000000000000000000000000
3616,0,13/4000000000000000000000000000000
3617,0,13/4000000000000000000000000000000
3618,0,13/4000000000000000000000000000000
3619,0,13/4000000000000000000000000000000
3620,0,13/4000000000000000000000000000000
3621,0,13/4000000000000000000000000000000
3622,0,13/4000000000000000000000000000000
3623,0,13/4000000000000000000000000000000
3624,0,13/4000000000000000000000000000000
3625,0,13/4000000000000000000000000000000
3626,0,13/4000000000000000000000000000000
3627,0,13/4000000000000000000000000000000
3628,0,13/4000000000000000000000000000000
3629,0,13/4000000000000000000000000000000
3630,0,13/4000000000000000000000000000000
3631,0,13/4000000000000000000000000000000
3632,0,13/4000000000000000000000000000000
3633,0,13/4000000000000000000000000000000
3634,0,13/4000000000000000000000000000000
3635,0,13/4000000000000000000000000000000
3636,0,13/4000000000000000000000000000000
3637,0,13/4000000000000000000000000000000
3638,0,13/4000000000000000000000000000000
3639,0,13/4000000000000000000000000000000
3640,0,13/4000000000000000000000000000000
3641,0,13/4000000000000000000000000000000
3642,0,13/4000000000000000000000000000000
3643,0,13/4000000000000000000000000000000
3644,0,13/4000000000000000000000000000000
3645,0,13/4000000000000000000000000000000
3646,0,13/4000000000000000000000000000000
3647,0,13/4000000000000000000000000000000
3648,0,13/4000000000000000000000000000000
3649,0,13/4000000000000000000000000000000
3650,0,13/4000000000000000000000000000000
3651,0,13/4000000000000000000000000000000
3652,0,13/4000000000000000000000000000000
3653,0,13/4000000000000000000000000000000
3654,0,13/4000000000000000000000000000000
3655,0,13/4000000000000000000000000000000
3656,0,13/4000000000000000000000000000000
3657,0,13/4000000000000000000000000000000
3658,0,13/4000000000000000000000000000000
3659,0,13/4000000000000000000000000000000
3660,0,13/4000000000000000000000000000000
3661,0,13/4000000000000000000000000000000
3662,0,13/4000000000000000000000000000000
3663,0,13/4000000000000000000000000000000
3664,0,13/4000000000000000000000000000000
3665,0,13/4000000000000000000000000000000
3666,0,13/4000000000000000000000000000000
3667,0,13/4000000000000000000000000000000
3668,0,13/4000000000000000000000000000000
3669,0,13/4000000000000000000000000000000
3670,0,13/4000000000000000000000000000000
3671,0,13/4000000000000000000000000000000
3672,0,13/4000000000000000000000000000000
3673,0,13/4000000000000000000000000000000
3674,0,13/4000000000000000000000000000000
3675,0,13/4000000000000000000000000000000
3676,0,13/4000000000000000000000000000000
3677,0,13/4000000000000000000000000000000
3678,0,13/4000000000000000000000000000000
3679,0,13/4000000000000000000000000000000
3680,0,13/4000000000000000000000000000000
3681,0,13/4000000000000000000000000000000
3682,0,13/4000000000000000000000000000000
3683,0,13/4000000000000000000000000000000
3684,0,13/4000000000000000000000000000000
3685,0,13/4000000000000000000000000000000
3686,0,13/4000000000000000000000000000000
3687,0,13/4000000000000000000000000000000
3688,0,13/4000000000000000000000000000000
3689,0,13/4000000000000000000000000000000
3690,0,13/4000000000000000000000000000000
3691,0,13/4000000000000000000000000000000
3692,0,13/4000000000000000000000000000000
3693,0,13/4000000000000000000000000000000
3694,0,13/4000000000000000000000000000000
3695,0,13/4000000000000000000000000000000
3696,0,13/4000000000000000000000000000000
3697,0,13/4000000000000000000000000000000
3698,0,13/4000000000000000000000000000000
3699,0,13/4000000000000000000000000000000
3700,0,13/4000000000000000000000000000000
3701,0,13/4000000000000000000000000000000
3702,0,13/4000000000000000000000000000000
3703,0,13/4000000000000000000000000000000
3704,0,13/4000000000000000000000000000000
3705,0,13/4000000000000000000000000000000
3706,0,13/4000000000000000000000000000000
3707,0,13/4000000000000000000000000000000
3708,0,13/4000000000000000000000000000000
3709,0,13/4000000000000000000000000000000
3710,0,13/4000000000000000000000000000000
3711,0,13/4000000000000000000000000000000
3712,0,13/4000000000000000000000000000000
3713,0,13/4000000000000000000000000000000
3714,0,13/4000000000000000000000000000000
3715,0,13/4000000000000000000000000000000
3716,0,13/4000000000000000000000000000000
3717,0,13/4000000000000000000000000000000
3718,0,13/4000000000000000000000000000000
3719,0,13/4000000000000000000000000000000
3720,0,13/4000000000000000000000000000000
3721,0,13/4000000000000000000000000000000
3722,0,13/4000000000000000000000000000000
3723,0,13/4000000000000000000000000000000
3724,0,13/4000000000000000000000000000000
3725,0,13/4000000000000000000000000000000
3726,0,13/4000000000000000000000000000000
3727,0,13/4000000000000000000000000000000
3728,0,13/4000000000000000000000000000000
3729,0,13/4000000000000000000000000000000
3730,0,13/4000000000000000000000000000000
3731,0,13/4000000000000000000000000000000
3732,0,13/4000000000000000000000000000000
3733,0,13/4000000000000000000000000000000
3734,0,13/4000000000000000000000000000000
3735,0,13/4000000000000000000000000000000
3736,0,13/4000000000000000000000000000000
3737,0,13/4000000000000000000000000000000
3738,0,13/4000000000000000000000000000000
3739,0,13/4000000000000000000000000000000
3740,0,13/4000000000000000000000000000000
3741,0,13/4000000000000000000000000000000
3742,0,13/4000000000000000000000000000000
3743,0,13/4000000000000000000000000000000
3744,0,13/4000000000000000000000000000000
3745,0,13/4000000000000000000000000000000
3746,0,13/4000000000000000000000000000000
3747,0,13/4000000000000000000000000000000
3748,0,13/4000000000000000000000000000000
3749,0,13/4000000000000000000000000000000
3750,0,13/4000000000000000000000000000000
3751,0,13/4000000000000000000000000000000
3752,0,13/4000000000000000000000000000000
3753,0,13/4000000000000000000000000000000
3754,0,13/4000000000000000000000000000000
3755,0,13/4000000000000000000000000000000
3756,0,13/4000000000000000000000000000000
3757,0,13/4000000000000000000000000000000
3758,0,13/4000000000000000000000000000000
3759,0,13/4000000000000000000000000000000
3760,0,13/4000000000000000000000000000000
3761,0,13/4000000000000000000000000000000
3762,0,13/4000000000000000000000000000000
3763,0,13/4000000000000000000000000000000
3764,0,13/4000000000000000000000000000000
3765,0,13/4000000000000000000000000000000
3766,0,13/4000000000000000000000000000000
3767,0,13/4000000000000000000000000000000
3768,0,13/4000000000000000000000000000000
3769,0,13/4000000000000000000000000000000
3770,0,13/4000000000000000000000000000000
3771,0,13/4000000000000000000000000000000
3772,0,13/4000000000000000000000000000000
3773,0,13/4000000000000000000000000000000
3774,0,13/4000000000000000000000000000000
3775,0,13/4000000000000000000000000000000
3776,0,13/4000000000000000000000000000000
3777,0,13/4000000000000000000000000000000
3778,0,13/4000000000000000000000000000000
3779,0,13/4000000000000000000000000000000
3780,0,13/4000000000000000000000000000000
3781,0,13/4000000000000000000000000000000
3782,0,13/4000000000000000000000000000000
3783,0,13/4000000000000000000000000000000
3784,0,13/4000000000000000000000000000000
3785,0,13/4000000000000000000000000000000
3786,0,13/4000000000000000000000000000000
3787,0,13/4000000000000000000000000000000
3788,0,13/4000000000000000000000000000000
3789,0,13/4000000000000000000000000000000
3790,0,13/4000000000000000000000000000000
3791,0,13/4000000000000000000000000000000
3792,0,13/4000000000000000000000000000000
3793,0,13/4000000000000000000000000000000
3794,0,13/4000000000000000000000000000000
3795,0,13/4000000000000000000000000000000
3796,0,13/4000000000000000000000000000000
3797,0,13/4000000000000000000000000000000
3798,0,13/4000000000000000000000000000000
3799,0,13/4000000000000000000000000000000
3800,0,13/4000000000000000000000000000000
3801,0,13/4000000000000000000000000000000
3802,0,13/4000000000000000000000000000000
3803,0,13/4000000000000000000000000000000
3804,0,13/4000000000000000000000000000000
3805,0,13/4000000000000000000000000000000
3806,0,13/4000000000000000000000000000000
3807,0,13/4000000000000000000000000000000
3808,0,13/4000000000000000000000000000000
3809,0,13/4000000000000000000000000000000
3810,0,13/4000000000000000000000000000000
3811,0,13/4000000000000000000000000000000
3812,0,13/4000000000000000000000000000000
3813,0,13/4000000000000000000000000000000
3814,0,13/4000000000000000000000000000000
3815,0,13/4000000000000000000000000000000
3816,0,13/4000000000000000000000000000000
3817,0,13/4000000000000000000000000000000
3818,0,13/4000000000000000000000000000000
3819,0,13/4000000000000000000000000000000
3820,0,13/4000000000000000000000000000000
3821,0,13/4000000000000000000000000000000
3822,0,13/4000000000000000000000000000000
3823,0,13/4000000000000000000000000000000
3824,0,13/4000000000000000000000000000000
3825,0,13/4000000000000000000000000000000
3826,0,13/4000000000000000000000000000000
3827,0,13/4000000000000000000000000000000
3828,0,13/4000000000000000000000000000000
3829,0,13/4000000000000000000000000000000
3830,0,13/4000000000000000000000000000000
3831,0,13/4000000000000000000000000000000
3832,0,13/4000000000000000000000000000000
3833,0,13/4000000000000000000000000000000
3834,0,13/4000000000000000000000000000000
3835,0,13/4000000000000000000000000000000
3836,0,13/4000000000000000000000000000000
3837,0,13/4000000000000000000000000000000
3838,0,13/4000000000000000000000000000000
3839,0,13/4000000000000000000000000000000
3840,0,13/4000000000000000000000000000000
3841,0,13/4000000000000000000000000000000
3842,0,13/4000000000000000000000000000000
3843,0,13/4000000000000000000000000000000
3844,0,13/4000000000000000000000000000000
3845,0,13/4000000000000000000000000000000
3846,0,13/4000000000000000000000000000000
3847,0,13/4000000000000000000000000000000
3848,0,13/4000000000000000000000000000000
3849,0,13/4000000000000000000000000000000
3850,0,13/4000000000000000000000000000000
3851,0,13/4000000000000000000000000000000
3852,0,13/4000000000000000000000000000000
3853,0,13/4000000000000000000000000000000
3854,0,13/4000000000000000000000000000000
3855,0,13/4000000000000000000000000000000
3856,0,13/4000000000000000000000000000000
3857,0,13/4000000000000000000000000000000
3858,0,13/4000000000000000000000000000000
3859,0,13/4000000000000000000000000000000
3860,0,13/4000000000000000000000000000000
3861,0,13/4000000000000000000000000000000
3862,0,13/4000000000000000000000000000000
3863,0,13/4000000000000000000000000000000
3864,0,13/4000000000000000000000000000000
3865,0,13/4000000000000000000000000000000
3866,0,13/4000000000000000000000000000000
3867,0,13/4000000000000000000000000000000
3868,0,13/4000000000000000000000000000000
3869,0,13/4000000000000000000000000000000
3870,0,13/4000000000000000000000000000000
3871,0,13/4000000000000000000000000000000
3872,0,13/4000000000000000000000000000000
3873,0,13/4000000000000000000000000000000
3874,0,13/4000000000000000000000000000000
3875,0,13/4000000000000000000000000000000
3876,0,13/4000000000000000000000000000000
3877,0,13/4000000000000000000000000000000
3878,0,13/4000000000000000000000000000000
3879,0,13/4000000000000000000000000000000
3880,0,13/4000000000000000000000000000000
3881,0,13/4000000000000000000000000000000
3882,0,13/4000000000000000000000000000000
3883,0,13/4000000000000000000000000000000
3884,0,13/4000000000000000000000000000000
3885,0,13/4000000000000000000000000000000
3886,0,13/4000000000000000000000000000000
3887,0,13/4000000000000000000000000000000
3888,0,13/4000000000000000000000000000000
3889,0,13/4000000000000000000000000000000
3890,0,13/4000000000000000000000000000000
3891,0,13/4000000000000000000000000000000
3892,0,13/4000000000000000000000000000000
3893,0,13/4000000000000000000000000000000
3894,0,13/4000000000000000000000000000000
3895,0,13/4000000000000000000000000000000
3896,0,13/4000000000000000000000000000000
3897,0,13/4000000000000000000000000000000
3898,0,13/4000000000000000000000000000000
3899,0,13/4000000000000000000000000000000
3900,0,13/4000000000000000000000000000000
3901,0,13/4000000000000000000000000000000
3902,0,13/4000000000000000000000000000000
3903,0,13/4000000000000000000000000000000
3904,0,13/4000000000000000000000000000000
3905,0,13/4000000000000000000000000000000
3906,0,13/4000000000000000000000000000000
3907,0,13/4000000000000000000000000000000
3908,0,13/4000000000000000000000000000000
3909,0,13/4000000000000000000000000000000
3910,0,13/4000000000000000000000000000000
3911,0,13/4000000000000000000000000000000
3912,0,13/4000000000000000000000000000000
3913,0,13/4000000000000000000000000000000
3914,0,13/4000000000000000000000000000000
3915,0,13/4000000000000000000000000000000
3916,0,13/4000000000000000000000000000000
3917,0,13/4000000000000000000000000000000
3918,0,13/4000000000000000000000000000000
3919,0,13/4000000000000000000000000000000
3920,0,13/4000000000000000000000000000000
3921,0,13/4000000000000000000000000000000
3922,0,13/4000000000000000000000000000000
3923,0,13/4000000000000000000000000000000
3924,0,13/4000000000000000000000000000000
3925,0,13/4000000000000000000000000000000
3926,0,13/4000000000000000000000000000000
3927,0,13/4000000000000000000000000000000
3928,0,13/4000000000000000000000000000000
3929,0,13/4000000000000000000000000000000
3930,0,13/4000000000000000000000000000000
3931,0,13/4000000000000000000000000000000
3932,0,13/4000000000000000000000000000000
3933,0,13/4000000000000000000000000000000
3934,0,13/4000000000000000000000000000000
3935,0,13/4000000000000000000000000000000
3936,0,13/4000000000000000000000000000000
3937,0,13/4000000000000000000000000000000
3938,0,13/4000000000000000000000000000000
3939,0,13/4000000000000000000000000000000
3940,0,13/4000000000000000000000000000000
3941,0,13/4000000000000000000000000000000
3942,0,13/4000000000000000000000000000000
3943,0,13/4000000000000000000000000000000
3944,0,13/4000000000000000000000000000000
3945,0,13/4000000000000000000000000000000
3946,0,13/4000000000000000000000000000000
3947,0,13/4000000000000000000000000000000
3948,0,13/4000000000000000000000000000000
3949,0,13/4000000000000000000000000000000
3950,0,13/4000000000000000000000000000000
3951,0,13/4000000000000000000000000000000
3952,0,13/4000000000000000000000000000000
3953,0,13/4000000000000000000000000000000
3954,0,13/4000000000000000000000000000000
3955,0,13/4000000000000000000000000000000
3956,0,13/4000000000000000000000000000000
3957,0,13/4000000000000000000000000000000
3958,0,13/4000000000000000000000000000000
3959,0,13/4000000000000000000000000000000
3960,0,13/4000000000000000000000000000000
3961,0,13/4000000000000000000000000000000
3962,0,13/4000000000000000000000000000000
3963,0,13/4000000000000000000000000000000
3964,0,13/4000000000000000000000000000000
3965,0,13/4000000000000000000000000000000
3966,0,13/4000000000000000000000000000000
3967,0,13/4000000000000000000000000000000
3968,0,13/4000000000000000000000000000000
3969,0,13/4000000000000000000000000000000
3970,0,13/4000000000000000000000000000000
3971,0,13/4000000000000000000000000000000
3972,0,13/4000000000000000000000000000000
3973,0,13/4000000000000000000000000000000
3974,0,13/4000000000000000000000000000000
3975,0,13/4000000000000000000000000000000
3976,0,13/4000000000000000000000000000000
3977,0,13/4000000000000000000000000000000
3978,0,13/4000000000000000000000000000000
3979,0,13/4000000000000000000000000000000
3980,0,13/4000000000000000000000000000000
3981,0,13/4000000000000000000000000000000
3982,0,13/4000000000000000000000000000000
3983,0,13/4000000000000000000000000000000
3984,0,13/4000000000000000000000000000000
3985,0,13/4000000000000000000000000000000
3986,0,13/4000000000000000000000000000000
3987,0,13/4000000000000000000000000000000
3988,0,13/4000000000000000000000000000000
3989,0,13/4000000000000000000000000000000
3990,0,13/4000000000000000000000000000000
3991,0,13/4000000000000000000000000000000
3992,0,13/4000000000000000000000000000000
3993,0,13/4000000000000000000000000000000
3994,0,13/4000000000000000000000000000000
3995,0,13/4000000000000000000000000000000
3996,0,13/4000000000000000000000000000000
3997,0,13/4000000000000000000000000000000
3998,0,13/4000000000000000000000000000000
3999,0,13/4000000000000000000000000000000
4000,0,13/4000000000000000000000000000000
4001,0,13/4000000000000000000000000000000
4002,0,13/4000000000000000000000000000000
4003,0,13/4000000000000000000000000000000
4004,0,13/4000000000000000000000000000000
4005,0,13/4000000000000000000000000000000
4006,0,13/4000000000000000000000000000000
4007,0,13/4000000000000000000000000000000
4008,0,13/4000000000000000000000000000000
4009,0,13/4000000000000000000000000000000
4010,0,13/4000000000000000000000000000000
4011,0,13/4000000000000000000000000000000
4012,0,13/4000000000000000000000000000000
4013,0,13/4000000000000000000000000000000
4014,0,13/4000000000000000000000000000000
4015,0,13/4000000000000000000000000000000
4016,0,13/4000000000000000000000000000000
4017,0,13/4000000000000000000000000000000
4018,0,13/4000000000000000000000000000000
4019,0,13/4000000000000000000000000000000
4020,0,13/4000000000000000000000000000000
4021,0,13/4000000000000000000000000000000
4022,0,13/4000000000000000000000000000000
4023,0,13/4000000000000000000000000000000
4024,0,13/4000000000000000000000000000000
4025,0,13/4000000000000000000000000000000
4026,0,13/4000000000000000000000000000000
4027,0,13/4000000000000000000000000000000
4028,0,13/4000000000000000000000000000000
4029,0,13/4000000000000000000000000000000
4030,0,13/4000000000000000000000000000000
4031,0,13/4000000000000000000000000000000
4032,0,13/4000000000000000000000000000000
4033,0,13/4000000000000000000000000000000
4034,0,13/4000000000000000000000000000000
4035,0,13/4000000000000000000000000000000
4036,0,13/4000000000000000000000000000000
4037,0,13/4000000000000000000000000000000
4038,0,13/4000000000000000000000000000000
4039,0,13/4000000000000000000000000000000
4040,0,13/4000000000000000000000000000000
4041,0,13/4000000000000000000000000000000
4042,0,13/4000000000000000000000000000000
4043,0,13/4000000000000000000000000000000
4044,0,13/4000000000000000000000000000000
4045,0,13/4000000000000000000000000000000
4046,0,13/4000000000000000000000000000000
4047,0,13/4000000000000000000000000000000
4048,0,13/4000000000000000000000000000000
4049,0,13/4000000000000000000000000000000
4050,0,13/4000000000000000000000000000000
4051,0,13/4000000000000000000000000000000
4052,0,13/4000000000000000000000000000000
4053,0,13/4000000000000000000000000000000
4054,0,13/4000000000000000000000000000000
4055,0,13/4000000000000000000000000000000
4056,0,13/4000000000000000000000000000000
4057,0,13/4000000000000000000000000000000
4058,0,13/4000000000000000000000000000000
4059,0,13/4000000000000000000000000000000
4060,0,13/4000000000000000000000000000000
4061,0,13/4000000000000000000000000000000
4062,0,13/4000000000000000000000000000000
4063,0,13/4000000000000000000000000000000
4064,0,13/4000000000000000000000000000000
4065,0,13/4000000000000000000000000000000
4066,0,13/4000000000000000000000000000000
4067,0,13/4000000000000000000000000000000
4068,0,13/4000000000000000000000000000000
4069,0,13/4000000000000000000000000000000
4070,0,13/4000000000000000000000000000000
4071,0,13/4000000000000000000000000000000
4072,0,13/4000000000000000000000000000000
4073,0,13/4000000000000000000000000000000
4074,0,13/4000000000000000000000000000000
4075,0,13/4000000000000000000000000000000
4076,0,13/4000000000000000000000000000000
4077,0,13/4000000000000000000000000000000
4078,0,13/4000000000000000000000000000000
4079,0,13/4000000000000000000000000000000
4080,0,13/4000000000000000000000000000000
4081,0,13/4000000000000000000000000000000
4082,0,13/4000000000000000000000000000000
4083,0,13/4000000000000000000000000000000
4084,0,13/4000000000000000000000000000000
4085,0,13/4000000000000000000000000000000
4086,0,13/4000000000000000000000000000000
4087,0,13/4000000000000000000000000000000
4088,0,13/4000000000000000000000000000000
4089,0,13/4000000000000000000000000000000
4090,0,13/4000000000000000000000000000000
4091,0,13/4000000000000000000000000000000
4092,0,13/4000000000000000000000000000000
4093,0,13/4000000000000000000000000000000
4094,0,13/4000000000000000000000000000000
4095,0,13/4000000000000000000000000000000
4096,0,13/4000000000000000000000000000000
