index,lower,upper
0,1/4,1/4
1,1821909965398071188984602967851/8000000000000000000000000000000,1821909965398071188984602967853/8000000000000000000000000000000
2,830648842828000135555031205103/4000000000000000000000000000000,1661297685656000271110062410211/8000000000000000000000000000000
3,1516318396971372541559847848487/8000000000000000000000000000000,303263679394274508311969569699/1600000000000000000000000000000
4,692665721392019145924484900983/4000000000000000000000000000000,1385331442784038291848969801977/8000000000000000000000000000000
5,316719264366408008279045482127/2000000000000000000000000000000,633438528732816016558090964261/4000000000000000000000000000000
6,289913957882996726420812222521/2000000000000000000000000000000,11596558315319869056832488901/80000000000000000000000000000
7,1062510546106400439933652862391/8000000000000000000000000000000,1062510546106400439933652862409/8000000000000000000000000000000
8,487205050442037872599661652573/4000000000000000000000000000000,194882020176815149039864661033/1600000000000000000000000000000
9,178887058417854547912739565459/1600000000000000000000000000000,447217646044636369781848913657/4000000000000000000000000000000
10,410883112689590171140753967331/4000000000000000000000000000000,821766225379180342281507934683/8000000000000000000000000000000
11,47229448360980464843726506953/500000000000000000000000000000,755671173775687437499624111271/8000000000000000000000000000000
12,347748356444722268035663510849/4000000000000000000000000000000,347748356444722268035663510861/4000000000000000000000000000000
13,8008237316065924023856619601/100000000000000000000000000000,128131797057054784381705913621/1600000000000000000000000000000
14,590635963128953529266014440993/8000000000000000000000000000000,295317981564476764633007220509/4000000000000000000000000000000
15,544960593521727456522372206669/8000000000000000000000000000000,108992118704345491304474441339/1600000000000000000000000000000
16,125803681102013753372380816281/2000000000000000000000000000000,10064294488161100269790465303/160000000000000000000000000000
17,2325118604218470669432678063/40000000000000000000000000000,465023720843694133886535612627/8000000000000000000000000000000
18,215025845960107033290142913351/4000000000000000000000000000000,43005169192021406658028582673/800000000000000000000000000000
19,397997257921722778735438295731/8000000000000000000000000000000,397997257921722778735438295759/8000000000000000000000000000000
20,368589795484088895494414101103/8000000000000000000000000000000,92147448871022223873603525283/2000000000000000000000000000000
21,341586105763435345639542866269/8000000000000000000000000000000,170793052881717672819771433149/4000000000000000000000000000000
22,79191864252863512628354381341/2000000000000000000000000000000,316767457011454050513417525393/8000000000000000000000000000000
23,293936958599235480119851293393/8000000000000000000000000000000,146968479299617740059925646711/4000000000000000000000000000000
24,272917228516293771912622886401/8000000000000000000000000000000,27291722851629377191262288643/800000000000000000000000000000
25,12677416038725261992542890483/400000000000000000000000000000,253548320774505239850857809689/8000000000000000000000000000000
26,7365183844872376873380907917/250000000000000000000000000000,235685883035916059948189053373/8000000000000000000000000000000
27,4383990364379406445833859517/160000000000000000000000000000,219199518218970322291692975879/8000000000000000000000000000000
28,25496415859095453427562943877/1000000000000000000000000000000,40794265374552725484100710209/1600000000000000000000000000000
29,11868413111894617691310345649/500000000000000000000000000000,47473652447578470765241382603/2000000000000000000000000000000
30,176872712700937571531715663297/8000000000000000000000000000000,44218178175234392882928915831/2000000000000000000000000000000
31,1287640601368382978908868019/62500000000000000000000000000,164817996975153021300335106459/8000000000000000000000000000000
32,153650922125346872187717516233/8000000000000000000000000000000,7682546106267343609385875813/400000000000000000000000000000
33,143299227520201450426444924267/8000000000000000000000000000000,71649613760100725213222462147/4000000000000000000000000000000
34,26739440435143774653832778691/1600000000000000000000000000000,66848601087859436634581946741/4000000000000000000000000000000
35,62392516381388867526965326347/4000000000000000000000000000000,1559812909534721688174133159/100000000000000000000000000000
36,23301644220021328655872164703/1600000000000000000000000000000,116508221100106643279360823541/8000000000000000000000000000000
37,108817063399648130417871529047/8000000000000000000000000000000,108817063399648130417871529073/8000000000000000000000000000000
38,25416546103446030219234019337/2000000000000000000000000000000,50833092206892060438468038687/4000000000000000000000000000000
39,95014120414280345459757378177/8000000000000000000000000000000,95014120414280345459757378203/8000000000000000000000000000000
40,44411472811492131133082361439/4000000000000000000000000000000,11102868202873032783270590363/1000000000000000000000000000000
41,83057937324788806718946101871/8000000000000000000000000000000,83057937324788806718946101897/8000000000000000000000000000000
42,77687275433432847014837382703/8000000000000000000000000000000,77687275433432847014837382729/8000000000000000000000000000000
43,72681772758543439881452491031/8000000000000000000000000000000,72681772758543439881452491057/8000000000000000000000000000000
44,68014632645171639695894728231/8000000000000000000000000000000,68014632645171639695894728257/8000000000000000000000000000000
45,63661231031323673516594303677/8000000000000000000000000000000,63661231031323673516594303703/8000000000000000000000000000000
46,59598920300287015374246806871/8000000000000000000000000000000,59598920300287015374246806897/8000000000000000000000000000000
47,27903426298940657696907392513/4000000000000000000000000000000,55806852597881315393814785053/8000000000000000000000000000000
48,52265820544530301402387583069/8000000000000000000000000000000,10453164108906060280477516619/1600000000000000000000000000000
49,9791622700428373755208166871/1600000000000000000000000000000,48958113502141868776040834381/8000000000000000000000000000000
50,9173477551927025313792238733/1600000000000000000000000000000,45867387759635126568961193691/8000000000000000000000000000000
51,1719141967264004895588528981/320000000000000000000000000000,42978549181600122389713224551/8000000000000000000000000000000
52,10069411756174895583570684647/2000000000000000000000000000000,20138823512349791167141369307/4000000000000000000000000000000
53,3775177776839122471872352053/800000000000000000000000000000,9437944442097806179680880139/2000000000000000000000000000000
54,8847249483114302274876319881/2000000000000000000000000000000,707779958649144181990105591/160000000000000000000000000000
55,33178244965523707712090638891/8000000000000000000000000000000,33178244965523707712090638917/8000000000000000000000000000000
56,7777316346968254236947357109/2000000000000000000000000000000,15554632693936508473894714231/4000000000000000000000000000000
57,29172549459837715408130899429/8000000000000000000000000000000,5834509891967543081626179891/1600000000000000000000000000000
58,6839817931299508787741652723/2000000000000000000000000000000,27359271725198035150966610917/8000000000000000000000000000000
59,641530921210215102706613857/200000000000000000000000000000,5132247369681720821652910861/1600000000000000000000000000000
60,24070830226156941819253185177/8000000000000000000000000000000,12035415113078470909626592601/4000000000000000000000000000000
61,22580972908585859265276707301/8000000000000000000000000000000,11290486454292929632638353663/4000000000000000000000000000000
62,5296270103568857438051574971/2000000000000000000000000000000,21185080414275429752206299909/8000000000000000000000000000000
63,19877025066467459077169400839/8000000000000000000000000000000,621157033327108096161543777/250000000000000000000000000000
64,4662775379159173033134852597/2000000000000000000000000000000,18651101516636692132539410413/8000000000000000000000000000000
65,17501995155908237722962473363/8000000000000000000000000000000,4375498788977059430740618347/2000000000000000000000000000000
66,8212376572733771319045236241/4000000000000000000000000000000,16424753145467542638090472507/8000000000000000000000000000000
67,7707378912215193395912932379/4000000000000000000000000000000,15414757824430386791825864783/8000000000000000000000000000000
68,578708091120395977906235171/320000000000000000000000000000,144677022780098994476558793/80000000000000000000000000000
69,2715913574113332321314742617/1600000000000000000000000000000,1357956787056666160657371311/800000000000000000000000000000
70,12746603567549749517987546573/8000000000000000000000000000000,6373301783774874758993773299/4000000000000000000000000000000
71,11965306887690718583982215183/8000000000000000000000000000000,1495663360961339822997776901/1000000000000000000000000000000
72,5616203171164493022820385483/4000000000000000000000000000000,11232406342328986045640770991/8000000000000000000000000000000
73,10544845232629571381468069311/8000000000000000000000000000000,1318105654078696422683508667/1000000000000000000000000000000
74,197995333757664460173981253/160000000000000000000000000000,395990667515328920347962507/320000000000000000000000000000
75,4647249919607304285941352117/4000000000000000000000000000000,9294499839214608571882704259/8000000000000000000000000000000
76,4363273516504167384271346633/4000000000000000000000000000000,8726547033008334768542693291/8000000000000000000000000000000
77,204839299933022406995413693/200000000000000000000000000000,1638714399464179255963309549/1600000000000000000000000000000
78,961673610323853805503981273/1000000000000000000000000000000,7693388882590830444031850209/8000000000000000000000000000000
79,902994013148550157345397873/1000000000000000000000000000000,7223952105188401258763183009/8000000000000000000000000000000
80,847918366105993993521454991/1000000000000000000000000000000,6783346928847951948171639953/8000000000000000000000000000000
81,6369780724878697644396744051/8000000000000000000000000000000,1592445181219674411099186019/2000000000000000000000000000000
82,239262994292900174752859787/320000000000000000000000000000,59815748573225043688214947/80000000000000000000000000000
83,561715714398171855094758789/800000000000000000000000000000,1123431428796343710189517583/1600000000000000000000000000000
84,1318763712132782858587735107/2000000000000000000000000000000,5275054848531131434350940453/8000000000000000000000000000000
85,990777632560876222904943697/1600000000000000000000000000000,495388816280438111452471851/800000000000000000000000000000
86,290772758865614703538535073/500000000000000000000000000000,4652364141849835256616561193/8000000000000000000000000000000
87,4369271057522820907437154191/8000000000000000000000000000000,546158882190352613429644277/1000000000000000000000000000000
88,256467071203394540798583637/500000000000000000000000000000,4103473139254312652777338217/8000000000000000000000000000000
89,3853905673241449843564299479/8000000000000000000000000000000,240869104577590615222768719/500000000000000000000000000000
90,36195704336697981765181199/80000000000000000000000000000,144782817346791927060724797/320000000000000000000000000000
91,3399531421725422253231448141/8000000000000000000000000000000,1699765710862711126615724083/4000000000000000000000000000000
92,3192910890108297778715359349/8000000000000000000000000000000,1596455445054148889357679687/4000000000000000000000000000000
93,2998885632536744003233803383/8000000000000000000000000000000,187430352033546500202112713/500000000000000000000000000000
94,22533468154821702766063327/64000000000000000000000000000,28166835193527128457579159/80000000000000000000000000000
95,330697532726926182580986913/1000000000000000000000000000000,2645580261815409460647895329/8000000000000000000000000000000
96,4853313259804075454695019/15625000000000000000000000000,2484896389019686632803849753/8000000000000000000000000000000
97,2333994422608347746889186991/8000000000000000000000000000000,291749302826043468361148377/1000000000000000000000000000000
98,2192276235575014132369073529/8000000000000000000000000000000,1096138117787507066184536777/4000000000000000000000000000000
99,1029590291243258286991717093/4000000000000000000000000000000,2059180582486516573983434211/8000000000000000000000000000000
100,120886299337486744575402301/500000000000000000000000000000,1934180789399787913206436841/8000000000000000000000000000000
101,1816782592615981648873380543/8000000000000000000000000000000,227097824076997706109172571/1000000000000000000000000000000
102,853261058105612195088031989/4000000000000000000000000000000,1706522116211224390176064003/8000000000000000000000000000000
103,160296397901550626718089753/800000000000000000000000000000,320592795803101253436179511/1600000000000000000000000000000
104,752849761192276750854344299/4000000000000000000000000000000,1505699522384553501708688623/8000000000000000000000000000000
105,11314761205834906122471217/64000000000000000000000000000,28286903014587265306178043/160000000000000000000000000000
106,166067597167393456287018219/1000000000000000000000000000000,1328540777339147650296145777/8000000000000000000000000000000
107,623974184280001830328744779/4000000000000000000000000000000,1247948368560003660657489583/8000000000000000000000000000000
108,1172250579877558485314722679/8000000000000000000000000000000,234450115975511697062944541/1600000000000000000000000000000
109,275287369475155596940126907/2000000000000000000000000000000,1101149477900622387760507653/8000000000000000000000000000000
110,1034365342657671824097729273/8000000000000000000000000000000,517182671328835912048864649/4000000000000000000000000000000
111,194327109000328341703953611/1600000000000000000000000000000,12145444312520521356497101/100000000000000000000000000000
112,114089186784202471985900007/1000000000000000000000000000000,912713494273619775887200081/8000000000000000000000000000000
113,428683825852479766204036671/4000000000000000000000000000000,428683825852479766204036683/4000000000000000000000000000000
114,805380605342197491614959641/8000000000000000000000000000000,161076121068439498322991933/1600000000000000000000000000000
115,75654820256191744428981347/800000000000000000000000000000,378274101280958722144906747/4000000000000000000000000000000
116,710678736505116951660492579/8000000000000000000000000000000,710678736505116951660492603/8000000000000000000000000000000
117,83449022875538657858707547/1000000000000000000000000000000,1668980457510773157174151/20000000000000000000000000000
118,78389935600375712656088251/1000000000000000000000000000000,39194967800187856328044127/500000000000000000000000000000
119,589101880077709390803836471/8000000000000000000000000000000,117820376015541878160767299/1600000000000000000000000000000
120,110678054493667081778074311/1600000000000000000000000000000,553390272468335408890371579/8000000000000000000000000000000
121,519844640005174783198688003/8000000000000000000000000000000,519844640005174783198688027/8000000000000000000000000000000
122,24416674024508259053786357/400000000000000000000000000000,122083370122541295268931791/2000000000000000000000000000000
123,45873329104825879977529819/800000000000000000000000000000,229366645524129399887649107/4000000000000000000000000000000
124,430928079711949134676473977/8000000000000000000000000000000,430928079711949134676474001/8000000000000000000000000000000
125,404808907039323579827185189/8000000000000000000000000000000,404808907039323579827185213/8000000000000000000000000000000
126,190136727947037290653472131/4000000000000000000000000000000,380273455894074581306944287/8000000000000000000000000000000
127,89306406908849071619337767/2000000000000000000000000000000,357225627635396286477351093/8000000000000000000000000000000
128,41946895384653887241987861/1000000000000000000000000000000,335575163077231097935902913/8000000000000000000000000000000
129,15761864334023878568966331/400000000000000000000000000000,63047457336095514275865329/1600000000000000000000000000000
130,4627068320922653160091727/125000000000000000000000000000,296132372539049802245870553/8000000000000000000000000000000
131,278185630811570568508932353/8000000000000000000000000000000,139092815405785284254466189/4000000000000000000000000000000
132,52265362667086176236995781/1600000000000000000000000000000,26132681333543088118497893/800000000000000000000000000000
133,61372484309842082367941203/2000000000000000000000000000000,245489937239368329471764837/8000000000000000000000000000000
134,28826628180623234078407573/1000000000000000000000000000000,230613025444985872627260609/8000000000000000000000000000000
135,216637863017103371914312379/8000000000000000000000000000000,43327572603420674382862481/1600000000000000000000000000000
136,203509768387832026035529927/8000000000000000000000000000000,203509768387832026035529953/8000000000000000000000000000000
137,95588689270044478160601641/4000000000000000000000000000000,47794344635022239080300827/2000000000000000000000000000000
138,4489811182330138234751959/200000000000000000000000000000,89796223646602764695039193/4000000000000000000000000000000
139,42177413971647117512441161/2000000000000000000000000000000,42177413971647117512441167/2000000000000000000000000000000
140,158486435107308690232214081/8000000000000000000000000000000,31697287021461738046442821/1600000000000000000000000000000
141,148882798254243203580117323/8000000000000000000000000000000,148882798254243203580117347/8000000000000000000000000000000
142,139861184275188882583086291/8000000000000000000000000000000,27972236855037776516617263/1600000000000000000000000000000
143,65693155227198472328497051/4000000000000000000000000000000,65693155227198472328497063/4000000000000000000000000000000
144,7714064629151516382879551/500000000000000000000000000000,3085625851660606553151821/200000000000000000000000000000
145,57973111224114885711133117/4000000000000000000000000000000,57973111224114885711133129/4000000000000000000000000000000
146,108920630975217789865782967/8000000000000000000000000000000,108920630975217789865782991/8000000000000000000000000000000
147,51160394229295329057274049/4000000000000000000000000000000,51160394229295329057274061/4000000000000000000000000000000
148,96120889511056664414716211/8000000000000000000000000000000,19224177902211332882943247/1600000000000000000000000000000
149,11287086681971546649444281/1000000000000000000000000000000,2821771670492886662361071/250000000000000000000000000000
150,42412714689749743217787537/4000000000000000000000000000000,42412714689749743217787549/4000000000000000000000000000000
151,39842853477717771773498289/4000000000000000000000000000000,39842853477717771773498301/4000000000000000000000000000000
152,74857432684138128738729321/8000000000000000000000000000000,14971486536827625747745869/1600000000000000000000000000000
153,17580432805625004644427829/2000000000000000000000000000000,3516086561125000928885567/400000000000000000000000000000
154,66060871490937759226760157/8000000000000000000000000000000,66060871490937759226760181/8000000000000000000000000000000
155,62058197267912523799375343/8000000000000000000000000000000,62058197267912523799375367/8000000000000000000000000000000
156,14574515499672075707397913/2000000000000000000000000000000,14574515499672075707397919/2000000000000000000000000000000
157,2190630702476878613157383/320000000000000000000000000000,54765767561921965328934599/8000000000000000000000000000000
158,51447506753341186160813371/8000000000000000000000000000000,10289501350668237232162679/1600000000000000000000000000000
159,4833030926046393373979761/800000000000000000000000000000,24165154630231966869898817/4000000000000000000000000000000
160,2837624432256705630838717/500000000000000000000000000000,5675248864513411261677437/1000000000000000000000000000000
161,42651106031380123708883243/8000000000000000000000000000000,42651106031380123708883267/8000000000000000000000000000000
162,20033451310503126571617869/4000000000000000000000000000000,20033451310503126571617881/4000000000000000000000000000000
163,18819640172615786027563337/4000000000000000000000000000000,18819640172615786027563349/4000000000000000000000000000000
164,35358751003276369147216567/8000000000000000000000000000000,35358751003276369147216591/8000000000000000000000000000000
165,8304100355836514969874467/2000000000000000000000000000000,8304100355836514969874473/2000000000000000000000000000000
166,31203858603650308312405229/8000000000000000000000000000000,31203858603650308312405253/8000000000000000000000000000000
167,14656628483870030171898419/4000000000000000000000000000000,14656628483870030171898431/4000000000000000000000000000000
168,688430190144748726202097/200000000000000000000000000000,430268868840467953876311/125000000000000000000000000000
169,12934384690631625274278759/4000000000000000000000000000000,12934384690631625274278771/4000000000000000000000000000000
170,24301421789729357397528683/8000000000000000000000000000000,24301421789729357397528707/8000000000000000000000000000000
171,5707259865872233390906893/2000000000000000000000000000000,5707259865872233390906899/2000000000000000000000000000000
172,21445868222127029160812761/8000000000000000000000000000000,4289173644425405832162557/1600000000000000000000000000000
173,20146502575185259840996531/8000000000000000000000000000000,4029300515037051968199311/1600000000000000000000000000000
174,4731466147211221951685943/2000000000000000000000000000000,18925864588844887806743797/8000000000000000000000000000000
175,17779184033865969726165517/8000000000000000000000000000000,8889592016932984863082771/4000000000000000000000000000000
176,8350989868527473102558139/4000000000000000000000000000000,16701979737054946205116303/8000000000000000000000000000000
177,15690042063254105265438859/8000000000000000000000000000000,3922510515813526316359721/2000000000000000000000000000000
178,230303382176249868219479/125000000000000000000000000000,14739416459279991566046681/8000000000000000000000000000000
179,6923193997700815162984991/4000000000000000000000000000000,13846387995401630325970007/8000000000000000000000000000000
180,812966677741242655779103/500000000000000000000000000000,13007466843859882492465673/8000000000000000000000000000000
181,2443874927520364396036007/1600000000000000000000000000000,610968731880091099009003/400000000000000000000000000000
182,11479031655853250579788109/8000000000000000000000000000000,11479031655853250579788133/8000000000000000000000000000000
183,5391772393195986050562943/4000000000000000000000000000000,1078354478639197210112591/800000000000000000000000000000
184,10130196217427027747844383/8000000000000000000000000000000,10130196217427027747844407/8000000000000000000000000000000
185,9516432814846757555391789/8000000000000000000000000000000,9516432814846757555391813/8000000000000000000000000000000
186,357594245731302773920761/320000000000000000000000000000,8939856143282569348019049/8000000000000000000000000000000
187,419910654597812380244337/400000000000000000000000000000,2099553272989061901221691/2000000000000000000000000000000
188,7889387068646452320099807/8000000000000000000000000000000,7889387068646452320099831/8000000000000000000000000000000
189,926423715916758358211899/1000000000000000000000000000000,463211857958379179105951/500000000000000000000000000000
190,6962353197175008073254007/8000000000000000000000000000000,6962353197175008073254031/8000000000000000000000000000000
191,6540522782411230078900537/8000000000000000000000000000000,6540522782411230078900561/8000000000000000000000000000000
192,1536062526168413137414953/2000000000000000000000000000000,1536062526168413137414959/2000000000000000000000000000000
193,5771986660861869058711009/8000000000000000000000000000000,5771986660861869058711033/8000000000000000000000000000000
194,2711138885705772820974743/4000000000000000000000000000000,542227777141154564194951/800000000000000000000000000000
195,5093756895287790881520551/8000000000000000000000000000000,203750275811511635260823/320000000000000000000000000000
196,47851402894774655451387/80000000000000000000000000000,1196285072369366386284681/2000000000000000000000000000000
197,4495221992101034482304219/8000000000000000000000000000000,4495221992101034482304243/8000000000000000000000000000000
198,2111434554765217740953703/4000000000000000000000000000000,422286910953043548190743/800000000000000000000000000000
199,1983508694544258114789777/4000000000000000000000000000000,1983508694544258114789789/4000000000000000000000000000000
200,745333412004507191389087/1600000000000000000000000000000,3726667060022535956945459/8000000000000000000000000000000
201,3500878926493423440588969/8000000000000000000000000000000,3500878926493423440588993/8000000000000000000000000000000
202,8221926743270104124237/20000000000000000000000000000,411096337163505206211853/1000000000000000000000000000000
203,1544756769023747595522487/4000000000000000000000000000000,1544756769023747595522499/4000000000000000000000000000000
204,2902328832114158354284379/8000000000000000000000000000000,2902328832114158354284403/8000000000000000000000000000000
205,2726485138037006929929273/8000000000000000000000000000000,2726485138037006929929297/8000000000000000000000000000000
206,2561295331142206752440039/8000000000000000000000000000000,2561295331142206752440063/8000000000000000000000000000000
207,601528479604188057890981/2000000000000000000000000000000,601528479604188057890987/2000000000000000000000000000000
208,452066903214016477821997/1600000000000000000000000000000,2260334516070082389110009/8000000000000000000000000000000
209,2123387479934681956232777/8000000000000000000000000000000,1061693739967340978116401/4000000000000000000000000000000
210,99736883972209581636037/400000000000000000000000000000,398947535888838326544153/1600000000000000000000000000000
211,1873882406488844087272879/8000000000000000000000000000000,234235300811105510909113/1000000000000000000000000000000
212,1760349410975308020408707/8000000000000000000000000000000,1760349410975308020408731/8000000000000000000000000000000
213,330739011082665102994257/1600000000000000000000000000000,1653695055413325514971309/8000000000000000000000000000000
214,48546955666150204404311/250000000000000000000000000000,194187822664600817617247/1000000000000000000000000000000
215,729690240322059873092869/4000000000000000000000000000000,729690240322059873092881/4000000000000000000000000000000
216,1370960965912900903585883/8000000000000000000000000000000,1370960965912900903585907/8000000000000000000000000000000
217,321974633252599033922307/2000000000000000000000000000000,321974633252599033922313/2000000000000000000000000000000
218,604934305541337669552543/4000000000000000000000000000000,120986861108267533910511/800000000000000000000000000000
219,568283147113204772689979/4000000000000000000000000000000,568283147113204772689991/4000000000000000000000000000000
220,1067705150026635739100789/8000000000000000000000000000000,1067705150026635739100813/8000000000000000000000000000000
221,501508050142142289999249/4000000000000000000000000000000,501508050142142289999261/4000000000000000000000000000000
222,471123184779697671104327/4000000000000000000000000000000,471123184779697671104339/4000000000000000000000000000000
223,442579248710495861416907/4000000000000000000000000000000,442579248710495861416919/4000000000000000000000000000000
224,415764705271789289042137/4000000000000000000000000000000,415764705271789289042149/4000000000000000000000000000000
225,31245982040964673603189/320000000000000000000000000000,781149551024116840079749/8000000000000000000000000000000
226,146764411502611303354959/1600000000000000000000000000000,733822057513056516774819/8000000000000000000000000000000
227,689361995959414976846809/8000000000000000000000000000000,689361995959414976846833/8000000000000000000000000000000
228,647595636963786762786781/8000000000000000000000000000000,129519127392757352557361/1600000000000000000000000000000
229,608359776915320109860103/8000000000000000000000000000000,608359776915320109860127/8000000000000000000000000000000
230,571501100259806356109851/8000000000000000000000000000000,4572008802078450848879/64000000000000000000000000000
231,134218895101692626964121/2000000000000000000000000000000,536875580406770507856509/8000000000000000000000000000000
232,504347916934452813584501/8000000000000000000000000000000,252173958467226406792263/4000000000000000000000000000000
233,236895503446711316814827/4000000000000000000000000000000,473791006893422633629679/8000000000000000000000000000000
234,445085448142821721538413/8000000000000000000000000000000,222542724071410860769219/4000000000000000000000000000000
235,41811907277841518511119/800000000000000000000000000000,26132442048650949069451/500000000000000000000000000000
236,49098313603653027718177/1000000000000000000000000000000,196393254414612110872721/4000000000000000000000000000000
237,23061798031874056931461/500000000000000000000000000000,184494384254992455451701/4000000000000000000000000000000
238,13865314456818148755003/320000000000000000000000000000,346632861420453718875101/8000000000000000000000000000000
239,2543995556094285744057/62500000000000000000000000000,162815715590034287619661/4000000000000000000000000000000
240,76475603519513869193303/2000000000000000000000000000000,152951207039027738386619/4000000000000000000000000000000
241,287368718405102526649869/8000000000000000000000000000000,57473743681020505329979/1600000000000000000000000000000
242,269957923213542392069519/8000000000000000000000000000000,53991584642708478413909/1600000000000000000000000000000
243,253601995328906248790751/8000000000000000000000000000000,253601995328906248790777/8000000000000000000000000000000
244,238237023507034118131837/8000000000000000000000000000000,238237023507034118131863/8000000000000000000000000000000
245,5595074217448171208519/200000000000000000000000000000,111901484348963424170393/4000000000000000000000000000000
246,10512171472023285558537/400000000000000000000000000000,105121714720232855585383/4000000000000000000000000000000
247,197505421471252669527087/8000000000000000000000000000000,197505421471252669527113/8000000000000000000000000000000
248,92769585343184454385731/4000000000000000000000000000000,5798099083949028399109/250000000000000000000000000000
249,17429791864702829408139/800000000000000000000000000000,21787239830878536760177/1000000000000000000000000000000
250,81868869934559972620649/4000000000000000000000000000000,163737739869119945241323/8000000000000000000000000000000
251,6152694807307267061309/320000000000000000000000000000,615269480730726706131/32000000000000000000000000000
252,2889960909812071845131/160000000000000000000000000000,5779921819624143690263/320000000000000000000000000000
253,33935837574124427964537/2000000000000000000000000000000,135743350296497711858173/8000000000000000000000000000000
254,1992485553278811442747/125000000000000000000000000000,127519075409843932335833/8000000000000000000000000000000
255,23958616854476821175557/1600000000000000000000000000000,11979308427238410587781/800000000000000000000000000000
256,56267593691712331803969/4000000000000000000000000000000,112535187383424663607963/8000000000000000000000000000000
257,105717024333355705751801/8000000000000000000000000000000,52858512166677852875913/4000000000000000000000000000000
258,19862390596884896135117/1600000000000000000000000000000,9931195298442448067561/800000000000000000000000000000
259,46647472682864936082891/4000000000000000000000000000000,93294945365729872165807/8000000000000000000000000000000
260,87642489875641048089071/8000000000000000000000000000000,87642489875641048089097/8000000000000000000000000000000
261,82332499409490322933529/8000000000000000000000000000000,16466499881898064586711/1600000000000000000000000000000
262,38672112526771933918787/4000000000000000000000000000000,96680281316929834797/10000000000000000000000000000
263,72658175008004644620231/8000000000000000000000000000000,72658175008004644620257/8000000000000000000000000000000
264,68256038422234842657217/8000000000000000000000000000000,68256038422234842657243/8000000000000000000000000000000
265,64120613844580006613833/8000000000000000000000000000000,64120613844580006613859/8000000000000000000000000000000
266,60235742007208968339869/8000000000000000000000000000000,30117871003604484169947/4000000000000000000000000000000
267,7073280335415387750073/1000000000000000000000000000000,56586242683323102000609/8000000000000000000000000000000
268,13289463842500375642591/2000000000000000000000000000000,53157855370001502570389/8000000000000000000000000000000
269,49937183564897628138377/8000000000000000000000000000000,24968591782448814069201/4000000000000000000000000000000
270,46911642419046162269139/8000000000000000000000000000000,11727910604761540567291/2000000000000000000000000000000
271,44069409561231220647979/8000000000000000000000000000000,11017352390307805162001/2000000000000000000000000000000
272,41399378901760098138509/8000000000000000000000000000000,20699689450880049069267/4000000000000000000000000000000
273,1944555861756447818571/400000000000000000000000000000,7778223447025791274289/1600000000000000000000000000000
274,18267411736001840995017/4000000000000000000000000000000,36534823472003681990059/8000000000000000000000000000000
275,17160645170606669573439/4000000000000000000000000000000,34321290341213339146903/8000000000000000000000000000000
276,8060467103026336194239/2000000000000000000000000000000,32241868412105344776981/8000000000000000000000000000000
277,30288432296678427019757/8000000000000000000000000000000,15144216148339213509891/4000000000000000000000000000000
278,3556668612428377027517/1000000000000000000000000000000,28453348899427016220161/8000000000000000000000000000000
279,13364723795416123905579/4000000000000000000000000000000,26729447590832247811183/8000000000000000000000000000000
280,25109992187951494050159/8000000000000000000000000000000,3138749023493936756273/1000000000000000000000000000000
281,4717730926523931917891/1600000000000000000000000000000,589716365815491489737/200000000000000000000000000000
282,22159490264408967114103/8000000000000000000000000000000,1384968141525560444633/500000000000000000000000000000
283,20816914591725544851503/8000000000000000000000000000000,20816914591725544851527/8000000000000000000000000000000
284,9777840735137579104951/4000000000000000000000000000000,9777840735137579104963/4000000000000000000000000000000
285,18370862603629778329683/8000000000000000000000000000000,18370862603629778329707/8000000000000000000000000000000
286,8628914142896420077851/4000000000000000000000000000000,8628914142896420077863/4000000000000000000000000000000
287,16212229310514198987981/8000000000000000000000000000000,3242445862102839797601/1600000000000000000000000000000
288,15229979976664911460481/8000000000000000000000000000000,3045995995332982292101/1600000000000000000000000000000
289,3576810530816214912771/2000000000000000000000000000000,14307242123264859651109/8000000000000000000000000000000
290,420012816618113789819/250000000000000000000000000000,13440410131779641274233/8000000000000000000000000000000
291,315652420927069659991/200000000000000000000000000000,2525219367416557279933/1600000000000000000000000000000
292,118611202920300010777/80000000000000000000000000000,474444811681200043109/320000000000000000000000000000
293,5571245666963827498769/4000000000000000000000000000000,11142491333927654997563/8000000000000000000000000000000
294,10467401904311157610439/8000000000000000000000000000000,327106309509723675327/250000000000000000000000000000
295,4916607038196224537839/4000000000000000000000000000000,9833214076392449075703/8000000000000000000000000000000
296,9237449747301071155311/8000000000000000000000000000000,1154681218412633894417/1000000000000000000000000000000
297,4338890477420492062871/4000000000000000000000000000000,8677780954840984125767/8000000000000000000000000000000
298,8152020780925609548201/8000000000000000000000000000000,4076010390462804774113/4000000000000000000000000000000
299,3829057403073020501791/4000000000000000000000000000000,7658114806146041003607/8000000000000000000000000000000
300,224816658815029173859/250000000000000000000000000000,7194133082080933563513/8000000000000000000000000000000
301,3379131294989836507627/4000000000000000000000000000000,6758262589979673015279/8000000000000000000000000000000
302,6348800156350943006141/8000000000000000000000000000000,3174400078175471503083/4000000000000000000000000000000
303,5964145797774178679719/8000000000000000000000000000000,93189778090221541871/125000000000000000000000000000
304,2801398234464297730241/4000000000000000000000000000000,5602796468928595460507/8000000000000000000000000000000
305,5263340189410065133201/8000000000000000000000000000000,2631670094705032566613/4000000000000000000000000000000
306,154514078949569841259/250000000000000000000000000000,2472225263193117460157/4000000000000000000000000000000
307,2322440705765366263373/4000000000000000000000000000000,4644881411530732526771/8000000000000000000000000000000
308,2181731135991752163061/4000000000000000000000000000000,4363462271983504326147/8000000000000000000000000000000
309,1024773364077849761409/2000000000000000000000000000000,4099093456311399045661/8000000000000000000000000000000
310,3850741937595830277617/8000000000000000000000000000000,1925370968797915138821/4000000000000000000000000000000
311,1808718638428616098547/4000000000000000000000000000000,3617437276857232197119/8000000000000000000000000000000
312,1699133915521647699073/4000000000000000000000000000000,3398267831043295398171/8000000000000000000000000000000
313,638475438152721760491/1600000000000000000000000000000,39904714884545110031/100000000000000000000000000000
314,599792166770214666891/1600000000000000000000000000000,37487010423138416681/100000000000000000000000000000
315,2817262981673801446597/8000000000000000000000000000000,1408631490836900723311/4000000000000000000000000000000
316,661643411478367256713/2000000000000000000000000000000,2646573645913469026877/8000000000000000000000000000000
317,621556463567584620117/2000000000000000000000000000000,2486225854270338480493/8000000000000000000000000000000
318,1167796522127166019097/4000000000000000000000000000000,2335593044254332038219/8000000000000000000000000000000
319,137130413429895912123/500000000000000000000000000000,1097043307439167296997/4000000000000000000000000000000
320,1030576813343456041623/4000000000000000000000000000000,257644203335864010409/1000000000000000000000000000000
321,77450985645330222029/320000000000000000000000000000,1936274641133255550751/8000000000000000000000000000000
322,1818961690861667521577/8000000000000000000000000000000,1818961690861667521603/8000000000000000000000000000000
323,42718909324110593949/200000000000000000000000000000,854378186482211878993/4000000000000000000000000000000
324,1605228057762368717797/8000000000000000000000000000000,1605228057762368717823/8000000000000000000000000000000
325,376993051527503675313/2000000000000000000000000000000,753986103055007350639/4000000000000000000000000000000
326,1416608788649976675607/8000000000000000000000000000000,1416608788649976675633/8000000000000000000000000000000
327,266156160167988829029/1600000000000000000000000000000,133078080083994414517/800000000000000000000000000000
328,1250152867949624818261/8000000000000000000000000000000,625076433974812409143/4000000000000000000000000000000
329,1174409934576654546191/8000000000000000000000000000000,146801241822081818277/1000000000000000000000000000000
330,137907004195090974421/1000000000000000000000000000000,1103256033560727795393/8000000000000000000000000000000
331,103641312948545326721/800000000000000000000000000000,207282625897090653447/1600000000000000000000000000000
332,486810016124446253143/4000000000000000000000000000000,973620032248892506311/8000000000000000000000000000000
333,914631376457534301263/8000000000000000000000000000000,114328922057191787661/1000000000000000000000000000000
334,859216662655664243563/8000000000000000000000000000000,214804165663916060897/2000000000000000000000000000000
335,25223729895116000227/250000000000000000000000000000,807159356643712007289/8000000000000000000000000000000
336,189564010841535724803/2000000000000000000000000000000,189564010841535724809/2000000000000000000000000000000
337,89039454007836493249/1000000000000000000000000000000,22259863501959123313/250000000000000000000000000000
338,669158609577051442603/8000000000000000000000000000000,669158609577051442627/8000000000000000000000000000000
339,628616338905299212879/8000000000000000000000000000000,628616338905299212903/8000000000000000000000000000000
340,590530400243130127493/8000000000000000000000000000000,590530400243130127517/8000000000000000000000000000000
341,277375985978509222743/4000000000000000000000000000000,55475197195701844551/800000000000000000000000000000
342,130285312265110548167/2000000000000000000000000000000,130285312265110548173/2000000000000000000000000000000
343,489566896922852652971/8000000000000000000000000000000,97913379384570530599/1600000000000000000000000000000
344,459905538076744781653/8000000000000000000000000000000,459905538076744781677/8000000000000000000000000000000
345,108010317529378977937/2000000000000000000000000000000,108010317529378977943/2000000000000000000000000000000
346,202932606406147941639/4000000000000000000000000000000,202932606406147941651/4000000000000000000000000000000
347,381275082648066426111/8000000000000000000000000000000,76255016529613285227/1600000000000000000000000000000
348,71634958631321451183/1600000000000000000000000000000,17908739657830362797/400000000000000000000000000000
349,168237039727264930791/4000000000000000000000000000000,42059259931816232701/1000000000000000000000000000000
350,316088145531280951289/8000000000000000000000000000000,63217629106256190263/1600000000000000000000000000000
351,148468666453442858341/4000000000000000000000000000000,74234333226721429177/2000000000000000000000000000000
352,27894680936470380317/800000000000000000000000000000,69736702341175950799/2000000000000000000000000000000
353,131023138271457213899/4000000000000000000000000000000,16377892283932151739/500000000000000000000000000000
354,123084847621068992327/4000000000000000000000000000000,6154242381053449617/200000000000000000000000000000
355,115627513687913835011/4000000000000000000000000000000,7226719605494614689/250000000000000000000000000000
356,13577749597193540533/500000000000000000000000000000,108621996777548324277/4000000000000000000000000000000
357,102040922680369090623/4000000000000000000000000000000,25510230670092272659/1000000000000000000000000000000
358,191717151412586665111/8000000000000000000000000000000,191717151412586665137/8000000000000000000000000000000
359,18010159640028094487/800000000000000000000000000000,36020319280056188979/1600000000000000000000000000000
360,169189792290138221923/8000000000000000000000000000000,42297448072534555487/2000000000000000000000000000000
361,39734775242606325771/2000000000000000000000000000000,158939100970425303109/8000000000000000000000000000000
362,74654733821004860047/4000000000000000000000000000000,149309467642009720119/8000000000000000000000000000000
363,70131632151680528771/4000000000000000000000000000000,4383227009480033049/250000000000000000000000000000
364,65882571359158360473/4000000000000000000000000000000,32941285679579180243/2000000000000000000000000000000
365,3868184259127515187/250000000000000000000000000000,12378189629208048601/800000000000000000000000000000
366,58141165157865642037/4000000000000000000000000000000,1162823303157312841/80000000000000000000000000000
367,109237140072219815973/8000000000000000000000000000000,109237140072219815999/8000000000000000000000000000000
368,20523759265509904077/1600000000000000000000000000000,102618796327549520411/8000000000000000000000000000000
369,96401437759696193609/8000000000000000000000000000000,19280287551939238727/1600000000000000000000000000000
370,45280384952464960707/4000000000000000000000000000000,566004811905812009/50000000000000000000000000000
371,85073970226669876027/8000000000000000000000000000000,85073970226669876053/8000000000000000000000000000000
372,79919598935926461823/8000000000000000000000000000000,79919598935926461849/8000000000000000000000000000000
373,9384689401857468283/1000000000000000000000000000000,7507751521485974629/800000000000000000000000000000
374,70528798516095907323/8000000000000000000000000000000,70528798516095907349/8000000000000000000000000000000
375,13251134926055412739/1600000000000000000000000000000,66255674630277063721/8000000000000000000000000000000
376,31120723116475914969/4000000000000000000000000000000,62241446232951829963/8000000000000000000000000000000
377,58470427639417060193/8000000000000000000000000000000,29235213819708530109/4000000000000000000000000000000
378,6865985439070488131/1000000000000000000000000000000,54927883512563905073/8000000000000000000000000000000
379,12899992821056939139/2000000000000000000000000000000,51599971284227756581/8000000000000000000000000000000
380,12118421766263063443/2000000000000000000000000000000,48473687065052253797/8000000000000000000000000000000
381,45536814831508965789/8000000000000000000000000000000,22768407415754482907/4000000000000000000000000000000
382,21388939345759963219/4000000000000000000000000000000,668404354554998851/125000000000000000000000000000
383,1607443921686396099/320000000000000000000000000000,40186098042159902501/8000000000000000000000000000000
384,18875672722108070793/4000000000000000000000000000000,9437836361054035403/2000000000000000000000000000000
385,35464107048999526301/8000000000000000000000000000000,35464107048999526327/8000000000000000000000000000000
386,1665772271138701889/400000000000000000000000000000,16657722711387018903/4000000000000000000000000000000
387,31296964623540179197/8000000000000000000000000000000,31296964623540179223/8000000000000000000000000000000
388,29400777393709130541/8000000000000000000000000000000,29400777393709130567/8000000000000000000000000000000
389,6904868585118073927/2000000000000000000000000000000,27619474340472295733/8000000000000000000000000000000
390,12973047491718932889/4000000000000000000000000000000,25946094983437865803/8000000000000000000000000000000
391,609352513910060221/200000000000000000000000000000,4874820111280481773/1600000000000000000000000000000
392,4579469691395963499/1600000000000000000000000000000,286216855712247719/100000000000000000000000000000
393,21510068244248983669/8000000000000000000000000000000,10755034122124491847/4000000000000000000000000000000
394,20206839090630487171/8000000000000000000000000000000,5051709772657621799/2000000000000000000000000000000
395,18982568599885015979/8000000000000000000000000000000,4745642149971254001/2000000000000000000000000000000
396,4458118227116096643/2000000000000000000000000000000,17832472908464386597/8000000000000000000000000000000
397,16752057992460760851/8000000000000000000000000000000,4188014498115190219/2000000000000000000000000000000
398,7868551053555278673/4000000000000000000000000000000,15737102107110557371/8000000000000000000000000000000
399,7391819645117518253/4000000000000000000000000000000,14783639290235036531/8000000000000000000000000000000
400,867996491572305973/500000000000000000000000000000,13887943865156895593/8000000000000000000000000000000
401,521860635301507309/320000000000000000000000000000,52186063530150731/32000000000000000000000000000
402,1532008430531211729/1000000000000000000000000000000,6128033722124846929/4000000000000000000000000000000
403,11513509855842583829/8000000000000000000000000000000,2302701971168516771/1600000000000000000000000000000
404,10815941557402676887/8000000000000000000000000000000,10815941557402676913/8000000000000000000000000000000
405,2540159196411136427/2000000000000000000000000000000,5080318392822272867/4000000000000000000000000000000
406,4772517461465868191/4000000000000000000000000000000,1193129365366467051/1000000000000000000000000000000
407,4483365245803852889/4000000000000000000000000000000,2241682622901926451/2000000000000000000000000000000
408,1684692750907920427/1600000000000000000000000000000,8423463754539602161/8000000000000000000000000000000
409,7913111885146309369/8000000000000000000000000000000,1582622377029261879/1600000000000000000000000000000
410,297347226896297911/320000000000000000000000000000,7433680672407447801/8000000000000000000000000000000
411,6983296728440473489/8000000000000000000000000000000,1396659345688094703/1600000000000000000000000000000
412,3280100084098407441/4000000000000000000000000000000,1640050042049203727/2000000000000000000000000000000
413,3081368866336399709/4000000000000000000000000000000,1540684433168199861/2000000000000000000000000000000
414,1447339082191042057/2000000000000000000000000000000,2894678164382084127/4000000000000000000000000000000
415,2719298480260509751/4000000000000000000000000000000,679824620065127441/1000000000000000000000000000000
416,2554544514044713749/4000000000000000000000000000000,1277272257022356881/2000000000000000000000000000000
417,2399772486031363819/4000000000000000000000000000000,299971560753920479/500000000000000000000000000000
418,901751048463030789/1600000000000000000000000000000,4508755242315153971/8000000000000000000000000000000
419,4235583571658436909/8000000000000000000000000000000,847116714331687387/1600000000000000000000000000000
420,159158501434122889/320000000000000000000000000000,3978962535853072251/8000000000000000000000000000000
421,934472345656226983/2000000000000000000000000000000,1868944691312453979/4000000000000000000000000000000
422,3511422113388841639/8000000000000000000000000000000,702284422677768333/1600000000000000000000000000000
423,3298675802368878003/8000000000000000000000000000000,3298675802368878029/8000000000000000000000000000000
424,3098819138731428109/8000000000000000000000000000000,619763827746285627/1600000000000000000000000000000
425,1455535589110080731/4000000000000000000000000000000,181941948638760093/500000000000000000000000000000
426,2734698291599353177/8000000000000000000000000000000,2734698291599353203/8000000000000000000000000000000
427,513802259596340487/1600000000000000000000000000000,2569011297981702461/8000000000000000000000000000000
428,2413362771839038353/8000000000000000000000000000000,2413362771839038379/8000000000000000000000000000000
429,2267144513172999069/8000000000000000000000000000000,453428902634599819/1600000000000000000000000000000
430,212978517096032101/800000000000000000000000000000,532446292740080259/2000000000000000000000000000000
431,400149602117259827/1600000000000000000000000000000,2000748010586299161/8000000000000000000000000000000
432,1879528816542615911/8000000000000000000000000000000,1879528816542615937/8000000000000000000000000000000
433,1765653922194285183/8000000000000000000000000000000,1765653922194285209/8000000000000000000000000000000
434,414669589729245619/2000000000000000000000000000000,829339179458491251/4000000000000000000000000000000
435,389546029343118901/2000000000000000000000000000000,155818411737247563/800000000000000000000000000000
436,731889257064025781/4000000000000000000000000000000,365944628532012897/2000000000000000000000000000000
437,1375092657237469603/8000000000000000000000000000000,1375092657237469629/8000000000000000000000000000000
438,1291780004787664739/8000000000000000000000000000000,258356000957532953/1600000000000000000000000000000
439,1213515010778691571/8000000000000000000000000000000,1213515010778691597/8000000000000000000000000000000
440,569995926522827457/4000000000000000000000000000000,56999592652282747/400000000000000000000000000000
441,1070923238251954509/8000000000000000000000000000000,214184647650390907/1600000000000000000000000000000
442,1006039279284328959/8000000000000000000000000000000,201207855856865797/1600000000000000000000000000000
443,945086440663095623/8000000000000000000000000000000,945086440663095649/8000000000000000000000000000000
444,221956636961688517/2000000000000000000000000000000,443913273923377047/4000000000000000000000000000000
445,834035856559789281/8000000000000000000000000000000,834035856559789307/8000000000000000000000000000000
446,48969011156690801/500000000000000000000000000000,391752089253526421/4000000000000000000000000000000
447,736034060058431811/8000000000000000000000000000000,736034060058431837/8000000000000000000000000000000
448,691440010694498377/8000000000000000000000000000000,691440010694498403/8000000000000000000000000000000
449,649547778198273961/8000000000000000000000000000000,649547778198273987/8000000000000000000000000000000
450,15254841694022619/200000000000000000000000000000,305096833880452393/4000000000000000000000000000000
451,114644780468127761/1600000000000000000000000000000,573223902340638831/8000000000000000000000000000000
452,538494021775693529/8000000000000000000000000000000,107698804355138711/1600000000000000000000000000000
453,252934159151517139/4000000000000000000000000000000,7904192473484911/125000000000000000000000000000
454,475219306277341137/8000000000000000000000000000000,475219306277341163/8000000000000000000000000000000
455,446427224018079403/8000000000000000000000000000000,446427224018079429/8000000000000000000000000000000
456,104844891459532577/2000000000000000000000000000000,209689782919065167/4000000000000000000000000000000
457,3939706424253737/80000000000000000000000000000,196985321212686863/4000000000000000000000000000000
458,370101167859404157/8000000000000000000000000000000,370101167859404183/8000000000000000000000000000000
459,173838935824819693/4000000000000000000000000000000,86919467912409853/2000000000000000000000000000000
460,20413320892428211/500000000000000000000000000000,163306567139425701/4000000000000000000000000000000
461,306824644827998737/8000000000000000000000000000000,153412322413999381/4000000000000000000000000000000
462,288235079344521817/8000000000000000000000000000000,144117539672260921/4000000000000000000000000000000
463,270771798697317721/8000000000000000000000000000000,270771798697317747/8000000000000000000000000000000
464,12718328236887849/400000000000000000000000000000,50873312947551401/1600000000000000000000000000000
465,238955273657634869/8000000000000000000000000000000,119477636828817447/4000000000000000000000000000000
466,224477705502147791/8000000000000000000000000000000,28059713187768477/1000000000000000000000000000000
467,210877288859111213/8000000000000000000000000000000,105438644429555619/4000000000000000000000000000000
468,49525219951234297/2000000000000000000000000000000,198100879804937213/8000000000000000000000000000000
469,186098554243598041/8000000000000000000000000000000,93049277121799033/4000000000000000000000000000000
470,87411706413568113/4000000000000000000000000000000,174823412827136251/8000000000000000000000000000000
471,10264462355965187/500000000000000000000000000000,164231397695443017/8000000000000000000000000000000
472,77140560159606287/4000000000000000000000000000000,154281120319212599/8000000000000000000000000000000
473,72466849886682251/4000000000000000000000000000000,144933699773364527/8000000000000000000000000000000
474,17019076351122989/1000000000000000000000000000000,136152610808983937/8000000000000000000000000000000
475,12790354113011767/800000000000000000000000000000,25580708226023539/1600000000000000000000000000000
476,120154257317732283/8000000000000000000000000000000,30038564329433077/2000000000000000000000000000000
477,112874478876928547/8000000000000000000000000000000,28218619719232143/2000000000000000000000000000000
478,106035759915249697/8000000000000000000000000000000,53017879957624861/4000000000000000000000000000000
479,99611377989738461/8000000000000000000000000000000,49805688994869243/4000000000000000000000000000000
480,93576229688410491/8000000000000000000000000000000,23394057422102629/2000000000000000000000000000000
481,87906732538126503/8000000000000000000000000000000,1373542695908227/125000000000000000000000000000
482,10322591606945751/1000000000000000000000000000000,82580732855566033/8000000000000000000000000000000
483,15515483836245661/1600000000000000000000000000000,7757741918122833/800000000000000000000000000000
484,4554827559887639/500000000000000000000000000000,72877240958202249/8000000000000000000000000000000
485,68461832137940133/8000000000000000000000000000000,34230916068970079/4000000000000000000000000000000
486,32156969707262061/4000000000000000000000000000000,64313939414524147/8000000000000000000000000000000
487,60417354806998189/8000000000000000000000000000000,30208677403499107/4000000000000000000000000000000
488,28378426163165217/4000000000000000000000000000000,56756852326330459/8000000000000000000000000000000
489,53318128479530037/8000000000000000000000000000000,26659064239765031/4000000000000000000000000000000
490,1252193659460939/200000000000000000000000000000,10017549275687517/1600000000000000000000000000000
491,2940817702174529/500000000000000000000000000000,47053083234792489/8000000000000000000000000000000
492,44202281036413671/8000000000000000000000000000000,172665160298491/31250000000000000000000000000
493,41524200211759273/8000000000000000000000000000000,20762100105879649/4000000000000000000000000000000
494,39008376101808659/8000000000000000000000000000000,9752094025452171/2000000000000000000000000000000
495,18322489034589989/4000000000000000000000000000000,36644978069180003/8000000000000000000000000000000
496,4303096385587617/1000000000000000000000000000000,34424771084700961/8000000000000000000000000000000
497,32339079641331617/8000000000000000000000000000000,16169539820665821/4000000000000000000000000000000
498,15189876927216097/4000000000000000000000000000000,30379753854432219/8000000000000000000000000000000
499,28539137615911591/8000000000000000000000000000000,445924025248619/125000000000000000000000000000
500,13405019338909369/4000000000000000000000000000000,26810038677818763/8000000000000000000000000000000
501,787053142139919/250000000000000000000000000000,25185700548477433/8000000000000000000000000000000
502,11829888045674081/4000000000000000000000000000000,23659776091348187/8000000000000000000000000000000
503,22226302723454391/8000000000000000000000000000000,1389143920215901/500000000000000000000000000000
504,20879679116459759/8000000000000000000000000000000,2609959889557473/1000000000000000000000000000000
505,3922928661871201/1600000000000000000000000000000,1961464330935603/800000000000000000000000000000
506,18426252147235953/8000000000000000000000000000000,9213126073617989/4000000000000000000000000000000
507,17309861965808291/8000000000000000000000000000000,4327465491452079/2000000000000000000000000000000
508,8130555223089221/4000000000000000000000000000000,16261110446178467/8000000000000000000000000000000
509,381897489224817/200000000000000000000000000000,3055179913798541/1600000000000000000000000000000
510,2870075920267691/1600000000000000000000000000000,179379745016731/100000000000000000000000000000
511,13480934053829371/8000000000000000000000000000000,3370233513457349/2000000000000000000000000000000
512,506566621963773/320000000000000000000000000000,253283310981887/160000000000000000000000000000
513,11896882546451593/8000000000000000000000000000000,5948441273225809/4000000000000000000000000000000
514,2235217374178853/1600000000000000000000000000000,1117608687089429/800000000000000000000000000000
515,1312370249707031/1000000000000000000000000000000,10498961997656273/8000000000000000000000000000000
516,9862862046580537/8000000000000000000000000000000,4931431023290281/4000000000000000000000000000000
517,4632650721642501/4000000000000000000000000000000,2316325360821257/2000000000000000000000000000000
518,2175986301681619/2000000000000000000000000000000,4351972603363251/4000000000000000000000000000000
519,1635319965042317/1600000000000000000000000000000,8176599825211611/8000000000000000000000000000000
520,7681204685202141/8000000000000000000000000000000,7681204685202167/8000000000000000000000000000000
521,7215824019422959/8000000000000000000000000000000,1443164803884597/1600000000000000000000000000000
522,1694659835702291/2000000000000000000000000000000,677863934280919/800000000000000000000000000000
523,159198558668407/200000000000000000000000000000,3183971173368153/4000000000000000000000000000000
524,2991064111883579/4000000000000000000000000000000,373883013985449/500000000000000000000000000000
525,5619689396832041/8000000000000000000000000000000,5619689396832067/8000000000000000000000000000000
526,5279209628338399/8000000000000000000000000000000,211168385133537/320000000000000000000000000000
527,991871697238353/1600000000000000000000000000000,4959358486191791/8000000000000000000000000000000
528,2329443072551703/4000000000000000000000000000000,582360768137929/1000000000000000000000000000000
529,547077312858857/1000000000000000000000000000000,2188309251435441/4000000000000000000000000000000
530,2055726296274019/4000000000000000000000000000000,128482893517127/250000000000000000000000000000
531,965588068144489/2000000000000000000000000000000,1931176136288991/4000000000000000000000000000000
532,907086044511761/2000000000000000000000000000000,362834417804707/800000000000000000000000000000
533,681702783448123/1600000000000000000000000000000,3408513917240641/8000000000000000000000000000000
534,3202002498637363/8000000000000000000000000000000,3202002498637389/8000000000000000000000000000000
535,1504001487190663/4000000000000000000000000000000,376000371797669/1000000000000000000000000000000
536,565151457423121/1600000000000000000000000000000,2825757287115631/8000000000000000000000000000000
537,20738697717631/62500000000000000000000000000,2654553307856793/8000000000000000000000000000000
538,2493722053335369/8000000000000000000000000000000,1246861026667697/4000000000000000000000000000000
539,2342635071929287/8000000000000000000000000000000,73207345997791/250000000000000000000000000000
540,2200701987975357/8000000000000000000000000000000,1100350993987691/4000000000000000000000000000000
541,413473638972727/1600000000000000000000000000000,2067368194863659/8000000000000000000000000000000
542,1942112687900013/8000000000000000000000000000000,971056343950019/4000000000000000000000000000000
543,1824446028469063/8000000000000000000000000000000,57013938389659/250000000000000000000000000000
544,428477107885501/2000000000000000000000000000000,1713908431542029/8000000000000000000000000000000
545,805033984528357/4000000000000000000000000000000,1610067969056739/8000000000000000000000000000000
546,4726621506717/25000000000000000000000000000,302503776429893/1600000000000000000000000000000
547,71043999782161/400000000000000000000000000000,284175999128649/1600000000000000000000000000000
548,266958645719519/1600000000000000000000000000000,66739661429881/400000000000000000000000000000
549,626961097549777/4000000000000000000000000000000,1253922195099579/8000000000000000000000000000000
550,294487722457067/2000000000000000000000000000000,1177950889828293/8000000000000000000000000000000
551,138322806657179/1000000000000000000000000000000,1106582453257457/8000000000000000000000000000000
552,519769005835107/4000000000000000000000000000000,1039538011670239/8000000000000000000000000000000
553,488277793727073/4000000000000000000000000000000,976555587454171/8000000000000000000000000000000
554,114673634427239/1000000000000000000000000000000,917389075417937/8000000000000000000000000000000
555,861807281129963/8000000000000000000000000000000,215451820282497/2000000000000000000000000000000
556,202398254380313/2000000000000000000000000000000,809593017521277/8000000000000000000000000000000
557,760542256222043/8000000000000000000000000000000,190135564055517/2000000000000000000000000000000
558,35723166515831/400000000000000000000000000000,142892666063329/1600000000000000000000000000000
559,167794046350163/2000000000000000000000000000000,671176185400677/8000000000000000000000000000000
560,630511676014691/8000000000000000000000000000000,157627919003679/2000000000000000000000000000000
561,296155452352309/4000000000000000000000000000000,592310904704643/8000000000000000000000000000000
562,111284920225277/1600000000000000000000000000000,55642460112641/800000000000000000000000000000
563,522712538768903/8000000000000000000000000000000,16334766836529/250000000000000000000000000000
564,245521493507951/4000000000000000000000000000000,491042987015927/8000000000000000000000000000000
565,230646098202843/4000000000000000000000000000000,461292196405711/8000000000000000000000000000000
566,21667195753871/400000000000000000000000000000,86668783015489/1600000000000000000000000000000
567,407088934514461/8000000000000000000000000000000,203544467257243/4000000000000000000000000000000
568,47803082851213/1000000000000000000000000000000,382424662809729/8000000000000000000000000000000
569,179627361892737/4000000000000000000000000000000,359254723785499/8000000000000000000000000000000
570,337488580401521/8000000000000000000000000000000,168744290200773/4000000000000000000000000000000
571,79260295244891/2000000000000000000000000000000,317041180979589/8000000000000000000000000000000
572,297832626862013/8000000000000000000000000000000,148916313431019/4000000000000000000000000000000
573,139893930103113/4000000000000000000000000000000,279787860206251/8000000000000000000000000000000
574,262836370694359/8000000000000000000000000000000,16427273168399/500000000000000000000000000000
575,49382384002553/1600000000000000000000000000000,24691192001279/800000000000000000000000000000
576,231952283024347/8000000000000000000000000000000,57988070756093/2000000000000000000000000000000
577,2723737557781/100000000000000000000000000000,27237375577813/1000000000000000000000000000000
578,204697171316411/8000000000000000000000000000000,40939434263287/1600000000000000000000000000000
579,48073799163901/2000000000000000000000000000000,48073799163907/2000000000000000000000000000000
580,1129028872841/50000000000000000000000000000,22580577456823/1000000000000000000000000000000
581,33939983086093/1600000000000000000000000000000,169699915430489/8000000000000000000000000000000
582,3985457932843/200000000000000000000000000000,9963644832109/500000000000000000000000000000
583,37439912434063/2000000000000000000000000000000,37439912434069/2000000000000000000000000000000
584,28137234248921/1600000000000000000000000000000,140686171244629/8000000000000000000000000000000
585,26432485404879/1600000000000000000000000000000,132162427024419/8000000000000000000000000000000
586,124155110359849/8000000000000000000000000000000,124155110359873/8000000000000000000000000000000
587,11663293248709/800000000000000000000000000000,58316466243557/4000000000000000000000000000000
588,54783250166307/4000000000000000000000000000000,54783250166319/4000000000000000000000000000000
589,51464100829607/4000000000000000000000000000000,51464100829619/4000000000000000000000000000000
590,19338419434113/1600000000000000000000000000000,96692097170589/8000000000000000000000000000000
591,45416909576429/4000000000000000000000000000000,45416909576441/4000000000000000000000000000000
592,85330476257431/8000000000000000000000000000000,17066095251491/1600000000000000000000000000000
593,3206422562093/320000000000000000000000000000,80160564052349/8000000000000000000000000000000
594,301215523973/32000000000000000000000000000,37651940496637/4000000000000000000000000000000
595,7074144948561/800000000000000000000000000000,35370724742817/4000000000000000000000000000000
596,66455441729141/8000000000000000000000000000000,13291088345833/1600000000000000000000000000000
597,31214555027697/4000000000000000000000000000000,31214555027709/4000000000000000000000000000000
598,58646721485857/8000000000000000000000000000000,58646721485881/8000000000000000000000000000000
599,55093496254997/8000000000000000000000000000000,55093496255021/8000000000000000000000000000000
600,51755550058009/8000000000000000000000000000000,51755550058033/8000000000000000000000000000000
601,4861983979759/800000000000000000000000000000,24309919898807/4000000000000000000000000000000
602,22837056308877/4000000000000000000000000000000,22837056308889/4000000000000000000000000000000
603,42906858025531/8000000000000000000000000000000,8581371605111/1600000000000000000000000000000
604,40307262913467/8000000000000000000000000000000,40307262913491/8000000000000000000000000000000
605,1183286540849/250000000000000000000000000000,4733146163399/1000000000000000000000000000000
606,35571034672797/8000000000000000000000000000000,35571034672821/8000000000000000000000000000000
607,4176986828677/1000000000000000000000000000000,104424670717/25000000000000000000000000000
608,3923915990059/1000000000000000000000000000000,1961957995031/500000000000000000000000000000
609,921544484611/250000000000000000000000000000,3686177938447/1000000000000000000000000000000
610,27702749657833/8000000000000000000000000000000,27702749657857/8000000000000000000000000000000
611,26024324904419/8000000000000000000000000000000,26024324904443/8000000000000000000000000000000
612,24447590766113/8000000000000000000000000000000,24447590766137/8000000000000000000000000000000
613,5741596530001/2000000000000000000000000000000,5741596530007/2000000000000000000000000000000
614,21574923126749/8000000000000000000000000000000,21574923126773/8000000000000000000000000000000
615,316683822101/125000000000000000000000000000,2533470576811/1000000000000000000000000000000
616,2379975354107/1000000000000000000000000000000,237997535411/100000000000000000000000000000
617,17886239494577/8000000000000000000000000000000,17886239494601/8000000000000000000000000000000
618,3360513405163/1600000000000000000000000000000,16802567025839/8000000000000000000000000000000
619,15784550952849/8000000000000000000000000000000,15784550952873/8000000000000000000000000000000
620,14828213355751/8000000000000000000000000000000,593128534231/320000000000000000000000000000
621,13929817324577/8000000000000000000000000000000,13929817324601/8000000000000000000000000000000
622,13085852357313/8000000000000000000000000000000,13085852357337/8000000000000000000000000000000
623,3073255160627/2000000000000000000000000000000,3073255160633/2000000000000000000000000000000
624,11548224173007/8000000000000000000000000000000,11548224173031/8000000000000000000000000000000
625,10848552640421/8000000000000000000000000000000,2169710528089/1600000000000000000000000000000
626,10191272063031/8000000000000000000000000000000,2038254412611/1600000000000000000000000000000
627,9573814102697/8000000000000000000000000000000,9573814102721/8000000000000000000000000000000
628,8993766029021/8000000000000000000000000000000,1798753205809/1600000000000000000000000000000
629,168977225831/160000000000000000000000000000,4224430645787/4000000000000000000000000000000
630,7936970663181/8000000000000000000000000000000,1587394132641/1600000000000000000000000000000
631,7456093920159/8000000000000000000000000000000,7456093920183/8000000000000000000000000000000
632,7004352026161/8000000000000000000000000000000,1400870405237/1600000000000000000000000000000
633,6579979789919/8000000000000000000000000000000,6579979789943/8000000000000000000000000000000
634,3090659483849/4000000000000000000000000000000,3090659483861/4000000000000000000000000000000
635,725851472959/1000000000000000000000000000000,362925736481/500000000000000000000000000000
636,4261714721/6250000000000000000000000000,681874355363/1000000000000000000000000000000
637,5124493412981/8000000000000000000000000000000,1024898682601/1600000000000000000000000000000
638,962803210491/1600000000000000000000000000000,4814016052479/8000000000000000000000000000000
639,4522349564269/8000000000000000000000000000000,2261174782147/4000000000000000000000000000000
640,4248354255283/8000000000000000000000000000000,1062088563827/2000000000000000000000000000000
641,498869935359/1000000000000000000000000000000,3990959482897/8000000000000000000000000000000
642,3749159471369/8000000000000000000000000000000,1874579735697/4000000000000000000000000000000
643,1761004690987/4000000000000000000000000000000,3522009381999/8000000000000000000000000000000
644,3308621620777/8000000000000000000000000000000,1654310810401/4000000000000000000000000000000
645,621632474093/1600000000000000000000000000000,3108162370489/8000000000000000000000000000000
646,4562263019/12500000000000000000000000000,364981041523/1000000000000000000000000000000
647,548588732933/1600000000000000000000000000000,2742943664689/8000000000000000000000000000000
648,2576757109147/8000000000000000000000000000000,2576757109171/8000000000000000000000000000000
649,242063928803/800000000000000000000000000000,1210319644027/4000000000000000000000000000000
650,1136990083767/4000000000000000000000000000000,1136990083779/4000000000000000000000000000000
651,53405166849/200000000000000000000000000000,33378229281/125000000000000000000000000000
652,2006780454387/8000000000000000000000000000000,2006780454411/8000000000000000000000000000000
653,1885195773049/8000000000000000000000000000000,1885195773073/8000000000000000000000000000000
654,885488767581/4000000000000000000000000000000,1770977535187/8000000000000000000000000000000
655,20795992881/100000000000000000000000000000,332735886101/1600000000000000000000000000000
656,781441094663/4000000000000000000000000000000,1562882189351/8000000000000000000000000000000
657,1468191944291/8000000000000000000000000000000,367047986079/2000000000000000000000000000000
658,86202418199/500000000000000000000000000000,1379238691209/8000000000000000000000000000000
659,323918710809/2000000000000000000000000000000,64783742163/400000000000000000000000000000
660,608586936447/4000000000000000000000000000000,608586936459/4000000000000000000000000000000
661,1143429035911/8000000000000000000000000000000,228685807187/1600000000000000000000000000000
662,214830434547/1600000000000000000000000000000,1074152172759/8000000000000000000000000000000
663,252268145629/2000000000000000000000000000000,50453629127/400000000000000000000000000000
664,473967982671/4000000000000000000000000000000,473967982683/4000000000000000000000000000000
665,111312928569/1000000000000000000000000000000,890503428577/8000000000000000000000000000000
666,836550553261/8000000000000000000000000000000,418275276643/4000000000000000000000000000000
667,785866517437/8000000000000000000000000000000,392933258731/4000000000000000000000000000000
668,184563318027/2000000000000000000000000000000,738253272133/8000000000000000000000000000000
669,693524767483/8000000000000000000000000000000,173381191877/2000000000000000000000000000000
670,325753112979/4000000000000000000000000000000,651506225983/8000000000000000000000000000000
671,612033459169/8000000000000000000000000000000,306016729597/4000000000000000000000000000000
672,287476113211/4000000000000000000000000000000,574952226447/8000000000000000000000000000000
673,270058815997/4000000000000000000000000000000,540117632019/8000000000000000000000000000000
674,507393558951/8000000000000000000000000000000,7928024359/125000000000000000000000000000
675,95330427453/1600000000000000000000000000000,47665213729/800000000000000000000000000000
676,111943311041/2000000000000000000000000000000,447773244189/8000000000000000000000000000000
677,210322017373/4000000000000000000000000000000,42064403477/800000000000000000000000000000
678,197579250517/4000000000000000000000000000000,197579250529/4000000000000000000000000000000
679,371217057753/8000000000000000000000000000000,371217057777/8000000000000000000000000000000
680,43590769149/1000000000000000000000000000000,85138221/1953125000000000000000000000
681,327597903653/8000000000000000000000000000000,327597903677/8000000000000000000000000000000
682,307749750041/8000000000000000000000000000000,61549950013/1600000000000000000000000000000
683,144552067633/4000000000000000000000000000000,28910413529/800000000000000000000000000000
684,135794100591/4000000000000000000000000000000,135794100603/4000000000000000000000000000000
685,31891687987/1000000000000000000000000000000,3189168799/100000000000000000000000000000
686,239675746321/8000000000000000000000000000000,47935149269/1600000000000000000000000000000
687,225154526933/8000000000000000000000000000000,225154526957/8000000000000000000000000000000
688,26439137969/1000000000000000000000000000000,6609784493/250000000000000000000000000000
689,9934908631/400000000000000000000000000000,49674543161/2000000000000000000000000000000
690,46664914729/2000000000000000000000000000000,9332982947/400000000000000000000000000000
691,35070104377/1600000000000000000000000000000,17535052191/800000000000000000000000000000
692,164726570829/8000000000000000000000000000000,82363285427/4000000000000000000000000000000
693,154746292429/8000000000000000000000000000000,77373146227/4000000000000000000000000000000
694,145370688529/8000000000000000000000000000000,72685344277/4000000000000000000000000000000
695,68281561877/4000000000000000000000000000000,136563123779/8000000000000000000000000000000
696,128289182353/8000000000000000000000000000000,64144591189/4000000000000000000000000000000
697,3012913343/200000000000000000000000000000,24103306749/1600000000000000000000000000000
698,113214806061/8000000000000000000000000000000,56607403043/4000000000000000000000000000000
699,106355467717/8000000000000000000000000000000,53177733871/4000000000000000000000000000000
700,49955857837/4000000000000000000000000000000,99911715699/8000000000000000000000000000000
701,5866148177/500000000000000000000000000000,93858370857/8000000000000000000000000000000
702,88171779613/8000000000000000000000000000000,44085889819/4000000000000000000000000000000
703,82829721539/8000000000000000000000000000000,20707430391/2000000000000000000000000000000
704,38905661201/4000000000000000000000000000000,77811322427/8000000000000000000000000000000
705,73096972699/8000000000000000000000000000000,18274243181/2000000000000000000000000000000
706,13733650201/1600000000000000000000000000000,6866825103/800000000000000000000000000000
707,32253925997/4000000000000000000000000000000,64507852019/8000000000000000000000000000000
708,60599518817/8000000000000000000000000000000,30299759421/4000000000000000000000000000000
709,7115997447/1000000000000000000000000000000,56927979601/8000000000000000000000000000000
710,53478887653/8000000000000000000000000000000,26739443839/4000000000000000000000000000000
711,10047753129/1600000000000000000000000000000,5023876567/800000000000000000000000000000
712,23597476353/4000000000000000000000000000000,47194952731/8000000000000000000000000000000
713,4433555507/800000000000000000000000000000,8867111019/1600000000000000000000000000000
714,41649399579/8000000000000000000000000000000,10412349901/2000000000000000000000000000000
715,19562995011/4000000000000000000000000000000,39125990047/8000000000000000000000000000000
716,18377733061/4000000000000000000000000000000,36755466147/8000000000000000000000000000000
717,8632141251/2000000000000000000000000000000,34528565029/8000000000000000000000000000000
718,8109146251/2000000000000000000000000000000,32436585029/8000000000000000000000000000000
719,6094270333/1600000000000000000000000000000,3047135169/800000000000000000000000000000
720,5725037159/1600000000000000000000000000000,1431259291/400000000000000000000000000000
721,26890873461/8000000000000000000000000000000,13445436743/4000000000000000000000000000000
722,25261637799/8000000000000000000000000000000,394713091/125000000000000000000000000000
723,2966389067/1000000000000000000000000000000,23731112561/8000000000000000000000000000000
724,22293317111/8000000000000000000000000000000,1393332321/500000000000000000000000000000
725,20942633307/8000000000000000000000000000000,5235658333/2000000000000000000000000000000
726,9836891649/4000000000000000000000000000000,19673783323/8000000000000000000000000000000
727,739272361/320000000000000000000000000000,369636181/160000000000000000000000000000
728,8681026411/4000000000000000000000000000000,17362052847/8000000000000000000000000000000
729,8155069609/4000000000000000000000000000000,16310139243/8000000000000000000000000000000
730,15321957837/8000000000000000000000000000000,7660978931/4000000000000000000000000000000
731,14393647339/8000000000000000000000000000000,3598411841/2000000000000000000000000000000
732,13521580331/8000000000000000000000000000000,3380395089/2000000000000000000000000000000
733,1587793649/1000000000000000000000000000000,12702349217/8000000000000000000000000000000
734,11932752759/8000000000000000000000000000000,745797049/500000000000000000000000000000
735,11209783817/8000000000000000000000000000000,5604891921/4000000000000000000000000000000
736,10530617349/8000000000000000000000000000000,10530617373/8000000000000000000000000000000
737,9892599497/8000000000000000000000000000000,9892599521/8000000000000000000000000000000
738,1161654649/1000000000000000000000000000000,290413663/250000000000000000000000000000
739,8730188413/8000000000000000000000000000000,4365094219/4000000000000000000000000000000
740,1640250607/1600000000000000000000000000000,410062653/400000000000000000000000000000
741,963045529/1000000000000000000000000000000,7704364257/8000000000000000000000000000000
742,18093951/20000000000000000000000000000,289503217/320000000000000000000000000000
743,679907757/800000000000000000000000000000,1359815519/1600000000000000000000000000000
744,1596785571/2000000000000000000000000000000,6387142309/8000000000000000000000000000000
745,1200032979/1600000000000000000000000000000,150004123/200000000000000000000000000000
746,5636633281/8000000000000000000000000000000,2818316653/4000000000000000000000000000000
747,2647563467/4000000000000000000000000000000,5295126959/8000000000000000000000000000000
748,4974311411/8000000000000000000000000000000,1243577859/2000000000000000000000000000000
749,4672933117/8000000000000000000000000000000,2336466571/4000000000000000000000000000000
750,4389814411/8000000000000000000000000000000,1097453609/2000000000000000000000000000000
751,4123849001/8000000000000000000000000000000,164953961/320000000000000000000000000000
752,193699881/400000000000000000000000000000,968499411/2000000000000000000000000000000
753,3639283969/8000000000000000000000000000000,3639283993/8000000000000000000000000000000
754,3418790899/8000000000000000000000000000000,3418790923/8000000000000000000000000000000
755,3211656829/8000000000000000000000000000000,3211656853/8000000000000000000000000000000
756,1508536189/4000000000000000000000000000000,1508536201/4000000000000000000000000000000
757,2834277203/8000000000000000000000000000000,2834277227/8000000000000000000000000000000
758,665639257/2000000000000000000000000000000,665639263/2000000000000000000000000000000
759,625310213/2000000000000000000000000000000,625310219/2000000000000000000000000000000
760,2349698329/8000000000000000000000000000000,2349698353/8000000000000000000000000000000
761,2207337303/8000000000000000000000000000000,2207337327/8000000000000000000000000000000
762,259200187/1000000000000000000000000000000,25920019/100000000000000000000000000000
763,486992083/2000000000000000000000000000000,486992089/2000000000000000000000000000000
764,1829946897/8000000000000000000000000000000,1829946921/8000000000000000000000000000000
765,1719076019/8000000000000000000000000000000,1719076043/8000000000000000000000000000000
766,403730617/2000000000000000000000000000000,403730623/2000000000000000000000000000000
767,1517079261/8000000000000000000000000000000,303415857/1600000000000000000000000000000
768,57006563/320000000000000000000000000000,1425164099/8000000000000000000000000000000
769,334704437/2000000000000000000000000000000,334704443/2000000000000000000000000000000
770,1257702881/8000000000000000000000000000000,251540581/1600000000000000000000000000000
771,236300503/1600000000000000000000000000000,1181502539/8000000000000000000000000000000
772,69369931/500000000000000000000000000000,27747973/200000000000000000000000000000
773,1042672309/8000000000000000000000000000000,1042672333/8000000000000000000000000000000
774,979499987/8000000000000000000000000000000,979500011/8000000000000000000000000000000
775,460077541/4000000000000000000000000000000,460077553/4000000000000000000000000000000
776,864405703/8000000000000000000000000000000,864405727/8000000000000000000000000000000
777,101504251/1000000000000000000000000000000,50752127/500000000000000000000000000000
778,381417677/4000000000000000000000000000000,381417689/4000000000000000000000000000000
779,89577187/1000000000000000000000000000000,8957719/100000000000000000000000000000
780,168299959/2000000000000000000000000000000,33659993/400000000000000000000000000000
781,632412719/8000000000000000000000000000000,632412743/8000000000000000000000000000000
782,594096769/8000000000000000000000000000000,594096793/8000000000000000000000000000000
783,111620453/1600000000000000000000000000000,558102289/8000000000000000000000000000000
784,262144279/4000000000000000000000000000000,262144291/4000000000000000000000000000000
785,24049/390625000000000000000000000,61565443/1000000000000000000000000000000
786,115670757/2000000000000000000000000000000,115670763/2000000000000000000000000000000
787,5433131/100000000000000000000000000000,54331313/1000000000000000000000000000000
788,204158169/4000000000000000000000000000000,204158181/4000000000000000000000000000000
789,383577701/8000000000000000000000000000000,15343109/320000000000000000000000000000
790,180168951/4000000000000000000000000000000,180168963/4000000000000000000000000000000
791,84626533/2000000000000000000000000000000,84626539/2000000000000000000000000000000
792,158998541/4000000000000000000000000000000,158998553/4000000000000000000000000000000
793,74682653/2000000000000000000000000000000,74682659/2000000000000000000000000000000
794,280631439/8000000000000000000000000000000,280631463/8000000000000000000000000000000
795,263628839/8000000000000000000000000000000,263628863/8000000000000000000000000000000
796,1981251/64000000000000000000000000000,247656399/8000000000000000000000000000000
797,232651633/8000000000000000000000000000000,232651657/8000000000000000000000000000000
798,218555983/8000000000000000000000000000000,218556007/8000000000000000000000000000000
799,41062869/1600000000000000000000000000000,205314369/8000000000000000000000000000000
800,192874977/8000000000000000000000000000000,192875001/8000000000000000000000000000000
801,22648659/1000000000000000000000000000000,11324331/500000000000000000000000000000
802,10638223/500000000000000000000000000000,21276449/1000000000000000000000000000000
803,15989897/800000000000000000000000000000,79949497/4000000000000000000000000000000
804,150211181/8000000000000000000000000000000,30042241/1600000000000000000000000000000
805,28222069/1600000000000000000000000000000,141110369/8000000000000000000000000000000
806,132560901/8000000000000000000000000000000,5302437/320000000000000000000000000000
807,62264721/4000000000000000000000000000000,62264733/4000000000000000000000000000000
808,14623073/1000000000000000000000000000000,3655769/250000000000000000000000000000
809,54948423/4000000000000000000000000000000,10989687/800000000000000000000000000000
810,25809633/2000000000000000000000000000000,25809639/2000000000000000000000000000000
811,775869/64000000000000000000000000000,96983649/8000000000000000000000000000000
812,22776921/2000000000000000000000000000000,22776927/2000000000000000000000000000000
813,21396937/2000000000000000000000000000000,21396943/2000000000000000000000000000000
814,10050281/1000000000000000000000000000000,2512571/250000000000000000000000000000
815,37765461/4000000000000000000000000000000,37765473/4000000000000000000000000000000
816,35477367/4000000000000000000000000000000,35477379/4000000000000000000000000000000
817,66655803/8000000000000000000000000000000,16663957/2000000000000000000000000000000
818,15654333/2000000000000000000000000000000,62617357/8000000000000000000000000000000
819,58823539/8000000000000000000000000000000,14705891/2000000000000000000000000000000
820,138149/20000000000000000000000000000,442077/64000000000000000000000000000
821,5191159/800000000000000000000000000000,10382323/1600000000000000000000000000000
822,1950657/320000000000000000000000000000,975329/160000000000000000000000000000
823,5726477/1000000000000000000000000000000,45811841/8000000000000000000000000000000
824,21518109/4000000000000000000000000000000,43036243/8000000000000000000000000000000
825,8085757/1600000000000000000000000000000,4042881/800000000000000000000000000000
826,593427/125000000000000000000000000000,37979353/8000000000000000000000000000000
827,8919569/2000000000000000000000000000000,35678301/8000000000000000000000000000000
828,16758319/4000000000000000000000000000000,33516663/8000000000000000000000000000000
829,31485967/8000000000000000000000000000000,3935749/1000000000000000000000000000000
830,3697291/1000000000000000000000000000000,29578353/8000000000000000000000000000000
831,27786267/8000000000000000000000000000000,6946573/2000000000000000000000000000000
832,13051391/4000000000000000000000000000000,26102807/8000000000000000000000000000000
833,12260647/4000000000000000000000000000000,24521319/8000000000000000000000000000000
834,23035623/8000000000000000000000000000000,89983/31250000000000000000000000000
835,4327993/1600000000000000000000000000000,2163999/800000000000000000000000000000
836,4065773/1600000000000000000000000000000,2032889/800000000000000000000000000000
837,19097201/8000000000000000000000000000000,9548613/4000000000000000000000000000000
838,56063/25000000000000000000000000000,3588037/1600000000000000000000000000000
839,842661/400000000000000000000000000000,3370649/1600000000000000000000000000000
840,3166427/1600000000000000000000000000000,15832159/8000000000000000000000000000000
841,7436457/4000000000000000000000000000000,7436469/4000000000000000000000000000000
842,13971809/8000000000000000000000000000000,13971833/8000000000000000000000000000000
843,13125299/8000000000000000000000000000000,13125323/8000000000000000000000000000000
844,12330077/8000000000000000000000000000000,12330101/8000000000000000000000000000000
845,2316607/1600000000000000000000000000000,11583059/8000000000000000000000000000000
846,5440627/4000000000000000000000000000000,5440639/4000000000000000000000000000000
847,1277749/1000000000000000000000000000000,159719/125000000000000000000000000000
848,600167/500000000000000000000000000000,1200337/1000000000000000000000000000000
849,72167/64000000000000000000000000000,9020899/8000000000000000000000000000000
850,8474327/8000000000000000000000000000000,8474351/8000000000000000000000000000000
851,7960893/8000000000000000000000000000000,7960917/8000000000000000000000000000000
852,3739283/4000000000000000000000000000000,747859/800000000000000000000000000000
853,3512731/4000000000000000000000000000000,3512743/4000000000000000000000000000000
854,659981/800000000000000000000000000000,3299917/4000000000000000000000000000000
855,6199947/8000000000000000000000000000000,6199971/8000000000000000000000000000000
856,5824311/8000000000000000000000000000000,1164867/1600000000000000000000000000000
857,5471433/8000000000000000000000000000000,5471457/8000000000000000000000000000000
858,1027987/1600000000000000000000000000000,5139959/8000000000000000000000000000000
859,2414261/4000000000000000000000000000000,2414273/4000000000000000000000000000000
860,566997/1000000000000000000000000000000,567/1000000000000000000000000000
861,852231/1600000000000000000000000000000,4261179/8000000000000000000000000000000
862,500373/1000000000000000000000000000000,62547/125000000000000000000000000000
863,752091/1600000000000000000000000000000,3760479/8000000000000000000000000000000
864,176631/400000000000000000000000000000,883161/2000000000000000000000000000000
865,3318589/8000000000000000000000000000000,3318613/8000000000000000000000000000000
866,124701/320000000000000000000000000000,3117549/8000000000000000000000000000000
867,2928643/8000000000000000000000000000000,2928667/8000000000000000000000000000000
868,550241/1600000000000000000000000000000,2751229/8000000000000000000000000000000
869,2584517/8000000000000000000000000000000,2584541/8000000000000000000000000000000
870,2427929/8000000000000000000000000000000,2427953/8000000000000000000000000000000
871,570207/2000000000000000000000000000000,570213/2000000000000000000000000000000
872,2142639/8000000000000000000000000000000,2142663/8000000000000000000000000000000
873,2012823/8000000000000000000000000000000,2012847/8000000000000000000000000000000
874,236359/1000000000000000000000000000000,118181/500000000000000000000000000000
875,1776309/8000000000000000000000000000000,1776333/8000000000000000000000000000000
876,1668687/8000000000000000000000000000000,1668711/8000000000000000000000000000000
877,783793/4000000000000000000000000000000,156761/800000000000000000000000000000
878,147261/800000000000000000000000000000,736317/4000000000000000000000000000000
879,1383389/8000000000000000000000000000000,1383413/8000000000000000000000000000000
880,1299573/8000000000000000000000000000000,1299597/8000000000000000000000000000000
881,244167/1600000000000000000000000000000,1220859/8000000000000000000000000000000
882,286717/2000000000000000000000000000000,286723/2000000000000000000000000000000
883,538691/4000000000000000000000000000000,538703/4000000000000000000000000000000
884,506053/4000000000000000000000000000000,101213/800000000000000000000000000000
885,190157/1600000000000000000000000000000,950809/8000000000000000000000000000000
886,893179/8000000000000000000000000000000,893203/8000000000000000000000000000000
887,104883/1000000000000000000000000000000,52443/500000000000000000000000000000
888,788227/8000000000000000000000000000000,788251/8000000000000000000000000000000
889,74047/800000000000000000000000000000,370247/4000000000000000000000000000000
890,695607/8000000000000000000000000000000,695631/8000000000000000000000000000000
891,326731/4000000000000000000000000000000,326743/4000000000000000000000000000000
892,61387/800000000000000000000000000000,306947/4000000000000000000000000000000
893,576677/8000000000000000000000000000000,576701/8000000000000000000000000000000
894,541737/8000000000000000000000000000000,541761/8000000000000000000000000000000
895,254457/4000000000000000000000000000000,254469/4000000000000000000000000000000
896,747/12500000000000000000000000000,59763/1000000000000000000000000000000
897,224557/4000000000000000000000000000000,224569/4000000000000000000000000000000
898,421903/8000000000000000000000000000000,421927/8000000000000000000000000000000
899,396341/8000000000000000000000000000000,79273/1600000000000000000000000000000
900,372327/8000000000000000000000000000000,372351/8000000000000000000000000000000
901,43721/1000000000000000000000000000000,10931/250000000000000000000000000000
902,2567/62500000000000000000000000000,1643/40000000000000000000000000000
903,77167/2000000000000000000000000000000,77173/2000000000000000000000000000000
904,144983/4000000000000000000000000000000,28999/800000000000000000000000000000
905,272397/8000000000000000000000000000000,272421/8000000000000000000000000000000
906,255893/8000000000000000000000000000000,255917/8000000000000000000000000000000
907,240389/8000000000000000000000000000000,240413/8000000000000000000000000000000
908,7057/250000000000000000000000000000,28231/1000000000000000000000000000000
909,106071/4000000000000000000000000000000,106083/4000000000000000000000000000000
910,24911/1000000000000000000000000000000,12457/500000000000000000000000000000
911,187213/8000000000000000000000000000000,187237/8000000000000000000000000000000
912,17587/800000000000000000000000000000,87947/4000000000000000000000000000000
913,82607/4000000000000000000000000000000,82619/4000000000000000000000000000000
914,38801/2000000000000000000000000000000,38807/2000000000000000000000000000000
915,729/40000000000000000000000000000,4557/250000000000000000000000000000
916,68483/4000000000000000000000000000000,13699/800000000000000000000000000000
917,128667/8000000000000000000000000000000,128691/8000000000000000000000000000000
918,120871/8000000000000000000000000000000,24179/1600000000000000000000000000000
919,113547/8000000000000000000000000000000,113571/8000000000000000000000000000000
920,106667/8000000000000000000000000000000,106691/8000000000000000000000000000000
921,25051/2000000000000000000000000000000,25057/2000000000000000000000000000000
922,23533/2000000000000000000000000000000,23539/2000000000000000000000000000000
923,22107/2000000000000000000000000000000,22113/2000000000000000000000000000000
924,8307/800000000000000000000000000000,41547/4000000000000000000000000000000
925,78037/8000000000000000000000000000000,78061/8000000000000000000000000000000
926,18327/2000000000000000000000000000000,73333/8000000000000000000000000000000
927,34433/4000000000000000000000000000000,68891/8000000000000000000000000000000
928,64693/8000000000000000000000000000000,32359/4000000000000000000000000000000
929,60773/8000000000000000000000000000000,30399/4000000000000000000000000000000
930,5709/800000000000000000000000000000,11423/1600000000000000000000000000000
931,53631/8000000000000000000000000000000,6707/1000000000000000000000000000000
932,50381/8000000000000000000000000000000,25203/4000000000000000000000000000000
933,1479/250000000000000000000000000000,47353/8000000000000000000000000000000
934,2223/400000000000000000000000000000,8897/1600000000000000000000000000000
935,20883/4000000000000000000000000000000,41791/8000000000000000000000000000000
936,7847/1600000000000000000000000000000,1963/400000000000000000000000000000
937,36857/8000000000000000000000000000000,18441/4000000000000000000000000000000
938,34623/8000000000000000000000000000000,4331/1000000000000000000000000000000
939,1301/320000000000000000000000000000,651/160000000000000000000000000000
940,15277/4000000000000000000000000000000,30579/8000000000000000000000000000000
941,14351/4000000000000000000000000000000,28727/8000000000000000000000000000000
942,26963/8000000000000000000000000000000,6747/2000000000000000000000000000000
943,25329/8000000000000000000000000000000,12677/4000000000000000000000000000000
944,11897/4000000000000000000000000000000,23819/8000000000000000000000000000000
945,1397/500000000000000000000000000000,22377/8000000000000000000000000000000
946,20997/8000000000000000000000000000000,10511/4000000000000000000000000000000
947,4931/2000000000000000000000000000000,19749/8000000000000000000000000000000
948,579/250000000000000000000000000000,18553/8000000000000000000000000000000
949,3481/1600000000000000000000000000000,1743/800000000000000000000000000000
950,327/160000000000000000000000000000,131/64000000000000000000000000000
951,15359/8000000000000000000000000000000,1923/1000000000000000000000000000000
952,3607/2000000000000000000000000000000,14453/8000000000000000000000000000000
953,13553/8000000000000000000000000000000,6789/4000000000000000000000000000000
954,12731/8000000000000000000000000000000,3189/2000000000000000000000000000000
955,11959/8000000000000000000000000000000,749/500000000000000000000000000000
956,5617/4000000000000000000000000000000,11259/8000000000000000000000000000000
957,10553/8000000000000000000000000000000,5289/4000000000000000000000000000000
958,9913/8000000000000000000000000000000,4969/4000000000000000000000000000000
959,291/250000000000000000000000000000,9337/8000000000000000000000000000000
960,8747/8000000000000000000000000000000,2193/2000000000000000000000000000000
961,8217/8000000000000000000000000000000,4121/4000000000000000000000000000000
962,7719/8000000000000000000000000000000,121/125000000000000000000000000000
963,7251/8000000000000000000000000000000,1819/2000000000000000000000000000000
964,6811/8000000000000000000000000000000,1709/2000000000000000000000000000000
965,3199/4000000000000000000000000000000,6423/8000000000000000000000000000000
966,601/800000000000000000000000000000,1207/1600000000000000000000000000000
967,1129/1600000000000000000000000000000,567/800000000000000000000000000000
968,2651/4000000000000000000000000000000,5327/8000000000000000000000000000000
969,249/400000000000000000000000000000,1001/1600000000000000000000000000000
970,2339/4000000000000000000000000000000,4703/8000000000000000000000000000000
971,2197/4000000000000000000000000000000,4419/8000000000000000000000000000000
972,4127/8000000000000000000000000000000,519/1000000000000000000000000000000
973,969/2000000000000000000000000000000,3901/8000000000000000000000000000000
974,3641/8000000000000000000000000000000,1833/4000000000000000000000000000000
975,171/400000000000000000000000000000,689/1600000000000000000000000000000
976,803/2000000000000000000000000000000,3237/8000000000000000000000000000000
977,3017/8000000000000000000000000000000,1521/4000000000000000000000000000000
978,1417/4000000000000000000000000000000,2859/8000000000000000000000000000000
979,1331/4000000000000000000000000000000,2687/8000000000000000000000000000000
980,1/3200000000000000000000000000,101/320000000000000000000000000000
981,587/2000000000000000000000000000000,2373/8000000000000000000000000000000
982,441/1600000000000000000000000000000,223/800000000000000000000000000000
983,2071/8000000000000000000000000000000,131/500000000000000000000000000000
984,389/1600000000000000000000000000000,197/800000000000000000000000000000
985,1827/8000000000000000000000000000000,463/2000000000000000000000000000000
986,429/2000000000000000000000000000000,1741/8000000000000000000000000000000
987,403/2000000000000000000000000000000,1637/8000000000000000000000000000000
988,757/4000000000000000000000000000000,1539/8000000000000000000000000000000
989,711/4000000000000000000000000000000,1447/8000000000000000000000000000000
990,267/1600000000000000000000000000000,17/100000000000000000000000000000
991,627/4000000000000000000000000000000,1279/8000000000000000000000000000000
992,589/4000000000000000000000000000000,601/4000000000000000000000000000000
993,553/4000000000000000000000000000000,113/800000000000000000000000000000
994,519/4000000000000000000000000000000,1063/8000000000000000000000000000000
995,39/320000000000000000000000000000,1/8000000000000000000000000000
996,183/1600000000000000000000000000000,47/400000000000000000000000000000
997,859/8000000000000000000000000000000,221/2000000000000000000000000000000
998,403/4000000000000000000000000000000,831/8000000000000000000000000000000
999,757/8000000000000000000000000000000,391/4000000000000000000000000000000
1000,711/8000000000000000000000000000000,23/250000000000000000000000000000
1001,667/8000000000000000000000000000000,173/2000000000000000000000000000000
1002,313/4000000000000000000000000000000,651/8000000000000000000000000000000
1003,147/2000000000000000000000000000000,613/8000000000000000000000000000000
1004,69/1000000000000000000000000000000,577/8000000000000000000000000000000
1005,259/4000000000000000000000000000000,543/8000000000000000000000000000000
1006,243/4000000000000000000000000000000,511/8000000000000000000000000000000
1007,57/1000000000000000000000000000000,481/8000000000000000000000000000000
1008,107/2000000000000000000000000000000,453/8000000000000000000000000000000
1009,201/4000000000000000000000000000000,427/8000000000000000000000000000000
1010,377/8000000000000000000000000000000,201/4000000000000000000000000000000
1011,177/4000000000000000000000000000000,379/8000000000000000000000000000000
1012,83/2000000000000000000000000000000,357/8000000000000000000000000000000
1013,311/8000000000000000000000000000000,21/500000000000000000000000000000
1014,73/2000000000000000000000000000000,317/8000000000000000000000000000000
1015,137/4000000000000000000000000000000,299/8000000000000000000000000000000
1016,257/8000000000000000000000000000000,141/4000000000000000000000000000000
1017,241/8000000000000000000000000000000,133/4000000000000000000000000000000
1018,113/4000000000000000000000000000000,251/8000000000000000000000000000000
1019,53/2000000000000000000000000000000,237/8000000000000000000000000000000
1020,199/8000000000000000000000000000000,7/250000000000000000000000000000
1021,93/4000000000000000000000000000000,211/8000000000000000000000000000000
1022,87/4000000000000000000000000000000,199/8000000000000000000000000000000
1023,163/8000000000000000000000000000000,47/2000000000000000000000000000000
1024,153/8000000000000000000000000000000,89/4000000000000000000000000000000
1025,143/8000000000000000000000000000000,21/1000000000000000000000000000000
1026,67/4000000000000000000000000000000,159/8000000000000000000000000000000
1027,1/64000000000000000000000000000,3/160000000000000000000000000000
1028,117/8000000000000000000000000000000,71/4000000000000000000000000000000
1029,109/8000000000000000000000000000000,67/4000000000000000000000000000000
1030,51/4000000000000000000000000000000,127/8000000000000000000000000000000
1031,19/1600000000000000000000000000000,3/200000000000000000000000000000
1032,89/8000000000000000000000000000000,57/4000000000000000000000000000000
1033,83/8000000000000000000000000000000,27/2000000000000000000000000000000
1034,77/8000000000000000000000000000000,51/4000000000000000000000000000000
1035,9/1000000000000000000000000000000,97/8000000000000000000000000000000
1036,67/8000000000000000000000000000000,23/2000000000000000000000000000000
1037,31/4000000000000000000000000000000,87/8000000000000000000000000000000
1038,29/4000000000000000000000000000000,83/8000000000000000000000000000000
1039,27/4000000000000000000000000000000,79/8000000000000000000000000000000
1040,1/160000000000000000000000000000,3/320000000000000000000000000000
1041,23/4000000000000000000000000000000,71/8000000000000000000000000000000
1042,43/8000000000000000000000000000000,17/2000000000000000000000000000000
1043,1/200000000000000000000000000000,13/1600000000000000000000000000000
1044,37/8000000000000000000000000000000,31/4000000000000000000000000000000
1045,17/4000000000000000000000000000000,59/8000000000000000000000000000000
1046,31/8000000000000000000000000000000,7/1000000000000000000000000000000
1047,29/8000000000000000000000000000000,27/4000000000000000000000000000000
1048,27/8000000000000000000000000000000,13/2000000000000000000000000000000
1049,1/320000000000000000000000000000,1/160000000000000000000000000000
1050,23/8000000000000000000000000000000,3/500000000000000000000000000000
1051,21/8000000000000000000000000000000,23/4000000000000000000000000000000
1052,19/8000000000000000000000000000000,11/2000000000000000000000000000000
1053,17/8000000000000000000000000000000,21/4000000000000000000000000000000
1054,3/1600000000000000000000000000000,1/200000000000000000000000000000
1055,7/4000000000000000000000000000000,39/8000000000000000000000000000000
1056,13/8000000000000000000000000000000,19/4000000000000000000000000000000
1057,3/2000000000000000000000000000000,37/8000000000000000000000000000000
1058,11/8000000000000000000000000000000,9/2000000000000000000000000000000
1059,1/800000000000000000000000000000,7/1600000000000000000000000000000
1060,9/8000000000000000000000000000000,17/4000000000000000000000000000000
1061,1/1000000000000000000000000000000,33/8000000000000000000000000000000
1062,7/8000000000000000000000000000000,1/250000000000000000000000000000
1063,3/4000000000000000000000000000000,31/8000000000000000000000000000000
1064,1/1600000000000000000000000000000,3/800000000000000000000000000000
1065,1/2000000000000000000000000000000,29/8000000000000000000000000000000
1066,3/8000000000000000000000000000000,7/2000000000000000000000000000000
1067,1/4000000000000000000000000000000,27/8000000000000000000000000000000
1068,1/8000000000000000000000000000000,13/4000000000000000000000000000000
1069,0,1/320000000000000000000000000000
1070,0,3/1000000000000000000000000000000
1071,0,3/1000000000000000000000000000000
1072,0,3/1000000000000000000000000000000
1073,0,3/1000000000000000000000000000000
1074,0,3/1000000000000000000000000000000
1075,0,3/1000000000000000000000000000000
1076,0,3/1000000000000000000000000000000
1077,0,3/1000000000000000000000000000000
1078,0,3/1000000000000000000000000000000
1079,0,3/1000000000000000000000000000000
1080,0,3/1000000000000000000000000000000
1081,0,3/1000000000000000000000000000000
1082,0,3/1000000000000000000000000000000
1083,0,3/1000000000000000000000000000000
1084,0,3/1000000000000000000000000000000
1085,0,3/1000000000000000000000000000000
1086,0,3/1000000000000000000000000000000
1087,0,3/1000000000000000000000000000000
1088,0,3/1000000000000000000000000000000
1089,0,3/1000000000000000000000000000000
1090,0,3/1000000000000000000000000000000
1091,0,3/1000000000000000000000000000000
1092,0,3/1000000000000000000000000000000
1093,0,3/1000000000000000000000000000000
1094,0,3/1000000000000000000000000000000
1095,0,3/1000000000000000000000000000000
1096,0,3/1000000000000000000000000000000
1097,0,3/1000000000000000000000000000000
1098,0,3/1000000000000000000000000000000
1099,0,3/1000000000000000000000000000000
1100,0,3/1000000000000000000000000000000
1101,0,3/1000000000000000000000000000000
1102,0,3/1000000000000000000000000000000
1103,0,3/1000000000000000000000000000000
1104,0,3/1000000000000000000000000000000
1105,0,3/1000000000000000000000000000000
1106,0,3/1000000000000000000000000000000
1107,0,3/1000000000000000000000000000000
1108,0,3/1000000000000000000000000000000
1109,0,3/1000000000000000000000000000000
1110,0,3/1000000000000000000000000000000
1111,0,3/1000000000000000000000000000000
1112,0,3/1000000000000000000000000000000
1113,0,3/1000000000000000000000000000000
1114,0,3/1000000000000000000000000000000
1115,0,3/1000000000000000000000000000000
1116,0,3/1000000000000000000000000000000
1117,0,3/1000000000000000000000000000000
1118,0,3/1000000000000000000000000000000
1119,0,3/1000000000000000000000000000000
1120,0,3/1000000000000000000000000000000
1121,0,3/1000000000000000000000000000000
1122,0,3/1000000000000000000000000000000
1123,0,3/1000000000000000000000000000000
1124,0,3/1000000000000000000000000000000
1125,0,3/1000000000000000000000000000000
1126,0,3/1000000000000000000000000000000
1127,0,3/1000000000000000000000000000000
1128,0,3/1000000000000000000000000000000
1129,0,3/1000000000000000000000000000000
1130,0,3/1000000000000000000000000000000
1131,0,3/1000000000000000000000000000000
1132,0,3/1000000000000000000000000000000
1133,0,3/1000000000000000000000000000000
1134,0,3/1000000000000000000000000000000
1135,0,3/1000000000000000000000000000000
1136,0,3/1000000000000000000000000000000
1137,0,3/1000000000000000000000000000000
1138,0,3/1000000000000000000000000000000
1139,0,3/1000000000000000000000000000000
1140,0,3/1000000000000000000000000000000
1141,0,3/1000000000000000000000000000000
1142,0,3/1000000000000000000000000000000
1143,0,3/1000000000000000000000000000000
1144,0,3/1000000000000000000000000000000
1145,0,3/1000000000000000000000000000000
1146,0,3/1000000000000000000000000000000
1147,0,3/1000000000000000000000000000000
1148,0,3/1000000000000000000000000000000
1149,0,3/1000000000000000000000000000000
1150,0,3/1000000000000000000000000000000
1151,0,3/1000000000000000000000000000000
1152,0,3/1000000000000000000000000000000
1153,0,3/1000000000000000000000000000000
1154,0,3/1000000000000000000000000000000
1155,0,3/1000000000000000000000000000000
1156,0,3/1000000000000000000000000000000
1157,0,3/1000000000000000000000000000000
1158,0,3/1000000000000000000000000000000
1159,0,3/1000000000000000000000000000000
1160,0,3/1000000000000000000000000000000
1161,0,3/1000000000000000000000000000000
1162,0,3/1000000000000000000000000000000
1163,0,3/1000000000000000000000000000000
1164,0,3/1000000000000000000000000000000
1165,0,3/1000000000000000000000000000000
1166,0,3/1000000000000000000000000000000
1167,0,3/1000000000000000000000000000000
1168,0,3/1000000000000000000000000000000
1169,0,3/1000000000000000000000000000000
1170,0,3/1000000000000000000000000000000
1171,0,3/1000000000000000000000000000000
1172,0,3/1000000000000000000000000000000
1173,0,3/1000000000000000000000000000000
1174,0,3/1000000000000000000000000000000
1175,0,3/1000000000000000000000000000000
1176,0,3/1000000000000000000000000000000
1177,0,3/1000000000000000000000000000000
1178,0,3/1000000000000000000000000000000
1179,0,3/1000000000000000000000000000000
1180,0,3/1000000000000000000000000000000
1181,0,3/1000000000000000000000000000000
1182,0,3/1000000000000000000000000000000
1183,0,3/1000000000000000000000000000000
1184,0,3/1000000000000000000000000000000
1185,0,3/1000000000000000000000000000000
1186,0,3/1000000000000000000000000000000
1187,0,3/1000000000000000000000000000000
1188,0,3/1000000000000000000000000000000
1189,0,3/1000000000000000000000000000000
1190,0,3/1000000000000000000000000000000
1191,0,3/1000000000000000000000000000000
1192,0,3/1000000000000000000000000000000
1193,0,3/1000000000000000000000000000000
1194,0,3/1000000000000000000000000000000
1195,0,3/1000000000000000000000000000000
1196,0,3/1000000000000000000000000000000
1197,0,3/1000000000000000000000000000000
1198,0,3/1000000000000000000000000000000
1199,0,3/1000000000000000000000000000000
1200,0,3/1000000000000000000000000000000
1201,0,3/1000000000000000000000000000000
1202,0,3/1000000000000000000000000000000
1203,0,3/1000000000000000000000000000000
1204,0,3/1000000000000000000000000000000
1205,0,3/1000000000000000000000000000000
1206,0,3/1000000000000000000000000000000
1207,0,3/1000000000000000000000000000000
1208,0,3/1000000000000000000000000000000
1209,0,3/1000000000000000000000000000000
1210,0,3/1000000000000000000000000000000
1211,0,3/1000000000000000000000000000000
1212,0,3/1000000000000000000000000000000
1213,0,3/1000000000000000000000000000000
1214,0,3/1000000000000000000000000000000
1215,0,3/1000000000000000000000000000000
1216,0,3/1000000000000000000000000000000
1217,0,3/1000000000000000000000000000000
1218,0,3/1000000000000000000000000000000
1219,0,3/1000000000000000000000000000000
1220,0,3/1000000000000000000000000000000
1221,0,3/1000000000000000000000000000000
1222,0,3/1000000000000000000000000000000
1223,0,3/1000000000000000000000000000000
1224,0,3/1000000000000000000000000000000
1225,0,3/1000000000000000000000000000000
1226,0,3/1000000000000000000000000000000
1227,0,3/1000000000000000000000000000000
1228,0,3/1000000000000000000000000000000
1229,0,3/1000000000000000000000000000000
1230,0,3/1000000000000000000000000000000
1231,0,3/1000000000000000000000000000000
1232,0,3/1000000000000000000000000000000
1233,0,3/1000000000000000000000000000000
1234,0,3/1000000000000000000000000000000
1235,0,3/1000000000000000000000000000000
1236,0,3/1000000000000000000000000000000
1237,0,3/1000000000000000000000000000000
1238,0,3/1000000000000000000000000000000
1239,0,3/1000000000000000000000000000000
1240,0,3/1000000000000000000000000000000
1241,0,3/1000000000000000000000000000000
1242,0,3/1000000000000000000000000000000
1243,0,3/1000000000000000000000000000000
1244,0,3/1000000000000000000000000000000
1245,0,3/1000000000000000000000000000000
1246,0,3/1000000000000000000000000000000
1247,0,3/1000000000000000000000000000000
1248,0,3/1000000000000000000000000000000
1249,0,3/1000000000000000000000000000000
1250,0,3/1000000000000000000000000000000
1251,0,3/1000000000000000000000000000000
1252,0,3/1000000000000000000000000000000
1253,0,3/1000000000000000000000000000000
1254,0,3/1000000000000000000000000000000
1255,0,3/1000000000000000000000000000000
1256,0,3/1000000000000000000000000000000
1257,0,3/1000000000000000000000000000000
1258,0,3/1000000000000000000000000000000
1259,0,3/1000000000000000000000000000000
1260,0,3/1000000000000000000000000000000
1261,0,3/1000000000000000000000000000000
1262,0,3/1000000000000000000000000000000
1263,0,3/1000000000000000000000000000000
1264,0,3/1000000000000000000000000000000
1265,0,3/1000000000000000000000000000000
1266,0,3/1000000000000000000000000000000
1267,0,3/1000000000000000000000000000000
1268,0,3/1000000000000000000000000000000
1269,0,3/1000000000000000000000000000000
1270,0,3/1000000000000000000000000000000
1271,0,3/1000000000000000000000000000000
1272,0,3/1000000000000000000000000000000
1273,0,3/1000000000000000000000000000000
1274,0,3/1000000000000000000000000000000
1275,0,3/1000000000000000000000000000000
1276,0,3/1000000000000000000000000000000
1277,0,3/1000000000000000000000000000000
1278,0,3/1000000000000000000000000000000
1279,0,3/1000000000000000000000000000000
1280,0,3/1000000000000000000000000000000
1281,0,3/1000000000000000000000000000000
1282,0,3/1000000000000000000000000000000
1283,0,3/1000000000000000000000000000000
1284,0,3/1000000000000000000000000000000
1285,0,3/1000000000000000000000000000000
1286,0,3/1000000000000000000000000000000
1287,0,3/1000000000000000000000000000000
1288,0,3/1000000000000000000000000000000
1289,0,3/1000000000000000000000000000000
1290,0,3/1000000000000000000000000000000
1291,0,3/1000000000000000000000000000000
1292,0,3/1000000000000000000000000000000
1293,0,3/1000000000000000000000000000000
1294,0,3/1000000000000000000000000000000
1295,0,3/1000000000000000000000000000000
1296,0,3/1000000000000000000000000000000
1297,0,3/1000000000000000000000000000000
1298,0,3/1000000000000000000000000000000
1299,0,3/1000000000000000000000000000000
1300,0,3/1000000000000000000000000000000
1301,0,3/1000000000000000000000000000000
1302,0,3/1000000000000000000000000000000
1303,0,3/1000000000000000000000000000000
1304,0,3/1000000000000000000000000000000
1305,0,3/1000000000000000000000000000000
1306,0,3/1000000000000000000000000000000
1307,0,3/1000000000000000000000000000000
1308,0,3/1000000000000000000000000000000
1309,0,3/1000000000000000000000000000000
1310,0,3/1000000000000000000000000000000
1311,0,3/1000000000000000000000000000000
1312,0,3/1000000000000000000000000000000
1313,0,3/1000000000000000000000000000000
1314,0,3/1000000000000000000000000000000
1315,0,3/1000000000000000000000000000000
1316,0,3/1000000000000000000000000000000
1317,0,3/1000000000000000000000000000000
1318,0,3/1000000000000000000000000000000
1319,0,3/1000000000000000000000000000000
1320,0,3/1000000000000000000000000000000
1321,0,3/1000000000000000000000000000000
1322,0,3/1000000000000000000000000000000
1323,0,3/1000000000000000000000000000000
1324,0,3/1000000000000000000000000000000
1325,0,3/1000000000000000000000000000000
1326,0,3/1000000000000000000000000000000
1327,0,3/1000000000000000000000000000000
1328,0,3/1000000000000000000000000000000
1329,0,3/1000000000000000000000000000000
1330,0,3/1000000000000000000000000000000
1331,0,3/1000000000000000000000000000000
1332,0,3/1000000000000000000000000000000
1333,0,3/1000000000000000000000000000000
1334,0,3/1000000000000000000000000000000
1335,0,3/1000000000000000000000000000000
1336,0,3/1000000000000000000000000000000
1337,0,3/1000000000000000000000000000000
1338,0,3/1000000000000000000000000000000
1339,0,3/1000000000000000000000000000000
1340,0,3/1000000000000000000000000000000
1341,0,3/1000000000000000000000000000000
1342,0,3/1000000000000000000000000000000
1343,0,3/1000000000000000000000000000000
1344,0,3/1000000000000000000000000000000
1345,0,3/1000000000000000000000000000000
1346,0,3/1000000000000000000000000000000
1347,0,3/1000000000000000000000000000000
1348,0,3/1000000000000000000000000000000
1349,0,3/1000000000000000000000000000000
1350,0,3/1000000000000000000000000000000
1351,0,3/1000000000000000000000000000000
1352,0,3/1000000000000000000000000000000
1353,0,3/1000000000000000000000000000000
1354,0,3/1000000000000000000000000000000
1355,0,3/1000000000000000000000000000000
1356,0,3/1000000000000000000000000000000
1357,0,3/1000000000000000000000000000000
1358,0,3/1000000000000000000000000000000
1359,0,3/1000000000000000000000000000000
1360,0,3/1000000000000000000000000000000
1361,0,3/1000000000000000000000000000000
1362,0,3/1000000000000000000000000000000
1363,0,3/1000000000000000000000000000000
1364,0,3/1000000000000000000000000000000
1365,0,3/1000000000000000000000000000000
1366,0,3/1000000000000000000000000000000
1367,0,3/1000000000000000000000000000000
1368,0,3/1000000000000000000000000000000
1369,0,3/1000000000000000000000000000000
1370,0,3/1000000000000000000000000000000
1371,0,3/1000000000000000000000000000000
1372,0,3/1000000000000000000000000000000
1373,0,3/1000000000000000000000000000000
1374,0,3/1000000000000000000000000000000
1375,0,3/1000000000000000000000000000000
1376,0,3/1000000000000000000000000000000
1377,0,3/1000000000000000000000000000000
1378,0,3/1000000000000000000000000000000
1379,0,3/1000000000000000000000000000000
1380,0,3/1000000000000000000000000000000
1381,0,3/1000000000000000000000000000000
1382,0,3/1000000000000000000000000000000
1383,0,3/1000000000000000000000000000000
1384,0,3/1000000000000000000000000000000
1385,0,3/1000000000000000000000000000000
1386,0,3/1000000000000000000000000000000
1387,0,3/1000000000000000000000000000000
1388,0,3/1000000000000000000000000000000
1389,0,3/1000000000000000000000000000000
1390,0,3/1000000000000000000000000000000
1391,0,3/1000000000000000000000000000000
1392,0,3/1000000000000000000000000000000
1393,0,3/1000000000000000000000000000000
1394,0,3/1000000000000000000000000000000
1395,0,3/1000000000000000000000000000000
1396,0,3/1000000000000000000000000000000
1397,0,3/1000000000000000000000000000000
1398,0,3/1000000000000000000000000000000
1399,0,3/1000000000000000000000000000000
1400,0,3/1000000000000000000000000000000
1401,0,3/1000000000000000000000000000000
1402,0,3/1000000000000000000000000000000
1403,0,3/1000000000000000000000000000000
1404,0,3/1000000000000000000000000000000
1405,0,3/1000000000000000000000000000000
1406,0,3/1000000000000000000000000000000
1407,0,3/1000000000000000000000000000000
1408,0,3/1000000000000000000000000000000
1409,0,3/1000000000000000000000000000000
1410,0,3/1000000000000000000000000000000
1411,0,3/1000000000000000000000000000000
1412,0,3/1000000000000000000000000000000
1413,0,3/1000000000000000000000000000000
1414,0,3/1000000000000000000000000000000
1415,0,3/1000000000000000000000000000000
1416,0,3/1000000000000000000000000000000
1417,0,3/1000000000000000000000000000000
1418,0,3/1000000000000000000000000000000
1419,0,3/1000000000000000000000000000000
1420,0,3/1000000000000000000000000000000
1421,0,3/1000000000000000000000000000000
1422,0,3/1000000000000000000000000000000
1423,0,3/1000000000000000000000000000000
1424,0,3/1000000000000000000000000000000
1425,0,3/1000000000000000000000000000000
1426,0,3/1000000000000000000000000000000
1427,0,3/1000000000000000000000000000000
1428,0,3/1000000000000000000000000000000
1429,0,3/1000000000000000000000000000000
1430,0,3/1000000000000000000000000000000
1431,0,3/1000000000000000000000000000000
1432,0,3/1000000000000000000000000000000
1433,0,3/1000000000000000000000000000000
1434,0,3/1000000000000000000000000000000
1435,0,3/1000000000000000000000000000000
1436,0,3/1000000000000000000000000000000
1437,0,3/1000000000000000000000000000000
1438,0,3/1000000000000000000000000000000
1439,0,3/1000000000000000000000000000000
1440,0,3/1000000000000000000000000000000
1441,0,3/1000000000000000000000000000000
1442,0,3/1000000000000000000000000000000
1443,0,3/1000000000000000000000000000000
1444,0,3/1000000000000000000000000000000
1445,0,3/1000000000000000000000000000000
1446,0,3/1000000000000000000000000000000
1447,0,3/1000000000000000000000000000000
1448,0,3/1000000000000000000000000000000
1449,0,3/1000000000000000000000000000000
1450,0,3/1000000000000000000000000000000
1451,0,3/1000000000000000000000000000000
1452,0,3/1000000000000000000000000000000
1453,0,3/1000000000000000000000000000000
1454,0,3/1000000000000000000000000000000
1455,0,3/1000000000000000000000000000000
1456,0,3/1000000000000000000000000000000
1457,0,3/1000000000000000000000000000000
1458,0,3/1000000000000000000000000000000
1459,0,3/1000000000000000000000000000000
1460,0,3/1000000000000000000000000000000
1461,0,3/1000000000000000000000000000000
1462,0,3/1000000000000000000000000000000
1463,0,3/1000000000000000000000000000000
1464,0,3/1000000000000000000000000000000
1465,0,3/1000000000000000000000000000000
1466,0,3/1000000000000000000000000000000
1467,0,3/1000000000000000000000000000000
1468,0,3/1000000000000000000000000000000
1469,0,3/1000000000000000000000000000000
1470,0,3/1000000000000000000000000000000
1471,0,3/1000000000000000000000000000000
1472,0,3/1000000000000000000000000000000
1473,0,3/1000000000000000000000000000000
1474,0,3/1000000000000000000000000000000
1475,0,3/1000000000000000000000000000000
1476,0,3/1000000000000000000000000000000
1477,0,3/1000000000000000000000000000000
1478,0,3/1000000000000000000000000000000
1479,0,3/1000000000000000000000000000000
1480,0,3/1000000000000000000000000000000
1481,0,3/1000000000000000000000000000000
1482,0,3/1000000000000000000000000000000
1483,0,3/1000000000000000000000000000000
1484,0,3/1000000000000000000000000000000
1485,0,3/1000000000000000000000000000000
1486,0,3/1000000000000000000000000000000
1487,0,3/1000000000000000000000000000000
1488,0,3/1000000000000000000000000000000
1489,0,3/1000000000000000000000000000000
1490,0,3/1000000000000000000000000000000
1491,0,3/1000000000000000000000000000000
1492,0,3/1000000000000000000000000000000
1493,0,3/1000000000000000000000000000000
1494,0,3/1000000000000000000000000000000
1495,0,3/1000000000000000000000000000000
1496,0,3/1000000000000000000000000000000
1497,0,3/1000000000000000000000000000000
1498,0,3/1000000000000000000000000000000
1499,0,3/1000000000000000000000000000000
1500,0,3/1000000000000000000000000000000
1501,0,3/1000000000000000000000000000000
1502,0,3/1000000000000000000000000000000
1503,0,3/1000000000000000000000000000000
1504,0,3/1000000000000000000000000000000
1505,0,3/1000000000000000000000000000000
1506,0,3/1000000000000000000000000000000
1507,0,3/1000000000000000000000000000000
1508,0,3/1000000000000000000000000000000
1509,0,3/1000000000000000000000000000000
1510,0,3/1000000000000000000000000000000
1511,0,3/1000000000000000000000000000000
1512,0,3/1000000000000000000000000000000
1513,0,3/1000000000000000000000000000000
1514,0,3/1000000000000000000000000000000
1515,0,3/1000000000000000000000000000000
1516,0,3/1000000000000000000000000000000
1517,0,3/1000000000000000000000000000000
1518,0,3/1000000000000000000000000000000
1519,0,3/1000000000000000000000000000000
1520,0,3/1000000000000000000000000000000
1521,0,3/1000000000000000000000000000000
1522,0,3/1000000000000000000000000000000
1523,0,3/1000000000000000000000000000000
1524,0,3/1000000000000000000000000000000
1525,0,3/1000000000000000000000000000000
1526,0,3/1000000000000000000000000000000
1527,0,3/1000000000000000000000000000000
1528,0,3/1000000000000000000000000000000
1529,0,3/1000000000000000000000000000000
1530,0,3/1000000000000000000000000000000
1531,0,3/1000000000000000000000000000000
1532,0,3/1000000000000000000000000000000
1533,0,3/1000000000000000000000000000000
1534,0,3/1000000000000000000000000000000
1535,0,3/1000000000000000000000000000000
1536,0,3/1000000000000000000000000000000
1537,0,3/1000000000000000000000000000000
1538,0,3/1000000000000000000000000000000
1539,0,3/1000000000000000000000000000000
1540,0,3/1000000000000000000000000000000
1541,0,3/1000000000000000000000000000000
1542,0,3/1000000000000000000000000000000
1543,0,3/1000000000000000000000000000000
1544,0,3/1000000000000000000000000000000
1545,0,3/1000000000000000000000000000000
1546,0,3/1000000000000000000000000000000
1547,0,3/1000000000000000000000000000000
1548,0,3/1000000000000000000000000000000
1549,0,3/1000000000000000000000000000000
1550,0,3/1000000000000000000000000000000
1551,0,3/1000000000000000000000000000000
1552,0,3/1000000000000000000000000000000
1553,0,3/1000000000000000000000000000000
1554,0,3/1000000000000000000000000000000
1555,0,3/1000000000000000000000000000000
1556,0,3/1000000000000000000000000000000
1557,0,3/1000000000000000000000000000000
1558,0,3/1000000000000000000000000000000
1559,0,3/1000000000000000000000000000000
1560,0,3/1000000000000000000000000000000
1561,0,3/1000000000000000000000000000000
1562,0,3/1000000000000000000000000000000
1563,0,3/1000000000000000000000000000000
1564,0,3/1000000000000000000000000000000
1565,0,3/1000000000000000000000000000000
1566,0,3/1000000000000000000000000000000
1567,0,3/1000000000000000000000000000000
1568,0,3/1000000000000000000000000000000
1569,0,3/1000000000000000000000000000000
1570,0,3/1000000000000000000000000000000
1571,0,3/1000000000000000000000000000000
1572,0,3/1000000000000000000000000000000
1573,0,3/1000000000000000000000000000000
1574,0,3/1000000000000000000000000000000
1575,0,3/1000000000000000000000000000000
1576,0,3/1000000000000000000000000000000
1577,0,3/1000000000000000000000000000000
1578,0,3/1000000000000000000000000000000
1579,0,3/1000000000000000000000000000000
1580,0,3/1000000000000000000000000000000
1581,0,3/1000000000000000000000000000000
1582,0,3/1000000000000000000000000000000
1583,0,3/1000000000000000000000000000000
1584,0,3/1000000000000000000000000000000
1585,0,3/1000000000000000000000000000000
1586,0,3/1000000000000000000000000000000
1587,0,3/1000000000000000000000000000000
1588,0,3/1000000000000000000000000000000
1589,0,3/1000000000000000000000000000000
1590,0,3/1000000000000000000000000000000
1591,0,3/1000000000000000000000000000000
1592,0,3/1000000000000000000000000000000
1593,0,3/1000000000000000000000000000000
1594,0,3/1000000000000000000000000000000
1595,0,3/1000000000000000000000000000000
1596,0,3/1000000000000000000000000000000
1597,0,3/1000000000000000000000000000000
1598,0,3/1000000000000000000000000000000
1599,0,3/1000000000000000000000000000000
1600,0,3/1000000000000000000000000000000
1601,0,3/1000000000000000000000000000000
1602,0,3/1000000000000000000000000000000
1603,0,3/1000000000000000000000000000000
1604,0,3/1000000000000000000000000000000
1605,0,3/1000000000000000000000000000000
1606,0,3/1000000000000000000000000000000
1607,0,3/1000000000000000000000000000000
1608,0,3/1000000000000000000000000000000
1609,0,3/1000000000000000000000000000000
1610,0,3/1000000000000000000000000000000
1611,0,3/1000000000000000000000000000000
1612,0,3/1000000000000000000000000000000
1613,0,3/1000000000000000000000000000000
1614,0,3/1000000000000000000000000000000
1615,0,3/1000000000000000000000000000000
1616,0,3/1000000000000000000000000000000
1617,0,3/1000000000000000000000000000000
1618,0,3/1000000000000000000000000000000
1619,0,3/1000000000000000000000000000000
1620,0,3/1000000000000000000000000000000
1621,0,3/1000000000000000000000000000000
1622,0,3/1000000000000000000000000000000
1623,0,3/1000000000000000000000000000000
1624,0,3/1000000000000000000000000000000
1625,0,3/1000000000000000000000000000000
1626,0,3/1000000000000000000000000000000
1627,0,3/1000000000000000000000000000000
1628,0,3/1000000000000000000000000000000
1629,0,3/1000000000000000000000000000000
1630,0,3/1000000000000000000000000000000
1631,0,3/1000000000000000000000000000000
1632,0,3/1000000000000000000000000000000
1633,0,3/1000000000000000000000000000000
1634,0,3/1000000000000000000000000000000
1635,0,3/1000000000000000000000000000000
1636,0,3/1000000000000000000000000000000
1637,0,3/1000000000000000000000000000000
1638,0,3/1000000000000000000000000000000
1639,0,3/1000000000000000000000000000000
1640,0,3/1000000000000000000000000000000
1641,0,3/1000000000000000000000000000000
1642,0,3/1000000000000000000000000000000
1643,0,3/1000000000000000000000000000000
1644,0,3/1000000000000000000000000000000
1645,0,3/1000000000000000000000000000000
1646,0,3/1000000000000000000000000000000
1647,0,3/1000000000000000000000000000000
1648,0,3/1000000000000000000000000000000
1649,0,3/1000000000000000000000000000000
1650,0,3/1000000000000000000000000000000
1651,0,3/1000000000000000000000000000000
1652,0,3/1000000000000000000000000000000
1653,0,3/1000000000000000000000000000000
1654,0,3/1000000000000000000000000000000
1655,0,3/1000000000000000000000000000000
1656,0,3/1000000000000000000000000000000
1657,0,3/1000000000000000000000000000000
1658,0,3/1000000000000000000000000000000
1659,0,3/1000000000000000000000000000000
1660,0,3/1000000000000000000000000000000
1661,0,3/1000000000000000000000000000000
1662,0,3/1000000000000000000000000000000
1663,0,3/1000000000000000000000000000000
1664,0,3/1000000000000000000000000000000
1665,0,3/1000000000000000000000000000000
1666,0,3/1000000000000000000000000000000
1667,0,3/1000000000000000000000000000000
1668,0,3/1000000000000000000000000000000
1669,0,3/1000000000000000000000000000000
1670,0,3/1000000000000000000000000000000
1671,0,3/1000000000000000000000000000000
1672,0,3/1000000000000000000000000000000
1673,0,3/1000000000000000000000000000000
1674,0,3/1000000000000000000000000000000
1675,0,3/1000000000000000000000000000000
1676,0,3/1000000000000000000000000000000
1677,0,3/1000000000000000000000000000000
1678,0,3/1000000000000000000000000000000
1679,0,3/1000000000000000000000000000000
1680,0,3/1000000000000000000000000000000
1681,0,3/1000000000000000000000000000000
1682,0,3/1000000000000000000000000000000
1683,0,3/1000000000000000000000000000000
1684,0,3/1000000000000000000000000000000
1685,0,3/1000000000000000000000000000000
1686,0,3/1000000000000000000000000000000
1687,0,3/1000000000000000000000000000000
1688,0,3/1000000000000000000000000000000
1689,0,3/1000000000000000000000000000000
1690,0,3/1000000000000000000000000000000
1691,0,3/1000000000000000000000000000000
1692,0,3/1000000000000000000000000000000
1693,0,3/1000000000000000000000000000000
1694,0,3/1000000000000000000000000000000
1695,0,3/1000000000000000000000000000000
1696,0,3/1000000000000000000000000000000
1697,0,3/1000000000000000000000000000000
1698,0,3/1000000000000000000000000000000
1699,0,3/1000000000000000000000000000000
1700,0,3/1000000000000000000000000000000
1701,0,3/1000000000000000000000000000000
1702,0,3/1000000000000000000000000000000
1703,0,3/1000000000000000000000000000000
1704,0,3/1000000000000000000000000000000
1705,0,3/1000000000000000000000000000000
1706,0,3/1000000000000000000000000000000
1707,0,3/1000000000000000000000000000000
1708,0,3/1000000000000000000000000000000
1709,0,3/1000000000000000000000000000000
1710,0,3/1000000000000000000000000000000
1711,0,3/1000000000000000000000000000000
1712,0,3/1000000000000000000000000000000
1713,0,3/1000000000000000000000000000000
1714,0,3/1000000000000000000000000000000
1715,0,3/1000000000000000000000000000000
1716,0,3/1000000000000000000000000000000
1717,0,3/1000000000000000000000000000000
1718,0,3/1000000000000000000000000000000
1719,0,3/1000000000000000000000000000000
1720,0,3/1000000000000000000000000000000
1721,0,3/1000000000000000000000000000000
1722,0,3/1000000000000000000000000000000
1723,0,3/1000000000000000000000000000000
1724,0,3/1000000000000000000000000000000
1725,0,3/1000000000000000000000000000000
1726,0,3/1000000000000000000000000000000
1727,0,3/1000000000000000000000000000000
1728,0,3/1000000000000000000000000000000
1729,0,3/1000000000000000000000000000000
1730,0,3/1000000000000000000000000000000
1731,0,3/1000000000000000000000000000000
1732,0,3/1000000000000000000000000000000
1733,0,3/1000000000000000000000000000000
1734,0,3/1000000000000000000000000000000
1735,0,3/1000000000000000000000000000000
1736,0,3/1000000000000000000000000000000
1737,0,3/1000000000000000000000000000000
1738,0,3/1000000000000000000000000000000
1739,0,3/1000000000000000000000000000000
1740,0,3/1000000000000000000000000000000
1741,0,3/1000000000000000000000000000000
1742,0,3/1000000000000000000000000000000
1743,0,3/1000000000000000000000000000000
1744,0,3/1000000000000000000000000000000
1745,0,3/1000000000000000000000000000000
1746,0,3/1000000000000000000000000000000
1747,0,3/1000000000000000000000000000000
1748,0,3/1000000000000000000000000000000
1749,0,3/1000000000000000000000000000000
1750,0,3/1000000000000000000000000000000
1751,0,3/1000000000000000000000000000000
1752,0,3/1000000000000000000000000000000
1753,0,3/1000000000000000000000000000000
1754,0,3/1000000000000000000000000000000
1755,0,3/1000000000000000000000000000000
1756,0,3/1000000000000000000000000000000
1757,0,3/1000000000000000000000000000000
1758,0,3/1000000000000000000000000000000
1759,0,3/1000000000000000000000000000000
1760,0,3/1000000000000000000000000000000
1761,0,3/1000000000000000000000000000000
1762,0,3/1000000000000000000000000000000
1763,0,3/1000000000000000000000000000000
1764,0,3/1000000000000000000000000000000
1765,0,3/1000000000000000000000000000000
1766,0,3/1000000000000000000000000000000
1767,0,3/1000000000000000000000000000000
1768,0,3/1000000000000000000000000000000
1769,0,3/1000000000000000000000000000000
1770,0,3/1000000000000000000000000000000
1771,0,3/1000000000000000000000000000000
1772,0,3/1000000000000000000000000000000
1773,0,3/1000000000000000000000000000000
1774,0,3/1000000000000000000000000000000
1775,0,3/1000000000000000000000000000000
1776,0,3/1000000000000000000000000000000
1777,0,3/1000000000000000000000000000000
1778,0,3/1000000000000000000000000000000
1779,0,3/1000000000000000000000000000000
1780,0,3/1000000000000000000000000000000
1781,0,3/1000000000000000000000000000000
1782,0,3/1000000000000000000000000000000
1783,0,3/1000000000000000000000000000000
1784,0,3/1000000000000000000000000000000
1785,0,3/1000000000000000000000000000000
1786,0,3/1000000000000000000000000000000
1787,0,3/1000000000000000000000000000000
1788,0,3/1000000000000000000000000000000
1789,0,3/1000000000000000000000000000000
1790,0,3/1000000000000000000000000000000
1791,0,3/1000000000000000000000000000000
1792,0,3/1000000000000000000000000000000
1793,0,3/1000000000000000000000000000000
1794,0,3/1000000000000000000000000000000
1795,0,3/1000000000000000000000000000000
1796,0,3/1000000000000000000000000000000
1797,0,3/1000000000000000000000000000000
1798,0,3/1000000000000000000000000000000
1799,0,3/1000000000000000000000000000000
1800,0,3/1000000000000000000000000000000
1801,0,3/1000000000000000000000000000000
1802,0,3/1000000000000000000000000000000
1803,0,3/1000000000000000000000000000000
1804,0,3/1000000000000000000000000000000
1805,0,3/1000000000000000000000000000000
1806,0,3/1000000000000000000000000000000
1807,0,3/1000000000000000000000000000000
1808,0,3/1000000000000000000000000000000
1809,0,3/1000000000000000000000000000000
1810,0,3/1000000000000000000000000000000
1811,0,3/1000000000000000000000000000000
1812,0,3/1000000000000000000000000000000
1813,0,3/1000000000000000000000000000000
1814,0,3/1000000000000000000000000000000
1815,0,3/1000000000000000000000000000000
1816,0,3/1000000000000000000000000000000
1817,0,3/1000000000000000000000000000000
1818,0,3/1000000000000000000000000000000
1819,0,3/1000000000000000000000000000000
1820,0,3/1000000000000000000000000000000
1821,0,3/1000000000000000000000000000000
1822,0,3/1000000000000000000000000000000
1823,0,3/1000000000000000000000000000000
1824,0,3/1000000000000000000000000000000
1825,0,3/1000000000000000000000000000000
1826,0,3/1000000000000000000000000000000
1827,0,3/1000000000000000000000000000000
1828,0,3/1000000000000000000000000000000
1829,0,3/1000000000000000000000000000000
1830,0,3/1000000000000000000000000000000
1831,0,3/1000000000000000000000000000000
1832,0,3/1000000000000000000000000000000
1833,0,3/1000000000000000000000000000000
1834,0,3/1000000000000000000000000000000
1835,0,3/1000000000000000000000000000000
1836,0,3/1000000000000000000000000000000
1837,0,3/1000000000000000000000000000000
1838,0,3/1000000000000000000000000000000
1839,0,3/1000000000000000000000000000000
1840,0,3/1000000000000000000000000000000
1841,0,3/1000000000000000000000000000000
1842,0,3/1000000000000000000000000000000
1843,0,3/1000000000000000000000000000000
1844,0,3/1000000000000000000000000000000
1845,0,3/1000000000000000000000000000000
1846,0,3/1000000000000000000000000000000
1847,0,3/1000000000000000000000000000000
1848,0,3/1000000000000000000000000000000
1849,0,3/1000000000000000000000000000000
1850,0,3/1000000000000000000000000000000
1851,0,3/1000000000000000000000000000000
1852,0,3/1000000000000000000000000000000
1853,0,3/1000000000000000000000000000000
1854,0,3/1000000000000000000000000000000
1855,0,3/1000000000000000000000000000000
1856,0,3/1000000000000000000000000000000
1857,0,3/1000000000000000000000000000000
1858,0,3/1000000000000000000000000000000
1859,0,3/1000000000000000000000000000000
1860,0,3/1000000000000000000000000000000
1861,0,3/1000000000000000000000000000000
1862,0,3/1000000000000000000000000000000
1863,0,3/1000000000000000000000000000000
1864,0,3/1000000000000000000000000000000
1865,0,3/1000000000000000000000000000000
1866,0,3/1000000000000000000000000000000
1867,0,3/1000000000000000000000000000000
1868,0,3/1000000000000000000000000000000
1869,0,3/1000000000000000000000000000000
1870,0,3/1000000000000000000000000000000
1871,0,3/1000000000000000000000000000000
1872,0,3/1000000000000000000000000000000
1873,0,3/1000000000000000000000000000000
1874,0,3/1000000000000000000000000000000
1875,0,3/1000000000000000000000000000000
1876,0,3/1000000000000000000000000000000
1877,0,3/1000000000000000000000000000000
1878,0,3/1000000000000000000000000000000
1879,0,3/1000000000000000000000000000000
1880,0,3/1000000000000000000000000000000
1881,0,3/1000000000000000000000000000000
1882,0,3/1000000000000000000000000000000
1883,0,3/1000000000000000000000000000000
1884,0,3/1000000000000000000000000000000
1885,0,3/1000000000000000000000000000000
1886,0,3/1000000000000000000000000000000
1887,0,3/1000000000000000000000000000000
1888,0,3/1000000000000000000000000000000
1889,0,3/1000000000000000000000000000000
1890,0,3/1000000000000000000000000000000
1891,0,3/1000000000000000000000000000000
1892,0,3/1000000000000000000000000000000
1893,0,3/1000000000000000000000000000000
1894,0,3/1000000000000000000000000000000
1895,0,3/1000000000000000000000000000000
1896,0,3/1000000000000000000000000000000
1897,0,3/1000000000000000000000000000000
1898,0,3/1000000000000000000000000000000
1899,0,3/1000000000000000000000000000000
1900,0,3/1000000000000000000000000000000
1901,0,3/1000000000000000000000000000000
1902,0,3/1000000000000000000000000000000
1903,0,3/1000000000000000000000000000000
1904,0,3/1000000000000000000000000000000
1905,0,3/1000000000000000000000000000000
1906,0,3/1000000000000000000000000000000
1907,0,3/1000000000000000000000000000000
1908,0,3/1000000000000000000000000000000
1909,0,3/1000000000000000000000000000000
1910,0,3/1000000000000000000000000000000
1911,0,3/1000000000000000000000000000000
1912,0,3/1000000000000000000000000000000
1913,0,3/1000000000000000000000000000000
1914,0,3/1000000000000000000000000000000
1915,0,3/1000000000000000000000000000000
1916,0,3/1000000000000000000000000000000
1917,0,3/1000000000000000000000000000000
1918,0,3/1000000000000000000000000000000
1919,0,3/1000000000000000000000000000000
1920,0,3/1000000000000000000000000000000
1921,0,3/1000000000000000000000000000000
1922,0,3/1000000000000000000000000000000
1923,0,3/1000000000000000000000000000000
1924,0,3/1000000000000000000000000000000
1925,0,3/1000000000000000000000000000000
1926,0,3/1000000000000000000000000000000
1927,0,3/1000000000000000000000000000000
1928,0,3/1000000000000000000000000000000
1929,0,3/1000000000000000000000000000000
1930,0,3/1000000000000000000000000000000
1931,0,3/1000000000000000000000000000000
1932,0,3/1000000000000000000000000000000
1933,0,3/1000000000000000000000000000000
1934,0,3/1000000000000000000000000000000
1935,0,3/1000000000000000000000000000000
1936,0,3/1000000000000000000000000000000
1937,0,3/1000000000000000000000000000000
1938,0,3/1000000000000000000000000000000
1939,0,3/1000000000000000000000000000000
1940,0,3/1000000000000000000000000000000
1941,0,3/1000000000000000000000000000000
1942,0,3/1000000000000000000000000000000
1943,0,3/1000000000000000000000000000000
1944,0,3/1000000000000000000000000000000
1945,0,3/1000000000000000000000000000000
1946,0,3/1000000000000000000000000000000
1947,0,3/1000000000000000000000000000000
1948,0,3/1000000000000000000000000000000
1949,0,3/1000000000000000000000000000000
1950,0,3/1000000000000000000000000000000
1951,0,3/1000000000000000000000000000000
1952,0,3/1000000000000000000000000000000
1953,0,3/1000000000000000000000000000000
1954,0,3/1000000000000000000000000000000
1955,0,3/1000000000000000000000000000000
1956,0,3/1000000000000000000000000000000
1957,0,3/1000000000000000000000000000000
1958,0,3/1000000000000000000000000000000
1959,0,3/1000000000000000000000000000000
1960,0,3/1000000000000000000000000000000
1961,0,3/1000000000000000000000000000000
1962,0,3/1000000000000000000000000000000
1963,0,3/1000000000000000000000000000000
1964,0,3/1000000000000000000000000000000
1965,0,3/1000000000000000000000000000000
1966,0,3/1000000000000000000000000000000
1967,0,3/1000000000000000000000000000000
1968,0,3/1000000000000000000000000000000
1969,0,3/1000000000000000000000000000000
1970,0,3/1000000000000000000000000000000
1971,0,3/1000000000000000000000000000000
1972,0,3/1000000000000000000000000000000
1973,0,3/1000000000000000000000000000000
1974,0,3/1000000000000000000000000000000
1975,0,3/1000000000000000000000000000000
1976,0,3/1000000000000000000000000000000
1977,0,3/1000000000000000000000000000000
1978,0,3/1000000000000000000000000000000
1979,0,3/1000000000000000000000000000000
1980,0,3/1000000000000000000000000000000
1981,0,3/1000000000000000000000000000000
1982,0,3/1000000000000000000000000000000
1983,0,3/1000000000000000000000000000000
1984,0,3/1000000000000000000000000000000
1985,0,3/1000000000000000000000000000000
1986,0,3/1000000000000000000000000000000
1987,0,3/1000000000000000000000000000000
1988,0,3/1000000000000000000000000000000
1989,0,3/1000000000000000000000000000000
1990,0,3/1000000000000000000000000000000
1991,0,3/1000000000000000000000000000000
1992,0,3/1000000000000000000000000000000
1993,0,3/1000000000000000000000000000000
1994,0,3/1000000000000000000000000000000
1995,0,3/1000000000000000000000000000000
1996,0,3/1000000000000000000000000000000
1997,0,3/1000000000000000000000000000000
1998,0,3/1000000000000000000000000000000
1999,0,3/1000000000000000000000000000000
2000,0,3/1000000000000000000000000000000
2001,0,3/1000000000000000000000000000000
2002,0,3/1000000000000000000000000000000
2003,0,3/1000000000000000000000000000000
2004,0,3/1000000000000000000000000000000
2005,0,3/1000000000000000000000000000000
2006,0,3/1000000000000000000000000000000
2007,0,3/1000000000000000000000000000000
2008,0,3/1000000000000000000000000000000
2009,0,3/1000000000000000000000000000000
2010,0,3/1000000000000000000000000000000
2011,0,3/1000000000000000000000000000000
2012,0,3/1000000000000000000000000000000
2013,0,3/1000000000000000000000000000000
2014,0,3/1000000000000000000000000000000
2015,0,3/1000000000000000000000000000000
2016,0,3/1000000000000000000000000000000
2017,0,3/1000000000000000000000000000000
2018,0,3/1000000000000000000000000000000
2019,0,3/1000000000000000000000000000000
2020,0,3/1000000000000000000000000000000
2021,0,3/1000000000000000000000000000000
2022,0,3/1000000000000000000000000000000
2023,0,3/1000000000000000000000000000000
2024,0,3/1000000000000000000000000000000
2025,0,3/1000000000000000000000000000000
2026,0,3/1000000000000000000000000000000
2027,0,3/1000000000000000000000000000000
2028,0,3/1000000000000000000000000000000
2029,0,3/1000000000000000000000000000000
2030,0,3/1000000000000000000000000000000
2031,0,3/1000000000000000000000000000000
2032,0,3/1000000000000000000000000000000
2033,0,3/1000000000000000000000000000000
2034,0,3/1000000000000000000000000000000
2035,0,3/1000000000000000000000000000000
2036,0,3/1000000000000000000000000000000
2037,0,3/1000000000000000000000000000000
2038,0,3/1000000000000000000000000000000
2039,0,3/1000000000000000000000000000000
2040,0,3/1000000000000000000000000000000
2041,0,3/1000000000000000000000000000000
2042,0,3/1000000000000000000000000000000
2043,0,3/1000000000000000000000000000000
2044,0,3/1000000000000000000000000000000
2045,0,3/1000000000000000000000000000000
2046,0,3/1000000000000000000000000000000
2047,0,3/1000000000000000000000000000000
2048,0,3/1000000000000000000000000000000
2049,0,3/1000000000000000000000000000000
2050,0,3/1000000000000000000000000000000
2051,0,3/1000000000000000000000000000000
2052,0,3/1000000000000000000000000000000
2053,0,3/1000000000000000000000000000000
2054,0,3/1000000000000000000000000000000
2055,0,3/1000000000000000000000000000000
2056,0,3/1000000000000000000000000000000
2057,0,3/1000000000000000000000000000000
2058,0,3/1000000000000000000000000000000
2059,0,3/1000000000000000000000000000000
2060,0,3/1000000000000000000000000000000
2061,0,3/1000000000000000000000000000000
2062,0,3/1000000000000000000000000000000
2063,0,3/1000000000000000000000000000000
2064,0,3/1000000000000000000000000000000
2065,0,3/1000000000000000000000000000000
2066,0,3/1000000000000000000000000000000
2067,0,3/1000000000000000000000000000000
2068,0,3/1000000000000000000000000000000
2069,0,3/1000000000000000000000000000000
2070,0,3/1000000000000000000000000000000
2071,0,3/1000000000000000000000000000000
2072,0,3/1000000000000000000000000000000
2073,0,3/1000000000000000000000000000000
2074,0,3/1000000000000000000000000000000
2075,0,3/1000000000000000000000000000000
2076,0,3/1000000000000000000000000000000
2077,0,3/1000000000000000000000000000000
2078,0,3/1000000000000000000000000000000
2079,0,3/1000000000000000000000000000000
2080,0,3/1000000000000000000000000000000
2081,0,3/1000000000000000000000000000000
2082,0,3/1000000000000000000000000000000
2083,0,3/1000000000000000000000000000000
2084,0,3/1000000000000000000000000000000
2085,0,3/1000000000000000000000000000000
2086,0,3/1000000000000000000000000000000
2087,0,3/1000000000000000000000000000000
2088,0,3/1000000000000000000000000000000
2089,0,3/1000000000000000000000000000000
2090,0,3/1000000000000000000000000000000
2091,0,3/1000000000000000000000000000000
2092,0,3/1000000000000000000000000000000
2093,0,3/1000000000000000000000000000000
2094,0,3/1000000000000000000000000000000
2095,0,3/1000000000000000000000000000000
2096,0,3/1000000000000000000000000000000
2097,0,3/1000000000000000000000000000000
2098,0,3/1000000000000000000000000000000
2099,0,3/1000000000000000000000000000000
2100,0,3/1000000000000000000000000000000
2101,0,3/1000000000000000000000000000000
2102,0,3/1000000000000000000000000000000
2103,0,3/1000000000000000000000000000000
2104,0,3/1000000000000000000000000000000
2105,0,3/1000000000000000000000000000000
2106,0,3/1000000000000000000000000000000
2107,0,3/1000000000000000000000000000000
2108,0,3/1000000000000000000000000000000
2109,0,3/1000000000000000000000000000000
2110,0,3/1000000000000000000000000000000
2111,0,3/1000000000000000000000000000000
2112,0,3/1000000000000000000000000000000
2113,0,3/1000000000000000000000000000000
2114,0,3/1000000000000000000000000000000
2115,0,3/1000000000000000000000000000000
2116,0,3/1000000000000000000000000000000
2117,0,3/1000000000000000000000000000000
2118,0,3/1000000000000000000000000000000
2119,0,3/1000000000000000000000000000000
2120,0,3/1000000000000000000000000000000
2121,0,3/1000000000000000000000000000000
2122,0,3/1000000000000000000000000000000
2123,0,3/1000000000000000000000000000000
2124,0,3/1000000000000000000000000000000
2125,0,3/1000000000000000000000000000000
2126,0,3/1000000000000000000000000000000
2127,0,3/1000000000000000000000000000000
2128,0,3/1000000000000000000000000000000
2129,0,3/1000000000000000000000000000000
2130,0,3/1000000000000000000000000000000
2131,0,3/1000000000000000000000000000000
2132,0,3/1000000000000000000000000000000
2133,0,3/1000000000000000000000000000000
2134,0,3/1000000000000000000000000000000
2135,0,3/1000000000000000000000000000000
2136,0,3/1000000000000000000000000000000
2137,0,3/1000000000000000000000000000000
2138,0,3/1000000000000000000000000000000
2139,0,3/1000000000000000000000000000000
2140,0,3/1000000000000000000000000000000
2141,0,3/1000000000000000000000000000000
2142,0,3/1000000000000000000000000000000
2143,0,3/1000000000000000000000000000000
2144,0,3/1000000000000000000000000000000
2145,0,3/1000000000000000000000000000000
2146,0,3/1000000000000000000000000000000
2147,0,3/1000000000000000000000000000000
2148,0,3/1000000000000000000000000000000
2149,0,3/1000000000000000000000000000000
2150,0,3/1000000000000000000000000000000
2151,0,3/1000000000000000000000000000000
2152,0,3/1000000000000000000000000000000
2153,0,3/1000000000000000000000000000000
2154,0,3/1000000000000000000000000000000
2155,0,3/1000000000000000000000000000000
2156,0,3/1000000000000000000000000000000
2157,0,3/1000000000000000000000000000000
2158,0,3/1000000000000000000000000000000
2159,0,3/1000000000000000000000000000000
2160,0,3/1000000000000000000000000000000
2161,0,3/1000000000000000000000000000000
2162,0,3/1000000000000000000000000000000
2163,0,3/1000000000000000000000000000000
2164,0,3/1000000000000000000000000000000
2165,0,3/1000000000000000000000000000000
2166,0,3/1000000000000000000000000000000
2167,0,3/1000000000000000000000000000000
2168,0,3/1000000000000000000000000000000
2169,0,3/1000000000000000000000000000000
2170,0,3/1000000000000000000000000000000
2171,0,3/1000000000000000000000000000000
2172,0,3/1000000000000000000000000000000
2173,0,3/1000000000000000000000000000000
2174,0,3/1000000000000000000000000000000
2175,0,3/1000000000000000000000000000000
2176,0,3/1000000000000000000000000000000
2177,0,3/1000000000000000000000000000000
2178,0,3/1000000000000000000000000000000
2179,0,3/1000000000000000000000000000000
2180,0,3/1000000000000000000000000000000
2181,0,3/1000000000000000000000000000000
2182,0,3/1000000000000000000000000000000
2183,0,3/1000000000000000000000000000000
2184,0,3/1000000000000000000000000000000
2185,0,3/1000000000000000000000000000000
2186,0,3/1000000000000000000000000000000
2187,0,3/1000000000000000000000000000000
2188,0,3/1000000000000000000000000000000
2189,0,3/1000000000000000000000000000000
2190,0,3/1000000000000000000000000000000
2191,0,3/1000000000000000000000000000000
2192,0,3/1000000000000000000000000000000
2193,0,3/1000000000000000000000000000000
2194,0,3/1000000000000000000000000000000
2195,0,3/1000000000000000000000000000000
2196,0,3/1000000000000000000000000000000
2197,0,3/1000000000000000000000000000000
2198,0,3/1000000000000000000000000000000
2199,0,3/1000000000000000000000000000000
2200,0,3/1000000000000000000000000000000
2201,0,3/1000000000000000000000000000000
2202,0,3/1000000000000000000000000000000
2203,0,3/1000000000000000000000000000000
2204,0,3/1000000000000000000000000000000
2205,0,3/1000000000000000000000000000000
2206,0,3/1000000000000000000000000000000
2207,0,3/1000000000000000000000000000000
2208,0,3/1000000000000000000000000000000
2209,0,3/1000000000000000000000000000000
2210,0,3/1000000000000000000000000000000
2211,0,3/1000000000000000000000000000000
2212,0,3/1000000000000000000000000000000
2213,0,3/1000000000000000000000000000000
2214,0,3/1000000000000000000000000000000
2215,0,3/1000000000000000000000000000000
2216,0,3/1000000000000000000000000000000
2217,0,3/1000000000000000000000000000000
2218,0,3/1000000000000000000000000000000
2219,0,3/1000000000000000000000000000000
2220,0,3/1000000000000000000000000000000
2221,0,3/1000000000000000000000000000000
2222,0,3/1000000000000000000000000000000
2223,0,3/1000000000000000000000000000000
2224,0,3/1000000000000000000000000000000
2225,0,3/1000000000000000000000000000000
2226,0,3/1000000000000000000000000000000
2227,0,3/1000000000000000000000000000000
2228,0,3/1000000000000000000000000000000
2229,0,3/1000000000000000000000000000000
2230,0,3/1000000000000000000000000000000
2231,0,3/1000000000000000000000000000000
2232,0,3/1000000000000000000000000000000
2233,0,3/1000000000000000000000000000000
2234,0,3/1000000000000000000000000000000
2235,0,3/1000000000000000000000000000000
2236,0,3/1000000000000000000000000000000
2237,0,3/1000000000000000000000000000000
2238,0,3/1000000000000000000000000000000
2239,0,3/1000000000000000000000000000000
2240,0,3/1000000000000000000000000000000
2241,0,3/1000000000000000000000000000000
2242,0,3/1000000000000000000000000000000
2243,0,3/1000000000000000000000000000000
2244,0,3/1000000000000000000000000000000
2245,0,3/1000000000000000000000000000000
2246,0,3/1000000000000000000000000000000
2247,0,3/1000000000000000000000000000000
2248,0,3/1000000000000000000000000000000
2249,0,3/1000000000000000000000000000000
2250,0,3/1000000000000000000000000000000
2251,0,3/1000000000000000000000000000000
2252,0,3/1000000000000000000000000000000
2253,0,3/1000000000000000000000000000000
2254,0,3/1000000000000000000000000000000
2255,0,3/1000000000000000000000000000000
2256,0,3/1000000000000000000000000000000
2257,0,3/1000000000000000000000000000000
2258,0,3/1000000000000000000000000000000
2259,0,3/1000000000000000000000000000000
2260,0,3/1000000000000000000000000000000
2261,0,3/1000000000000000000000000000000
2262,0,3/1000000000000000000000000000000
2263,0,3/1000000000000000000000000000000
2264,0,3/1000000000000000000000000000000
2265,0,3/1000000000000000000000000000000
2266,0,3/1000000000000000000000000000000
2267,0,3/1000000000000000000000000000000
2268,0,3/1000000000000000000000000000000
2269,0,3/1000000000000000000000000000000
2270,0,3/1000000000000000000000000000000
2271,0,3/1000000000000000000000000000000
2272,0,3/1000000000000000000000000000000
2273,0,3/1000000000000000000000000000000
2274,0,3/1000000000000000000000000000000
2275,0,3/1000000000000000000000000000000
2276,0,3/1000000000000000000000000000000
2277,0,3/1000000000000000000000000000000
2278,0,3/1000000000000000000000000000000
2279,0,3/1000000000000000000000000000000
2280,0,3/1000000000000000000000000000000
2281,0,3/1000000000000000000000000000000
2282,0,3/1000000000000000000000000000000
2283,0,3/1000000000000000000000000000000
2284,0,3/1000000000000000000000000000000
2285,0,3/1000000000000000000000000000000
2286,0,3/1000000000000000000000000000000
2287,0,3/1000000000000000000000000000000
2288,0,3/1000000000000000000000000000000
2289,0,3/1000000000000000000000000000000
2290,0,3/1000000000000000000000000000000
2291,0,3/1000000000000000000000000000000
2292,0,3/1000000000000000000000000000000
2293,0,3/1000000000000000000000000000000
2294,0,3/1000000000000000000000000000000
2295,0,3/1000000000000000000000000000000
2296,0,3/1000000000000000000000000000000
2297,0,3/1000000000000000000000000000000
2298,0,3/1000000000000000000000000000000
2299,0,3/1000000000000000000000000000000
2300,0,3/1000000000000000000000000000000
2301,0,3/1000000000000000000000000000000
2302,0,3/1000000000000000000000000000000
2303,0,3/1000000000000000000000000000000
2304,0,3/1000000000000000000000000000000
2305,0,3/1000000000000000000000000000000
2306,0,3/1000000000000000000000000000000
2307,0,3/1000000000000000000000000000000
2308,0,3/1000000000000000000000000000000
2309,0,3/1000000000000000000000000000000
2310,0,3/1000000000000000000000000000000
2311,0,3/1000000000000000000000000000000
2312,0,3/1000000000000000000000000000000
2313,0,3/1000000000000000000000000000000
2314,0,3/1000000000000000000000000000000
2315,0,3/1000000000000000000000000000000
2316,0,3/1000000000000000000000000000000
2317,0,3/1000000000000000000000000000000
2318,0,3/1000000000000000000000000000000
2319,0,3/1000000000000000000000000000000
2320,0,3/1000000000000000000000000000000
2321,0,3/1000000000000000000000000000000
2322,0,3/1000000000000000000000000000000
2323,0,3/1000000000000000000000000000000
2324,0,3/1000000000000000000000000000000
2325,0,3/1000000000000000000000000000000
2326,0,3/1000000000000000000000000000000
2327,0,3/1000000000000000000000000000000
2328,0,3/1000000000000000000000000000000
2329,0,3/1000000000000000000000000000000
2330,0,3/1000000000000000000000000000000
2331,0,3/1000000000000000000000000000000
2332,0,3/1000000000000000000000000000000
2333,0,3/1000000000000000000000000000000
2334,0,3/1000000000000000000000000000000
2335,0,3/1000000000000000000000000000000
2336,0,3/1000000000000000000000000000000
2337,0,3/1000000000000000000000000000000
2338,0,3/1000000000000000000000000000000
2339,0,3/1000000000000000000000000000000
2340,0,3/1000000000000000000000000000000
2341,0,3/1000000000000000000000000000000
2342,0,3/1000000000000000000000000000000
2343,0,3/1000000000000000000000000000000
2344,0,3/1000000000000000000000000000000
2345,0,3/1000000000000000000000000000000
2346,0,3/1000000000000000000000000000000
2347,0,3/1000000000000000000000000000000
2348,0,3/1000000000000000000000000000000
2349,0,3/1000000000000000000000000000000
2350,0,3/1000000000000000000000000000000
2351,0,3/1000000000000000000000000000000
2352,0,3/1000000000000000000000000000000
2353,0,3/1000000000000000000000000000000
2354,0,3/1000000000000000000000000000000
2355,0,3/1000000000000000000000000000000
2356,0,3/1000000000000000000000000000000
2357,0,3/1000000000000000000000000000000
2358,0,3/1000000000000000000000000000000
2359,0,3/1000000000000000000000000000000
2360,0,3/1000000000000000000000000000000
2361,0,3/1000000000000000000000000000000
2362,0,3/1000000000000000000000000000000
2363,0,3/1000000000000000000000000000000
2364,0,3/1000000000000000000000000000000
2365,0,3/1000000000000000000000000000000
2366,0,3/1000000000000000000000000000000
2367,0,3/1000000000000000000000000000000
2368,0,3/1000000000000000000000000000000
2369,0,3/1000000000000000000000000000000
2370,0,3/1000000000000000000000000000000
2371,0,3/1000000000000000000000000000000
2372,0,3/1000000000000000000000000000000
2373,0,3/1000000000000000000000000000000
2374,0,3/1000000000000000000000000000000
2375,0,3/1000000000000000000000000000000
2376,0,3/1000000000000000000000000000000
2377,0,3/1000000000000000000000000000000
2378,0,3/1000000000000000000000000000000
2379,0,3/1000000000000000000000000000000
2380,0,3/1000000000000000000000000000000
2381,0,3/1000000000000000000000000000000
2382,0,3/1000000000000000000000000000000
2383,0,3/1000000000000000000000000000000
2384,0,3/1000000000000000000000000000000
2385,0,3/1000000000000000000000000000000
2386,0,3/1000000000000000000000000000000
2387,0,3/1000000000000000000000000000000
2388,0,3/1000000000000000000000000000000
2389,0,3/1000000000000000000000000000000
2390,0,3/1000000000000000000000000000000
2391,0,3/1000000000000000000000000000000
2392,0,3/1000000000000000000000000000000
2393,0,3/1000000000000000000000000000000
2394,0,3/1000000000000000000000000000000
2395,0,3/1000000000000000000000000000000
2396,0,3/1000000000000000000000000000000
2397,0,3/1000000000000000000000000000000
2398,0,3/1000000000000000000000000000000
2399,0,3/1000000000000000000000000000000
2400,0,3/1000000000000000000000000000000
2401,0,3/1000000000000000000000000000000
2402,0,3/1000000000000000000000000000000
2403,0,3/1000000000000000000000000000000
2404,0,3/1000000000000000000000000000000
2405,0,3/1000000000000000000000000000000
2406,0,3/1000000000000000000000000000000
2407,0,3/1000000000000000000000000000000
2408,0,3/1000000000000000000000000000000
2409,0,3/1000000000000000000000000000000
2410,0,3/1000000000000000000000000000000
2411,0,3/1000000000000000000000000000000
2412,0,3/1000000000000000000000000000000
2413,0,3/1000000000000000000000000000000
2414,0,3/1000000000000000000000000000000
2415,0,3/1000000000000000000000000000000
2416,0,3/1000000000000000000000000000000
2417,0,3/1000000000000000000000000000000
2418,0,3/1000000000000000000000000000000
2419,0,3/1000000000000000000000000000000
2420,0,3/1000000000000000000000000000000
2421,0,3/1000000000000000000000000000000
2422,0,3/1000000000000000000000000000000
2423,0,3/1000000000000000000000000000000
2424,0,3/1000000000000000000000000000000
2425,0,3/1000000000000000000000000000000
2426,0,3/1000000000000000000000000000000
2427,0,3/1000000000000000000000000000000
2428,0,3/1000000000000000000000000000000
2429,0,3/1000000000000000000000000000000
2430,0,3/1000000000000000000000000000000
2431,0,3/1000000000000000000000000000000
2432,0,3/1000000000000000000000000000000
2433,0,3/1000000000000000000000000000000
2434,0,3/1000000000000000000000000000000
2435,0,3/1000000000000000000000000000000
2436,0,3/1000000000000000000000000000000
2437,0,3/1000000000000000000000000000000
2438,0,3/1000000000000000000000000000000
2439,0,3/1000000000000000000000000000000
2440,0,3/1000000000000000000000000000000
2441,0,3/1000000000000000000000000000000
2442,0,3/1000000000000000000000000000000
2443,0,3/1000000000000000000000000000000
2444,0,3/1000000000000000000000000000000
2445,0,3/1000000000000000000000000000000
2446,0,3/1000000000000000000000000000000
2447,0,3/1000000000000000000000000000000
2448,0,3/1000000000000000000000000000000
2449,0,3/1000000000000000000000000000000
2450,0,3/1000000000000000000000000000000
2451,0,3/1000000000000000000000000000000
2452,0,3/1000000000000000000000000000000
2453,0,3/1000000000000000000000000000000
2454,0,3/1000000000000000000000000000000
2455,0,3/1000000000000000000000000000000
2456,0,3/1000000000000000000000000000000
2457,0,3/1000000000000000000000000000000
2458,0,3/1000000000000000000000000000000
2459,0,3/1000000000000000000000000000000
2460,0,3/1000000000000000000000000000000
2461,0,3/1000000000000000000000000000000
2462,0,3/1000000000000000000000000000000
2463,0,3/1000000000000000000000000000000
2464,0,3/1000000000000000000000000000000
2465,0,3/1000000000000000000000000000000
2466,0,3/1000000000000000000000000000000
2467,0,3/1000000000000000000000000000000
2468,0,3/1000000000000000000000000000000
2469,0,3/1000000000000000000000000000000
2470,0,3/1000000000000000000000000000000
2471,0,3/1000000000000000000000000000000
2472,0,3/1000000000000000000000000000000
2473,0,3/1000000000000000000000000000000
2474,0,3/1000000000000000000000000000000
2475,0,3/1000000000000000000000000000000
2476,0,3/1000000000000000000000000000000
2477,0,3/1000000000000000000000000000000
2478,0,3/1000000000000000000000000000000
2479,0,3/1000000000000000000000000000000
2480,0,3/1000000000000000000000000000000
2481,0,3/1000000000000000000000000000000
2482,0,3/1000000000000000000000000000000
2483,0,3/1000000000000000000000000000000
2484,0,3/1000000000000000000000000000000
2485,0,3/1000000000000000000000000000000
2486,0,3/1000000000000000000000000000000
2487,0,3/1000000000000000000000000000000
2488,0,3/1000000000000000000000000000000
2489,0,3/1000000000000000000000000000000
2490,0,3/1000000000000000000000000000000
2491,0,3/1000000000000000000000000000000
2492,0,3/1000000000000000000000000000000
2493,0,3/1000000000000000000000000000000
2494,0,3/1000000000000000000000000000000
2495,0,3/1000000000000000000000000000000
2496,0,3/1000000000000000000000000000000
2497,0,3/1000000000000000000000000000000
2498,0,3/1000000000000000000000000000000
2499,0,3/1000000000000000000000000000000
2500,0,3/1000000000000000000000000000000
2501,0,3/1000000000000000000000000000000
2502,0,3/1000000000000000000000000000000
2503,0,3/1000000000000000000000000000000
2504,0,3/1000000000000000000000000000000
2505,0,3/1000000000000000000000000000000
2506,0,3/1000000000000000000000000000000
2507,0,3/1000000000000000000000000000000
2508,0,3/1000000000000000000000000000000
2509,0,3/1000000000000000000000000000000
2510,0,3/1000000000000000000000000000000
2511,0,3/1000000000000000000000000000000
2512,0,3/1000000000000000000000000000000
2513,0,3/1000000000000000000000000000000
2514,0,3/1000000000000000000000000000000
2515,0,3/1000000000000000000000000000000
2516,0,3/1000000000000000000000000000000
2517,0,3/1000000000000000000000000000000
2518,0,3/1000000000000000000000000000000
2519,0,3/1000000000000000000000000000000
2520,0,3/1000000000000000000000000000000
2521,0,3/1000000000000000000000000000000
2522,0,3/1000000000000000000000000000000
2523,0,3/1000000000000000000000000000000
2524,0,3/1000000000000000000000000000000
2525,0,3/1000000000000000000000000000000
2526,0,3/1000000000000000000000000000000
2527,0,3/1000000000000000000000000000000
2528,0,3/1000000000000000000000000000000
2529,0,3/1000000000000000000000000000000
2530,0,3/1000000000000000000000000000000
2531,0,3/1000000000000000000000000000000
2532,0,3/1000000000000000000000000000000
2533,0,3/1000000000000000000000000000000
2534,0,3/1000000000000000000000000000000
2535,0,3/1000000000000000000000000000000
2536,0,3/1000000000000000000000000000000
2537,0,3/1000000000000000000000000000000
2538,0,3/1000000000000000000000000000000
2539,0,3/1000000000000000000000000000000
2540,0,3/1000000000000000000000000000000
2541,0,3/1000000000000000000000000000000
2542,0,3/1000000000000000000000000000000
2543,0,3/1000000000000000000000000000000
2544,0,3/1000000000000000000000000000000
2545,0,3/1000000000000000000000000000000
2546,0,3/1000000000000000000000000000000
2547,0,3/1000000000000000000000000000000
2548,0,3/1000000000000000000000000000000
2549,0,3/1000000000000000000000000000000
2550,0,3/1000000000000000000000000000000
2551,0,3/1000000000000000000000000000000
2552,0,3/1000000000000000000000000000000
2553,0,3/1000000000000000000000000000000
2554,0,3/1000000000000000000000000000000
2555,0,3/1000000000000000000000000000000
2556,0,3/1000000000000000000000000000000
2557,0,3/1000000000000000000000000000000
2558,0,3/1000000000000000000000000000000
2559,0,3/1000000000000000000000000000000
2560,0,3/1000000000000000000000000000000
2561,0,3/1000000000000000000000000000000
2562,0,3/1000000000000000000000000000000
2563,0,3/1000000000000000000000000000000
2564,0,3/1000000000000000000000000000000
2565,0,3/1000000000000000000000000000000
2566,0,3/1000000000000000000000000000000
2567,0,3/1000000000000000000000000000000
2568,0,3/1000000000000000000000000000000
2569,0,3/1000000000000000000000000000000
2570,0,3/1000000000000000000000000000000
2571,0,3/1000000000000000000000000000000
2572,0,3/1000000000000000000000000000000
2573,0,3/1000000000000000000000000000000
2574,0,3/1000000000000000000000000000000
2575,0,3/1000000000000000000000000000000
2576,0,3/1000000000000000000000000000000
2577,0,3/1000000000000000000000000000000
2578,0,3/1000000000000000000000000000000
2579,0,3/1000000000000000000000000000000
2580,0,3/1000000000000000000000000000000
2581,0,3/1000000000000000000000000000000
2582,0,3/1000000000000000000000000000000
2583,0,3/1000000000000000000000000000000
2584,0,3/1000000000000000000000000000000
2585,0,3/1000000000000000000000000000000
2586,0,3/1000000000000000000000000000000
2587,0,3/1000000000000000000000000000000
2588,0,3/1000000000000000000000000000000
2589,0,3/1000000000000000000000000000000
2590,0,3/1000000000000000000000000000000
2591,0,3/1000000000000000000000000000000
2592,0,3/1000000000000000000000000000000
2593,0,3/1000000000000000000000000000000
2594,0,3/1000000000000000000000000000000
2595,0,3/1000000000000000000000000000000
2596,0,3/1000000000000000000000000000000
2597,0,3/1000000000000000000000000000000
2598,0,3/1000000000000000000000000000000
2599,0,3/1000000000000000000000000000000
2600,0,3/1000000000000000000000000000000
2601,0,3/1000000000000000000000000000000
2602,0,3/1000000000000000000000000000000
2603,0,3/1000000000000000000000000000000
2604,0,3/1000000000000000000000000000000
2605,0,3/1000000000000000000000000000000
2606,0,3/1000000000000000000000000000000
2607,0,3/1000000000000000000000000000000
2608,0,3/1000000000000000000000000000000
2609,0,3/1000000000000000000000000000000
2610,0,3/1000000000000000000000000000000
2611,0,3/1000000000000000000000000000000
2612,0,3/1000000000000000000000000000000
2613,0,3/1000000000000000000000000000000
2614,0,3/1000000000000000000000000000000
2615,0,3/1000000000000000000000000000000
2616,0,3/1000000000000000000000000000000
2617,0,3/1000000000000000000000000000000
2618,0,3/1000000000000000000000000000000
2619,0,3/1000000000000000000000000000000
2620,0,3/1000000000000000000000000000000
2621,0,3/1000000000000000000000000000000
2622,0,3/1000000000000000000000000000000
2623,0,3/1000000000000000000000000000000
2624,0,3/1000000000000000000000000000000
2625,0,3/1000000000000000000000000000000
2626,0,3/1000000000000000000000000000000
2627,0,3/1000000000000000000000000000000
2628,0,3/1000000000000000000000000000000
2629,0,3/1000000000000000000000000000000
2630,0,3/1000000000000000000000000000000
2631,0,3/1000000000000000000000000000000
2632,0,3/1000000000000000000000000000000
2633,0,3/1000000000000000000000000000000
2634,0,3/1000000000000000000000000000000
2635,0,3/1000000000000000000000000000000
2636,0,3/1000000000000000000000000000000
2637,0,3/1000000000000000000000000000000
2638,0,3/1000000000000000000000000000000
2639,0,3/1000000000000000000000000000000
2640,0,3/1000000000000000000000000000000
2641,0,3/1000000000000000000000000000000
2642,0,3/1000000000000000000000000000000
2643,0,3/1000000000000000000000000000000
2644,0,3/1000000000000000000000000000000
2645,0,3/1000000000000000000000000000000
2646,0,3/1000000000000000000000000000000
2647,0,3/1000000000000000000000000000000
2648,0,3/1000000000000000000000000000000
2649,0,3/1000000000000000000000000000000
2650,0,3/1000000000000000000000000000000
2651,0,3/1000000000000000000000000000000
2652,0,3/1000000000000000000000000000000
2653,0,3/1000000000000000000000000000000
2654,0,3/1000000000000000000000000000000
2655,0,3/1000000000000000000000000000000
2656,0,3/1000000000000000000000000000000
2657,0,3/1000000000000000000000000000000
2658,0,3/1000000000000000000000000000000
2659,0,3/1000000000000000000000000000000
2660,0,3/1000000000000000000000000000000
2661,0,3/1000000000000000000000000000000
2662,0,3/1000000000000000000000000000000
2663,0,3/1000000000000000000000000000000
2664,0,3/1000000000000000000000000000000
2665,0,3/1000000000000000000000000000000
2666,0,3/1000000000000000000000000000000
2667,0,3/1000000000000000000000000000000
2668,0,3/1000000000000000000000000000000
2669,0,3/1000000000000000000000000000000
2670,0,3/1000000000000000000000000000000
2671,0,3/1000000000000000000000000000000
2672,0,3/1000000000000000000000000000000
2673,0,3/1000000000000000000000000000000
2674,0,3/1000000000000000000000000000000
2675,0,3/1000000000000000000000000000000
2676,0,3/1000000000000000000000000000000
2677,0,3/1000000000000000000000000000000
2678,0,3/1000000000000000000000000000000
2679,0,3/1000000000000000000000000000000
2680,0,3/1000000000000000000000000000000
2681,0,3/1000000000000000000000000000000
2682,0,3/1000000000000000000000000000000
2683,0,3/1000000000000000000000000000000
2684,0,3/1000000000000000000000000000000
2685,0,3/1000000000000000000000000000000
2686,0,3/1000000000000000000000000000000
2687,0,3/1000000000000000000000000000000
2688,0,3/1000000000000000000000000000000
2689,0,3/1000000000000000000000000000000
2690,0,3/1000000000000000000000000000000
2691,0,3/1000000000000000000000000000000
2692,0,3/1000000000000000000000000000000
2693,0,3/1000000000000000000000000000000
2694,0,3/1000000000000000000000000000000
2695,0,3/1000000000000000000000000000000
2696,0,3/1000000000000000000000000000000
2697,0,3/1000000000000000000000000000000
2698,0,3/1000000000000000000000000000000
2699,0,3/1000000000000000000000000000000
2700,0,3/1000000000000000000000000000000
2701,0,3/1000000000000000000000000000000
2702,0,3/1000000000000000000000000000000
2703,0,3/1000000000000000000000000000000
2704,0,3/1000000000000000000000000000000
2705,0,3/1000000000000000000000000000000
2706,0,3/1000000000000000000000000000000
2707,0,3/1000000000000000000000000000000
2708,0,3/1000000000000000000000000000000
2709,0,3/1000000000000000000000000000000
2710,0,3/1000000000000000000000000000000
2711,0,3/1000000000000000000000000000000
2712,0,3/1000000000000000000000000000000
2713,0,3/1000000000000000000000000000000
2714,0,3/1000000000000000000000000000000
2715,0,3/1000000000000000000000000000000
2716,0,3/1000000000000000000000000000000
2717,0,3/1000000000000000000000000000000
2718,0,3/1000000000000000000000000000000
2719,0,3/1000000000000000000000000000000
2720,0,3/1000000000000000000000000000000
2721,0,3/1000000000000000000000000000000
2722,0,3/1000000000000000000000000000000
2723,0,3/1000000000000000000000000000000
2724,0,3/1000000000000000000000000000000
2725,0,3/1000000000000000000000000000000
2726,0,3/1000000000000000000000000000000
2727,0,3/1000000000000000000000000000000
2728,0,3/1000000000000000000000000000000
2729,0,3/1000000000000000000000000000000
2730,0,3/1000000000000000000000000000000
2731,0,3/1000000000000000000000000000000
2732,0,3/1000000000000000000000000000000
2733,0,3/1000000000000000000000000000000
2734,0,3/1000000000000000000000000000000
2735,0,3/1000000000000000000000000000000
2736,0,3/1000000000000000000000000000000
2737,0,3/1000000000000000000000000000000
2738,0,3/1000000000000000000000000000000
2739,0,3/1000000000000000000000000000000
2740,0,3/1000000000000000000000000000000
2741,0,3/1000000000000000000000000000000
2742,0,3/1000000000000000000000000000000
2743,0,3/1000000000000000000000000000000
2744,0,3/1000000000000000000000000000000
2745,0,3/1000000000000000000000000000000
2746,0,3/1000000000000000000000000000000
2747,0,3/1000000000000000000000000000000
2748,0,3/1000000000000000000000000000000
2749,0,3/1000000000000000000000000000000
2750,0,3/1000000000000000000000000000000
2751,0,3/1000000000000000000000000000000
2752,0,3/1000000000000000000000000000000
2753,0,3/1000000000000000000000000000000
2754,0,3/1000000000000000000000000000000
2755,0,3/1000000000000000000000000000000
2756,0,3/1000000000000000000000000000000
2757,0,3/1000000000000000000000000000000
2758,0,3/1000000000000000000000000000000
2759,0,3/1000000000000000000000000000000
2760,0,3/1000000000000000000000000000000
2761,0,3/1000000000000000000000000000000
2762,0,3/1000000000000000000000000000000
2763,0,3/1000000000000000000000000000000
2764,0,3/1000000000000000000000000000000
2765,0,3/1000000000000000000000000000000
2766,0,3/1000000000000000000000000000000
2767,0,3/1000000000000000000000000000000
2768,0,3/1000000000000000000000000000000
2769,0,3/1000000000000000000000000000000
2770,0,3/1000000000000000000000000000000
2771,0,3/1000000000000000000000000000000
2772,0,3/1000000000000000000000000000000
2773,0,3/1000000000000000000000000000000
2774,0,3/1000000000000000000000000000000
2775,0,3/1000000000000000000000000000000
2776,0,3/1000000000000000000000000000000
2777,0,3/1000000000000000000000000000000
2778,0,3/1000000000000000000000000000000
2779,0,3/1000000000000000000000000000000
2780,0,3/1000000000000000000000000000000
2781,0,3/1000000000000000000000000000000
2782,0,3/1000000000000000000000000000000
2783,0,3/1000000000000000000000000000000
2784,0,3/1000000000000000000000000000000
2785,0,3/1000000000000000000000000000000
2786,0,3/1000000000000000000000000000000
2787,0,3/1000000000000000000000000000000
2788,0,3/1000000000000000000000000000000
2789,0,3/1000000000000000000000000000000
2790,0,3/1000000000000000000000000000000
2791,0,3/1000000000000000000000000000000
2792,0,3/1000000000000000000000000000000
2793,0,3/1000000000000000000000000000000
2794,0,3/1000000000000000000000000000000
2795,0,3/1000000000000000000000000000000
2796,0,3/1000000000000000000000000000000
2797,0,3/1000000000000000000000000000000
2798,0,3/1000000000000000000000000000000
2799,0,3/1000000000000000000000000000000
2800,0,3/1000000000000000000000000000000
2801,0,3/1000000000000000000000000000000
2802,0,3/1000000000000000000000000000000
2803,0,3/1000000000000000000000000000000
2804,0,3/1000000000000000000000000000000
2805,0,3/1000000000000000000000000000000
2806,0,3/1000000000000000000000000000000
2807,0,3/1000000000000000000000000000000
2808,0,3/1000000000000000000000000000000
2809,0,3/1000000000000000000000000000000
2810,0,3/1000000000000000000000000000000
2811,0,3/1000000000000000000000000000000
2812,0,3/1000000000000000000000000000000
2813,0,3/1000000000000000000000000000000
2814,0,3/1000000000000000000000000000000
2815,0,3/1000000000000000000000000000000
2816,0,3/1000000000000000000000000000000
2817,0,3/1000000000000000000000000000000
2818,0,3/1000000000000000000000000000000
2819,0,3/1000000000000000000000000000000
2820,0,3/1000000000000000000000000000000
2821,0,3/1000000000000000000000000000000
2822,0,3/1000000000000000000000000000000
2823,0,3/1000000000000000000000000000000
2824,0,3/1000000000000000000000000000000
2825,0,3/1000000000000000000000000000000
2826,0,3/1000000000000000000000000000000
2827,0,3/1000000000000000000000000000000
2828,0,3/1000000000000000000000000000000
2829,0,3/1000000000000000000000000000000
2830,0,3/1000000000000000000000000000000
2831,0,3/1000000000000000000000000000000
2832,0,3/1000000000000000000000000000000
2833,0,3/1000000000000000000000000000000
2834,0,3/1000000000000000000000000000000
2835,0,3/1000000000000000000000000000000
2836,0,3/1000000000000000000000000000000
2837,0,3/1000000000000000000000000000000
2838,0,3/1000000000000000000000000000000
2839,0,3/1000000000000000000000000000000
2840,0,3/1000000000000000000000000000000
2841,0,3/1000000000000000000000000000000
2842,0,3/1000000000000000000000000000000
2843,0,3/1000000000000000000000000000000
2844,0,3/1000000000000000000000000000000
2845,0,3/1000000000000000000000000000000
2846,0,3/1000000000000000000000000000000
2847,0,3/1000000000000000000000000000000
2848,0,3/1000000000000000000000000000000
2849,0,3/1000000000000000000000000000000
2850,0,3/1000000000000000000000000000000
2851,0,3/1000000000000000000000000000000
2852,0,3/1000000000000000000000000000000
2853,0,3/1000000000000000000000000000000
2854,0,3/1000000000000000000000000000000
2855,0,3/1000000000000000000000000000000
2856,0,3/1000000000000000000000000000000
2857,0,3/1000000000000000000000000000000
2858,0,3/1000000000000000000000000000000
2859,0,3/1000000000000000000000000000000
2860,0,3/1000000000000000000000000000000
2861,0,3/1000000000000000000000000000000
2862,0,3/1000000000000000000000000000000
2863,0,3/1000000000000000000000000000000
2864,0,3/1000000000000000000000000000000
2865,0,3/1000000000000000000000000000000
2866,0,3/1000000000000000000000000000000
2867,0,3/1000000000000000000000000000000
2868,0,3/1000000000000000000000000000000
2869,0,3/1000000000000000000000000000000
2870,0,3/1000000000000000000000000000000
2871,0,3/1000000000000000000000000000000
2872,0,3/1000000000000000000000000000000
2873,0,3/1000000000000000000000000000000
2874,0,3/1000000000000000000000000000000
2875,0,3/1000000000000000000000000000000
2876,0,3/1000000000000000000000000000000
2877,0,3/1000000000000000000000000000000
2878,0,3/1000000000000000000000000000000
2879,0,3/1000000000000000000000000000000
2880,0,3/1000000000000000000000000000000
2881,0,3/1000000000000000000000000000000
2882,0,3/1000000000000000000000000000000
2883,0,3/1000000000000000000000000000000
2884,0,3/1000000000000000000000000000000
2885,0,3/1000000000000000000000000000000
2886,0,3/1000000000000000000000000000000
2887,0,3/1000000000000000000000000000000
2888,0,3/1000000000000000000000000000000
2889,0,3/1000000000000000000000000000000
2890,0,3/1000000000000000000000000000000
2891,0,3/1000000000000000000000000000000
2892,0,3/1000000000000000000000000000000
2893,0,3/1000000000000000000000000000000
2894,0,3/1000000000000000000000000000000
2895,0,3/1000000000000000000000000000000
2896,0,3/1000000000000000000000000000000
2897,0,3/1000000000000000000000000000000
2898,0,3/1000000000000000000000000000000
2899,0,3/1000000000000000000000000000000
2900,0,3/1000000000000000000000000000000
2901,0,3/1000000000000000000000000000000
2902,0,3/1000000000000000000000000000000
2903,0,3/1000000000000000000000000000000
2904,0,3/1000000000000000000000000000000
2905,0,3/1000000000000000000000000000000
2906,0,3/1000000000000000000000000000000
2907,0,3/1000000000000000000000000000000
2908,0,3/1000000000000000000000000000000
2909,0,3/1000000000000000000000000000000
2910,0,3/1000000000000000000000000000000
2911,0,3/1000000000000000000000000000000
2912,0,3/1000000000000000000000000000000
2913,0,3/1000000000000000000000000000000
2914,0,3/1000000000000000000000000000000
2915,0,3/1000000000000000000000000000000
2916,0,3/1000000000000000000000000000000
2917,0,3/1000000000000000000000000000000
2918,0,3/1000000000000000000000000000000
2919,0,3/1000000000000000000000000000000
2920,0,3/1000000000000000000000000000000
2921,0,3/1000000000000000000000000000000
2922,0,3/1000000000000000000000000000000
2923,0,3/1000000000000000000000000000000
2924,0,3/1000000000000000000000000000000
2925,0,3/1000000000000000000000000000000
2926,0,3/1000000000000000000000000000000
2927,0,3/1000000000000000000000000000000
2928,0,3/1000000000000000000000000000000
2929,0,3/1000000000000000000000000000000
2930,0,3/1000000000000000000000000000000
2931,0,3/1000000000000000000000000000000
2932,0,3/1000000000000000000000000000000
2933,0,3/1000000000000000000000000000000
2934,0,3/1000000000000000000000000000000
2935,0,3/1000000000000000000000000000000
2936,0,3/1000000000000000000000000000000
2937,0,3/1000000000000000000000000000000
2938,0,3/1000000000000000000000000000000
2939,0,3/1000000000000000000000000000000
2940,0,3/1000000000000000000000000000000
2941,0,3/1000000000000000000000000000000
2942,0,3/1000000000000000000000000000000
2943,0,3/1000000000000000000000000000000
2944,0,3/1000000000000000000000000000000
2945,0,3/1000000000000000000000000000000
2946,0,3/1000000000000000000000000000000
2947,0,3/1000000000000000000000000000000
2948,0,3/1000000000000000000000000000000
2949,0,3/1000000000000000000000000000000
2950,0,3/1000000000000000000000000000000
2951,0,3/1000000000000000000000000000000
2952,0,3/1000000000000000000000000000000
2953,0,3/1000000000000000000000000000000
2954,0,3/1000000000000000000000000000000
2955,0,3/1000000000000000000000000000000
2956,0,3/1000000000000000000000000000000
2957,0,3/1000000000000000000000000000000
2958,0,3/1000000000000000000000000000000
2959,0,3/1000000000000000000000000000000
2960,0,3/1000000000000000000000000000000
2961,0,3/1000000000000000000000000000000
2962,0,3/1000000000000000000000000000000
2963,0,3/1000000000000000000000000000000
2964,0,3/1000000000000000000000000000000
2965,0,3/1000000000000000000000000000000
2966,0,3/1000000000000000000000000000000
2967,0,3/1000000000000000000000000000000
2968,0,3/1000000000000000000000000000000
2969,0,3/1000000000000000000000000000000
2970,0,3/1000000000000000000000000000000
2971,0,3/1000000000000000000000000000000
2972,0,3/1000000000000000000000000000000
2973,0,3/1000000000000000000000000000000
2974,0,3/1000000000000000000000000000000
2975,0,3/1000000000000000000000000000000
2976,0,3/1000000000000000000000000000000
2977,0,3/1000000000000000000000000000000
2978,0,3/1000000000000000000000000000000
2979,0,3/1000000000000000000000000000000
2980,0,3/1000000000000000000000000000000
2981,0,3/1000000000000000000000000000000
2982,0,3/1000000000000000000000000000000
2983,0,3/1000000000000000000000000000000
2984,0,3/1000000000000000000000000000000
2985,0,3/1000000000000000000000000000000
2986,0,3/1000000000000000000000000000000
2987,0,3/1000000000000000000000000000000
2988,0,3/1000000000000000000000000000000
2989,0,3/1000000000000000000000000000000
2990,0,3/1000000000000000000000000000000
2991,0,3/1000000000000000000000000000000
2992,0,3/1000000000000000000000000000000
2993,0,3/1000000000000000000000000000000
2994,0,3/1000000000000000000000000000000
2995,0,3/1000000000000000000000000000000
2996,0,3/1000000000000000000000000000000
2997,0,3/1000000000000000000000000000000
2998,0,3/1000000000000000000000000000000
2999,0,3/1000000000000000000000000000000
3000,0,3/1000000000000000000000000000000
3001,0,3/1000000000000000000000000000000
3002,0,3/1000000000000000000000000000000
3003,0,3/1000000000000000000000000000000
3004,0,3/1000000000000000000000000000000
3005,0,3/1000000000000000000000000000000
3006,0,3/1000000000000000000000000000000
3007,0,3/1000000000000000000000000000000
3008,0,3/1000000000000000000000000000000
3009,0,3/1000000000000000000000000000000
3010,0,3/1000000000000000000000000000000
3011,0,3/1000000000000000000000000000000
3012,0,3/1000000000000000000000000000000
3013,0,3/1000000000000000000000000000000
3014,0,3/1000000000000000000000000000000
3015,0,3/1000000000000000000000000000000
3016,0,3/1000000000000000000000000000000
3017,0,3/1000000000000000000000000000000
3018,0,3/1000000000000000000000000000000
3019,0,3/1000000000000000000000000000000
3020,0,3/1000000000000000000000000000000
3021,0,3/1000000000000000000000000000000
3022,0,3/1000000000000000000000000000000
3023,0,3/1000000000000000000000000000000
3024,0,3/1000000000000000000000000000000
3025,0,3/1000000000000000000000000000000
3026,0,3/1000000000000000000000000000000
3027,0,3/1000000000000000000000000000000
3028,0,3/1000000000000000000000000000000
3029,0,3/1000000000000000000000000000000
3030,0,3/1000000000000000000000000000000
3031,0,3/1000000000000000000000000000000
3032,0,3/1000000000000000000000000000000
3033,0,3/1000000000000000000000000000000
3034,0,3/1000000000000000000000000000000
3035,0,3/1000000000000000000000000000000
3036,0,3/1000000000000000000000000000000
3037,0,3/1000000000000000000000000000000
3038,0,3/1000000000000000000000000000000
3039,0,3/1000000000000000000000000000000
3040,0,3/1000000000000000000000000000000
3041,0,3/1000000000000000000000000000000
3042,0,3/1000000000000000000000000000000
3043,0,3/1000000000000000000000000000000
3044,0,3/1000000000000000000000000000000
3045,0,3/1000000000000000000000000000000
3046,0,3/1000000000000000000000000000000
3047,0,3/1000000000000000000000000000000
3048,0,3/1000000000000000000000000000000
3049,0,3/1000000000000000000000000000000
3050,0,3/1000000000000000000000000000000
3051,0,3/1000000000000000000000000000000
3052,0,3/1000000000000000000000000000000
3053,0,3/1000000000000000000000000000000
3054,0,3/1000000000000000000000000000000
3055,0,3/1000000000000000000000000000000
3056,0,3/1000000000000000000000000000000
3057,0,3/1000000000000000000000000000000
3058,0,3/1000000000000000000000000000000
3059,0,3/1000000000000000000000000000000
3060,0,3/1000000000000000000000000000000
3061,0,3/1000000000000000000000000000000
3062,0,3/1000000000000000000000000000000
3063,0,3/1000000000000000000000000000000
3064,0,3/1000000000000000000000000000000
3065,0,3/1000000000000000000000000000000
3066,0,3/1000000000000000000000000000000
3067,0,3/1000000000000000000000000000000
3068,0,3/1000000000000000000000000000000
3069,0,3/1000000000000000000000000000000
3070,0,3/1000000000000000000000000000000
3071,0,3/1000000000000000000000000000000
3072,0,3/1000000000000000000000000000000
3073,0,3/1000000000000000000000000000000
3074,0,3/1000000000000000000000000000000
3075,0,3/1000000000000000000000000000000
3076,0,3/1000000000000000000000000000000
3077,0,3/1000000000000000000000000000000
3078,0,3/1000000000000000000000000000000
3079,0,3/1000000000000000000000000000000
3080,0,3/1000000000000000000000000000000
3081,0,3/1000000000000000000000000000000
3082,0,3/1000000000000000000000000000000
3083,0,3/1000000000000000000000000000000
3084,0,3/1000000000000000000000000000000
3085,0,3/1000000000000000000000000000000
3086,0,3/1000000000000000000000000000000
3087,0,3/1000000000000000000000000000000
3088,0,3/1000000000000000000000000000000
3089,0,3/1000000000000000000000000000000
3090,0,3/1000000000000000000000000000000
3091,0,3/1000000000000000000000000000000
3092,0,3/1000000000000000000000000000000
3093,0,3/1000000000000000000000000000000
3094,0,3/1000000000000000000000000000000
3095,0,3/1000000000000000000000000000000
3096,0,3/1000000000000000000000000000000
3097,0,3/1000000000000000000000000000000
3098,0,3/1000000000000000000000000000000
3099,0,3/1000000000000000000000000000000
3100,0,3/1000000000000000000000000000000
3101,0,3/1000000000000000000000000000000
3102,0,3/1000000000000000000000000000000
3103,0,3/1000000000000000000000000000000
3104,0,3/1000000000000000000000000000000
3105,0,3/1000000000000000000000000000000
3106,0,3/1000000000000000000000000000000
3107,0,3/1000000000000000000000000000000
3108,0,3/1000000000000000000000000000000
3109,0,3/1000000000000000000000000000000
3110,0,3/1000000000000000000000000000000
3111,0,3/1000000000000000000000000000000
3112,0,3/1000000000000000000000000000000
3113,0,3/1000000000000000000000000000000
3114,0,3/1000000000000000000000000000000
3115,0,3/1000000000000000000000000000000
3116,0,3/1000000000000000000000000000000
3117,0,3/1000000000000000000000000000000
3118,0,3/1000000000000000000000000000000
3119,0,3/1000000000000000000000000000000
3120,0,3/1000000000000000000000000000000
3121,0,3/1000000000000000000000000000000
3122,0,3/1000000000000000000000000000000
3123,0,3/1000000000000000000000000000000
3124,0,3/1000000000000000000000000000000
3125,0,3/1000000000000000000000000000000
3126,0,3/1000000000000000000000000000000
3127,0,3/1000000000000000000000000000000
3128,0,3/1000000000000000000000000000000
3129,0,3/1000000000000000000000000000000
3130,0,3/1000000000000000000000000000000
3131,0,3/1000000000000000000000000000000
3132,0,3/1000000000000000000000000000000
3133,0,3/1000000000000000000000000000000
3134,0,3/1000000000000000000000000000000
3135,0,3/1000000000000000000000000000000
3136,0,3/1000000000000000000000000000000
3137,0,3/1000000000000000000000000000000
3138,0,3/1000000000000000000000000000000
3139,0,3/1000000000000000000000000000000
3140,0,3/1000000000000000000000000000000
3141,0,3/1000000000000000000000000000000
3142,0,3/1000000000000000000000000000000
3143,0,3/1000000000000000000000000000000
3144,0,3/1000000000000000000000000000000
3145,0,3/1000000000000000000000000000000
3146,0,3/1000000000000000000000000000000
3147,0,3/1000000000000000000000000000000
3148,0,3/1000000000000000000000000000000
3149,0,3/1000000000000000000000000000000
3150,0,3/1000000000000000000000000000000
3151,0,3/1000000000000000000000000000000
3152,0,3/1000000000000000000000000000000
3153,0,3/1000000000000000000000000000000
3154,0,3/1000000000000000000000000000000
3155,0,3/1000000000000000000000000000000
3156,0,3/1000000000000000000000000000000
3157,0,3/1000000000000000000000000000000
3158,0,3/1000000000000000000000000000000
3159,0,3/1000000000000000000000000000000
3160,0,3/1000000000000000000000000000000
3161,0,3/1000000000000000000000000000000
3162,0,3/1000000000000000000000000000000
3163,0,3/1000000000000000000000000000000
3164,0,3/1000000000000000000000000000000
3165,0,3/1000000000000000000000000000000
3166,0,3/1000000000000000000000000000000
3167,0,3/1000000000000000000000000000000
3168,0,3/1000000000000000000000000000000
3169,0,3/1000000000000000000000000000000
3170,0,3/1000000000000000000000000000000
3171,0,3/1000000000000000000000000000000
3172,0,3/1000000000000000000000000000000
3173,0,3/1000000000000000000000000000000
3174,0,3/1000000000000000000000000000000
3175,0,3/1000000000000000000000000000000
3176,0,3/1000000000000000000000000000000
3177,0,3/1000000000000000000000000000000
3178,0,3/1000000000000000000000000000000
3179,0,3/1000000000000000000000000000000
3180,0,3/1000000000000000000000000000000
3181,0,3/1000000000000000000000000000000
3182,0,3/1000000000000000000000000000000
3183,0,3/1000000000000000000000000000000
3184,0,3/1000000000000000000000000000000
3185,0,3/1000000000000000000000000000000
3186,0,3/1000000000000000000000000000000
3187,0,3/1000000000000000000000000000000
3188,0,3/1000000000000000000000000000000
3189,0,3/1000000000000000000000000000000
3190,0,3/1000000000000000000000000000000
3191,0,3/1000000000000000000000000000000
3192,0,3/1000000000000000000000000000000
3193,0,3/1000000000000000000000000000000
3194,0,3/1000000000000000000000000000000
3195,0,3/1000000000000000000000000000000
3196,0,3/1000000000000000000000000000000
3197,0,3/1000000000000000000000000000000
3198,0,3/1000000000000000000000000000000
3199,0,3/1000000000000000000000000000000
3200,0,3/1000000000000000000000000000000
3201,0,3/1000000000000000000000000000000
3202,0,3/1000000000000000000000000000000
3203,0,3/1000000000000000000000000000000
3204,0,3/1000000000000000000000000000000
3205,0,3/1000000000000000000000000000000
3206,0,3/1000000000000000000000000000000
3207,0,3/1000000000000000000000000000000
3208,0,3/1000000000000000000000000000000
3209,0,3/1000000000000000000000000000000
3210,0,3/1000000000000000000000000000000
3211,0,3/1000000000000000000000000000000
3212,0,3/1000000000000000000000000000000
3213,0,3/1000000000000000000000000000000
3214,0,3/1000000000000000000000000000000
3215,0,3/1000000000000000000000000000000
3216,0,3/1000000000000000000000000000000
3217,0,3/1000000000000000000000000000000
3218,0,3/1000000000000000000000000000000
3219,0,3/1000000000000000000000000000000
3220,0,3/1000000000000000000000000000000
3221,0,3/1000000000000000000000000000000
3222,0,3/1000000000000000000000000000000
3223,0,3/1000000000000000000000000000000
3224,0,3/1000000000000000000000000000000
3225,0,3/1000000000000000000000000000000
3226,0,3/1000000000000000000000000000000
3227,0,3/1000000000000000000000000000000
3228,0,3/1000000000000000000000000000000
3229,0,3/1000000000000000000000000000000
3230,0,3/1000000000000000000000000000000
3231,0,3/1000000000000000000000000000000
3232,0,3/1000000000000000000000000000000
3233,0,3/1000000000000000000000000000000
3234,0,3/1000000000000000000000000000000
3235,0,3/1000000000000000000000000000000
3236,0,3/1000000000000000000000000000000
3237,0,3/1000000000000000000000000000000
3238,0,3/1000000000000000000000000000000
3239,0,3/1000000000000000000000000000000
3240,0,3/1000000000000000000000000000000
3241,0,3/1000000000000000000000000000000
3242,0,3/1000000000000000000000000000000
3243,0,3/1000000000000000000000000000000
3244,0,3/1000000000000000000000000000000
3245,0,3/1000000000000000000000000000000
3246,0,3/1000000000000000000000000000000
3247,0,3/1000000000000000000000000000000
3248,0,3/1000000000000000000000000000000
3249,0,3/1000000000000000000000000000000
3250,0,3/1000000000000000000000000000000
3251,0,3/1000000000000000000000000000000
3252,0,3/1000000000000000000000000000000
3253,0,3/1000000000000000000000000000000
3254,0,3/1000000000000000000000000000000
3255,0,3/1000000000000000000000000000000
3256,0,3/1000000000000000000000000000000
3257,0,3/1000000000000000000000000000000
3258,0,3/1000000000000000000000000000000
3259,0,3/1000000000000000000000000000000
3260,0,3/1000000000000000000000000000000
3261,0,3/1000000000000000000000000000000
3262,0,3/1000000000000000000000000000000
3263,0,3/1000000000000000000000000000000
3264,0,3/1000000000000000000000000000000
3265,0,3/1000000000000000000000000000000
3266,0,3/1000000000000000000000000000000
3267,0,3/1000000000000000000000000000000
3268,0,3/1000000000000000000000000000000
3269,0,3/1000000000000000000000000000000
3270,0,3/1000000000000000000000000000000
3271,0,3/1000000000000000000000000000000
3272,0,3/1000000000000000000000000000000
3273,0,3/1000000000000000000000000000000
3274,0,3/1000000000000000000000000000000
3275,0,3/1000000000000000000000000000000
3276,0,3/1000000000000000000000000000000
3277,0,3/1000000000000000000000000000000
3278,0,3/1000000000000000000000000000000
3279,0,3/1000000000000000000000000000000
3280,0,3/1000000000000000000000000000000
3281,0,3/1000000000000000000000000000000
3282,0,3/1000000000000000000000000000000
3283,0,3/1000000000000000000000000000000
3284,0,3/1000000000000000000000000000000
3285,0,3/1000000000000000000000000000000
3286,0,3/1000000000000000000000000000000
3287,0,3/1000000000000000000000000000000
3288,0,3/1000000000000000000000000000000
3289,0,3/1000000000000000000000000000000
3290,0,3/1000000000000000000000000000000
3291,0,3/1000000000000000000000000000000
3292,0,3/1000000000000000000000000000000
3293,0,3/1000000000000000000000000000000
3294,0,3/1000000000000000000000000000000
3295,0,3/1000000000000000000000000000000
3296,0,3/1000000000000000000000000000000
3297,0,3/1000000000000000000000000000000
3298,0,3/1000000000000000000000000000000
3299,0,3/1000000000000000000000000000000
3300,0,3/1000000000000000000000000000000
3301,0,3/1000000000000000000000000000000
3302,0,3/1000000000000000000000000000000
3303,0,3/1000000000000000000000000000000
3304,0,3/1000000000000000000000000000000
3305,0,3/1000000000000000000000000000000
3306,0,3/1000000000000000000000000000000
3307,0,3/1000000000000000000000000000000
3308,0,3/1000000000000000000000000000000
3309,0,3/1000000000000000000000000000000
3310,0,3/1000000000000000000000000000000
3311,0,3/1000000000000000000000000000000
3312,0,3/1000000000000000000000000000000
3313,0,3/1000000000000000000000000000000
3314,0,3/1000000000000000000000000000000
3315,0,3/1000000000000000000000000000000
3316,0,3/1000000000000000000000000000000
3317,0,3/1000000000000000000000000000000
3318,0,3/1000000000000000000000000000000
3319,0,3/1000000000000000000000000000000
3320,0,3/1000000000000000000000000000000
3321,0,3/1000000000000000000000000000000
3322,0,3/1000000000000000000000000000000
3323,0,3/1000000000000000000000000000000
3324,0,3/1000000000000000000000000000000
3325,0,3/1000000000000000000000000000000
3326,0,3/1000000000000000000000000000000
3327,0,3/1000000000000000000000000000000
3328,0,3/1000000000000000000000000000000
3329,0,3/1000000000000000000000000000000
3330,0,3/1000000000000000000000000000000
3331,0,3/1000000000000000000000000000000
3332,0,3/1000000000000000000000000000000
3333,0,3/1000000000000000000000000000000
3334,0,3/1000000000000000000000000000000
3335,0,3/1000000000000000000000000000000
3336,0,3/1000000000000000000000000000000
3337,0,3/1000000000000000000000000000000
3338,0,3/1000000000000000000000000000000
3339,0,3/1000000000000000000000000000000
3340,0,3/1000000000000000000000000000000
3341,0,3/1000000000000000000000000000000
3342,0,3/1000000000000000000000000000000
3343,0,3/1000000000000000000000000000000
3344,0,3/1000000000000000000000000000000
3345,0,3/1000000000000000000000000000000
3346,0,3/1000000000000000000000000000000
3347,0,3/1000000000000000000000000000000
3348,0,3/1000000000000000000000000000000
3349,0,3/1000000000000000000000000000000
3350,0,3/1000000000000000000000000000000
3351,0,3/1000000000000000000000000000000
3352,0,3/1000000000000000000000000000000
3353,0,3/1000000000000000000000000000000
3354,0,3/1000000000000000000000000000000
3355,0,3/1000000000000000000000000000000
3356,0,3/1000000000000000000000000000000
3357,0,3/1000000000000000000000000000000
3358,0,3/1000000000000000000000000000000
3359,0,3/1000000000000000000000000000000
3360,0,3/1000000000000000000000000000000
3361,0,3/1000000000000000000000000000000
3362,0,3/1000000000000000000000000000000
3363,0,3/1000000000000000000000000000000
3364,0,3/1000000000000000000000000000000
3365,0,3/1000000000000000000000000000000
3366,0,3/1000000000000000000000000000000
3367,0,3/1000000000000000000000000000000
3368,0,3/1000000000000000000000000000000
3369,0,3/1000000000000000000000000000000
3370,0,3/1000000000000000000000000000000
3371,0,3/1000000000000000000000000000000
3372,0,3/1000000000000000000000000000000
3373,0,3/1000000000000000000000000000000
3374,0,3/1000000000000000000000000000000
3375,0,3/1000000000000000000000000000000
3376,0,3/1000000000000000000000000000000
3377,0,3/1000000000000000000000000000000
3378,0,3/1000000000000000000000000000000
3379,0,3/1000000000000000000000000000000
3380,0,3/1000000000000000000000000000000
3381,0,3/1000000000000000000000000000000
3382,0,3/1000000000000000000000000000000
3383,0,3/1000000000000000000000000000000
3384,0,3/1000000000000000000000000000000
3385,0,3/1000000000000000000000000000000
3386,0,3/1000000000000000000000000000000
3387,0,3/1000000000000000000000000000000
3388,0,3/1000000000000000000000000000000
3389,0,3/1000000000000000000000000000000
3390,0,3/1000000000000000000000000000000
3391,0,3/1000000000000000000000000000000
3392,0,3/1000000000000000000000000000000
3393,0,3/1000000000000000000000000000000
3394,0,3/1000000000000000000000000000000
3395,0,3/1000000000000000000000000000000
3396,0,3/1000000000000000000000000000000
3397,0,3/1000000000000000000000000000000
3398,0,3/1000000000000000000000000000000
3399,0,3/1000000000000000000000000000000
3400,0,3/1000000000000000000000000000000
3401,0,3/1000000000000000000000000000000
3402,0,3/1000000000000000000000000000000
3403,0,3/1000000000000000000000000000000
3404,0,3/1000000000000000000000000000000
3405,0,3/1000000000000000000000000000000
3406,0,3/1000000000000000000000000000000
3407,0,3/1000000000000000000000000000000
3408,0,3/1000000000000000000000000000000
3409,0,3/1000000000000000000000000000000
3410,0,3/1000000000000000000000000000000
3411,0,3/1000000000000000000000000000000
3412,0,3/1000000000000000000000000000000
3413,0,3/1000000000000000000000000000000
3414,0,3/1000000000000000000000000000000
3415,0,3/1000000000000000000000000000000
3416,0,3/1000000000000000000000000000000
3417,0,3/1000000000000000000000000000000
3418,0,3/1000000000000000000000000000000
3419,0,3/1000000000000000000000000000000
3420,0,3/1000000000000000000000000000000
3421,0,3/1000000000000000000000000000000
3422,0,3/1000000000000000000000000000000
3423,0,3/1000000000000000000000000000000
3424,0,3/1000000000000000000000000000000
3425,0,3/1000000000000000000000000000000
3426,0,3/1000000000000000000000000000000
3427,0,3/1000000000000000000000000000000
3428,0,3/1000000000000000000000000000000
3429,0,3/1000000000000000000000000000000
3430,0,3/1000000000000000000000000000000
3431,0,3/1000000000000000000000000000000
3432,0,3/1000000000000000000000000000000
3433,0,3/1000000000000000000000000000000
3434,0,3/1000000000000000000000000000000
3435,0,3/1000000000000000000000000000000
3436,0,3/1000000000000000000000000000000
3437,0,3/1000000000000000000000000000000
3438,0,3/1000000000000000000000000000000
3439,0,3/1000000000000000000000000000000
3440,0,3/1000000000000000000000000000000
3441,0,3/1000000000000000000000000000000
3442,0,3/1000000000000000000000000000000
3443,0,3/1000000000000000000000000000000
3444,0,3/1000000000000000000000000000000
3445,0,3/1000000000000000000000000000000
3446,0,3/1000000000000000000000000000000
3447,0,3/1000000000000000000000000000000
3448,0,3/1000000000000000000000000000000
3449,0,3/1000000000000000000000000000000
3450,0,3/1000000000000000000000000000000
3451,0,3/1000000000000000000000000000000
3452,0,3/1000000000000000000000000000000
3453,0,3/1000000000000000000000000000000
3454,0,3/1000000000000000000000000000000
3455,0,3/1000000000000000000000000000000
3456,0,3/1000000000000000000000000000000
3457,0,3/1000000000000000000000000000000
3458,0,3/1000000000000000000000000000000
3459,0,3/1000000000000000000000000000000
3460,0,3/1000000000000000000000000000000
3461,0,3/1000000000000000000000000000000
3462,0,3/1000000000000000000000000000000
3463,0,3/1000000000000000000000000000000
3464,0,3/1000000000000000000000000000000
3465,0,3/1000000000000000000000000000000
3466,0,3/1000000000000000000000000000000
3467,0,3/1000000000000000000000000000000
3468,0,3/1000000000000000000000000000000
3469,0,3/1000000000000000000000000000000
3470,0,3/1000000000000000000000000000000
3471,0,3/1000000000000000000000000000000
3472,0,3/1000000000000000000000000000000
3473,0,3/1000000000000000000000000000000
3474,0,3/1000000000000000000000000000000
3475,0,3/1000000000000000000000000000000
3476,0,3/1000000000000000000000000000000
3477,0,3/1000000000000000000000000000000
3478,0,3/1000000000000000000000000000000
3479,0,3/1000000000000000000000000000000
3480,0,3/1000000000000000000000000000000
3481,0,3/1000000000000000000000000000000
3482,0,3/1000000000000000000000000000000
3483,0,3/1000000000000000000000000000000
3484,0,3/1000000000000000000000000000000
3485,0,3/1000000000000000000000000000000
3486,0,3/1000000000000000000000000000000
3487,0,3/1000000000000000000000000000000
3488,0,3/1000000000000000000000000000000
3489,0,3/1000000000000000000000000000000
3490,0,3/1000000000000000000000000000000
3491,0,3/1000000000000000000000000000000
3492,0,3/1000000000000000000000000000000
3493,0,3/1000000000000000000000000000000
3494,0,3/1000000000000000000000000000000
3495,0,3/1000000000000000000000000000000
3496,0,3/1000000000000000000000000000000
3497,0,3/1000000000000000000000000000000
3498,0,3/1000000000000000000000000000000
3499,0,3/1000000000000000000000000000000
3500,0,3/1000000000000000000000000000000
3501,0,3/1000000000000000000000000000000
3502,0,3/1000000000000000000000000000000
3503,0,3/1000000000000000000000000000000
3504,0,3/1000000000000000000000000000000
3505,0,3/1000000000000000000000000000000
3506,0,3/1000000000000000000000000000000
3507,0,3/1000000000000000000000000000000
3508,0,3/1000000000000000000000000000000
3509,0,3/1000000000000000000000000000000
3510,0,3/1000000000000000000000000000000
3511,0,3/1000000000000000000000000000000
3512,0,3/1000000000000000000000000000000
3513,0,3/1000000000000000000000000000000
3514,0,3/1000000000000000000000000000000
3515,0,3/1000000000000000000000000000000
3516,0,3/1000000000000000000000000000000
3517,0,3/1000000000000000000000000000000
3518,0,3/1000000000000000000000000000000
3519,0,3/1000000000000000000000000000000
3520,0,3/1000000000000000000000000000000
3521,0,3/1000000000000000000000000000000
3522,0,3/1000000000000000000000000000000
3523,0,3/1000000000000000000000000000000
3524,0,3/1000000000000000000000000000000
3525,0,3/1000000000000000000000000000000
3526,0,3/1000000000000000000000000000000
3527,0,3/1000000000000000000000000000000
3528,0,3/1000000000000000000000000000000
3529,0,3/1000000000000000000000000000000
3530,0,3/1000000000000000000000000000000
3531,0,3/1000000000000000000000000000000
3532,0,3/1000000000000000000000000000000
3533,0,3/1000000000000000000000000000000
3534,0,3/1000000000000000000000000000000
3535,0,3/1000000000000000000000000000000
3536,0,3/1000000000000000000000000000000
3537,0,3/1000000000000000000000000000000
3538,0,3/1000000000000000000000000000000
3539,0,3/1000000000000000000000000000000
3540,0,3/1000000000000000000000000000000
3541,0,3/1000000000000000000000000000000
3542,0,3/1000000000000000000000000000000
3543,0,3/1000000000000000000000000000000
3544,0,3/1000000000000000000000000000000
3545,0,3/1000000000000000000000000000000
3546,0,3/1000000000000000000000000000000
3547,0,3/1000000000000000000000000000000
3548,0,3/1000000000000000000000000000000
3549,0,3/1000000000000000000000000000000
3550,0,3/1000000000000000000000000000000
3551,0,3/1000000000000000000000000000000
3552,0,3/1000000000000000000000000000000
3553,0,3/1000000000000000000000000000000
3554,0,3/1000000000000000000000000000000
3555,0,3/1000000000000000000000000000000
3556,0,3/1000000000000000000000000000000
3557,0,3/1000000000000000000000000000000
3558,0,3/1000000000000000000000000000000
3559,0,3/1000000000000000000000000000000
3560,0,3/1000000000000000000000000000000
3561,0,3/1000000000000000000000000000000
3562,0,3/1000000000000000000000000000000
3563,0,3/1000000000000000000000000000000
3564,0,3/1000000000000000000000000000000
3565,0,3/1000000000000000000000000000000
3566,0,3/1000000000000000000000000000000
3567,0,3/1000000000000000000000000000000
3568,0,3/1000000000000000000000000000000
3569,0,3/1000000000000000000000000000000
3570,0,3/1000000000000000000000000000000
3571,0,3/1000000000000000000000000000000
3572,0,3/1000000000000000000000000000000
3573,0,3/1000000000000000000000000000000
3574,0,3/1000000000000000000000000000000
3575,0,3/1000000000000000000000000000000
3576,0,3/1000000000000000000000000000000
3577,0,3/1000000000000000000000000000000
3578,0,3/1000000000000000000000000000000
3579,0,3/1000000000000000000000000000000
3580,0,3/1000000000000000000000000000000
3581,0,3/1000000000000000000000000000000
3582,0,3/1000000000000000000000000000000
3583,0,3/1000000000000000000000000000000
3584,0,3/1000000000000000000000000000000
3585,0,3/1000000000000000000000000000000
3586,0,3/1000000000000000000000000000000
3587,0,3/1000000000000000000000000000000
3588,0,3/1000000000000000000000000000000
3589,0,3/1000000000000000000000000000000
3590,0,3/1000000000000000000000000000000
3591,0,3/1000000000000000000000000000000
3592,0,3/1000000000000000000000000000000
3593,0,3/1000000000000000000000000000000
3594,0,3/1000000000000000000000000000000
3595,0,3/1000000000000000000000000000000
3596,0,3/1000000000000000000000000000000
3597,0,3/1000000000000000000000000000000
3598,0,3/1000000000000000000000000000000
3599,0,3/1000000000000000000000000000000
3600,0,3/1000000000000000000000000000000
3601,0,3/1000000000000000000000000000000
3602,0,3/1000000000000000000000000000000
3603,0,3/1000000000000000000000000000000
3604,0,3/1000000000000000000000000000000
3605,0,3/1000000000000000000000000000000
3606,0,3/1000000000000000000000000000000
3607,0,3/1000000000000000000000000000000
3608,0,3/1000000000000000000000000000000
3609,0,3/1000000000000000000000000000000
3610,0,3/1000000000000000000000000000000
3611,0,3/1000000000000000000000000000000
3612,0,3/1000000000000000000000000000000
3613,0,3/1000000000000000000000000000000
3614,0,3/1000000000000000000000000000000
3615,0,3/1000000000000000000000000000000
3616,0,3/1000000000000000000000000000000
3617,0,3/1000000000000000000000000000000
3618,0,3/1000000000000000000000000000000
3619,0,3/1000000000000000000000000000000
3620,0,3/1000000000000000000000000000000
3621,0,3/1000000000000000000000000000000
3622,0,3/1000000000000000000000000000000
3623,0,3/1000000000000000000000000000000
3624,0,3/1000000000000000000000000000000
3625,0,3/1000000000000000000000000000000
3626,0,3/1000000000000000000000000000000
3627,0,3/1000000000000000000000000000000
3628,0,3/1000000000000000000000000000000
3629,0,3/1000000000000000000000000000000
3630,0,3/1000000000000000000000000000000
3631,0,3/1000000000000000000000000000000
3632,0,3/1000000000000000000000000000000
3633,0,3/1000000000000000000000000000000
3634,0,3/1000000000000000000000000000000
3635,0,3/1000000000000000000000000000000
3636,0,3/1000000000000000000000000000000
3637,0,3/1000000000000000000000000000000
3638,0,3/1000000000000000000000000000000
3639,0,3/1000000000000000000000000000000
3640,0,3/1000000000000000000000000000000
3641,0,3/1000000000000000000000000000000
3642,0,3/1000000000000000000000000000000
3643,0,3/1000000000000000000000000000000
3644,0,3/1000000000000000000000000000000
3645,0,3/1000000000000000000000000000000
3646,0,3/1000000000000000000000000000000
3647,0,3/1000000000000000000000000000000
3648,0,3/1000000000000000000000000000000
3649,0,3/1000000000000000000000000000000
3650,0,3/1000000000000000000000000000000
3651,0,3/1000000000000000000000000000000
3652,0,3/1000000000000000000000000000000
3653,0,3/1000000000000000000000000000000
3654,0,3/1000000000000000000000000000000
3655,0,3/1000000000000000000000000000000
3656,0,3/1000000000000000000000000000000
3657,0,3/1000000000000000000000000000000
3658,0,3/1000000000000000000000000000000
3659,0,3/1000000000000000000000000000000
3660,0,3/1000000000000000000000000000000
3661,0,3/1000000000000000000000000000000
3662,0,3/1000000000000000000000000000000
3663,0,3/1000000000000000000000000000000
3664,0,3/1000000000000000000000000000000
3665,0,3/1000000000000000000000000000000
3666,0,3/1000000000000000000000000000000
3667,0,3/1000000000000000000000000000000
3668,0,3/1000000000000000000000000000000
3669,0,3/1000000000000000000000000000000
3670,0,3/1000000000000000000000000000000
3671,0,3/1000000000000000000000000000000
3672,0,3/1000000000000000000000000000000
3673,0,3/1000000000000000000000000000000
3674,0,3/1000000000000000000000000000000
3675,0,3/1000000000000000000000000000000
3676,0,3/1000000000000000000000000000000
3677,0,3/1000000000000000000000000000000
3678,0,3/1000000000000000000000000000000
3679,0,3/1000000000000000000000000000000
3680,0,3/1000000000000000000000000000000
3681,0,3/1000000000000000000000000000000
3682,0,3/1000000000000000000000000000000
3683,0,3/1000000000000000000000000000000
3684,0,3/1000000000000000000000000000000
3685,0,3/1000000000000000000000000000000
3686,0,3/1000000000000000000000000000000
3687,0,3/1000000000000000000000000000000
3688,0,3/1000000000000000000000000000000
3689,0,3/1000000000000000000000000000000
3690,0,3/1000000000000000000000000000000
3691,0,3/1000000000000000000000000000000
3692,0,3/1000000000000000000000000000000
3693,0,3/1000000000000000000000000000000
3694,0,3/1000000000000000000000000000000
3695,0,3/1000000000000000000000000000000
3696,0,3/1000000000000000000000000000000
3697,0,3/1000000000000000000000000000000
3698,0,3/1000000000000000000000000000000
3699,0,3/1000000000000000000000000000000
3700,0,3/1000000000000000000000000000000
3701,0,3/1000000000000000000000000000000
3702,0,3/1000000000000000000000000000000
3703,0,3/1000000000000000000000000000000
3704,0,3/1000000000000000000000000000000
3705,0,3/1000000000000000000000000000000
3706,0,3/1000000000000000000000000000000
3707,0,3/1000000000000000000000000000000
3708,0,3/1000000000000000000000000000000
3709,0,3/1000000000000000000000000000000
3710,0,3/1000000000000000000000000000000
3711,0,3/1000000000000000000000000000000
3712,0,3/1000000000000000000000000000000
3713,0,3/1000000000000000000000000000000
3714,0,3/1000000000000000000000000000000
3715,0,3/1000000000000000000000000000000
3716,0,3/1000000000000000000000000000000
3717,0,3/1000000000000000000000000000000
3718,0,3/1000000000000000000000000000000
3719,0,3/1000000000000000000000000000000
3720,0,3/1000000000000000000000000000000
3721,0,3/1000000000000000000000000000000
3722,0,3/1000000000000000000000000000000
3723,0,3/1000000000000000000000000000000
3724,0,3/1000000000000000000000000000000
3725,0,3/1000000000000000000000000000000
3726,0,3/1000000000000000000000000000000
3727,0,3/1000000000000000000000000000000
3728,0,3/1000000000000000000000000000000
3729,0,3/1000000000000000000000000000000
3730,0,3/1000000000000000000000000000000
3731,0,3/1000000000000000000000000000000
3732,0,3/1000000000000000000000000000000
3733,0,3/1000000000000000000000000000000
3734,0,3/1000000000000000000000000000000
3735,0,3/1000000000000000000000000000000
3736,0,3/1000000000000000000000000000000
3737,0,3/1000000000000000000000000000000
3738,0,3/1000000000000000000000000000000
3739,0,3/1000000000000000000000000000000
3740,0,3/1000000000000000000000000000000
3741,0,3/1000000000000000000000000000000
3742,0,3/1000000000000000000000000000000
3743,0,3/1000000000000000000000000000000
3744,0,3/1000000000000000000000000000000
3745,0,3/1000000000000000000000000000000
3746,0,3/1000000000000000000000000000000
3747,0,3/1000000000000000000000000000000
3748,0,3/1000000000000000000000000000000
3749,0,3/1000000000000000000000000000000
3750,0,3/1000000000000000000000000000000
3751,0,3/1000000000000000000000000000000
3752,0,3/1000000000000000000000000000000
3753,0,3/1000000000000000000000000000000
3754,0,3/1000000000000000000000000000000
3755,0,3/1000000000000000000000000000000
3756,0,3/1000000000000000000000000000000
3757,0,3/1000000000000000000000000000000
3758,0,3/1000000000000000000000000000000
3759,0,3/1000000000000000000000000000000
3760,0,3/1000000000000000000000000000000
3761,0,3/1000000000000000000000000000000
3762,0,3/1000000000000000000000000000000
3763,0,3/1000000000000000000000000000000
3764,0,3/1000000000000000000000000000000
3765,0,3/1000000000000000000000000000000
3766,0,3/1000000000000000000000000000000
3767,0,3/1000000000000000000000000000000
3768,0,3/1000000000000000000000000000000
3769,0,3/1000000000000000000000000000000
3770,0,3/1000000000000000000000000000000
3771,0,3/1000000000000000000000000000000
3772,0,3/1000000000000000000000000000000
3773,0,3/1000000000000000000000000000000
3774,0,3/1000000000000000000000000000000
3775,0,3/1000000000000000000000000000000
3776,0,3/1000000000000000000000000000000
3777,0,3/1000000000000000000000000000000
3778,0,3/1000000000000000000000000000000
3779,0,3/1000000000000000000000000000000
3780,0,3/1000000000000000000000000000000
3781,0,3/1000000000000000000000000000000
3782,0,3/1000000000000000000000000000000
3783,0,3/1000000000000000000000000000000
3784,0,3/1000000000000000000000000000000
3785,0,3/1000000000000000000000000000000
3786,0,3/1000000000000000000000000000000
3787,0,3/1000000000000000000000000000000
3788,0,3/1000000000000000000000000000000
3789,0,3/1000000000000000000000000000000
3790,0,3/1000000000000000000000000000000
3791,0,3/1000000000000000000000000000000
3792,0,3/1000000000000000000000000000000
3793,0,3/1000000000000000000000000000000
3794,0,3/1000000000000000000000000000000
3795,0,3/1000000000000000000000000000000
3796,0,3/1000000000000000000000000000000
3797,0,3/1000000000000000000000000000000
3798,0,3/1000000000000000000000000000000
3799,0,3/1000000000000000000000000000000
3800,0,3/1000000000000000000000000000000
3801,0,3/1000000000000000000000000000000
3802,0,3/1000000000000000000000000000000
3803,0,3/1000000000000000000000000000000
3804,0,3/1000000000000000000000000000000
3805,0,3/1000000000000000000000000000000
3806,0,3/1000000000000000000000000000000
3807,0,3/1000000000000000000000000000000
3808,0,3/1000000000000000000000000000000
3809,0,3/1000000000000000000000000000000
3810,0,3/1000000000000000000000000000000
3811,0,3/1000000000000000000000000000000
3812,0,3/1000000000000000000000000000000
3813,0,3/1000000000000000000000000000000
3814,0,3/1000000000000000000000000000000
3815,0,3/1000000000000000000000000000000
3816,0,3/1000000000000000000000000000000
3817,0,3/1000000000000000000000000000000
3818,0,3/1000000000000000000000000000000
3819,0,3/1000000000000000000000000000000
3820,0,3/1000000000000000000000000000000
3821,0,3/1000000000000000000000000000000
3822,0,3/1000000000000000000000000000000
3823,0,3/1000000000000000000000000000000
3824,0,3/1000000000000000000000000000000
3825,0,3/1000000000000000000000000000000
3826,0,3/1000000000000000000000000000000
3827,0,3/1000000000000000000000000000000
3828,0,3/1000000000000000000000000000000
3829,0,3/1000000000000000000000000000000
3830,0,3/1000000000000000000000000000000
3831,0,3/1000000000000000000000000000000
3832,0,3/1000000000000000000000000000000
3833,0,3/1000000000000000000000000000000
3834,0,3/1000000000000000000000000000000
3835,0,3/1000000000000000000000000000000
3836,0,3/1000000000000000000000000000000
3837,0,3/1000000000000000000000000000000
3838,0,3/1000000000000000000000000000000
3839,0,3/1000000000000000000000000000000
3840,0,3/1000000000000000000000000000000
3841,0,3/1000000000000000000000000000000
3842,0,3/1000000000000000000000000000000
3843,0,3/1000000000000000000000000000000
3844,0,3/1000000000000000000000000000000
3845,0,3/1000000000000000000000000000000
3846,0,3/1000000000000000000000000000000
3847,0,3/1000000000000000000000000000000
3848,0,3/1000000000000000000000000000000
3849,0,3/1000000000000000000000000000000
3850,0,3/1000000000000000000000000000000
3851,0,3/1000000000000000000000000000000
3852,0,3/1000000000000000000000000000000
3853,0,3/1000000000000000000000000000000
3854,0,3/1000000000000000000000000000000
3855,0,3/1000000000000000000000000000000
3856,0,3/1000000000000000000000000000000
3857,0,3/1000000000000000000000000000000
3858,0,3/1000000000000000000000000000000
3859,0,3/1000000000000000000000000000000
3860,0,3/1000000000000000000000000000000
3861,0,3/1000000000000000000000000000000
3862,0,3/1000000000000000000000000000000
3863,0,3/1000000000000000000000000000000
3864,0,3/1000000000000000000000000000000
3865,0,3/1000000000000000000000000000000
3866,0,3/1000000000000000000000000000000
3867,0,3/1000000000000000000000000000000
3868,0,3/1000000000000000000000000000000
3869,0,3/1000000000000000000000000000000
3870,0,3/1000000000000000000000000000000
3871,0,3/1000000000000000000000000000000
3872,0,3/1000000000000000000000000000000
3873,0,3/1000000000000000000000000000000
3874,0,3/1000000000000000000000000000000
3875,0,3/1000000000000000000000000000000
3876,0,3/1000000000000000000000000000000
3877,0,3/1000000000000000000000000000000
3878,0,3/1000000000000000000000000000000
3879,0,3/1000000000000000000000000000000
3880,0,3/1000000000000000000000000000000
3881,0,3/1000000000000000000000000000000
3882,0,3/1000000000000000000000000000000
3883,0,3/1000000000000000000000000000000
3884,0,3/1000000000000000000000000000000
3885,0,3/1000000000000000000000000000000
3886,0,3/1000000000000000000000000000000
3887,0,3/1000000000000000000000000000000
3888,0,3/1000000000000000000000000000000
3889,0,3/1000000000000000000000000000000
3890,0,3/1000000000000000000000000000000
3891,0,3/1000000000000000000000000000000
3892,0,3/1000000000000000000000000000000
3893,0,3/1000000000000000000000000000000
3894,0,3/1000000000000000000000000000000
3895,0,3/1000000000000000000000000000000
3896,0,3/1000000000000000000000000000000
3897,0,3/1000000000000000000000000000000
3898,0,3/1000000000000000000000000000000
3899,0,3/1000000000000000000000000000000
3900,0,3/1000000000000000000000000000000
3901,0,3/1000000000000000000000000000000
3902,0,3/1000000000000000000000000000000
3903,0,3/1000000000000000000000000000000
3904,0,3/1000000000000000000000000000000
3905,0,3/1000000000000000000000000000000
3906,0,3/1000000000000000000000000000000
3907,0,3/1000000000000000000000000000000
3908,0,3/1000000000000000000000000000000
3909,0,3/1000000000000000000000000000000
3910,0,3/1000000000000000000000000000000
3911,0,3/1000000000000000000000000000000
3912,0,3/1000000000000000000000000000000
3913,0,3/1000000000000000000000000000000
3914,0,3/1000000000000000000000000000000
3915,0,3/1000000000000000000000000000000
3916,0,3/1000000000000000000000000000000
3917,0,3/1000000000000000000000000000000
3918,0,3/1000000000000000000000000000000
3919,0,3/1000000000000000000000000000000
3920,0,3/1000000000000000000000000000000
3921,0,3/1000000000000000000000000000000
3922,0,3/1000000000000000000000000000000
3923,0,3/1000000000000000000000000000000
3924,0,3/1000000000000000000000000000000
3925,0,3/1000000000000000000000000000000
3926,0,3/1000000000000000000000000000000
3927,0,3/1000000000000000000000000000000
3928,0,3/1000000000000000000000000000000
3929,0,3/1000000000000000000000000000000
3930,0,3/1000000000000000000000000000000
3931,0,3/1000000000000000000000000000000
3932,0,3/1000000000000000000000000000000
3933,0,3/1000000000000000000000000000000
3934,0,3/1000000000000000000000000000000
3935,0,3/1000000000000000000000000000000
3936,0,3/1000000000000000000000000000000
3937,0,3/1000000000000000000000000000000
3938,0,3/1000000000000000000000000000000
3939,0,3/1000000000000000000000000000000
3940,0,3/1000000000000000000000000000000
3941,0,3/1000000000000000000000000000000
3942,0,3/1000000000000000000000000000000
3943,0,3/1000000000000000000000000000000
3944,0,3/1000000000000000000000000000000
3945,0,3/1000000000000000000000000000000
3946,0,3/1000000000000000000000000000000
3947,0,3/1000000000000000000000000000000
3948,0,3/1000000000000000000000000000000
3949,0,3/1000000000000000000000000000000
3950,0,3/1000000000000000000000000000000
3951,0,3/1000000000000000000000000000000
3952,0,3/1000000000000000000000000000000
3953,0,3/1000000000000000000000000000000
3954,0,3/1000000000000000000000000000000
3955,0,3/1000000000000000000000000000000
3956,0,3/1000000000000000000000000000000
3957,0,3/1000000000000000000000000000000
3958,0,3/1000000000000000000000000000000
3959,0,3/1000000000000000000000000000000
3960,0,3/1000000000000000000000000000000
3961,0,3/1000000000000000000000000000000
3962,0,3/1000000000000000000000000000000
3963,0,3/1000000000000000000000000000000
3964,0,3/1000000000000000000000000000000
3965,0,3/1000000000000000000000000000000
3966,0,3/1000000000000000000000000000000
3967,0,3/1000000000000000000000000000000
3968,0,3/1000000000000000000000000000000
3969,0,3/1000000000000000000000000000000
3970,0,3/1000000000000000000000000000000
3971,0,3/1000000000000000000000000000000
3972,0,3/1000000000000000000000000000000
3973,0,3/1000000000000000000000000000000
3974,0,3/1000000000000000000000000000000
3975,0,3/1000000000000000000000000000000
3976,0,3/1000000000000000000000000000000
3977,0,3/1000000000000000000000000000000
3978,0,3/1000000000000000000000000000000
3979,0,3/1000000000000000000000000000000
3980,0,3/1000000000000000000000000000000
3981,0,3/1000000000000000000000000000000
3982,0,3/1000000000000000000000000000000
3983,0,3/1000000000000000000000000000000
3984,0,3/1000000000000000000000000000000
3985,0,3/1000000000000000000000000000000
3986,0,3/1000000000000000000000000000000
3987,0,3/1000000000000000000000000000000
3988,0,3/1000000000000000000000000000000
3989,0,3/1000000000000000000000000000000
3990,0,3/1000000000000000000000000000000
3991,0,3/1000000000000000000000000000000
3992,0,3/1000000000000000000000000000000
3993,0,3/1000000000000000000000000000000
3994,0,3/1000000000000000000000000000000
3995,0,3/1000000000000000000000000000000
3996,0,3/1000000000000000000000000000000
3997,0,3/1000000000000000000000000000000
3998,0,3/1000000000000000000000000000000
3999,0,3/1000000000000000000000000000000
4000,0,3/1000000000000000000000000000000
4001,0,3/1000000000000000000000000000000
4002,0,3/1000000000000000000000000000000
4003,0,3/1000000000000000000000000000000
4004,0,3/1000000000000000000000000000000
4005,0,3/1000000000000000000000000000000
4006,0,3/1000000000000000000000000000000
4007,0,3/1000000000000000000000000000000
4008,0,3/1000000000000000000000000000000
4009,0,3/1000000000000000000000000000000
4010,0,3/1000000000000000000000000000000
4011,0,3/1000000000000000000000000000000
4012,0,3/1000000000000000000000000000000
4013,0,3/1000000000000000000000000000000
4014,0,3/1000000000000000000000000000000
4015,0,3/1000000000000000000000000000000
4016,0,3/1000000000000000000000000000000
4017,0,3/1000000000000000000000000000000
4018,0,3/1000000000000000000000000000000
4019,0,3/1000000000000000000000000000000
4020,0,3/1000000000000000000000000000000
4021,0,3/1000000000000000000000000000000
4022,0,3/1000000000000000000000000000000
4023,0,3/1000000000000000000000000000000
4024,0,3/1000000000000000000000000000000
4025,0,3/1000000000000000000000000000000
4026,0,3/1000000000000000000000000000000
4027,0,3/1000000000000000000000000000000
4028,0,3/1000000000000000000000000000000
4029,0,3/1000000000000000000000000000000
4030,0,3/1000000000000000000000000000000
4031,0,3/1000000000000000000000000000000
4032,0,3/1000000000000000000000000000000
4033,0,3/1000000000000000000000000000000
4034,0,3/1000000000000000000000000000000
4035,0,3/1000000000000000000000000000000
4036,0,3/1000000000000000000000000000000
4037,0,3/1000000000000000000000000000000
4038,0,3/1000000000000000000000000000000
4039,0,3/1000000000000000000000000000000
4040,0,3/1000000000000000000000000000000
4041,0,3/1000000000000000000000000000000
4042,0,3/1000000000000000000000000000000
4043,0,3/1000000000000000000000000000000
4044,0,3/1000000000000000000000000000000
4045,0,3/1000000000000000000000000000000
4046,0,3/1000000000000000000000000000000
4047,0,3/1000000000000000000000000000000
4048,0,3/1000000000000000000000000000000
4049,0,3/1000000000000000000000000000000
4050,0,3/1000000000000000000000000000000
4051,0,3/1000000000000000000000000000000
4052,0,3/1000000000000000000000000000000
4053,0,3/1000000000000000000000000000000
4054,0,3/1000000000000000000000000000000
4055,0,3/1000000000000000000000000000000
4056,0,3/1000000000000000000000000000000
4057,0,3/1000000000000000000000000000000
4058,0,3/1000000000000000000000000000000
4059,0,3/1000000000000000000000000000000
4060,0,3/1000000000000000000000000000000
4061,0,3/1000000000000000000000000000000
4062,0,3/1000000000000000000000000000000
4063,0,3/1000000000000000000000000000000
4064,0,3/1000000000000000000000000000000
4065,0,3/1000000000000000000000000000000
4066,0,3/1000000000000000000000000000000
4067,0,3/1000000000000000000000000000000
4068,0,3/1000000000000000000000000000000
4069,0,3/1000000000000000000000000000000
4070,0,3/1000000000000000000000000000000
4071,0,3/1000000000000000000000000000000
4072,0,3/1000000000000000000000000000000
4073,0,3/1000000000000000000000000000000
4074,0,3/1000000000000000000000000000000
4075,0,3/1000000000000000000000000000000
4076,0,3/1000000000000000000000000000000
4077,0,3/1000000000000000000000000000000
4078,0,3/1000000000000000000000000000000
4079,0,3/1000000000000000000000000000000
4080,0,3/1000000000000000000000000000000
4081,0,3/1000000000000000000000000000000
4082,0,3/1000000000000000000000000000000
4083,0,3/1000000000000000000000000000000
4084,0,3/1000000000000000000000000000000
4085,0,3/1000000000000000000000000000000
4086,0,3/1000000000000000000000000000000
4087,0,3/1000000000000000000000000000000
4088,0,3/1000000000000000000000000000000
4089,0,3/1000000000000000000000000000000
4090,0,3/1000000000000000000000000000000
4091,0,3/1000000000000000000000000000000
4092,0,3/1000000000000000000000000000000
4093,0,3/1000000000000000000000000000000
4094,0,3/1000000000000000000000000000000
4095,0,3/1000000000000000000000000000000
4096,0,3/1000000000000000000000000000000
