measured_sweep,plaquette_mean,plaquette_square_mean,ward_mean,acceptance
1,-0.03192355875629798,0.2514886684557988,0.0,1.0
2,0.012363302882867577,0.21125594141086687,0.0,1.0
3,0.04523131181576487,0.24034088085406544,0.0,1.0
4,0.029339022405730556,0.2597509263210551,0.0,1.0
5,0.016383671332633895,0.2561584040489869,0.0,1.0
6,0.04055755451188013,0.27612751223676896,0.0,1.0
7,0.03188111292683402,0.24771543689668987,0.0,1.0
8,-0.013113701085776917,0.2612077275333179,0.0,1.0
9,-0.07649720897267848,0.26840712559640745,0.0,1.0
10,-0.0353301775313421,0.23683759111323477,0.0,1.0
11,-0.03265336522309234,0.19483313276808192,0.0,1.0
12,0.05044622589184169,0.3014385080803626,0.0,1.0
13,0.1160920245696354,0.22735394197812187,0.0,1.0
14,-0.011284767611784699,0.20103103084187887,0.0,1.0
15,0.08805258753754518,0.24241872767867437,0.0,1.0
16,0.05615494619511064,0.2118947415555862,0.0,1.0
17,0.02915002326264349,0.28942256208875317,0.0,1.0
18,0.03965985099062078,0.2879142465278533,0.0,1.0
19,0.04703034012610402,0.3110899937563072,0.0,1.0
20,-0.04661418498883865,0.27158901738543245,0.0,1.0
21,-0.02327927797821767,0.22060560257747044,0.0,1.0
22,-0.029535185029260207,0.25789785286007777,0.0,1.0
23,-0.052712835171705996,0.24193923560594435,0.0,1.0
24,-0.009055336452199475,0.22773393623117502,0.0,1.0
25,0.10483292674956408,0.2229876391661416,0.0,1.0
26,-0.028009415961712174,0.23167529194014078,0.0,1.0
27,-0.12500062595440461,0.2327870980369285,0.0,1.0
28,-0.015821242033515103,0.23577963930504145,0.0,1.0
29,-0.015219439815695991,0.2471014035608714,0.0,1.0
30,-0.019721480534968874,0.1991664854151074,0.0,1.0
31,0.02737557949296623,0.22519187592577547,0.0,1.0
32,0.0048472083852956205,0.25911338982641263,0.0,1.0
33,-0.051888060061835155,0.3013040487146255,0.0,1.0
34,-0.006388448417839472,0.2544767273320625,0.0,1.0
35,0.024746617780608576,0.24563594926240453,0.0,1.0
36,0.02701649126662666,0.25444281764310506,0.0,1.0
37,-0.055109237786646524,0.25748736366060104,0.0,1.0
38,0.016166109987875207,0.2693320678598586,0.0,1.0
39,-0.0449830352290784,0.25128480569008094,0.0,1.0
40,-0.008860985138172656,0.26379410064333975,0.0,1.0
41,-0.08881094078176405,0.26046704838995144,0.0,1.0
42,-0.14632148130337466,0.2851575597978119,0.0,1.0
43,0.025645180395743077,0.2507246534830651,0.0,1.0
44,-0.018515379656717054,0.2531154789533943,0.0,1.0
45,-0.08265707497915342,0.2609882325144228,0.0,1.0
46,-0.06233915379834063,0.3185661264572182,0.0,1.0
47,-0.013746203255848147,0.26577722704107193,0.0,1.0
48,-0.057340464987729566,0.29514446003731304,0.0,1.0
49,0.008723850178292422,0.24960416938299143,0.0,1.0
50,0.0070913981171374,0.2522838493174578,0.0,1.0
51,-0.02210070207811933,0.2637912744279345,0.0,1.0
52,-0.04606084574363966,0.22096597067373971,0.0,1.0
53,-0.07013608508261503,0.2643085971411086,0.0,1.0
54,-0.0673841749527626,0.28098440496947424,0.0,1.0
55,-0.08282874017137655,0.2229848341158451,0.0,1.0
56,-0.06449303036671807,0.27450614464612955,0.0,1.0
57,-0.005663928085877197,0.29713923078613563,0.0,1.0
58,-0.05272506467482724,0.2611536966820572,0.0,1.0
59,-0.0003491646241553144,0.28308382604677423,0.0,1.0
60,0.0640187640657151,0.21192289415988522,0.0,1.0
61,0.045179504672822356,0.23688853431972012,0.0,1.0
62,0.05237385062326389,0.26336736920897647,0.0,1.0
63,-0.04501467454846735,0.2501552234362668,0.0,1.0
64,-0.07822206000324956,0.27105289098529056,0.0,1.0
65,-0.01052769435031387,0.24732544902580922,0.0,1.0
66,-0.03289655160436956,0.22015792391940733,0.0,1.0
67,0.06157097196207128,0.21685436319103588,0.0,1.0
68,0.016696231051642998,0.2525891560921711,0.0,1.0
69,-0.06527934978874325,0.26696104369492973,0.0,1.0
70,-0.017858568519545405,0.2477354752094004,0.0,1.0
71,-0.019563878517097868,0.26322716873480934,0.0,1.0
72,-0.037804531682464594,0.23954822225874395,0.0,1.0
73,-0.03913530461452635,0.25799563990884145,0.0,1.0
74,0.09833420991092086,0.22580998850055503,0.0,1.0
75,0.02208617095963609,0.28750454698875866,0.0,1.0
76,-0.012711276762451457,0.262556339335165,0.0,1.0
77,0.04764111913105135,0.2245625589688708,0.0,1.0
78,0.018326205846753953,0.2623499370250783,0.0,1.0
79,0.031137664349999355,0.23533165444684265,0.0,1.0
80,-0.005208112373631617,0.26010387799477325,0.0,1.0
81,0.047332866810396446,0.22827389711599588,0.0,1.0
82,-0.06654746672080526,0.28540011744689786,0.0,1.0
83,-0.0172164075103104,0.26658055450847923,0.0,1.0
84,-0.03956851515431309,0.29111170392920205,0.0,1.0
85,0.00216172953950435,0.2870048422849652,0.0,1.0
86,-0.07223660393940623,0.2933148376822919,0.0,1.0
87,-0.05415222500898712,0.3083234397728889,0.0,1.0
88,0.004974860547670175,0.22976758177180942,0.0,1.0
89,0.006263812064298507,0.25238772288813766,0.0,1.0
90,0.01784947653546966,0.25990491040778174,0.0,1.0
91,-0.09751004232940062,0.2226718616792264,0.0,1.0
92,-0.034526704849435326,0.2689178966453787,0.0,1.0
93,-0.12242220753520024,0.23583799670376082,0.0,1.0
94,-0.034064288804951555,0.22885792131627222,0.0,1.0
95,0.04539033102443781,0.20974363184661185,0.0,1.0
96,0.013551205897122262,0.30221490237075216,0.0,1.0
97,-0.002878372985225109,0.2651810084505278,0.0,1.0
98,-0.08579034580641959,0.22849791690977983,0.0,1.0
99,-0.05390612671755044,0.23449823356387803,0.0,1.0
100,-0.0147427508276843,0.26518228871189425,0.0,1.0
101,0.021496803970452245,0.28479957194433275,0.0,1.0
102,-0.05252887576202104,0.2705026672947231,0.0,1.0
103,0.018744122332430623,0.2198060295624793,0.0,1.0
104,-0.05845913647542488,0.22371304606453582,0.0,1.0
105,-0.17019630382887088,0.26699121941356824,0.0,1.0
106,-0.0068525511275738206,0.22336753237757137,0.0,1.0
107,0.05980445550428349,0.2429518738081019,0.0,1.0
108,0.09989927661372466,0.2605346369605191,0.0,1.0
109,-0.04013828589808371,0.26824339051933616,0.0,1.0
110,-0.006257998501685313,0.25417027134875075,0.0,1.0
111,-0.036038815205072995,0.23667132394853155,0.0,1.0
112,-0.05180042260247029,0.2258801152041882,0.0,1.0
113,0.003977923295916591,0.26645824519449096,0.0,1.0
114,0.008362326829489758,0.2758167332077734,0.0,1.0
115,0.005669098250256026,0.25653799969943986,0.0,1.0
116,-0.0060502988873590265,0.231244256914664,0.0,1.0
117,0.019534286013752813,0.24749969372801858,0.0,1.0
118,-0.0032392469066378493,0.2455107474558389,0.0,1.0
119,0.013829619043792249,0.3040392731854103,0.0,1.0
120,-0.03691441125990239,0.27547305068468037,0.0,1.0
121,0.05980450519814636,0.24088257483700282,0.0,1.0
122,0.022710020082013782,0.2887464495653575,0.0,1.0
123,0.04625328530410828,0.2585463574387103,0.0,1.0
124,-0.022644795035819048,0.2640049721920333,0.0,1.0
125,-0.08120725344886416,0.25181476172041645,0.0,1.0
126,-0.028609551577629153,0.22787718634797302,0.0,1.0
127,0.007451288762566382,0.21256247329250857,0.0,1.0
128,-0.048049586658101696,0.23549136632613185,0.0,1.0
129,0.0045636472368613306,0.2587053908445168,0.0,1.0
130,0.04612648111961345,0.2613060319588861,0.0,1.0
131,-0.03670088833569876,0.22556874401232108,0.0,1.0
132,0.023041340063110278,0.21910714576040027,0.0,1.0
133,-0.028356072532410726,0.21432224230909935,0.0,1.0
134,-0.005020677079057648,0.25176964232005816,0.0,1.0
135,-0.024621227979998595,0.23653354312510733,0.0,1.0
136,-0.053856110833906956,0.2526182010167756,0.0,1.0
137,0.010396393279898242,0.2312027256835966,0.0,1.0
138,0.04395462536475264,0.2299153700199347,0.0,1.0
139,0.010001198839433238,0.24339814126377654,0.0,1.0
140,0.035631842602950214,0.2924039398231189,0.0,1.0
141,-0.03331337744087944,0.28680385593436614,0.0,1.0
142,-0.01704207182842284,0.22839680843238455,0.0,1.0
143,0.004122677808628292,0.22207549931325535,0.0,1.0
144,0.019864570650635047,0.2640454635202833,0.0,1.0
145,0.04075707221740654,0.25126369493382333,0.0,1.0
146,-0.05027573686535484,0.23995251319938524,0.0,1.0
147,-0.04938455295243279,0.22091815587667954,0.0,1.0
148,0.0036284712326270347,0.292236480591584,0.0,1.0
149,0.035450004765830025,0.2440639912871244,0.0,1.0
150,-0.012054496247813892,0.22350073583954677,0.0,1.0
151,-0.016707675116858733,0.24454336838787386,0.0,1.0
152,-0.006103428167196563,0.25371972539853394,0.0,1.0
153,-0.020483404543304298,0.268168342807401,0.0,1.0
154,-0.013951284239878707,0.2543395211720371,0.0,1.0
155,0.030898241750255837,0.22127839457305845,0.0,1.0
156,0.06206217066053756,0.24600942228932965,0.0,1.0
157,0.023862981838024863,0.26712442247675544,0.0,1.0
158,-0.00356194293919151,0.2775481550964069,0.0,1.0
159,0.00030379200646238336,0.21129182506495728,0.0,1.0
160,0.008127158936029609,0.249244525897765,0.0,1.0
161,0.008682555956376604,0.2106697968168522,0.0,1.0
162,-0.0605351266530823,0.2782773235100751,0.0,1.0
163,-0.01984392377281819,0.2790294536437812,0.0,1.0
164,0.04533596153998038,0.2438983610864943,0.0,1.0
165,0.03516618407492051,0.24011796149360207,0.0,1.0
166,0.0338190402030866,0.21192066412568514,0.0,1.0
167,0.045964394902538175,0.2560613896576179,0.0,1.0
168,-0.01400024994023076,0.22086850599176366,0.0,1.0
169,0.01101592653897158,0.21588596649346745,0.0,1.0
170,0.12363872483807099,0.2186141131556055,0.0,1.0
171,0.0665845329462516,0.2667110175586884,0.0,1.0
172,0.035022120698657906,0.2617162311389655,0.0,1.0
173,-0.006026755213767086,0.2312566873519343,0.0,1.0
174,0.005869122494105779,0.22661086481524118,0.0,1.0
175,-0.036678368362575896,0.2502306466440659,0.0,1.0
176,0.017591369305955156,0.24128767029235645,0.0,1.0
177,0.04888590896718209,0.26264138922228436,0.0,1.0
178,0.06765109422922932,0.25778014411562716,0.0,1.0
179,-0.03437444441958882,0.23023048007562297,0.0,1.0
180,-0.1048351325108627,0.24656696469607506,0.0,1.0
181,-0.03809735904358503,0.2815372916695384,0.0,1.0
182,-0.06597552494468967,0.23197882309412354,0.0,1.0
183,-0.047706061151984815,0.2496667882770225,0.0,1.0
184,0.03823129201642033,0.25058314029790413,0.0,1.0
185,0.02625009023910384,0.24950988876335614,0.0,1.0
186,-0.033246067992582666,0.26636843482671235,0.0,1.0
187,0.0007941198254449063,0.256679332404055,0.0,1.0
188,-0.013737231507423077,0.2802693465789801,0.0,1.0
189,0.004867127954813172,0.22124668294709368,0.0,1.0
190,-0.030652307043525267,0.2146131685734868,0.0,1.0
191,-0.012073437857900183,0.22641831829598624,0.0,1.0
192,0.06296526473771584,0.20717692448942893,0.0,1.0
193,0.06369011353606882,0.21156847965611725,0.0,1.0
194,-0.03362344360562006,0.20609920102583665,0.0,1.0
195,0.012309996897625233,0.21956909784919645,0.0,1.0
196,0.03825064603040224,0.2451515458887863,0.0,1.0
197,-0.009443810709751227,0.26641678147158837,0.0,1.0
198,-0.03564362933006574,0.2573393550607508,0.0,1.0
199,0.02809803844384275,0.2585706039774511,0.0,1.0
200,0.028230527225898538,0.2477934971753152,0.0,1.0
201,-0.006096041470291885,0.2841488545108945,0.0,1.0
202,-0.06398676566970478,0.26018202224738524,0.0,1.0
203,-0.0006701120771129693,0.2756273309796594,0.0,1.0
204,-0.028320096274951145,0.23214834931436776,0.0,1.0
205,-0.004875420138430582,0.25110972487865835,0.0,1.0
206,0.04723874767286332,0.21375383216194233,0.0,1.0
207,-0.00716037770948181,0.22859715203156958,0.0,1.0
208,0.013737065849802747,0.2467666590178029,0.0,1.0
209,0.07219793404329,0.27010535489578297,0.0,1.0
210,-0.05887154428585101,0.2671545772919471,0.0,1.0
211,-0.024419337113419825,0.25655411252243293,0.0,1.0
212,0.06272739768207675,0.2718358451730194,0.0,1.0
213,0.07852174997735809,0.2544087319018353,0.0,1.0
214,-0.030879605385736374,0.2750764833785759,0.0,1.0
215,0.028266516546089613,0.24695186909404768,0.0,1.0
216,-0.0259511375679692,0.18810083394926927,0.0,1.0
217,0.0715559212651015,0.21114462231266343,0.0,1.0
218,0.0796214867868499,0.23195066025730973,0.0,1.0
219,-0.08534250481715773,0.24419652485825638,0.0,1.0
220,0.027224080815780673,0.22910608636348906,0.0,1.0
221,-0.015304744574455001,0.22928984964068647,0.0,1.0
222,0.01312755132629656,0.24838045668427333,0.0,1.0
223,-0.09170943038575025,0.28425536186424266,0.0,1.0
224,-0.004257956802673553,0.32385352037241805,0.0,1.0
225,-0.015286004626506812,0.26326912960656673,0.0,1.0
226,-0.08085342773971634,0.27625304691924124,0.0,1.0
227,-0.02031048650164491,0.23553306487453943,0.0,1.0
228,0.07211406796659786,0.270746816367563,0.0,1.0
229,0.012198379835916234,0.2544287383097938,0.0,1.0
230,0.028428038114349918,0.27624159770602014,0.0,1.0
231,0.030172146139932483,0.2745920739380576,0.0,1.0
232,-0.07844028981408975,0.24314672927247347,0.0,1.0
233,-0.05563115942390825,0.24913200804070482,0.0,1.0
234,-0.00787411540969364,0.2459404451903816,0.0,1.0
235,-0.0029122999480374243,0.2710537238999673,0.0,1.0
236,-0.047419080078445704,0.2680744620134285,0.0,1.0
237,-0.040515469967432625,0.23225266655828114,0.0,1.0
238,-0.007092711341672132,0.22864206573253698,0.0,1.0
239,0.009662426839793625,0.25570358715362623,0.0,1.0
240,0.0146687947065747,0.2600859812686093,0.0,1.0
241,0.035327145344829454,0.2469034471463416,0.0,1.0
242,0.010548592196241756,0.24059953158877487,0.0,1.0
243,0.00105378402460946,0.20006411715533934,0.0,1.0
244,-0.061499355830448854,0.24651778522104803,0.0,1.0
245,-0.040165805757244634,0.25414430184870934,0.0,1.0
246,0.0027434141694094674,0.27842095388266475,0.0,1.0
247,-0.014171670137386412,0.25055935920397004,0.0,1.0
248,0.07613214848587076,0.2603640503192517,0.0,1.0
249,-0.057601941280648605,0.2432581902638811,0.0,1.0
250,-0.060229182506944166,0.25865043476889177,0.0,1.0
251,-0.05539209594085145,0.21412214189924747,0.0,1.0
252,-0.0700135891676575,0.24041340206289996,0.0,1.0
253,-0.043820441691748084,0.21820953131662746,0.0,1.0
254,-0.03274788322555335,0.23908235160681243,0.0,1.0
255,-0.026738352339661486,0.24874503017930263,0.0,1.0
256,0.006792192385457873,0.2600765148931046,0.0,1.0
257,0.05215920156824549,0.23316286361355862,0.0,1.0
258,0.06458323802418058,0.21098275421687815,0.0,1.0
259,-0.012975550825007403,0.2374265686628071,0.0,1.0
260,-0.02966178622088946,0.25529449651688074,0.0,1.0
261,0.05885012590172717,0.28721934869341403,0.0,1.0
262,-0.07566762590591802,0.3017851268848238,0.0,1.0
263,0.016958066458986874,0.2882781347450904,0.0,1.0
264,-0.056203669338988384,0.2703509593969323,0.0,1.0
265,0.04696577557959,0.23283923094468997,0.0,1.0
266,0.06757927432524535,0.24322690650068127,0.0,1.0
267,0.014972040584848821,0.2682779577863717,0.0,1.0
268,-0.03243678498378494,0.24642376022464807,0.0,1.0
269,-0.019436184465604602,0.2146752310941029,0.0,1.0
270,0.04405690309791586,0.21584273513396082,0.0,1.0
271,0.010944143446844393,0.30479577144652287,0.0,1.0
272,0.10090251823309056,0.2679795915862309,0.0,1.0
273,0.09797658485004046,0.25900201690879027,0.0,1.0
274,-0.02287422132364215,0.24471205429168386,0.0,1.0
275,-0.08898828826801837,0.20386664275437064,0.0,1.0
276,-0.11078534514731998,0.22565258856350726,0.0,1.0
277,-0.07335072927893513,0.24275071084616703,0.0,1.0
278,-0.101844295374636,0.24890417140089718,0.0,1.0
279,-0.05470539827726436,0.26805088892878404,0.0,1.0
280,-0.03118873178288396,0.2583319183802681,0.0,1.0
281,0.0028129631075355147,0.24679593035278868,0.0,1.0
282,-0.04911802775290173,0.2431036132811898,0.0,1.0
283,0.032118365392156206,0.26151188906318334,0.0,1.0
284,0.045995304105669876,0.28743365500181756,0.0,1.0
285,0.07121133048393098,0.24797610979833942,0.0,1.0
286,0.07867435229216857,0.23985235885410494,0.0,1.0
287,0.07547482371145799,0.29990720105257157,0.0,1.0
288,0.040096772844748274,0.29705875581463453,0.0,1.0
289,-0.05522724386023409,0.2644087408916472,0.0,1.0
290,-0.038546277939745154,0.2323738613230033,0.0,1.0
291,0.08962600744320197,0.2556326231154569,0.0,1.0
292,0.02811976178380138,0.272167437704591,0.0,1.0
293,0.010611824478450221,0.27197086947441823,0.0,1.0
294,0.029708588661848546,0.27556054186556805,0.0,1.0
295,-0.021250979343312697,0.24466833126636947,0.0,1.0
296,0.03930479055973417,0.28783747904695023,0.0,1.0
297,0.0010906642903657875,0.3164226934664481,0.0,1.0
298,-0.0017261572898342019,0.3152544283753542,0.0,1.0
299,0.014413093999059615,0.2310866734028434,0.0,1.0
300,0.024457855081614344,0.2134316807452398,0.0,1.0
301,0.06410065793456322,0.2264048027716777,0.0,1.0
302,-0.08798931088886826,0.22168147686668993,0.0,1.0
303,-0.06014755259051121,0.2708784440385065,0.0,1.0
304,-0.04128300950341019,0.2402692723091889,0.0,1.0
305,-0.04024729075289463,0.21484875324322608,0.0,1.0
306,0.002816415121725845,0.23285936979361563,0.0,1.0
307,0.04192232229193867,0.25721739663769183,0.0,1.0
308,-0.018998093408175137,0.25936982643020107,0.0,1.0
309,0.03937849787548584,0.2606506432515294,0.0,1.0
310,-0.019385153677478735,0.2507615934638294,0.0,1.0
311,-0.05194813854716158,0.25690636854301285,0.0,1.0
312,0.09800651144682988,0.2643741079734045,0.0,1.0
313,0.042511186974396424,0.26063401333750796,0.0,1.0
314,0.014309633564320459,0.235239639740164,0.0,1.0
315,-0.06078572800492112,0.21138736507666214,0.0,1.0
316,-0.0015667464532277732,0.23992490888567763,0.0,1.0
317,-0.07864990518614723,0.2562614069774134,0.0,1.0
318,-0.016923637353104006,0.2739310051814197,0.0,1.0
319,0.004921445918207072,0.2548322182782683,0.0,1.0
320,0.027285887844888747,0.23460710005151433,0.0,1.0
321,0.09087423602742757,0.2752167551986762,0.0,1.0
322,0.006160067872995427,0.24134639728073434,0.0,1.0
323,0.03878118374257161,0.2568556487404004,0.0,1.0
324,0.012650799168989665,0.323458167935233,0.0,1.0
325,-0.0007113852445112997,0.2820814181550744,0.0,1.0
326,0.003048425415579948,0.21816247214901882,0.0,1.0
327,-0.06572221754992175,0.25127525493945324,0.0,1.0
328,0.06412389999909084,0.24990060294151947,0.0,1.0
329,-0.1078116937709525,0.2475910846524524,0.0,1.0
330,-0.15081856698492366,0.25633245896649814,0.0,1.0
331,-0.08257593993222677,0.2722523008645713,0.0,1.0
332,0.05515336501218851,0.24439041675369574,0.0,1.0
333,0.07530879424034066,0.248925862541704,0.0,1.0
334,0.02123664922120407,0.29864718528124135,0.0,1.0
335,0.09141159214931838,0.2821647536018223,0.0,1.0
336,0.112269424173155,0.28126876578023907,0.0,1.0
337,0.03464070668219932,0.2612884499651233,0.0,1.0
338,0.08665392978988241,0.2599077161281143,0.0,1.0
339,0.07102233749757919,0.25652065222125153,0.0,1.0
340,-0.034796234216804174,0.21355774523859103,0.0,1.0
341,-0.08086494966015327,0.2420518681533497,0.0,1.0
342,0.0822226882423631,0.22965907813812747,0.0,1.0
343,0.10697319600191386,0.2844767448243554,0.0,1.0
344,0.0005293095679893278,0.26265121956746007,0.0,1.0
345,-0.06621501452329075,0.2364341915901548,0.0,1.0
346,-0.03472330410956447,0.2490843456447921,0.0,1.0
347,0.11766893371615805,0.2413257302448392,0.0,1.0
348,-0.021592127236159595,0.2217777103115488,0.0,1.0
349,0.045784770841936495,0.24047516062657323,0.0,1.0
350,0.040429023727435114,0.27088430169280747,0.0,1.0
351,0.0037345793119476175,0.24490986398478465,0.0,1.0
352,-0.06704386045945995,0.26304673662002287,0.0,1.0
353,0.011277774825377174,0.2363049411046053,0.0,1.0
354,0.05971657228571969,0.2861979500136417,0.0,1.0
355,-0.03418785886039962,0.26899457546056443,0.0,1.0
356,0.01409343484795326,0.2618435561522428,0.0,1.0
357,-0.07258390296203597,0.23061901443467914,0.0,1.0
358,0.013053645491848759,0.2344114268983181,0.0,1.0
359,0.193803381473317,0.24184388658484815,0.0,1.0
360,0.02449793549106957,0.24718213593218516,0.0,1.0
361,0.02663157420894768,0.24221106002998183,0.0,1.0
362,-0.020523434173846694,0.23915752752595287,0.0,1.0
363,-0.05013999351117767,0.28005020519069657,0.0,1.0
364,0.052162268126268896,0.2726030392914938,0.0,1.0
365,-0.05390960130839678,0.21528157915520815,0.0,1.0
366,-0.0434238873488868,0.22678969255490214,0.0,1.0
367,-0.003985933651993445,0.2662195142129782,0.0,1.0
368,0.07533809417011057,0.2607292894725905,0.0,1.0
369,0.06094168961412272,0.2590080171186874,0.0,1.0
370,0.05015645869637281,0.23479719934495544,0.0,1.0
371,-0.08284874145440778,0.2622455550926345,0.0,1.0
372,-0.05386299449893404,0.2691621511960425,0.0,1.0
373,-0.08770589193068884,0.30420673115324764,0.0,1.0
374,-0.08293042573246621,0.2783921850987746,0.0,1.0
375,0.039968633374687826,0.2541830330955759,0.0,1.0
376,0.007192468463581118,0.2605701951419072,0.0,1.0
377,0.017191524146675168,0.2920030609399585,0.0,1.0
378,0.0850123948186393,0.25554156720019344,0.0,1.0
379,0.07297481900896063,0.23002722854552338,0.0,1.0
380,0.09224457582585009,0.2592354693045021,0.0,1.0
381,0.04228579432087809,0.26963681847403437,0.0,1.0
382,-0.06463292395242366,0.28216569192601537,0.0,1.0
383,-0.05712200344190477,0.2502583311616248,0.0,1.0
384,-0.002175291197314034,0.2522417984566783,0.0,1.0
385,-0.02004311081590533,0.2374973007538578,0.0,1.0
386,0.07754694990955484,0.2836254889716669,0.0,1.0
387,0.05960606089377601,0.29236994431308383,0.0,1.0
388,-0.03245638210832887,0.2796189979877553,0.0,1.0
389,-0.02739703338368152,0.24725519893194914,0.0,1.0
390,0.06307273145848011,0.20271164945659456,0.0,1.0
391,-0.00835236509625461,0.27721650974171913,0.0,1.0
392,0.04841289125345361,0.2863626677605753,0.0,1.0
393,-0.060130255789770125,0.23609585184778384,0.0,1.0
394,-0.07346669438030311,0.246845970952154,0.0,1.0
395,-0.019057235115201125,0.22251449927771638,0.0,1.0
396,0.02004039089042553,0.22870929565170808,0.0,1.0
397,0.030478150337629174,0.25782602458324616,0.0,1.0
398,0.05429777870348187,0.21457933411257682,0.0,1.0
399,0.043409854121522005,0.24003752819545754,0.0,1.0
400,0.012253528425735044,0.27480218022771424,0.0,1.0
401,-0.0024511510598282083,0.2693252934242397,0.0,1.0
402,0.015143637362510143,0.2657688850139213,0.0,1.0
403,-0.022991440612888363,0.26292424421725347,0.0,1.0
404,-0.010226916258274701,0.26282853625480473,0.0,1.0
405,-0.03493060776510294,0.2719524407889969,0.0,1.0
406,0.007127249264002937,0.25821959071541983,0.0,1.0
407,-0.07133873864615005,0.27679660918690735,0.0,1.0
408,-0.01649542780170619,0.2552206729487219,0.0,1.0
409,-0.006895963251311065,0.21150194141978695,0.0,1.0
410,0.02025129032838441,0.21472809643309587,0.0,1.0
411,-0.03427225920079092,0.23189742375390068,0.0,1.0
412,0.0048317468060423375,0.219031078376833,0.0,1.0
413,-0.0529256886492654,0.2071347873234858,0.0,1.0
414,0.06335850672572658,0.2343764906213027,0.0,1.0
415,-0.03833636328276099,0.1897049564764659,0.0,1.0
416,0.0085519856615762,0.2383969918504402,0.0,1.0
417,0.05274493177441716,0.2307007497457858,0.0,1.0
418,-0.055373481972074305,0.2450444047467024,0.0,1.0
419,0.033938816986811886,0.21847345192743817,0.0,1.0
420,-0.04606188372888433,0.21796335331208505,0.0,1.0
421,-0.009636508359512274,0.2797069513495069,0.0,1.0
422,0.024853527430254194,0.33313416540151125,0.0,1.0
423,-0.0042738988697810535,0.27855908377949046,0.0,1.0
424,-0.007195239262799839,0.2466460715145645,0.0,1.0
425,0.03531639988921519,0.27679939623351707,0.0,1.0
426,0.003064501838314415,0.2693591040034233,0.0,1.0
427,0.025432457359295307,0.21786397639623525,0.0,1.0
428,0.055141418824849776,0.2715890543283391,0.0,1.0
429,0.0022342978889083966,0.2517684063108408,0.0,1.0
430,0.05541223526838681,0.2809875771327124,0.0,1.0
431,0.0509271931944191,0.24000668139309903,0.0,1.0
432,0.0862456012540941,0.2129853821722653,0.0,1.0
433,0.01361961400834158,0.2500180802411314,0.0,1.0
434,-0.019200539530431333,0.24176513153247084,0.0,1.0
435,0.004082599152592126,0.231416062532791,0.0,1.0
436,0.14229478056967038,0.25603662068758226,0.0,1.0
437,0.09340057933943346,0.2727953956361291,0.0,1.0
438,-0.06468762687435096,0.2547820717417403,0.0,1.0
439,-0.007947139392003264,0.22463512694294419,0.0,1.0
440,-0.025343067997226076,0.23318405941894849,0.0,1.0
441,-0.06210670161142142,0.2820306634731115,0.0,1.0
442,-0.0609528391256813,0.26826965185172247,0.0,1.0
443,-0.04590476841939194,0.2754374785490578,0.0,1.0
444,0.02355165294201073,0.2635433177556867,0.0,1.0
445,0.12375862428615775,0.2358694903575759,0.0,1.0
446,0.09977497338557845,0.24714032217926754,0.0,1.0
447,0.0623722078229027,0.2555865855451065,0.0,1.0
448,0.040711014274134406,0.3077480422509957,0.0,1.0
449,0.010630753009300465,0.2713327553249314,0.0,1.0
450,-0.03347254663302309,0.23644720875020328,0.0,1.0
451,-0.030577349421019334,0.2919181838492095,0.0,1.0
452,0.04357545475926174,0.24774963020908855,0.0,1.0
453,0.01296120355325213,0.26332052244415965,0.0,1.0
454,0.040963810564973634,0.2115500722787915,0.0,1.0
455,0.042984028298125865,0.20946961426266233,0.0,1.0
456,0.06354149769936356,0.24894370761388984,0.0,1.0
457,0.0962675034169491,0.2821522757412274,0.0,1.0
458,-0.029566119648227418,0.23466629004115624,0.0,1.0
459,-0.05421162432978405,0.2782705470209969,0.0,1.0
460,0.10157113698682851,0.2695468026357903,0.0,1.0
461,0.04270245099547881,0.25756939338055806,0.0,1.0
462,-0.06294535866197841,0.25974343490114987,0.0,1.0
463,0.001838961982682093,0.25199991919471415,0.0,1.0
464,0.003626890557379544,0.19510576305291671,0.0,1.0
465,-0.03440255366441471,0.25335426030802716,0.0,1.0
466,0.004869975974313469,0.2625310211149715,0.0,1.0
467,0.0012889705162375115,0.2842018992491317,0.0,1.0
468,0.0007151702525300072,0.2572847050550959,0.0,1.0
469,-0.06702893036384062,0.22807932792483535,0.0,1.0
470,0.007371876530902044,0.27601436006551655,0.0,1.0
471,0.009322399118686306,0.24707722179751257,0.0,1.0
472,-0.07591900878493753,0.19150378527105208,0.0,1.0
473,0.004185035451772114,0.24381930375830593,0.0,1.0
474,-0.07749599064182695,0.28010844285077163,0.0,1.0
475,-0.02903410065010952,0.28674126302101915,0.0,1.0
476,0.06052403289966679,0.2658578960046316,0.0,1.0
477,0.04562796320268492,0.24776311508218385,0.0,1.0
478,0.006530522926287492,0.2879564880030587,0.0,1.0
479,0.011178817386901171,0.26202599973876933,0.0,1.0
480,0.07252903306312614,0.29646593211529754,0.0,1.0
481,0.10099900243725751,0.26330968098552104,0.0,1.0
482,0.028173155452488368,0.2701727321535396,0.0,1.0
483,-0.03930305507501602,0.1986602943492399,0.0,1.0
484,-0.0091313776129346,0.23895161978773993,0.0,1.0
485,0.03547716218291519,0.231412614918891,0.0,1.0
486,0.05533400483057744,0.26686025717596146,0.0,1.0
487,0.05242623586945344,0.258847029691252,0.0,1.0
488,0.05108033277868729,0.25313642188427854,0.0,1.0
489,0.01746924916671384,0.24037349245268702,0.0,1.0
490,0.059668953276433366,0.22838429054669818,0.0,1.0
491,0.026872842323067535,0.26712793679664343,0.0,1.0
492,0.062026893189607336,0.22324378243453658,0.0,1.0
493,-0.09740643650439716,0.2641477206849992,0.0,1.0
494,-0.014980806789706117,0.29386934877324783,0.0,1.0
495,0.024731831277061217,0.26228702817264443,0.0,1.0
496,-0.05053490430039298,0.2773395851794671,0.0,1.0
497,0.0029547050283552554,0.2512559154413481,0.0,1.0
498,-0.004197706381567541,0.24452307615107727,0.0,1.0
499,0.12840648094244464,0.22787748086740922,0.0,1.0
500,0.09371115992743188,0.28189068133701006,0.0,1.0
501,-0.011235444689320489,0.24621806414996192,0.0,1.0
502,-0.050558755241434626,0.238493384964916,0.0,1.0
503,0.046967319564245436,0.22881463992688042,0.0,1.0
504,-0.055777705580967486,0.195452027476818,0.0,1.0
505,0.0500435024062983,0.23473663781367823,0.0,1.0
506,0.030196651720885388,0.22403858729363257,0.0,1.0
507,0.15095545074931857,0.30504584055419987,0.0,1.0
508,0.11891826828628431,0.25430657939934564,0.0,1.0
509,0.02649130961595147,0.19562533599716667,0.0,1.0
510,0.01267692627990695,0.2715460913462814,0.0,1.0
511,0.009341681298275418,0.2529403245242002,0.0,1.0
512,0.05040525234449175,0.27417601839154976,0.0,1.0
513,-0.02613100258872988,0.23012790688573537,0.0,1.0
514,-0.01603216234108862,0.23514377092872016,0.0,1.0
515,0.08383312317952658,0.2593718484046947,0.0,1.0
516,-0.01970628369166781,0.23454937961991154,0.0,1.0
517,0.06198435280295888,0.24713481594032727,0.0,1.0
518,0.011134287733384896,0.2822683692541174,0.0,1.0
519,0.044747901676399776,0.23515478030548675,0.0,1.0
520,-0.0022986790728621864,0.24180153215103628,0.0,1.0
521,0.01253238962751188,0.22455365419069165,0.0,1.0
522,-0.03401969333462972,0.23400757325805588,0.0,1.0
523,0.04042388738352031,0.22434974653006448,0.0,1.0
524,0.06954169167228196,0.27605428353418143,0.0,1.0
525,0.008848324750498598,0.26383151057616866,0.0,1.0
526,0.02920661033328621,0.23714034042673146,0.0,1.0
527,0.03877849258365535,0.23617585339516955,0.0,1.0
528,-0.021529336912469915,0.24959129957227363,0.0,1.0
529,0.03396100985730551,0.16879186353623665,0.0,1.0
530,0.07723785176483901,0.2380151508357834,0.0,1.0
531,0.007865748007300047,0.22812598699247513,0.0,1.0
532,-0.024946160802238992,0.2153402836983036,0.0,1.0
533,0.06171818035590321,0.2284856347350455,0.0,1.0
534,0.07396747580548163,0.21420295954603877,0.0,1.0
535,-0.0038434915514361234,0.2347216783943836,0.0,1.0
536,0.007360298572872619,0.2143885378333444,0.0,1.0
537,0.07319073829932209,0.24907240748812853,0.0,1.0
538,0.011088393832992899,0.27987568138561175,0.0,1.0
539,-0.050853326266642095,0.24924638764529194,0.0,1.0
540,0.04557942442141497,0.24672801925878826,0.0,1.0
541,0.08179333427176874,0.2751880021328092,0.0,1.0
542,0.04595979833269722,0.2538268292947896,0.0,1.0
543,0.04515264449674552,0.250376220783201,0.0,1.0
544,0.043328995502333385,0.220849701913347,0.0,1.0
545,0.02704368274587882,0.24619663069593703,0.0,1.0
546,0.03986377457643037,0.2625464152252404,0.0,1.0
547,0.09730428581739096,0.2752285267338673,0.0,1.0
548,0.036669403589384066,0.25789426468521426,0.0,1.0
549,0.011797263772226597,0.2530596704796666,0.0,1.0
550,-0.016117074292443776,0.2978694183363279,0.0,1.0
551,-0.012560035113803514,0.273519711217259,0.0,1.0
552,0.04649156010825734,0.2326390552406977,0.0,1.0
553,0.05520925412197847,0.2409986582776974,0.0,1.0
554,-0.055826018956814244,0.21942077896322423,0.0,1.0
555,-0.07440264406494074,0.2716894720241227,0.0,1.0
556,-0.11802928142009511,0.2799589044603486,0.0,1.0
557,-0.013489635828405457,0.27980253275325667,0.0,1.0
558,-0.02020422801587343,0.2077967317769092,0.0,1.0
559,0.05289726970290574,0.2515615858948402,0.0,1.0
560,-0.03350804329441977,0.2987515509014656,0.0,1.0
561,0.04351189578863221,0.2582725151709843,0.0,1.0
562,-0.003033593238271605,0.2373794387709857,0.0,1.0
563,-0.05179191645932433,0.21565708637368042,0.0,1.0
564,0.008678841748042431,0.25959398749130747,0.0,1.0
565,0.06901278580266962,0.29366539215134274,0.0,1.0
566,-0.001307772298678865,0.2411264358597663,0.0,1.0
567,0.007468771957320407,0.2663870358141501,0.0,1.0
568,-0.0009909126324752309,0.25938753349951754,0.0,1.0
569,-0.048448842245464425,0.2589607630111961,0.0,1.0
570,0.02372713678400054,0.2686015701752685,0.0,1.0
571,0.03551405256902234,0.2724764267664434,0.0,1.0
572,0.13941837751141098,0.22556400296246104,0.0,1.0
573,0.12161980986333189,0.25103663264316806,0.0,1.0
574,0.13629704421009103,0.22942040386191875,0.0,1.0
575,0.06717451347209426,0.24443338860424135,0.0,1.0
576,-0.03283614561686473,0.2895652583944652,0.0,1.0
577,-0.06751488241403526,0.2449082839087904,0.0,1.0
578,-0.038966780495844344,0.2220318914785039,0.0,1.0
579,-0.05737890666424352,0.26062170779209637,0.0,1.0
580,-0.05654554556120724,0.24853835146541906,0.0,1.0
581,-0.07501596683782913,0.24977798995346193,0.0,1.0
582,-0.061807462859797276,0.2555848590817787,0.0,1.0
583,-0.02810084295411219,0.2285359020943841,0.0,1.0
584,-0.07690183501951274,0.22095658499440907,0.0,1.0
585,0.009819313590980433,0.2632208847110709,0.0,1.0
586,0.01057789266055822,0.27941982722894193,0.0,1.0
587,0.06811023290573044,0.22835093269574902,0.0,1.0
588,0.06503985202508406,0.23363891417691737,0.0,1.0
589,-0.03494874648245288,0.2578807103224799,0.0,1.0
590,-0.048594049176903485,0.22911376281628268,0.0,1.0
591,0.022968389577733537,0.2586647954808885,0.0,1.0
592,0.006824968905743726,0.2271533366203465,0.0,1.0
593,0.00010088958883386345,0.2444157077564136,0.0,1.0
594,-0.03325556190512868,0.2958482369106641,0.0,1.0
595,0.012019725160631475,0.2475008113866198,0.0,1.0
596,0.08525432418132957,0.2562071187713622,0.0,1.0
597,0.06645690461146352,0.21867686748338486,0.0,1.0
598,0.090107190512369,0.2400839087467556,0.0,1.0
599,0.032158762973312084,0.26857936327919313,0.0,1.0
600,-0.03839031556450306,0.2269711524347795,0.0,1.0
601,0.03417848604571513,0.2248059188875913,0.0,1.0
602,0.059487730428949774,0.2719103779534491,0.0,1.0
603,0.013518263451495732,0.2616267193636895,0.0,1.0
604,0.04911127057060911,0.2167694806794153,0.0,1.0
605,0.08927298854705874,0.2321398617787953,0.0,1.0
606,-0.011831165014373722,0.23850892711431962,0.0,1.0
607,0.00037248693424624807,0.2299585406878739,0.0,1.0
608,0.05798909585766899,0.22518245295047404,0.0,1.0
609,-0.024198983456441354,0.2224993112198805,0.0,1.0
610,0.02540401545773563,0.24237139588694098,0.0,1.0
611,0.021622579562502946,0.2354729154132615,0.0,1.0
612,-0.028121949504215347,0.24518472616004838,0.0,1.0
613,0.05173820104950253,0.2673781195959264,0.0,1.0
614,-0.015819247330631423,0.30375696525866636,0.0,1.0
615,-0.06978232127997737,0.2934682636868266,0.0,1.0
616,-0.023132664244605177,0.22767788950497525,0.0,1.0
617,-0.06163334622943131,0.27610910540768924,0.0,1.0
618,0.01976873131139306,0.2526489117648887,0.0,1.0
619,-0.004317617492749296,0.2299053309863913,0.0,1.0
620,0.028328525163393292,0.2511198639746883,0.0,1.0
621,0.03322252673881824,0.2512689006442831,0.0,1.0
622,0.06132628046515576,0.2605079188635258,0.0,1.0
623,-0.0553274134894484,0.23906946178845487,0.0,1.0
624,-0.07094136039570322,0.21775836303447524,0.0,1.0
625,0.05269450127883099,0.2307224019020303,0.0,1.0
626,0.06709506891500479,0.1895707931202113,0.0,1.0
627,0.030854069856625924,0.24731058563755018,0.0,1.0
628,0.011383978566793523,0.2566957061819107,0.0,1.0
629,0.00665829903705033,0.23582281385609147,0.0,1.0
630,0.08225306751502227,0.21901293889024795,0.0,1.0
631,-0.05568266131260823,0.2316034921330267,0.0,1.0
632,-0.02086109197282626,0.21573899638536034,0.0,1.0
633,0.015975860652187823,0.238529346869925,0.0,1.0
634,0.04987144435787679,0.2534133627494135,0.0,1.0
635,0.0018644977704736405,0.22745412722417227,0.0,1.0
636,-0.03389142732753343,0.2343310559927414,0.0,1.0
637,-0.0009019821233636205,0.22586195652795063,0.0,1.0
638,0.050598077634812964,0.20433754000230198,0.0,1.0
639,0.028100970232025683,0.26247536364955676,0.0,1.0
640,0.009980330285780084,0.29812746388096373,0.0,1.0
641,-0.06648068890352263,0.25662833680623737,0.0,1.0
642,-0.00842511009719045,0.3282956218548414,0.0,1.0
643,-0.023461846426783246,0.2756398043266672,0.0,1.0
644,0.027800828313544013,0.20491908719506727,0.0,1.0
645,-0.07030746798515233,0.23602439356601587,0.0,1.0
646,-0.030437976191171934,0.23359884663061592,0.0,1.0
647,-0.008328619247996539,0.20695980957558346,0.0,1.0
648,-0.017690483989381837,0.22759679381247386,0.0,1.0
649,-0.04771573983656968,0.2672268952395423,0.0,1.0
650,-0.03303045373009549,0.2611767538395791,0.0,1.0
651,0.058872496268357104,0.249436012830653,0.0,1.0
652,0.0758948293066346,0.30022081258154304,0.0,1.0
653,0.05767164866972682,0.28685667425514055,0.0,1.0
654,-0.03120416593128578,0.23869409006800843,0.0,1.0
655,-0.05702773771931868,0.22944809073463288,0.0,1.0
656,-0.06832711190071811,0.29824718112941784,0.0,1.0
657,-0.017837013043916813,0.2568392196166959,0.0,1.0
658,-0.04139262526658405,0.20658505351492928,0.0,1.0
659,-0.044588318900525385,0.20233954810602203,0.0,1.0
660,-0.014286836848534379,0.22162562445595693,0.0,1.0
661,0.07759088409538573,0.22015857341225567,0.0,1.0
662,0.026123522855700906,0.24450860591125742,0.0,1.0
663,-0.029978848248264894,0.28591733032914207,0.0,1.0
664,-0.00158133194452031,0.23124543559855407,0.0,1.0
665,-0.053796547968475404,0.264705953908499,0.0,1.0
666,-0.0435800692534754,0.24067202278405486,0.0,1.0
667,0.02218650468894239,0.23572333653891916,0.0,1.0
668,-0.022742601072456584,0.2723160373176082,0.0,1.0
669,-0.07416700493154073,0.27182973207610284,0.0,1.0
670,-0.08045775757973016,0.2296078866594904,0.0,1.0
671,0.06692890414286544,0.24421764964275372,0.0,1.0
672,-0.015553634825864589,0.23630672728771762,0.0,1.0
673,0.02974069301503443,0.2762385341639642,0.0,1.0
674,0.1282780509856403,0.2707053166535589,0.0,1.0
675,0.04176226934748009,0.2696844747853439,0.0,1.0
676,0.09390820996272596,0.2639889877312076,0.0,1.0
677,0.07924907823105339,0.3024912421859019,0.0,1.0
678,0.0013392539055479037,0.27108342943009933,0.0,1.0
679,-0.0008197837746977502,0.2220566474794897,0.0,1.0
680,-0.06460396625023822,0.2612471840389495,0.0,1.0
681,0.00359355193811349,0.23198033033524335,0.0,1.0
682,-0.04074586168678173,0.2420084717519174,0.0,1.0
683,-0.043329219266431455,0.24494309065362505,0.0,1.0
684,-0.04879829588141455,0.23800044886922744,0.0,1.0
685,0.05520720254695997,0.2633307265971446,0.0,1.0
686,0.07064309880784368,0.26985503710686204,0.0,1.0
687,0.08623290645677573,0.23463274212267704,0.0,1.0
688,0.03758231205800542,0.241314785622629,0.0,1.0
689,0.004820992669724425,0.21072517635826418,0.0,1.0
690,0.008197977654329622,0.22667543598163742,0.0,1.0
691,-0.019923593440901072,0.19985261410385768,0.0,1.0
692,0.004545306715541641,0.21501490785492614,0.0,1.0
693,0.07886412052317358,0.22306971414206597,0.0,1.0
694,-0.03141909172016718,0.19717156199570662,0.0,1.0
695,0.013659473373221822,0.20788979138002306,0.0,1.0
696,-0.024407671543063673,0.2772708714170434,0.0,1.0
697,-0.02877174579268127,0.2548595916423568,0.0,1.0
698,0.030412145235556718,0.2824200967082547,0.0,1.0
699,0.04719245033545882,0.2529515161460508,0.0,1.0
700,0.053054931778395785,0.25443721922434154,0.0,1.0
701,0.08059876852690612,0.24197681359224835,0.0,1.0
702,0.042671920803392376,0.25168407390865905,0.0,1.0
703,-0.012192804269658747,0.2058668120503145,0.0,1.0
704,-0.05422987315788297,0.23790933644274612,0.0,1.0
705,-0.06656052837504559,0.23884534884265554,0.0,1.0
706,-0.10773770800259419,0.20906434295188578,0.0,1.0
707,-0.034894396015570726,0.24398467578449493,0.0,1.0
708,-0.010881526092611985,0.2683531872301313,0.0,1.0
709,0.039880190131274605,0.2565270653131079,0.0,1.0
710,-0.08488952146333441,0.32774503684285744,0.0,1.0
711,-0.05356651036096657,0.25800784370995716,0.0,1.0
712,-0.07828047830527775,0.22299392715002497,0.0,1.0
713,-0.05582890546697955,0.28890710749363124,0.0,1.0
714,-0.007727346515871997,0.2244789136134038,0.0,1.0
715,0.09413224281877093,0.22557907890211956,0.0,1.0
716,0.04736079479161178,0.21407991748636868,0.0,1.0
717,-0.03229911017256752,0.23565600003361364,0.0,1.0
718,-0.0038378097201776074,0.2558958724499451,0.0,1.0
719,-0.0347871428099196,0.2277239266064408,0.0,1.0
720,-0.034813046378864856,0.2634709058056999,0.0,1.0
721,-0.04813583497058368,0.24843814530432273,0.0,1.0
722,-0.03333803521257698,0.25465478107098366,0.0,1.0
723,0.021666584505657904,0.26230631858655773,0.0,1.0
724,-0.03233475460262686,0.24709923365227007,0.0,1.0
725,-0.013176921904081504,0.24411519812719795,0.0,1.0
726,-0.023679797936786633,0.27343798870626207,0.0,1.0
727,0.01571422882665351,0.2720020014677631,0.0,1.0
728,-0.043750600748641934,0.2649134848707879,0.0,1.0
729,-0.009677792589483957,0.29945295447877146,0.0,1.0
730,0.02835442437462762,0.2468730068963696,0.0,1.0
731,0.01941084405027672,0.24519173921315832,0.0,1.0
732,-0.0545282798045432,0.22949567051720024,0.0,1.0
733,-0.10062327410507681,0.28401293564121693,0.0,1.0
734,-0.028413321875017643,0.281311142223489,0.0,1.0
735,0.03755725837072963,0.220151532806768,0.0,1.0
736,0.02229154728891773,0.23042711921056167,0.0,1.0
737,0.011051937605716397,0.2624418628559109,0.0,1.0
738,-0.003593813031127796,0.2616868967678978,0.0,1.0
739,-0.0405389372988565,0.22691814831109372,0.0,1.0
740,0.007849272740213194,0.2461968068994794,0.0,1.0
741,0.0783704375673352,0.2472077699983315,0.0,1.0
742,0.04170383940195036,0.2548246838890702,0.0,1.0
743,0.08216486494325398,0.2683771774778216,0.0,1.0
744,-0.03300247191409237,0.2861316070520898,0.0,1.0
745,0.011143949118511924,0.2883150078333232,0.0,1.0
746,-0.027666422083054896,0.28072202933271423,0.0,1.0
747,0.04735749816742032,0.22140465107654386,0.0,1.0
748,0.059035470925879595,0.2961634981788847,0.0,1.0
749,0.053699183665719186,0.29445423552903316,0.0,1.0
750,0.0324274755157365,0.23784070523761627,0.0,1.0
751,-0.019109352327109464,0.25226440121273913,0.0,1.0
752,0.0764822690938336,0.3230193957194443,0.0,1.0
753,-0.005257039130206999,0.2733448729009904,0.0,1.0
754,0.012380318920239317,0.2529467774117931,0.0,1.0
755,-0.04341064195908718,0.23029961241848676,0.0,1.0
756,0.04206876481683469,0.28892252065951674,0.0,1.0
757,0.06263377539901398,0.269426152733076,0.0,1.0
758,0.017991004966653026,0.24421020115651584,0.0,1.0
759,-0.041925174438710196,0.2572491970807999,0.0,1.0
760,0.0821508890053635,0.26057424768963316,0.0,1.0
761,-0.06072415368462539,0.25881915568016184,0.0,1.0
762,-0.07598391699616969,0.26919680740663837,0.0,1.0
763,-0.06783888088846361,0.24807393602689695,0.0,1.0
764,-0.09657812650250897,0.28362059379518184,0.0,1.0
765,-0.08453763817481807,0.2886241784369569,0.0,1.0
766,-0.13003076826610266,0.23694538995975745,0.0,1.0
767,-0.09431923922547238,0.22083232913814602,0.0,1.0
768,-0.10718068801056291,0.23144691365938894,0.0,1.0
769,-0.03325948118632969,0.22656729763292235,0.0,1.0
770,-0.07771031773175838,0.21351559979442236,0.0,1.0
771,-0.05287841544406655,0.296657097141188,0.0,1.0
772,-0.02763532860543424,0.21707712044743888,0.0,1.0
773,-0.008393163814276336,0.25738958604770085,0.0,1.0
774,0.004947647467584267,0.24119159264221088,0.0,1.0
775,-0.007873292402954793,0.275662539904996,0.0,1.0
776,0.011613277673754656,0.2567022298531659,0.0,1.0
777,-0.0019162698242124188,0.24314566848044294,0.0,1.0
778,-0.02949466939840296,0.2976009234587864,0.0,1.0
779,-0.022620246564820718,0.24802724873141624,0.0,1.0
780,0.020632629568810873,0.30465825825846465,0.0,1.0
781,0.021815470468585885,0.20968470656447044,0.0,1.0
782,0.05457222157961137,0.24426323010225884,0.0,1.0
783,1.88746726814427e-05,0.20234923014563325,0.0,1.0
784,-0.0085363433955645,0.2411024566208145,0.0,1.0
785,-0.005171317221803279,0.23313956205511163,0.0,1.0
786,-0.01667987696754581,0.20452635245791648,0.0,1.0
787,-0.043561758088536996,0.2036355804030364,0.0,1.0
788,-0.034480064031959946,0.23693577506182273,0.0,1.0
789,-0.07109896504011758,0.2771106604840361,0.0,1.0
790,-0.021442798331924546,0.26693176430661697,0.0,1.0
791,0.021131577127776278,0.25471383611657833,0.0,1.0
792,0.06598212997639791,0.24553911911092666,0.0,1.0
793,0.053573517647402175,0.23833784569052488,0.0,1.0
794,0.0180638227412717,0.27468834774793605,0.0,1.0
795,-0.0034583354922990187,0.23047668346154548,0.0,1.0
796,0.12422329731821018,0.2645327634650761,0.0,1.0
797,0.035501404418358064,0.23729581253018886,0.0,1.0
798,-0.033507766977236945,0.21386878322720237,0.0,1.0
799,-0.14414955843721391,0.24996015492393978,0.0,1.0
800,-0.0967287631476164,0.24586385331662175,0.0,1.0
801,-0.07597763575820556,0.2703913920509427,0.0,1.0
802,-0.043317524859318286,0.25018908976614185,0.0,1.0
803,-0.11928694140309415,0.24177857077186515,0.0,1.0
804,-0.06646559313405724,0.23814613537845553,0.0,1.0
805,0.038744706851712,0.2647507510902016,0.0,1.0
806,-0.04375728795017445,0.32846604818485786,0.0,1.0
807,-0.0664338568602259,0.2703831370281691,0.0,1.0
808,0.005106154325887897,0.2609901334086579,0.0,1.0
809,-0.008207223552410353,0.21461819295524123,0.0,1.0
810,0.04398291756763704,0.2492818857761112,0.0,1.0
811,-0.008568363019132172,0.23610791342559515,0.0,1.0
812,0.04794016334855553,0.2224451801040964,0.0,1.0
813,-0.0038439681908785848,0.2565543820274258,0.0,1.0
814,0.037170332556631755,0.24350254361920154,0.0,1.0
815,0.03435297346208394,0.2597073981389569,0.0,1.0
816,0.016436065922237484,0.29093267178958016,0.0,1.0
817,0.04528627708778358,0.24406425992609174,0.0,1.0
818,-0.02334258842323261,0.2586806299761902,0.0,1.0
819,-0.020513468035759177,0.2226319526743971,0.0,1.0
820,0.053485366334992214,0.22108492928202975,0.0,1.0
821,0.04745483935063757,0.2697382699635266,0.0,1.0
822,0.020425534113135205,0.24141913792184444,0.0,1.0
823,0.08070161093441232,0.2773091204980585,0.0,1.0
824,0.01491010720204903,0.2623452863382187,0.0,1.0
825,-0.0007174513509788557,0.2118430236446962,0.0,1.0
826,-0.08619564928197897,0.2129983658841508,0.0,1.0
827,-0.06172428693295338,0.2800375103779309,0.0,1.0
828,-0.06866646814216273,0.2589421826110125,0.0,1.0
829,-0.06293709591470405,0.22934248767289458,0.0,1.0
830,-0.0021671177121650106,0.24785466408422266,0.0,1.0
831,0.007182196900212277,0.24311862362160216,0.0,1.0
832,-0.03536249767975062,0.22476441592365992,0.0,1.0
833,0.08972040613829564,0.2614014126968595,0.0,1.0
834,0.010823088862607992,0.20522614799445535,0.0,1.0
835,0.020775318933971883,0.21442561232793036,0.0,1.0
836,0.021131544739844455,0.26722320779832653,0.0,1.0
837,0.049873691578694306,0.24903576500424526,0.0,1.0
838,0.08001748919246503,0.21678120355384703,0.0,1.0
839,0.012702265903032047,0.26292603904681094,0.0,1.0
840,-0.005744415698300067,0.23251432461605206,0.0,1.0
841,0.0071652673097071145,0.2540576316889664,0.0,1.0
842,0.018397090508241145,0.25118290812671956,0.0,1.0
843,-0.019143440724729222,0.21591749184600662,0.0,1.0
844,-0.04323462064614684,0.22940868884133558,0.0,1.0
845,0.03129363096788276,0.2562280999775506,0.0,1.0
846,0.046878149543093724,0.223061075726783,0.0,1.0
847,0.046084856890042554,0.2394388418413537,0.0,1.0
848,0.07680301054486441,0.23217469471797023,0.0,1.0
849,0.013910394274233769,0.24953462455043574,0.0,1.0
850,0.06512286833087987,0.25111938141560003,0.0,1.0
851,0.0019956077975255954,0.20959341612441026,0.0,1.0
852,0.07865433310768609,0.27879029410565026,0.0,1.0
853,0.05136435650764425,0.22680764196481798,0.0,1.0
854,0.04041472759833244,0.24562884946376765,0.0,1.0
855,0.15462193362445945,0.2590698825246308,0.0,1.0
856,-0.04162842966392231,0.26523011092291754,0.0,1.0
857,0.01955633664774258,0.2671466011684589,0.0,1.0
858,0.01115446076011214,0.23390770996141233,0.0,1.0
859,-0.10720419712075575,0.25597259664785404,0.0,1.0
860,-0.02619735799395086,0.24902800918920862,0.0,1.0
861,0.03926919446667487,0.20977395290906697,0.0,1.0
862,0.11825500164274066,0.3209310793338397,0.0,1.0
863,0.05978622430730748,0.24895034179991385,0.0,1.0
864,0.0746667485775228,0.21918008858295432,0.0,1.0
865,0.15309153970363656,0.2729321176369347,0.0,1.0
866,-0.0014739567142762918,0.2533011011437577,0.0,1.0
867,0.02897038546958644,0.27127406395038506,0.0,1.0
868,0.08742459447830442,0.24829383822022977,0.0,1.0
869,0.051862709166080656,0.26573034655804734,0.0,1.0
870,0.04504912243006461,0.24967660546124923,0.0,1.0
871,0.024125513615343954,0.23783821211408832,0.0,1.0
872,0.08111720543768268,0.25317763551054573,0.0,1.0
873,0.0767127994288024,0.24735653032284569,0.0,1.0
874,0.06364577043093303,0.2455406110677719,0.0,1.0
875,0.015099938353286197,0.2955155329314763,0.0,1.0
876,-0.02767321394031851,0.24656405442846538,0.0,1.0
877,-0.0077477692169890715,0.2494148854784185,0.0,1.0
878,-0.07942452616835104,0.2053166328197631,0.0,1.0
879,-0.02864276404089865,0.23841146626089718,0.0,1.0
880,-0.006033598482779752,0.25543542577409734,0.0,1.0
881,-0.058387940816271834,0.2178721820109681,0.0,1.0
882,0.007474233353534257,0.2813081434527087,0.0,1.0
883,-0.01619958750181953,0.2502716588871007,0.0,1.0
884,0.09062882715607117,0.2804174853675169,0.0,1.0
885,0.05683570107276428,0.22398332406377,0.0,1.0
886,0.039311841576542376,0.25621625560610056,0.0,1.0
887,0.08912466425212047,0.3059738097527578,0.0,1.0
888,0.011218318871819255,0.2385975888428471,0.0,1.0
889,-0.019100781243842086,0.2270094592930011,0.0,1.0
890,-0.01290935590987564,0.2204171875660741,0.0,1.0
891,0.11570969543785736,0.270563992719047,0.0,1.0
892,0.08225938405687502,0.31275035060097395,0.0,1.0
893,0.0071286723100890915,0.25705445213481937,0.0,1.0
894,0.007073028858985604,0.2538024775840891,0.0,1.0
895,0.023858987629580785,0.20617763129020075,0.0,1.0
896,-0.07743202022175215,0.24344551023923464,0.0,1.0
897,-0.012671309206749309,0.23760700121133163,0.0,1.0
898,-0.04589769916591654,0.2898220804762102,0.0,1.0
899,-0.03419738381714982,0.30537776005629547,0.0,1.0
900,0.091533320782207,0.2691117848275425,0.0,1.0
901,0.01966805366983727,0.273479286509183,0.0,1.0
902,-0.058633875778283495,0.25612486171766297,0.0,1.0
903,-0.02832796834259421,0.21082715551944073,0.0,1.0
904,0.029181951932428007,0.21880265298452986,0.0,1.0
905,-0.04760746370054131,0.24599703275589632,0.0,1.0
906,-0.04140331931936179,0.24340728701909242,0.0,1.0
907,-0.020957574322464284,0.2567849277522232,0.0,1.0
908,-0.004090159620545625,0.2854775558191847,0.0,1.0
909,-0.06258664667165707,0.2657707299932268,0.0,1.0
910,0.0455159105072637,0.2834466971409589,0.0,1.0
911,0.07156006046477922,0.23759135049491617,0.0,1.0
912,0.17266105494526987,0.25051648271035093,0.0,1.0
913,0.09270357323068763,0.22195479884911215,0.0,1.0
914,0.04521425139258813,0.23918457149584238,0.0,1.0
915,0.014552177253715442,0.2903478043269932,0.0,1.0
916,-0.04412445981299398,0.2703662825497392,0.0,1.0
917,-0.023744667939048947,0.2803060907952131,0.0,1.0
918,0.009822790016007688,0.20332005276087003,0.0,1.0
919,-0.019295899123968206,0.27504726178054456,0.0,1.0
920,0.03270871091562224,0.28882392649024613,0.0,1.0
921,0.0319622606859651,0.30091932602164734,0.0,1.0
922,0.1131681140087495,0.2513650773906722,0.0,1.0
923,0.08788699287608907,0.25905413167310626,0.0,1.0
924,0.0350669274784376,0.25534197118595126,0.0,1.0
925,-0.03429461990711546,0.21456616780487506,0.0,1.0
926,0.0014511158076546498,0.26598107849039637,0.0,1.0
927,-0.019980874120011937,0.228582818867721,0.0,1.0
928,0.016314439902137212,0.2161358855089536,0.0,1.0
929,0.014020004627383257,0.25591505053281854,0.0,1.0
930,-0.013975268257815822,0.22469794608963234,0.0,1.0
931,0.023673711219739078,0.23536859616709638,0.0,1.0
932,-0.10447284823132175,0.26239212668467854,0.0,1.0
933,-0.038042037780808606,0.2841932586776728,0.0,1.0
934,-0.08103900779510904,0.24494316310338418,0.0,1.0
935,-0.03816359471817049,0.21497845197095786,0.0,1.0
936,-0.12718603180430238,0.2599881283560412,0.0,1.0
937,9.850609763516205e-05,0.21653957774450552,0.0,1.0
938,-0.04689194203839866,0.1949515530217106,0.0,1.0
939,0.03555201683378901,0.222865842241783,0.0,1.0
940,-0.02110913845067627,0.2577795418108421,0.0,1.0
941,-0.02667458039357534,0.245209213824543,0.0,1.0
942,-0.05954715677442277,0.30704012340286274,0.0,1.0
943,-0.07742798734245675,0.26925278511595685,0.0,1.0
944,0.018581265431413408,0.2535252043686867,0.0,1.0
945,-0.09450030436156177,0.29742126074344094,0.0,1.0
946,-0.025591921059878838,0.27009376466024987,0.0,1.0
947,-0.04210334631218681,0.26847024562542915,0.0,1.0
948,-0.0014134570240770066,0.2833754404220768,0.0,1.0
949,-0.02786519345043653,0.26582119336288385,0.0,1.0
950,-0.01026750121302677,0.26558419590047505,0.0,1.0
951,-0.004053886790490509,0.24356972455926643,0.0,1.0
952,-0.02476531598035636,0.23473292789594424,0.0,1.0
953,0.01017644530522373,0.23195230097856748,0.0,1.0
954,-0.1012430263756876,0.28122241619832955,0.0,1.0
955,0.04717541851326144,0.2328420495923921,0.0,1.0
956,-0.012748409951695683,0.24980276817623218,0.0,1.0
957,0.0017397449254307588,0.2514124656346504,0.0,1.0
958,0.05501523128713861,0.2563507726668815,0.0,1.0
959,0.05179612364478411,0.22343115623425414,0.0,1.0
960,0.017966076032946345,0.24186507684815384,0.0,1.0
961,-0.02306640683998379,0.23044381904810232,0.0,1.0
962,-0.09767922789521583,0.26086928206848276,0.0,1.0
963,-0.014960501448425242,0.23769037591137887,0.0,1.0
964,0.08774699172376506,0.22224345354370337,0.0,1.0
965,0.031190894848160417,0.19993163820049253,0.0,1.0
966,0.034384117958361944,0.20101012796231674,0.0,1.0
967,-0.04329013619241882,0.23851260725898604,0.0,1.0
968,-0.025917317768133188,0.24262579303377,0.0,1.0
969,-0.03464188940066557,0.21793522693813375,0.0,1.0
970,0.0027349624467774905,0.2784626368914133,0.0,1.0
971,0.04916788631297143,0.22000775217415205,0.0,1.0
972,0.01282272016288559,0.28560768946096143,0.0,1.0
973,-0.00047932411789484525,0.26442567003996903,0.0,1.0
974,0.020111171107402095,0.27309830687289743,0.0,1.0
975,0.02824817376916049,0.22647370586111434,0.0,1.0
976,0.02595472969055238,0.21450958802545736,0.0,1.0
977,-0.021288390394119786,0.276649766858346,0.0,1.0
978,-0.05619797291824585,0.22207759026482657,0.0,1.0
979,-0.11632594112005634,0.26835975508802457,0.0,1.0
980,-0.021282212094544197,0.23689507685745856,0.0,1.0
981,0.04475266011858022,0.25662355939741976,0.0,1.0
982,-0.03253222792105793,0.31223964350248207,0.0,1.0
983,-0.016696502480693265,0.21993600849977502,0.0,1.0
984,0.008536835600326337,0.24733316259443075,0.0,1.0
985,-0.09390077492230807,0.26228183006516015,0.0,1.0
986,0.015459442465354412,0.2703758779016378,0.0,1.0
987,-0.09389485240506329,0.27107214029692517,0.0,1.0
988,-0.01387293375399352,0.22366617270625624,0.0,1.0
989,0.007881529867252858,0.20494168607513807,0.0,1.0
990,-0.01680408308164021,0.2128504640165094,0.0,1.0
991,-0.05541486729723157,0.23726765541249847,0.0,1.0
992,-0.0767332033281643,0.26049385008867976,0.0,1.0
993,0.011914940555550447,0.27085479834884685,0.0,1.0
994,-0.011605666634230204,0.3124062840036004,0.0,1.0
995,0.03347518444385779,0.2522168585851756,0.0,1.0
996,0.004004128294274011,0.25757274547132614,0.0,1.0
997,-0.05426397733221852,0.24472755504254193,0.0,1.0
998,-0.07748232512890277,0.24964478306741597,0.0,1.0
999,-0.06896493520955184,0.2481711570107148,0.0,1.0
1000,-0.10376140619460361,0.26797811403777694,0.0,1.0
1001,-0.06076670297681396,0.26498633957149803,0.0,1.0
1002,-0.043407383412848964,0.2587294030635947,0.0,1.0
1003,-0.013883199593302108,0.23246509891064324,0.0,1.0
1004,0.02943768343865129,0.2698714997407261,0.0,1.0
1005,-0.0317362465693778,0.2732699716708325,0.0,1.0
1006,0.017208501994148733,0.281655401522725,0.0,1.0
1007,0.026546878894876263,0.23056956581741941,0.0,1.0
1008,0.06117779825951888,0.21514186687110345,0.0,1.0
1009,0.09075482383333977,0.25007875187340806,0.0,1.0
1010,-0.06057862995993497,0.23877912971821355,0.0,1.0
1011,-0.07753686487925858,0.23641609685962758,0.0,1.0
1012,0.01564806515522842,0.2453333080977842,0.0,1.0
1013,0.020132696980952353,0.2599685453561532,0.0,1.0
1014,-0.02802878545203709,0.2446581225300859,0.0,1.0
1015,-0.007900996524442807,0.2651101762024406,0.0,1.0
1016,-0.0758811504094166,0.21582647965318869,0.0,1.0
1017,-0.014473524849312165,0.232975832521403,0.0,1.0
1018,-0.09224222773663364,0.2715806048378797,0.0,1.0
1019,-0.09291662654858834,0.25798558733628196,0.0,1.0
1020,0.0017124682852459096,0.2882142185862019,0.0,1.0
1021,0.04524743889457617,0.23761657463513883,0.0,1.0
1022,-0.06819511214182236,0.2837481619193296,0.0,1.0
1023,-0.020622388141091585,0.29300882458365607,0.0,1.0
1024,-0.059262395873150846,0.24329847217861597,0.0,1.0
1025,-0.11995113202958907,0.25748653247872816,0.0,1.0
1026,-0.029294381449228565,0.2562745954770019,0.0,1.0
1027,-0.04910590845815498,0.25360348625912776,0.0,1.0
1028,0.0183520093278371,0.2668010991675616,0.0,1.0
1029,0.021214491961818845,0.2952955122382793,0.0,1.0
1030,0.04586654106960341,0.28081307821432655,0.0,1.0
1031,0.018000097811106175,0.2513769524641323,0.0,1.0
1032,0.09400834027618409,0.2382368220454356,0.0,1.0
1033,0.006562075377152528,0.25230469630824875,0.0,1.0
1034,-0.015501519166743588,0.24656286770468502,0.0,1.0
1035,-0.007538038852257178,0.20934044636050123,0.0,1.0
1036,-0.043298008990217136,0.258985762964723,0.0,1.0
1037,-0.01393851087414962,0.24257500912956909,0.0,1.0
1038,0.04124394668429615,0.2956058280110547,0.0,1.0
1039,0.09948090526905336,0.24635749712499685,0.0,1.0
1040,0.0950974229219556,0.23899504841739092,0.0,1.0
1041,0.07040450447454162,0.2623905394363653,0.0,1.0
1042,0.07725606111600762,0.265647283410882,0.0,1.0
1043,-0.038959503499352864,0.23375527482681183,0.0,1.0
1044,0.03324887433832464,0.2273395532215332,0.0,1.0
1045,0.103312289644507,0.280736102178853,0.0,1.0
1046,0.043915193912611596,0.2561613088272654,0.0,1.0
1047,-0.028782856962863257,0.2036713798806031,0.0,1.0
1048,-0.07892010740137197,0.23429111939946146,0.0,1.0
1049,0.044883580230917736,0.2458322779212755,0.0,1.0
1050,0.013766192629406588,0.288276793280761,0.0,1.0
1051,-0.07723079541457371,0.2751170449487543,0.0,1.0
1052,0.05647180697450488,0.31369251302195694,0.0,1.0
1053,0.0574682974832047,0.25497176796771637,0.0,1.0
1054,0.013218347494238067,0.2500368921847473,0.0,1.0
1055,-0.057695690746301764,0.28240324969208025,0.0,1.0
1056,0.028052179913792063,0.2501070739672781,0.0,1.0
1057,0.013093006268283336,0.24119067663017021,0.0,1.0
1058,0.05969002152617755,0.22054552288970328,0.0,1.0
1059,0.057774988167787374,0.25524404165838516,0.0,1.0
1060,-0.032358585255180504,0.22310766662394932,0.0,1.0
1061,0.08050346409331101,0.2684842431277632,0.0,1.0
1062,-0.005722631408320272,0.2398319281649565,0.0,1.0
1063,0.017417181311392943,0.26089631377301975,0.0,1.0
1064,0.06520992179607624,0.20611405640750832,0.0,1.0
1065,0.01973663736030017,0.2232105421284526,0.0,1.0
1066,-0.014372042018510472,0.2969405175057756,0.0,1.0
1067,-0.036710854869962777,0.23821811761865982,0.0,1.0
1068,0.06872312482834277,0.2277789200912861,0.0,1.0
1069,-0.006678818676108533,0.24107828993232738,0.0,1.0
1070,0.06359525528582631,0.25883171060958143,0.0,1.0
1071,0.01924274090563,0.2919896842471761,0.0,1.0
1072,0.001159666368797672,0.2677824851229182,0.0,1.0
1073,0.0693437469749086,0.23896370421285837,0.0,1.0
1074,0.05840593555697087,0.24112274611521048,0.0,1.0
1075,-0.001113028246524474,0.23804806351000019,0.0,1.0
1076,0.0030611786472353624,0.23792147501184935,0.0,1.0
1077,-0.03514828810291607,0.2555465198945967,0.0,1.0
1078,-0.050391070334504205,0.25724572320373623,0.0,1.0
1079,-0.016525527852847555,0.2568644679200371,0.0,1.0
1080,0.005173003862050764,0.2979777600422491,0.0,1.0
1081,0.03228257243289032,0.19109162049140385,0.0,1.0
1082,-0.009484395363814355,0.2337081036547283,0.0,1.0
1083,-0.0361403845350658,0.24430558140176614,0.0,1.0
1084,-0.010464871657419264,0.28576572344525153,0.0,1.0
1085,0.030891219219628657,0.25882340752272026,0.0,1.0
1086,0.008119317537694263,0.23567985774337438,0.0,1.0
1087,0.08761329157183247,0.24958216063083247,0.0,1.0
1088,0.05596015495224635,0.2633336753832835,0.0,1.0
1089,-0.06001476522210867,0.2559059073312859,0.0,1.0
1090,0.02322034290788136,0.25615691497696996,0.0,1.0
1091,-0.018983062840368197,0.21361205305731146,0.0,1.0
1092,-0.03621695479754025,0.27130788746812345,0.0,1.0
1093,0.05067076089347064,0.24759385233445694,0.0,1.0
1094,0.05076039613671492,0.19861370680196713,0.0,1.0
1095,0.11042260161703993,0.25613629095510015,0.0,1.0
1096,0.08169239208607909,0.2567131607088354,0.0,1.0
1097,-0.009315698958185332,0.2207345078960341,0.0,1.0
1098,-0.08690611138076565,0.20879139906330021,0.0,1.0
1099,-0.07393863107444043,0.23881012131409285,0.0,1.0
1100,-0.0504420330479943,0.2813380327750231,0.0,1.0
1101,0.0257362861477114,0.24743067880062122,0.0,1.0
1102,-0.03093806894686647,0.25782602585500075,0.0,1.0
1103,0.025661998655407442,0.22447731528658876,0.0,1.0
1104,0.03530778663733825,0.2607719562533635,0.0,1.0
1105,0.03226144269358516,0.3027929910642943,0.0,1.0
1106,0.06327993395005367,0.27374892724865435,0.0,1.0
1107,-0.019404005739357407,0.2761255993557568,0.0,1.0
1108,0.02641557688035435,0.2728157137852078,0.0,1.0
1109,0.03939477483145261,0.30651917999855743,0.0,1.0
1110,-0.023060673688520165,0.25097804741884916,0.0,1.0
1111,0.029689186377379134,0.22283442434654047,0.0,1.0
1112,-0.06267701267651928,0.29997846586216376,0.0,1.0
1113,-0.1104223296144395,0.2756180669229074,0.0,1.0
1114,-0.0637814250668644,0.3056373162165822,0.0,1.0
1115,0.0089588330489699,0.26672908997216194,0.0,1.0
1116,0.043614042083315784,0.30016579064889926,0.0,1.0
1117,-0.027039336442171682,0.2674797401306382,0.0,1.0
1118,0.09841726207576003,0.2677143325899339,0.0,1.0
1119,0.028555867601239283,0.31975528816714327,0.0,1.0
1120,0.05404651217631957,0.24496051576474795,0.0,1.0
1121,0.04260380017089368,0.2896889301384384,0.0,1.0
1122,-0.025275336195031074,0.26299253709390896,0.0,1.0
1123,-0.04777338007473622,0.28032631661072943,0.0,1.0
1124,-0.00040474201108804214,0.2225064298345197,0.0,1.0
1125,-0.028952169952898343,0.23160116009319265,0.0,1.0
1126,0.08679190332000193,0.26047531430785703,0.0,1.0
1127,0.011584270103661495,0.23818561119060666,0.0,1.0
1128,-0.030166053196878984,0.24331226341095494,0.0,1.0
1129,-0.05749965944210158,0.2294209986760154,0.0,1.0
1130,-0.030513286315958555,0.24802731174945847,0.0,1.0
1131,-0.03233713486616655,0.20273458799738,0.0,1.0
1132,-0.01715686882978713,0.21950792611743275,0.0,1.0
1133,-0.006860205653923027,0.20512297384757225,0.0,1.0
1134,0.0071547851032548225,0.23724819918420179,0.0,1.0
1135,-0.02103606296885602,0.2587807603916872,0.0,1.0
1136,0.00492994704696588,0.2872451055709739,0.0,1.0
1137,-0.043112597357959526,0.2724264386988737,0.0,1.0
1138,-0.03997245116977641,0.3047439542435069,0.0,1.0
1139,-0.051398058011004825,0.25201006374764484,0.0,1.0
1140,-0.06284308027117962,0.2727012272283102,0.0,1.0
1141,-0.01782009334555523,0.26600404404483063,0.0,1.0
1142,-0.06517734483874306,0.24292182921586888,0.0,1.0
1143,0.004374464793908972,0.26054688600961906,0.0,1.0
1144,-0.011059005589527743,0.2944168535343208,0.0,1.0
1145,-0.012087350670431457,0.23246230565627846,0.0,1.0
1146,0.035201357952815614,0.21523407284933818,0.0,1.0
1147,0.04533171356100577,0.2469734809563319,0.0,1.0
1148,0.016771819366135945,0.2622379443401618,0.0,1.0
1149,0.021937704276292682,0.2543810442478392,0.0,1.0
1150,0.013273329315314783,0.23116800981488614,0.0,1.0
1151,-0.0686576778374864,0.23861865444416494,0.0,1.0
1152,0.0011323603669034347,0.2582759299717184,0.0,1.0
1153,-0.055825786266984256,0.2085147680878681,0.0,1.0
1154,0.028177916816371024,0.2524061026214599,0.0,1.0
1155,-0.04295308878709642,0.2890236554039208,0.0,1.0
1156,-0.09253223490538587,0.256143290633207,0.0,1.0
1157,-0.004345443742229753,0.25438642825798974,0.0,1.0
1158,0.1107139548652828,0.2699007856003652,0.0,1.0
1159,-0.01064891699924444,0.2657195335077068,0.0,1.0
1160,-0.03656996778345886,0.260810192245285,0.0,1.0
1161,0.0027063388507329866,0.2561479561467936,0.0,1.0
1162,0.04263349145559888,0.2802179549476436,0.0,1.0
1163,0.07550008196874812,0.2481867429682,0.0,1.0
1164,0.08284251551072183,0.23150843796831766,0.0,1.0
1165,0.042295806025237304,0.2354620814476337,0.0,1.0
1166,0.0010005532500558096,0.29284788838319814,0.0,1.0
1167,0.01056161120781282,0.2645680086949577,0.0,1.0
1168,0.0661044088414074,0.26197094623163225,0.0,1.0
1169,0.018182017835393877,0.24578540120830342,0.0,1.0
1170,-0.07170008328982545,0.25659144981868226,0.0,1.0
1171,-0.0340081101608269,0.24908408322340445,0.0,1.0
1172,-0.008127572338816036,0.2412027975935661,0.0,1.0
1173,0.02755195460576217,0.26402879221388936,0.0,1.0
1174,-0.0019426139674448284,0.2459307163062284,0.0,1.0
1175,0.013235138962995599,0.2654332667139608,0.0,1.0
1176,0.028317072601102927,0.22401908303313323,0.0,1.0
1177,0.04098947874713458,0.2306315006094953,0.0,1.0
1178,0.06384079721645634,0.24699576782460664,0.0,1.0
1179,-0.06320773542429352,0.2740623888887726,0.0,1.0
1180,-0.0059817561102118765,0.261319811995765,0.0,1.0
1181,0.03994071919370554,0.24216402925831837,0.0,1.0
1182,0.11954092784719494,0.2898597523348188,0.0,1.0
1183,0.05255354878640303,0.2987130525665724,0.0,1.0
1184,0.054625695917702145,0.28485644676841965,0.0,1.0
1185,0.004299302643891269,0.2682060056062207,0.0,1.0
1186,-0.026529181040211684,0.24611144315586986,0.0,1.0
1187,0.019911590938673816,0.2116486009998422,0.0,1.0
1188,0.012017667710237526,0.23341907888886135,0.0,1.0
1189,-0.08350946259483984,0.2217742028894738,0.0,1.0
1190,-0.06595328146504273,0.24629225644581135,0.0,1.0
1191,-0.018753110313005434,0.2308345522942377,0.0,1.0
1192,-0.013017140790087922,0.24868437298566815,0.0,1.0
1193,0.04436983034044852,0.21101003050801811,0.0,1.0
1194,0.04550845003080334,0.24680418982871388,0.0,1.0
1195,-0.0629939919578575,0.2450177743560189,0.0,1.0
1196,-0.04727571923411312,0.20086336649028858,0.0,1.0
1197,-0.03684244773420104,0.2893550709464696,0.0,1.0
1198,-0.00885110674734294,0.30620525554403555,0.0,1.0
1199,0.14889783245491514,0.2806303854624447,0.0,1.0
1200,0.03406504369316032,0.25205045036515006,0.0,1.0
1201,0.05819933520250744,0.2607435128013303,0.0,1.0
1202,0.03227444929684754,0.22137411148272754,0.0,1.0
1203,-0.027745251985366176,0.23297845391231953,0.0,1.0
1204,-0.031388930372902704,0.20841158969998555,0.0,1.0
1205,0.017485476248415614,0.21603670567062738,0.0,1.0
1206,0.0029744959782389605,0.244163595150889,0.0,1.0
1207,-0.04804816743982421,0.23300852557455767,0.0,1.0
1208,0.05006303399171247,0.23714601545857583,0.0,1.0
1209,-0.016493293710295148,0.246956271367034,0.0,1.0
1210,-0.02851397413486524,0.23546522496500355,0.0,1.0
1211,-0.0177260125316621,0.2717744855801743,0.0,1.0
1212,0.03433902098939281,0.2722200062154324,0.0,1.0
1213,-0.0013209158639923418,0.2869494931795717,0.0,1.0
1214,0.004602479143803323,0.21958404729390493,0.0,1.0
1215,0.03794925085895288,0.23561782541950035,0.0,1.0
1216,0.03309808717746639,0.24009371154620518,0.0,1.0
1217,0.022385788335053322,0.2561405932081539,0.0,1.0
1218,0.00408688582925915,0.2621936302383301,0.0,1.0
1219,0.043048080986512506,0.25621006247015704,0.0,1.0
1220,0.02728970806884083,0.25290736773261907,0.0,1.0
1221,0.047807968928653855,0.25153064538859177,0.0,1.0
1222,0.017733272666219026,0.21126697848653064,0.0,1.0
1223,-0.06868662506672514,0.26023195168986163,0.0,1.0
1224,-0.0370754812673355,0.24192973157251685,0.0,1.0
1225,-0.02213712332334049,0.23624321689047856,0.0,1.0
1226,0.015411765265998675,0.2786210794601733,0.0,1.0
1227,0.01832396502530809,0.23406690096533475,0.0,1.0
1228,0.07896299622450627,0.26727920607282973,0.0,1.0
1229,0.021184189458405497,0.3076420953003202,0.0,1.0
1230,0.05717015666438019,0.2673481304819498,0.0,1.0
1231,0.05225490469552802,0.2868809990377173,0.0,1.0
1232,0.007832151546914218,0.22926545905306037,0.0,1.0
1233,-0.013653023337109575,0.2276654141005332,0.0,1.0
1234,-0.026920121018845698,0.2149948623203597,0.0,1.0
1235,-0.01928434426371486,0.23507382254953857,0.0,1.0
1236,-0.03456880072056325,0.2537778064409016,0.0,1.0
1237,-0.017141141201146487,0.24497243229508905,0.0,1.0
1238,0.030891996511927033,0.2769753829557854,0.0,1.0
1239,-0.012361338652671297,0.2588903392503653,0.0,1.0
1240,-0.015658787182533294,0.25252438516497683,0.0,1.0
1241,-0.021778450506699548,0.2742860349979668,0.0,1.0
1242,0.031768322473755335,0.2621216815773086,0.0,1.0
1243,0.014751373484504879,0.29366919228391414,0.0,1.0
1244,0.014143743746538989,0.2608093595671012,0.0,1.0
1245,-0.04558725148930898,0.25147579991229047,0.0,1.0
1246,-0.006494897035296811,0.2770562347736592,0.0,1.0
1247,-0.04568339802081909,0.21391092426140812,0.0,1.0
1248,-0.05624117384601898,0.2429509758374059,0.0,1.0
1249,0.0015795124513729626,0.20425191478537175,0.0,1.0
1250,-0.01081341051927606,0.2705902094702363,0.0,1.0
1251,-0.04833332500626003,0.24828630334670124,0.0,1.0
1252,0.019831530564285122,0.2197747660133995,0.0,1.0
1253,-0.09143997077007683,0.2547663482077251,0.0,1.0
1254,-0.08446952151264532,0.2355704601473636,0.0,1.0
1255,-0.05068649139313002,0.20354269743077744,0.0,1.0
1256,-0.025355015048841203,0.28388498326928907,0.0,1.0
1257,0.03687047363242538,0.26777580623039715,0.0,1.0
1258,-0.08534001682218967,0.25187575058307127,0.0,1.0
1259,-0.05646456652079664,0.2976333867620126,0.0,1.0
1260,-0.002569797339706618,0.2776563759350845,0.0,1.0
1261,0.01010459577407393,0.2236622321931604,0.0,1.0
1262,0.05078168181304177,0.301668553203217,0.0,1.0
1263,0.03073593168906144,0.2749121470385881,0.0,1.0
1264,0.01308297618036739,0.2643650174505419,0.0,1.0
1265,-0.025853669077100863,0.2146062277202252,0.0,1.0
1266,-0.055606277878572134,0.26528147094741406,0.0,1.0
1267,0.016997335557913735,0.2545580745177731,0.0,1.0
1268,-0.02923301515915615,0.24888085582601185,0.0,1.0
1269,0.009335771311344623,0.2506466767585114,0.0,1.0
1270,0.05386281629819665,0.26036168399420717,0.0,1.0
1271,-0.07380409659492233,0.24248018124721896,0.0,1.0
1272,-0.13963778835485355,0.2950252898175036,0.0,1.0
1273,-0.06147484469125212,0.22791131629138883,0.0,1.0
1274,-0.059850458390641494,0.2680640783771655,0.0,1.0
1275,-0.03617675026640185,0.22493583364974493,0.0,1.0
1276,-0.058594803232532855,0.26566353916407975,0.0,1.0
1277,-0.021965213826441347,0.2984074759813647,0.0,1.0
1278,0.012171665047019728,0.2521394199203222,0.0,1.0
1279,-0.025382261515761173,0.22766920107683045,0.0,1.0
1280,-0.03409752757348165,0.27674024305840356,0.0,1.0
1281,-0.03582482347087063,0.27916668496729263,0.0,1.0
1282,-0.03208022116660481,0.25099326511201037,0.0,1.0
1283,0.012154079058581471,0.2614877705439189,0.0,1.0
1284,0.09223250043714809,0.2687109738055082,0.0,1.0
1285,0.0006134775201767825,0.2368685443840962,0.0,1.0
1286,-0.005293887612283256,0.26244769256270656,0.0,1.0
1287,0.09518166821241947,0.20857162322533185,0.0,1.0
1288,0.11517982578175495,0.2709498728836912,0.0,1.0
1289,-0.027864327923535704,0.23460253831382047,0.0,1.0
1290,-0.06426971629214116,0.23063356891762452,0.0,1.0
1291,0.06520537852945243,0.23146200721090637,0.0,1.0
1292,-0.008374647815729294,0.25398626864199036,0.0,1.0
1293,-0.04989494238990749,0.29723628535200636,0.0,1.0
1294,-0.061722845014161226,0.31070511564117825,0.0,1.0
1295,-0.01192703029927493,0.23783374070121313,0.0,1.0
1296,-0.015266497845236983,0.29186991362271436,0.0,1.0
1297,-0.035340345428369106,0.258111028165692,0.0,1.0
1298,0.0010036588342248697,0.25557352090632945,0.0,1.0
1299,-0.0004712943552118894,0.270778661850909,0.0,1.0
1300,-0.005402428229718895,0.2510428990925048,0.0,1.0
1301,0.06292851444326229,0.21249125324305287,0.0,1.0
1302,0.019623306594951453,0.23765305486541774,0.0,1.0
1303,0.038570274959675584,0.20596751427526283,0.0,1.0
1304,0.03025168297481423,0.25572854420537666,0.0,1.0
1305,0.07054932547299131,0.26977355438739753,0.0,1.0
1306,-0.012739888239007199,0.2564195609754197,0.0,1.0
1307,0.03102386690108988,0.2520867942420961,0.0,1.0
1308,0.03326600341496079,0.25383392583063,0.0,1.0
1309,0.03157031696233032,0.2355475281920318,0.0,1.0
1310,-0.01039035390377035,0.33139210060595015,0.0,1.0
1311,-0.0452165657212889,0.30350823236185137,0.0,1.0
1312,-0.022354356276749338,0.22974108431375195,0.0,1.0
1313,-0.011492722984667273,0.2729763733616432,0.0,1.0
1314,-0.03454297002895598,0.25878348077405855,0.0,1.0
1315,-0.06892138105640234,0.21466662448638218,0.0,1.0
1316,-0.06506811352498369,0.25224313174634655,0.0,1.0
1317,0.04000464093381468,0.26781205025256577,0.0,1.0
1318,-0.07661395126622964,0.2567694423959621,0.0,1.0
1319,-0.05579399745508031,0.22670909921348212,0.0,1.0
1320,-0.005691043434970036,0.2618117949415015,0.0,1.0
1321,-0.11508816016940866,0.2832990276397909,0.0,1.0
1322,0.018298311495161774,0.2570035676789962,0.0,1.0
1323,-0.008121457455375014,0.22783126826629077,0.0,1.0
1324,0.02587048759988699,0.2462303066393996,0.0,1.0
1325,-0.018805161966323522,0.19718207258939172,0.0,1.0
1326,0.004307188537201882,0.2278109615836584,0.0,1.0
1327,0.061085925419292496,0.2553169168997553,0.0,1.0
1328,0.03551185688925954,0.2508522646428178,0.0,1.0
1329,-0.008825340498052165,0.23942841356109532,0.0,1.0
1330,-0.0023285568095635367,0.28185218848788257,0.0,1.0
1331,-0.023282347388092695,0.26167542228565205,0.0,1.0
1332,0.018326383540484787,0.2498980024771025,0.0,1.0
1333,0.027966716501064998,0.24307142230253198,0.0,1.0
1334,-0.01848812126163996,0.2475556523430218,0.0,1.0
1335,0.09215574122086319,0.24911945789109066,0.0,1.0
1336,0.02713033810570732,0.27416101311805613,0.0,1.0
1337,0.0028199735827804627,0.249257325942601,0.0,1.0
1338,0.01549997680628378,0.20617947294858763,0.0,1.0
1339,0.03347406282673305,0.24248018975918897,0.0,1.0
1340,0.0843195372531137,0.23453782308885454,0.0,1.0
1341,0.038229887874224974,0.21449087972116718,0.0,1.0
1342,-0.0010470194632491807,0.22286010701631956,0.0,1.0
1343,0.07564696148438688,0.21734060674600675,0.0,1.0
1344,0.08460654013091855,0.2422700894947741,0.0,1.0
1345,0.015348669293690812,0.26371448830095784,0.0,1.0
1346,0.10928590590580024,0.2631558568174673,0.0,1.0
1347,0.04806072088254737,0.23739121920586015,0.0,1.0
1348,-0.013275156481193704,0.20894489512535244,0.0,1.0
1349,0.05146381855382428,0.24396351041959652,0.0,1.0
1350,0.04726664539309988,0.24063919533961664,0.0,1.0
1351,-0.05971450422920637,0.2762190152928263,0.0,1.0
1352,-0.0985316655001391,0.2565213358409013,0.0,1.0
1353,-0.043968659636162734,0.2058251110904548,0.0,1.0
1354,-0.015069869274775896,0.24232707858642125,0.0,1.0
1355,-0.011741493474265322,0.24524629419666677,0.0,1.0
1356,-0.04510539233227756,0.25177130059961295,0.0,1.0
1357,-0.05079899726799455,0.23937393668816628,0.0,1.0
1358,-0.01840118421155665,0.29191213751028067,0.0,1.0
1359,-0.044300742111739344,0.29519253523203665,0.0,1.0
1360,-0.1095101933128455,0.30263319179701104,0.0,1.0
1361,0.01877276391968331,0.22410494016932025,0.0,1.0
1362,-0.04575866885057075,0.23467266907479215,0.0,1.0
1363,-0.03866929598493593,0.2626485599183488,0.0,1.0
1364,-0.037909482961336324,0.2826337037793882,0.0,1.0
1365,-0.053053033516798485,0.2656073086673114,0.0,1.0
1366,0.030881663064180127,0.25309934376205767,0.0,1.0
1367,0.015047868005847509,0.3053567204269464,0.0,1.0
1368,0.004965531138240549,0.23882083549679148,0.0,1.0
1369,2.7441532124717997e-05,0.2635303758577998,0.0,1.0
1370,-0.038290718303436215,0.2440321995532676,0.0,1.0
1371,-0.07826410978133408,0.26178523324890085,0.0,1.0
1372,0.015268341250961284,0.23744006451068575,0.0,1.0
1373,0.06359024801499334,0.2701844872521147,0.0,1.0
1374,0.01143865775854827,0.25769950212961484,0.0,1.0
1375,-0.009975501265670775,0.22415080325552647,0.0,1.0
1376,0.071926018560556,0.24641150678930082,0.0,1.0
1377,0.02260188776415895,0.23461425423575857,0.0,1.0
1378,0.050571559217630284,0.22831430846343514,0.0,1.0
1379,-0.0010781441369632518,0.2271503463863961,0.0,1.0
1380,-0.008859137525957399,0.22110367844956547,0.0,1.0
1381,-0.027496842121893298,0.27426303532530777,0.0,1.0
1382,0.019277258466511245,0.24895963551812608,0.0,1.0
1383,0.05217189601714556,0.2638954624664677,0.0,1.0
1384,0.01804983907540193,0.2542025572231989,0.0,1.0
1385,-0.09010790161272937,0.21103440769025764,0.0,1.0
1386,-0.10924516423399137,0.2609420103305051,0.0,1.0
1387,-0.06642340492333651,0.22726177598242803,0.0,1.0
1388,0.0266031787300846,0.2710661290617977,0.0,1.0
1389,-0.06997554121981411,0.2676741301029102,0.0,1.0
1390,-0.03112553748616952,0.2244099446851976,0.0,1.0
1391,-0.06285754775811951,0.23102020158991884,0.0,1.0
1392,0.019327833287703693,0.28526842827564847,0.0,1.0
1393,0.008533213222240238,0.2277624266490763,0.0,1.0
1394,0.09029530958627174,0.26091634993672064,0.0,1.0
1395,0.02745872671176396,0.28006908059558544,0.0,1.0
1396,0.03739445362179774,0.2481015231350483,0.0,1.0
1397,-0.0633225510635237,0.20774596549990224,0.0,1.0
1398,-0.03677357857123613,0.25520135691647333,0.0,1.0
1399,0.02918246752479903,0.25664378764379386,0.0,1.0
1400,0.10693666850253088,0.2534254550282738,0.0,1.0
1401,0.03912231773622763,0.2979024774654506,0.0,1.0
1402,-0.0025555794597959583,0.24560376562767675,0.0,1.0
1403,0.020942952068482564,0.27977361480002205,0.0,1.0
1404,0.026777005476975424,0.23631346087888916,0.0,1.0
1405,0.08022604394814921,0.22748766097731912,0.0,1.0
1406,-0.018908705797191585,0.20586312544944554,0.0,1.0
1407,-0.012627436213552836,0.21874003724003285,0.0,1.0
1408,-0.021956185414777268,0.2409617808164087,0.0,1.0
1409,-0.015411126351117568,0.2617150057995385,0.0,1.0
1410,-0.054524187390332345,0.27455646763061,0.0,1.0
1411,-0.032441358035154494,0.27001618335454936,0.0,1.0
1412,-0.06679420738806383,0.27515922309302226,0.0,1.0
1413,-0.05104524376893425,0.27660274720396116,0.0,1.0
1414,0.015472257933925973,0.2519483453071227,0.0,1.0
1415,0.06469168645834532,0.2732319547582731,0.0,1.0
1416,0.09512149542729637,0.22641277562945886,0.0,1.0
1417,0.02590712894171593,0.2525236800254873,0.0,1.0
1418,-0.01840648388289996,0.27631694209167,0.0,1.0
1419,-0.03173459077504723,0.2893998716176416,0.0,1.0
1420,-0.015156037979233683,0.2830500953144652,0.0,1.0
1421,0.022041827862536594,0.32145923603086607,0.0,1.0
1422,0.07392018273871426,0.2178276655443551,0.0,1.0
1423,0.009678558518539854,0.20635322588487962,0.0,1.0
1424,0.011478808271671817,0.26246055968989346,0.0,1.0
1425,0.0016707334904624467,0.2817075694349132,0.0,1.0
1426,0.022108362692958624,0.30587828520738564,0.0,1.0
1427,-0.025265716097861105,0.24060281092577096,0.0,1.0
1428,0.008482215802790146,0.20015224046287847,0.0,1.0
1429,0.061618423799678385,0.24231098164786755,0.0,1.0
1430,-0.008283522641812544,0.23538660976671064,0.0,1.0
1431,0.08147274808084544,0.2257319489078676,0.0,1.0
1432,-0.016329598127559835,0.24972282116744401,0.0,1.0
1433,0.013858570854231284,0.2275127634483739,0.0,1.0
1434,0.015422677880462749,0.22834132260013143,0.0,1.0
1435,0.033583953465414575,0.2772290816690492,0.0,1.0
1436,-0.06339667904163988,0.27059296414134654,0.0,1.0
1437,0.055159139669156455,0.23667703277796356,0.0,1.0
1438,0.03484149688506354,0.2461862679633199,0.0,1.0
1439,0.0007913233128321965,0.2472363531942158,0.0,1.0
1440,0.029968904060832368,0.2369859903718201,0.0,1.0
1441,-0.004616364680518434,0.20747444830910333,0.0,1.0
1442,-0.040956819776000124,0.25218566354846866,0.0,1.0
1443,0.039979207558759736,0.22667500983053404,0.0,1.0
1444,0.023598794255541674,0.2544212325533231,0.0,1.0
1445,0.014338703008690617,0.24001821667775627,0.0,1.0
1446,-0.02984496731209738,0.23923396344355263,0.0,1.0
1447,0.10667320414715005,0.24943837754094342,0.0,1.0
1448,0.11992495896268801,0.2503745482127757,0.0,1.0
1449,0.07311992909331179,0.20794174008428626,0.0,1.0
1450,0.06352690772879606,0.26037459507209576,0.0,1.0
1451,0.022369010580908035,0.23875469629616605,0.0,1.0
1452,-0.04400923371573323,0.26558250498030295,0.0,1.0
1453,-0.05069699558537117,0.25469805541374796,0.0,1.0
1454,-0.007332551337855732,0.27994092670811654,0.0,1.0
1455,0.024386400504649713,0.29013723786758566,0.0,1.0
1456,-0.06039318810813621,0.24920081434605726,0.0,1.0
1457,-0.025985310834949826,0.21068102166894873,0.0,1.0
1458,0.0008566300883511476,0.22258244133536706,0.0,1.0
1459,-0.021826958856800655,0.2603036670489032,0.0,1.0
1460,0.03837395260126695,0.24015577508593078,0.0,1.0
1461,-0.004469929313861779,0.24006388201307738,0.0,1.0
1462,0.012240220024209734,0.2506654617213638,0.0,1.0
1463,0.05397102128327047,0.31008877361441367,0.0,1.0
1464,0.0035415534133539477,0.2852803152837914,0.0,1.0
1465,0.004849108730825095,0.25648622117583564,0.0,1.0
1466,0.11930339813664396,0.26799957044136047,0.0,1.0
1467,0.0627009875187451,0.26828010212060316,0.0,1.0
1468,-0.005844728587659405,0.24024361300762762,0.0,1.0
1469,-0.010478193608997674,0.24220504816086263,0.0,1.0
1470,-0.05019782940543938,0.26731862830794745,0.0,1.0
1471,-0.06424315238307994,0.24720830079531675,0.0,1.0
1472,-0.025333319229496148,0.23237640716554755,0.0,1.0
1473,-0.0443571177332552,0.21832324850436816,0.0,1.0
1474,0.04686705593536294,0.27666971252565603,0.0,1.0
1475,-0.008208762125744831,0.23511466589404015,0.0,1.0
1476,-0.11091446623472638,0.28208759474959283,0.0,1.0
1477,0.03687465527269846,0.2015722496669706,0.0,1.0
1478,0.025415690376419612,0.21480748129054503,0.0,1.0
1479,-0.0031389709505215413,0.2266039876766671,0.0,1.0
1480,-0.041942601500196484,0.24084479151586158,0.0,1.0
1481,0.04181713598538658,0.2082323717468033,0.0,1.0
1482,0.010363902164225306,0.23517204267331207,0.0,1.0
1483,-0.019183371877583035,0.19124597833317758,0.0,1.0
1484,0.016212064140374894,0.2360465768836936,0.0,1.0
1485,0.025495127062079015,0.21725603571376517,0.0,1.0
1486,-0.04067457268400989,0.26577072246405836,0.0,1.0
1487,0.031835151839827915,0.23745536872251752,0.0,1.0
1488,0.0528512992142563,0.24400334887505593,0.0,1.0
1489,0.06961092722054037,0.23475150316555168,0.0,1.0
1490,0.1350564318246615,0.24139976574396035,0.0,1.0
1491,0.12268674732872649,0.23482896562326547,0.0,1.0
1492,0.03082867334636642,0.2465400150771494,0.0,1.0
1493,-0.02994743465359441,0.2972063456963986,0.0,1.0
1494,0.023122936124466687,0.2552588001551877,0.0,1.0
1495,-0.013437219986944625,0.2885283259759293,0.0,1.0
1496,-0.04231202616045576,0.2738904153012816,0.0,1.0
1497,-0.06023089623247944,0.22809607756201747,0.0,1.0
1498,-0.014003402284121965,0.2532431025037397,0.0,1.0
1499,0.05541807267096551,0.25537921312855394,0.0,1.0
1500,-0.009515411834200668,0.2470379020125193,0.0,1.0
1501,0.004995162986191946,0.27009725157234854,0.0,1.0
1502,-0.04430355431158379,0.2675915358027779,0.0,1.0
1503,-0.038955820170084345,0.26600825724885563,0.0,1.0
1504,0.030754707048542898,0.26142779970062474,0.0,1.0
1505,0.02961488185309491,0.29540023905630863,0.0,1.0
1506,0.016401048766977303,0.23892201421537354,0.0,1.0
1507,-0.023203094122346345,0.25148617003672064,0.0,1.0
1508,-0.04363336872632354,0.28490963644106243,0.0,1.0
1509,-0.034908816680098924,0.2502787871324784,0.0,1.0
1510,0.01808549915265895,0.25559444519086894,0.0,1.0
1511,0.03814815891524618,0.2504068436404348,0.0,1.0
1512,-0.020752399980435512,0.24525466239837787,0.0,1.0
1513,-0.0014870976861639934,0.2624907214200134,0.0,1.0
1514,-0.049988769234511364,0.2498212810543741,0.0,1.0
1515,-0.06214651341063995,0.205439859634491,0.0,1.0
1516,-0.026096877855753386,0.20951321013707078,0.0,1.0
1517,0.0035333774376774215,0.2302002737578612,0.0,1.0
1518,0.01724509806017487,0.25873396971860885,0.0,1.0
1519,-0.033786022435874356,0.27971602843895615,0.0,1.0
1520,-0.018439702261808976,0.2467866847145288,0.0,1.0
1521,-0.019338865618812883,0.23786269848606278,0.0,1.0
1522,-0.03133778264344265,0.2457245774533702,0.0,1.0
1523,-0.05321537454371563,0.2237317603118922,0.0,1.0
1524,0.021394115739978615,0.23860501061730685,0.0,1.0
1525,0.047619629191382705,0.2832074551776224,0.0,1.0
1526,-0.08666578291499777,0.24462520179625535,0.0,1.0
1527,-0.1573807283680446,0.3090476957246628,0.0,1.0
1528,-0.02043043395588105,0.2715567822489446,0.0,1.0
1529,-0.033774273408393424,0.21472300798812805,0.0,1.0
1530,0.042573961331077735,0.2442069782928363,0.0,1.0
1531,0.04297094804911659,0.2017297139131512,0.0,1.0
1532,-0.009383510701790498,0.23427625192517013,0.0,1.0
1533,-0.10030889446144642,0.2238999980030659,0.0,1.0
1534,0.05901048094013898,0.19868565258453988,0.0,1.0
1535,-0.0036561330444004427,0.2228342586619696,0.0,1.0
1536,-0.01359145597794637,0.27038634434106673,0.0,1.0
1537,0.03122932539828868,0.27136287570051343,0.0,1.0
1538,-0.07889982365969449,0.2567019344392631,0.0,1.0
1539,0.03353109872947999,0.20508975905814444,0.0,1.0
1540,0.00951555242974493,0.22451567092851551,0.0,1.0
1541,0.03325502787468786,0.24464933326816976,0.0,1.0
1542,0.03456685376233021,0.24997743795002747,0.0,1.0
1543,0.09139534729243326,0.23834175311194158,0.0,1.0
1544,0.10494192094300366,0.24908897519788434,0.0,1.0
1545,0.04172147609828016,0.2514414806465631,0.0,1.0
1546,-0.017063745782465164,0.2757839857310112,0.0,1.0
1547,-0.04313142670380964,0.2105715381856835,0.0,1.0
1548,-0.08973975135642968,0.26965270529225366,0.0,1.0
1549,-0.03647677864394275,0.2438403085739497,0.0,1.0
1550,-0.05753845933341617,0.2760479879939421,0.0,1.0
1551,0.023349954300486597,0.22878615083521195,0.0,1.0
1552,0.005448985037302641,0.21478700314224305,0.0,1.0
1553,-0.07772297305848123,0.22573490282379882,0.0,1.0
1554,-0.012451080153811177,0.22975561296303207,0.0,1.0
1555,0.022195604287771467,0.26253871714441607,0.0,1.0
1556,0.04925098230337114,0.27945100209466606,0.0,1.0
1557,-0.015981786339937937,0.25083625709370944,0.0,1.0
1558,-0.01947213858441286,0.2625800222470625,0.0,1.0
1559,-0.03178894313067909,0.2616523054346997,0.0,1.0
1560,0.09213532663759894,0.23958877494997863,0.0,1.0
1561,0.11173817803415136,0.265190088899866,0.0,1.0
1562,0.15006485579624554,0.23323980329174376,0.0,1.0
1563,0.0037602958267061357,0.2738091834055133,0.0,1.0
1564,0.008037627654504545,0.24466008825446298,0.0,1.0
1565,-0.024532905812703443,0.2712940501015113,0.0,1.0
1566,-0.014376644057759229,0.25592032916550206,0.0,1.0
1567,-0.0026216024432718574,0.22762264025790688,0.0,1.0
1568,0.07238315483493973,0.2664921076658846,0.0,1.0
1569,-0.02733541631540719,0.2182533259387424,0.0,1.0
1570,0.04768732777565111,0.1842331198879791,0.0,1.0
1571,-0.054068719528107316,0.24273545529752272,0.0,1.0
1572,-0.0759403212517966,0.19279399688066715,0.0,1.0
1573,0.03802816037503083,0.24217930341195135,0.0,1.0
1574,0.0017133563328660974,0.28251308683256554,0.0,1.0
1575,-0.01805059828229266,0.24107162515739944,0.0,1.0
1576,-0.06139133059575962,0.26210153039440914,0.0,1.0
1577,-0.09621325732968038,0.26309648471050545,0.0,1.0
1578,0.05504799891018147,0.30317130897101613,0.0,1.0
1579,-0.03491571099110257,0.26431850199972856,0.0,1.0
1580,0.032453694187706404,0.23512969729666233,0.0,1.0
1581,0.0551245970831982,0.22412249045842147,0.0,1.0
1582,-0.11310220372196365,0.2709963306146202,0.0,1.0
1583,-0.055043787045264914,0.22228109040813138,0.0,1.0
1584,0.03984837531024696,0.22909423117352987,0.0,1.0
1585,-0.12881336498826174,0.26094092189670265,0.0,1.0
1586,-0.04793240627011416,0.24741181330320305,0.0,1.0
1587,0.03933517959189286,0.28134822037912705,0.0,1.0
1588,0.0016999645660418967,0.2307966961279444,0.0,1.0
1589,0.021844472768343073,0.24357297071112774,0.0,1.0
1590,0.0258247395588052,0.26602114861933424,0.0,1.0
1591,0.042929725085191404,0.2526103164890005,0.0,1.0
1592,-0.01540437499450627,0.259247876049828,0.0,1.0
1593,-0.01357758004486142,0.2397522735623979,0.0,1.0
1594,-0.007519305109369444,0.2409175437829055,0.0,1.0
1595,-0.0335528228928931,0.24845755188061172,0.0,1.0
1596,0.030446049399733287,0.21800039878364794,0.0,1.0
1597,0.013800970604737376,0.23099001117545281,0.0,1.0
1598,0.034120504840263736,0.24007199454454742,0.0,1.0
1599,-0.09304789974433719,0.23616505303482818,0.0,1.0
1600,-0.04702449649447391,0.25230248066764205,0.0,1.0
1601,0.04381542495000119,0.24517389863786734,0.0,1.0
1602,-0.04469225342410913,0.27798239951148335,0.0,1.0
1603,0.013044796321466684,0.2160062945354676,0.0,1.0
1604,0.015663174106720402,0.25294151120733793,0.0,1.0
1605,0.01828456294238645,0.30730149790055833,0.0,1.0
1606,0.01753066356766962,0.22804182837126552,0.0,1.0
1607,0.03706752354642579,0.2089300810614975,0.0,1.0
1608,-0.04859530773312736,0.2663312457631888,0.0,1.0
1609,0.05730266095062345,0.22848940150648075,0.0,1.0
1610,-0.05849248005026066,0.21561058662426727,0.0,1.0
1611,-0.04636286691088202,0.25975770953412963,0.0,1.0
1612,-0.03096052170545538,0.26000786482228794,0.0,1.0
1613,-0.023330111227919736,0.2189416065054909,0.0,1.0
1614,0.04599935256984763,0.18353345177493233,0.0,1.0
1615,0.019484387531904613,0.22323809972218375,0.0,1.0
1616,0.062033317028436404,0.24311231948112666,0.0,1.0
1617,0.06581859250122513,0.24111556761645092,0.0,1.0
1618,-0.05801938333682841,0.2379802879438463,0.0,1.0
1619,0.05812898134726813,0.25249294818345075,0.0,1.0
1620,0.019109793844468165,0.2781745127582648,0.0,1.0
1621,-0.02564824837297967,0.2545162649758687,0.0,1.0
1622,-0.07936379196905224,0.23619609625784924,0.0,1.0
1623,-0.03108198494102606,0.22923032434521418,0.0,1.0
1624,-0.06253615501442791,0.2332262112642827,0.0,1.0
1625,-0.10487990652409977,0.22754283027134226,0.0,1.0
1626,-0.13083193664351758,0.2715768016890016,0.0,1.0
1627,-0.008944064665399598,0.2961028287827226,0.0,1.0
1628,-0.06274197722434952,0.24911978434741341,0.0,1.0
1629,-0.027005528844559507,0.2208558313148008,0.0,1.0
1630,0.002369421192234447,0.248061396598396,0.0,1.0
1631,-0.04574127912434112,0.21117835826369294,0.0,1.0
1632,0.02054037442335704,0.23545272741523257,0.0,1.0
1633,-0.00588963782086506,0.27783529055971173,0.0,1.0
1634,-0.039260235291443,0.2549459548911621,0.0,1.0
1635,-0.020328490005013997,0.30274936532615754,0.0,1.0
1636,-0.048497110024848966,0.25673297273044304,0.0,1.0
1637,0.06089553026553585,0.2768841931305002,0.0,1.0
1638,0.060167359144100076,0.24770282723133133,0.0,1.0
1639,-0.03547726991260048,0.2515035865880703,0.0,1.0
1640,-0.07834917584016889,0.2352082016503841,0.0,1.0
1641,0.0074208182776104486,0.23230815248619718,0.0,1.0
1642,-0.03814776757828808,0.22550956627288166,0.0,1.0
1643,0.022199366536147982,0.22677762671765248,0.0,1.0
1644,0.01210065905608214,0.22442406148940186,0.0,1.0
1645,0.02266228571144809,0.25080751317682864,0.0,1.0
1646,0.07587290049808827,0.2300866732440275,0.0,1.0
1647,0.05549237010994323,0.2859944327077455,0.0,1.0
1648,-0.0298868723273978,0.2926643228472441,0.0,1.0
1649,-0.015314552958134895,0.2472015640343486,0.0,1.0
1650,-0.029705043432574435,0.26531454796151277,0.0,1.0
1651,-0.010593201194493996,0.20057658601620568,0.0,1.0
1652,0.011489428077860492,0.2940574533760147,0.0,1.0
1653,0.0027924355968152598,0.25403875920345703,0.0,1.0
1654,0.039277843826063315,0.2609264590614639,0.0,1.0
1655,0.046988860652267796,0.2627391779035007,0.0,1.0
1656,0.056549670199397085,0.22207638161836796,0.0,1.0
1657,-0.023036084907632898,0.25953746633999586,0.0,1.0
1658,-0.015530806523296506,0.26060087379070623,0.0,1.0
1659,0.07037853692579545,0.25738735199232726,0.0,1.0
1660,0.03349137862528328,0.23477450491305496,0.0,1.0
1661,0.0380877787413974,0.23026775715081182,0.0,1.0
1662,0.05313861224095536,0.2074883874911019,0.0,1.0
1663,0.07430516123124235,0.27167667592100986,0.0,1.0
1664,-0.06142943684528116,0.26665294718634086,0.0,1.0
1665,-0.0685821295876125,0.30158879719499837,0.0,1.0
1666,-0.024272843677545924,0.2870189860892773,0.0,1.0
1667,-0.03991539307487578,0.2138609161238488,0.0,1.0
1668,0.030797561296300287,0.2163236081713614,0.0,1.0
1669,-0.09258508839301118,0.24081274687936852,0.0,1.0
1670,-0.02260252141288915,0.22919100519312155,0.0,1.0
1671,-0.06873235043485655,0.2625962494382509,0.0,1.0
1672,-0.11892678924202105,0.2842972616657183,0.0,1.0
1673,0.025952875554619875,0.26774960297838324,0.0,1.0
1674,-0.04883773634506067,0.2579513050796353,0.0,1.0
1675,-0.03725638792032804,0.2699682931694281,0.0,1.0
1676,-0.07264176676925276,0.2726439810998938,0.0,1.0
1677,-0.041872669793503396,0.2528426665227413,0.0,1.0
1678,-0.028607794842844352,0.2189942008800361,0.0,1.0
1679,0.013256283215136125,0.26371417535215846,0.0,1.0
1680,-0.0015761335031923517,0.24321292646566328,0.0,1.0
1681,-0.035533942764996614,0.23774221076748145,0.0,1.0
1682,0.02873930309545485,0.27300192893841957,0.0,1.0
1683,0.050766670815988214,0.2614904804365677,0.0,1.0
1684,-0.05249526674180834,0.24677297902329573,0.0,1.0
1685,0.03387524771235579,0.2825485358067464,0.0,1.0
1686,-0.03328547684905004,0.2336825482451783,0.0,1.0
1687,0.046819472142877384,0.2703558401658103,0.0,1.0
1688,0.06082287589244494,0.2573207182831114,0.0,1.0
1689,0.09577805400400326,0.2965856914776228,0.0,1.0
1690,0.012643802576024448,0.25582547766183533,0.0,1.0
1691,-0.08046179076048948,0.2700460493476104,0.0,1.0
1692,0.07130215649469888,0.2913824727495489,0.0,1.0
1693,0.02905895751027539,0.2653597649509193,0.0,1.0
1694,0.010268616516302379,0.27775956272328445,0.0,1.0
1695,0.06681396438253483,0.21521402896342112,0.0,1.0
1696,0.05228394568260001,0.19114335722548695,0.0,1.0
1697,0.04202445859517561,0.23979218769008515,0.0,1.0
1698,-0.014674500154926237,0.23544730382759682,0.0,1.0
1699,0.025435666709690375,0.28502210622747465,0.0,1.0
1700,0.05983956182790829,0.2623703988346439,0.0,1.0
1701,0.04630994406907015,0.24189539996186524,0.0,1.0
1702,-0.017156544454111074,0.2572719279031445,0.0,1.0
1703,0.03627289722728108,0.2825774575639541,0.0,1.0
1704,0.06354481165509175,0.26293560178730807,0.0,1.0
1705,-0.026468555743733548,0.21782495647310493,0.0,1.0
1706,-0.00885251926250621,0.2407744873714409,0.0,1.0
1707,0.01418586454173462,0.27306072011803173,0.0,1.0
1708,-0.0141689333466195,0.26585859983731613,0.0,1.0
1709,-0.02899951328215505,0.274742422065926,0.0,1.0
1710,-0.08491051574884095,0.2816483388249435,0.0,1.0
1711,-0.09334288621517657,0.28712187384197096,0.0,1.0
1712,-0.07531228303822339,0.22537258494112664,0.0,1.0
1713,0.008992262971300699,0.24199245476627196,0.0,1.0
1714,0.05551945987716674,0.21258419950771903,0.0,1.0
1715,0.07128260948080072,0.23632146575645577,0.0,1.0
1716,0.06202684892284502,0.2206679710817694,0.0,1.0
1717,0.0850000562946538,0.2511100627874545,0.0,1.0
1718,-0.014030311556423467,0.27106863733079434,0.0,1.0
1719,0.0029794155008929513,0.24369293347507603,0.0,1.0
1720,-0.0044981759333401995,0.2662369122818273,0.0,1.0
1721,0.01662069865569762,0.18729199219618797,0.0,1.0
1722,0.04065449854894135,0.23942771873735838,0.0,1.0
1723,0.019381556146638404,0.2222897777140774,0.0,1.0
1724,-0.05175631396747011,0.23620342022982155,0.0,1.0
1725,0.038866654600247345,0.23868010687762822,0.0,1.0
1726,0.05680648512869487,0.2376363009807536,0.0,1.0
1727,0.01354276282806464,0.2126382101679012,0.0,1.0
1728,0.020731576917540812,0.23349047447800084,0.0,1.0
1729,-0.06039631396164163,0.22314800015824687,0.0,1.0
1730,0.09067102659936326,0.24109106442859396,0.0,1.0
1731,0.024028214558069916,0.22341025513315302,0.0,1.0
1732,-0.026923760944818534,0.25041132054348236,0.0,1.0
1733,-0.0011858775058950731,0.2469040623485357,0.0,1.0
1734,0.00710036014713675,0.28893303860148617,0.0,1.0
1735,-0.021458338276227187,0.2766348588525804,0.0,1.0
1736,0.04843654343811648,0.27066426965610124,0.0,1.0
1737,0.03980132234647348,0.2474317024967402,0.0,1.0
1738,-0.1298681340761542,0.25316033739978433,0.0,1.0
1739,-0.015376879283865233,0.24765772553197818,0.0,1.0
1740,-0.01821780031705881,0.22992701035070803,0.0,1.0
1741,-0.026432855061617716,0.2463738200203125,0.0,1.0
1742,0.007924579458568467,0.2930159964255465,0.0,1.0
1743,-0.051136194717580706,0.259776486236981,0.0,1.0
1744,0.016749338560614523,0.2704272860109018,0.0,1.0
1745,-0.002075805252521134,0.22319502362725274,0.0,1.0
1746,0.08323348395009535,0.21868537308085112,0.0,1.0
1747,0.038765594992703926,0.26627266462082483,0.0,1.0
1748,-0.14727252609998323,0.29473609228467573,0.0,1.0
1749,-0.07155362255298003,0.2697505831555563,0.0,1.0
1750,-0.04598445643678748,0.28212480261046585,0.0,1.0
1751,0.0031408730079534506,0.303090926291704,0.0,1.0
1752,0.009829514522469834,0.2690409704096037,0.0,1.0
1753,0.019027041182636924,0.30199896864635534,0.0,1.0
1754,-0.08860987444584062,0.28977999768553925,0.0,1.0
1755,0.016822765029545283,0.24661987335857072,0.0,1.0
1756,0.030723791470365414,0.2282764410962569,0.0,1.0
1757,0.08400383472088134,0.22434711050467024,0.0,1.0
1758,0.07235068522491618,0.2541148478856977,0.0,1.0
1759,0.06869599749706147,0.3111428652477008,0.0,1.0
1760,-0.038252150176563464,0.28317660643739423,0.0,1.0
1761,-0.024742205089222456,0.2513084363444306,0.0,1.0
1762,-0.008161634286939381,0.2555841981920526,0.0,1.0
1763,0.03559761011874816,0.29282507894392906,0.0,1.0
1764,-0.02276809318208112,0.2513942997978469,0.0,1.0
1765,-0.07503112768087712,0.23185920081636716,0.0,1.0
1766,-0.05535244472488412,0.24899505386430207,0.0,1.0
1767,0.016635464345548658,0.23141802635017136,0.0,1.0
1768,-0.07791251986798843,0.1710059564158242,0.0,1.0
1769,-0.061807491869295635,0.257110236561334,0.0,1.0
1770,-0.012179548538046717,0.25792884775755237,0.0,1.0
1771,0.09490598502575325,0.23786984046154527,0.0,1.0
1772,0.12381652949800097,0.24007828858555613,0.0,1.0
1773,0.11356432260532744,0.23621448733365322,0.0,1.0
1774,-0.03273392147215593,0.2451699295295353,0.0,1.0
1775,-0.06215738514992947,0.22894393118011744,0.0,1.0
1776,0.07012434463371371,0.2229969867015892,0.0,1.0
1777,0.05477697810498805,0.22982997307117414,0.0,1.0
1778,0.08634720271406315,0.22316754675428382,0.0,1.0
1779,0.1152794632526583,0.26516256247421316,0.0,1.0
1780,0.02407190817256512,0.22856531765153978,0.0,1.0
1781,0.08513404108317067,0.257137115825415,0.0,1.0
1782,-0.02618878027303367,0.24013986718005653,0.0,1.0
1783,-0.04504867453783162,0.22676904974079978,0.0,1.0
1784,0.031206862332319257,0.21633335141975107,0.0,1.0
1785,-0.09406873640536913,0.24229132067159145,0.0,1.0
1786,-0.016685821867757997,0.26842654050713477,0.0,1.0
1787,0.0545993732286059,0.2456493345960166,0.0,1.0
1788,0.019554040903902056,0.25465691898933435,0.0,1.0
1789,0.017563130074503278,0.28014218511953803,0.0,1.0
1790,0.0390455767148734,0.2952128896951622,0.0,1.0
1791,-0.013458252881137963,0.2801242376993291,0.0,1.0
1792,-0.06445900062590318,0.289068644415147,0.0,1.0
1793,-0.01666828617618336,0.25583859369771406,0.0,1.0
1794,0.011216186881328583,0.22783830232846772,0.0,1.0
1795,0.0028222351521052353,0.2404397596709702,0.0,1.0
1796,0.0613208647897567,0.23259653130060465,0.0,1.0
1797,0.054195675372201206,0.2366601130320983,0.0,1.0
1798,-0.10072549092702676,0.1965968596700252,0.0,1.0
1799,-0.05251796101344253,0.21751085147564056,0.0,1.0
1800,-0.06561310835592384,0.254359036551235,0.0,1.0
1801,-0.0016618624352573164,0.25375887096267635,0.0,1.0
1802,-0.01624936112786254,0.2480600318847022,0.0,1.0
1803,-0.07485106348474566,0.24971770117019645,0.0,1.0
1804,0.011906186613255786,0.25996821662622266,0.0,1.0
1805,0.061865537461263054,0.24892136246992017,0.0,1.0
1806,-0.02147823362094368,0.2955472251352271,0.0,1.0
1807,-0.0441801195788899,0.24430791244142736,0.0,1.0
1808,0.01783079845275524,0.2118086243759979,0.0,1.0
1809,0.006426673772817258,0.22093016925377565,0.0,1.0
1810,0.004835093640663253,0.26315875633148633,0.0,1.0
1811,0.02942206637133411,0.25937845981515034,0.0,1.0
1812,-0.057285102939507504,0.24904653789109768,0.0,1.0
1813,-0.016745513611660656,0.26268542340545853,0.0,1.0
1814,0.07039111792312697,0.20150887242260462,0.0,1.0
1815,0.11039993000443461,0.20410117898544278,0.0,1.0
1816,0.11239842005152316,0.23640428093626284,0.0,1.0
1817,0.047966762876671815,0.23541707351975982,0.0,1.0
1818,-0.018352853170173284,0.23284746214239793,0.0,1.0
1819,-0.010453625313291475,0.2703911473913699,0.0,1.0
1820,-0.02709361259711074,0.2816579095650323,0.0,1.0
1821,-0.014426283009437074,0.27686182994317293,0.0,1.0
1822,-0.05718149361836391,0.2516488650213382,0.0,1.0
1823,-0.022158338327119984,0.2426704075639278,0.0,1.0
1824,0.004200604394424369,0.2516398506190334,0.0,1.0
1825,-0.025206166135511757,0.2553884871882569,0.0,1.0
1826,-0.005490196734373076,0.26868584003260426,0.0,1.0
1827,0.056509283632553066,0.2392978639590604,0.0,1.0
1828,0.0020299775927566746,0.22690906396506372,0.0,1.0
1829,0.0195881655803309,0.20234189409319372,0.0,1.0
1830,0.02723763103700254,0.24960019332685998,0.0,1.0
1831,0.019929473079997456,0.2461313108699381,0.0,1.0
1832,-0.17674783864775986,0.2983484458524774,0.0,1.0
1833,-0.09820985859480734,0.2857224293876966,0.0,1.0
1834,-0.05936640818544053,0.2118630671517303,0.0,1.0
1835,-0.10504399061082557,0.24682028280380897,0.0,1.0
1836,-0.002182444278777118,0.21466617077310216,0.0,1.0
1837,0.0280727029500428,0.23662098711922164,0.0,1.0
1838,0.09528736873206645,0.2666619699035493,0.0,1.0
1839,0.05425292879959789,0.25833665117060106,0.0,1.0
1840,0.015320457577252157,0.2584473482976844,0.0,1.0
1841,-0.05730855274745986,0.2646785033491128,0.0,1.0
1842,-0.0036074799321592402,0.25173216456999276,0.0,1.0
1843,-0.016458116751796117,0.2620067917121909,0.0,1.0
1844,0.03305124027233302,0.28903913583793134,0.0,1.0
1845,-0.02693300793067606,0.2573671637374983,0.0,1.0
1846,-0.06015284155266348,0.26874448427979586,0.0,1.0
1847,0.003950218514460926,0.21771175477414992,0.0,1.0
1848,-0.044853455621612304,0.2512565516390875,0.0,1.0
1849,-0.10278424167333171,0.31151494294597476,0.0,1.0
1850,-0.0311703786227997,0.26064088514513456,0.0,1.0
1851,-0.008229417754271573,0.24128343725786572,0.0,1.0
1852,0.06965654032820033,0.20629356927710862,0.0,1.0
1853,-0.010338524415125817,0.22870390863296172,0.0,1.0
1854,-0.0526039788553086,0.2413993327360482,0.0,1.0
1855,0.04573701893314327,0.2858343498725922,0.0,1.0
1856,0.04979966023903883,0.27670655522284293,0.0,1.0
1857,-0.10222727030081324,0.21646883217206048,0.0,1.0
1858,0.004045553933812346,0.24910930487543728,0.0,1.0
1859,0.041976986321490495,0.26276993926293696,0.0,1.0
1860,-0.06896248164801727,0.21776391965878641,0.0,1.0
1861,-0.1033449548848067,0.22963661624517936,0.0,1.0
1862,0.06369896106539825,0.23121866131887128,0.0,1.0
1863,-0.023713206263685296,0.2466967211047066,0.0,1.0
1864,-0.08818533167606757,0.27248140713888297,0.0,1.0
1865,-0.005056322383927239,0.20948739986067202,0.0,1.0
1866,-0.021127135512925915,0.2365071187862026,0.0,1.0
1867,-0.025979952709522084,0.217838790887895,0.0,1.0
1868,-0.01577240743356419,0.27047107511194424,0.0,1.0
1869,0.0444411043954174,0.275075204365739,0.0,1.0
1870,-0.0029264922494679573,0.23538794352178183,0.0,1.0
1871,0.0621119162318812,0.24579391618730698,0.0,1.0
1872,0.021617366235966325,0.21817369731179928,0.0,1.0
1873,0.020385081284179235,0.2801929488170945,0.0,1.0
1874,-0.010001968908705356,0.29832580431912253,0.0,1.0
1875,0.12373289238063434,0.28165323118270125,0.0,1.0
1876,0.029113495086232347,0.2718438081074572,0.0,1.0
1877,0.01427051510885576,0.2351166521717112,0.0,1.0
1878,0.014835251808563673,0.22818425255137895,0.0,1.0
1879,-0.012318909082230272,0.24402602151965191,0.0,1.0
1880,0.022008594126834775,0.23977783746641487,0.0,1.0
1881,-0.08424510570654388,0.28617640163064034,0.0,1.0
1882,-0.08073400428364101,0.23730219097494018,0.0,1.0
1883,-0.018145698643449726,0.22576107830484562,0.0,1.0
1884,-0.051751606276635075,0.22466699593952846,0.0,1.0
1885,0.001685612155998879,0.2426370080984737,0.0,1.0
1886,0.022263220231565423,0.2337529021244625,0.0,1.0
1887,0.023805271238075427,0.2616058691000241,0.0,1.0
1888,0.08248024446285548,0.24865185791086972,0.0,1.0
1889,0.07924407195313317,0.24599646384294446,0.0,1.0
1890,0.02427635039054579,0.24537580251952398,0.0,1.0
1891,-0.041249480708265555,0.2094969732450176,0.0,1.0
1892,-0.10301775611847484,0.20786245199467848,0.0,1.0
1893,-0.026426770858749185,0.24539812537737485,0.0,1.0
1894,0.02784698080024484,0.2604990435983407,0.0,1.0
1895,0.036459044785033486,0.21741192678725516,0.0,1.0
1896,0.03424280213570114,0.29527987378022275,0.0,1.0
1897,0.0984128047380748,0.2941010531663895,0.0,1.0
1898,0.08425269201347996,0.24785669395995666,0.0,1.0
1899,0.07978605994488375,0.239586614711365,0.0,1.0
1900,0.007992512004341484,0.21916173496981806,0.0,1.0
1901,-0.016357160777395494,0.20215324150930478,0.0,1.0
1902,-0.016375464522778407,0.23003029501323788,0.0,1.0
1903,-0.06622568507589777,0.22009447296700632,0.0,1.0
1904,0.04684474995369575,0.23346326214013202,0.0,1.0
1905,0.029931230650480884,0.2276301124842813,0.0,1.0
1906,0.13915595072871167,0.28639496869492254,0.0,1.0
1907,0.10889570861236293,0.2555870709803252,0.0,1.0
1908,0.052572523371714114,0.26849466083228973,0.0,1.0
1909,0.021722410197703646,0.21280563736454808,0.0,1.0
1910,-0.002950845627236363,0.23923095153589827,0.0,1.0
1911,-0.012680005339981218,0.22996671197620855,0.0,1.0
1912,-0.045298094221178385,0.22510790728671126,0.0,1.0
1913,-0.07910190864823392,0.25956060536136566,0.0,1.0
1914,-0.0526621941959213,0.2479920124811225,0.0,1.0
1915,0.010063051227721623,0.23691079666815598,0.0,1.0
1916,-0.055058639184764224,0.22422935799868737,0.0,1.0
1917,-0.03259626080590809,0.24452549361022188,0.0,1.0
1918,-0.04897434610034607,0.24524827664468274,0.0,1.0
1919,-0.03786626751024446,0.23064327196506343,0.0,1.0
1920,-0.06563324394179575,0.23135318158350374,0.0,1.0
1921,-0.05559945742509955,0.26865356119825873,0.0,1.0
1922,-0.08592631926859563,0.2233385203173204,0.0,1.0
1923,-0.06688386933204034,0.23614745073657284,0.0,1.0
1924,-0.0034101555912365348,0.25029532710003527,0.0,1.0
1925,-0.046468639500449216,0.24480681413608027,0.0,1.0
1926,-0.051660802652350866,0.27138622701806786,0.0,1.0
1927,0.023762453995303006,0.26006293055327134,0.0,1.0
1928,0.04072540538544599,0.27358476167724094,0.0,1.0
1929,0.01781237978621179,0.20879138122891816,0.0,1.0
1930,-0.01562267549957277,0.2636999941667813,0.0,1.0
1931,-0.02139519120124191,0.2522382685480089,0.0,1.0
1932,-0.005549591271793966,0.26576527577739945,0.0,1.0
1933,0.03135605207945386,0.2949404104903438,0.0,1.0
1934,0.00802946748712389,0.237153094272306,0.0,1.0
1935,0.024822457664899628,0.2850682065924671,0.0,1.0
1936,0.10362516271692705,0.24887599689937082,0.0,1.0
1937,0.08670399238064493,0.28216556986966257,0.0,1.0
1938,-0.048356410195509535,0.2488253779800571,0.0,1.0
1939,0.015775485315945085,0.2542586044920275,0.0,1.0
1940,0.0019002284692910796,0.27882389287505677,0.0,1.0
1941,-0.030723253497460218,0.2515290713629861,0.0,1.0
1942,0.026345525143358434,0.22197098710125274,0.0,1.0
1943,-0.010642209080847795,0.211976069641214,0.0,1.0
1944,0.01496088435091425,0.2594312864126906,0.0,1.0
1945,-0.06107907457472055,0.2605915579416686,0.0,1.0
1946,-0.05452025202238663,0.28413649762964477,0.0,1.0
1947,-0.12096516708130828,0.25889731824272516,0.0,1.0
1948,-0.04758915368145312,0.23823317448812872,0.0,1.0
1949,0.022240835118027297,0.2271721300115617,0.0,1.0
1950,0.042876396810660765,0.2610617945683114,0.0,1.0
1951,-0.030163423381119384,0.2996128782144528,0.0,1.0
1952,-0.015047120511719978,0.2782942840650694,0.0,1.0
1953,-0.03528510206257594,0.2429321532366849,0.0,1.0
1954,-0.0412104233280547,0.229460174538163,0.0,1.0
1955,0.09801303455495551,0.2234732378004117,0.0,1.0
1956,-0.016614009042676684,0.21885599410510848,0.0,1.0
1957,0.008776389055721994,0.23744343815086189,0.0,1.0
1958,-0.029819863782816775,0.26673240362631195,0.0,1.0
1959,0.1153904630830301,0.2868515441203003,0.0,1.0
1960,0.04909190841256736,0.21997380079736764,0.0,1.0
1961,0.01024640995855176,0.29804983566635895,0.0,1.0
1962,-0.005040486458953814,0.2716919977963575,0.0,1.0
1963,0.005474504083806488,0.27236847237549233,0.0,1.0
1964,-0.06188560158204054,0.2660509148931076,0.0,1.0
1965,-0.04526298698129452,0.2489220072718982,0.0,1.0
1966,0.015576835156270973,0.21658524213679883,0.0,1.0
1967,-0.08213176354270685,0.22145369455931765,0.0,1.0
1968,-0.022469570095735327,0.24869815320272218,0.0,1.0
1969,0.05811394334150569,0.24230018654507093,0.0,1.0
1970,-0.08506149810389536,0.28422411159789,0.0,1.0
1971,-0.07249255788709986,0.24719314586033536,0.0,1.0
1972,-0.0071993099290217815,0.23185833237837206,0.0,1.0
1973,-0.01997012760499772,0.2600931977047034,0.0,1.0
1974,0.026398230032866784,0.2307942049355538,0.0,1.0
1975,0.014524565490742219,0.2705883839024501,0.0,1.0
1976,0.003983878274925634,0.2553366306858393,0.0,1.0
1977,0.0604530027093882,0.21992102205128142,0.0,1.0
1978,0.009695770946138401,0.20447748186248385,0.0,1.0
1979,0.010035318925353027,0.23080403733808627,0.0,1.0
1980,-0.008230059281925531,0.24979855265942352,0.0,1.0
1981,-0.044089560072744116,0.29522015782825745,0.0,1.0
1982,-0.005488877526755867,0.2628558762994395,0.0,1.0
1983,-0.01177828497903117,0.2667623750261001,0.0,1.0
1984,0.0576347393512808,0.2561329105883781,0.0,1.0
1985,0.09283299451990229,0.23441847193044316,0.0,1.0
1986,0.038088054317686394,0.2329465117166651,0.0,1.0
1987,-0.02999683599637649,0.2609741900800011,0.0,1.0
1988,-0.07425978745655541,0.2838652931968134,0.0,1.0
1989,0.06363379124868118,0.21385577186325766,0.0,1.0
1990,-0.0035465718124978152,0.23692649478733388,0.0,1.0
1991,-0.030300680040322738,0.2534888556897768,0.0,1.0
1992,-0.10574925471379555,0.24052469017981512,0.0,1.0
1993,0.009485124471058972,0.2398695969300292,0.0,1.0
1994,0.13277443301071648,0.21911507890770354,0.0,1.0
1995,0.08853035032788847,0.21802649301163557,0.0,1.0
1996,0.1431476191022241,0.29787118388499323,0.0,1.0
1997,0.05168671916771653,0.26622200696171155,0.0,1.0
1998,0.024202270591041918,0.25159538242197993,0.0,1.0
1999,0.0030123667785230206,0.23731995855727997,0.0,1.0
2000,-0.040563768131838325,0.28550266015934045,0.0,1.0
2001,-0.03871225375969494,0.24742381566689922,0.0,1.0
2002,-0.0668566332857069,0.2407178612616445,0.0,1.0
2003,-0.05022061488729366,0.2510044378683894,0.0,1.0
2004,-0.07719329055848145,0.31337811823067535,0.0,1.0
2005,0.025667009361585474,0.26432122296454635,0.0,1.0
2006,-0.011005580439964677,0.2656350064002108,0.0,1.0
2007,-0.04595958457705835,0.2169655276957397,0.0,1.0
2008,0.062257293324351946,0.2666618648767279,0.0,1.0
2009,-0.0064251216728401506,0.27156747292315814,0.0,1.0
2010,-0.015038653602122748,0.23827404410793704,0.0,1.0
2011,-0.005405146767811282,0.22628918190870403,0.0,1.0
2012,-0.029886443235379017,0.21481535889675354,0.0,1.0
2013,-0.0067540347163505725,0.2270319966241483,0.0,1.0
2014,-0.035378906474590265,0.22169479428583708,0.0,1.0
2015,0.07268858824333439,0.28771926612855375,0.0,1.0
2016,0.10014594171693635,0.2943854733345354,0.0,1.0
2017,-0.0008907840798434938,0.23875333201377366,0.0,1.0
2018,0.05103084683367721,0.2527132148459923,0.0,1.0
2019,0.02111857618262636,0.25281655487534316,0.0,1.0
2020,-0.007062561641116604,0.3258896853845027,0.0,1.0
2021,-0.002172198359319972,0.26692285923085307,0.0,1.0
2022,0.01852485263144781,0.2539058831841659,0.0,1.0
2023,0.009488724485777268,0.20819438067687143,0.0,1.0
2024,0.013064375301639918,0.27402586075512053,0.0,1.0
2025,0.0007275228816768925,0.230489734189346,0.0,1.0
2026,0.029793587992920614,0.2353726003772908,0.0,1.0
2027,0.03655294429901938,0.27585663118811266,0.0,1.0
2028,0.013677154315742665,0.26447500735184043,0.0,1.0
2029,0.0031259150926442637,0.1927314670949082,0.0,1.0
2030,-0.03423882645581967,0.2287821350374292,0.0,1.0
2031,-0.04094513685262272,0.26695971598403084,0.0,1.0
2032,0.007607991643392073,0.25734276518429505,0.0,1.0
2033,0.07465585486238784,0.2746007413828441,0.0,1.0
2034,0.04684975971873113,0.3025389144515768,0.0,1.0
2035,0.041574981051807784,0.28237868425243107,0.0,1.0
2036,0.0034696271480999484,0.2517617644162756,0.0,1.0
2037,0.004273529168588475,0.26501327941618674,0.0,1.0
2038,0.008606196933771662,0.23239978040845063,0.0,1.0
2039,0.0033605300190440515,0.2662952039426277,0.0,1.0
2040,-0.012414082260795442,0.24199907094127107,0.0,1.0
2041,0.008372450766349205,0.276388959806715,0.0,1.0
2042,-0.06144021615089867,0.27385148789768554,0.0,1.0
2043,-0.054019596147090405,0.282680625852393,0.0,1.0
2044,-0.059354945349135886,0.25154345162711644,0.0,1.0
2045,0.050001993544218436,0.24122064910035076,0.0,1.0
2046,-0.002365348551801455,0.25144465658473064,0.0,1.0
2047,-0.019879157882639654,0.22026633019833075,0.0,1.0
2048,-0.024374067325118987,0.24860927463811242,0.0,1.0
