measured_sweep,plaquette_mean,plaquette_square_mean,ward_mean,acceptance
1,0.5590248046245267,0.3870500632283937,7.987064787390279,0.53125
2,0.5713220285197546,0.4049697924778246,6.1089638337245225,0.59375
3,0.604798940055678,0.4306829022702608,2.571541139224365,0.625
4,0.5820299509473154,0.4464549394602429,3.3858386335149606,0.5625
5,0.5724989077300856,0.442923357539307,2.678444016565439,0.671875
6,0.5960670901951605,0.4375015627203604,1.9289944383254878,0.53125
7,0.6176321290142132,0.4533996377804783,1.3277337315286886,0.640625
8,0.6513858664389179,0.48507758861152767,1.856433330992692,0.609375
9,0.6666533729794152,0.5048585950091472,-1.587164865255913,0.484375
10,0.666280157267782,0.5021507990536141,0.6190510809145062,0.53125
11,0.6562551467518501,0.474473585604875,0.7838165558986323,0.609375
12,0.7010279433524502,0.5331885089920827,-5.316810506424034,0.625
13,0.6968933127498648,0.5419419660602838,-5.660447684400183,0.53125
14,0.7200250624196433,0.554906996855067,-7.7433459085774565,0.46875
15,0.7221166133131645,0.5598920497872647,-8.407093903339076,0.421875
16,0.7181055690356345,0.5614408340383469,-7.908276468126105,0.53125
17,0.6955882778544932,0.538701502916191,-4.852141855688866,0.390625
18,0.6826465967506232,0.52120069683298,-4.725412658883105,0.578125
19,0.6845141028137571,0.5201869590061712,-3.6447761938209218,0.5625
20,0.6888962243474307,0.5344528174040163,-5.949024069700042,0.59375
21,0.6284147737418755,0.47846969253897226,-0.6089009809029666,0.578125
22,0.6837878684505031,0.524559168485156,-3.762976864683477,0.671875
23,0.6704166300957702,0.5018867218443656,-1.570728689659425,0.578125
24,0.6918355740413152,0.527240468009108,-4.575474366396643,0.578125
25,0.7052126602115164,0.5447992092694448,-4.039045908214515,0.515625
26,0.6970891604401254,0.550713108456539,-3.434936492437755,0.515625
27,0.6774703135979907,0.5178465533496465,0.31113907546655817,0.59375
28,0.6839517468921229,0.5188054996938405,-0.3841079091920252,0.640625
29,0.6894058018437067,0.5319454050454532,-4.108549432905712,0.578125
30,0.6741760585425881,0.506401515031348,-2.2339650569284895,0.546875
31,0.6784196321337729,0.5140884051103087,-3.7390441756093993,0.46875
32,0.6897009813020057,0.5441888239826702,-5.075428588405263,0.5625
33,0.6641168837283375,0.49882727262220233,-1.683408128160036,0.625
34,0.679254598486914,0.5247270279577682,-3.3290484416960124,0.515625
35,0.6583831937429402,0.4915871230350762,-0.6472904720068562,0.515625
36,0.6725592294826322,0.5095517500669822,0.22428596222295316,0.53125
37,0.6586742679119605,0.5062353717477585,-0.6302929875121246,0.53125
38,0.6384599108499863,0.4818416046210288,-0.49947398472615245,0.59375
39,0.6363876332748079,0.477326800697735,-0.16511983818972142,0.671875
40,0.6112898398280519,0.45864296935337845,1.0417753843914277,0.59375
41,0.6190499625943644,0.46702635361284006,0.811846236285798,0.40625
42,0.6173671066858528,0.4823099464628318,-0.9632459983154957,0.625
43,0.6168491465752751,0.47702775117957924,-0.43512368363605963,0.578125
44,0.630045335745642,0.4840974546892256,-1.5614973193775517,0.40625
45,0.6309985898202827,0.4808884327105459,0.8094592674990404,0.640625
46,0.6416910408272664,0.5053324809255749,0.46437247970201995,0.5
47,0.6319085793574258,0.49263660338127263,2.002953070461439,0.46875
48,0.633760901222283,0.49433559292737045,0.21088414319313836,0.484375
49,0.5990110294465055,0.4561682504525497,2.6676626699500394,0.625
50,0.5940170650979408,0.4365136159064398,1.7649505005282113,0.5625
51,0.5784092197480334,0.4425974245805671,2.206530076667447,0.5
52,0.5896130021157195,0.4507436976470651,1.1586984906611266,0.5
53,0.5909807877851114,0.4574777630319174,-1.1420087739032865,0.546875
54,0.6211014179089956,0.48386796801867965,-4.210146635526543,0.515625
55,0.6245600911629885,0.4724749017057513,-2.9844991718441363,0.5625
56,0.6273561209101169,0.48017172246749545,-3.7392105192882097,0.546875
57,0.6057077783178046,0.4586320172827536,-1.8866802942907506,0.453125
58,0.6122426696720658,0.4617098726572866,-1.5938496827801194,0.53125
59,0.6183001373259596,0.4794053551254937,-1.5379284257669423,0.609375
60,0.6289170936658858,0.4928588708215529,0.3251627181436029,0.515625
61,0.6071945425632864,0.4632241475181808,1.656673190760201,0.546875
62,0.6080218712379214,0.4573723652619521,2.5036776655257675,0.46875
63,0.6263372465036605,0.4840699835250258,-0.06707900976022232,0.515625
64,0.6317602358407349,0.47768121051137385,1.3232911116518862,0.546875
65,0.6205670740882502,0.44856402183049565,3.825988418235061,0.546875
66,0.635423599318834,0.47126514561649885,2.732084939996384,0.484375
67,0.6617980259465495,0.504363529159981,-0.08219652566092794,0.59375
68,0.6937949074463342,0.5308914938808377,-3.694318501080364,0.40625
69,0.695091465238828,0.5260770264868692,-3.7805521787989824,0.46875
70,0.7023518103814048,0.5295141213618094,-2.460737076673127,0.453125
71,0.7179567373238024,0.555270489015908,-4.868883171386442,0.4375
72,0.7092460179954648,0.5471849932206141,-4.128426754833497,0.5625
73,0.7417472911947627,0.5870094248551824,-8.516608787481216,0.53125
74,0.7451481340871963,0.5865888448589119,-8.992965966751651,0.5625
75,0.7348742794717928,0.574338272844643,-6.921937818752756,0.59375
76,0.7278550102945268,0.5665500212147984,-7.023976093441644,0.5
77,0.7075148366860291,0.5473074754475411,-2.820857238007729,0.5
78,0.697230800763139,0.5328617068991152,-2.9443299237416065,0.53125
79,0.6998281243691059,0.5439855629283884,-2.538075783152324,0.53125
80,0.6827649843960857,0.5204845057437786,-0.8889814162101537,0.65625
81,0.6562973406833686,0.4878234515203932,-0.09683152037494908,0.5625
82,0.6736773165222619,0.5049967839751738,0.1960052875672207,0.578125
83,0.6827995685892877,0.5204686729033425,-0.030160741681495906,0.53125
84,0.7056528169627891,0.5467858707156023,-5.246467126738716,0.484375
85,0.6900613260806153,0.5299329145161946,-3.156647840082697,0.375
86,0.65183912941041,0.49696479664346666,-0.6657148467820668,0.53125
87,0.6476944371430553,0.4912967941365498,-4.2542811534520855,0.515625
88,0.6376269140454243,0.4745066459206995,-3.9584532123294274,0.640625
89,0.6006746810239743,0.44744495293517383,0.5480345540593309,0.578125
90,0.5992171692849945,0.430533131739534,2.1844597614849888,0.59375
91,0.5891195340176155,0.4074098869719291,5.545344055228917,0.46875
92,0.5794020865874551,0.3972933241064247,7.143263810760705,0.578125
93,0.6127355907475764,0.4312590088367115,2.1835512390143768,0.515625
94,0.6035568726025746,0.44202443148405385,3.4174475702989797,0.609375
95,0.6263478783034623,0.4658689670099596,1.8064742157294356,0.5625
96,0.6611232205928909,0.5215447998782162,-3.3471519185643963,0.46875
97,0.6583185203539325,0.5331741970913825,-5.6593325490278,0.5625
98,0.663811558213177,0.5215829719100885,-5.288262241601828,0.59375
99,0.6600320923118056,0.5026687603635228,-0.9800204215605496,0.5625
100,0.6434663106997299,0.4951880866388989,-0.5975771085859108,0.59375
101,0.6380894171131489,0.4870150902876451,-0.9184611335221151,0.546875
102,0.6479742624690836,0.49715688115786855,-0.5432749644084566,0.484375
103,0.6521570086897561,0.4829287619499996,-0.3232215085164449,0.46875
104,0.6527945976253372,0.491734416715594,-0.9399687044153705,0.5
105,0.6446550568540683,0.4823003826925824,-0.05696437140644511,0.59375
106,0.6465620783980024,0.5096286314590331,-3.0024865397249374,0.59375
107,0.6191049404954746,0.4710692249453752,0.6236691890718278,0.625
108,0.5992357000635149,0.4504846739333426,1.315443809902559,0.515625
109,0.6186951278534786,0.46589726616548294,0.8284326707069918,0.5625
110,0.6372503375819352,0.4744065159162753,1.645748579973314,0.515625
111,0.6155346133200232,0.4487534071497607,3.3918737205204197,0.515625
112,0.6426941030765276,0.4739521792357875,-0.11775187174402318,0.5625
113,0.6588737646262588,0.4969493943081688,-2.70997522632469,0.59375
114,0.6685192105365276,0.5077829095891343,-3.8273294526701944,0.578125
115,0.6276074067291018,0.4850914347292705,0.19565603588790254,0.625
116,0.6290484810576396,0.48585024976320956,-0.2779940707599838,0.484375
117,0.6162031559103632,0.4630082000302078,0.19142514010063189,0.515625
118,0.6229072078645054,0.4634632619217363,-0.02384880632712738,0.46875
119,0.6442150760956751,0.4829575562701014,-0.13518178602652736,0.578125
120,0.6406375525844838,0.47610265711978306,1.0910135568655592,0.53125
121,0.6136642323351117,0.44180523596575344,3.9408524753029606,0.546875
122,0.6562306133933383,0.4886172641225137,-0.0500348129684621,0.59375
123,0.6412145567479143,0.47822264053332936,0.5906946281837087,0.4375
124,0.6645803543858912,0.4905764661887591,-0.9798728848828016,0.53125
125,0.6406545850702384,0.4570655770980602,2.8660289391278817,0.5625
126,0.6494310580854991,0.47818411015229234,0.580757899574216,0.515625
127,0.6309214642792319,0.4573431196953545,1.1546971125399388,0.46875
128,0.6354956733389867,0.4568986334298471,2.9755802274552843,0.484375
129,0.6824036366091573,0.5173200482170556,-1.0498735179545235,0.640625
130,0.6609577143764745,0.5006116054598039,-0.25091711747503304,0.515625
131,0.6696233221478537,0.5080606358613997,-2.2302134744854234,0.5625
132,0.6668755729700703,0.48850182687998095,-1.6426968502561956,0.59375
133,0.6379058131094614,0.46082557994995277,1.7263039976703847,0.46875
134,0.617555853042973,0.43969815441552673,5.088349453239144,0.5
135,0.6306750106623185,0.45180939981179336,6.141621179657397,0.53125
136,0.6451929047772168,0.46915397567216943,2.884040929185321,0.625
137,0.6454887938592458,0.4739544270532187,3.0757664771606503,0.484375
138,0.6595597245245834,0.48631622080644155,0.23679381706476765,0.5625
139,0.6697866342346632,0.5046066749414987,-1.3719942794087405,0.625
140,0.6810942767868212,0.5299215474750251,-3.4776479461170173,0.59375
141,0.719591956003406,0.5633188369459918,-5.91401776473194,0.421875
142,0.6841317548018112,0.5173219798037326,-2.407301719291442,0.59375
143,0.6560055621180008,0.4994118023758616,-1.4341743977393593,0.625
144,0.6562250680491645,0.4952854929530682,-2.7335070908531263,0.484375
145,0.6215682645781887,0.47626319487504803,0.32631005780986744,0.609375
146,0.6005342940404517,0.44778591410245916,2.5339181308657084,0.609375
147,0.601365587753527,0.4606069657130624,1.5894469552323174,0.46875
148,0.600688137979255,0.452156526148456,1.5422155297729088,0.484375
149,0.5868998810050261,0.4441551458926482,2.832108849523659,0.5
150,0.5757927785154261,0.42130865795402284,5.055393272257631,0.453125
151,0.5740655360915349,0.42456115413792467,3.451446699557472,0.5
152,0.6019306873989478,0.4457736469553571,-0.26222348757256575,0.65625
153,0.5843900626079841,0.435312490211571,0.08511251468291503,0.59375
154,0.5472587391755311,0.4049585525930807,4.032349673376038,0.515625
155,0.5676909266015985,0.43523719618100304,1.419022512368373,0.578125
156,0.5929906021852608,0.441479706173775,-0.31754727581222364,0.59375
157,0.6071422622474202,0.44141701287834145,1.315567840621556,0.671875
158,0.5923928455670812,0.42946848037764757,2.0409055625295274,0.515625
159,0.6167892396324314,0.4486610649537142,1.1457859019104402,0.546875
160,0.6120272187239187,0.4358482985650279,1.455702784428685,0.5625
161,0.651543968505641,0.481283550879222,-1.5844327043565911,0.625
162,0.657174985352894,0.4980567238715354,-3.6090175172097423,0.421875
163,0.6381182365756298,0.48332824788976003,0.4094785312980489,0.546875
164,0.6458550184836335,0.4786420382632606,0.7853506739511649,0.5
165,0.6713805334117783,0.5114700746528046,-4.100761575230775,0.59375
166,0.6459739443333475,0.49074195004862525,-2.3227631803736326,0.5625
167,0.6144396353798993,0.44999832341547535,3.5041885511058837,0.53125
168,0.5882829694253431,0.4296912353814634,4.416721508603104,0.640625
169,0.613890411513343,0.44514767000488115,3.610299705980451,0.6875
170,0.6423074416886728,0.47277399458267083,-2.068130540194637,0.59375
171,0.6260789147758058,0.4429530853616998,3.2730722860288006,0.59375
172,0.62987361486682,0.468659203245124,2.264617470492769,0.578125
173,0.6396482952784238,0.48899267836035093,-1.8689709369387848,0.453125
174,0.6419927911481806,0.492885728550454,-1.839578938841235,0.546875
175,0.6683632869867022,0.5184616981729006,-2.98890423583462,0.609375
176,0.6752871364995285,0.5291043825696234,-3.5650541493155212,0.609375
177,0.6920769860463688,0.5438752901823066,-7.299457974780003,0.59375
178,0.6649794620873802,0.5117245824757795,-5.176210017043401,0.625
179,0.6368017879423281,0.4789070449966017,-3.1480955156052546,0.59375
180,0.6265786781219522,0.4819994389282684,1.084879918137551,0.609375
181,0.6116384285006868,0.4710803080621599,1.3886034897010944,0.484375
182,0.5871476633561097,0.43629439467471337,2.9685103908124426,0.671875
183,0.5830449917422653,0.4341015169866253,2.114474582226866,0.546875
184,0.5924192181636535,0.43100804034647,3.9329573406583505,0.640625
185,0.5908799151638261,0.4326483343762686,2.248406477797076,0.515625
186,0.597595277679767,0.4415721964747768,-0.048877048319524524,0.53125
187,0.5675149899626932,0.42940832813671276,2.4146084983159866,0.59375
188,0.5780059342132796,0.4383320667587089,1.5444911146756164,0.578125
189,0.5776259442662076,0.43234163045167734,3.0937213382320943,0.5625
190,0.5842888206419651,0.4389810691620993,-1.1341723359188989,0.59375
191,0.5910268295682893,0.4334665782896896,0.010603174577456798,0.640625
192,0.5986700572154183,0.44828902050408814,-0.7995750926056215,0.640625
193,0.5976319148795755,0.46309406189718544,0.7045673205777241,0.6875
194,0.6058295981693997,0.46374466099037087,2.4213741947262153,0.53125
195,0.620114889785008,0.470246443976515,4.468812324659555,0.65625
196,0.6165835598763366,0.4756798294410505,3.843470790729302,0.59375
197,0.6504888484874652,0.5150821120271432,0.0867918905192589,0.53125
198,0.6448606711839655,0.5017949237555267,2.364021159010293,0.5625
199,0.6211380096194031,0.4604634405784191,4.124676929583942,0.640625
200,0.6127421041214971,0.45723052546953974,4.9104296249706625,0.53125
201,0.6123849246483769,0.4527126847349246,2.6591305877920983,0.5625
202,0.6219975922894364,0.4764429151685925,1.2012502080360132,0.5625
203,0.6168277024325989,0.4624158826611062,0.8703851157417507,0.625
204,0.5671242138331626,0.43530949323712687,5.779310356742587,0.609375
205,0.5811928778847872,0.4495126030976048,4.1899722564087485,0.59375
206,0.623522971942908,0.4688042560192587,1.1094225164363976,0.578125
207,0.6119998879621008,0.4602491860865528,1.879260527504158,0.53125
208,0.6160824721303678,0.45358276371169026,0.48698017685190825,0.484375
209,0.6016817493662941,0.44724829936325866,1.4450838506117025,0.578125
210,0.5908229952743969,0.43387321899951176,1.7767304728443047,0.453125
211,0.6019811691228014,0.45471145060205537,-0.8552112262204843,0.59375
212,0.6027135898201474,0.45640543331483446,-1.0482335787589832,0.546875
213,0.6129754697037583,0.4535987151208318,-1.032486452293507,0.546875
214,0.5785480183985703,0.42982734140747664,1.8347480260368239,0.546875
215,0.6290770003538048,0.4773009373004948,-1.3871709865272812,0.53125
216,0.6483783257970652,0.49652505546750936,-4.1306445041811175,0.59375
217,0.6538080593444477,0.4964249777661058,-5.206253147614608,0.53125
218,0.6391767705248654,0.4942595835593342,-3.839651214822697,0.578125
219,0.6096084912638747,0.46873971246169394,-0.4590931855528109,0.59375
220,0.6196527511361283,0.46222769876385517,-1.2514061919593946,0.453125
221,0.6073211823605758,0.45061567927581797,-0.5517888670626643,0.484375
222,0.595717289442875,0.4428490817596034,0.9358938656917144,0.5625
223,0.6444669884421657,0.4765547370821555,-2.2413286811550073,0.546875
224,0.6292985971792779,0.45707809319931475,-0.432979002060231,0.484375
225,0.6359401107705945,0.488250017271124,-2.5258568324650996,0.671875
226,0.6230609267948914,0.48787201715495726,-3.2921467016372805,0.4375
227,0.6317826048716866,0.4811280144041094,-3.4879858282321994,0.671875
228,0.5931569416478053,0.4401641934937112,0.49347086723246875,0.53125
229,0.584046257269173,0.4480661439949782,0.5602767365339739,0.5625
230,0.6113528743061644,0.46224656111109574,-1.030268567304078,0.609375
231,0.6037787699911696,0.4554332803345284,-0.5186817188957632,0.515625
232,0.619142611612181,0.4755655806323065,-3.397266420140416,0.515625
233,0.5898930597251305,0.4514367187100683,-1.554560463956198,0.53125
234,0.5821694150184576,0.43852339864602136,0.016859372197673972,0.421875
235,0.5577399301307794,0.41990393109736956,2.262859648159645,0.46875
236,0.5464356350306381,0.4366092044381216,-0.1850302282415487,0.515625
237,0.5451265369773981,0.41551702724894507,2.2289573721962,0.5
238,0.554430061107838,0.4125575712182334,-0.05785812104780763,0.578125
239,0.5678070386946104,0.4169581981426167,2.0168081450388935,0.5
240,0.541452667983946,0.38976371183933295,5.362083303787498,0.515625
241,0.5497770942691694,0.40243192063240296,6.008014771875989,0.578125
242,0.5399171406295403,0.392022784049562,6.295730673712449,0.484375
243,0.6159732856432555,0.4694268501358391,-0.9434524992333646,0.5625
244,0.5954270717092331,0.46668060093514163,0.2659200235787038,0.53125
245,0.5902042192511324,0.4673446922641414,-0.29599977134272915,0.453125
246,0.6143441936987997,0.4760678432416697,0.7922261246487144,0.515625
247,0.6190030217290791,0.493374048780791,-1.859983633682814,0.59375
248,0.6197375793075225,0.49474549618862634,-2.7684124375375707,0.546875
249,0.6237723922467874,0.48674977726303537,-4.9616353429779245,0.5625
250,0.5957013841182283,0.4461748529736704,-0.6017768803413976,0.546875
251,0.5736125808800135,0.4331571911163006,1.5369471702771083,0.578125
252,0.5678582143023277,0.4345638101615316,1.778215912519034,0.46875
253,0.5764441312281505,0.4455328614084039,-0.21580912893027523,0.453125
254,0.5686770532207527,0.4319110911991579,2.1298078595931846,0.546875
255,0.5962105157602935,0.45214298559793803,4.662966219366817,0.53125
256,0.5999583651975685,0.44979386590373766,0.8852613135341618,0.59375
257,0.5922462824352279,0.44535199636598116,1.27033822418606,0.421875
258,0.6171752924921577,0.49001138024587637,-1.267193857289492,0.640625
259,0.5911570908028383,0.4577034835333362,3.2518776505802607,0.546875
260,0.6037172469709239,0.4643104099008266,1.4926374308868842,0.625
261,0.5962298618287681,0.45489821760645177,-2.457622374155441,0.625
262,0.5807241515176735,0.43321608572792103,-0.05364783991142563,0.546875
263,0.5649477235469375,0.40940024235580386,3.248621643529696,0.5
264,0.5847286780060733,0.4274305658675166,2.663076751627157,0.578125
265,0.584396180300611,0.4314158709990563,4.3389966732024225,0.625
266,0.616022094160324,0.46379944325492833,-0.3728934636045366,0.5625
267,0.5855046439812922,0.4467216990949246,1.2616766615390134,0.484375
268,0.5858381266450852,0.4482003929523363,-1.1605184875971037,0.625
269,0.5784935097762101,0.44376158153685413,1.5204176965397944,0.65625
270,0.6064928810743179,0.4704450535307652,0.5125757068949888,0.59375
271,0.6049229615530813,0.4580759214088182,1.9740594169013375,0.578125
272,0.6328839983033115,0.4786138900388415,0.8038224632399862,0.40625
273,0.6029533608081059,0.4631941457094033,1.8070576540233647,0.65625
274,0.6164922217936721,0.4785057887413982,-0.3155169299104475,0.59375
275,0.5955739165002408,0.4378795548309438,4.306358688061504,0.59375
276,0.5977390965203995,0.45860374190840486,3.623420921716507,0.5
277,0.6191122747664568,0.48010979683524474,4.578565654856335,0.53125
278,0.6382465954745912,0.4689274581160059,0.7054023083089945,0.625
279,0.627606964510827,0.4677414642135597,0.053679036780327094,0.59375
280,0.67822683973035,0.5280081663818745,-3.5967494372452053,0.625
281,0.6478494998069136,0.4972033511433667,-0.8490075351543136,0.625
282,0.6429700992816362,0.5023622339975731,-1.1959991643860717,0.546875
283,0.6255628251141161,0.48460770817085197,0.20419720893360677,0.53125
284,0.633203395125442,0.5000542489546033,-0.051338966365384486,0.578125
285,0.6146148820623342,0.4561225716639326,2.384725251963255,0.609375
286,0.5584932839107173,0.41983376694430036,5.231235051930562,0.625
287,0.5784263121491654,0.43220330522896994,3.9683413677707327,0.59375
288,0.5716556462085682,0.42507044235111785,5.035528357882309,0.578125
289,0.6165992206928814,0.46337156560884457,0.31787348393828097,0.625
290,0.6359387437893221,0.4789723581681109,2.378865853786771,0.484375
291,0.632810265718291,0.46588810168148403,2.925101042506567,0.59375
292,0.6472101428521094,0.49048608295498414,0.2513433712960442,0.484375
293,0.5959967419726822,0.45206155376176954,4.4823555383648115,0.546875
294,0.61305607207796,0.4659842135376293,3.0441837652846653,0.625
295,0.6118246889186251,0.45970470030343763,-0.38421216561773236,0.515625
296,0.6229748408627276,0.4670829162296393,-3.710080438051287,0.515625
297,0.6416468768431827,0.49619562165190895,-5.639272155828815,0.53125
298,0.6111147588382374,0.4626268160498181,-3.951468115568834,0.578125
299,0.6325936040477323,0.48156677970254336,-1.8208250020827328,0.671875
300,0.6696976548382759,0.5149904050666554,-4.904183314002505,0.5625
301,0.6534786810671719,0.4952810339709064,-3.526092024352138,0.40625
302,0.6436620268242088,0.48724786567841183,-2.1253165536496637,0.625
303,0.6705698578499076,0.5229701968098682,-3.6203614731117293,0.609375
304,0.657208369727981,0.48733684853206577,-1.693991000809765,0.546875
305,0.664350390235856,0.5082908075265928,-4.71609809862357,0.5625
306,0.6797360302624597,0.5188014022087293,-4.752371002723574,0.453125
307,0.6956193338405999,0.5398826124823345,-6.017822249482478,0.53125
308,0.6791021935153275,0.5326575047773069,-4.880495235388932,0.578125
309,0.652924807133905,0.5121924558974057,-4.088046824046409,0.5625
310,0.622574514181158,0.47113526793977734,-1.5706040280376476,0.609375
311,0.633434224634826,0.4807846547453076,-2.3925190384990476,0.515625
312,0.6425853008666734,0.49306768089581726,-3.6514009939834917,0.671875
313,0.6380642783165047,0.4811512460486709,-3.140991656952459,0.546875
314,0.6476882168552119,0.484510177800475,-2.919738680721599,0.484375
315,0.6437969682592319,0.491944452641855,-2.499611597739678,0.578125
316,0.6108436961233572,0.4626275237289539,-0.13758859286557765,0.5625
317,0.5996323388475634,0.4459245604190496,1.4025388660471858,0.59375
318,0.5560968013171675,0.4164850877686786,5.558654876766278,0.578125
319,0.5840142612451003,0.43238502927946404,1.6761586071454415,0.65625
320,0.5515119953861661,0.4158674404941512,5.237318422935483,0.640625
321,0.5271025641788942,0.3983749234871592,7.646873289855871,0.578125
322,0.5413834311485711,0.396373018348892,7.102857681330988,0.59375
323,0.5406536769800753,0.42173099323896457,2.5867460983791943,0.578125
324,0.5078665835893696,0.4009101464532953,4.981429223580931,0.546875
325,0.5093617149863559,0.4071688587529252,2.474233203584867,0.515625
326,0.5356026971623068,0.4169340665731059,3.2058456765412444,0.546875
327,0.5370082434837758,0.4047271718719842,5.114824063611616,0.671875
328,0.5509785809347311,0.41714537742404706,3.2168243410418427,0.390625
329,0.5947940966570037,0.4511407727843424,0.5636757861405451,0.640625
330,0.6079286999719787,0.4531752721115933,1.8227760653588132,0.578125
331,0.5805017731563585,0.43416790933435284,3.8487569498467504,0.5625
332,0.5719064650206672,0.42995623974912744,5.299167355527108,0.515625
333,0.5700936684006116,0.42719738139571367,4.778689878794478,0.484375
334,0.5586353729797685,0.41188520152984504,5.8298326107381095,0.578125
335,0.5941557344872664,0.4366378092262379,2.074124179226173,0.46875
336,0.6117972760719411,0.4604589332588318,0.23051002681817423,0.515625
337,0.602186267121697,0.46750879319155375,0.6758488357878165,0.671875
338,0.56635810597799,0.414340995336512,5.414964562144759,0.484375
339,0.6088615983815033,0.4545806054411947,2.210734610863997,0.609375
340,0.6047291080710776,0.44769906079780286,2.42730617298062,0.578125
341,0.6016548409540108,0.442306601166979,0.2548787897727856,0.546875
342,0.6005455978101553,0.4512861349790529,0.34093908468422957,0.484375
343,0.5890398303786769,0.4362259410339689,1.4741737362127108,0.59375
344,0.584766193398394,0.4369850441951317,0.3050316030506731,0.65625
345,0.5641875209182251,0.4189317492057321,1.8683725069314492,0.5625
346,0.587423274523807,0.4228739879436163,1.3551039227198887,0.609375
347,0.586434788403943,0.44768945918626324,1.0718655930609904,0.59375
348,0.5926065341201615,0.43473321240524143,0.20238819403078695,0.5625
349,0.5660084814295941,0.4147580693677973,0.8938740470511539,0.578125
350,0.5456633316574852,0.3990144099220856,4.128157908644241,0.546875
351,0.5769211222564659,0.41580337380433136,1.5152429505058285,0.546875
352,0.5547448094856018,0.41144121586175636,3.0002989086954104,0.703125
353,0.5817520068557269,0.43996084676137875,4.955990119188426,0.59375
354,0.6162298152269933,0.46559082369377897,0.36145186919075,0.5
355,0.6154107797559693,0.4441886854035533,0.8059110394935726,0.453125
356,0.6299053213994007,0.44988362356061584,-0.07914295775995284,0.578125
357,0.6325972231368112,0.474182306515758,0.614202932152338,0.46875
358,0.6513163521707185,0.49442766682317413,-0.1371184668796503,0.5625
359,0.6481780575823662,0.4898702926285199,0.27844228049296926,0.515625
360,0.633567117058808,0.47054302684220123,1.789563876151001,0.40625
361,0.6490938727320419,0.47898274904250693,0.42388272198515353,0.53125
362,0.676391700620354,0.5077825282553898,-3.649880332096632,0.5625
363,0.6790713464824849,0.512570102503915,-3.438471669422447,0.53125
364,0.6954808408238594,0.5317520677098143,-5.544385896335374,0.46875
365,0.6641381516287855,0.4869821272844253,-2.348603203394495,0.4375
366,0.6786778512820572,0.5113874003372457,-5.180902714969009,0.5625
367,0.6992909069494099,0.5416394380395521,-6.135364137442816,0.625
368,0.6660639691617817,0.49921306304295693,-1.262973839579525,0.546875
369,0.6644174764597076,0.5004145210578614,0.03382931993595606,0.5
370,0.7096575261159884,0.5561779623774609,-5.374185778728628,0.515625
371,0.6934098734241818,0.5367941508877211,-2.601058283778224,0.421875
372,0.6819833314455946,0.5213778101834706,-3.9294062954834024,0.53125
373,0.6769522055147723,0.5161419926408471,-2.9490496353090556,0.53125
374,0.6675323578180997,0.5130191447683461,-2.7774108189945657,0.515625
375,0.6745589809742132,0.522142151992782,-4.42346435365192,0.5
376,0.7046665343139633,0.5430495108827736,-7.115392409009622,0.515625
377,0.6654211603418444,0.5173762620929808,-6.7189777871953265,0.609375
378,0.6561288578492589,0.5012226395013063,-2.637378044011714,0.5
379,0.6542857548647618,0.48308327869732254,-1.3657814459528153,0.5625
380,0.6310354248995965,0.46159569866763656,2.0577891506478405,0.5625
381,0.6767063222982573,0.5082661230663631,-1.5175017143472376,0.59375
382,0.669570395934841,0.519077714569574,-3.0956273791317948,0.625
383,0.6466654139760971,0.4849631917912107,-1.497542642090918,0.578125
384,0.6643660511911953,0.49523784121453823,-1.3555646883850903,0.6875
385,0.6248583416420694,0.47401314971162617,1.7602577997421782,0.5
386,0.6545757197244831,0.4877089475052705,-0.20905427941600058,0.53125
387,0.6692174114854507,0.5003456724301668,-1.653039030766667,0.53125
388,0.6870089853596367,0.5248499275837798,-1.5303555913638485,0.515625
389,0.6943623137926894,0.532819335429141,-1.3635566826944439,0.484375
390,0.678017692462031,0.5170831396603097,-2.015938906083994,0.59375
391,0.663117062369179,0.5006091967718845,0.12996687130890106,0.5
392,0.6685173036734181,0.5066669452396604,-0.5837909532176822,0.546875
393,0.6751497936538668,0.5124516581273795,-2.117113134661343,0.5625
394,0.6479089938208614,0.5085768776089274,-1.9039343041184174,0.546875
395,0.6466047955182929,0.49784598504064226,-3.2072437162070844,0.578125
396,0.6500379034785007,0.5210300118173926,-5.0470653527227,0.671875
397,0.6598266301493398,0.5289161999707498,-4.074760510156591,0.546875
398,0.6524100337485818,0.506067389869718,-3.1752956425113785,0.578125
399,0.6713137123416452,0.5145121785309559,-3.2676757194105392,0.640625
400,0.6710861344135925,0.5364284131384169,-4.713115101079892,0.59375
401,0.6629889448989924,0.5348510140637294,-3.9584775230842726,0.625
402,0.648941260008922,0.5157903557461442,-1.5158637829727681,0.59375
403,0.6618091490920531,0.5343619939010491,-4.79579004028415,0.5625
404,0.64623659408254,0.5220251551900613,-4.555000094840899,0.515625
405,0.6246371280074839,0.5009864350318859,-3.153041352677374,0.59375
406,0.6345069138781548,0.5080551797299414,-3.960020440310805,0.5625
407,0.6348985639721986,0.5044861709819896,-2.4833294923662317,0.5625
408,0.632901616857017,0.4890958811184933,-1.110786420233454,0.671875
409,0.6014215416789185,0.4679273384271834,1.2801573136422395,0.5625
410,0.5871822070488613,0.46405252491713034,3.410915637315754,0.453125
411,0.6300253895338009,0.5017058461353353,-1.5437411974034405,0.5625
412,0.6471675989186528,0.4985173587766664,-3.4357435950689137,0.59375
413,0.6273843819440876,0.4844387531770062,-2.0380601370901528,0.578125
414,0.6488967589582545,0.5147887675898385,-1.0438621503015881,0.5625
415,0.6614415639769776,0.5135889801516171,-2.6069234701747326,0.515625
416,0.6488073477895951,0.508672711303562,-2.4499069943264296,0.6875
417,0.6482272926310804,0.4810632644673228,-0.7691247616749207,0.59375
418,0.6276132330015115,0.4511346826689541,0.3529961450104604,0.546875
419,0.6316019154603343,0.4528595992313913,0.010793109555120417,0.625
420,0.6393146912588592,0.4742036138095454,-1.6886894977352809,0.578125
421,0.650733789772574,0.4860154433954484,0.1808515181964328,0.640625
422,0.6469776938469275,0.474538835663403,2.0367892455552665,0.5
423,0.6074742863988836,0.45379323179217024,5.164270658985555,0.53125
424,0.6330470360210779,0.4863344927977031,3.648711005388631,0.5625
425,0.6331615336488366,0.47705564564214287,2.928991882088947,0.625
426,0.6271285481881322,0.478843770705163,1.5978451967339826,0.515625
427,0.603781127574003,0.4429524432901904,1.6537976416058628,0.453125
428,0.5861487590462171,0.4252429183146671,2.3228658879770605,0.546875
429,0.574977959304864,0.44531578630779706,-0.44966117189630983,0.53125
430,0.5608855204264214,0.4421919211206738,2.184033447746634,0.609375
431,0.5595953938876205,0.42331927994528423,3.2880430443886364,0.5625
432,0.5922578796634851,0.4336717042389342,-0.6414388464035676,0.46875
433,0.6216296441395315,0.47109721444934066,-2.5081267485442376,0.5625
434,0.5770749440421975,0.43818593516041,-0.8256299262200972,0.5
435,0.5670902922740021,0.42176752769710896,0.7868544391614563,0.59375
436,0.5880988230368019,0.4222397431159746,1.6112111326623448,0.578125
437,0.5774678571640565,0.3899321661583242,3.0472377707982403,0.5625
438,0.5718579104392568,0.41164285328497036,1.6636675778839667,0.53125
439,0.5579498632257062,0.39445810480276117,3.9394175519538863,0.59375
440,0.5780430572338454,0.4216673604471543,1.5206730050257218,0.640625
441,0.569858044570496,0.4246634661584992,-1.6267764900077513,0.59375
442,0.5902529760035696,0.46824296881047284,-6.13793723247889,0.515625
443,0.6168279682363429,0.4792811901479734,-6.705954524270165,0.484375
444,0.5949472869134002,0.4518723193434379,-3.788568885909241,0.5
445,0.6025800673044669,0.46413714144753465,-4.4385571047550885,0.546875
446,0.5891155852488538,0.4447360364030241,-2.9905632685996966,0.59375
447,0.5643639643217583,0.4312965039486248,-1.346828249506888,0.5625
448,0.5724833995510361,0.435562306067055,-0.7903899090164944,0.578125
449,0.5296437207134769,0.40219442315626547,1.9126035987641625,0.65625
450,0.5116413683865862,0.4065805369119719,2.682619519039047,0.53125
451,0.5427513191366432,0.4064718737498556,3.301958961014819,0.515625
452,0.5542813025065199,0.404485509685292,4.29816191554473,0.5625
453,0.5656120425882941,0.4213787810349244,3.516489709642173,0.5625
454,0.6003451318371739,0.45494143674033655,0.2673216875094755,0.53125
455,0.5965212175186831,0.4637321812214425,1.3550421205235674,0.484375
456,0.5818924484044424,0.46279987543324025,0.7326602439276191,0.609375
457,0.5755433115784393,0.4543413956723408,0.8437729373502019,0.515625
458,0.558632411909097,0.4405703555589376,3.824458569123875,0.546875
459,0.6197444595968297,0.4676561266242758,-1.932362057146065,0.5625
460,0.6246069050709893,0.4641878738168492,-0.27151738340004816,0.59375
461,0.5816299929506027,0.4491880437309401,2.396261473124791,0.5
462,0.5767349206882989,0.4400511515701891,5.0993772484244175,0.59375
463,0.5969612287400494,0.47960354189323867,2.0082214306589394,0.5625
464,0.5868830519585533,0.44396923060348836,2.6843558589601266,0.65625
465,0.5838337401749937,0.4571465140035573,2.540706888916241,0.484375
466,0.6065170635296111,0.4697377720454103,0.8561697939878186,0.5
467,0.6078143420947101,0.4702261336788733,-0.15068214681873252,0.59375
468,0.5952788971848387,0.4656859313181791,0.5371222780071172,0.546875
469,0.6005576858568856,0.4566238910367102,2.6781479337728844,0.4375
470,0.6658986490192581,0.5122834007631226,-4.990316883513385,0.609375
471,0.6684217806470857,0.5042974447732999,-4.506901285424345,0.453125
472,0.7015006429524598,0.5438303008272406,-6.400544005130512,0.515625
473,0.6738611565956817,0.5066907486601558,-1.628764421474135,0.53125
474,0.6713023108504975,0.5230744881734404,-2.3904831456103874,0.484375
475,0.6407268865664894,0.4931341340032498,-0.5849544200925672,0.5625
476,0.6353940166832722,0.47708724185416723,2.4462267045112003,0.578125
477,0.6228624895087552,0.47329354592956036,2.82262786234678,0.625
478,0.6487355204096006,0.49262443733653566,0.4303649369350554,0.53125
479,0.6381804121886308,0.49477441317935594,1.953099253085769,0.5625
480,0.639067008905967,0.4919511423166156,0.8435043497531982,0.46875
481,0.6913028832020393,0.5477862896139488,-6.09934659216286,0.5625
482,0.667698811312525,0.5195795150857688,-3.826960313649978,0.5
483,0.6690553321155447,0.511741262435283,-1.6418509977171467,0.5625
484,0.6571817796247887,0.5013588302612036,-1.4654833293775953,0.609375
485,0.6438125133698959,0.48273681113604966,1.3487439334189775,0.546875
486,0.6556709767478883,0.49986044481702274,0.2669333899780765,0.5
487,0.6226088714124898,0.45457985933981665,4.068553552165901,0.578125
488,0.6103982913776443,0.4324945850174376,5.113435112614297,0.515625
489,0.6174794296502432,0.4500573459885511,4.134328390028442,0.484375
490,0.6125067361767869,0.4430254179430957,4.8638451992355645,0.59375
491,0.6330065800450128,0.4593199825703868,3.3100638042832315,0.59375
492,0.6409598159437765,0.4692716560371783,0.9978356324244748,0.671875
493,0.6634256472019802,0.4942150480296354,-1.6808778613517825,0.640625
494,0.6689688138969458,0.5073700530570093,-2.386640707319271,0.59375
495,0.648006353656212,0.48342139077243435,-1.549553143704354,0.5
496,0.6622982245301298,0.49606315325609057,-1.5403335075668707,0.59375
497,0.6782459022593447,0.518353099386511,-4.003249952487697,0.5625
498,0.7003839528007697,0.54587805968682,-5.543571466412776,0.5
499,0.6908559319140982,0.5375967460584893,-4.599467817528382,0.59375
500,0.6725968522906419,0.526075909403168,-2.2893781886086657,0.65625
501,0.6871359623555023,0.5438139816926997,-5.548614280530562,0.546875
502,0.666156684692857,0.5110638584348915,-3.1444646669543053,0.546875
503,0.6565086434979649,0.48999321156673287,-0.10322670527697334,0.5625
504,0.6772879251528021,0.5211087881091157,-3.660223778462246,0.625
505,0.6390942679723591,0.4860434288083572,-1.2721202532815152,0.546875
506,0.636687418719697,0.48151737873319234,-0.24697975211199116,0.65625
507,0.6248580270773347,0.48041868519816183,-1.795973304978115,0.59375
508,0.5904206998112573,0.45155521541323346,0.58454551086249,0.640625
509,0.6100259942076113,0.4591153331579186,2.625245706047952,0.609375
510,0.6215820054183657,0.46267158811845793,0.7304808663506261,0.46875
511,0.6218990730786426,0.4557142261879807,1.565122789318505,0.46875
512,0.6146771971380606,0.44374685361999516,1.465362150607342,0.53125
513,0.6026695871882638,0.4375391065989667,1.1894869239368482,0.453125
514,0.5941687564247324,0.43982217888387515,3.950341095184591,0.6875
515,0.5889022588757301,0.4422470669021437,4.188506941028523,0.59375
516,0.5841190821996243,0.42671325693169865,4.771872292451284,0.640625
517,0.6213354143054052,0.4449935907298153,-1.751061323085604,0.578125
518,0.6197367292486304,0.45341160809400005,-1.976310364977787,0.5625
519,0.6499033241970552,0.4800040561324573,-2.5721719361429853,0.5625
520,0.6240757508320973,0.45304063324742766,1.9727471642887093,0.5625
521,0.6265400408747074,0.46116684102618316,3.2831093354922056,0.515625
522,0.6122057225737173,0.4525625914962181,2.0426903143994046,0.5625
523,0.6140812918628556,0.4543311148056694,2.7903955447120063,0.4375
524,0.6190384878831415,0.4625168359022167,2.3184740611375414,0.46875
525,0.6316926586037996,0.4617373461251262,-0.6878605531814321,0.640625
526,0.6277678466648002,0.4575476139456627,0.4660989397836558,0.5625
527,0.6292699678624184,0.46966440549309035,-0.1311298232273796,0.453125
528,0.6376550483323299,0.47536971625823715,-1.088828064040289,0.53125
529,0.6734113547999733,0.507918812084668,-4.757641848715964,0.640625
530,0.6573894244247885,0.5009090679808345,-2.4532166830970614,0.484375
531,0.6478158746776522,0.48708590184139994,-1.5164126171666314,0.546875
532,0.6316048026751419,0.47078286329364655,0.6165597421236635,0.625
533,0.648120014118688,0.4948445323624992,-1.325548797431772,0.59375
534,0.615404104892881,0.4565970345493903,2.7157649559587425,0.5625
535,0.6203985788231333,0.4616547608636445,2.875621078040595,0.390625
536,0.6199260542431265,0.4669520066426629,4.054926796002851,0.546875
537,0.6200279886471262,0.4679346209683563,1.9819814822052224,0.53125
538,0.6433399272918221,0.4900394580868436,-0.8763706411333578,0.484375
539,0.6481054451458135,0.4942978140130307,-1.8204142889406165,0.625
540,0.6488288091622558,0.4888175390518918,-0.6236077116595535,0.734375
541,0.5937830423905878,0.4255352246792861,5.403460256328434,0.484375
542,0.5970353688609956,0.425555090869657,3.644827734665781,0.578125
543,0.6054139780507397,0.44576009670339545,3.4550082658413763,0.515625
544,0.612095623669559,0.4479991975290192,4.186869503800041,0.515625
545,0.6229510832081723,0.471330820818245,0.8339990286533263,0.640625
546,0.6164524759550133,0.4757744864993933,-0.5710484962822291,0.515625
547,0.6050809136410671,0.441593714356528,3.556376830574786,0.53125
548,0.5888786635592674,0.42906856347118855,3.748170371636517,0.59375
549,0.5962332133579974,0.4438401560947431,2.7081510711604446,0.65625
550,0.5868260355069701,0.44404672917871624,3.251223940121696,0.609375
551,0.5697831136573575,0.4287710083677809,3.7011229457669006,0.625
552,0.5689545068532127,0.41905647560681697,4.611836737876499,0.515625
553,0.6037274465956929,0.468356268619702,1.5438430887196208,0.484375
554,0.5788051906511973,0.44577049097287064,4.508064746365024,0.65625
555,0.5830594594058759,0.4441563803376003,4.451807724831668,0.5625
556,0.5796875473763823,0.4393119380480968,4.179348855398893,0.65625
557,0.598119747371662,0.45458219333730937,3.3208535198781903,0.5625
558,0.5743398868939332,0.43116129253871893,5.138257597016006,0.546875
559,0.5927099561503355,0.43950935554761217,4.419270395155115,0.484375
560,0.6262574390853436,0.46536560408083777,0.616129042073503,0.5
561,0.5903175116329709,0.43352167563374544,3.262618580186663,0.5
562,0.543261620926012,0.3976467671239238,4.356925561460956,0.578125
563,0.5441142749256681,0.4072870317165396,4.061940200130361,0.546875
564,0.5750403631677954,0.4266264243619468,1.7213316755057286,0.640625
565,0.5705604571352295,0.424958219138117,0.9737200247065887,0.5625
566,0.5820938228828044,0.4417449114852315,-1.2455203157254129,0.53125
567,0.582519504980838,0.42456253296838825,-0.4161229142075462,0.515625
568,0.5594878890140745,0.39762935858229237,2.000875043533707,0.53125
569,0.5712500528553851,0.41474017388725537,-0.017687959544081144,0.421875
570,0.6002819857406594,0.4531039601508735,-3.6549458597779454,0.53125
571,0.6068267680483121,0.44225016493168007,-1.4654151280598637,0.578125
572,0.6153521360471348,0.4677355206126254,-2.724421520768309,0.46875
573,0.5831649212544094,0.4470561580841464,1.5584095363953638,0.625
574,0.563152041398014,0.42464597116650027,4.789016151630656,0.5625
575,0.5960897989737126,0.45676156271060314,2.463744338343175,0.59375
576,0.5707130174393558,0.4300688243903026,5.343182648309246,0.53125
577,0.5966664801258585,0.43899916467748046,0.2837520070546202,0.59375
578,0.6333217146486217,0.4874584901072765,-3.0740349899687063,0.609375
579,0.6480688632893861,0.49213198460390367,-4.937556523606817,0.5
580,0.6408578289151241,0.48602024203002153,-4.040224279213733,0.59375
581,0.616683948842718,0.46114787751999425,-1.3400349903294542,0.578125
582,0.6385478233909122,0.48311826943719627,-0.26346447755071667,0.53125
583,0.6507927909926375,0.489635827747452,-2.9793314024391937,0.46875
584,0.6251582301978716,0.46594379582459133,1.4297834422408595,0.609375
585,0.6265242063403244,0.4618360693138068,-0.0583186610450826,0.625
586,0.6347576783421641,0.4790936610160022,-1.8037136394665416,0.609375
587,0.6539190675151628,0.4799732207070769,-0.08894765846061076,0.546875
588,0.6469466321348264,0.4754833259053344,0.9759871281744974,0.546875
589,0.6494015783107262,0.47557668400168546,-0.6427143072043465,0.609375
590,0.6414814399476071,0.4711506581896944,0.4078503051501332,0.484375
591,0.6420254540054635,0.48482959793384994,-0.5591391095989006,0.59375
592,0.6832187601882631,0.5355576823315592,-3.605018434527278,0.46875
593,0.668316423954384,0.5182460489688823,-2.092409751683428,0.5625
594,0.6273824059945399,0.47971292669977866,2.5718839947065346,0.609375
595,0.594448556073348,0.4422099534989816,5.127434563242932,0.671875
596,0.5868053758473953,0.44666861038478184,5.768346265397603,0.625
597,0.6069337192046659,0.4813643961971216,2.7021851961602366,0.53125
598,0.5943731014224967,0.462727326678497,4.3410823573451705,0.5625
599,0.6293787896034958,0.4929401359391001,0.7933521819664163,0.578125
600,0.6567109614305138,0.5053184257858493,-1.0371813069120988,0.640625
601,0.6365003487665047,0.4927308782651944,1.0982129512336836,0.40625
602,0.6118036846054954,0.45586780012060474,3.9142212560985534,0.625
603,0.6071188284123122,0.4430225957215859,2.0094717193036162,0.46875
604,0.6677113918660226,0.4940662071315898,-2.7370665158621157,0.5625
605,0.693008669342225,0.5286057889817325,-3.3472764686995817,0.546875
606,0.6743650367934532,0.5014778321327912,-0.2739434937999717,0.546875
607,0.7061086343840587,0.5503566600137425,-4.182605567276415,0.5
608,0.6899099015026859,0.5282327254873482,-1.949055633487455,0.53125
609,0.6909568023590117,0.5237149991311884,-2.3193491945582165,0.4375
610,0.6937811360489293,0.5422328419548784,-3.2818347234509666,0.453125
611,0.6834822781961537,0.5359513438566768,-1.7469334797693359,0.609375
612,0.6767796323050717,0.5305804129916928,-0.6143611928225691,0.53125
613,0.6627441516020097,0.5122144820254433,2.0590800019402757,0.46875
614,0.6486899447199878,0.49975727601662506,2.7103261113167245,0.640625
615,0.6076279647760942,0.46354363098132767,4.516488390616005,0.5625
616,0.6071893700264829,0.46179801717421176,4.640217281730367,0.5
617,0.6120029253823581,0.45940133077948114,2.9486247900101725,0.609375
618,0.6143386919847561,0.4664189426166964,0.9497604824944235,0.71875
619,0.6145197954744436,0.47253472024327775,1.7668570434352042,0.625
620,0.6219109644550093,0.47267913165512926,1.6900676917039705,0.484375
621,0.6156721546787615,0.47005689048486016,3.004337711776296,0.546875
622,0.6208826762619285,0.48325030034431155,1.69305515492382,0.578125
623,0.6272814591869741,0.4697209507799962,2.7232157891822957,0.5
624,0.6533086423993265,0.4935168145170458,-2.0795282310965684,0.453125
625,0.6570501024978593,0.505213757616671,-4.860383708031127,0.53125
626,0.6364949514289755,0.4800361048632289,-1.6104773998785795,0.5
627,0.6365015072031993,0.4930299307210122,-2.3236757469278797,0.546875
628,0.6591727780132731,0.5144073350573833,-5.273139619070766,0.53125
629,0.6364073061626913,0.5115610684342337,-4.085128380375896,0.46875
630,0.6436322115152141,0.4993882898959782,-2.8551745258048165,0.671875
631,0.6594827503335547,0.5092720683915327,-2.724538606132792,0.5
632,0.6727822675738029,0.5233963556774076,-2.0919299081757172,0.5
633,0.6599875845225526,0.4975495205830975,-2.7020128464707094,0.5625
634,0.6342009965009396,0.46996202699466333,-1.1593720506266505,0.421875
635,0.6359799611094666,0.48016374340432605,-0.8200833796221972,0.546875
636,0.613647397796194,0.45368350760525217,1.6697377598181202,0.546875
637,0.6007426585748691,0.4317898229289141,2.5910951217557403,0.625
638,0.6311136453571807,0.4674499744540994,-0.6530611770023875,0.5625
639,0.6167762834092442,0.4564236943814559,0.13987426440222417,0.5625
640,0.6148249732571415,0.4693939228177939,-1.0318692480090497,0.5
641,0.6252283661339536,0.4730408440970882,-0.5735963312795354,0.578125
642,0.6162078290869853,0.45522773021285584,0.5024653444332783,0.46875
643,0.6745923146267646,0.521192502073396,-6.996367525563477,0.59375
644,0.6412688295199013,0.4881608313449597,-3.03838461898538,0.59375
645,0.6587533840343855,0.5005512923236883,-4.897988308760152,0.5
646,0.659933410778572,0.4976838389232768,-3.6592224828351956,0.578125
647,0.6540194025761629,0.5006882654081207,-4.665415246974409,0.546875
648,0.6387562044501497,0.47566178136844384,-1.648719222610668,0.640625
649,0.6320456867025038,0.4789026096493268,-2.8266875049983873,0.546875
650,0.6491887996193858,0.4820104122997874,-3.836884742318223,0.625
651,0.6222348204150288,0.4544916076828443,0.24279296189772542,0.609375
652,0.5695238160890744,0.40830360756112144,6.46114856238196,0.578125
653,0.5997555005075642,0.4601505470942598,1.4344248137174849,0.578125
654,0.6228098641154629,0.4702491942233342,0.8483347241191654,0.453125
655,0.6349105000659544,0.49559637439346643,-1.70249775864355,0.609375
656,0.6065476610649463,0.4551820428996221,1.7531694359517846,0.546875
657,0.6136846046686287,0.45585652241999225,2.4256171943766813,0.46875
658,0.6078853332651789,0.45006087035956227,2.444954021150575,0.5
659,0.6166176045991708,0.4526125057269401,1.9612090074922954,0.59375
660,0.6410034503373631,0.48037513841116747,-0.6814949635359079,0.578125
661,0.6409912720534461,0.4892472315347491,-0.20922724203431878,0.53125
662,0.6241730710275566,0.4823929971568281,1.9967549769322805,0.59375
663,0.593180117153263,0.438728432980277,5.268952661219082,0.53125
664,0.5887075187200365,0.44731827033540933,2.604263363824853,0.5625
665,0.6311168458033115,0.507773901343919,-2.041703540581481,0.59375
666,0.645557556925374,0.5071307482081059,-5.100849869499865,0.546875
667,0.6232759154573896,0.48013688782053476,-3.011502755572174,0.609375
668,0.6289910001389553,0.48298910021440083,-5.073936779467118,0.421875
669,0.6083536728184111,0.4806670431551096,-1.0152514927046652,0.625
670,0.6264188028661949,0.49409092282366257,-3.49303641205314,0.578125
671,0.6183246440411193,0.4794130429361007,-1.9704990596021708,0.578125
672,0.6063842624710941,0.4586681587194065,1.584795116874052,0.546875
673,0.6085342990583388,0.46696776975934523,0.271813701557276,0.53125
674,0.5993881730070681,0.465221379740677,-1.0897608856397905,0.640625
675,0.6065912948394293,0.4675792551373525,-1.4142735123667296,0.59375
676,0.6081592679719022,0.4523586708044686,0.9065202130641926,0.5625
677,0.6148517630681781,0.4607219965198522,-0.6442358830105601,0.34375
678,0.5982990123268689,0.45439881893684114,-0.6412441329962758,0.484375
679,0.6109311029825868,0.48453753145378126,-1.4094716061391712,0.484375
680,0.609088394579825,0.4556930803618764,-1.0949896824210095,0.53125
681,0.6053796121036013,0.44964891065199436,0.8465745151599369,0.484375
682,0.6294408512369943,0.4664453983060382,1.2622510889050655,0.640625
683,0.630249489234485,0.48268045023967393,-2.0269210526927295,0.640625
684,0.6173645302908816,0.4436862043161438,-1.1124347630614468,0.609375
685,0.6144985788258951,0.4322734899566025,-1.6432609503024855,0.5625
686,0.619316175667176,0.439985342936063,-0.6376592023523137,0.671875
687,0.6146789262461567,0.457820618020856,-1.385835774226038,0.640625
688,0.5762655693650153,0.4274561627657121,2.0308218909297526,0.5
689,0.5452714454950179,0.3907590764073026,4.3965905821528315,0.546875
690,0.5520100597322265,0.4290511765394547,3.6208756252506062,0.59375
691,0.5654838419582097,0.4430876462149196,3.1249025097104313,0.546875
692,0.5836271700889625,0.4457074422781204,3.1441506157978325,0.546875
693,0.5525479397513376,0.42703578510866874,4.510529914846677,0.546875
694,0.5832155987749505,0.4442283143870159,1.9702004358697007,0.578125
695,0.5494434222945647,0.4240277254485237,5.5019046119525745,0.625
696,0.5931029102119832,0.4610676915173236,-0.45059381474720084,0.65625
697,0.5443867532293107,0.40589356663410553,2.8277716942555626,0.59375
698,0.519802138055485,0.3787571736809387,5.6947597623786415,0.484375
699,0.489303282366264,0.3611347994872194,9.803753197236551,0.640625
700,0.5142239755883518,0.3609145772047069,9.065247426319473,0.390625
701,0.5050331517958192,0.359352884739375,6.678184906595056,0.59375
702,0.539750962577644,0.4088706312080461,4.902760786508376,0.578125
703,0.5407300397335225,0.4050664470548864,3.154820643289664,0.546875
704,0.5351458399529433,0.40600985734479506,4.00357546765214,0.609375
705,0.5608940173290943,0.4305301532241186,1.408834562461952,0.609375
706,0.5330896394174224,0.3842775189644998,4.6200302996457845,0.578125
707,0.5417523827088054,0.39584326389481284,4.151589738184333,0.625
708,0.5488473858361037,0.4122016705167384,2.8991309348516223,0.53125
709,0.5375623958226309,0.40631720060077803,2.895121736336621,0.546875
710,0.5378159246897005,0.3960770493578809,4.462395977898417,0.578125
711,0.5019733647718061,0.3597571663781913,5.687816089210324,0.65625
712,0.5217665924504615,0.4115818801129074,1.8532108983239501,0.5625
713,0.5457307295759354,0.4257663522511936,-1.880424503224687,0.546875
714,0.5292347155774951,0.41172396975727593,1.9249118270367582,0.640625
715,0.5773617030004052,0.44923788046775126,-2.0936086197365475,0.578125
716,0.5850207399220322,0.4679451901113256,-6.772252070875159,0.625
717,0.5729657975853218,0.46782305547005043,-4.0676406011498285,0.546875
718,0.5608898090549425,0.44607964694849017,-2.3620808590344873,0.453125
719,0.5805027979306178,0.46667599257733433,-3.8597620329042543,0.578125
720,0.5846053567663761,0.4696685089237294,-3.5251376402900365,0.53125
721,0.5728481377239025,0.42870665368310457,0.6066202792051685,0.546875
722,0.6026668903644451,0.47017928177060697,-2.9396704895762644,0.53125
723,0.6119002788463268,0.4875940437025301,-3.7845992989135206,0.5625
724,0.5901513455292999,0.4373443777840304,1.2066901746283873,0.5625
725,0.5749335345826972,0.42290386472864666,3.913760501194797,0.578125
726,0.5601597944567204,0.4080689022385009,5.0521069504918135,0.53125
727,0.5467310441082742,0.40615074459699824,4.884320235693875,0.515625
728,0.5469222739651552,0.4221990319851838,6.178727691231486,0.578125
729,0.5775807336067015,0.44668439562418527,3.2632469727455518,0.59375
730,0.6009571658134246,0.4485693600855137,-1.7252107772526735,0.515625
731,0.626131336295011,0.4632695970909017,-3.0428907479169682,0.5625
732,0.6071048746853381,0.42767877841310825,1.1541843628910884,0.484375
733,0.5897145187140249,0.4278817281310576,2.445086017847726,0.5
734,0.6018887283360311,0.45026475857498544,-0.37369950583950606,0.546875
735,0.6058779529879993,0.45509047006944714,-0.17392563752575518,0.5
736,0.6396292679795681,0.49212262116400013,-4.475277348295743,0.578125
737,0.6464774146389185,0.5017536270574995,-5.037981088830311,0.5
738,0.6258338886838392,0.47944515118529957,-6.209476404400171,0.609375
739,0.6328273094200726,0.4758346129076559,-6.656353201695664,0.546875
740,0.6166494867039948,0.4670482987819531,-4.610000339986047,0.53125
741,0.5983039703741646,0.4454332186528578,-4.039170042422804,0.609375
742,0.6056639348982097,0.47155097885426905,-7.199155605915431,0.53125
743,0.589631241958871,0.4630371440915611,-4.780326733053462,0.484375
744,0.5933830303489424,0.4697171345497703,-6.4218611744542216,0.640625
745,0.5649715209310882,0.43409532727163924,-1.7925089486784032,0.609375
746,0.5573064911969029,0.4261162287149882,-1.3213853354932628,0.5625
747,0.5830864300693243,0.43494386713478256,-1.8878587088463168,0.59375
748,0.5847664736691084,0.43450880118586127,-1.7293951249331532,0.609375
749,0.5956192867828548,0.4498261981661904,-4.255581034120908,0.5625
750,0.6019670203322943,0.4594304921736035,-0.9389849374766212,0.59375
751,0.6054590259244171,0.4548106945294303,-1.767771610462426,0.59375
752,0.5963875167001077,0.4425660921907615,-0.08180771991198316,0.59375
753,0.6113765072548805,0.44736019734923355,-1.9853144877851012,0.640625
754,0.6419614454952494,0.4952150437144664,-4.834542938668087,0.53125
755,0.6347839813828166,0.48437622952771736,-5.251330056271133,0.546875
756,0.6097811571333664,0.4687375207191458,-2.2506212496649516,0.609375
757,0.5858006531743253,0.44893242515143444,-0.9548794654079797,0.671875
758,0.5642347789061054,0.407141385616466,-1.699679743645169,0.5625
759,0.5830053279083768,0.4246191063237079,-4.754806729956344,0.640625
760,0.5721400135574508,0.4181376694996051,-3.0330518046155963,0.5
761,0.5550427682453217,0.4087983919978968,-2.19305051466485,0.40625
762,0.5165931841966237,0.38833561166759023,1.4194226696659273,0.671875
763,0.5437144781171193,0.4043897738345719,-0.3358797784834886,0.578125
764,0.5294052946451937,0.41286313340800596,2.283960929794063,0.578125
765,0.5800990610383165,0.45467352198192335,-0.535791404972964,0.609375
766,0.6132649514008444,0.4663919838135278,-2.4657590001347063,0.546875
767,0.6110551418527644,0.4687459618472138,-2.895280506892747,0.546875
768,0.5796857600681841,0.44021370846750624,-0.09112819419441065,0.625
769,0.5908016269569473,0.46139051779993784,0.03531349060618366,0.59375
770,0.5952868000317535,0.46557532503580523,-1.7284399790353029,0.484375
771,0.5742472762413925,0.4516533897976105,-2.101601863438562,0.546875
772,0.5523135292084514,0.4248981703411124,0.5688196966575145,0.515625
773,0.5612472826281345,0.4320850365386541,-0.6236549304703843,0.5625
774,0.5399898015538155,0.39836671858306066,2.5461002041664926,0.65625
775,0.5219921331729229,0.392027569310272,2.8610852168477066,0.53125
776,0.5186403278866303,0.3980879479566967,3.1687857215446007,0.609375
777,0.5735935867986405,0.4399269074096848,-0.4124068015458072,0.546875
778,0.5682755557600766,0.4354880257113503,-1.3615344566795384,0.53125
779,0.5352366073563398,0.39969948785998194,-1.2502581543817721,0.609375
780,0.542110904599009,0.39456653473650266,0.259850754501318,0.578125
781,0.5349580373646401,0.38803167067739563,0.5724785985552896,0.546875
782,0.5552484300724593,0.4173864238453648,-1.7264889784528352,0.609375
783,0.5624915785442661,0.41736469410722893,-0.994990116072608,0.5625
784,0.5718037484034247,0.41380398263753077,-3.434648510140316,0.640625
785,0.5695361264032325,0.4223743990902535,-4.395434213058506,0.640625
786,0.5497438922264472,0.4264295183670375,-3.1765132316578195,0.65625
787,0.5432050756465029,0.41798057610474365,-2.1142898893960087,0.734375
788,0.5818699877380127,0.4585852246400792,-5.359625276600375,0.671875
789,0.577710387033802,0.44701811311826606,-3.3057432483386076,0.546875
790,0.5535742521706434,0.4167316881792245,-0.4552305603384804,0.53125
791,0.5716869905267755,0.41501201783265085,-2.4756511383091793,0.5625
792,0.5748194414647751,0.42234648120301427,-1.4799240890303489,0.640625
793,0.6014085468254772,0.4425989093066109,-1.6041757621965196,0.65625
794,0.5950375076617368,0.44528210727143724,-1.3708220009637007,0.53125
795,0.5737594209180757,0.42612969577259346,-1.2147885977696549,0.5625
796,0.5617279976424948,0.4086049702358645,1.0305757730326168,0.546875
797,0.5504836580336702,0.4038041144232134,1.4063969530267029,0.609375
798,0.5527350399912149,0.39807461538138317,-0.27405794226332797,0.671875
799,0.5587521977324533,0.42727206839918797,1.223343074404706,0.515625
800,0.5732113489292899,0.43027006315686983,-0.6927457360229036,0.484375
801,0.5629165565800595,0.4198075079281094,-0.5466995461910562,0.640625
802,0.5718846018895013,0.42992407898846324,-0.6571908148014369,0.546875
803,0.559883489118344,0.42749809388405885,-0.5739607872475967,0.625
804,0.5415636013411187,0.4018838236933468,1.2551671109591012,0.53125
805,0.5451466366254843,0.4161012453258341,0.42509047233880154,0.546875
806,0.5471930426785644,0.4217154200967217,0.5381300731566684,0.484375
807,0.5495471068425447,0.43537767487289597,0.3866504336649786,0.5625
808,0.5396061111904583,0.3967951934320218,4.003524112301927,0.625
809,0.5663843253495814,0.40443405236695024,3.280855146714146,0.53125
810,0.6020685752092215,0.4472798558349795,-0.20209803721075806,0.6875
811,0.6451954873606823,0.5015019453885803,-5.938788553745951,0.484375
812,0.626155228319579,0.46438793049911253,-1.9642392185247537,0.453125
813,0.6080857840557562,0.4592621158981071,-1.3514524712654867,0.515625
814,0.5940826952691881,0.4298298230074386,0.19053012922275286,0.6875
815,0.6542940584183544,0.47895082305931275,-4.021460035106207,0.609375
816,0.6144802149081768,0.43992953969093657,1.0464582875366901,0.625
817,0.6102662948711447,0.44164075665201447,2.7791325178103765,0.453125
818,0.6043207454372866,0.4509016947071755,2.0765644676090775,0.515625
819,0.6483446766618963,0.48243109955837427,-3.935968723053848,0.5625
820,0.6467133876618253,0.48097861292115307,-3.9728518024447714,0.5625
821,0.6451825832237491,0.5013882101600048,-3.3491093928136415,0.5625
822,0.6409926357987169,0.4716624084009591,-2.9449185399640956,0.5625
823,0.616172668039003,0.47429556844962867,-3.8261293455668604,0.59375
824,0.6203730118022334,0.48963713749976007,-3.9167970418799958,0.5625
825,0.6011745025309599,0.4560879693963658,-0.8005144561563138,0.546875
826,0.5946521561583259,0.4455577553024091,-0.5927131796911849,0.578125
827,0.5973021393442571,0.47059844228543996,-0.373677758175951,0.5625
828,0.5734747767564149,0.45367483073149667,0.9302122552693974,0.59375
829,0.5921153456859366,0.4620590412431946,-0.02439213441816457,0.59375
830,0.6050039012346629,0.4666044662692755,-0.17133529573381773,0.609375
831,0.5792249206469376,0.44237493184505466,1.1540395683784297,0.53125
832,0.5640454215143128,0.41321691966117946,2.180331809010631,0.59375
833,0.5308353356098373,0.4085221017365244,3.8542688206764235,0.5625
834,0.524673832550104,0.4179356918436597,4.817108345921124,0.484375
835,0.5493696781236332,0.43022419745931595,3.7123209480670054,0.484375
836,0.5624542232391251,0.4298172196244158,1.1184436130223443,0.5625
837,0.5627411538426309,0.41617212306374635,2.4656502900129276,0.5
838,0.5885811981120819,0.44295339753261603,2.1841474665557046,0.640625
839,0.5730856478318599,0.4393398236490289,1.5523897271687253,0.609375
840,0.5552283466756708,0.4365306072767657,2.3657910283464174,0.53125
841,0.5750600439209888,0.45527435564327456,-0.41896773406963506,0.5
842,0.583351013098591,0.43537418876539746,1.6893451983294563,0.609375
843,0.5598815920942868,0.4047151793388277,6.635129736281638,0.53125
844,0.562833829770248,0.3947054463394311,3.810232506104289,0.546875
845,0.5425385253566068,0.39801657337795,4.5324756791858185,0.515625
846,0.5564923806457168,0.40644201236262195,2.263096582286523,0.5625
847,0.5807627293396963,0.45794526658038553,-0.21525709727834874,0.578125
848,0.6117183090364806,0.4562059572898735,-2.8787139499352996,0.515625
849,0.5961896514623927,0.4448006133118721,-0.7929119549020818,0.5
850,0.5951716549155472,0.44447385035570613,-1.622776490739545,0.578125
851,0.5823808547529787,0.429409231011786,-0.1907232069216963,0.546875
852,0.576741255753694,0.42631827274443795,-1.1296186930861043,0.53125
853,0.5382315627701598,0.40873071608860884,1.5323683092758273,0.703125
854,0.5410130071472831,0.4195521378987623,0.9034669261121939,0.625
855,0.5802884532019461,0.43483353992336454,-0.251423940474045,0.578125
856,0.6056575916110888,0.45843231050818156,-2.728358811037572,0.625
857,0.606059843516296,0.46981486209755713,-3.3504624220907635,0.515625
858,0.5833685113664413,0.46038483520202766,0.02291012971175896,0.5625
859,0.5706468219348543,0.4484511570772458,-1.0954462977256172,0.515625
860,0.5541822124066175,0.41486460834330946,1.9143575063948062,0.515625
861,0.5763540263037615,0.4437132225569096,-0.9471531431955683,0.546875
862,0.5612371772835346,0.418752969573994,2.751105424173058,0.53125
863,0.574775547659529,0.4388085636439116,1.4887197282045166,0.578125
864,0.5822741525498842,0.46359740120180026,-3.7563188853557765,0.640625
865,0.5755616737728193,0.45559611438727016,-3.110390123920017,0.5625
866,0.5583407221957694,0.434499078373276,-1.3495508174845652,0.53125
867,0.5270380717488509,0.41972110415113234,1.1136120989742941,0.5
868,0.5526361222300535,0.4239593303346705,4.577371571476315,0.515625
869,0.579167664505914,0.430610411441614,3.7522882395339123,0.515625
870,0.5638302903599994,0.40789362490826236,3.29062659546093,0.53125
871,0.5881397666892223,0.4285364704122248,-0.02013255666647895,0.46875
872,0.5905577113105325,0.4208054322547697,-0.967200696207843,0.671875
873,0.599217935026357,0.4410164981794206,1.9429059116001934,0.4375
874,0.6227920393846984,0.458993334609457,1.0772225560447937,0.59375
875,0.6541473667977089,0.48857709902802765,-2.680641588764952,0.59375
876,0.641761430761259,0.4747477587807727,-1.5215410702545655,0.453125
877,0.647731131852414,0.49748093892105444,-4.8283929775409735,0.5625
878,0.6448135151647453,0.48765378207873455,-4.525821294545551,0.5625
879,0.6286170925085638,0.4831719261816893,-4.116050360995774,0.578125
880,0.6061469221355886,0.45555942945430483,-0.8711577955139024,0.53125
881,0.5891214490382916,0.4481308307479512,0.76890690829078,0.5625
882,0.6033842131114334,0.45963783384924534,-1.5505182731268226,0.546875
883,0.5864582816299945,0.44955086031523467,1.4817345867781406,0.546875
884,0.5965921798862973,0.45962460014809015,-0.27804778583436424,0.609375
885,0.584012782657193,0.44221060072746154,-0.14858304287080698,0.609375
886,0.5619960216697383,0.41940747872030953,1.7276005538188586,0.515625
887,0.5566011358401369,0.4009652794309802,3.955512338344264,0.546875
888,0.5496593513117882,0.4011899570762403,4.88469114655221,0.515625
889,0.544348155303406,0.39150137845004934,6.460412712827603,0.484375
890,0.5882238826619178,0.4303203162809141,3.2735205602123,0.59375
891,0.5842757303624236,0.43229555005225456,3.0125841567908194,0.578125
892,0.6187726531262944,0.47694077718314637,-0.61706518836971,0.515625
893,0.6120128642850889,0.4582193366588056,0.031033366361918613,0.625
894,0.6035944515930022,0.439245798612633,1.4219123915594176,0.515625
895,0.5987145815609334,0.43472969407899625,1.5576011756159294,0.5625
896,0.6046026065632484,0.44443211669570043,-0.6324015983908422,0.65625
897,0.6150726164615111,0.44783443024023856,-0.0313758847187498,0.484375
898,0.638850714815626,0.49138635844161077,-2.662768100692776,0.640625
899,0.6211530548342923,0.47197201314345044,-0.8600181551598746,0.59375
900,0.6286264447219303,0.46468475723242,-0.7013768748938864,0.703125
901,0.6444984046275674,0.48242360427109104,-1.314899783859162,0.578125
902,0.6348017511865338,0.47633204849958016,0.030485149141685652,0.421875
903,0.6319024793836987,0.4659704733814647,-0.1816236698250894,0.640625
904,0.6235801257062539,0.4662174609212301,-0.23960049436294706,0.703125
905,0.6408410736717111,0.4918519373992056,-0.3948947087839045,0.5625
906,0.6442318206507259,0.5017019704665816,-1.4144521743386314,0.609375
907,0.6503439942878212,0.5123606119142154,-3.3940032619683174,0.578125
908,0.6493967222478627,0.49601973074495254,-0.43308108347746516,0.578125
909,0.6523836188682567,0.5084724703886526,-0.4689741192248258,0.453125
910,0.6425764294342624,0.4937691993582249,-0.8882318197354473,0.546875
911,0.6275279647016899,0.46888447868027533,0.7117960325603088,0.625
912,0.590084577785102,0.4290839590252334,5.741030459601144,0.578125
913,0.584393822051881,0.44279904692195854,4.900327102392694,0.546875
914,0.5945406607017829,0.4430548278002188,4.335233951700037,0.640625
915,0.6091448940482203,0.468052204789557,0.49324339518696214,0.546875
916,0.630579932060165,0.472382824668555,1.3904981751222034,0.59375
917,0.6219282297620068,0.4675803787193474,1.5648367086479276,0.671875
918,0.5949852990976144,0.44813640117540327,2.288369148011015,0.546875
919,0.5802683862451952,0.42528480623364606,4.372268709584549,0.609375
920,0.5786360805709032,0.43179460319670887,5.671197907962716,0.625
921,0.6082035288038311,0.4623577381490411,3.3000484507324197,0.59375
922,0.5986420389104805,0.4506103800635089,4.144961566804185,0.625
923,0.6076055716504717,0.47751599943376605,2.2383316134875226,0.5
924,0.6066638331813251,0.45896502168580205,1.1749885170479544,0.4375
925,0.6181468350915239,0.4544723258894092,-0.5825377756497181,0.5
926,0.5977110282583067,0.42969726152752985,2.858885972937052,0.578125
927,0.5896718620374283,0.42427705387368814,1.7652984348320488,0.53125
928,0.5746738229240007,0.41267179247096175,4.484065625785637,0.59375
929,0.5941066497224937,0.4196479373974101,1.1596661132416015,0.53125
930,0.5995732888106957,0.43797950947378705,-2.0384085972208514,0.59375
931,0.5826154919546295,0.4311536390689255,1.7517544852366194,0.453125
932,0.6175867402773189,0.46833250221978057,-0.8678108190784869,0.453125
933,0.620114877103188,0.48658037916216923,-1.6675100085023975,0.484375
934,0.6047800466727035,0.4854192378351154,-1.11772950762222,0.546875
935,0.6215073611837196,0.4936864489985615,-4.23581213974116,0.4375
936,0.6055994804485684,0.47750812390544595,-2.999345702349855,0.59375
937,0.5864777520109404,0.46826840152087995,-1.261511695832815,0.53125
938,0.5954988398976141,0.4802723128123538,-4.700818805984107,0.59375
939,0.5859550514332883,0.4601706738018267,-3.892112532572134,0.5
940,0.6105286013741728,0.4573601263294493,-1.5567320671018918,0.546875
941,0.6597542939668738,0.5061177308049246,-6.751678580767373,0.546875
942,0.6617398793230841,0.5173272178802275,-7.773439176081146,0.640625
943,0.6615837256589806,0.5117193408929231,-7.004029871347758,0.546875
944,0.6548705995013879,0.4960683125240382,-6.041226168340067,0.421875
945,0.6157698531024621,0.4609689288676109,-2.842927145012532,0.59375
946,0.5725501823825939,0.4346991853279591,1.5680526122488634,0.734375
947,0.5853124966142252,0.4426210056327648,-1.6135807500258845,0.53125
948,0.5926449872322482,0.4543083461691235,-1.2122933294786298,0.515625
949,0.6146448359244264,0.48194112868783207,-3.4521734081702387,0.515625
950,0.5781367677408853,0.47006238865409383,-0.6436178327611536,0.625
951,0.5724679624932779,0.4921734698421161,-2.2870084324042104,0.53125
952,0.5894948301647772,0.4814792100164227,-2.8424987415658176,0.578125
953,0.6226956715335954,0.49278993026003176,-2.504682760753291,0.578125
954,0.6525359069653548,0.5153868078150877,-3.9937447027855497,0.515625
955,0.6584439738969796,0.5132173404755788,-3.6026320839647696,0.546875
956,0.6486466733060084,0.49322372333345194,-1.7417601148796764,0.53125
957,0.6406389806078768,0.5099159695513529,-2.4757529467361454,0.59375
958,0.6121454725045614,0.4737371609472125,0.7054582423784513,0.609375
959,0.6254512139038464,0.5029290277233748,-2.0729321981978575,0.59375
960,0.6384095285952541,0.48063310156125155,-1.0929164979458261,0.625
961,0.6285289195309106,0.4640942086398156,1.4274300261154251,0.515625
962,0.6271538469988793,0.4552225530129941,3.0174589210541978,0.578125
963,0.6397668150012586,0.4622166714346004,0.8387817389868113,0.546875
964,0.6392017776614143,0.4736416357916479,-0.49934446044235864,0.625
965,0.6596514500461755,0.49096999361203464,-3.9252888198575184,0.5625
966,0.6978079173534538,0.5342347789527331,-7.118849999464365,0.625
967,0.7098197883676048,0.5552026310010582,-6.369396521148,0.515625
968,0.7051668197805876,0.5464405243363503,-5.837759720240596,0.53125
969,0.7249059727944198,0.5710472370366123,-7.758154832686216,0.53125
970,0.7251055626685458,0.5591090053755141,-7.1365994176815,0.640625
971,0.7203418835703164,0.5544102612926294,-8.487000707759734,0.5625
972,0.6642720940531418,0.5101743827821844,-3.182637941185957,0.5625
973,0.6602740892360642,0.49798083881688227,-3.930968584740943,0.578125
974,0.6469074047466333,0.4882779607243299,-2.950708568957359,0.609375
975,0.6486772742351915,0.48167017648808264,-1.078268398485985,0.609375
976,0.643449201894097,0.4810201732228334,-1.292962670782536,0.609375
977,0.6460256253282151,0.47309899563078944,-4.309367800770548,0.53125
978,0.6275682289791505,0.4604539573398246,-0.66871146804685,0.515625
979,0.6471421793737085,0.4901800488780621,-4.270906321614118,0.625
980,0.6308712125965926,0.49428878221119527,-2.6412476047592883,0.625
981,0.6194912837327243,0.49721467818700676,-0.5792860968428013,0.546875
982,0.6498891083274779,0.5361813344858254,-5.190350712526813,0.546875
983,0.6480931859636629,0.5470474901933056,-4.200283030813739,0.59375
984,0.6480805155087803,0.5571836304538071,-3.639701239324523,0.609375
985,0.6497412091441256,0.5581008175547361,-3.944819523088736,0.6875
986,0.6690768664503312,0.5543178297355879,-6.250829142164486,0.5625
987,0.5847735003965686,0.4594093536634782,4.684717933230165,0.65625
988,0.5790246379343893,0.4521156925365557,1.0137000958905875,0.5625
989,0.5737881127656969,0.44209537278109545,0.708493269886768,0.421875
990,0.5847456401552712,0.43670581707134204,0.9315110562725026,0.65625
991,0.5631394012383324,0.4174421292067169,1.75908869190742,0.5625
992,0.5824043419878346,0.427329705872447,0.009998597346666582,0.546875
993,0.6146036569906466,0.44544361954349015,-1.8843514584644219,0.515625
994,0.595096345350774,0.4433954600899062,-1.2094882873219126,0.5
995,0.5914965916840743,0.4396581813415113,-0.993505259173131,0.609375
996,0.6034365152988782,0.4707171833701446,-2.464864526713816,0.546875
997,0.6046162480729586,0.4786765136723443,-2.2117858060317177,0.640625
998,0.5874115804653465,0.4582544951348871,-1.8829030486716305,0.53125
999,0.6025902096492476,0.4716857922669761,-1.8458733767707525,0.515625
1000,0.5946248852652177,0.4606015263177679,0.8474397272769421,0.5625
1001,0.6098754806545412,0.45978783054125466,-0.3875244449555726,0.578125
1002,0.6178243451012243,0.46363189122727794,-0.4734753559231454,0.4375
1003,0.6005021135579678,0.4488195921978259,1.2043977442235416,0.46875
1004,0.5914088296838959,0.4398884397009785,3.091408138851711,0.5625
1005,0.5861824809360318,0.43486020992480495,4.734789761200702,0.515625
1006,0.5651131846254192,0.429508071170099,6.13990733075045,0.515625
1007,0.5382380036892661,0.4202252125798944,9.171333455567066,0.546875
1008,0.5465738501663889,0.41814600563283294,9.068475144408595,0.546875
1009,0.5896421870438743,0.43767212968444885,4.070680004003335,0.5625
1010,0.6046080560980848,0.44797575507555365,2.5040268323942327,0.53125
1011,0.5648697389855231,0.40123314564996176,8.880785096660155,0.5625
1012,0.5854048868756768,0.43954244296672057,4.798167699993605,0.5625
1013,0.5801129330030661,0.43025545008082466,5.4902461091757155,0.5625
1014,0.5761798912678386,0.43824369936232976,4.239033121117062,0.703125
1015,0.6233010905676343,0.47937958399269903,2.636980849913505,0.546875
1016,0.604982776523246,0.4652211314730723,4.4863454551076405,0.5
1017,0.6079666701842082,0.47343811483625214,3.5607020352556162,0.578125
1018,0.6073695312369342,0.4633089825048722,3.7490413560458653,0.609375
1019,0.5709205030577795,0.4172977502908739,8.626559407597242,0.625
1020,0.6150704280345707,0.45236591256529585,3.2802860388872945,0.484375
1021,0.5772767237202273,0.4158406559498305,2.8904925578780882,0.640625
1022,0.5729067322031351,0.4108668314576534,3.9224993399346215,0.546875
1023,0.5787872467391598,0.4202157981028116,1.0387538641313019,0.6875
1024,0.5676074737446777,0.4218042140379929,5.340173576864936,0.609375
1025,0.5984756621355646,0.43689385539640374,1.9544026854259438,0.625
1026,0.5995353758156908,0.44768999190842607,3.7266588139955603,0.59375
1027,0.6053357558040587,0.44418479096077484,2.3467666436352728,0.515625
1028,0.6316586143362811,0.47717620907594904,1.6592002265116748,0.53125
1029,0.6105901695848407,0.4631991362531716,0.23355190173782692,0.53125
1030,0.6304060591520626,0.4889908731898213,-2.1238136815549726,0.671875
1031,0.6290403644934263,0.5040958938331926,-3.2561422684745156,0.59375
1032,0.6552612281570734,0.5079110323760935,-3.738386813760293,0.5625
1033,0.6787223094313587,0.5259680129743899,-6.032902097973581,0.5
1034,0.6564249897243187,0.49868251045605777,-3.3520534165225837,0.546875
1035,0.6912017068702445,0.5268551384595392,-5.354930277879466,0.53125
1036,0.6970984468883371,0.5272876153837078,-5.464596305718173,0.390625
1037,0.6894887103254014,0.5194871376919671,-0.31282569294550266,0.59375
1038,0.705120562381814,0.5406817351510876,-3.7657932086303703,0.578125
1039,0.6923759885941534,0.5254833381400722,-3.7205868112050506,0.390625
1040,0.6932225523172999,0.5388485389652199,-4.50561277216566,0.578125
1041,0.6680084125433566,0.5053825992002189,-2.387466427128306,0.5625
1042,0.6723802036475254,0.5056714626760946,-2.099274636591011,0.453125
1043,0.6603198619615576,0.5152317948679332,-3.510378516969677,0.46875
1044,0.6666888189891781,0.5184082844978997,-4.687870457784852,0.453125
1045,0.6817391558769655,0.5251176112167423,-6.602937652771145,0.515625
1046,0.6596902155008095,0.5030261601399958,-4.992602509601566,0.609375
1047,0.6245198970606026,0.4713589779551475,-0.2204125304798163,0.40625
1048,0.6213665237210014,0.46406327722861773,0.06870193073350073,0.4375
1049,0.6214471218719329,0.4614910303793027,0.9609266468097248,0.546875
1050,0.6167723217367921,0.4570102004008625,-0.6254942597662452,0.5625
1051,0.6244894239467812,0.4735858457576915,0.07927754307756629,0.59375
1052,0.6187602549636946,0.47631797016851346,1.9214183042140123,0.578125
1053,0.644467714383185,0.4841791862516211,-0.2632318653247552,0.5625
1054,0.6192534157849766,0.45969462036638586,1.9399485915782637,0.59375
1055,0.6275966975561604,0.48782091976103054,1.0274688764937714,0.5
1056,0.6390546934615469,0.501835073500737,-2.3127530763684154,0.578125
1057,0.5921504178478721,0.4511108012774996,1.037719225248884,0.6875
1058,0.5618262951782537,0.42036617879488175,1.5615781064000098,0.546875
1059,0.5642023388941587,0.4216899896393458,-1.2891799681736782,0.578125
1060,0.5553124582506993,0.42698825661087786,-1.230884118656394,0.640625
1061,0.523705759923539,0.40749989519673085,2.574922273338175,0.546875
1062,0.524267213986036,0.38839031402320207,3.917476062957415,0.546875
1063,0.5447062496421257,0.3869542284851093,2.3734485963818672,0.609375
1064,0.533818354097432,0.38861275144495194,4.251275460043472,0.5625
1065,0.5336689060635497,0.3846683778096154,2.6362099156535006,0.609375
1066,0.5489436709364414,0.40285090609387497,2.208107646835391,0.625
1067,0.5813042831826084,0.41998119989617005,2.198344972583497,0.546875
1068,0.5770213192059938,0.422037572125985,2.419937314899223,0.546875
1069,0.5528668564562509,0.3925452329838917,4.079424297346371,0.578125
1070,0.5363140663748482,0.39053881598668944,3.421538239577477,0.46875
1071,0.5544488535699995,0.3893818350275166,0.385875745213424,0.59375
1072,0.5207194093138148,0.363672713508447,2.8517295707570542,0.578125
1073,0.5095359988154544,0.37899332752918946,5.26501229251269,0.703125
1074,0.5127312080200429,0.3655960211641738,5.265332808588478,0.609375
1075,0.5210128368626386,0.36242876649272077,3.6958457116090955,0.703125
1076,0.506890175221927,0.3721752219884835,4.728167571572224,0.53125
1077,0.5573342686668723,0.42728033074741106,-1.1775094637037782,0.59375
1078,0.5709767768026699,0.4381397419704851,0.5722367521999459,0.53125
1079,0.552697447062113,0.43309785105738224,2.97781916393242,0.6875
1080,0.5694321108122882,0.4235908497547692,2.2992275895902767,0.5
1081,0.5879480052179659,0.4357182506052908,1.8683431705107876,0.53125
1082,0.6296916211778386,0.48129681305792965,-3.014423409193859,0.640625
1083,0.6233196837646792,0.4830279446366779,-3.7322994700931678,0.46875
1084,0.6152103045901844,0.47034732583769506,0.1499519880805542,0.5
1085,0.6268354197033515,0.48991970813632907,-1.1074377766040437,0.625
1086,0.5965683518563002,0.4676572192913722,0.03186518819921941,0.65625
1087,0.5978005126005161,0.45298714925763,0.5861903082247856,0.578125
1088,0.6204073272188518,0.45853143576288496,0.25405526417579766,0.5625
1089,0.5857198396525352,0.4329733733994332,1.8990206345840104,0.546875
1090,0.5916548428408691,0.4304479546076161,-0.7922442499941884,0.625
1091,0.5789034465591855,0.42213417752550336,-0.9528472896860355,0.5625
1092,0.5947520874315989,0.44851016829185086,-1.7345872650489447,0.484375
1093,0.5753766650531655,0.4382851781424388,1.2384763677243842,0.578125
1094,0.6134637580619665,0.46344017120315284,-1.0596633032531928,0.5625
1095,0.5918444850174093,0.4395101578812493,0.5390888083062517,0.546875
1096,0.604359462840024,0.4574182781099876,-1.9619300362525183,0.40625
1097,0.6163621161012962,0.4603811050751336,-1.559629335591489,0.546875
1098,0.6198883275809849,0.4838669576887174,-3.6054290299600993,0.546875
1099,0.606057954994271,0.46556983384006184,-0.3282024930546426,0.625
1100,0.6293621643134155,0.48670736122141545,-3.4511399276423393,0.5
1101,0.6071471142508706,0.4782746720664206,-2.087449788007503,0.546875
1102,0.6262390855721174,0.47430875912177256,-0.8757238941457781,0.515625
1103,0.6367472178694924,0.4804956590605432,-2.2054603648452344,0.578125
1104,0.6523055518031223,0.5002781415295016,-2.708654860377191,0.546875
1105,0.6517725006047252,0.4826014328064859,-1.8970586685988904,0.546875
1106,0.6467959215933022,0.4912014504227676,-2.5487852110220284,0.59375
1107,0.6299800001527192,0.47655488419231545,-0.6876936726569672,0.5625
1108,0.6561912792767307,0.497500570757711,1.1271235867371927,0.5625
1109,0.6712696859019998,0.505637697798022,-0.5362251803046262,0.453125
1110,0.6613930670073617,0.5007949088942992,0.7364124910482124,0.484375
1111,0.6558429694473643,0.5121256651000669,0.1831742581214162,0.546875
1112,0.6721098697572826,0.5092664933482369,-0.5309399753825398,0.53125
1113,0.6794316501080527,0.5157237034662024,-2.5129626193369283,0.34375
1114,0.6948971792554977,0.530940116149954,-3.6468656638916075,0.53125
1115,0.7048167463809825,0.5422596932458545,-5.432832623246337,0.640625
1116,0.6919464661851064,0.5237527631380714,-3.288507056742743,0.5625
1117,0.6863860077774304,0.5291787704278502,-3.279250441504165,0.46875
1118,0.685075489009232,0.5196034886919366,-1.9002438648918372,0.53125
1119,0.6728971728149009,0.5239715289095604,-2.7091728136588937,0.46875
1120,0.7101327651949084,0.5624822925506868,-5.013442706048374,0.578125
1121,0.6999500789288701,0.5499738544072471,-5.379403174103765,0.65625
1122,0.6916978622119316,0.5401760589688451,-6.339329780808166,0.515625
1123,0.6745566186132903,0.5259469089047089,-5.313998833335419,0.515625
1124,0.6952872978006273,0.5460042901597614,-6.413005581128801,0.484375
1125,0.6849699178915746,0.538602405535238,-3.71762869986359,0.609375
1126,0.6750850354933041,0.5189228213905164,-2.6869575825443377,0.453125
1127,0.7022093315145872,0.549900453442779,-5.96270304597473,0.546875
1128,0.6923367214056277,0.5317276624840348,-4.124496862824919,0.546875
1129,0.6687479411713282,0.4981438248967864,-1.5841280454331983,0.5
1130,0.694508291479166,0.5254822122675101,-3.4824007092389273,0.578125
1131,0.71761559444748,0.5579899933006977,-6.334958453754014,0.484375
1132,0.71513052624428,0.5594100713956341,-5.501544271874143,0.5
1133,0.7017432795065829,0.5556987972623727,-2.8063734599267898,0.515625
1134,0.685226023153268,0.5293164885316456,1.9444599469944501,0.5625
1135,0.658479890638747,0.4900769371735883,4.747299017135049,0.453125
1136,0.6873069160359128,0.5308382247895675,-0.24658681887649103,0.578125
1137,0.7278573550077816,0.5781053979220298,-4.975112984694737,0.546875
1138,0.7095716764698571,0.5585486900995061,-4.440938523898157,0.53125
1139,0.7042382693521668,0.5472282288681242,-4.777079298093344,0.515625
1140,0.7042998712302584,0.5504993338833565,-6.899075605750698,0.5
1141,0.6835435950182385,0.5247489273818404,-4.568738729151461,0.484375
1142,0.6859043756434543,0.5309225869274968,-5.498921314741819,0.453125
1143,0.6718252518365425,0.513206013213804,-0.6638559599551377,0.5
1144,0.6940504017519213,0.5368861497319161,-0.961279879351431,0.53125
1145,0.6633252544394211,0.5067514964040786,0.48954796684198126,0.578125
1146,0.6691677023450819,0.5219000276962605,-1.2767412750158211,0.4375
1147,0.6948619274226316,0.5387024532587644,-3.567709314719633,0.515625
1148,0.6861901032112167,0.5259404400512406,-2.498745503802736,0.65625
1149,0.657288119621061,0.4874384377598176,1.0349060675068138,0.453125
1150,0.6947168517937813,0.5181527584189318,-2.9243927775012564,0.5625
1151,0.7062975826338221,0.5242921181022654,-4.539451205521807,0.5625
1152,0.6879685931819518,0.5169787779684557,-2.1136530742481665,0.546875
1153,0.6855382974087706,0.5164801812613383,-3.485328906521349,0.609375
1154,0.7127355912099271,0.5450566311037445,-6.355742110248441,0.515625
1155,0.6908082322854651,0.5229919304366836,-3.4609349728520407,0.5
1156,0.7043453575915813,0.5367311697839101,-4.5599001490603674,0.640625
1157,0.6844774857514438,0.524186274016386,-4.980321048949398,0.71875
1158,0.6806436735872775,0.521778250395435,-3.4680907213178487,0.484375
1159,0.6523891761081901,0.48954817433159775,0.15985116876324218,0.5625
1160,0.6400933085157342,0.4718527096161469,0.9379270415296588,0.46875
1161,0.6795980421131311,0.5139563098707735,-2.347028041994723,0.640625
1162,0.7143126658018527,0.5632792212965972,-4.764394973012909,0.546875
1163,0.7077160125222829,0.5591084496911468,-4.95564496217068,0.640625
1164,0.6461255932652703,0.5032334009355246,-0.17739558696517765,0.53125
1165,0.6148512616394832,0.4642062431272272,2.2972140634982052,0.4375
1166,0.6394125896848433,0.48328581556378425,-1.2062263523879997,0.65625
1167,0.6211068237591268,0.4793508250052663,-0.25113191757476744,0.5
1168,0.6085519560574485,0.452123436695012,2.7299037763066654,0.515625
1169,0.6010920920811463,0.4639296477488915,1.4876995977218728,0.59375
1170,0.5937242365126111,0.44434955950367533,4.337299501103803,0.5625
1171,0.6116484298644326,0.4591836790610828,3.6101932011920597,0.609375
1172,0.6141599370517618,0.4520270698658007,4.937331530517905,0.5625
1173,0.6582048685417092,0.49187720663348716,-1.784877391199025,0.546875
1174,0.659510162546956,0.4884755533968255,-2.402463255727186,0.515625
1175,0.6553104474229839,0.4957768393175043,0.1686209827142947,0.640625
1176,0.6641919308145017,0.5064750905647409,-0.4850145926392721,0.53125
1177,0.6541319051489841,0.5058382379878406,-0.9921702816505593,0.453125
1178,0.6730805069038451,0.5276530051257788,-4.75859919931888,0.625
1179,0.6667664418939904,0.5041262648137843,-2.8263361594015537,0.609375
1180,0.639670379225583,0.4875509788551062,-0.22334371140649178,0.546875
1181,0.6405614427635166,0.4957442077985865,-1.8689387356239724,0.515625
1182,0.6458259262686484,0.5108135914748829,-2.1472292366632537,0.484375
1183,0.6449184236015019,0.4988040188878801,-1.5776159582918494,0.515625
1184,0.5999379277302832,0.44240794868796546,0.9461534663382218,0.703125
1185,0.5752451354614353,0.4131627156545116,3.2315901555822233,0.65625
1186,0.5803936803992015,0.42619945168344825,1.8059428059757823,0.546875
1187,0.5967063064309799,0.4374462554762056,0.2584493673020526,0.59375
1188,0.5867134748841892,0.4209265733194425,-0.3611654847546679,0.609375
1189,0.6033566119394886,0.44507609283279087,-2.820949998302292,0.546875
1190,0.5809207832935791,0.41929920051859354,0.14805234439547718,0.625
1191,0.5766000594281997,0.40710650525223296,3.051553541967765,0.515625
1192,0.5592824480998834,0.4065802851323153,2.933359213828393,0.53125
1193,0.5398848093728489,0.42194873551621254,3.601649426313111,0.640625
1194,0.5366825910217222,0.3950151038004745,2.7267228081086547,0.5625
1195,0.5519964140362588,0.4025395184574559,1.602592665430818,0.65625
1196,0.5457753568091106,0.38204323194730155,2.323178303191801,0.515625
1197,0.5519104330653446,0.3825022087108769,2.859050755345271,0.59375
1198,0.557170618378998,0.39594221856045536,2.6497349269098334,0.609375
1199,0.5714812501073484,0.4147973363794158,1.0735524194837143,0.453125
1200,0.5824259910328939,0.44425559954006877,-4.178162836408951,0.5
1201,0.5660590653017804,0.4142047054040708,0.634507371719186,0.578125
1202,0.5444321953024179,0.42463102284190596,0.9419042752580329,0.625
1203,0.5568181186020953,0.41909469424359475,0.6635509256985879,0.59375
1204,0.559823046531539,0.43856348465770684,-1.6994509947460477,0.625
1205,0.5346805410583307,0.38959678302110473,2.6244293976846573,0.53125
1206,0.5850240404032255,0.4376388462069209,-0.503123206832173,0.609375
1207,0.6022250902838341,0.4355980268778125,0.6532679736347761,0.546875
1208,0.6123362997726742,0.4573255927751105,0.5474829024781114,0.53125
1209,0.6119605202872348,0.4679849087428061,-1.2309520820328201,0.578125
1210,0.6131367271216752,0.4639102080230248,-0.31855852838665133,0.609375
1211,0.5789273689150624,0.44547950565352984,3.562329146694937,0.65625
1212,0.5453952629227605,0.4127093718961836,4.213165045305378,0.6875
1213,0.5667444655377197,0.4181145272904035,5.242130155491197,0.609375
1214,0.5726276740524071,0.43831019662466014,4.36379413220327,0.59375
1215,0.5788451976238979,0.4457491952583683,1.7439734609716924,0.546875
1216,0.5810418665273623,0.4343478409634504,2.0745786582241923,0.5625
1217,0.557050500492218,0.40860429638194695,3.8042785564998534,0.59375
1218,0.5721232285111572,0.4219647950055722,3.7306246734516013,0.546875
1219,0.5691027964519897,0.4194550000523037,3.8992706333172906,0.5
1220,0.6160047773291749,0.46168397190842375,0.4721963362251609,0.59375
1221,0.6349662246148872,0.4741968557902945,-0.8897835524336224,0.59375
1222,0.6121503495447993,0.4496752484521451,2.2278198741465296,0.515625
1223,0.6118551035972265,0.4454453933659159,3.534613246118732,0.65625
1224,0.6035277376418567,0.45731121858421164,2.7982940445882756,0.59375
1225,0.5934300051794136,0.4626405245522744,0.7811013614573347,0.5625
1226,0.5666022171175967,0.44655196878041775,2.808787143116157,0.546875
1227,0.5736130440529826,0.45060163742982345,2.2276717075581645,0.609375
1228,0.547151182841167,0.41205950132539515,7.200544103162617,0.609375
1229,0.5682683149030215,0.4484315846235867,2.7265810600500586,0.625
1230,0.5893508516523244,0.45248671037995075,-0.16611189249074776,0.546875
1231,0.5555100124812553,0.4216722545566902,3.1672698915384854,0.5625
1232,0.5702263125432064,0.41829253412315975,3.1256189377906596,0.578125
1233,0.5412651019063325,0.4079500586193981,2.7942544362731874,0.53125
1234,0.5402311200213917,0.41562140996505814,4.082264230413619,0.5625
1235,0.554767651718545,0.4226942692906907,4.067127514793996,0.625
1236,0.547224567031735,0.41149360117392897,5.8070433327656215,0.515625
1237,0.5547914485728536,0.4100884401019272,5.596291598275718,0.5625
1238,0.5682266108101413,0.42408796152147127,3.4657835424230354,0.515625
1239,0.5196559955824253,0.3940148532509013,8.02704229649159,0.5
1240,0.5247900337617226,0.4012672041629786,8.965419818364213,0.59375
1241,0.532778393002545,0.4003327035824204,4.669633838889409,0.53125
1242,0.5586718602314145,0.4283245406121769,2.8537607851345412,0.671875
1243,0.6017812964313988,0.4441469294428346,-0.9766060524449074,0.640625
1244,0.5698138080027024,0.45353593340153325,-1.4702385360302714,0.578125
1245,0.5414667892874901,0.416177996486142,1.8023932071227469,0.625
1246,0.5373130969807454,0.4031004514761117,1.6366854810414342,0.609375
1247,0.5548514311692071,0.41099704184087976,-1.061553694870961,0.609375
1248,0.5265846049571237,0.38811145529927743,0.31279475849314947,0.640625
1249,0.5213780886492738,0.38843316367143443,3.222431026684329,0.640625
1250,0.4690008635274892,0.37606936595740587,6.854439278942084,0.609375
1251,0.47606963036625904,0.3725923360051697,5.139452453588689,0.640625
1252,0.48233223032618483,0.35503200725135553,3.9572134698288393,0.515625
1253,0.49105928705409846,0.3598765661194511,4.1798672764646385,0.65625
1254,0.5158982076285877,0.41372337381340946,5.017532821384278,0.625
1255,0.523726101021099,0.4141428192879418,5.4436627284959895,0.484375
1256,0.5435958537759275,0.42217264658403386,4.767628652665016,0.484375
1257,0.5231823150215286,0.3967412531389245,5.386242284823353,0.5625
1258,0.5866292794345825,0.4226525076341234,1.0888807684420199,0.515625
1259,0.6093945893602992,0.4545035537533845,0.31527032432093033,0.5625
1260,0.6393217883137425,0.4788897820549501,-0.45751835481095715,0.609375
1261,0.6201922799674371,0.46666005738464333,0.7227417464309317,0.640625
1262,0.6164652723678156,0.47441077177041563,1.150165368782281,0.578125
1263,0.6020782655266724,0.4522928759012353,-1.063004757866536,0.578125
1264,0.5971260390049189,0.4593051026601381,-0.07952083803088417,0.5625
1265,0.6100089013720599,0.471713033918119,-0.9464299549622003,0.515625
1266,0.5913216701434002,0.45151008409005655,0.6667544602652102,0.5625
1267,0.5913891862066502,0.43266276705112744,1.3629797193745024,0.5625
1268,0.6302540869661906,0.4779456779401475,-2.0725157246603323,0.546875
1269,0.6208813049995117,0.4583703341385,-0.7150234045320591,0.46875
1270,0.6135726917467226,0.4646794313532314,-0.9148460800075302,0.546875
1271,0.6113225612264074,0.4655764831244708,-0.9177617792813906,0.59375
1272,0.6379910466439664,0.49635902851207286,-1.5511093755595247,0.578125
1273,0.6316109010340395,0.4846706084734746,-5.258365425439855,0.53125
1274,0.5982959708432892,0.4599408518309293,-3.2016769262591103,0.625
1275,0.5984935709105552,0.447683340226751,-1.3781164122047933,0.609375
1276,0.5720399914577233,0.4494595891584116,1.1202870625633083,0.546875
1277,0.5832850377048582,0.46414256669715953,-1.3242976893079659,0.546875
1278,0.5961934833453968,0.47967755903266823,-1.5450026533121535,0.484375
1279,0.6158611106118573,0.47637322880054506,-1.169688842518931,0.484375
1280,0.6114822839104695,0.471793548788618,-0.7831814707469131,0.515625
1281,0.6063366730685927,0.4675554958881363,0.151442027873536,0.5
1282,0.6217537836422184,0.48632181546618325,-1.089329561638137,0.5625
1283,0.6444413153599846,0.489504067353882,-2.7745017935946388,0.515625
1284,0.6626982866631717,0.49512837963174355,-1.7812508270334313,0.609375
1285,0.6857621543004117,0.5261214945757324,-2.368514778059499,0.5625
1286,0.6762239787689258,0.514676725852644,-1.2960795636994331,0.546875
1287,0.6719050209298733,0.5074528087025229,1.1090525465612395,0.390625
1288,0.6977869771845165,0.5426829860042219,-3.419240774560563,0.453125
1289,0.6623037472050102,0.5088810728400299,-0.5420199782291424,0.609375
1290,0.6846450166339574,0.5263945647944902,-3.451494938556485,0.453125
1291,0.6731914396240537,0.5206410453709579,-3.712582623404745,0.53125
1292,0.6912236416344683,0.5345773265333612,-5.975381522581677,0.4375
1293,0.672999098041803,0.49959358380021807,-1.200338123383119,0.65625
1294,0.6978150526352964,0.5302734395179445,-4.447558390297416,0.484375
1295,0.6850350887602917,0.5150498977062377,-4.6171011042325425,0.46875
1296,0.6657120540273926,0.5042796500842823,-0.026397991641462226,0.59375
1297,0.6755404513363567,0.5137282316909467,-4.658593622593416,0.46875
1298,0.6957656414966272,0.5349828918842028,-5.533935587129994,0.515625
1299,0.6547425258552332,0.5026121372116007,-3.245663841299895,0.59375
1300,0.6406727385269301,0.49709970645099294,-2.634612089549268,0.53125
1301,0.6350684676260621,0.4950593690896732,0.7487878785113143,0.515625
1302,0.6843981437443439,0.5228201813066707,-5.478557196244973,0.609375
1303,0.6785246108771954,0.514942990497918,-2.913625963773509,0.5625
1304,0.669700124474864,0.5120960593912658,-2.0687406940113107,0.53125
1305,0.6453906080168405,0.4846503999579814,-0.0004989131187370099,0.578125
1306,0.59933013715164,0.4442310155598779,2.5860263962066354,0.59375
1307,0.5779813245467756,0.41182435444704507,5.0663778375666935,0.5625
1308,0.5987655093247296,0.4259042188599107,2.4214011989430726,0.671875
1309,0.6045045499242296,0.4421861217910532,2.0169928634304326,0.53125
1310,0.5647353460539005,0.4040255629259321,6.985543558980087,0.609375
1311,0.614403148058322,0.4497717810460044,2.2611276358017443,0.484375
1312,0.6420331376644661,0.4701221289933226,1.601251510815452,0.53125
1313,0.6506354763886951,0.4960186141344083,-2.349981156593974,0.5625
1314,0.6599065698813446,0.49945877987118176,-1.3027882429999416,0.59375
1315,0.6976079491335391,0.5339278295733937,-5.4432978729942345,0.59375
1316,0.724277298318964,0.563969258427874,-7.440011110132247,0.484375
1317,0.6834765991977326,0.5138409997680682,-3.697472909590572,0.5
1318,0.6703919804183988,0.5066475265682423,-1.7141412544601078,0.46875
1319,0.6678146822018208,0.5081424752047426,-1.3766290221444746,0.546875
1320,0.6833941605819005,0.5267603208731878,-2.9660398750728185,0.59375
1321,0.6886297088586849,0.524121710419761,-2.783000378151201,0.53125
1322,0.6736154525687011,0.49821714968050806,0.9694475369295718,0.453125
1323,0.6745357993304918,0.5049686703725443,-1.0527218979431683,0.515625
1324,0.6590282987390835,0.4896943786379822,0.7829271745613562,0.515625
1325,0.646029754473128,0.4916435205876608,1.5630715652847704,0.65625
1326,0.659533042447295,0.5098153094068667,1.1158216428289514,0.578125
1327,0.6697242403917582,0.5031535740733686,0.09064670933600044,0.578125
1328,0.6481105293535296,0.4727683018927798,2.167419223744156,0.5625
1329,0.6606527101644183,0.5070725579196355,-1.417628818069038,0.546875
1330,0.6472807192996314,0.49612381109428155,-0.19524924773288171,0.546875
1331,0.664745224484537,0.5143579070347544,-1.5361489776416946,0.578125
1332,0.7050321878525768,0.549525020603244,-3.988293403837718,0.5625
1333,0.700056768904036,0.5465493715594281,-4.134831755526866,0.5625
1334,0.6955265289221441,0.5489083609937108,-4.847071606176369,0.734375
1335,0.6760475813057324,0.5253959440265085,-2.2262343483442715,0.5
1336,0.6676999159384982,0.5095838731509496,-2.9728870402051664,0.53125
1337,0.6522651401728491,0.4814364595949369,-2.8840423229776295,0.5625
1338,0.6679600679697112,0.5007824218720845,-2.35907410683384,0.390625
1339,0.6779671770822665,0.5109396688827872,-2.3615621421679216,0.578125
1340,0.6677115395192373,0.5197182286768413,-3.8477527293361544,0.53125
1341,0.669808378247242,0.5138513169834842,-4.535098746617836,0.515625
1342,0.6720101287419619,0.5111505981410319,-2.774342882705726,0.546875
1343,0.6235389243911804,0.48433624758682153,0.5238359623117659,0.578125
1344,0.6106058997803405,0.4557678963848053,3.5308221191021008,0.625
1345,0.633139784296882,0.4764941071273741,2.497135944985291,0.515625
1346,0.61337015338994,0.4666016683469374,-0.4647062160769807,0.59375
1347,0.6248800474991777,0.4732074374102062,-0.827911065577838,0.546875
1348,0.6132830604867523,0.4729721694838562,-0.9300858088295949,0.546875
1349,0.5860637645196548,0.4296144438880834,1.049961678988431,0.59375
1350,0.6208693148322433,0.45759489553363136,-0.1158985393350146,0.484375
1351,0.6020091919183975,0.4374379759190929,1.9246292311985886,0.609375
1352,0.6153686746819897,0.4778410032373814,-1.8080136927075707,0.46875
1353,0.6079655877291393,0.48618231287121416,-1.4051724885649672,0.609375
1354,0.6402735816863006,0.4796462866070443,-1.498229036289912,0.5625
1355,0.6394954987543272,0.4677101551849081,1.6086071189509252,0.5
1356,0.633251571926193,0.4792029261890412,-1.1730046809911014,0.640625
1357,0.6268807388993431,0.4699094564159838,-2.7461109777839683,0.515625
1358,0.6108815291008439,0.46171593310160813,-1.042726893787707,0.59375
1359,0.6298051894229862,0.49013540821487367,-4.440745221452304,0.53125
1360,0.6295611450417589,0.47313348297397456,-2.3043728626290827,0.578125
1361,0.6190077256542666,0.47559242109137645,-1.3571199503881455,0.5625
1362,0.6355043077241379,0.4909535776160346,-3.6842978350006286,0.484375
1363,0.629505736009325,0.4886716251904741,-2.7895380893617743,0.609375
1364,0.6299344192030872,0.4905707763839926,-4.182153185702483,0.546875
1365,0.6106599802898783,0.4502177050570963,-1.8999001690604163,0.59375
1366,0.6164049245294566,0.45051574603885775,-1.1327963837842296,0.546875
1367,0.6230649803754376,0.4598550160375368,-2.136610054124066,0.609375
1368,0.5942676911458721,0.4535617433100483,3.4231353267731803,0.59375
1369,0.5617436680389127,0.42937596987059434,4.06563062094751,0.578125
1370,0.5458484792987385,0.41330918823448304,5.8600271750818385,0.59375
1371,0.5692021355591534,0.40851829044384136,3.099262979915494,0.546875
1372,0.5527754847509742,0.4071766046435359,4.929725149123132,0.5625
1373,0.5607238365537071,0.4151581673658276,4.435402668927135,0.5625
1374,0.5238950515945584,0.3761747133571707,6.024967641260617,0.578125
1375,0.557716290064686,0.4052252048017994,6.570353514707319,0.515625
1376,0.5922520721853579,0.44084268382656716,3.9072723405182637,0.546875
1377,0.5989663467059901,0.4581075777431572,1.740641558206212,0.53125
1378,0.612156495436608,0.4527228736264452,0.07378511448302638,0.5625
1379,0.6050161070373773,0.4617350145123187,-0.5034768329522359,0.59375
1380,0.6128924240375625,0.461652588796669,-1.340449631690795,0.578125
1381,0.6181810909180948,0.45145375372237373,-1.0074655629947222,0.421875
1382,0.5938492249998972,0.4384358450858788,0.03940473815865808,0.609375
1383,0.5932289142116304,0.45156730090861963,0.4695938286745322,0.453125
1384,0.5987041315776654,0.4246794116128582,2.10828702369264,0.515625
1385,0.598972736807293,0.43308051119966806,2.7353399351149243,0.53125
1386,0.5865612664109386,0.4265141047083716,5.758070744135452,0.53125
1387,0.5945099593282089,0.4527855093300406,6.002626604598929,0.515625
1388,0.6004970754044029,0.4421430709061547,2.9011575206320823,0.46875
1389,0.60159928667088,0.44636190393288366,2.157685460138484,0.6875
1390,0.6103053838371132,0.4537672426979837,3.228636039204304,0.625
1391,0.6375544638500764,0.4720501077206773,0.38539874409068625,0.640625
1392,0.6107232026558819,0.46222390586478596,1.2446087607996619,0.59375
1393,0.6102825316384828,0.45978666516612066,0.7955815443286487,0.46875
1394,0.6253689426832734,0.47279957898006436,0.7077832378572309,0.515625
1395,0.6306617769380898,0.4635407620956325,1.560423650607733,0.546875
1396,0.6256114470254804,0.454331904697818,2.5455481952631507,0.421875
1397,0.6653394441143546,0.5028857857542134,-3.0110071342934153,0.5625
1398,0.6399516491491655,0.4821527104195234,0.0105076533006912,0.578125
1399,0.6620816679564651,0.5009965909798496,-1.8379023304799929,0.5625
1400,0.6607005707170747,0.5148778623806465,-2.1981505805624715,0.578125
1401,0.6297853273579913,0.4954812026456503,0.7195478284385731,0.546875
1402,0.6330043320989113,0.4791501037539379,0.7676295312482124,0.609375
1403,0.6204433321886605,0.4637151148341472,-0.6123021191277833,0.546875
1404,0.6147609668748926,0.45224322004845297,0.90317775216488,0.609375
1405,0.604973684242449,0.4543269554998508,0.7232760671337588,0.53125
1406,0.5774890462717867,0.4168379117508392,3.5723993855461704,0.5625
1407,0.60844794995793,0.4514403152989776,0.70417865231337,0.578125
1408,0.6162158559498018,0.47240860668574475,0.0668950352994695,0.515625
1409,0.6332395968181168,0.4979093414975995,-3.7181495667795676,0.46875
1410,0.662590246180346,0.5062879495354221,-4.196492279813363,0.640625
1411,0.673481985243563,0.5159569291362426,-3.406819806768035,0.59375
1412,0.6788610952240841,0.5189409231825706,-2.380458925593383,0.578125
1413,0.6943195219308272,0.5406749789897046,-3.189740080300045,0.5625
1414,0.6701880515722122,0.5028647430560079,-1.9167553002238085,0.546875
1415,0.697398829542904,0.5449469546273584,-7.221573533555295,0.5
1416,0.6878024647241547,0.5243042887529723,-6.508141515494859,0.40625
1417,0.6609228511781954,0.4975196383438329,-4.5766862244795465,0.5625
1418,0.6834455045012214,0.52295472841295,-5.897845089492482,0.578125
1419,0.6570500310189412,0.4933779755943853,-3.141285223217288,0.5
1420,0.7182600527446423,0.5590661730244822,-5.885559663752716,0.6875
1421,0.7179862722425621,0.557275644502384,-5.077635777676111,0.59375
1422,0.7203002757429031,0.5608062813306692,-6.551329611861941,0.484375
1423,0.6854167941597908,0.5178789705573913,-2.741190441550405,0.546875
1424,0.6628185555041589,0.5017322562935441,-1.9683163882527155,0.5625
1425,0.6228890804293966,0.46162893291664314,1.7492121270156615,0.640625
1426,0.6355726108771013,0.46654723011452376,2.953773776701402,0.609375
1427,0.6312849436276616,0.4599188340920502,2.757404959809608,0.484375
1428,0.588071514323944,0.42604323804768346,8.050943587968264,0.59375
1429,0.5940903675682466,0.4253395981229753,6.227029679713021,0.625
1430,0.5765125710457413,0.4328601232702849,5.861315173234277,0.546875
1431,0.5969663578340907,0.4521325785638875,1.404997300044021,0.578125
1432,0.6149023833442054,0.4616568970563962,-0.16343818471803168,0.546875
1433,0.6259975555014935,0.4743641639093779,-2.4149929369473053,0.515625
1434,0.6473710987055749,0.5073244765219892,-5.151090821986217,0.453125
1435,0.6722185211889133,0.5255560987576439,-5.542625545412326,0.59375
1436,0.7061864398322822,0.5367777057820103,-5.5538965500314035,0.609375
1437,0.6943350510247344,0.5415105620736211,-5.0126770802303025,0.484375
1438,0.7102918092473248,0.5538797501718399,-6.281655418862009,0.5625
1439,0.6963733680902001,0.5443929128908888,-5.024835957122859,0.59375
1440,0.6863822385520874,0.5313517790434615,-2.3070746301996348,0.546875
1441,0.6776012529299985,0.5046850530797767,-1.6071413549639322,0.578125
1442,0.6905209638164881,0.5298111639865257,-3.5933698238193683,0.59375
1443,0.6833534352757447,0.5210084579155815,-4.1650770875972825,0.515625
1444,0.6971079922857748,0.5325495226618745,-5.188911263209777,0.625
1445,0.6626823404672476,0.4927013509679205,-1.6508526168293491,0.5
1446,0.6746004205039711,0.5091911749216858,-2.2687652612603193,0.5625
1447,0.6694870194554491,0.5175292123144511,-3.832031771316248,0.5
1448,0.6460257117666451,0.4859868854160141,-2.351591596169563,0.5625
1449,0.6607455460415677,0.5076593407970441,-3.9684293599442944,0.625
1450,0.6738876872170764,0.521702227729523,-4.9912091882791065,0.671875
1451,0.6426814316814192,0.4808217678472231,0.2750772342789066,0.640625
1452,0.6030668154569133,0.44588070339617686,2.985742297671681,0.625
1453,0.6103987602361944,0.45156828037801494,1.5201244394463835,0.578125
1454,0.6000692472447716,0.449342674002422,1.9034803986430955,0.640625
1455,0.6241889557238764,0.475194960918121,-0.23975865933666435,0.5625
1456,0.6291203323719513,0.4671783398117542,1.2564889762010136,0.515625
1457,0.6233191268382162,0.46966009725572916,0.11705165823263591,0.578125
1458,0.6248214464856016,0.47859519792734523,0.10116600186792507,0.515625
1459,0.6281256107006485,0.46389980120527136,0.8920122414813744,0.546875
1460,0.624607919225623,0.45713992742152554,2.1717961119216693,0.421875
1461,0.6187602193005546,0.46431120732625913,2.6140210894477502,0.578125
1462,0.6171113586928628,0.45164630271617695,3.601584345725374,0.578125
1463,0.6269957987523321,0.4515787152284063,-0.6747860362221253,0.625
1464,0.6443305033226224,0.4735256225376696,-2.4640875387105132,0.640625
1465,0.6706516713642038,0.5150005482423793,-1.8118264516555245,0.546875
1466,0.6659033407796011,0.5173178622610716,-1.1282008766792684,0.53125
1467,0.6644141188202449,0.5090660364015077,1.0213945102269335,0.5625
1468,0.6623430801725734,0.507592922924409,-0.47694895674318116,0.546875
1469,0.662694952059602,0.5156864614004526,1.122235662887075,0.53125
1470,0.6922168635739662,0.538374210435501,-2.687007333049727,0.5625
1471,0.6748720802082063,0.5280335998977307,-2.0123759249224387,0.484375
1472,0.6795863565006691,0.5188677888220131,-2.3180896659633814,0.625
1473,0.6663860853964357,0.4992070207930058,-0.5347738806718131,0.484375
1474,0.6813556375835504,0.5131931928021592,-2.2853979547914203,0.53125
1475,0.7266494803054719,0.5712011461297893,-7.903849738002286,0.59375
1476,0.7140606115279606,0.549136621018906,-4.3033123222638086,0.609375
1477,0.7096532651249206,0.5478905920159555,-5.035910274895136,0.515625
1478,0.6819684130212589,0.5228830879282634,-3.61541215117445,0.625
1479,0.6756823148824229,0.5255533063117513,-3.5912916669573476,0.453125
1480,0.6697614365013548,0.5457552642873015,-5.921222305583797,0.53125
1481,0.676078611435282,0.5382458779455456,-5.485069839259357,0.5
1482,0.654205902712102,0.5224074314612296,-1.7045169322720102,0.59375
1483,0.6511099776065776,0.49655778732439804,-1.9556196994368376,0.59375
1484,0.6244926887712837,0.4710709894912128,0.40439289831436237,0.609375
1485,0.6206856536422037,0.4599004011783036,1.3612501964185322,0.59375
1486,0.6135429455762064,0.45182707008438355,3.263456582970689,0.5625
1487,0.617660459391113,0.4639848657053893,0.8194477051619586,0.65625
1488,0.6161041872101171,0.47711760037697487,1.1644066419917403,0.578125
1489,0.6297718264107073,0.4887965197480713,-0.5877763071204251,0.484375
1490,0.6612094046939013,0.5273243905199007,-3.0520200716463863,0.578125
1491,0.6525327371624151,0.500375388011449,-0.7383049901094161,0.578125
1492,0.6466353569769456,0.5000386340488604,0.4377680501511748,0.46875
1493,0.6247151405426764,0.4876249037284055,2.9296898500693587,0.5625
1494,0.618089880759464,0.46254975084908656,1.3093638749534058,0.546875
1495,0.6007863665537218,0.43684121669534276,2.316856106553998,0.578125
1496,0.5927930998373391,0.4550302851231991,0.178646615722998,0.578125
1497,0.5912569651227914,0.4496256928144957,0.87227699478237,0.515625
1498,0.6037781760936435,0.4542160172964928,-1.6237934575973054,0.625
1499,0.5891714493137132,0.4202168878101315,1.4232650214208982,0.546875
1500,0.5937140216201566,0.45648050155172054,-0.8474883996760757,0.671875
1501,0.5895492121929536,0.46217587362467477,-0.7952318754414462,0.53125
1502,0.6313133540893959,0.48893386107333664,-3.2494244942465516,0.53125
1503,0.5904701572340145,0.46968104464736676,-3.1485859185536147,0.671875
1504,0.6350689305157963,0.5088924747105202,-7.439164855852722,0.546875
1505,0.6331608362874769,0.485372635938566,-4.525324353239391,0.484375
1506,0.6005015162868431,0.45646468312262084,-1.5593618972269299,0.625
1507,0.5949792128763837,0.462144241733605,-1.488032819475269,0.546875
1508,0.567225523511191,0.42964457525098876,2.047417318884043,0.515625
1509,0.5852789741308402,0.4461493542722776,-0.5037721766063435,0.609375
1510,0.6004105663269156,0.4520673459849918,-1.0340940877045126,0.578125
1511,0.6120684845926407,0.4560093811100035,-0.2589163627973163,0.5
1512,0.6089493808145817,0.4560013335594409,1.5088513230689222,0.609375
1513,0.6067216155766206,0.4682491634118839,0.5737343566173824,0.5625
1514,0.5906023710015017,0.44251272397363023,2.019286634813359,0.484375
1515,0.6115439964042381,0.44686880975054993,1.4774444695418276,0.578125
1516,0.6258299888299147,0.46498211079367474,0.97038310103828,0.484375
1517,0.6021791851000143,0.4436816178697535,4.096505332017892,0.5
1518,0.5837434567230512,0.42584043059146265,5.708425773227059,0.703125
1519,0.5592227965996392,0.41852325636391674,4.40951213680233,0.40625
1520,0.5755106964480506,0.42217365924156053,4.728546074949058,0.453125
1521,0.5813920173938304,0.4144413708479533,6.2241110780712425,0.71875
1522,0.590072211381379,0.4313507865290278,4.558939694677512,0.46875
1523,0.6279692140837914,0.46852546136528667,3.66641268656822,0.640625
1524,0.6425883211124724,0.4768369411617601,-0.18109836581806157,0.578125
1525,0.6698421462203971,0.5188709757225632,-4.610911627755488,0.71875
1526,0.6658467301272614,0.509792625079842,-2.6539581626639017,0.515625
1527,0.6424524711868203,0.48100592951872095,-1.126606412139377,0.546875
1528,0.6684652075674351,0.5033215569227423,-2.7347287649619902,0.625
1529,0.6763402964303716,0.5143654784442603,-4.371288393463804,0.546875
1530,0.6600029234349959,0.4926523787422738,-2.4634513716370434,0.578125
1531,0.6602148405034592,0.4985709169357308,-3.0588878069114744,0.484375
1532,0.6621406763485271,0.4904582980781969,-2.5958119149771424,0.53125
1533,0.6812292082213386,0.5158613630686334,-3.959596962601127,0.546875
1534,0.6720609969602567,0.5050650312535875,-1.3649625323918422,0.5625
1535,0.654887837769898,0.48499338236851147,-1.0328608986182342,0.578125
1536,0.7053388517022651,0.5442161307016476,-7.137949665163939,0.453125
1537,0.6630634702936145,0.500645360193586,0.02172659850696801,0.59375
1538,0.6319322853724209,0.4688148242370335,3.031725786236501,0.5625
1539,0.6239756067721101,0.4724366794517099,2.024324398198699,0.53125
1540,0.6046875996811694,0.44819855636013367,3.329836158871449,0.53125
1541,0.6202368273441758,0.46770659631160577,1.2402749283757366,0.5625
1542,0.6363569985644887,0.4826888097617014,-0.34255361903691917,0.515625
1543,0.6500016484715652,0.49444653297102653,-2.7723410265029975,0.59375
1544,0.6744676719366872,0.5213318107949586,-4.647533109890787,0.5625
1545,0.6284269728192676,0.45786623160345896,1.3330660357017525,0.46875
1546,0.6559669075905749,0.4922025021464165,-1.293993702664969,0.5
1547,0.6573533578711995,0.49549592787106594,-1.629841509327017,0.53125
1548,0.6586441624518166,0.5058000275336397,-1.9523726987394152,0.4375
1549,0.6062909167649613,0.45337864983017173,1.705670013112482,0.578125
1550,0.5605861474185166,0.39696116313214524,7.580525799822675,0.5625
1551,0.5724734111273015,0.3878994095205006,6.418974918527276,0.578125
1552,0.5980162408241584,0.4261384449830213,4.174414836797687,0.625
1553,0.6260717439357709,0.45868488798628837,2.0287494005176216,0.515625
1554,0.6266930892924427,0.4525800423170056,3.522546272631855,0.46875
1555,0.6386716619763902,0.48911759857004605,-0.8020201801163875,0.53125
1556,0.6257909756292106,0.48589811795251553,-0.7324704577017969,0.53125
1557,0.6509325287308982,0.5127797465059457,-0.7965784775465008,0.546875
1558,0.6453852786740525,0.4981274199919352,0.1200453539530611,0.546875
1559,0.64557127793582,0.49591881790932324,-0.2966706912220972,0.515625
1560,0.6406459940470551,0.48600889424741794,3.271583925497,0.515625
1561,0.6678098763158976,0.5096934272315233,-1.059186613858781,0.515625
1562,0.6447120390662358,0.48829547226316156,0.37775808048446324,0.515625
1563,0.6402873281040237,0.48421531294832515,-0.38245781122381645,0.515625
1564,0.66071344911216,0.5056234794296265,-1.5751267933989537,0.484375
1565,0.6614716176158151,0.513146241843012,-1.0007015497364875,0.5
1566,0.6708862884332233,0.5212922667965944,-2.449630323826519,0.578125
1567,0.6304710036382083,0.46304750349674445,-0.3056231420426783,0.671875
1568,0.6166691525295184,0.455839418146569,-0.3588308440383684,0.484375
1569,0.6114647580727247,0.447688630804256,3.0846328410073687,0.5625
1570,0.631041446922863,0.46050604753073543,0.4174055576609573,0.578125
1571,0.6230258413170503,0.45836950187579345,0.3713068861069856,0.5
1572,0.5804652153420705,0.43333577118733224,2.2967300483072304,0.546875
1573,0.5616957575399621,0.43401216806963294,3.3962018683825104,0.546875
1574,0.5541153304546407,0.42499706502167606,4.239207397345349,0.515625
1575,0.5540723305093463,0.4262609633487944,4.02368610061444,0.515625
1576,0.5695490043121557,0.4393520614180371,-0.46395214955632225,0.640625
1577,0.5844506379344131,0.4736282969011078,-2.908073760285428,0.578125
1578,0.5915632607805971,0.4608241774399491,-5.5957255392972005,0.640625
1579,0.5760078455420384,0.42838416965532716,-3.781876250677522,0.609375
1580,0.5510219317680846,0.4212641275309867,-2.0773293889442153,0.4375
1581,0.5471896674129381,0.4079942379247636,-1.283518194825494,0.578125
1582,0.5341750757600093,0.4135780306408865,0.6488541025237946,0.578125
1583,0.577270493902403,0.461708042856433,-3.7409971662839427,0.5625
1584,0.5536775085713059,0.43375925809720056,-3.6875988138883438,0.5
1585,0.5666177494831045,0.47590545033050785,-6.055804109429701,0.671875
1586,0.5887471671593351,0.4501646252530769,-1.5365093961410996,0.640625
1587,0.5988829887386905,0.4616680140177279,-1.3606981782124281,0.609375
1588,0.5782366221694325,0.44434985411864586,-0.8682611669656644,0.546875
1589,0.5787076089737039,0.4654208128139916,-1.1973516471475691,0.640625
1590,0.6116596727629912,0.4999655202467362,-4.6087057996949765,0.578125
1591,0.613640345120485,0.47083110320288984,-0.338708699718961,0.59375
1592,0.6053010996526114,0.4619990058225989,-0.30345672162804205,0.578125
1593,0.5959391750507873,0.4554293211550764,0.3515860628582739,0.46875
1594,0.5962756892393253,0.45287699265306697,-1.9473332353562776,0.578125
1595,0.5637217869003135,0.4286949751218789,-0.3266578231784533,0.59375
1596,0.5535030104529676,0.4390670172386661,-0.9981020172456969,0.5625
1597,0.5805568045178756,0.4482886679023799,-4.580086528448881,0.515625
1598,0.5585886006290329,0.4414333827919111,-1.4004652829601922,0.546875
1599,0.5818810278559702,0.457873854757251,-6.28155188832322,0.5625
1600,0.5606544957306011,0.42675122135293764,-1.5978834963006268,0.578125
1601,0.5442940863944677,0.40579263964916334,-0.47760051295271677,0.609375
1602,0.5370838281488898,0.40659087395599736,4.669322253381647,0.578125
1603,0.5172088317368343,0.40004188486894754,5.812134427162457,0.453125
1604,0.5399611523440453,0.4168009532160804,4.309305411650684,0.640625
1605,0.5534225349075002,0.40198971259325855,3.728250866843264,0.546875
1606,0.5747434529624125,0.4184528720936971,2.849214756129536,0.609375
1607,0.5529583281965104,0.4077088694272335,2.124799982534643,0.53125
1608,0.546911643821003,0.3801870676779176,4.79654943819364,0.59375
1609,0.5458179672550142,0.3849312097471291,2.6121276918439493,0.53125
1610,0.5648049222321454,0.4105629465849419,1.8359420614093735,0.546875
1611,0.5619517646872302,0.4227111483898311,-0.6680151174716659,0.625
1612,0.5529780340214936,0.40259390428830893,2.2942237201795885,0.546875
1613,0.5570299002890445,0.408265426400867,3.9050075598243117,0.59375
1614,0.5419541405775129,0.3926368278398377,4.7380330056661695,0.515625
1615,0.5493823863975805,0.414513264385932,1.4761090311599658,0.59375
1616,0.5278250047487009,0.3879368989100022,3.1747064854468894,0.515625
1617,0.5525820158387836,0.4113558036843766,-0.4389640723153822,0.578125
1618,0.5641866404915304,0.43727162532397895,-2.7203754884103932,0.53125
1619,0.5705824458677012,0.44962577478175697,-1.0702414169981822,0.59375
1620,0.5669089398651317,0.4338782117441291,-1.1560954622333004,0.53125
1621,0.5300126605456971,0.406243147487048,3.4482048759248167,0.5625
1622,0.5540166138486282,0.43204381759128374,3.9066884586001946,0.5625
1623,0.5708128327711125,0.44167771375066794,2.7484551442811487,0.765625
1624,0.5683865422863029,0.44076196618914315,3.1220731752781496,0.609375
1625,0.5893756046299604,0.4628010935418894,1.3457017683591816,0.578125
1626,0.6085658971608484,0.4788839428294647,-1.1374802153718093,0.609375
1627,0.6036401992736585,0.49518937814383185,-2.5646499374022005,0.625
1628,0.5704344944508652,0.4436735253793838,2.132983970196344,0.609375
1629,0.5959889045421398,0.5013572173619317,-0.8422806941608746,0.5
1630,0.5946348956382798,0.47897495049399214,-0.0532015589573612,0.578125
1631,0.6064642701369336,0.4782315511432927,-2.0515366238493495,0.65625
1632,0.6076093082076874,0.4789131242197497,-2.4519114979615786,0.59375
1633,0.5928435192174495,0.45336768738651667,-0.9887609537849338,0.53125
1634,0.5847508269121944,0.45110911404134413,-0.4576373167738262,0.5625
1635,0.5554180103220329,0.4207573270300822,2.5794175392549508,0.5625
1636,0.5611022372848565,0.427121108118897,4.013578011297473,0.53125
1637,0.58217768363082,0.4466207326132114,-0.10767096599844733,0.640625
1638,0.5738954151953028,0.4216277581363923,2.784014664080296,0.59375
1639,0.5796278732366663,0.4390755088033174,2.2976400786462183,0.484375
1640,0.6029552583547967,0.4394396273493275,3.7331238821014607,0.65625
1641,0.6132631351561962,0.4682651457024305,-1.6303374588307293,0.484375
1642,0.6228733489974206,0.46145371211402986,-0.6775841902761977,0.5625
1643,0.6348983716705828,0.482683048131142,-2.7550958670412165,0.640625
1644,0.6300561058785007,0.4827098464651767,-3.757205418342941,0.515625
1645,0.6406089278588043,0.48893146598989673,-3.049068035372068,0.5
1646,0.6772147370790081,0.5194762713558531,-6.574128466959799,0.5625
1647,0.6486193488254343,0.49979230971399397,-4.186673003547406,0.5625
1648,0.6491522431035964,0.4993750070157114,-5.450216613116013,0.609375
1649,0.6614866826991209,0.5147748643398836,-5.431687694003357,0.453125
1650,0.6607498977650285,0.5169068774691167,-3.8638944591105036,0.546875
1651,0.6308107482077486,0.4753311922726871,0.14223587335042154,0.5625
1652,0.636340258678604,0.46730711289873844,-0.8352882440628753,0.609375
1653,0.62471904284154,0.4594635374380012,-0.7573926831492819,0.515625
1654,0.6223571076189903,0.4571527747014638,-1.1836753700780616,0.5
1655,0.6205892785222048,0.456891485728425,-2.8252505103737375,0.53125
1656,0.5866905297173267,0.4433008572748977,0.12576423674101367,0.59375
1657,0.6227464721864673,0.4747413380954762,-4.08726723564291,0.578125
1658,0.598334750624987,0.4710147435247523,-0.7791833216900763,0.71875
1659,0.6101548740004596,0.4597132728516529,-3.2497172136675885,0.53125
1660,0.5989132285897086,0.46765018075546766,-2.030821362075277,0.59375
1661,0.5580159385607861,0.4213069824393876,2.721335514958007,0.625
1662,0.5541217152763771,0.4124635697455572,2.5072852103078476,0.59375
1663,0.5470498729290785,0.4397186283318732,0.905215029195787,0.6875
1664,0.5287492151389867,0.3910875956027749,4.534869067418023,0.609375
1665,0.5217562638923875,0.4006567556092344,5.59575462834473,0.515625
1666,0.5684419587709072,0.39632399053056644,3.6086053540428127,0.578125
1667,0.5793414471426085,0.42660844314749974,2.797230885101529,0.59375
1668,0.5838599794934334,0.4373018478982654,3.042069264692408,0.515625
1669,0.5719693471014613,0.4388837949356315,2.5072336226918237,0.421875
1670,0.5548439247177669,0.43658445807949525,3.264807283942732,0.578125
1671,0.5662921846152146,0.42559371895248993,4.529977569380842,0.546875
1672,0.5893795575374456,0.4431615232499743,0.9421046396119876,0.390625
1673,0.5872634334105095,0.4516412362982855,1.0805075378841662,0.515625
1674,0.5946744226830694,0.43883588932512135,0.948571044761036,0.671875
1675,0.5888813822105633,0.4449202611186631,0.30808029195699993,0.453125
1676,0.5559999283695762,0.420521625685405,5.104568348814789,0.53125
1677,0.5659748930045704,0.39538883938870456,6.045052185198232,0.59375
1678,0.584858491541196,0.4146907325155558,2.8264567486024177,0.515625
1679,0.5821682005953418,0.4056968968643571,5.185392130755778,0.640625
1680,0.61388935173065,0.4396414157373818,0.04570932263905517,0.625
1681,0.6200192001790696,0.46478942842610466,-2.3234443911890383,0.546875
1682,0.6356104384784796,0.48421114948807215,-1.6373341737742595,0.53125
1683,0.6343843848087739,0.49462981469124495,-1.1680555397667352,0.625
1684,0.6316921401126773,0.4754177478838188,-0.9166507922745057,0.515625
1685,0.6117454414696997,0.4570613759141655,2.7130582672665575,0.625
1686,0.6077108232474734,0.438989193435775,1.6491498989748694,0.640625
1687,0.6213832586570454,0.4570262192895799,0.6032738464289733,0.515625
1688,0.6264438049501749,0.4716657794695969,0.3957613286674327,0.578125
1689,0.6146835711985255,0.4509353568445425,2.2408043799621633,0.625
1690,0.635197316771214,0.46769572696451583,-2.1625643539299206,0.609375
1691,0.651183371383768,0.48831703693489015,-3.0846232583081696,0.484375
1692,0.622100180446235,0.4554430421185868,2.549597568572068,0.625
1693,0.6027913464542505,0.4416746319225214,4.9982039051225815,0.515625
1694,0.5639177690147464,0.41023438137893214,5.1477112931595626,0.671875
1695,0.5292589921024086,0.3897454760093075,6.515468177697584,0.59375
1696,0.533983722115229,0.3862471790182657,7.046395898913211,0.515625
1697,0.5680654298133687,0.42133469210106894,5.73558922550882,0.59375
1698,0.5743790465146036,0.42516119579926276,6.3089128830005,0.53125
1699,0.6101061471403804,0.46569713104749494,1.9442899619518688,0.5
1700,0.611032534765861,0.466339073200124,3.3031793541982606,0.46875
1701,0.6644510305747965,0.5224539745115279,-2.94278758780817,0.609375
1702,0.6803712944733294,0.517387751818786,-2.2709115454167987,0.640625
1703,0.6739494755350058,0.5169926683457634,-0.8618168467075276,0.578125
1704,0.6192292554889359,0.4587674453082345,4.720136680581549,0.53125
1705,0.6135491073592622,0.4651544360183895,2.7424666459374065,0.515625
1706,0.6426723676728362,0.4974750717021285,-0.9698943803790875,0.65625
1707,0.6153828060842009,0.45699052262639633,3.4717701326026176,0.515625
1708,0.6397927334814474,0.48445295370162594,-0.9463206621807345,0.65625
1709,0.5971976350307403,0.44616434723111725,3.7285473429254665,0.5625
1710,0.6049236334358303,0.4445214157869337,3.984933569163411,0.609375
1711,0.5760708109582253,0.4244917379485862,4.5055315381089045,0.46875
1712,0.5450897541076511,0.4136971910091764,5.647999848251837,0.546875
1713,0.5625144812861991,0.4163160912045534,6.184644776255016,0.578125
1714,0.5882221261382024,0.43764414615640707,4.446858929509087,0.546875
1715,0.5964741786687803,0.42969742569605024,2.1915499735765867,0.546875
1716,0.5651969326515961,0.4108039134216234,4.938929322366835,0.46875
1717,0.5294126976802607,0.39414729859961367,8.696597780361802,0.71875
1718,0.5188949824541186,0.4022197692952214,7.872932211374418,0.609375
1719,0.511279774836343,0.39713541173123357,8.681019214114244,0.625
1720,0.5267521439569557,0.4150390364069613,8.409575737371965,0.578125
1721,0.5770926818402501,0.4620723619592604,5.08263152312424,0.578125
1722,0.5608711227178,0.4441588050683875,5.363123697649794,0.609375
1723,0.5626226394465371,0.4339092877799781,5.2877422623340795,0.640625
1724,0.5529552320049508,0.43687889722687406,5.1274240950233105,0.53125
1725,0.5722163801875625,0.4289827512879927,4.12857871244448,0.53125
1726,0.582738718059605,0.4403473653069539,4.411469966517367,0.5
1727,0.5698576943496176,0.4297216823601375,6.226661629055583,0.5625
1728,0.5807514119092386,0.44762628672347643,3.2558011782682534,0.5
1729,0.5732595978444522,0.43881160441759054,2.7602668461279047,0.515625
1730,0.5437431943428341,0.3991963935317562,4.527335394175534,0.5
1731,0.5525418448744371,0.4134627804372833,5.761747471461458,0.5625
1732,0.5532383027587746,0.41281773694274976,6.793719891860686,0.5
1733,0.5809517397876257,0.4489970342750372,0.5417568066569278,0.65625
1734,0.5675708470147626,0.45405552217673445,1.8530232168710827,0.59375
1735,0.5902480344878254,0.44568173201005745,1.5534040012497634,0.59375
1736,0.5775186505039348,0.4414040899055582,1.0331605306628997,0.4375
1737,0.578133812457844,0.4715390729836608,0.3393539442074464,0.484375
1738,0.6020254698769943,0.4864530809707884,-2.9949933531032653,0.5625
1739,0.5738417912525287,0.46550171334555485,2.596492410451056,0.453125
1740,0.5676696379106044,0.4766001597411294,1.8451533029193044,0.59375
1741,0.5979493289402281,0.4893037645535296,1.0598588344983721,0.5
1742,0.5923182538003012,0.47731709353921187,1.3863039860275017,0.40625
1743,0.5549722875243139,0.42584437648531637,5.685417522446874,0.625
1744,0.5794594716518432,0.44563301948051254,0.6101944187775558,0.578125
1745,0.5970537892773446,0.4728161534793345,-3.4629329505478585,0.59375
1746,0.6004849482698132,0.4771878517529921,-1.6548019422369542,0.578125
1747,0.5923712766757889,0.45871583989777714,1.5019115980343316,0.578125
1748,0.5906272183227971,0.44675456277780706,1.2117215965241002,0.59375
1749,0.5908024729560918,0.451980057792134,-0.675027833014587,0.515625
1750,0.5607761035712625,0.4075864333135783,2.3875199329609678,0.5625
1751,0.5328475624188643,0.4015924158587089,3.5564470083945787,0.65625
1752,0.502934654675486,0.3858584764248576,8.131694380392894,0.59375
1753,0.5065003602119176,0.38275456672770986,3.880415927165121,0.53125
1754,0.5461074155199693,0.3992920514037566,2.584956328637784,0.578125
1755,0.5559046945307166,0.40185975306938154,0.013565430212927887,0.59375
1756,0.5595822407967646,0.42094532812121216,-0.34325894011091423,0.53125
1757,0.5672196857964372,0.4180252095231662,1.09746604940681,0.484375
1758,0.5849917158599169,0.43674715332169667,0.05991069257308873,0.53125
1759,0.6099048527396144,0.4523877128405338,-3.996968918597106,0.484375
1760,0.6080274299393544,0.4497597404208735,-3.8962946308265156,0.609375
1761,0.6146859703750872,0.4543353967741804,-2.8416740083529506,0.5
1762,0.6362996964520721,0.4676253534381208,-3.3480260204169072,0.515625
1763,0.6063792843958006,0.43447194154813173,-0.8034979754381886,0.546875
1764,0.5787514916685773,0.4171251148190193,1.7960122430008152,0.53125
1765,0.6114662562746144,0.44678303359706856,-1.5623589928407977,0.5
1766,0.6030941903069557,0.4647110095729364,-1.9711149662184437,0.546875
1767,0.6023724006348993,0.4535081439388377,1.4394598829320606,0.609375
1768,0.5959025384595014,0.44035166658986885,2.25098608982816,0.46875
1769,0.5936196472047482,0.42776012366458516,2.8393862689013343,0.578125
1770,0.5907641794943496,0.43165335794157667,1.0794066446364599,0.546875
1771,0.5804233554527457,0.4381136880017465,-0.09956548521183473,0.640625
1772,0.5899516120936806,0.442213043627293,-1.3495671006104677,0.453125
1773,0.5643717893202137,0.4196043809653378,3.3160375123445895,0.65625
1774,0.5345914538706747,0.3732063434140456,4.920675784096072,0.5625
1775,0.557842676922548,0.3932208198311096,5.002024785479496,0.609375
1776,0.5697466835801892,0.42567481512938526,3.775639824538424,0.53125
1777,0.5432231814442748,0.4110617663074549,6.834238953632947,0.59375
1778,0.5570509181209689,0.4187827258505365,7.037152584299254,0.53125
1779,0.558723051188348,0.40824598621039027,8.485279733025397,0.6875
1780,0.551978710554688,0.42628578046128335,6.264575614421456,0.53125
1781,0.5445340343079031,0.4140564672024463,8.328039842130202,0.515625
1782,0.5308749198569798,0.41424611130981087,7.613877554587807,0.4375
1783,0.5574512418087595,0.44138997817632547,3.6052196612284235,0.671875
1784,0.5554128644398044,0.43497985621904545,2.688321990394088,0.515625
1785,0.582131672146498,0.44361435509271424,3.6371828252321805,0.546875
1786,0.5437190082143029,0.39329629705629926,6.638391423627403,0.625
1787,0.5360983833834259,0.38399143272495423,9.15084590257785,0.609375
1788,0.5247164725512017,0.3937554808207811,6.178738180456193,0.53125
1789,0.4997804707906386,0.3764456116907173,7.7319926504457355,0.53125
1790,0.5122361598821751,0.3865090418323285,5.6489130305050175,0.59375
1791,0.5015965595295239,0.3787945242232132,6.519182793899613,0.4375
1792,0.5172739309876442,0.4062167069315728,4.322777799097546,0.609375
1793,0.5176735297155751,0.41637016311779435,4.307721676801461,0.609375
1794,0.5714869964870353,0.4495967681909438,1.6308195664921414,0.53125
1795,0.5693462237446751,0.4188828184287658,1.8505269972393386,0.6875
1796,0.5590327662714777,0.4150542519248928,3.3200641103206117,0.515625
1797,0.5614320311689612,0.4306103935111704,4.380704290152782,0.515625
1798,0.5544767173347483,0.4530150427465986,0.7638545551849039,0.53125
1799,0.516072361869983,0.4260885130301347,0.33364014126718483,0.578125
1800,0.5323971368650527,0.42101387895934117,-0.4087591288873616,0.53125
1801,0.5448482661138542,0.4010641079532653,0.9843568825800868,0.53125
1802,0.5121303099275422,0.35985389533042955,3.377843559748231,0.609375
1803,0.5291640015914507,0.3868136918233132,-0.10934294798663124,0.671875
1804,0.525510589261366,0.40011110938956973,1.5790880078245955,0.484375
1805,0.5253679651415505,0.3930612876416785,0.2741368272885921,0.59375
1806,0.5138268489268527,0.37374667211699414,3.0977062665809973,0.546875
1807,0.5289614305059112,0.3991707732366125,1.1851910268690176,0.65625
1808,0.525816503665819,0.41619753249677327,2.261331935056771,0.53125
1809,0.5234281468563796,0.42248498371524573,2.611754864844938,0.578125
1810,0.5241656804627409,0.3969934175390746,4.873818762870415,0.5625
1811,0.5108742803861567,0.4109718385254913,2.8036090725188836,0.59375
1812,0.5245654977154836,0.4214055012387013,1.347541839285498,0.609375
1813,0.5665201761133519,0.45998517793742394,0.5953558231157898,0.671875
1814,0.5265894021254632,0.4426766052863022,1.6460719752873145,0.5625
1815,0.5187629503491571,0.4527425751313791,0.9019564310822605,0.59375
1816,0.5310347019390288,0.4511925452529126,0.3773538785497474,0.59375
1817,0.5181297598094446,0.43751151474061273,0.6532664608519867,0.71875
1818,0.5118666450032089,0.41666707207557746,2.2980309020043954,0.546875
1819,0.5204285095028708,0.4159673327891526,3.2736094146421637,0.484375
1820,0.5270703418236988,0.40462236405846325,3.921691575148507,0.625
1821,0.552284811446398,0.4197653911254653,1.7402854364316878,0.578125
1822,0.5552042662625439,0.41767934651489896,2.449685954129686,0.546875
1823,0.584343334894785,0.4534251497133451,-0.9862178186699131,0.5625
1824,0.5424724710397482,0.4028514590769938,2.8427515483685624,0.40625
1825,0.5596394635263269,0.4225132465359034,0.3424047223411507,0.484375
1826,0.5720227632461273,0.4356905376622861,-0.537067984334936,0.53125
1827,0.5771228928244437,0.4468243729716448,-0.296645061919256,0.515625
1828,0.5644697687984542,0.4357413506847246,0.04298700433749045,0.515625
1829,0.5722909357881449,0.4407837987774916,-0.2935412579859026,0.53125
1830,0.5760030885327615,0.4618269697346254,0.2956228179031031,0.625
1831,0.5729939594780834,0.45233877840258235,0.9280740736913831,0.515625
1832,0.5426711975306352,0.4262991590035899,2.9782161541060876,0.53125
1833,0.5328896285541803,0.3757642547355402,3.7689192380425194,0.59375
1834,0.550529146632473,0.3897672655534757,1.3609073688553264,0.5625
1835,0.552485260237267,0.4075395475489683,1.4466779243504633,0.46875
1836,0.561413953224427,0.42440459460293584,3.1984499489908016,0.546875
1837,0.5657196991699668,0.43092968611157745,3.5402731208657996,0.578125
1838,0.5827658571627167,0.4438479867902927,0.6086595805595618,0.515625
1839,0.5699615453742655,0.4499528484631547,0.4438962901039455,0.53125
1840,0.5754624852881834,0.4399324541431153,-0.2371406680021303,0.53125
1841,0.5650281463068709,0.4360099432953855,1.6811585788765255,0.65625
1842,0.562725986391508,0.42409056012663643,4.316395695769404,0.5
1843,0.5661122295382056,0.4153645259789422,5.193501728215638,0.53125
1844,0.5680762669151753,0.4107146219592582,5.78611464458278,0.390625
1845,0.5611967198860449,0.41945886917119396,4.879642185515977,0.5
1846,0.5669779119725603,0.4334170296062954,3.429352848913392,0.546875
1847,0.5837004340894334,0.44503168999767845,2.430432186852629,0.53125
1848,0.5841038270055605,0.4418910257215683,1.897260769834781,0.59375
1849,0.5518984840476118,0.40990570883262595,6.107607744604027,0.546875
1850,0.5506537646919363,0.41427445539517677,8.947689474960146,0.65625
1851,0.5652308953589075,0.42241551633680424,7.466585579422533,0.5625
1852,0.5637046312502773,0.43422294668793926,6.020292801960329,0.609375
1853,0.5823752539155623,0.44049416315223966,6.183891505286072,0.46875
1854,0.6160459685770155,0.47029605001557934,2.549699863500821,0.6875
1855,0.6203144384840363,0.48204164514144326,1.3381901909701652,0.59375
1856,0.6130675176618676,0.46225166482583674,3.6630600204251142,0.5625
1857,0.6059148406619229,0.4523762200308384,2.7823638926419623,0.625
1858,0.6227388714444958,0.4764825940080015,1.3881666637572891,0.59375
1859,0.6419338706875332,0.4855567966306488,-2.0993105848960276,0.46875
1860,0.6439281314250895,0.46914169618105683,-2.367880460815222,0.53125
1861,0.6331958270147965,0.4629942171782213,-0.04565799383057456,0.484375
1862,0.6136470080373431,0.44841437376765825,-0.027399109170375358,0.6875
1863,0.6172611033928393,0.4547580660325803,-0.9396282965645886,0.53125
1864,0.635346283290453,0.47481791711286614,-3.3897221308206635,0.59375
1865,0.6220845909617342,0.4664641652419796,-1.241898151129,0.546875
1866,0.6563974535986077,0.4870065419243533,-2.7712708455552058,0.546875
1867,0.6313425235594581,0.4662534170535894,-0.306906791867796,0.578125
1868,0.6528491107891122,0.50451334750315,-3.1177595389360673,0.578125
1869,0.6832105320637303,0.537581621169901,-6.127278658182688,0.6875
1870,0.6681561039267475,0.5189821737466432,-2.7287193565842447,0.578125
1871,0.6743833118233457,0.5199734223714154,-4.313360326790976,0.5
1872,0.68401832119695,0.5157717327661028,-4.625414253479578,0.484375
1873,0.6596836201389092,0.492690583129529,-1.7260558088302078,0.65625
1874,0.6434382804710549,0.47384400040542257,2.071415570369531,0.546875
1875,0.627131324959801,0.4764177803801501,1.3563983902703771,0.5
1876,0.6271853741863663,0.45830257932469937,0.7766193827065138,0.546875
1877,0.6216504572796264,0.45412272303170287,0.6519430866471669,0.5625
1878,0.6357481083718165,0.4658925553503022,0.49257358460270834,0.609375
1879,0.6472454012547167,0.48461091134211937,-1.595274537442101,0.46875
1880,0.6611237607445483,0.5012458914043817,-2.9577532124589423,0.453125
1881,0.6726773825359476,0.5074575967947971,-4.3687920391381025,0.515625
1882,0.6540921945456928,0.490538106485789,-0.4879446387717298,0.46875
1883,0.6574824958197277,0.5161890301726452,-3.0977252663017913,0.515625
1884,0.6414148683221437,0.4862614517583282,-2.5533279660589048,0.390625
1885,0.6570372079768886,0.5071195766535023,-3.5749387773287578,0.5625
1886,0.6460596463667109,0.5059786715968358,-3.9106355834969038,0.59375
1887,0.6224422354368239,0.4870608192301815,-0.23176989609296278,0.546875
1888,0.5905746550958955,0.4652339844815249,3.4393270252168793,0.484375
1889,0.6069957015144051,0.4745988053730143,-0.16465260797411752,0.71875
1890,0.6282176855677322,0.47801666159386436,-3.3406663850726894,0.53125
1891,0.6341401086111808,0.4814198116311122,-1.2529167229496825,0.609375
1892,0.6363601840043777,0.4766384204122624,-1.8399792980675218,0.59375
1893,0.6297705704564563,0.47085784151276205,-1.583332329479787,0.625
1894,0.5963752824484256,0.4460262262859729,2.8226636308778916,0.5
1895,0.6265089951058936,0.46404337115140865,1.3279374759335123,0.59375
1896,0.6343450857918925,0.48156419585684845,-0.7875592400896831,0.59375
1897,0.6185210000209945,0.46812533572233295,0.5838532618424815,0.609375
1898,0.6293508913336378,0.46950787059150595,0.9314877742261461,0.46875
1899,0.6437064510096568,0.4798698726529494,-0.4063530467908649,0.59375
1900,0.612300287277065,0.44632423010678113,2.770912305514497,0.5
1901,0.6074006635241753,0.4612776117278874,-0.11365166668810509,0.625
1902,0.596347792698635,0.4425130506783734,1.6085358924469215,0.640625
1903,0.5731963938534318,0.40961813913202594,3.241705435328749,0.453125
1904,0.5670289860235135,0.39639954381478715,4.38166162014818,0.5625
1905,0.553703599591449,0.4202037685239855,2.8316422471592197,0.65625
1906,0.5774988311317147,0.44392260840311915,0.9505136950051638,0.546875
1907,0.5959974905385361,0.460475870948895,0.6538917433689448,0.65625
1908,0.5963559391831469,0.44530220477006704,2.1952112860283175,0.625
1909,0.5967516309635607,0.45221717563774755,1.3750813437525005,0.5625
1910,0.6313473931146955,0.49602524901873973,-1.676465967188284,0.5
1911,0.6051851387591606,0.4568655491427647,2.459418378863713,0.515625
1912,0.6081876868899104,0.46624516963785273,1.070038359578976,0.484375
1913,0.6179965392217462,0.48983815785370705,0.12702623176100708,0.609375
1914,0.6016037485791529,0.4640173624374131,1.3071216566316446,0.625
1915,0.5961380703809352,0.46763237546886954,4.468742766923962,0.546875
1916,0.5913172569641943,0.44932728226869295,5.237602154078028,0.6875
1917,0.5860317667927913,0.4353427972547365,6.0651543084099515,0.484375
1918,0.5906617561159856,0.442036200570703,6.866261605784061,0.5
1919,0.5689439637780761,0.4105635616988776,9.650401793859677,0.546875
1920,0.5995754772165082,0.43089464730472443,6.234408300491376,0.578125
1921,0.6115189364182275,0.45290719146204,3.518474751348912,0.515625
1922,0.5947230405895846,0.44711080951163823,2.4638416488293715,0.6875
1923,0.5784725445135572,0.41082054805471735,3.8357713377078246,0.546875
1924,0.552699915697702,0.3855153518222736,7.172686461093918,0.5625
1925,0.5640857417451063,0.43101228765436,0.5402829731515396,0.546875
1926,0.59361817112147,0.44872443082809826,-0.017086190792291844,0.5
1927,0.6320200234354668,0.4744569152197113,-1.879945044844443,0.578125
1928,0.6433561007645842,0.47327026028999947,-4.074487837177385,0.578125
1929,0.6461480216776802,0.4820864052150253,-6.0435461774351715,0.5
1930,0.675100487790813,0.5065720501916514,-6.398489042038569,0.65625
1931,0.7015630009319785,0.5414378334268707,-7.344500179780669,0.5625
1932,0.7247955351682439,0.5726139894531318,-8.906190341500274,0.484375
1933,0.716175769428772,0.5625128814785717,-5.950954067878979,0.578125
1934,0.7062994522292114,0.5427787212704931,-3.578671198802445,0.515625
1935,0.7186741918171986,0.562516203943224,-6.547920983487816,0.578125
1936,0.6569671554745291,0.4919636909254192,-0.1138597623766216,0.46875
1937,0.6378667018558457,0.4665109924756803,1.3114882827368661,0.671875
1938,0.6427197878511633,0.47639243024334393,2.6149411373872473,0.53125
1939,0.6584528921036776,0.48886066557307556,2.247296542388847,0.609375
1940,0.7173637885851273,0.5693942324940519,-5.175523612126433,0.53125
1941,0.7140708994352504,0.573463615050534,-6.079427631042988,0.65625
1942,0.7243797662689392,0.5759882590033827,-6.899990781253754,0.625
1943,0.7143185082216666,0.5635017808286062,-7.650155231415171,0.546875
1944,0.7392617658860413,0.58827414795789,-8.477456918852743,0.5
1945,0.7227662441762055,0.5647451104958187,-4.308410702453264,0.640625
1946,0.686182769892735,0.5215949507052263,-0.37772912458239605,0.640625
1947,0.7364220557832105,0.5875823956881693,-6.003221560113427,0.53125
1948,0.7492202378031504,0.5963634175652041,-6.570186720888121,0.5625
1949,0.7136101220495165,0.572211457014208,-2.8102146078130987,0.609375
1950,0.6914810539256327,0.5463992846847274,-1.6691326001417923,0.53125
1951,0.6581898802981699,0.5096207886021413,1.904121843573368,0.53125
1952,0.6695062118732557,0.5163120937833606,0.5515367494720089,0.65625
1953,0.6636622191103102,0.5128802452341792,-1.9226067234012936,0.5
1954,0.6537615050382267,0.5006318898106487,0.706168330428678,0.59375
1955,0.6404587070082264,0.47749836283934705,1.4428607947723275,0.59375
1956,0.6753661256579235,0.5056241411396843,-0.2173493367962353,0.546875
1957,0.6662312740578988,0.49802331273098116,0.923162309659141,0.5
1958,0.6652821670309853,0.49847496024379573,1.1061694963065396,0.546875
1959,0.6462070573563463,0.4945916374876556,2.683028923135997,0.484375
1960,0.6443383515073625,0.4817397065811631,-1.6398427933353756,0.625
1961,0.6578519085576467,0.4867732226404648,-1.8541657829441276,0.5625
1962,0.6709105287357676,0.5078213333616698,-4.307001163784004,0.59375
1963,0.6681222453638948,0.5016268301306889,-3.3330301034801946,0.5625
1964,0.6261789298101209,0.4407676259607227,1.0939682523971732,0.609375
1965,0.62863151910936,0.4523121372785776,2.3440797907257673,0.484375
1966,0.6109926187595528,0.4314700327617293,4.436556487242407,0.5
1967,0.6080585181840031,0.43708573973172044,1.449341969463808,0.59375
1968,0.5990466006718064,0.41564610992916123,2.8970418766283608,0.65625
1969,0.5821084401022051,0.41113226934767927,4.478207297370697,0.609375
1970,0.6078859423925832,0.44255148061201544,3.6108585252513605,0.65625
1971,0.6454815481491428,0.4745027212153457,-0.2186174431927373,0.59375
1972,0.6579079706940933,0.49005838374479144,-0.8111169645211946,0.515625
1973,0.640470371492765,0.49650531571115514,-2.4841200994181554,0.6875
1974,0.6285056717609837,0.4548605668471302,-1.1492783807017157,0.640625
1975,0.6416107514951339,0.4716079809667928,-2.12126144806084,0.46875
1976,0.6553216382552551,0.4784944086170724,-1.0460399238714344,0.53125
1977,0.6482615957572452,0.46729440144853035,-1.7818126008514457,0.484375
1978,0.6430655878890578,0.47493119254787325,-0.9009168828728662,0.515625
1979,0.6674070144606272,0.5030884656350768,-2.7508399188958763,0.546875
1980,0.7115576313542853,0.5446087310762221,-7.762723310142462,0.640625
1981,0.7342090060261279,0.5803564626535099,-9.607616742695479,0.515625
1982,0.7192952896015387,0.5611322644730526,-7.138597864111606,0.5
1983,0.6930449353233579,0.5361225139464572,-5.742191244753315,0.4375
1984,0.6572387260223823,0.502272409329663,-2.8855309134764364,0.4375
1985,0.6525973364818811,0.48664417363983664,-1.2348154230198554,0.5
1986,0.6346126980799467,0.47171250207857635,-0.17621300447329902,0.59375
1987,0.637468069146999,0.4608843276237211,-0.2018405647315925,0.546875
1988,0.6355148605569291,0.46878011720539575,-0.12854281801895484,0.484375
1989,0.6314595127142638,0.4689003754211732,0.7571415079406641,0.59375
1990,0.6007022868689369,0.45689230768130756,1.1895524684953969,0.578125
1991,0.6160956574853896,0.4670861445054724,0.4023898842525828,0.625
1992,0.6040876060071437,0.45003920870870445,0.6148831633658487,0.578125
1993,0.5876739525739968,0.4388925122066704,2.7661057335519965,0.5
1994,0.5862294924964038,0.4352502018752076,4.402685267892121,0.515625
1995,0.5998574851555762,0.4426609990123089,2.665697966075058,0.609375
1996,0.6153397420879817,0.4578736078977359,0.1636028172476145,0.5
1997,0.6430721864861947,0.49538266794820646,-3.8195278030941324,0.625
1998,0.6697551139024448,0.5177200408515371,-4.47522698343994,0.546875
1999,0.6834179143232948,0.5369496988467216,-3.6531122842267525,0.5
2000,0.6490485974545911,0.4846610760604045,0.28261242809752063,0.515625
2001,0.6365670052263,0.4732016392142587,-0.5568726720098509,0.46875
2002,0.6365819774346948,0.4801724770481872,-0.5607255328818852,0.484375
2003,0.6755498532537874,0.5157308186648794,-3.6562518996449858,0.53125
2004,0.6575041050614903,0.4912724081479958,-0.006477942260479264,0.65625
2005,0.6595095692373428,0.5012138897976646,-1.1222944669908546,0.59375
2006,0.6249103217198246,0.4725095555749304,1.010980238956168,0.640625
2007,0.6434111925400369,0.4902464906798203,-0.21365968377452293,0.640625
2008,0.6688748780665827,0.5098650124975398,-3.2231553574716134,0.5625
2009,0.6555193621547036,0.5061983239092844,-3.770842090566335,0.53125
2010,0.6425342176545654,0.48897467423232394,-1.7030342904222657,0.53125
2011,0.6381233469948818,0.48236945546983695,-1.8703185442529615,0.6875
2012,0.6306993542290446,0.48106331856255485,-0.8908150484889763,0.5625
2013,0.6613271069274277,0.5027885091770645,-4.351706462917534,0.515625
2014,0.6674593267640675,0.5080547992041003,-5.174123108733896,0.59375
2015,0.6778302746397484,0.5268950581442385,-6.893085888905478,0.59375
2016,0.6949101058553667,0.5368437722195737,-6.719866493571069,0.625
2017,0.6843285206165236,0.5343059620981507,-6.429818034030343,0.4375
2018,0.6827275814381074,0.5310353428054911,-6.6878805506993455,0.484375
2019,0.6968748097300255,0.5299294255797032,-7.204570200453551,0.4375
2020,0.6761062565335623,0.520757453734004,-5.430644827225501,0.484375
2021,0.6752761081235569,0.5183574905827399,-5.579370140391498,0.453125
2022,0.6777705943872894,0.5191976812875155,-4.489588279835688,0.5
2023,0.6599765579124054,0.493302811755441,-3.4285589359844604,0.59375
2024,0.6262922358924672,0.46204002706660235,-2.0376513130771787,0.578125
2025,0.6458269126616992,0.48850272974099135,-3.456128727763129,0.453125
2026,0.6368186455164119,0.486844103247688,-2.3057268204054338,0.46875
2027,0.6514824690095794,0.503237300870074,-4.05944065236786,0.578125
2028,0.6437959705733437,0.49525092522071623,-5.460659757008018,0.5
2029,0.6591976751446872,0.5090790024462115,-4.898278704638796,0.515625
2030,0.6608921811413967,0.509693557798555,-4.034291352598492,0.65625
2031,0.6339508760056348,0.48810759528622155,-1.6699136418612524,0.609375
2032,0.6562625422236001,0.49767292766926996,-3.6589852093758326,0.484375
2033,0.6695491590308693,0.521264161617498,-2.4221457853762263,0.625
2034,0.7208444111669898,0.5669746413329723,-5.864112109380761,0.5625
2035,0.7027985138380638,0.5402626800628775,-4.544935575551602,0.5
2036,0.6868205819962844,0.5335389272523564,-5.749672410848459,0.484375
2037,0.6856449487801212,0.5290239043695056,-4.364343139942174,0.453125
2038,0.6507724049736295,0.4918394035006897,-2.92422662877214,0.53125
2039,0.6078078527550487,0.4670998011700784,-2.0910154458740555,0.625
2040,0.6198166906431921,0.5034025746327976,-1.9569850028597338,0.5
2041,0.6397166645844073,0.5058264401828165,-2.6599599325367334,0.453125
2042,0.5819566377229337,0.4543357801649783,2.0786346101683444,0.5625
2043,0.5207600739254398,0.40450432434341455,6.5409132512363355,0.609375
2044,0.518988454929106,0.3952370847979956,4.798294340987768,0.453125
2045,0.5103076932132783,0.39944195203416216,3.191406335949865,0.59375
2046,0.5053612303374595,0.3888783054226275,3.7278906052046117,0.609375
2047,0.4857117079492175,0.3725726134636709,3.669677124746558,0.71875
2048,0.4750457059767708,0.37048668356966125,2.687884021541625,0.53125
