measured_sweep,plaquette_mean,plaquette_square_mean,ward_mean,acceptance
1,-0.005883174046176173,0.22844567120006162,0.0,1.0
2,-0.09288998944866377,0.2649369830395715,0.0,1.0
3,-0.026912705619360072,0.22208459859921004,0.0,1.0
4,0.02587885317365195,0.22801854092806592,0.0,1.0
5,0.03228097601341128,0.22895877660132014,0.0,1.0
6,0.11853360435426634,0.26324704104594787,0.0,1.0
7,0.06577241729521459,0.24288857380449622,0.0,1.0
8,-0.04588252845349896,0.219294476964619,0.0,1.0
9,-0.0222916941240367,0.26820271370874765,0.0,1.0
10,0.03176319853058623,0.26007615681352675,0.0,1.0
11,0.0120812196540208,0.25814623222236693,0.0,1.0
12,-0.04091826878972329,0.22959707514756045,0.0,1.0
13,0.0713648010421903,0.24756283604725784,0.0,1.0
14,-0.052656905670895066,0.26432381930968135,0.0,1.0
15,0.004078785822448802,0.23867921435230197,0.0,1.0
16,-0.0671036386007942,0.267557670871559,0.0,1.0
17,0.018356156286297703,0.24175121029594523,0.0,1.0
18,-0.018620477462307383,0.23079785458901633,0.0,1.0
19,0.005101417684047427,0.21419240535124687,0.0,1.0
20,-0.012211364691354086,0.23407272526085995,0.0,1.0
21,0.042835817211070625,0.2270380277863524,0.0,1.0
22,0.021408860817987957,0.23335060279215805,0.0,1.0
23,0.024923467680557348,0.25614499404507846,0.0,1.0
24,0.025430752772232987,0.23300272946524644,0.0,1.0
25,-0.010440292209789087,0.2672155951552744,0.0,1.0
26,0.03201499218558181,0.22542737119930548,0.0,1.0
27,0.06191219903074441,0.22970267588892224,0.0,1.0
28,0.05462173233643619,0.2653646410150259,0.0,1.0
29,0.015428613562341884,0.30039885961450985,0.0,1.0
30,-0.027106006858582884,0.2635755218694958,0.0,1.0
31,-0.02653009142247581,0.22509631536356012,0.0,1.0
32,0.03923212105344744,0.27983832904050754,0.0,1.0
33,0.0818797755948009,0.23837503467857593,0.0,1.0
34,0.07910531803746601,0.2544292650804991,0.0,1.0
35,0.06806954616494185,0.25128776866319136,0.0,1.0
36,0.08867679787649897,0.2726483250417255,0.0,1.0
37,0.01056037104856447,0.21513051591729027,0.0,1.0
38,-0.09835278801923182,0.24918487736873873,0.0,1.0
39,0.07353538780899788,0.24928104496894155,0.0,1.0
40,0.048574684876179726,0.253567695866081,0.0,1.0
41,0.03324257484486097,0.2745248425738003,0.0,1.0
42,0.06218486099170991,0.26759476482796046,0.0,1.0
43,0.05244714761013336,0.23799122449548812,0.0,1.0
44,0.017881192189436918,0.2790566393529522,0.0,1.0
45,0.03754087657205538,0.25516724244793215,0.0,1.0
46,-0.00872886871783445,0.2366883560189784,0.0,1.0
47,-0.009719902925920844,0.2617230800750045,0.0,1.0
48,-0.0024714189836428507,0.2342121846120081,0.0,1.0
49,0.022452563885298715,0.22523994097643096,0.0,1.0
50,0.12939021320548394,0.2537423790421302,0.0,1.0
51,0.0022479707094362985,0.2723539243964221,0.0,1.0
52,0.1176730591249604,0.27169103745707696,0.0,1.0
53,-0.0900441927141621,0.22450786954483273,0.0,1.0
54,0.04573548065659009,0.24786065619879663,0.0,1.0
55,-0.0206355488467755,0.27419491114408767,0.0,1.0
56,-0.05683310376477443,0.2344537964530904,0.0,1.0
57,-0.012598098613490613,0.2869850201205835,0.0,1.0
58,0.04251173954086007,0.26403349843479434,0.0,1.0
59,0.0014298089107896705,0.2466670826706271,0.0,1.0
60,0.024526059503197712,0.2767943768917602,0.0,1.0
61,0.11126380569321757,0.2783930707484426,0.0,1.0
62,-0.03277054659274246,0.24304328708368383,0.0,1.0
63,-0.010708160114747534,0.20052283626607018,0.0,1.0
64,0.022734644869749843,0.22104484829557722,0.0,1.0
65,0.03772607274403252,0.25630952217478725,0.0,1.0
66,0.02515720405951069,0.21567085811416564,0.0,1.0
67,-0.00941784153773946,0.24058213171064116,0.0,1.0
68,-0.03492719952142223,0.23137222791569803,0.0,1.0
69,-0.004871246925148949,0.2435259013423806,0.0,1.0
70,-0.03028424898761387,0.2734700415427725,0.0,1.0
71,0.0012797766927086878,0.24809147781153654,0.0,1.0
72,0.059911811455499765,0.23235090727176863,0.0,1.0
73,-0.01536412727891976,0.24290349082597598,0.0,1.0
74,-0.010765746224495063,0.25546473991414476,0.0,1.0
75,0.04644448651911681,0.24851548394751252,0.0,1.0
76,0.10115712325339749,0.2440785525603507,0.0,1.0
77,0.007882913288944027,0.20570257154628402,0.0,1.0
78,0.09062459674008187,0.2357281357042634,0.0,1.0
79,0.008172105655635165,0.24031888146950367,0.0,1.0
80,-0.0023746018249880528,0.23284000506042304,0.0,1.0
81,-0.05133578754070931,0.2237764758516477,0.0,1.0
82,-0.0479761405605667,0.28496924714015504,0.0,1.0
83,-0.013610106802584001,0.252300245155229,0.0,1.0
84,0.025302446355481057,0.24513525805872796,0.0,1.0
85,0.07198702529375567,0.22685247772795306,0.0,1.0
86,0.0535626415791722,0.20873198199638868,0.0,1.0
87,0.03610262622114823,0.26611027522814906,0.0,1.0
88,-0.06335224631996432,0.26055548399622763,0.0,1.0
89,0.0014565178591837147,0.2310626092308848,0.0,1.0
90,-0.06908728821371658,0.22611117103364142,0.0,1.0
91,0.02623023413555813,0.2367646345807133,0.0,1.0
92,0.009777284919456022,0.24884672620400664,0.0,1.0
93,0.06489473473258044,0.22865133114039402,0.0,1.0
94,0.008591461946396456,0.2914983705254392,0.0,1.0
95,0.021111841472012772,0.30793807789216465,0.0,1.0
96,-0.045774691970393744,0.26159705177689246,0.0,1.0
97,-0.04656294631289184,0.2510499761843129,0.0,1.0
98,-0.09944911903699832,0.2801509710435323,0.0,1.0
99,-0.08273898560775292,0.2693831860614561,0.0,1.0
100,-0.051957980515691136,0.24217136395691455,0.0,1.0
101,0.007596795185813914,0.22808875227691486,0.0,1.0
102,0.056488157456218345,0.2659609224271766,0.0,1.0
103,0.06308358622700434,0.26076131963700777,0.0,1.0
104,-0.017623545664060856,0.2536674613036453,0.0,1.0
105,0.029374106074416196,0.27675506473228134,0.0,1.0
106,0.013080673113583678,0.24662984288400666,0.0,1.0
107,0.023585747419865716,0.2387511621279047,0.0,1.0
108,-0.026229471715807185,0.18783666762336582,0.0,1.0
109,0.013852011589762103,0.22414675303166617,0.0,1.0
110,0.06228628841822764,0.25598851331382394,0.0,1.0
111,0.060809858483630096,0.22524962811104385,0.0,1.0
112,0.008600871677635109,0.2667838886801443,0.0,1.0
113,-0.009055051342130069,0.25546689837193887,0.0,1.0
114,-0.01774581421490316,0.25474056143615703,0.0,1.0
115,-0.009431878443256858,0.2663858823750207,0.0,1.0
116,0.00521231823469281,0.24068633927213315,0.0,1.0
117,0.020362878567776747,0.22895373660218418,0.0,1.0
118,-0.02877214554215851,0.2320854852238552,0.0,1.0
119,0.042792473049244134,0.24215829475331438,0.0,1.0
120,-0.010139558603204594,0.2815145220591995,0.0,1.0
121,0.0026793032225346167,0.24266246900490826,0.0,1.0
122,-0.008076804801274031,0.30720184625729136,0.0,1.0
123,0.023037951836305113,0.25401952059975424,0.0,1.0
124,0.04434992906462667,0.2519351356231337,0.0,1.0
125,-0.012382868065032785,0.2571045354116071,0.0,1.0
126,0.06919921321295787,0.239033372024988,0.0,1.0
127,0.025699155986901475,0.24722957213939245,0.0,1.0
128,0.07791969387866353,0.26642622826851375,0.0,1.0
129,0.026288578717212,0.260514820640832,0.0,1.0
130,0.0912203180984381,0.24685021430225443,0.0,1.0
131,0.047835737827872475,0.29580124506742034,0.0,1.0
132,0.09029929010536979,0.25988838667289205,0.0,1.0
133,-0.04328857367455529,0.22709554797165202,0.0,1.0
134,0.03153272162119851,0.2535916299882069,0.0,1.0
135,0.052747017685865975,0.2797044403373217,0.0,1.0
136,-0.08544620090946198,0.25691150223836234,0.0,1.0
137,0.0675688044080582,0.21203727577233744,0.0,1.0
138,0.019242343131974527,0.25750581521137056,0.0,1.0
139,0.044914456025840495,0.23862095643740489,0.0,1.0
140,0.001875920732835809,0.27784219254191383,0.0,1.0
141,0.06625768107432421,0.2629367867887002,0.0,1.0
142,0.09651210844786522,0.2758521708879546,0.0,1.0
143,0.042161996044764616,0.26389304416060094,0.0,1.0
144,0.0700085062798661,0.26473790700918015,0.0,1.0
145,-0.01174568960429763,0.24518762943841158,0.0,1.0
146,-0.07361380649476863,0.28668591670229965,0.0,1.0
147,0.09456819555176399,0.22746792530876783,0.0,1.0
148,-0.0795284087304825,0.23882473405715407,0.0,1.0
149,0.013790298069810572,0.25222880132931286,0.0,1.0
150,0.01810626218346343,0.28968454506637037,0.0,1.0
151,0.078792592464539,0.24996781591421038,0.0,1.0
152,0.03237523554366861,0.214121563230119,0.0,1.0
153,0.021125572727157736,0.19852464867233835,0.0,1.0
154,0.1079320099849348,0.23852645211683865,0.0,1.0
155,0.007188599990364718,0.2778613198203585,0.0,1.0
156,0.05329495551560524,0.2263491451875892,0.0,1.0
157,0.04004209108392051,0.22861434495703756,0.0,1.0
158,0.05915173481884226,0.26753058624404896,0.0,1.0
159,0.09251253561686974,0.22503425770661842,0.0,1.0
160,0.034751243625225775,0.21194457028202218,0.0,1.0
161,-0.004340259889894346,0.251316335142429,0.0,1.0
162,-0.0703165216869374,0.28750305415783034,0.0,1.0
163,0.036031822247032025,0.26448667708788604,0.0,1.0
164,-0.06029364530851195,0.2544300020351286,0.0,1.0
165,-0.026282329275081322,0.2690727827102253,0.0,1.0
166,-0.009554502366682517,0.2726254425504456,0.0,1.0
167,0.003936144957299312,0.21765844575324234,0.0,1.0
168,-0.01958723256774692,0.20388155947001932,0.0,1.0
169,-0.035296203933814295,0.2628208646763255,0.0,1.0
170,-0.03199230705123632,0.23604095390968582,0.0,1.0
171,-0.07379104984990988,0.2569486373959772,0.0,1.0
172,0.010347794120600468,0.2512336751939326,0.0,1.0
173,-0.03895802594519205,0.3014374459460969,0.0,1.0
174,-0.07955874401190605,0.30115503279428096,0.0,1.0
175,-0.02279915883168841,0.22681074918990576,0.0,1.0
176,-0.054570321072892995,0.22683892666878594,0.0,1.0
177,0.052532771060181206,0.21813951912915816,0.0,1.0
178,-0.017020516803321516,0.2431949325199324,0.0,1.0
179,-0.022305931854856003,0.2893649357669821,0.0,1.0
180,-0.01557510463344868,0.2247418920229042,0.0,1.0
181,0.02652111124125986,0.2547231602409459,0.0,1.0
182,-0.032937311801453796,0.2576111754819504,0.0,1.0
183,-0.024803539910634952,0.2483124188289881,0.0,1.0
184,-0.04047312933329119,0.2243599935347301,0.0,1.0
185,-0.022753383515859173,0.22082648066192134,0.0,1.0
186,-0.07565310087590049,0.2369504030763152,0.0,1.0
187,0.09424557896961407,0.23380775219676228,0.0,1.0
188,0.0858809939535523,0.2533799976061398,0.0,1.0
189,0.05901390830348422,0.24973308186893386,0.0,1.0
190,0.013294035351982965,0.23420835622164846,0.0,1.0
191,0.014033700146575132,0.2533543126778917,0.0,1.0
192,0.047054058244483665,0.24059478488185607,0.0,1.0
193,0.05098350508695756,0.2415898696832963,0.0,1.0
194,-0.019706969272580737,0.24833131652081938,0.0,1.0
195,0.1190510345406452,0.2633452276386503,0.0,1.0
196,0.13429544860533696,0.27412334223083756,0.0,1.0
197,0.08102402159358581,0.2222820987838833,0.0,1.0
198,0.05407212939092701,0.27775600904776687,0.0,1.0
199,0.04769800986072492,0.2501639147552166,0.0,1.0
200,0.06189692205995792,0.27838766579442725,0.0,1.0
201,0.05570103406909632,0.2557624883877651,0.0,1.0
202,0.020647406703882012,0.3014675695030984,0.0,1.0
203,0.007906811823970081,0.2780428788661248,0.0,1.0
204,-0.039427295729234556,0.26638082966674953,0.0,1.0
205,-0.04723719379151908,0.2694443569720372,0.0,1.0
206,-0.04915180873648454,0.226516241480151,0.0,1.0
207,-0.059719191330863695,0.25394323095783033,0.0,1.0
208,-0.10883870922609189,0.23535288379483563,0.0,1.0
209,-0.02795492716851992,0.23342957039863857,0.0,1.0
210,-0.01832962910620943,0.26237119716604046,0.0,1.0
211,-0.017969886822739842,0.20895574288959629,0.0,1.0
212,0.07571997506602705,0.276006236765165,0.0,1.0
213,-0.017725956055703845,0.2701026955591069,0.0,1.0
214,0.02047441580384204,0.2398865361393211,0.0,1.0
215,0.04251765876260965,0.25492976406234646,0.0,1.0
216,-0.053258341841184,0.24091413682115956,0.0,1.0
217,-0.01422093234947025,0.24474557708704767,0.0,1.0
218,0.0923740006186421,0.262784475885442,0.0,1.0
219,0.057266334346840024,0.22768448524854215,0.0,1.0
220,0.12556272907884303,0.23406516896008647,0.0,1.0
221,0.08413970252524589,0.2676456626102212,0.0,1.0
222,0.017411526790438375,0.2917140923569998,0.0,1.0
223,0.011601421128484108,0.2503637427739176,0.0,1.0
224,0.13935577900847282,0.27840196030869396,0.0,1.0
225,-0.07098181531205126,0.250141168019062,0.0,1.0
226,-0.01835621817333614,0.23779111109820006,0.0,1.0
227,0.024695399432078196,0.26700973059374195,0.0,1.0
228,0.017575975993043374,0.28526957356541377,0.0,1.0
229,0.006254585455001589,0.2589288678041074,0.0,1.0
230,-0.05999127480190262,0.2395834929966838,0.0,1.0
231,-0.029937414321012434,0.2240073289610194,0.0,1.0
232,0.03505594766496911,0.2604577441310311,0.0,1.0
233,0.03203601120827206,0.2550497089702934,0.0,1.0
234,-0.012041325470410882,0.23761303419257498,0.0,1.0
235,0.094243971025113,0.21166359807872373,0.0,1.0
236,0.02782453743246624,0.2560062235513345,0.0,1.0
237,0.0441259721858504,0.2441108953941089,0.0,1.0
238,0.004757387128732399,0.2651325956730421,0.0,1.0
239,0.13382732736233485,0.2546009239669309,0.0,1.0
240,-0.08838325333510778,0.2826238945610889,0.0,1.0
241,0.04312537575776523,0.27976235879401706,0.0,1.0
242,0.07527071832899464,0.21711415640971965,0.0,1.0
243,0.030152368636732176,0.2239073428086391,0.0,1.0
244,0.03298223035500481,0.23934397085404155,0.0,1.0
245,0.005823125507443359,0.2552301168013231,0.0,1.0
246,0.013716475566977639,0.2723859702990353,0.0,1.0
247,-0.05648327782913376,0.22219181925065548,0.0,1.0
248,-0.035442526328724834,0.2485951463314695,0.0,1.0
249,-0.053562908217297,0.2681575395369767,0.0,1.0
250,-0.031103385804177736,0.2460487049547632,0.0,1.0
251,0.0011667673076269994,0.25353136896593836,0.0,1.0
252,0.03319275343799922,0.24532926294894808,0.0,1.0
253,0.09201445015906053,0.28454190005944735,0.0,1.0
254,0.09358602780779755,0.26460478445834895,0.0,1.0
255,-0.048349505811117,0.2642610423318868,0.0,1.0
256,-0.04670345484021263,0.2437290954920384,0.0,1.0
257,0.04530916997454713,0.25976340760798605,0.0,1.0
258,0.033608979270495005,0.24282597128611605,0.0,1.0
259,0.001639766343437971,0.26226305528545873,0.0,1.0
260,0.02042582985311436,0.25011702311078965,0.0,1.0
261,0.036644874151849804,0.23108706106520524,0.0,1.0
262,0.02447614608543719,0.25132682066020046,0.0,1.0
263,-0.03502157781044379,0.24251527979122292,0.0,1.0
264,0.031720827883962105,0.22168907119506417,0.0,1.0
265,-0.016301151386838648,0.2577113701184727,0.0,1.0
266,0.0039294080346347305,0.23903886026643087,0.0,1.0
267,0.06731976306612618,0.27028987954127365,0.0,1.0
268,0.07037616510513846,0.2629504482063299,0.0,1.0
269,0.034150644496421974,0.23200003266988478,0.0,1.0
270,0.02520954406074269,0.2619531119591833,0.0,1.0
271,0.06310549831240644,0.2559640068613604,0.0,1.0
272,0.043533034956959614,0.22848732133809188,0.0,1.0
273,0.044087450003034344,0.24138804384749993,0.0,1.0
274,0.015972932491412906,0.25352808696467893,0.0,1.0
275,-0.028106744604126488,0.25006279295832373,0.0,1.0
276,-0.010571262797624006,0.24380571644264112,0.0,1.0
277,0.007840486087503866,0.2831571721600474,0.0,1.0
278,-0.07016768630198944,0.26341545635578795,0.0,1.0
279,-0.08207910854389489,0.24882732953678566,0.0,1.0
280,0.032978478675243374,0.27691100929014095,0.0,1.0
281,-0.032515250840213436,0.27407150269206976,0.0,1.0
282,-0.06252704575820521,0.23160100712259712,0.0,1.0
283,0.08527527783958838,0.26452877016068527,0.0,1.0
284,0.016527625055024062,0.2529151334997854,0.0,1.0
285,0.005390956883201635,0.27497072953776286,0.0,1.0
286,-0.0709705899867676,0.25286348184999924,0.0,1.0
287,0.027869602268160126,0.21937355507632686,0.0,1.0
288,0.01730971084610362,0.24403161727125058,0.0,1.0
289,0.040052276206018464,0.30051350899892304,0.0,1.0
290,0.04928363434005731,0.24734893843538205,0.0,1.0
291,0.03619876188600468,0.22552190414243722,0.0,1.0
292,-0.010038107910392672,0.23297923507872284,0.0,1.0
293,-0.04533665678873191,0.22053519726070556,0.0,1.0
294,-0.004554872057644155,0.2472576878928073,0.0,1.0
295,-0.03597535890924502,0.294591151327912,0.0,1.0
296,-0.019894183224123035,0.2272528746504677,0.0,1.0
297,-0.017327158611955173,0.24506803700069021,0.0,1.0
298,-0.010461408011519369,0.21058295751531253,0.0,1.0
299,-0.04397543214985437,0.24812532600193002,0.0,1.0
300,-0.07817285180006663,0.2354901882997039,0.0,1.0
301,-0.034749651540661564,0.26619529520154994,0.0,1.0
302,-0.08302132819288148,0.2571790483878189,0.0,1.0
303,-0.02556800613626341,0.28603879876389277,0.0,1.0
304,-0.04119104485438885,0.2570851892752888,0.0,1.0
305,0.013718011906626705,0.23512943223901572,0.0,1.0
306,0.08916816004537893,0.2536403930284103,0.0,1.0
307,0.09030613242804049,0.2230108461891819,0.0,1.0
308,-0.04560034294961257,0.34242538021064756,0.0,1.0
309,0.03630222281648206,0.22842938458967252,0.0,1.0
310,0.03560008834987784,0.2166257751936914,0.0,1.0
311,-0.031542952322841454,0.2805541340835421,0.0,1.0
312,-0.02476235455545599,0.24483420208572768,0.0,1.0
313,0.042676081168765,0.21258094999584065,0.0,1.0
314,0.04007011870555247,0.2547435931555337,0.0,1.0
315,-0.024070658686533037,0.2535891766000147,0.0,1.0
316,-0.03432122592718857,0.23952395238593885,0.0,1.0
317,0.024709786016258367,0.2992650082064994,0.0,1.0
318,-0.013131988051760426,0.2495620019519776,0.0,1.0
319,-0.05057141818980643,0.21814691492878288,0.0,1.0
320,-0.10136939541186858,0.25300745207290454,0.0,1.0
321,-0.08818964450403599,0.25347332237916703,0.0,1.0
322,-0.024813587905181095,0.23036853257681575,0.0,1.0
323,0.02268843626862248,0.2524235896798778,0.0,1.0
324,-0.031854169285967876,0.29214155391402724,0.0,1.0
325,-0.06573065288470363,0.299044654079842,0.0,1.0
326,0.0003461860857124771,0.273417225836006,0.0,1.0
327,-0.04145066094807336,0.2437566608887274,0.0,1.0
328,0.03926084523380252,0.25654836502293765,0.0,1.0
329,0.08568355128805406,0.25988335731005735,0.0,1.0
330,0.034879557305333854,0.21674996911951758,0.0,1.0
331,0.058058197079806896,0.3045995208735392,0.0,1.0
332,0.03262563190613856,0.28733423535773656,0.0,1.0
333,-0.04694476068992987,0.2560010386228463,0.0,1.0
334,-0.09447932457775114,0.24785980666376953,0.0,1.0
335,-0.06452070193278363,0.2451649158520369,0.0,1.0
336,-0.1462196434674854,0.21306929128668195,0.0,1.0
337,-0.054071516818556827,0.23099406118883584,0.0,1.0
338,0.03460008607899431,0.2306292376606296,0.0,1.0
339,0.011900842196075704,0.2572013175062615,0.0,1.0
340,0.055279158469964874,0.20156549720731864,0.0,1.0
341,0.04535000658024024,0.27841342841313393,0.0,1.0
342,0.019369838072713343,0.26027707167788766,0.0,1.0
343,0.011937086134320235,0.3042677368827746,0.0,1.0
344,0.02962528162129453,0.20123503719018818,0.0,1.0
345,-0.05149675981200686,0.2609440931981865,0.0,1.0
346,-0.04705935707435636,0.24121394569207508,0.0,1.0
347,-0.015211270077303019,0.25084968787513856,0.0,1.0
348,0.018805729816716413,0.28229029197085903,0.0,1.0
349,0.00427592014335076,0.25275988178989667,0.0,1.0
350,0.03501939446301648,0.2602301468882135,0.0,1.0
351,0.08126754396040257,0.2384681165474217,0.0,1.0
352,-0.03784361714702265,0.26448503530865153,0.0,1.0
353,0.008243129684582929,0.2313772614622426,0.0,1.0
354,0.0431137226894144,0.23170880941757596,0.0,1.0
355,0.051942274733999566,0.24223905332760162,0.0,1.0
356,0.05091904700059879,0.24042422428867086,0.0,1.0
357,0.05061878665705707,0.23230121872654594,0.0,1.0
358,0.010524326125270383,0.2306359551737549,0.0,1.0
359,0.0289800325705301,0.2717255268722882,0.0,1.0
360,-0.12352178242732574,0.29297985630474715,0.0,1.0
361,-0.04555950370877073,0.3014371947949024,0.0,1.0
362,-0.0012031090985148059,0.21862750835558722,0.0,1.0
363,0.0704948833966053,0.21221161171303013,0.0,1.0
364,0.08016836892219194,0.2554458292842306,0.0,1.0
365,0.015763037944964354,0.2132076528992289,0.0,1.0
366,-0.0561910339027843,0.2469420761083052,0.0,1.0
367,0.06301712529432145,0.265432020384683,0.0,1.0
368,0.010245267729309795,0.22611848418702182,0.0,1.0
369,-0.03898290125653274,0.2440256963801024,0.0,1.0
370,-0.0872033175346476,0.21210017420014649,0.0,1.0
371,0.01783469375023897,0.2648761338889311,0.0,1.0
372,0.045525890212270874,0.22677239526023843,0.0,1.0
373,-0.05278634867606807,0.2820028650187196,0.0,1.0
374,0.02103798619284623,0.26482625475639493,0.0,1.0
375,0.07914088102398788,0.27892231557595704,0.0,1.0
376,0.06442167717486595,0.2533973933126248,0.0,1.0
377,0.04885040634872562,0.2538328494122326,0.0,1.0
378,-0.004555707176059363,0.2130437117810916,0.0,1.0
379,0.005191204602274781,0.28991122358117555,0.0,1.0
380,0.018013740382073738,0.26543918444838416,0.0,1.0
381,0.05260056085633625,0.29900993542107007,0.0,1.0
382,-0.0227841642638671,0.23109134687153773,0.0,1.0
383,0.03869883174570076,0.22550887432702246,0.0,1.0
384,-0.006610641656376749,0.31767757848757205,0.0,1.0
385,0.03421150079555373,0.258457286538007,0.0,1.0
386,-0.025149806308865152,0.25181745014038737,0.0,1.0
387,0.01603841529246222,0.27857280887180486,0.0,1.0
388,-0.020311069134677433,0.18432796306649882,0.0,1.0
389,-0.015700991629853295,0.20338686806221085,0.0,1.0
390,0.008026829526854759,0.214086727275666,0.0,1.0
391,-0.05480646918538693,0.24177441540148256,0.0,1.0
392,-0.0023301997384399093,0.25618171788426397,0.0,1.0
393,-0.0087454941416127,0.25779255442390886,0.0,1.0
394,0.03190896734041847,0.23802511916936867,0.0,1.0
395,0.03605698127987353,0.2664114744220647,0.0,1.0
396,0.034768690869907665,0.2503042431197324,0.0,1.0
397,0.04208612801595283,0.27768091531718403,0.0,1.0
398,-0.016209835555181917,0.26149248910143913,0.0,1.0
399,-0.0011717813779430254,0.26479733428079644,0.0,1.0
400,0.005176950686668916,0.2664623034809546,0.0,1.0
401,-0.025541224262240123,0.2835803028583657,0.0,1.0
402,-0.00962505581459939,0.28666306832465105,0.0,1.0
403,-0.028519468693235964,0.2499205160381315,0.0,1.0
404,-0.04350738016440698,0.2839672507343167,0.0,1.0
405,0.030208845533245376,0.30559526879375687,0.0,1.0
406,0.15933773586103173,0.3092548743813028,0.0,1.0
407,0.03458056000529877,0.2524185693708476,0.0,1.0
408,0.016493781424213098,0.27977713238597557,0.0,1.0
409,0.0273702656477333,0.23538086557032756,0.0,1.0
410,0.028814012457346484,0.22008516195434705,0.0,1.0
411,-0.0030132951423478224,0.2931211533896488,0.0,1.0
412,0.026959052096033085,0.23977827863399634,0.0,1.0
413,-0.06798062307720769,0.2616865879728965,0.0,1.0
414,0.07598419596433785,0.26434285806937835,0.0,1.0
415,0.012363998305544585,0.24937904845383793,0.0,1.0
416,0.032868620585653145,0.2726864798008118,0.0,1.0
417,0.025941758869715243,0.2611024327489658,0.0,1.0
418,0.0563972746764726,0.27319170860938197,0.0,1.0
419,-0.02005065140375811,0.26164897136546333,0.0,1.0
420,-0.039442579815950306,0.25131805946391944,0.0,1.0
421,0.06558711032876662,0.2535905193805741,0.0,1.0
422,0.021408668884118836,0.25671492385790656,0.0,1.0
423,-0.01900703990354848,0.2562798702074263,0.0,1.0
424,-0.033761727457237926,0.24231629274372843,0.0,1.0
425,-0.02011235282712741,0.27916061751939236,0.0,1.0
426,0.07438878063264343,0.24844962332878148,0.0,1.0
427,0.04461770674944673,0.26077419631306104,0.0,1.0
428,-0.03460123123436335,0.2510282052945468,0.0,1.0
429,0.009028489735905358,0.25339441780982236,0.0,1.0
430,0.05198068907048222,0.21509773016811184,0.0,1.0
431,-0.0014585796120839313,0.25438135392199296,0.0,1.0
432,-0.051947520871511145,0.30241753801297255,0.0,1.0
433,-0.058199729333141936,0.28571121420596635,0.0,1.0
434,-0.04428585136150054,0.2746382483533276,0.0,1.0
435,0.01198649233445933,0.2862183876410445,0.0,1.0
436,0.09269983408637217,0.2682370278247612,0.0,1.0
437,0.07715274098562853,0.2169259716114763,0.0,1.0
438,0.038854959615969624,0.24718644158205327,0.0,1.0
439,-0.012977301804582808,0.2703260251076809,0.0,1.0
440,-0.06873913749360759,0.28970941166242636,0.0,1.0
441,-0.0007217949812983645,0.2455340566153279,0.0,1.0
442,0.07604662870438259,0.2446080810678878,0.0,1.0
443,0.12459741131015771,0.26847144037641946,0.0,1.0
444,-0.008549455263281524,0.2583350913621582,0.0,1.0
445,0.010277348164400235,0.25852145321771924,0.0,1.0
446,0.03467559845223224,0.23685589851064962,0.0,1.0
447,0.00567399199396255,0.2400142858606962,0.0,1.0
448,0.022816855894798177,0.25306244861386545,0.0,1.0
449,0.05501616859627653,0.2199659194141407,0.0,1.0
450,0.08211849862315686,0.2684832964591895,0.0,1.0
451,0.023941652656159437,0.2448341233318693,0.0,1.0
452,-0.0592962600664543,0.23646466984579825,0.0,1.0
453,0.031670583972446334,0.23119732850064087,0.0,1.0
454,-0.08759858434510424,0.25118212253462857,0.0,1.0
455,0.0039390636412806905,0.259400886762203,0.0,1.0
456,0.033063565817133704,0.2389036149854921,0.0,1.0
457,0.004704809901722067,0.2193833646291352,0.0,1.0
458,-0.012953079695426974,0.25280859291195024,0.0,1.0
459,-0.021903272501484744,0.2319669951392195,0.0,1.0
460,0.006843275612960081,0.2066039022625061,0.0,1.0
461,-0.057741683842143204,0.17845693776871122,0.0,1.0
462,-0.0584550264997428,0.2648251740880927,0.0,1.0
463,0.04164644447742705,0.2380346653020323,0.0,1.0
464,-0.023891279169466952,0.2043781199801601,0.0,1.0
465,-0.0863459701549485,0.2486187407521382,0.0,1.0
466,0.030517164782258858,0.22659617351852201,0.0,1.0
467,-0.03955204527689785,0.2452504046225169,0.0,1.0
468,-0.05247520524213195,0.2835446390998107,0.0,1.0
469,-0.008026594171477594,0.27139545639108836,0.0,1.0
470,-0.05145804596639639,0.27728240477297533,0.0,1.0
471,0.0026300616611701724,0.21816132149395537,0.0,1.0
472,-0.004797070580500913,0.2354500072597232,0.0,1.0
473,-0.07744416023671878,0.25752025193801614,0.0,1.0
474,-0.023999217497775005,0.2400867792732416,0.0,1.0
475,-0.007044773969568957,0.2114155749585942,0.0,1.0
476,-0.059038843718434396,0.24454601725665495,0.0,1.0
477,0.02111325222741041,0.23060143177571013,0.0,1.0
478,0.06493868481660413,0.2514419194717242,0.0,1.0
479,0.048255250785703994,0.25582788627050485,0.0,1.0
480,0.0768513526202159,0.20457973112404723,0.0,1.0
481,0.09151959909483831,0.22197977680046832,0.0,1.0
482,-0.020440987448375903,0.24328848112920012,0.0,1.0
483,0.025374380074286985,0.2718720714117189,0.0,1.0
484,0.0331481450504383,0.24134386122812534,0.0,1.0
485,-0.05716137818071924,0.23190996460132338,0.0,1.0
486,-0.07069097915279571,0.27114097477552773,0.0,1.0
487,-0.004539557510894241,0.24964101085919962,0.0,1.0
488,0.0005452920720813067,0.2577235144380617,0.0,1.0
489,0.0860650766212079,0.2524093615925379,0.0,1.0
490,0.0116723627725603,0.22125283510332036,0.0,1.0
491,-0.005285015542768865,0.26747798638295356,0.0,1.0
492,-0.03740642598066196,0.24524643652457292,0.0,1.0
493,0.001138090806561386,0.27751148648845997,0.0,1.0
494,0.059622179293171006,0.27212270063954813,0.0,1.0
495,0.08850925828962775,0.2892835874285565,0.0,1.0
496,0.06983684431238787,0.27557852847351777,0.0,1.0
497,-0.029746146373620136,0.2591808540328298,0.0,1.0
498,-0.04187102745763525,0.25435187642538254,0.0,1.0
499,-0.08631461526484163,0.27915235675320643,0.0,1.0
500,-0.08835942784724012,0.2581784215078881,0.0,1.0
501,0.025392617930993965,0.29649782101154926,0.0,1.0
502,-0.01906287934038646,0.28395989163224095,0.0,1.0
503,0.03873200403029881,0.19979229240634408,0.0,1.0
504,0.08656923106278543,0.1964325856323573,0.0,1.0
505,-0.012582429905529926,0.20763632455843725,0.0,1.0
506,-0.01477026293313887,0.2119926014751151,0.0,1.0
507,0.03557344938983881,0.21067941278959448,0.0,1.0
508,0.06963356030173314,0.26040136289119103,0.0,1.0
509,0.08084376937878462,0.21537433354306512,0.0,1.0
510,0.09303902664528381,0.22831963051424484,0.0,1.0
511,0.09790341913743467,0.23101857201342213,0.0,1.0
512,-0.0409230046655144,0.22156511014659452,0.0,1.0
513,0.07543547142302061,0.22242694689766573,0.0,1.0
514,0.0034683600542341473,0.2637712273160204,0.0,1.0
515,0.008775257923764492,0.23255449437298803,0.0,1.0
516,0.035699386066215345,0.2627500317584542,0.0,1.0
517,0.016620453514573644,0.24599364726252107,0.0,1.0
518,-0.04132787981434088,0.21987858607632185,0.0,1.0
519,-0.04881385054127268,0.23471245446764036,0.0,1.0
520,0.038704410823168785,0.2410456321629438,0.0,1.0
521,-0.054853611700411885,0.2396905714944472,0.0,1.0
522,-0.045886492760524804,0.2030012949249589,0.0,1.0
523,0.03179396923165173,0.21566127045773376,0.0,1.0
524,-0.07891595781210277,0.22029427166901908,0.0,1.0
525,-0.07761761551835351,0.2651765674630408,0.0,1.0
526,-0.024171285719561602,0.27751098034904836,0.0,1.0
527,0.02672469485927069,0.2586630153644853,0.0,1.0
528,-0.004562681028965533,0.298632442301155,0.0,1.0
529,0.08714563923318987,0.2612129381008475,0.0,1.0
530,0.0014259591795679945,0.19408072114190697,0.0,1.0
531,0.017536280213394588,0.20321802001867986,0.0,1.0
532,0.00797723537179307,0.24700328470441532,0.0,1.0
533,0.062413816396597294,0.2562825727261609,0.0,1.0
534,0.00014607645542986936,0.2650621827874288,0.0,1.0
535,0.055010932169648946,0.269235948254106,0.0,1.0
536,0.06507490987749862,0.2821351777045315,0.0,1.0
537,-0.014179872112112106,0.24909622589852556,0.0,1.0
538,0.018514790175601568,0.23180711491764713,0.0,1.0
539,-0.014174297497694712,0.2415744655350407,0.0,1.0
540,0.004030724383741679,0.23517180113384648,0.0,1.0
541,-0.05055402977421012,0.28969308207422323,0.0,1.0
542,0.005620786099863672,0.23628053202544833,0.0,1.0
543,0.01987270356778761,0.24263793084089036,0.0,1.0
544,0.05650921231293049,0.2697828850587342,0.0,1.0
545,0.09733646119498574,0.21731658003219442,0.0,1.0
546,0.008227263786499094,0.19776581913282018,0.0,1.0
547,0.010826588524255354,0.23451274134484223,0.0,1.0
548,0.07317618709418695,0.22698907472092414,0.0,1.0
549,-0.0024662652742902455,0.256620298496558,0.0,1.0
550,0.012002791436836092,0.25838213513750885,0.0,1.0
551,-0.022393269039189496,0.26198793658818104,0.0,1.0
552,-0.02151907892528729,0.25352546324933595,0.0,1.0
553,0.025612950220409835,0.27349418276804904,0.0,1.0
554,0.05410764934126124,0.2816256074515713,0.0,1.0
555,0.051057040561432065,0.2608899844950839,0.0,1.0
556,-0.0225124537888134,0.2263498224160778,0.0,1.0
557,0.07483125114160512,0.23849423672516665,0.0,1.0
558,0.08283289299708897,0.26752539533728,0.0,1.0
559,0.039923383651322975,0.2763671408185542,0.0,1.0
560,0.022148634924023858,0.23334626970238906,0.0,1.0
561,0.017018840065046625,0.22300177541516583,0.0,1.0
562,-0.03693117963018181,0.20670405242071654,0.0,1.0
563,-0.0431207684085216,0.253768318925895,0.0,1.0
564,0.027265035911974957,0.23867428620881992,0.0,1.0
565,0.04482917440259354,0.21809807148662164,0.0,1.0
566,-0.006661654246864866,0.21001730966174506,0.0,1.0
567,0.029810341303809006,0.264008160797188,0.0,1.0
568,0.03948799281156666,0.23854399716050176,0.0,1.0
569,0.04217258497924948,0.24558789032159378,0.0,1.0
570,0.06362576003341619,0.257353666266771,0.0,1.0
571,0.04350421287166661,0.27827969626581145,0.0,1.0
572,0.040676242576992705,0.2592344266393154,0.0,1.0
573,-0.05087320090042074,0.2753549126948313,0.0,1.0
574,-0.028249205200163028,0.2380978164469909,0.0,1.0
575,0.08080700780826885,0.23312660098453697,0.0,1.0
576,0.023133575626160963,0.2528880254772545,0.0,1.0
577,0.08250893761316062,0.23747024184884083,0.0,1.0
578,0.09168023132006625,0.25165717249036385,0.0,1.0
579,-0.016518795392049715,0.2559859115534852,0.0,1.0
580,0.010914769087941598,0.23899744892335928,0.0,1.0
581,0.06225148817682016,0.25656755468054887,0.0,1.0
582,0.08506161274362,0.22532215981515402,0.0,1.0
583,0.054606144407228024,0.24187555860318008,0.0,1.0
584,-0.0035963489798183923,0.28109096521161975,0.0,1.0
585,-0.01757632882607567,0.253463377255951,0.0,1.0
586,0.0120457498021313,0.25604884468668415,0.0,1.0
587,-0.06796177742596594,0.22609303141856466,0.0,1.0
588,0.0357999479263146,0.24045748205081827,0.0,1.0
589,0.02094081889198381,0.23220685531685814,0.0,1.0
590,0.01030861559219493,0.23630049876751605,0.0,1.0
591,0.021430164946436205,0.23201852086060729,0.0,1.0
592,0.05378563869137054,0.2367480614756962,0.0,1.0
593,0.04280764446237378,0.2484655074578265,0.0,1.0
594,-0.021430434817706887,0.2713451078542491,0.0,1.0
595,-0.01754488685314165,0.24868215005934582,0.0,1.0
596,0.0015182971350911484,0.24619026491317672,0.0,1.0
597,0.05913455391941502,0.23695007402527382,0.0,1.0
598,0.0007065574346225983,0.24671106616327765,0.0,1.0
599,-0.015604028157223447,0.2505348796861801,0.0,1.0
600,0.008690306362765271,0.25454694811732453,0.0,1.0
601,0.029187541522125604,0.21537322499797393,0.0,1.0
602,0.021992288929335097,0.21361583498605152,0.0,1.0
603,-0.10555924556980055,0.3165106845806049,0.0,1.0
604,-0.054132700635274755,0.24468060851876403,0.0,1.0
605,-0.005988277724864742,0.24450902426597806,0.0,1.0
606,-0.05885581144856939,0.24131609123785913,0.0,1.0
607,-0.015808144817926768,0.22092274483398636,0.0,1.0
608,0.052532919417862804,0.2513706040003404,0.0,1.0
609,0.09864421647670589,0.21183657597264485,0.0,1.0
610,0.02499458063668857,0.25052633266316343,0.0,1.0
611,0.068320946405023,0.24903677080436934,0.0,1.0
612,-0.00825489393872285,0.23435978746807476,0.0,1.0
613,0.06709110456790883,0.23929474664458372,0.0,1.0
614,0.018669914512283923,0.2562396421640008,0.0,1.0
615,-0.0010411112849980132,0.2353541796954269,0.0,1.0
616,-0.025165324933143076,0.22584828314209193,0.0,1.0
617,-0.022037667997451837,0.24594464650097728,0.0,1.0
618,0.006439035093278593,0.2232136866927854,0.0,1.0
619,0.0269260779582239,0.25681907263076326,0.0,1.0
620,0.03414630300149938,0.24921030952482,0.0,1.0
621,0.004187639565604316,0.22462565198579698,0.0,1.0
622,0.04361442900788143,0.24272457499604116,0.0,1.0
623,-0.05097340537964919,0.30755322167762844,0.0,1.0
624,-0.037981079817727435,0.2697054476682041,0.0,1.0
625,-0.04674701593375397,0.26006837414026207,0.0,1.0
626,-0.05003059388103342,0.28516314083001454,0.0,1.0
627,-0.07275946839768424,0.2436545447011312,0.0,1.0
628,0.044567876471405476,0.2313814027196266,0.0,1.0
629,-0.06617362695946401,0.22439937286941222,0.0,1.0
630,0.002752593058966616,0.25356870262145503,0.0,1.0
631,0.041371791760260124,0.25487968595846083,0.0,1.0
632,-0.02166091418719916,0.26790928791934493,0.0,1.0
633,0.03084937112348121,0.24499760893116082,0.0,1.0
634,-0.002579942469870098,0.21930796418129897,0.0,1.0
635,-0.014455634010257195,0.2563087788789008,0.0,1.0
636,-0.04894361202861653,0.2402928996203093,0.0,1.0
637,-0.059620206130189674,0.3091318323654057,0.0,1.0
638,0.05845476281887068,0.28731290005224047,0.0,1.0
639,0.03316132232313435,0.22589633467954984,0.0,1.0
640,0.008799912166297103,0.23628857162915096,0.0,1.0
641,-0.020265460843392646,0.20929889037892035,0.0,1.0
642,-0.002843577527384201,0.24051810195336576,0.0,1.0
643,-0.040198487727278985,0.31114501447331694,0.0,1.0
644,-0.01655247298051694,0.2534176196355962,0.0,1.0
645,0.016610491816854034,0.2651585332531074,0.0,1.0
646,0.13210513224326,0.2621919007950183,0.0,1.0
647,0.034097051894636944,0.25933431973907534,0.0,1.0
648,0.04686452818686354,0.2410125709440527,0.0,1.0
649,0.006934781181958528,0.2117675444597242,0.0,1.0
650,-0.06587000311694956,0.2611470344745201,0.0,1.0
651,-0.05149609253124057,0.26496616094336295,0.0,1.0
652,-0.060424661553283986,0.26300346469555064,0.0,1.0
653,-0.00959168469086471,0.23518569028749525,0.0,1.0
654,-0.009923923124061795,0.23954486017688173,0.0,1.0
655,0.03555410542297016,0.2313380983702389,0.0,1.0
656,0.06581890385447918,0.24594653797429977,0.0,1.0
657,0.10275966427654237,0.27071545060787955,0.0,1.0
658,0.017482606428645495,0.25458754257348865,0.0,1.0
659,0.03628676691525042,0.2748636922464196,0.0,1.0
660,-0.049663579788253066,0.2623045653400613,0.0,1.0
661,-0.00924361417972157,0.2555220737950617,0.0,1.0
662,-0.019739287520089754,0.2044105475707306,0.0,1.0
663,-0.024667239740460273,0.2553575556418995,0.0,1.0
664,-0.020689912749752685,0.2833950929983748,0.0,1.0
665,-0.005624855572082021,0.24326911389392025,0.0,1.0
666,-0.018331118207680647,0.24333623897972015,0.0,1.0
667,-0.01128779266852181,0.23317590715792744,0.0,1.0
668,-0.01437927323026428,0.2737012652747215,0.0,1.0
669,-0.07416409836817928,0.23571264512269022,0.0,1.0
670,-0.08506011008702669,0.2287764855696537,0.0,1.0
671,0.03718021655150942,0.22057727989861065,0.0,1.0
672,0.05600118472790586,0.22543269667219193,0.0,1.0
673,0.04323351097843223,0.2165714456459528,0.0,1.0
674,-0.04166087183323192,0.24253235731739378,0.0,1.0
675,-0.00027205997946642507,0.2678456254703676,0.0,1.0
676,0.029583372037000826,0.2487384885823198,0.0,1.0
677,-0.004683687276940893,0.26481429151426195,0.0,1.0
678,0.05625916841812726,0.28203777633492794,0.0,1.0
679,-0.013789750860092763,0.2609902280942595,0.0,1.0
680,-0.057099991789856676,0.21764915649497296,0.0,1.0
681,-0.012418166451390489,0.2362770263317112,0.0,1.0
682,-0.0457494737985262,0.24209743988505486,0.0,1.0
683,-0.09360871543195914,0.24765071130890545,0.0,1.0
684,0.0032576585454476364,0.22351474343260533,0.0,1.0
685,-0.026042771701515432,0.24209758818469704,0.0,1.0
686,0.061544435701681444,0.2539632638068798,0.0,1.0
687,0.029598559535730998,0.27025480764719445,0.0,1.0
688,0.01457210210433584,0.25607225819767226,0.0,1.0
689,-0.0007429018705902684,0.26229260088855016,0.0,1.0
690,0.002016643663787366,0.2672741077223263,0.0,1.0
691,0.029027863556248618,0.2162121365906702,0.0,1.0
692,-0.028440307661199465,0.22255798019983705,0.0,1.0
693,-0.043146622058573725,0.2502339687332195,0.0,1.0
694,0.027781543610434545,0.23232679852829966,0.0,1.0
695,-0.04800720165637592,0.2741123438742598,0.0,1.0
696,0.0030855495134460655,0.25609020905237817,0.0,1.0
697,-0.06458942041980002,0.2571659300408507,0.0,1.0
698,-0.03390110997876423,0.25963795150869096,0.0,1.0
699,-0.03340863972961475,0.20576459752013507,0.0,1.0
700,-0.09199930922202602,0.23315783521759248,0.0,1.0
701,-0.00047413351401172826,0.2698398784513179,0.0,1.0
702,-0.006422631848782209,0.25811535076468245,0.0,1.0
703,0.0553124215475583,0.2669435368611591,0.0,1.0
704,0.03764250015405383,0.2303619811279988,0.0,1.0
705,0.07584796722048427,0.2782503826439778,0.0,1.0
706,-0.033422258262091546,0.28241052201272093,0.0,1.0
707,0.03162564699269322,0.2726216741338679,0.0,1.0
708,0.02751574631469796,0.23605509016481396,0.0,1.0
709,0.03168075764000273,0.28800373408194274,0.0,1.0
710,-0.0007780516493118746,0.2930657929542796,0.0,1.0
711,-0.08160770096978007,0.24617120685944327,0.0,1.0
712,-0.04528074491982586,0.23869304306836425,0.0,1.0
713,-0.05426196486766432,0.2674640817149055,0.0,1.0
714,0.03557271281606841,0.25069767372888696,0.0,1.0
715,0.04776145360230177,0.24204635086794235,0.0,1.0
716,-0.0378040592388389,0.20760382756441678,0.0,1.0
717,-0.013110633275316431,0.1739818135667972,0.0,1.0
718,-0.0458057409174546,0.2367639564320038,0.0,1.0
719,-0.021312419776047392,0.28057655909952156,0.0,1.0
720,0.024040135179707767,0.29250397593260796,0.0,1.0
721,0.0070849808766270395,0.27445972402549923,0.0,1.0
722,-0.02782562330665499,0.24582753970428664,0.0,1.0
723,0.003410214896055456,0.23556640699655876,0.0,1.0
724,-0.03730942543321829,0.2348098839913655,0.0,1.0
725,-0.003025925442880134,0.26021057115549934,0.0,1.0
726,-0.034125879439939624,0.2446418937656094,0.0,1.0
727,-0.041290790604837334,0.22607780544503409,0.0,1.0
728,-0.020450675177439166,0.23213672425364487,0.0,1.0
729,0.003162337574579154,0.2880183484282373,0.0,1.0
730,-0.014147944488162688,0.22481414397061109,0.0,1.0
731,0.07479267357989873,0.27060454771616427,0.0,1.0
732,-0.05833291957636736,0.27106892376937325,0.0,1.0
733,-0.03130423876380509,0.237884149929797,0.0,1.0
734,-0.07807464300655703,0.21980434099898605,0.0,1.0
735,0.010864872241475663,0.23065639546625205,0.0,1.0
736,-0.04107335449622198,0.25474870351796114,0.0,1.0
737,0.022824431408308903,0.22289641248901484,0.0,1.0
738,-0.07649207689477562,0.3242579882487371,0.0,1.0
739,-0.06063823203101131,0.2945459979433971,0.0,1.0
740,-0.09358603654276472,0.2743168138753671,0.0,1.0
741,-0.07151117272768932,0.2788744259030658,0.0,1.0
742,0.0233086101987241,0.25788912000244263,0.0,1.0
743,-0.031627859431522444,0.22122014320144415,0.0,1.0
744,-0.01492731980524055,0.2245946531977467,0.0,1.0
745,-0.03704182043170822,0.22702529966369053,0.0,1.0
746,-0.013425662035747672,0.26002805496452314,0.0,1.0
747,0.09623281326297074,0.19842316635370125,0.0,1.0
748,0.006252540222497498,0.2851519138648017,0.0,1.0
749,0.009214294883319207,0.2471201444765315,0.0,1.0
750,0.012934140288264026,0.19224073390544194,0.0,1.0
751,-0.06129024157004472,0.22237118462554237,0.0,1.0
752,-0.0023304365474133767,0.22912249518161312,0.0,1.0
753,-0.002898232076871015,0.26791053356675415,0.0,1.0
754,0.032402031811728446,0.2097920766157971,0.0,1.0
755,0.047674839132374254,0.21024995130636626,0.0,1.0
756,0.13584415491805835,0.2487296022315374,0.0,1.0
757,0.05532781160542847,0.2106591069675927,0.0,1.0
758,0.04271388151603827,0.2441014073129272,0.0,1.0
759,0.059725726225590116,0.29533912096310483,0.0,1.0
760,-0.005700066523672946,0.23961063158905774,0.0,1.0
761,-0.024546070821177064,0.2773778076284941,0.0,1.0
762,-0.019136230941170142,0.23225293709461184,0.0,1.0
763,-0.027039292497824653,0.24084689160060013,0.0,1.0
764,-0.06593411981617582,0.2122366713543001,0.0,1.0
765,-0.013992631232935126,0.24748837582007663,0.0,1.0
766,0.05300708502168324,0.29152649268520187,0.0,1.0
767,0.045565770694546835,0.27126078261898096,0.0,1.0
768,0.008203731777203696,0.2835068567136763,0.0,1.0
769,0.11708247943404786,0.2585958908200904,0.0,1.0
770,0.09559186265050838,0.23130958426936532,0.0,1.0
771,-0.004958136196545226,0.27038077166985414,0.0,1.0
772,0.035933335204755196,0.2335042115832705,0.0,1.0
773,-0.014795793251983332,0.23152120390070371,0.0,1.0
774,-0.007805992702995981,0.24641775204668478,0.0,1.0
775,0.03579654125612123,0.24607592601906836,0.0,1.0
776,-0.04913835828442479,0.27586078428763333,0.0,1.0
777,-0.04505862683587441,0.23876476333472488,0.0,1.0
778,0.011922252532088395,0.22804360973805995,0.0,1.0
779,0.025851395459914706,0.2642946385275888,0.0,1.0
780,0.029452923618449367,0.2709451866334603,0.0,1.0
781,-0.015563598163898046,0.2551603302691486,0.0,1.0
782,0.0333550381212673,0.23670994100310452,0.0,1.0
783,0.01536564722748529,0.29851059186009554,0.0,1.0
784,0.04869805335610309,0.21473375507925785,0.0,1.0
785,0.10326013536013445,0.2391089425744536,0.0,1.0
786,0.05436892542314522,0.2179851248972097,0.0,1.0
787,0.07237143078312062,0.23072530217075796,0.0,1.0
788,0.0011197698709577663,0.2566095409808171,0.0,1.0
789,0.005429489250929796,0.3032142136585881,0.0,1.0
790,0.04737709096676962,0.26014449274284795,0.0,1.0
791,0.016184685601690837,0.2990087877187359,0.0,1.0
792,0.11924316643484112,0.29429560587648645,0.0,1.0
793,0.08636578534629424,0.2506423168566836,0.0,1.0
794,0.038282074776839474,0.23776212284921897,0.0,1.0
795,0.014118819919465037,0.25760830207388336,0.0,1.0
796,-0.044381885449260396,0.2876022911967684,0.0,1.0
797,0.04297527127889785,0.26744876282376434,0.0,1.0
798,0.064778729774622,0.2531678087763158,0.0,1.0
799,0.047262930447157424,0.2337911155698648,0.0,1.0
800,0.06757886953618022,0.2579454638914202,0.0,1.0
801,0.08972661475311373,0.2549067026859194,0.0,1.0
802,0.07899020003090604,0.22234681922405755,0.0,1.0
803,0.0447053980164862,0.2512504229768386,0.0,1.0
804,0.07047272738569822,0.26962741859979283,0.0,1.0
805,0.08171245196676118,0.25220280034010156,0.0,1.0
806,-0.0003756447150097912,0.25938362402306026,0.0,1.0
807,-0.029548959886478876,0.24201510121791503,0.0,1.0
808,-0.06203803277101564,0.2891620194804877,0.0,1.0
809,0.05563392490769456,0.24098395189935987,0.0,1.0
810,-0.008127923454763016,0.265505859339469,0.0,1.0
811,0.013256548470062168,0.24900726394660108,0.0,1.0
812,0.0021368528854397765,0.2688096860661197,0.0,1.0
813,0.001540789985887997,0.21966218111293578,0.0,1.0
814,-0.030823423178985298,0.2667056927453803,0.0,1.0
815,-0.04660626044513678,0.26373866008543184,0.0,1.0
816,-0.005597420217164528,0.2854786967515654,0.0,1.0
817,-0.002345460220000997,0.25282207783441607,0.0,1.0
818,0.05234112819892711,0.21205134751013496,0.0,1.0
819,0.04823524328116293,0.31335758159613786,0.0,1.0
820,0.03857266459131952,0.27323596718345305,0.0,1.0
821,0.037389318634701206,0.23024119552007338,0.0,1.0
822,-0.023491591609016246,0.24789217529888685,0.0,1.0
823,0.0004510911199456791,0.2041382629032248,0.0,1.0
824,0.059979817978436954,0.20528435375191914,0.0,1.0
825,0.07587118146803601,0.2671249629771673,0.0,1.0
826,0.030699853602517202,0.22563101920605133,0.0,1.0
827,-0.011607325728468279,0.25951525724376673,0.0,1.0
828,-0.08621801988890376,0.24643458318621267,0.0,1.0
829,0.013943626143174263,0.23661982599432108,0.0,1.0
830,-0.06547500511568499,0.2659833419559438,0.0,1.0
831,-0.0981801742449423,0.24690413230908326,0.0,1.0
832,-0.026531544618423563,0.30323485708409814,0.0,1.0
833,-0.04102929494309038,0.2538073253434294,0.0,1.0
834,-0.02347261423310487,0.27622776401742444,0.0,1.0
835,0.0074779227449123286,0.21288279772209698,0.0,1.0
836,0.03143979998724192,0.24409027302201713,0.0,1.0
837,0.06732387569433433,0.26700044857962535,0.0,1.0
838,0.01992819157207328,0.2572231325669567,0.0,1.0
839,0.011783063939993468,0.2942021905732998,0.0,1.0
840,-0.06000920821653516,0.2596310245436649,0.0,1.0
841,0.003938261625113848,0.2391116240425275,0.0,1.0
842,0.051017341586470887,0.2159959856103535,0.0,1.0
843,-0.01744141572100608,0.22066334436244908,0.0,1.0
844,-0.08388970161962993,0.24361208262535575,0.0,1.0
845,-0.07348118681139298,0.23201214323776506,0.0,1.0
846,0.01828416099129023,0.28150047237620224,0.0,1.0
847,0.0916862756796496,0.2631202060606514,0.0,1.0
848,0.03218051714753325,0.2253952668587781,0.0,1.0
849,0.0667770559749391,0.22103294027332185,0.0,1.0
850,-0.0006151732990519418,0.25884898133504564,0.0,1.0
851,-0.010004690673432256,0.27499954675121246,0.0,1.0
852,0.05562583913558558,0.20152564704716594,0.0,1.0
853,-0.05344953586975875,0.24580589340396752,0.0,1.0
854,-0.07934615771533933,0.2457837003544149,0.0,1.0
855,0.03347585685081695,0.25321828522283335,0.0,1.0
856,0.061107400522569265,0.22829515645237367,0.0,1.0
857,-0.01996548109422516,0.21421810812884334,0.0,1.0
858,-0.04347138392926042,0.2050860310344599,0.0,1.0
859,-0.02694301496077957,0.19185050225808617,0.0,1.0
860,-0.052884400215944295,0.23648608099138482,0.0,1.0
861,-0.025430949514051598,0.20601131541276885,0.0,1.0
862,0.015870320189797543,0.2027727038119399,0.0,1.0
863,0.038322674727144755,0.24412483082390266,0.0,1.0
864,9.58584194904466e-06,0.28383683116839864,0.0,1.0
865,-0.01463976934024721,0.2556628593413043,0.0,1.0
866,-0.011560068383245886,0.2601134209018761,0.0,1.0
867,-0.04294378588104364,0.21052921455814141,0.0,1.0
868,-0.04617696690651477,0.2568430105829748,0.0,1.0
869,0.022782937283462507,0.24572329501849535,0.0,1.0
870,-0.005506741195283961,0.218579986725956,0.0,1.0
871,0.05324260121148395,0.2379215338607944,0.0,1.0
872,0.01151266156123762,0.27821511812988814,0.0,1.0
873,-0.05828869796685765,0.29738592049275286,0.0,1.0
874,0.012904336626915385,0.2559613910896319,0.0,1.0
875,0.03513699813358081,0.2660510548391163,0.0,1.0
876,-0.0664190184898492,0.20396646972123475,0.0,1.0
877,0.028386162299609965,0.2804113036455087,0.0,1.0
878,0.03060045502468582,0.240274137364716,0.0,1.0
879,0.007543053153082918,0.21615535491137497,0.0,1.0
880,0.024388431746786638,0.2623453947539461,0.0,1.0
881,-0.03494937678705256,0.2764918273762687,0.0,1.0
882,-0.03507885802855148,0.25549154777230515,0.0,1.0
883,0.011535007651919749,0.22361991032036324,0.0,1.0
884,-0.02633761257508339,0.2776355154062157,0.0,1.0
885,-0.07099612062305884,0.31364537178616386,0.0,1.0
886,0.04126152941335612,0.2815132638503985,0.0,1.0
887,0.0045001692852153176,0.2886010258719988,0.0,1.0
888,0.09287283630087219,0.2991159715097284,0.0,1.0
889,0.06170632836292322,0.2521401955413038,0.0,1.0
890,0.04229039956204907,0.25568079112953784,0.0,1.0
891,0.026701589258247976,0.25564262414485933,0.0,1.0
892,0.06939694715047635,0.2932228527082713,0.0,1.0
893,0.03119422811884802,0.2742996677778455,0.0,1.0
894,0.08706283993439697,0.24310879406963581,0.0,1.0
895,-0.018778479646596475,0.2894486944040748,0.0,1.0
896,-0.03883001833067764,0.25490529071807094,0.0,1.0
897,-0.01527985945839204,0.23220093758136504,0.0,1.0
898,-0.0326838643444004,0.2207265759458561,0.0,1.0
899,-0.07862202181649389,0.2579949142403193,0.0,1.0
900,0.07771734672993742,0.2686745535712189,0.0,1.0
901,0.07623302068109994,0.20572308246403082,0.0,1.0
902,0.054109140924782285,0.2632365965663646,0.0,1.0
903,0.03437884729923517,0.27894294987622575,0.0,1.0
904,0.0034197024660717773,0.22718357480992854,0.0,1.0
905,-0.08510039267768237,0.2743351119287423,0.0,1.0
906,-0.06284760102493242,0.25579357199957786,0.0,1.0
907,-0.038943262221249025,0.23357635011304867,0.0,1.0
908,-0.023826515042605398,0.2508516753641407,0.0,1.0
909,-0.015333775165887445,0.2105279713084011,0.0,1.0
910,-0.03356823893062511,0.22698891881825092,0.0,1.0
911,-0.10374024126345399,0.2617022818100257,0.0,1.0
912,-0.09430955231683046,0.2460610138639057,0.0,1.0
913,0.02665090948653438,0.2387627027593203,0.0,1.0
914,-0.060944609366399304,0.23674139197949837,0.0,1.0
915,-0.03895223047504948,0.23136922172010058,0.0,1.0
916,0.05083159123608185,0.20676041469987702,0.0,1.0
917,0.05772374451534904,0.2807669985381816,0.0,1.0
918,-0.019714020141296612,0.2699449009307194,0.0,1.0
919,-0.06563574163749357,0.2853782793194235,0.0,1.0
920,-0.04105232434506847,0.24538629788663027,0.0,1.0
921,0.0634662337920467,0.19385198212086374,0.0,1.0
922,-0.03785051691981631,0.2852111118889893,0.0,1.0
923,-0.03383497023086123,0.2642633649455737,0.0,1.0
924,-0.06400721769345159,0.2719088117764438,0.0,1.0
925,0.07793626148888445,0.2290581837628317,0.0,1.0
926,0.04325972452710286,0.2344672110008752,0.0,1.0
927,0.06289361124662163,0.2518188275454499,0.0,1.0
928,-0.06641270464372014,0.2694974111476846,0.0,1.0
929,0.006026580955546076,0.28478898579387063,0.0,1.0
930,0.0108605980166278,0.2627614138721654,0.0,1.0
931,0.02901637338876349,0.23383712161750458,0.0,1.0
932,0.10051064969975775,0.22549243036945765,0.0,1.0
933,-0.035335243093573915,0.2553922378311654,0.0,1.0
934,-0.09100931671916486,0.2500215230739454,0.0,1.0
935,0.026916799233686155,0.2247093306222235,0.0,1.0
936,-0.015201703215609067,0.25166226343545384,0.0,1.0
937,-0.09655081854095537,0.29714660076294036,0.0,1.0
938,0.006077629006807098,0.25749780760230795,0.0,1.0
939,-0.026056502139100046,0.2878104508167994,0.0,1.0
940,-0.061292991990018274,0.2591486787315582,0.0,1.0
941,0.030170916952914878,0.26420990740185196,0.0,1.0
942,-0.08295828186883568,0.28988064934266755,0.0,1.0
943,0.032583643450922885,0.2966809139778651,0.0,1.0
944,0.07956544351090315,0.23793057191173964,0.0,1.0
945,0.018660226102340218,0.2576711892781453,0.0,1.0
946,-0.02674979057435777,0.2317147367195267,0.0,1.0
947,-0.04791010606428692,0.261652188235824,0.0,1.0
948,-0.06286585959871065,0.22401947549183285,0.0,1.0
949,0.0001084716816835557,0.2268120993392884,0.0,1.0
950,-0.023835349551398242,0.29500028482527574,0.0,1.0
951,-0.0713494015613967,0.23114919638077167,0.0,1.0
952,-0.10428666233769936,0.23873941619384417,0.0,1.0
953,0.03317526868080779,0.2529032628643115,0.0,1.0
954,-0.04778409374204793,0.2501962763749001,0.0,1.0
955,0.024864861037113283,0.2150525248559568,0.0,1.0
956,-0.07776457764242707,0.2377352021525464,0.0,1.0
957,-0.059027521095689726,0.283288317748983,0.0,1.0
958,0.02811863760399466,0.24061153899218066,0.0,1.0
959,0.00310870063644067,0.2830392742382639,0.0,1.0
960,0.04049295544371765,0.2686259025082303,0.0,1.0
961,-0.005783144633721644,0.2620537887094278,0.0,1.0
962,0.04594499796873005,0.2726377234737216,0.0,1.0
963,0.013908047939581496,0.26980665218388156,0.0,1.0
964,0.025934989326712468,0.2668006941572297,0.0,1.0
965,-0.015837149636414402,0.2626560623499562,0.0,1.0
966,-0.0444232628821529,0.2496482134523915,0.0,1.0
967,-0.03434662876221111,0.27654546993128143,0.0,1.0
968,0.037955258767924986,0.22047569861671637,0.0,1.0
969,0.027338955420646256,0.24305454256173153,0.0,1.0
970,-0.02148966902917157,0.27183764412897476,0.0,1.0
971,-0.06755531886279452,0.23058426250147038,0.0,1.0
972,0.017202576162351813,0.2492803679515093,0.0,1.0
973,0.039293976874841124,0.23327224873510946,0.0,1.0
974,0.006128167718921225,0.20968686587956342,0.0,1.0
975,-0.05744807108462041,0.25806922936404897,0.0,1.0
976,-0.06546524048421436,0.21858569407282244,0.0,1.0
977,0.027814059693060413,0.2326141026785936,0.0,1.0
978,-0.01503395820414693,0.3011021115585398,0.0,1.0
979,-0.015164415812096982,0.28463912019552823,0.0,1.0
980,-0.09146094972564184,0.2480533088850457,0.0,1.0
981,-0.14029619080810696,0.2702384313597474,0.0,1.0
982,-0.056897113615365646,0.226308104529481,0.0,1.0
983,-0.004398970479781057,0.21109126489870902,0.0,1.0
984,0.020005576665144607,0.24466988661660452,0.0,1.0
985,0.05824853950013581,0.27793375370117573,0.0,1.0
986,0.061903429027952706,0.23461496284211666,0.0,1.0
987,0.026425605748247993,0.28052463568363795,0.0,1.0
988,-0.0466192040568289,0.2720885058459137,0.0,1.0
989,-0.10675316977595033,0.26065862036833315,0.0,1.0
990,-0.041213750060504754,0.2446012611909918,0.0,1.0
991,-0.05156261579165574,0.2813561371008961,0.0,1.0
992,0.009521732925053874,0.23318649811938416,0.0,1.0
993,-0.023245445521377427,0.2822635544539755,0.0,1.0
994,-0.016204726208964515,0.2609989206522003,0.0,1.0
995,-0.014291647663198495,0.23225823735185266,0.0,1.0
996,-0.06875709733846837,0.20245404735854092,0.0,1.0
997,-0.06743403446305118,0.2476091022828535,0.0,1.0
998,-0.04992350766431123,0.2306581875289129,0.0,1.0
999,0.008630658823756653,0.1749438438129899,0.0,1.0
1000,-0.04317244104319303,0.2585751367285786,0.0,1.0
1001,-0.04626691075074194,0.2607231441466255,0.0,1.0
1002,-0.0382333889820401,0.2732375015334714,0.0,1.0
1003,0.08375034780897496,0.2501602912712047,0.0,1.0
1004,0.03290543098530461,0.2441962041705021,0.0,1.0
1005,0.013923931000919168,0.22712078263641458,0.0,1.0
1006,-0.003433858530759814,0.2600710794313277,0.0,1.0
1007,0.02877170583907986,0.24566812817034656,0.0,1.0
1008,-0.10459465687838353,0.23738796353848182,0.0,1.0
1009,0.04776570330244867,0.2241098116405852,0.0,1.0
1010,0.03704776628714088,0.25080596542851924,0.0,1.0
1011,0.032543404031914476,0.21374829294121492,0.0,1.0
1012,-0.013943813296178076,0.24198412273736558,0.0,1.0
1013,-0.007807999253222932,0.19457259640994562,0.0,1.0
1014,-0.03595301923717057,0.22298288325311325,0.0,1.0
1015,-0.06504022354599935,0.20883003376760315,0.0,1.0
1016,-0.004265050735847045,0.23891258112678418,0.0,1.0
1017,-0.0008204840339990199,0.25001549786760263,0.0,1.0
1018,-0.022275595576606997,0.26441557534298715,0.0,1.0
1019,0.0027666492511874232,0.22489962642753927,0.0,1.0
1020,-0.0991184146725248,0.25097830954395195,0.0,1.0
1021,0.03313099977608407,0.24755357295277367,0.0,1.0
1022,0.05327374506817286,0.20060554054806543,0.0,1.0
1023,-0.010475529114300402,0.21734938216199307,0.0,1.0
1024,-0.003450403633913033,0.2756301779853476,0.0,1.0
1025,-0.04943794076951739,0.2646082156220008,0.0,1.0
1026,-0.03905001137576769,0.25611332576570106,0.0,1.0
1027,-0.05469685513869995,0.23024400156451144,0.0,1.0
1028,0.005885568541570421,0.28239338955341525,0.0,1.0
1029,0.02841241068242037,0.28144917977281664,0.0,1.0
1030,0.021431243434218494,0.23147814008718118,0.0,1.0
1031,0.04457974817528295,0.22799817429618177,0.0,1.0
1032,0.04428826045434445,0.216498896839015,0.0,1.0
1033,-0.08799843561933807,0.2524504501769029,0.0,1.0
1034,-0.012193606676752422,0.28215493260479513,0.0,1.0
1035,0.02027023590610726,0.2271853143992991,0.0,1.0
1036,-0.02348360914840031,0.2458227690460126,0.0,1.0
1037,0.008226424479145936,0.27078947401047765,0.0,1.0
1038,-0.0018930349508050105,0.26817833329412966,0.0,1.0
1039,0.04672795951270862,0.22306006397916286,0.0,1.0
1040,0.01743719066924145,0.21414463758521116,0.0,1.0
1041,-0.0028481359629433842,0.25259580247703184,0.0,1.0
1042,0.052457743725056245,0.24882764492862686,0.0,1.0
1043,0.02576316440045419,0.2692809426447396,0.0,1.0
1044,-0.026793328969050914,0.2487557638422558,0.0,1.0
1045,0.07465936291280843,0.24855445123923692,0.0,1.0
1046,0.0549922861102769,0.22084354187549096,0.0,1.0
1047,0.026817135317866583,0.23377288319459408,0.0,1.0
1048,0.020008105173740305,0.23168316174971648,0.0,1.0
1049,-0.08619008162810886,0.22079237449979816,0.0,1.0
1050,-0.12961222813471376,0.24222230684279353,0.0,1.0
1051,-0.06082274328070406,0.3110686492882374,0.0,1.0
1052,0.0270856701460515,0.24208459320127215,0.0,1.0
1053,0.041600895743354606,0.2588098511486772,0.0,1.0
1054,0.020440871283739736,0.22711896573706425,0.0,1.0
1055,-0.03593533797731358,0.22914347834909007,0.0,1.0
1056,-0.019741409346770347,0.2408328728615742,0.0,1.0
1057,-0.01587111564184913,0.21733301678547914,0.0,1.0
1058,0.02208610909610445,0.22303116530477585,0.0,1.0
1059,0.08633602794619293,0.23255104784511374,0.0,1.0
1060,0.0008961814912164164,0.21753705624998754,0.0,1.0
1061,0.027663446737120397,0.29450705783451175,0.0,1.0
1062,0.033945764968941354,0.23410573245438912,0.0,1.0
1063,0.07793770487568863,0.21886594716497995,0.0,1.0
1064,-0.05123392725917778,0.23082547151107238,0.0,1.0
1065,0.03527814539406232,0.2594855486664214,0.0,1.0
1066,0.015895480989974495,0.2756106671913072,0.0,1.0
1067,0.024186454381393673,0.24140262987206515,0.0,1.0
1068,-0.04304192470466875,0.20721730080030584,0.0,1.0
1069,-0.02174234458689051,0.2592981361009776,0.0,1.0
1070,0.013520963888057305,0.20387686151316362,0.0,1.0
1071,-0.0487120821211357,0.23401296544288894,0.0,1.0
1072,0.014134947461949446,0.22453175491895294,0.0,1.0
1073,-0.08915632740564094,0.250859436568209,0.0,1.0
1074,0.040825459687039795,0.23726462775343812,0.0,1.0
1075,0.026108024439689792,0.23746317454826849,0.0,1.0
1076,0.016399695951224157,0.2585503224548289,0.0,1.0
1077,-0.06138997888791189,0.21718644216105307,0.0,1.0
1078,-0.12128555221001809,0.24530601380843473,0.0,1.0
1079,0.01610785950372033,0.17093043322351095,0.0,1.0
1080,-0.027234181488829834,0.2002770144700854,0.0,1.0
1081,-0.02469564636013852,0.24730592180589042,0.0,1.0
1082,0.03749260370723662,0.1985027888486787,0.0,1.0
1083,0.10847770098527636,0.24115496573518866,0.0,1.0
1084,0.007558369429496979,0.22127145959627662,0.0,1.0
1085,-0.030631033106242243,0.22528285037863569,0.0,1.0
1086,0.05353287546047541,0.22748040226121638,0.0,1.0
1087,0.004548372431472582,0.20598447052167554,0.0,1.0
1088,0.0707049689395529,0.2091848594725052,0.0,1.0
1089,0.047432649689817565,0.22515215088863508,0.0,1.0
1090,-0.0794033263315603,0.28034874546489946,0.0,1.0
1091,-0.04199159624949472,0.2392880263239475,0.0,1.0
1092,-0.02398688629885318,0.24493523524449942,0.0,1.0
1093,0.003435573384304782,0.210088886028301,0.0,1.0
1094,0.0023066222130887354,0.29767887121861664,0.0,1.0
1095,-0.04823638478201444,0.2529419025426207,0.0,1.0
1096,-0.05016327573945551,0.28053449598750446,0.0,1.0
1097,-0.058470494226813864,0.28115370278879825,0.0,1.0
1098,0.013816760167027634,0.25293708244905316,0.0,1.0
1099,0.018476986486891975,0.20551174318057297,0.0,1.0
1100,-0.06587859681093748,0.2173365248292708,0.0,1.0
1101,-0.04771211940852991,0.19158261052673267,0.0,1.0
1102,0.03987972904049998,0.22964215451255698,0.0,1.0
1103,0.020858461859854488,0.23127040360693826,0.0,1.0
1104,0.023704140090233836,0.26629237810428497,0.0,1.0
1105,0.01250312034017286,0.26221881203708364,0.0,1.0
1106,0.06843122689493146,0.23013513415052947,0.0,1.0
1107,0.011196189702554565,0.2529642846010041,0.0,1.0
1108,0.0006998661081939103,0.3176063217441319,0.0,1.0
1109,0.16968423588802603,0.29730804819540957,0.0,1.0
1110,0.008002980488394576,0.24944058859651053,0.0,1.0
1111,0.009802387856480176,0.2171880166610093,0.0,1.0
1112,-0.018047606408201945,0.2576294807721093,0.0,1.0
1113,-0.008869959842940913,0.26979792643516215,0.0,1.0
1114,0.010809538098514544,0.24581438507482545,0.0,1.0
1115,-0.007762120599422791,0.25921041704334113,0.0,1.0
1116,-0.03182720501950275,0.23879105061716177,0.0,1.0
1117,-0.06507215836893687,0.22805312739167913,0.0,1.0
1118,-0.015579011009303284,0.268472544628275,0.0,1.0
1119,-0.05088738010932728,0.26947026503122684,0.0,1.0
1120,-0.08941187620830678,0.21798560642417467,0.0,1.0
1121,-0.1590201214348714,0.24931514667739307,0.0,1.0
1122,-0.0781504934838499,0.23848093174310728,0.0,1.0
1123,-0.02522314304630628,0.24591883183796978,0.0,1.0
1124,0.0780328775488897,0.25102882796820064,0.0,1.0
1125,0.07588622080873124,0.2769993596970588,0.0,1.0
1126,0.04837564385870624,0.23892216936387292,0.0,1.0
1127,-0.07993976277931071,0.23448010320010626,0.0,1.0
1128,0.04443310534228819,0.24331049332740506,0.0,1.0
1129,-0.040819521045230844,0.2665907550485371,0.0,1.0
1130,-0.025348427033867537,0.23081460141526758,0.0,1.0
1131,-0.08983489708257081,0.23644828574631474,0.0,1.0
1132,-0.0590594882485169,0.2680803500464175,0.0,1.0
1133,0.020056517275211894,0.28018261168859265,0.0,1.0
1134,0.029026532683246686,0.27571968932372154,0.0,1.0
1135,0.0599667452314438,0.2259888780537518,0.0,1.0
1136,0.02980432656626096,0.26635013735886826,0.0,1.0
1137,-0.017556834114286338,0.25297053456100344,0.0,1.0
1138,-0.02745620541233566,0.25571587683205765,0.0,1.0
1139,-0.06620667659238869,0.24293614150330348,0.0,1.0
1140,-0.03829235138676904,0.2715614331114539,0.0,1.0
1141,-0.03273279671186138,0.297486498871457,0.0,1.0
1142,-0.02018552495075501,0.27727633875597124,0.0,1.0
1143,0.05318836411699469,0.2094321255469027,0.0,1.0
1144,0.04903704289350469,0.21590017113100127,0.0,1.0
1145,-0.0008495533031393719,0.2477664962716539,0.0,1.0
1146,0.047958318972255075,0.21892628712968987,0.0,1.0
1147,0.03937507657426556,0.26485526153272004,0.0,1.0
1148,0.030805960384081132,0.2537548550271718,0.0,1.0
1149,0.0032395294764211297,0.22316850423879764,0.0,1.0
1150,0.09438735025979278,0.26990421299388245,0.0,1.0
1151,0.003091901085034913,0.26230043540765063,0.0,1.0
1152,-0.006189108277590431,0.2879044744469332,0.0,1.0
1153,-0.0025893140701069134,0.24151997314209026,0.0,1.0
1154,0.02836626930658734,0.21934743950663957,0.0,1.0
1155,-0.040242592190494454,0.25040998209002047,0.0,1.0
1156,-0.001432095498225312,0.2867612980749221,0.0,1.0
1157,0.0022267161070225008,0.2580203999745217,0.0,1.0
1158,-0.03243747389049276,0.2433302911254429,0.0,1.0
1159,0.002787576283908074,0.23401348932834765,0.0,1.0
1160,-0.010137158338420502,0.23209304904720893,0.0,1.0
1161,-0.008876269036567103,0.17517531711370862,0.0,1.0
1162,-0.0762084799027156,0.2526673729116054,0.0,1.0
1163,0.030573521280951654,0.27946328563119116,0.0,1.0
1164,0.06448590627861278,0.3132441286835268,0.0,1.0
1165,-0.030305918896585946,0.29149848351277347,0.0,1.0
1166,-0.02232052796636103,0.24980977731999734,0.0,1.0
1167,-0.006427490913948976,0.21516394630060756,0.0,1.0
1168,0.034355662715371445,0.25816237308562484,0.0,1.0
1169,0.012250471801353968,0.22599773917826907,0.0,1.0
1170,0.016293285370694674,0.2577761605896987,0.0,1.0
1171,0.06741647619112233,0.2545634490199138,0.0,1.0
1172,0.014330894866385759,0.2373403962820407,0.0,1.0
1173,0.020507345144656363,0.25620301615540514,0.0,1.0
1174,-0.03319501085759571,0.20400217713330818,0.0,1.0
1175,0.05913140475333257,0.2798954080539457,0.0,1.0
1176,0.043127978679133684,0.25980491092837027,0.0,1.0
1177,0.026803244494387396,0.23816090830564576,0.0,1.0
1178,0.04104665650229651,0.2229302335827105,0.0,1.0
1179,0.09887122196643398,0.23894515325169738,0.0,1.0
1180,0.0769168333670321,0.23383079609495905,0.0,1.0
1181,0.09567319393412771,0.23933884457467577,0.0,1.0
1182,-6.272180153299907e-05,0.2785202910962183,0.0,1.0
1183,-0.017727723663404665,0.23627498325278481,0.0,1.0
1184,0.06746409332415866,0.24421937926803616,0.0,1.0
1185,-0.00987406376833285,0.261018280103027,0.0,1.0
1186,0.0914403138769155,0.2188157856456605,0.0,1.0
1187,0.11150443492142974,0.24326515725255193,0.0,1.0
1188,0.04116503615587928,0.2770779355365612,0.0,1.0
1189,0.037077258262027915,0.2735307300607627,0.0,1.0
1190,0.027547369556470285,0.2707429366416778,0.0,1.0
1191,0.0605799955732916,0.24349372078359655,0.0,1.0
1192,-0.024237590103834857,0.2659952490687147,0.0,1.0
1193,-0.0940545398275092,0.2923669788161966,0.0,1.0
1194,-0.0227626482075247,0.2971056206559652,0.0,1.0
1195,0.00904227036954166,0.2590527173250075,0.0,1.0
1196,0.02135569937496135,0.28721327397065993,0.0,1.0
1197,0.023599783545172268,0.2423118671562501,0.0,1.0
1198,0.004099857630113638,0.25767279318886865,0.0,1.0
1199,-0.04227902439105891,0.28901130344932496,0.0,1.0
1200,-0.11094274963586752,0.2684877881846076,0.0,1.0
1201,-0.010277605565145781,0.26567849278143035,0.0,1.0
1202,-0.07173680381707205,0.2765647931790156,0.0,1.0
1203,-0.06933376315101049,0.28758090315781876,0.0,1.0
1204,-0.06681377977702503,0.22824285612063325,0.0,1.0
1205,-0.06041047104834415,0.2763070831671761,0.0,1.0
1206,-0.06535859552068228,0.2707550043225423,0.0,1.0
1207,-0.0019692571839788225,0.25301479459563453,0.0,1.0
1208,-0.017361443021603917,0.26664820056573335,0.0,1.0
1209,-0.02060897248199373,0.2153406204879648,0.0,1.0
1210,0.047259504727281375,0.25013630746662324,0.0,1.0
1211,0.07280140641997807,0.24194535086933622,0.0,1.0
1212,0.09004939582736989,0.2428461435831636,0.0,1.0
1213,-0.011059360673596643,0.23065335472697002,0.0,1.0
1214,0.05195936849736845,0.2763918504401955,0.0,1.0
1215,0.02555105695012598,0.25844770905969017,0.0,1.0
1216,0.011496173180202218,0.22681058105882598,0.0,1.0
1217,0.05007961827272625,0.2679526768293798,0.0,1.0
1218,0.0010213292873182446,0.2777918017341349,0.0,1.0
1219,-0.06084912818610385,0.2895990374657884,0.0,1.0
1220,-0.028306177576891817,0.24811296881508596,0.0,1.0
1221,-0.04243872675784963,0.24602795972123226,0.0,1.0
1222,0.03707243794707435,0.22163451400631295,0.0,1.0
1223,0.0439812463135209,0.2933296802553845,0.0,1.0
1224,0.019846538320740487,0.24503489488205843,0.0,1.0
1225,0.08343634413129895,0.2652267987121461,0.0,1.0
1226,-0.00767452852332845,0.3057278196094858,0.0,1.0
1227,-0.004536644587127446,0.2538677862188432,0.0,1.0
1228,0.010261608492322502,0.26003121286501507,0.0,1.0
1229,0.0493700258546883,0.21299706149302913,0.0,1.0
1230,0.06907995264703648,0.21197322924224635,0.0,1.0
1231,-0.06449932342427554,0.2468015484711814,0.0,1.0
1232,-0.008149029529178946,0.2282231182422365,0.0,1.0
1233,0.10856528584065568,0.24073799325371317,0.0,1.0
1234,-0.03365838176094007,0.26399619833206556,0.0,1.0
1235,0.05432991422287433,0.279803462159211,0.0,1.0
1236,0.0158698853822733,0.2579397939446552,0.0,1.0
1237,-0.004868230473742473,0.2706190869285976,0.0,1.0
1238,-0.06696225983579691,0.21790760839474554,0.0,1.0
1239,-0.011006721320676566,0.2182939687420515,0.0,1.0
1240,0.032208258156500046,0.3229471176841416,0.0,1.0
1241,0.027531065226071006,0.27070935092327875,0.0,1.0
1242,-0.03096992712205024,0.24430868079959692,0.0,1.0
1243,-0.016780845872767333,0.22355640383418582,0.0,1.0
1244,-0.002393672970379459,0.30674918886449143,0.0,1.0
1245,0.03368567365687755,0.2238923788072096,0.0,1.0
1246,-0.0252949725032925,0.25577504771913767,0.0,1.0
1247,-0.0874996068505854,0.25184597258978614,0.0,1.0
1248,-0.029512830878733146,0.30011098060567026,0.0,1.0
1249,-0.03891396242612281,0.28275373940375537,0.0,1.0
1250,-0.12443256164592069,0.22138116348266812,0.0,1.0
1251,-0.011507831002406384,0.23805085468057777,0.0,1.0
1252,-9.266850156036677e-05,0.23039891107366742,0.0,1.0
1253,0.05157628784717847,0.2261437582129394,0.0,1.0
1254,-0.04484048857297776,0.24881639790308926,0.0,1.0
1255,0.03404248705988678,0.21778592610227998,0.0,1.0
1256,-0.08432884482909027,0.24161846642233717,0.0,1.0
1257,-0.051421079160965555,0.26624347898878026,0.0,1.0
1258,0.002939963828313875,0.3308925768669198,0.0,1.0
1259,-0.05857999997231225,0.2434548275860163,0.0,1.0
1260,-0.009350638508900075,0.2817486239567423,0.0,1.0
1261,0.07811280865260026,0.2607979988969677,0.0,1.0
1262,-0.01620597997632042,0.2743904684348199,0.0,1.0
1263,0.028489693467741037,0.28238831190669317,0.0,1.0
1264,-0.059709867478125934,0.24712579887304367,0.0,1.0
1265,0.04132434283494001,0.2420798598776928,0.0,1.0
1266,-0.024082799672898354,0.24599118335341622,0.0,1.0
1267,-0.011462093928468635,0.2525507310247237,0.0,1.0
1268,-0.06751550005692226,0.27251950206813064,0.0,1.0
1269,0.00380592678312631,0.22149927703172945,0.0,1.0
1270,-0.012972648792372045,0.2484758774909488,0.0,1.0
1271,0.06648664869584246,0.24868913081650126,0.0,1.0
1272,0.014738314542909359,0.2183169025031759,0.0,1.0
1273,-0.046476131326451085,0.2659501991777828,0.0,1.0
1274,0.059839941646546546,0.31034971786490223,0.0,1.0
1275,-0.004255680669111102,0.25867005483712197,0.0,1.0
1276,0.0012574988940612097,0.24138788237427378,0.0,1.0
1277,0.044209238528655916,0.22919211991382982,0.0,1.0
1278,-0.003246204111132143,0.2999480854744266,0.0,1.0
1279,0.043887286709602145,0.2512374836002695,0.0,1.0
1280,-0.04975092693271708,0.2858846161539866,0.0,1.0
1281,0.030253761737013805,0.3150155702435887,0.0,1.0
1282,0.0386915467743309,0.24717980478350218,0.0,1.0
1283,0.0043694001432864615,0.2632746937074886,0.0,1.0
1284,0.04679024088486742,0.24450525766454992,0.0,1.0
1285,0.05490958456880998,0.24275666965652135,0.0,1.0
1286,0.05273980523797681,0.2325469180972027,0.0,1.0
1287,-0.011493599791467293,0.2538157811743878,0.0,1.0
1288,-0.054266869555961626,0.24743270680423726,0.0,1.0
1289,-0.017445941384506964,0.2480248732561289,0.0,1.0
1290,0.0355869922978969,0.2511303152663943,0.0,1.0
1291,-0.01976941332727337,0.2681059737751487,0.0,1.0
1292,-0.06234492573952389,0.28830818692287574,0.0,1.0
1293,0.034951161368865655,0.2291796205466021,0.0,1.0
1294,-0.019496989941873526,0.2201257430461626,0.0,1.0
1295,-0.028199819094840515,0.29296526842728454,0.0,1.0
1296,0.014153541636727414,0.19252048599725857,0.0,1.0
1297,0.04093285103518382,0.2518559287187139,0.0,1.0
1298,-0.07168788704403645,0.25056324962651383,0.0,1.0
1299,0.0078099988129129915,0.24229040586262174,0.0,1.0
1300,-0.015557903544253756,0.2550677409681118,0.0,1.0
1301,0.007202067092674525,0.24292696143888778,0.0,1.0
1302,-0.050785951824981516,0.24481255904917507,0.0,1.0
1303,-0.0007250905560697111,0.2206382541942844,0.0,1.0
1304,0.016326045625914776,0.24408306984661685,0.0,1.0
1305,-0.04716265649842181,0.2756733863578165,0.0,1.0
1306,-0.012484301693711725,0.22245173594937392,0.0,1.0
1307,-0.0198578600976218,0.23601955332916133,0.0,1.0
1308,0.012812228046046703,0.26121213054323794,0.0,1.0
1309,0.052851013034188786,0.26034483005313835,0.0,1.0
1310,-0.017791385371249066,0.2748234065318576,0.0,1.0
1311,-0.1400119512068844,0.27089229116096886,0.0,1.0
1312,-0.05612734526814178,0.24873021997960984,0.0,1.0
1313,0.018428586776564403,0.2364980408914037,0.0,1.0
1314,0.01584203996965018,0.2511235812474706,0.0,1.0
1315,-0.06815904157171972,0.2852476387922163,0.0,1.0
1316,-0.06517510976277684,0.2487662254797831,0.0,1.0
1317,-0.017542092758439747,0.2668835333888407,0.0,1.0
1318,0.022657718886149186,0.2615038556700164,0.0,1.0
1319,0.028915165702110317,0.2528523793849429,0.0,1.0
1320,0.02885516219088299,0.24176936410857333,0.0,1.0
1321,0.00576501637213919,0.281822743093955,0.0,1.0
1322,0.01440793523078881,0.2324141971728758,0.0,1.0
1323,0.010777606143477997,0.25360737410190826,0.0,1.0
1324,-0.1176795733378078,0.2580758496733211,0.0,1.0
1325,0.0066601515067034435,0.2605372761957229,0.0,1.0
1326,0.04235078480664723,0.201262859287784,0.0,1.0
1327,0.05944100832951684,0.2006299829004111,0.0,1.0
1328,0.0365815058170162,0.2492107157017345,0.0,1.0
1329,0.003948365541436929,0.22744968148591352,0.0,1.0
1330,0.06270090513794925,0.24864005052175742,0.0,1.0
1331,-0.0019754449141311963,0.23003731899467364,0.0,1.0
1332,-0.06853067164791438,0.2570508564410245,0.0,1.0
1333,0.03685548255270176,0.22262680027849813,0.0,1.0
1334,-0.05631326531918729,0.2570547628038812,0.0,1.0
1335,-0.06740307159008249,0.27616637814834316,0.0,1.0
1336,-0.05604207911317798,0.26502461254223403,0.0,1.0
1337,0.041875674556960875,0.2599969905095056,0.0,1.0
1338,0.10048422762076742,0.24149050970733346,0.0,1.0
1339,0.08180976995157886,0.2944377822646566,0.0,1.0
1340,-0.1030102665827519,0.2546787410067739,0.0,1.0
1341,-0.04044353009551261,0.23614230991153218,0.0,1.0
1342,0.0830670026463272,0.2268658668415502,0.0,1.0
1343,0.08972120188595702,0.2635163030136967,0.0,1.0
1344,0.053319868828066164,0.26924475939795917,0.0,1.0
1345,-0.0652999818010146,0.2664209949590153,0.0,1.0
1346,-0.16175169091479596,0.28223556597583316,0.0,1.0
1347,-0.0031844579561599146,0.24244813167740167,0.0,1.0
1348,0.05145455090126703,0.243972925048803,0.0,1.0
1349,0.02322883184699166,0.23009195767288346,0.0,1.0
1350,0.01580455116154277,0.24895080181594587,0.0,1.0
1351,-0.027830099771347375,0.23797707477366395,0.0,1.0
1352,-0.1473224263598881,0.251781056046583,0.0,1.0
1353,-0.008141133822993063,0.21358902414364178,0.0,1.0
1354,0.04633930455848952,0.20930557798343127,0.0,1.0
1355,0.013942379240077506,0.2432110913217438,0.0,1.0
1356,0.03870106400427573,0.24573193510707245,0.0,1.0
1357,0.007967988147798663,0.2255242863022895,0.0,1.0
1358,0.023528378949425274,0.22334616486471992,0.0,1.0
1359,0.042248466327897395,0.27077314953903203,0.0,1.0
1360,-0.029370228795234057,0.223180198773321,0.0,1.0
1361,-0.017976690732329822,0.2904357278599416,0.0,1.0
1362,0.07694312865707832,0.23141982454092125,0.0,1.0
1363,0.06208242181722754,0.2599808734025258,0.0,1.0
1364,0.00022087363557058334,0.2224342075242937,0.0,1.0
1365,-0.016669681951155757,0.2114640609938785,0.0,1.0
1366,0.10361730461398067,0.23323687609796062,0.0,1.0
1367,0.036803200982227356,0.22705772861953985,0.0,1.0
1368,-0.014808432908081226,0.24213081109174406,0.0,1.0
1369,-0.07306925888430992,0.20639848379596704,0.0,1.0
1370,-0.026687164318918304,0.2150274014903116,0.0,1.0
1371,-0.02973283476933845,0.22148161323293195,0.0,1.0
1372,-0.03893485919137419,0.22265846872332315,0.0,1.0
1373,0.014729155036088898,0.21200510993017516,0.0,1.0
1374,-0.006127824799271121,0.22581325734455307,0.0,1.0
1375,0.04472883425579404,0.23212115665173386,0.0,1.0
1376,0.004165956728625686,0.2548659724660602,0.0,1.0
1377,0.016972737674738694,0.2575631401311868,0.0,1.0
1378,-0.04054598064309716,0.19485526698788144,0.0,1.0
1379,-0.012177641861613492,0.1566349178350576,0.0,1.0
1380,0.030000676474393136,0.24415710852003647,0.0,1.0
1381,0.04340986007001363,0.23464004051291454,0.0,1.0
1382,-0.03364988777842661,0.28568264716388136,0.0,1.0
1383,0.016417309190726048,0.2683036351977206,0.0,1.0
1384,0.013227241045473367,0.27126442434069825,0.0,1.0
1385,-0.003967118969031967,0.2713375333979164,0.0,1.0
1386,0.01742662532567187,0.24797093700271997,0.0,1.0
1387,-0.0777715899705803,0.21550516804493683,0.0,1.0
1388,-0.08689772027730948,0.22692587282358398,0.0,1.0
1389,0.046673488467239954,0.2556839168516329,0.0,1.0
1390,0.029714906106046598,0.21981411409330298,0.0,1.0
1391,-0.030216913897160563,0.27180326515190806,0.0,1.0
1392,-0.009697998526869657,0.23413851143176734,0.0,1.0
1393,-0.0039090850092314096,0.217983229904909,0.0,1.0
1394,0.013400127294122701,0.21601522981893898,0.0,1.0
1395,0.040817339514043864,0.24060425555844392,0.0,1.0
1396,0.08728881076567012,0.2539914125247255,0.0,1.0
1397,0.030353872051049557,0.24633089904970082,0.0,1.0
1398,-0.010648333701879604,0.24355030445973638,0.0,1.0
1399,0.07562889019939771,0.28335833351042716,0.0,1.0
1400,0.05182620573281616,0.27031053913912617,0.0,1.0
1401,-0.03160812153219583,0.2601324103037417,0.0,1.0
1402,-0.025496969847200835,0.28168755579494625,0.0,1.0
1403,-0.03971794036304314,0.24295414809581084,0.0,1.0
1404,0.02910068233370762,0.24811539636353808,0.0,1.0
1405,0.006590009314629187,0.3003560703464922,0.0,1.0
1406,0.019983379001291407,0.3071367346098767,0.0,1.0
1407,0.06216766411737127,0.3005316357534543,0.0,1.0
1408,-0.040497733096772605,0.24164614155797604,0.0,1.0
1409,-0.01809020518183815,0.24965741654331677,0.0,1.0
1410,-0.08107266624236274,0.2654300730204214,0.0,1.0
1411,-0.017329045396552754,0.24100172104662598,0.0,1.0
1412,0.03358539908996611,0.2594445299677605,0.0,1.0
1413,0.05978875813079517,0.2711956598438669,0.0,1.0
1414,-0.0287772254292437,0.23521071138026875,0.0,1.0
1415,0.049352317595432654,0.28839488249867684,0.0,1.0
1416,-0.056744639207388946,0.29598466857681033,0.0,1.0
1417,0.054496611853507064,0.24370609754279227,0.0,1.0
1418,-0.06180107686243095,0.2260527809929308,0.0,1.0
1419,0.0058117685874483445,0.23194165452470103,0.0,1.0
1420,0.018039060280860574,0.20366349934009964,0.0,1.0
1421,-0.04410534071765195,0.240799776040325,0.0,1.0
1422,0.01749815273895027,0.2918510449795038,0.0,1.0
1423,0.044879295636164745,0.22425801987170627,0.0,1.0
1424,0.05586253212953679,0.27495428809810885,0.0,1.0
1425,0.03161582134947076,0.24991919456425085,0.0,1.0
1426,-0.044017098574889106,0.27253694368701153,0.0,1.0
1427,-0.013232794977597356,0.24900921799448458,0.0,1.0
1428,-0.09916467450015158,0.21759963620068945,0.0,1.0
1429,0.022271790410175612,0.30456053045479153,0.0,1.0
1430,0.02248190610910768,0.2613112655365652,0.0,1.0
1431,-0.006015939487538961,0.25183693777607713,0.0,1.0
1432,0.07855365541896964,0.21683361179179786,0.0,1.0
1433,0.05504737247210282,0.2529022472244537,0.0,1.0
1434,0.06258200550168862,0.27277416579020797,0.0,1.0
1435,0.1286659512109719,0.247748157128915,0.0,1.0
1436,-0.0025246034411368357,0.23876891919983292,0.0,1.0
1437,-0.03272679573977071,0.20301955126211926,0.0,1.0
1438,0.05542191257167028,0.26219767968209357,0.0,1.0
1439,0.05103342714534625,0.2980812144972953,0.0,1.0
1440,0.05276325600746525,0.2745351690523184,0.0,1.0
1441,-0.06052767174638235,0.2637530993155588,0.0,1.0
1442,-0.06426082803975056,0.20506628448150777,0.0,1.0
1443,-0.04380541824672322,0.2775978865627276,0.0,1.0
1444,0.021797993430330332,0.23366142684484012,0.0,1.0
1445,0.006460598817688942,0.18780614418889444,0.0,1.0
1446,0.009236113201779242,0.22997893305343817,0.0,1.0
1447,0.02299215265548076,0.22274772931547146,0.0,1.0
1448,-0.034746502561273464,0.26590700105287973,0.0,1.0
1449,-0.0790435979930682,0.269874628567996,0.0,1.0
1450,-0.06105531379549097,0.23624091428637542,0.0,1.0
1451,0.04518335121712386,0.26101445305903015,0.0,1.0
1452,0.12663296423301795,0.24687463622536335,0.0,1.0
1453,0.09607440436602883,0.27660393796524674,0.0,1.0
1454,0.05252292197065084,0.2552318829299521,0.0,1.0
1455,0.05915907640484335,0.23213894780782707,0.0,1.0
1456,0.0798129892703454,0.22188343455733953,0.0,1.0
1457,0.09978187963444013,0.2803292941932428,0.0,1.0
1458,0.08878588293752958,0.23453711891290555,0.0,1.0
1459,0.08388816629770397,0.22175848952898888,0.0,1.0
1460,0.08213261564867586,0.24593591377486443,0.0,1.0
1461,0.04572190802826362,0.234311491213425,0.0,1.0
1462,0.004899205728297597,0.23708733804561924,0.0,1.0
1463,0.029716286902894667,0.2600332637461739,0.0,1.0
1464,0.03665720360484394,0.225915450140195,0.0,1.0
1465,-0.08177273197057262,0.20839956374849447,0.0,1.0
1466,-0.0914606164714377,0.21691610184964819,0.0,1.0
1467,-0.04394415397983722,0.23228943632542834,0.0,1.0
1468,0.0187125302197186,0.21886968820504168,0.0,1.0
1469,-0.044656841425387395,0.22889807584828192,0.0,1.0
1470,-0.018998347684120606,0.21047380284863626,0.0,1.0
1471,-0.0781608996215205,0.22513847449197585,0.0,1.0
1472,-0.046455748686742876,0.2541222465171373,0.0,1.0
1473,-0.0354538487521158,0.2457428867317665,0.0,1.0
1474,-0.04291734923709833,0.24810474032962584,0.0,1.0
1475,-0.0328186530058907,0.2491889796272566,0.0,1.0
1476,-0.007207119611160907,0.26396828998526445,0.0,1.0
1477,-0.017510616636442957,0.2276960019596316,0.0,1.0
1478,0.06562968457145955,0.2072503870513316,0.0,1.0
1479,0.03126134542837606,0.19162546948300238,0.0,1.0
1480,0.031547152328324585,0.26163219808059895,0.0,1.0
1481,-0.03241016453526735,0.23730289215630485,0.0,1.0
1482,0.005202602756561606,0.23325223038729784,0.0,1.0
1483,0.048833444976750406,0.26370890374629435,0.0,1.0
1484,0.02953095261365277,0.2843796241838125,0.0,1.0
1485,-0.00586044516429346,0.25844226782173596,0.0,1.0
1486,0.031071427699507163,0.2713731595652276,0.0,1.0
1487,-0.0164285949515219,0.19511651668968302,0.0,1.0
1488,-0.07454583621493364,0.2233187725054968,0.0,1.0
1489,0.018332719984526274,0.2513476048438825,0.0,1.0
1490,-0.007859047072576076,0.2270229592289997,0.0,1.0
1491,0.050789138576728426,0.2837125619584138,0.0,1.0
1492,0.02820213846533391,0.2325139608891108,0.0,1.0
1493,-0.026039901132759762,0.2700231776923159,0.0,1.0
1494,-0.06094729662466835,0.24090102314438325,0.0,1.0
1495,-0.08711949944051789,0.23017519611546922,0.0,1.0
1496,0.026990163509949844,0.24299128157461292,0.0,1.0
1497,0.0252932158133146,0.22425069893349492,0.0,1.0
1498,-0.017146814322408752,0.24664234812401986,0.0,1.0
1499,0.030304414228167115,0.2524871688774438,0.0,1.0
1500,-0.00969417838746101,0.23550265852034857,0.0,1.0
1501,-0.014323625617515394,0.22708220486908656,0.0,1.0
1502,0.023958648499952755,0.23241874027841394,0.0,1.0
1503,0.08006240562430327,0.21872588284831831,0.0,1.0
1504,0.12015520776506157,0.2746050058043783,0.0,1.0
1505,0.019716227646158043,0.29252871051865365,0.0,1.0
1506,0.07379166042325179,0.26955978393834507,0.0,1.0
1507,0.041809768230828846,0.2548593482626407,0.0,1.0
1508,-0.025300879381325164,0.23665003014197009,0.0,1.0
1509,-0.10887986932408607,0.255946688189757,0.0,1.0
1510,-0.01716312930309635,0.2449190266168549,0.0,1.0
1511,-0.07500849570644226,0.26960824593448884,0.0,1.0
1512,0.03653136622139138,0.22407245568931608,0.0,1.0
1513,-0.002784961070022194,0.24422183350070972,0.0,1.0
1514,0.008686121444415938,0.22040053558564443,0.0,1.0
1515,-0.007414878558316028,0.25071186447135946,0.0,1.0
1516,-0.051939474120897104,0.2533010623668683,0.0,1.0
1517,0.010533506060136857,0.23587995939385167,0.0,1.0
1518,-0.0015410956159354894,0.22979875541617992,0.0,1.0
1519,-0.0059441989435463916,0.25345714746756537,0.0,1.0
1520,-0.016868502237967025,0.25993503903980025,0.0,1.0
1521,0.03305283234454671,0.2025776089422114,0.0,1.0
1522,-0.016814492586118213,0.23782609158976564,0.0,1.0
1523,-0.004717023331953334,0.20653360605491264,0.0,1.0
1524,0.003582785943670464,0.24147611627511023,0.0,1.0
1525,0.04361617494736586,0.21373541934225818,0.0,1.0
1526,-0.04203383442983372,0.23202848538626228,0.0,1.0
1527,-0.010410626910572764,0.2421753523892767,0.0,1.0
1528,0.005291768308624667,0.2598462037543653,0.0,1.0
1529,-0.04498876542822683,0.2519162024993787,0.0,1.0
1530,-0.043163980078662297,0.2649927942021863,0.0,1.0
1531,-0.04802183728877211,0.2830108022459861,0.0,1.0
1532,-0.06680390337005761,0.27167640857171826,0.0,1.0
1533,0.04487471077430872,0.26988268417100764,0.0,1.0
1534,0.06751523412146644,0.2512639339521962,0.0,1.0
1535,0.026720922096465916,0.27319459631366333,0.0,1.0
1536,0.005356138458210226,0.22769183289780257,0.0,1.0
1537,-0.050887963489065,0.2652391447325388,0.0,1.0
1538,0.03500748625541295,0.22901545904680706,0.0,1.0
1539,0.059788511461635795,0.25562264840955035,0.0,1.0
1540,-0.02238506892926496,0.2425240114268189,0.0,1.0
1541,-0.019925321363720317,0.2539674013506136,0.0,1.0
1542,0.03489539715249937,0.2324385465094618,0.0,1.0
1543,-0.033382457014660215,0.24499596931822887,0.0,1.0
1544,0.01646015321106126,0.26542522161880006,0.0,1.0
1545,-0.029711975376500253,0.2738271861526735,0.0,1.0
1546,-0.09068972351317998,0.26365218550344377,0.0,1.0
1547,0.014854351198033836,0.2718371179648413,0.0,1.0
1548,0.01574722157496104,0.24854126266085594,0.0,1.0
1549,-0.12106260605052244,0.2699336042197739,0.0,1.0
1550,-0.06120601964686225,0.28530072257915745,0.0,1.0
1551,0.03450247449917181,0.2940957685060604,0.0,1.0
1552,-0.028921598877668625,0.26564533452344347,0.0,1.0
1553,0.01592750580631611,0.26719834262671627,0.0,1.0
1554,0.0711969743139782,0.2314623540446025,0.0,1.0
1555,9.3940873489765e-05,0.2134164938870361,0.0,1.0
1556,0.035081261802167606,0.24762729322611374,0.0,1.0
1557,-0.029661020587548183,0.2354294536761463,0.0,1.0
1558,-0.029203222539052758,0.2439206917293942,0.0,1.0
1559,0.028032281542989146,0.25959120179278417,0.0,1.0
1560,-0.03977636145836585,0.242133651816657,0.0,1.0
1561,0.04402393282073692,0.18992577341883507,0.0,1.0
1562,0.005411588740995237,0.28003842037143195,0.0,1.0
1563,0.03932156913051681,0.27451892495629227,0.0,1.0
1564,-0.02613731843496513,0.23695063882737813,0.0,1.0
1565,-0.04985143757565782,0.24727977322161285,0.0,1.0
1566,0.08075981159617514,0.23891390414049143,0.0,1.0
1567,0.07299177834371405,0.24813280826609882,0.0,1.0
1568,0.05049553902413628,0.24252228024211622,0.0,1.0
1569,0.029009623740272068,0.2747893303023515,0.0,1.0
1570,0.11999346398447586,0.2229166539154368,0.0,1.0
1571,0.0943464443894093,0.26654130323282155,0.0,1.0
1572,-0.038323367961274384,0.2359058875596892,0.0,1.0
1573,0.023653953334640338,0.22729704837933992,0.0,1.0
1574,0.01269940540833211,0.2513808508030401,0.0,1.0
1575,0.009971608311841925,0.21801677493175867,0.0,1.0
1576,0.02095693176965854,0.2519491120621071,0.0,1.0
1577,0.09924894473021767,0.22818843764584937,0.0,1.0
1578,0.020582024326600792,0.22941023053310272,0.0,1.0
1579,0.040843345259192726,0.21516054486859712,0.0,1.0
1580,-0.03906968329509914,0.2614860552443389,0.0,1.0
1581,-0.0446038247925497,0.2449327532868003,0.0,1.0
1582,0.023907182032603103,0.21330183626532054,0.0,1.0
1583,0.050547294184693975,0.17624483354616885,0.0,1.0
1584,0.03351096646618834,0.24054168347566862,0.0,1.0
1585,0.025005138654747544,0.28172545421379375,0.0,1.0
1586,0.016957351294676567,0.2771601194036238,0.0,1.0
1587,-0.10224524962850463,0.2290352581382261,0.0,1.0
1588,0.013193735540511599,0.1959491433667425,0.0,1.0
1589,-0.009959879775867072,0.23979740809751213,0.0,1.0
1590,-0.08059985295936367,0.3018962944375172,0.0,1.0
1591,0.02429820986598394,0.2879605777771926,0.0,1.0
1592,0.020895114643526568,0.22185233188626352,0.0,1.0
1593,-0.09371986775999895,0.2700872109341998,0.0,1.0
1594,0.02986813206551257,0.25312194120191217,0.0,1.0
1595,0.018320176778825036,0.24827570383349343,0.0,1.0
1596,0.05304548484455804,0.2767187973023321,0.0,1.0
1597,0.011573737300194115,0.2730391515684801,0.0,1.0
1598,0.03253552882066923,0.231365321973403,0.0,1.0
1599,0.06432305484828316,0.22073892464921116,0.0,1.0
1600,0.03655613022602792,0.24896558183705478,0.0,1.0
1601,-0.0050481569284577185,0.25492229815998374,0.0,1.0
1602,-0.009463547512110926,0.21629935740310668,0.0,1.0
1603,-0.04772726657586942,0.2401507230155792,0.0,1.0
1604,0.05349565636926563,0.25589603548705114,0.0,1.0
1605,0.11139602877489303,0.25904540779373036,0.0,1.0
1606,-0.002995885529279404,0.25344767010404,0.0,1.0
1607,0.01922055810843984,0.21348019153133277,0.0,1.0
1608,-0.05520903288398015,0.2581100992371524,0.0,1.0
1609,-0.013051385687722484,0.2496498872098052,0.0,1.0
1610,0.010866100423087707,0.22292539231951644,0.0,1.0
1611,-0.08061717819417827,0.2585942152749394,0.0,1.0
1612,-0.029831528106526933,0.24128122528026727,0.0,1.0
1613,-0.0968146591324374,0.24318879739814134,0.0,1.0
1614,-0.016407803752700206,0.2570564603634671,0.0,1.0
1615,0.016029822565545956,0.2736018518968507,0.0,1.0
1616,0.03981897046539755,0.21905202912239088,0.0,1.0
1617,0.0589082901349501,0.26581871204201896,0.0,1.0
1618,0.0716220671442817,0.2573104382720869,0.0,1.0
1619,0.07217117842184502,0.22242320668475676,0.0,1.0
1620,0.03507240681513756,0.24117295914444947,0.0,1.0
1621,0.009672307611441966,0.26560060002447106,0.0,1.0
1622,0.016135247097333095,0.2593263407060809,0.0,1.0
1623,0.0023002380641965817,0.27336005633401134,0.0,1.0
1624,0.06878605816913665,0.27878144341145356,0.0,1.0
1625,0.06484259725258192,0.22598511940537133,0.0,1.0
1626,0.0708400247447619,0.24208771108784988,0.0,1.0
1627,0.09554479086826446,0.23390691212757955,0.0,1.0
1628,-0.002330939925584368,0.26900938292069093,0.0,1.0
1629,0.060943264245941854,0.26580459676285306,0.0,1.0
1630,0.021573184610798674,0.27879609066751515,0.0,1.0
1631,0.020362244193759284,0.2414378416392704,0.0,1.0
1632,-0.03288956978423166,0.2616176921294036,0.0,1.0
1633,-0.044375930644859694,0.2698600974871353,0.0,1.0
1634,-0.1728002150848744,0.2675874571110506,0.0,1.0
1635,0.017435374486667727,0.22797731102114796,0.0,1.0
1636,-0.017647444524814992,0.18520968078913821,0.0,1.0
1637,-0.033699899614132924,0.2004490459320727,0.0,1.0
1638,-0.016214769887612866,0.217342620822633,0.0,1.0
1639,-0.049805488032687285,0.24548178413215882,0.0,1.0
1640,0.0036690736762809845,0.24431987219348994,0.0,1.0
1641,0.015635315487306137,0.2155152915346724,0.0,1.0
1642,-0.06281034854799068,0.26228407083428135,0.0,1.0
1643,-0.01131682525594383,0.23392602850745672,0.0,1.0
1644,-0.0528356332985877,0.2667972834811017,0.0,1.0
1645,-0.035292344644286905,0.30466130613209225,0.0,1.0
1646,-0.017159271918770595,0.243330711957354,0.0,1.0
1647,0.015913769122576388,0.27318011336235826,0.0,1.0
1648,0.04988925752556036,0.2206621383347549,0.0,1.0
1649,0.008900310962392735,0.2753945869152204,0.0,1.0
1650,0.1307565957203198,0.2633679983192088,0.0,1.0
1651,0.011989069621644014,0.26812744404656963,0.0,1.0
1652,0.0319026090049803,0.19734779044178422,0.0,1.0
1653,0.08152824414189007,0.23722681206213167,0.0,1.0
1654,0.09369852180066239,0.24971627017769105,0.0,1.0
1655,-0.009948034514318976,0.2599622285642153,0.0,1.0
1656,0.03849630633335419,0.2366120108232317,0.0,1.0
1657,-0.020225497556136913,0.18981477494981489,0.0,1.0
1658,0.057758844642374345,0.25547451171862373,0.0,1.0
1659,0.09605396888047495,0.21995105106520554,0.0,1.0
1660,0.009666823985894838,0.21813392861742328,0.0,1.0
1661,0.0630051923281549,0.252978843732163,0.0,1.0
1662,0.011360212512265907,0.33107415095976106,0.0,1.0
1663,-0.004737175563177033,0.28894118575541966,0.0,1.0
1664,0.0751665510754669,0.2803902185485221,0.0,1.0
1665,0.09689830180764981,0.25016473651179305,0.0,1.0
1666,-0.10025184523021592,0.24224617090285708,0.0,1.0
1667,-0.05737194874898224,0.24975398393425766,0.0,1.0
1668,-0.08670138530904718,0.30067364492172105,0.0,1.0
1669,-0.09773471986132078,0.2804025549705742,0.0,1.0
1670,-0.0486278833660499,0.2568397883465507,0.0,1.0
1671,-0.04821159016109657,0.23948487104187696,0.0,1.0
1672,0.06613672210740336,0.2142678576187642,0.0,1.0
1673,0.09735257967844706,0.30732322233886,0.0,1.0
1674,-0.027432809136086034,0.2792033479129275,0.0,1.0
1675,-0.03546926885660324,0.23291983270447572,0.0,1.0
1676,0.02263812710229122,0.2584322534301038,0.0,1.0
1677,-0.009749066054010127,0.24339563525545094,0.0,1.0
1678,-0.05066378670470436,0.3134814779164584,0.0,1.0
1679,0.00471655163851184,0.28577361832773457,0.0,1.0
1680,-0.0397015347536726,0.2209760355136998,0.0,1.0
1681,-0.025270477944542274,0.21571659003688262,0.0,1.0
1682,0.024119675192867517,0.21108268196113736,0.0,1.0
1683,0.05872335272378589,0.2779976663767698,0.0,1.0
1684,-0.046328394930278884,0.21474608029973696,0.0,1.0
1685,0.03893825317111504,0.24025649322739154,0.0,1.0
1686,0.06561414412967038,0.26434504967253747,0.0,1.0
1687,-0.0008107142045487084,0.28225651677186997,0.0,1.0
1688,-0.08357026888445641,0.21643321267057355,0.0,1.0
1689,0.08888308823565128,0.2505954459968173,0.0,1.0
1690,0.02860976872036695,0.2690013516073844,0.0,1.0
1691,-0.0496370370882272,0.23521664047973068,0.0,1.0
1692,-0.08542638417404984,0.21084420601839762,0.0,1.0
1693,-0.05899548828070388,0.20713803447342705,0.0,1.0
1694,-0.034224431808415494,0.25922482806702885,0.0,1.0
1695,0.08116862451639133,0.25207053710184807,0.0,1.0
1696,0.04313784508650709,0.24420225300095022,0.0,1.0
1697,-0.012218918110984765,0.24331837358429867,0.0,1.0
1698,-0.050916034742837436,0.1975091997941043,0.0,1.0
1699,-0.003311478567434097,0.2935427315817357,0.0,1.0
1700,-0.046738321475941626,0.2992518980730081,0.0,1.0
1701,0.03532442906137664,0.26748631941886675,0.0,1.0
1702,0.02701547477208822,0.27493483630558396,0.0,1.0
1703,-0.005756820794290074,0.22252692529523047,0.0,1.0
1704,-0.07526136342777769,0.25987124783527904,0.0,1.0
1705,-0.06995346818295704,0.21443664219229672,0.0,1.0
1706,-0.02752267450213644,0.19238331451720522,0.0,1.0
1707,0.02733775102805242,0.2169199957147637,0.0,1.0
1708,0.04006994610990019,0.28550169209077464,0.0,1.0
1709,0.07806117623620797,0.2522491835121048,0.0,1.0
1710,-0.02019870220648465,0.22430077803558424,0.0,1.0
1711,0.07007990466079712,0.22612642249792306,0.0,1.0
1712,0.010160553901302528,0.23240516368747718,0.0,1.0
1713,0.06948549426468105,0.27618607046712046,0.0,1.0
1714,0.11162029994033797,0.27922399162067396,0.0,1.0
1715,0.02844991232453567,0.2803729067247021,0.0,1.0
1716,-0.02309454394673594,0.27590480199252415,0.0,1.0
1717,0.022666784925396862,0.24680541524759944,0.0,1.0
1718,0.06915408316395606,0.21881450217624857,0.0,1.0
1719,0.03833325313682969,0.27724279173082483,0.0,1.0
1720,0.002718458265793866,0.2564314227131113,0.0,1.0
1721,0.003445112624591374,0.2857082448928339,0.0,1.0
1722,0.027219193783952027,0.20768200326350184,0.0,1.0
1723,-0.00012074119754139125,0.2667928028474103,0.0,1.0
1724,0.08019792101289107,0.22239775235573392,0.0,1.0
1725,-0.02841373948430424,0.265381899100025,0.0,1.0
1726,-0.08861296592498001,0.29058220279286456,0.0,1.0
1727,-0.036355140742498834,0.2886925358284133,0.0,1.0
1728,0.07584042336191811,0.26326555225139076,0.0,1.0
1729,0.06865879009164023,0.25669408903512525,0.0,1.0
1730,0.04221284985718641,0.2341812380563286,0.0,1.0
1731,0.001363994043634002,0.21870879506583973,0.0,1.0
1732,-0.00533930755773947,0.21681797866511401,0.0,1.0
1733,0.010379125484537302,0.2351162657425567,0.0,1.0
1734,0.07117808119596346,0.23349935917944123,0.0,1.0
1735,0.034566750193965066,0.23182263021123925,0.0,1.0
1736,0.0544164317472236,0.22564251890624745,0.0,1.0
1737,0.018949499239334533,0.2445327361074424,0.0,1.0
1738,-0.05235473408717786,0.24937992919718077,0.0,1.0
1739,-0.021749218554948074,0.2294138373789775,0.0,1.0
1740,-0.006340597141424727,0.22143173968754662,0.0,1.0
1741,-0.026441065789622797,0.262833878423336,0.0,1.0
1742,0.09721882310704551,0.25578490960511746,0.0,1.0
1743,-0.02024253872102115,0.19856020847076825,0.0,1.0
1744,0.012535300400057521,0.23842674716512455,0.0,1.0
1745,0.04022352634029742,0.2950844149918798,0.0,1.0
1746,0.03198066633107339,0.25911288731056614,0.0,1.0
1747,0.016800996379076626,0.2343600830800446,0.0,1.0
1748,-0.007176040808347948,0.222908733030886,0.0,1.0
1749,-0.01401961937225188,0.2392840027703367,0.0,1.0
1750,-0.03815868502351674,0.2355616559027134,0.0,1.0
1751,0.02078279250221081,0.2152729407973842,0.0,1.0
1752,0.04379516084689065,0.26867508567131765,0.0,1.0
1753,-0.018884838625594407,0.22686151880078753,0.0,1.0
1754,0.09088424104637588,0.21698990667757326,0.0,1.0
1755,0.11107558057538273,0.3125258043140578,0.0,1.0
1756,0.06993773915385214,0.30879568162753784,0.0,1.0
1757,0.07242011342260499,0.30927573739043285,0.0,1.0
1758,0.08654513159793005,0.2675908424952385,0.0,1.0
1759,0.0020219559628070808,0.25332735399345313,0.0,1.0
1760,0.008426802863554921,0.20715055313746758,0.0,1.0
1761,-0.035572358110656614,0.22730425177714786,0.0,1.0
1762,-0.06468633430800608,0.2643559986807482,0.0,1.0
1763,0.020811033419816025,0.26683954765348267,0.0,1.0
1764,-0.02439817102169228,0.25939016898618,0.0,1.0
1765,0.002670396271296597,0.2316296363736788,0.0,1.0
1766,0.021110545629617825,0.22910062808817308,0.0,1.0
1767,0.030539378918773296,0.23192644163786494,0.0,1.0
1768,-0.03518084097761371,0.28014696822762175,0.0,1.0
1769,-0.037940529142896806,0.25864503973935393,0.0,1.0
1770,0.005314429394848372,0.2454825527421316,0.0,1.0
1771,0.1049716317840586,0.274855104309678,0.0,1.0
1772,0.08915527023713572,0.2479234472215821,0.0,1.0
1773,0.0016582186698331826,0.29174505957066416,0.0,1.0
1774,0.07346818104468368,0.247580956452684,0.0,1.0
1775,-0.011201894368702128,0.2292983646294443,0.0,1.0
1776,0.05977789992981758,0.24851167857824677,0.0,1.0
1777,0.12692052072645518,0.2121556360732054,0.0,1.0
1778,-0.03536817066769141,0.23499327957160446,0.0,1.0
1779,-0.040696369257185734,0.2976557983395646,0.0,1.0
1780,0.004056688719223447,0.2099172963539331,0.0,1.0
1781,-0.0024541081372032314,0.26999929967805597,0.0,1.0
1782,0.01768927771609886,0.24919130576711299,0.0,1.0
1783,-0.08111322317740811,0.22423821260711274,0.0,1.0
1784,-0.13035512336373264,0.289608034970039,0.0,1.0
1785,-0.05719230106591402,0.2153303616453409,0.0,1.0
1786,0.01935893095341094,0.23957138981590317,0.0,1.0
1787,0.06642220406007732,0.2381726031334662,0.0,1.0
1788,-0.01925686517971398,0.2531452239241914,0.0,1.0
1789,0.03888793547372515,0.2513567030052458,0.0,1.0
1790,-0.0009594888904315065,0.2698576506436963,0.0,1.0
1791,-0.0807214199475929,0.26643096257592397,0.0,1.0
1792,-0.05747170470611886,0.2579960355105523,0.0,1.0
1793,-0.01592667449886137,0.28026974720223957,0.0,1.0
1794,-0.0035276492409736376,0.25385589353220994,0.0,1.0
1795,0.006234877886687473,0.2781919540521263,0.0,1.0
1796,0.0013866457942941317,0.27049624751979096,0.0,1.0
1797,-0.07118320468947888,0.2585845765117536,0.0,1.0
1798,-0.03409066686767911,0.3216922133456137,0.0,1.0
1799,-0.1020612759523235,0.3059468069121542,0.0,1.0
1800,-0.043151585373046475,0.22145936838166957,0.0,1.0
1801,-0.015507065293870513,0.25335643896073584,0.0,1.0
1802,0.07390126601977996,0.24556015281437352,0.0,1.0
1803,0.012829991627663967,0.25375329042167966,0.0,1.0
1804,0.06364858056097601,0.24826777043399462,0.0,1.0
1805,-0.041328566376828337,0.2508571307467861,0.0,1.0
1806,-0.07797286450628048,0.2328384135483068,0.0,1.0
1807,-0.10356534603240093,0.26949322223725475,0.0,1.0
1808,-0.05259221431196636,0.22356251649518558,0.0,1.0
1809,-0.011449187674576686,0.23469511847309252,0.0,1.0
1810,-0.006985063953808208,0.23802347076735209,0.0,1.0
1811,0.03634504573258083,0.25227206499963395,0.0,1.0
1812,0.00981371910211018,0.2302951002112512,0.0,1.0
1813,0.0012773298227656826,0.2776328865781006,0.0,1.0
1814,-0.03002341084594386,0.27346832320411996,0.0,1.0
1815,-0.04187573791007485,0.2762381228731,0.0,1.0
1816,-0.11319944905374164,0.2796891401095551,0.0,1.0
1817,-0.04898841128496134,0.29906507680371536,0.0,1.0
1818,0.04821750880379789,0.25501783817861684,0.0,1.0
1819,0.06608148804663433,0.26842416848809086,0.0,1.0
1820,0.03826265553761004,0.2995615326048979,0.0,1.0
1821,-0.02101592534713038,0.2600813332987278,0.0,1.0
1822,-0.11791841578856284,0.2571870615428567,0.0,1.0
1823,-0.05655677221382683,0.2532899907339916,0.0,1.0
1824,-0.06099887619286896,0.2707385412501459,0.0,1.0
1825,-0.11686607880422471,0.2772786831980268,0.0,1.0
1826,-0.05308748182345304,0.2503418972876268,0.0,1.0
1827,-0.05128161146326668,0.2191878832230247,0.0,1.0
1828,0.02083090223040089,0.25085478097646874,0.0,1.0
1829,-0.007998185978678704,0.25271731668589187,0.0,1.0
1830,-0.040705579815343694,0.20628381302348467,0.0,1.0
1831,-0.0233824711049507,0.26900078837391744,0.0,1.0
1832,0.03874428949443635,0.22791929578325684,0.0,1.0
1833,0.013787131527352869,0.24818514918618736,0.0,1.0
1834,0.08449687213992947,0.24149235126761415,0.0,1.0
1835,0.07106261393520441,0.22905971009035442,0.0,1.0
1836,0.10053835743658447,0.2403050215770184,0.0,1.0
1837,0.0882695694169797,0.24534648581795182,0.0,1.0
1838,-0.02410693130677498,0.27780256228884126,0.0,1.0
1839,0.008395742412110127,0.27095574585205734,0.0,1.0
1840,0.03011235834262299,0.27174548425647865,0.0,1.0
1841,0.06813326578941228,0.25033618408329666,0.0,1.0
1842,0.05558324837430373,0.2949825140133527,0.0,1.0
1843,-0.07262590612255362,0.25334714225379584,0.0,1.0
1844,0.03609617144404379,0.21621372812129133,0.0,1.0
1845,0.015468112169865045,0.27064241347314544,0.0,1.0
1846,-0.0020153318068416373,0.2719302096364464,0.0,1.0
1847,0.04660926543927635,0.23492614105698797,0.0,1.0
1848,0.0682739456431026,0.2465249819495741,0.0,1.0
1849,0.0646740845297037,0.2619783958923731,0.0,1.0
1850,-0.1319747860434128,0.24708682527820194,0.0,1.0
1851,-0.10918658279036923,0.2710395053635301,0.0,1.0
1852,-0.054308436881146054,0.2530994687439432,0.0,1.0
1853,0.07484997311380129,0.2798106499100732,0.0,1.0
1854,0.029920105588943636,0.24966844019330744,0.0,1.0
1855,-0.0382099842553465,0.29496278132366,0.0,1.0
1856,0.011493163291736956,0.2709044892481635,0.0,1.0
1857,-0.017479662539869267,0.2536374008373964,0.0,1.0
1858,-0.025167571871333273,0.2331106360461733,0.0,1.0
1859,0.01454707795463083,0.2418909101982829,0.0,1.0
1860,0.025203990254691593,0.2544690249871832,0.0,1.0
1861,0.066082534016651,0.26282792299241486,0.0,1.0
1862,0.009972681278185519,0.2893959593200988,0.0,1.0
1863,0.05645023929438416,0.2738745023217825,0.0,1.0
1864,-0.05773373022811287,0.26727199910536076,0.0,1.0
1865,-0.006813232447453715,0.27926233838033565,0.0,1.0
1866,0.11770515767702171,0.267564920562891,0.0,1.0
1867,0.12919237023794922,0.25453642827163664,0.0,1.0
1868,-0.006579566871402505,0.18789552963019884,0.0,1.0
1869,0.059413074331523735,0.2238186358380334,0.0,1.0
1870,0.027421765535494736,0.22934829050642191,0.0,1.0
1871,-0.02135705523736921,0.24736933622619342,0.0,1.0
1872,0.006353558702719424,0.23078339068478937,0.0,1.0
1873,0.03796450526124608,0.2800968760734411,0.0,1.0
1874,-0.02073737888380182,0.2529890369878293,0.0,1.0
1875,0.01965339875654599,0.2534942073059577,0.0,1.0
1876,0.054076878068387436,0.2529365966397807,0.0,1.0
1877,0.024420672453811104,0.22337232575572652,0.0,1.0
1878,-0.0039173298235105165,0.26036081011164663,0.0,1.0
1879,-0.10531706616864618,0.23578455675233337,0.0,1.0
1880,-0.02463486301620113,0.24653528564575544,0.0,1.0
1881,0.08594440260202901,0.25169789296431827,0.0,1.0
1882,0.029579492451425382,0.23630162049962322,0.0,1.0
1883,0.03535223552013982,0.27454381696337343,0.0,1.0
1884,-0.002511974348854499,0.25543105956603246,0.0,1.0
1885,-0.02634814661165566,0.22909040230476427,0.0,1.0
1886,-0.0033981733308854783,0.2191294003665503,0.0,1.0
1887,-0.013623256349592702,0.24372784158413086,0.0,1.0
1888,-0.06291344275803788,0.2585984513203477,0.0,1.0
1889,-0.017590058664959645,0.24855894714054863,0.0,1.0
1890,0.010494013367375508,0.28005003785053334,0.0,1.0
1891,-0.053447445434552494,0.2578607355652624,0.0,1.0
1892,-0.014797512150585663,0.31378524990742845,0.0,1.0
1893,-0.07293096463703051,0.26021404046695207,0.0,1.0
1894,-0.004163286726084551,0.26518046008121215,0.0,1.0
1895,-0.01668773617058802,0.27604680475680515,0.0,1.0
1896,0.023102615214972196,0.27239112128523985,0.0,1.0
1897,0.020873806419845486,0.25128621149007596,0.0,1.0
1898,-0.06778558376142924,0.2626265864414193,0.0,1.0
1899,-0.010224385147039189,0.23906260802525803,0.0,1.0
1900,-0.04539124241617155,0.2548228668944515,0.0,1.0
1901,0.11763616753662305,0.260413220055339,0.0,1.0
1902,0.04253380376200988,0.2522425858794627,0.0,1.0
1903,0.033607911064231326,0.23647161931319305,0.0,1.0
1904,0.009347201307301012,0.22835545789374764,0.0,1.0
1905,0.059560173275577895,0.29795889296479133,0.0,1.0
1906,-0.010094237464026018,0.2626317789912512,0.0,1.0
1907,0.06979409446714531,0.23949065974244443,0.0,1.0
1908,0.040266153881923346,0.2741537400449934,0.0,1.0
1909,0.027146803574576578,0.24624680657141193,0.0,1.0
1910,-0.053966990530786164,0.26211756295153016,0.0,1.0
1911,-0.0328265379899151,0.21698207572025033,0.0,1.0
1912,-0.04229109049988059,0.21092372074055818,0.0,1.0
1913,0.003099250703485041,0.25975021184724056,0.0,1.0
1914,-0.07810227191875017,0.289442253168739,0.0,1.0
1915,-0.007406361881253158,0.24614742666848474,0.0,1.0
1916,0.02599278182542635,0.21471326991198944,0.0,1.0
1917,0.06607513580350964,0.22799487168299196,0.0,1.0
1918,-0.04867351314289028,0.28754665797393636,0.0,1.0
1919,0.0053192536992439825,0.26399270054271856,0.0,1.0
1920,0.05025438675605373,0.21897829082392797,0.0,1.0
1921,0.0037280652285422203,0.22310028060519693,0.0,1.0
1922,-0.01807688403775539,0.27885029599423744,0.0,1.0
1923,0.08297296393239795,0.2785808711677023,0.0,1.0
1924,-0.050977343098046184,0.224872260122173,0.0,1.0
1925,-0.06006370971134983,0.3167688646966429,0.0,1.0
1926,-0.05470735548279326,0.30127012339498416,0.0,1.0
1927,-0.005106939901523554,0.24015863463870227,0.0,1.0
1928,-0.007854129407959057,0.2548028222585619,0.0,1.0
1929,-0.04011636416606983,0.245062976825031,0.0,1.0
1930,-0.10674482616647481,0.27927757741363685,0.0,1.0
1931,-0.044191633675568553,0.23063333087512353,0.0,1.0
1932,-0.050860172357705014,0.2196337076748356,0.0,1.0
1933,-0.09409024445736129,0.23859947802384898,0.0,1.0
1934,-0.11540322090359452,0.3052226890507857,0.0,1.0
1935,-0.0480147832160516,0.2850663607574472,0.0,1.0
1936,0.053298823122929585,0.2863030330947223,0.0,1.0
1937,0.00027925458320921724,0.25278448358659794,0.0,1.0
1938,-0.004753259275005496,0.2603844930886098,0.0,1.0
1939,0.02959034146018211,0.28810698704228105,0.0,1.0
1940,-0.021658326891421276,0.22954810637252812,0.0,1.0
1941,-0.04010309322979518,0.2965914794979581,0.0,1.0
1942,0.01985113413452572,0.2783478439901271,0.0,1.0
1943,0.05223873132058696,0.2677418948331188,0.0,1.0
1944,0.0463792340507446,0.26377482886466935,0.0,1.0
1945,0.16897067780796163,0.24512943016173663,0.0,1.0
1946,0.0022021671476627563,0.2376058424493366,0.0,1.0
1947,0.0148012743613608,0.22873328997361111,0.0,1.0
1948,-0.000677570644738652,0.22836937662256895,0.0,1.0
1949,0.11003463512613505,0.26456487460262323,0.0,1.0
1950,0.019629786645133682,0.26265245251737707,0.0,1.0
1951,-0.01962329124878705,0.24781434027191826,0.0,1.0
1952,-0.08543038754691186,0.25027441471919887,0.0,1.0
1953,-0.07238228356444738,0.22966510988981367,0.0,1.0
1954,0.02912267047360041,0.2653404052948619,0.0,1.0
1955,0.08433630321143022,0.2773534968530211,0.0,1.0
1956,0.07931694407469664,0.22215725361128577,0.0,1.0
1957,0.0393207415456251,0.19962842012538684,0.0,1.0
1958,0.012498089563385073,0.2053776021475445,0.0,1.0
1959,0.0052991001609939276,0.2220980087332163,0.0,1.0
1960,0.011240726348069191,0.24540474295165524,0.0,1.0
1961,0.056332487910102445,0.2349280335658975,0.0,1.0
1962,0.053511161006201936,0.2620250764487923,0.0,1.0
1963,-0.05321598029974666,0.24146072185432013,0.0,1.0
1964,-0.020109264941058014,0.2614368083551476,0.0,1.0
1965,-0.01193044188959746,0.2521094307914158,0.0,1.0
1966,-0.03336889269797627,0.2896497943073683,0.0,1.0
1967,0.04454191499885766,0.2513880425036321,0.0,1.0
1968,-0.062074372569852716,0.23776699783131963,0.0,1.0
1969,-0.060023986743713835,0.20334880261271912,0.0,1.0
1970,-0.0046895949546724046,0.2542516820263188,0.0,1.0
1971,-0.04793062153866412,0.2575288943457603,0.0,1.0
1972,-0.042416777163633755,0.2804372236848596,0.0,1.0
1973,-0.05773960029035189,0.21730709857813424,0.0,1.0
1974,-0.020660720336517866,0.23869582679729007,0.0,1.0
1975,0.11273848077627924,0.2303199420058136,0.0,1.0
1976,0.046310454916365464,0.22213840793357262,0.0,1.0
1977,0.07874187076619077,0.2647332248332562,0.0,1.0
1978,0.06340239877914998,0.22107023832516637,0.0,1.0
1979,0.025311037599974245,0.20985102297962413,0.0,1.0
1980,0.0021910574455983414,0.26217237295115514,0.0,1.0
1981,-0.052904584214387596,0.21343080894468414,0.0,1.0
1982,0.09867199130276542,0.2488022061540115,0.0,1.0
1983,0.05182883086465729,0.26234979490296145,0.0,1.0
1984,0.0909979754163348,0.297636233163405,0.0,1.0
1985,0.0265833440299867,0.30745504932400436,0.0,1.0
1986,-0.06070721031682924,0.28385394256367524,0.0,1.0
1987,0.08127181481942934,0.23874653607154128,0.0,1.0
1988,0.012784170110574518,0.2631424694551902,0.0,1.0
1989,0.0109001864910341,0.2902934599381335,0.0,1.0
1990,0.01016183055734629,0.2591832034809611,0.0,1.0
1991,0.050089706740724965,0.27094678511031,0.0,1.0
1992,0.06145295004619492,0.21961011132551045,0.0,1.0
1993,-0.05777869171587665,0.2715027643354789,0.0,1.0
1994,0.03669208536288401,0.2695541949030142,0.0,1.0
1995,0.06328541735414456,0.23145994812122903,0.0,1.0
1996,-0.008913441094938215,0.2483173048632724,0.0,1.0
1997,0.049772854759282774,0.22772471426905141,0.0,1.0
1998,0.05494174366282168,0.22574617673056932,0.0,1.0
1999,-0.06866900806800753,0.24060094765569265,0.0,1.0
2000,0.02169175614298723,0.21401228439977438,0.0,1.0
2001,0.009025810383982227,0.1992332418766085,0.0,1.0
2002,-0.029136830105739923,0.2538773343002314,0.0,1.0
2003,-0.05760166885522239,0.2453630015898878,0.0,1.0
2004,-0.01729687751055486,0.2058399790925145,0.0,1.0
2005,-0.027567706272804453,0.22333768809580565,0.0,1.0
2006,-0.009617417585342031,0.19347630735562057,0.0,1.0
2007,-0.0003459442133844984,0.2535636027155426,0.0,1.0
2008,-0.043365550836624744,0.22254816628596186,0.0,1.0
2009,-0.09119026558132766,0.21292987273599215,0.0,1.0
2010,-0.05109401895117094,0.20896151157831935,0.0,1.0
2011,0.012097790824327196,0.2144476546097144,0.0,1.0
2012,0.05582122898899361,0.2657441649086611,0.0,1.0
2013,-0.02159682621929328,0.2792954299728198,0.0,1.0
2014,-0.06175738554351474,0.2700366041165508,0.0,1.0
2015,0.02298999849489511,0.2516838193648743,0.0,1.0
2016,0.011086909992597252,0.22140197375532308,0.0,1.0
2017,-0.016992786707933107,0.1995284932937571,0.0,1.0
2018,-0.021291656078834802,0.22346992767674287,0.0,1.0
2019,-0.023468297830887778,0.2158833698612251,0.0,1.0
2020,0.007227143470042686,0.2012993356908804,0.0,1.0
2021,-0.03582567404874964,0.22404334171383275,0.0,1.0
2022,-0.06859440586830005,0.19139195163670222,0.0,1.0
2023,-0.06334162254789033,0.28664696836674114,0.0,1.0
2024,-0.004050988977252358,0.253845145875323,0.0,1.0
2025,0.09929885346651575,0.25079214914985054,0.0,1.0
2026,0.043994687917121335,0.26265272134574813,0.0,1.0
2027,0.032874497796640596,0.24646024392883734,0.0,1.0
2028,0.0555413011874877,0.253334214833969,0.0,1.0
2029,-0.009506668710323954,0.24809757747110592,0.0,1.0
2030,0.03179408565193533,0.1884168294130698,0.0,1.0
2031,0.045664387751256995,0.23488790795495418,0.0,1.0
2032,0.025804545387838596,0.2594497462939826,0.0,1.0
2033,-0.05431366266319021,0.23987270513390424,0.0,1.0
2034,-0.07391346751415809,0.29985605627650536,0.0,1.0
2035,-0.0704611278334404,0.3010678768701757,0.0,1.0
2036,-0.002765304714679196,0.23319828922002636,0.0,1.0
2037,-0.027157083081066763,0.2539442202896595,0.0,1.0
2038,0.05152153342893843,0.2750297311356552,0.0,1.0
2039,0.06992378802220399,0.21995474890983177,0.0,1.0
2040,0.010817552043443984,0.2836394267511085,0.0,1.0
2041,-0.01169862522773923,0.26407927036504264,0.0,1.0
2042,0.05046634934759997,0.2566761973676364,0.0,1.0
2043,-0.020131316566431322,0.22792887751467536,0.0,1.0
2044,0.04930332761587738,0.24219372219548954,0.0,1.0
2045,0.038167374141805106,0.25493536762879665,0.0,1.0
2046,-0.043396925937133256,0.2798077912041108,0.0,1.0
2047,0.00805046380616828,0.2298530396358449,0.0,1.0
2048,-0.02027918533581161,0.23918458988112556,0.0,1.0
