measured_sweep,plaquette_mean,plaquette_square_mean,ward_mean,acceptance
1,0.19014485941784662,0.30515442241820073,-0.6754564871331101,0.859375
2,0.14900309872519338,0.28052274666165017,-0.3008523723965569,0.96875
3,0.15000629675844138,0.28781420988307677,-0.3893781119479371,0.890625
4,0.16224000140678416,0.261619209134573,-0.4505080888945141,0.796875
5,0.11697925137811276,0.23924067018414,0.0965542311791016,0.859375
6,0.09009204958784954,0.30059236071995377,0.18019955158684653,0.921875
7,0.05111399987018461,0.23482270009870265,0.7971464948729842,0.90625
8,-0.02336082693883843,0.20054654081484613,1.4197408381287187,0.84375
9,0.08382404992988235,0.2015797347265642,0.55173794615216,0.921875
10,0.03163831784552638,0.2145749331457283,1.0261376428958888,0.890625
11,0.04388262868366108,0.23123518929355513,0.8148567057505028,0.9375
12,0.08257415481963752,0.23882595311802265,0.4745432459755638,0.875
13,0.11400682585005317,0.23698101263804974,0.13538904582247127,0.859375
14,0.07389128473174399,0.24786265820478048,0.4135189671899904,0.9375
15,0.10590942440112329,0.2142767357253126,0.33149141180448083,0.859375
16,0.06451497776129606,0.21126468207799443,0.7080002909933546,0.875
17,0.04465590546006818,0.24257455382599394,0.8214145834497028,0.921875
18,0.11760796613761453,0.26153217340952006,0.09320063083208678,0.875
19,0.12897900450435465,0.2682678709897854,-0.08893566910029985,0.875
20,0.1636984775044477,0.2466202439824167,-0.39579734057471666,0.84375
21,0.13297019144344413,0.2557816236924848,-0.19792749493975176,0.875
22,0.1662671594386899,0.2634704865794584,-0.4731895015426711,0.78125
23,0.1783152332601092,0.23414627660930368,-0.4091066295533409,0.84375
24,0.13066206990099136,0.24310078001897462,-0.09412356665655124,0.859375
25,0.15632159520642258,0.2781163278308019,-0.4105504728682688,0.890625
26,0.1522145864168723,0.28859738715846106,-0.2237907190433905,0.90625
27,0.16678426294956986,0.27968267325663043,-0.33546357919405545,0.890625
28,0.027645293670026928,0.28095736670318144,0.841893378414911,0.890625
29,0.06212429872961223,0.22317103808064598,0.7455630592310295,0.9375
30,0.06127737660646775,0.24724225168491434,0.6305776948233671,0.890625
31,0.0780844423515437,0.3017033063274368,0.3143223008049196,0.859375
32,0.0026482728526987936,0.24631440461904944,0.8952178697435609,0.921875
33,-0.0004126066485887758,0.2885150066947368,0.9947049778987613,0.9375
34,0.0631221713051649,0.22947037822288494,0.6234116637979862,0.84375
35,0.14325456034286663,0.24036370506979912,-0.1634439431475023,0.875
36,0.12199386415309739,0.25551090614924726,0.05857568500803424,0.921875
37,0.1279891581146487,0.27057713042105647,0.0013505892738878492,0.84375
38,0.17772294402935987,0.29201206524461254,-0.6318240860921576,0.875
39,0.1522684020183042,0.2137978743177377,-0.17237146140916304,0.953125
40,0.16195891006057497,0.2596262969650848,-0.4493985821486279,0.859375
41,0.11831741522741353,0.22727694111018257,0.08629198330216185,0.90625
42,0.16020242472920074,0.2884682450973206,-0.3072341160182895,0.921875
43,0.10085086720799159,0.26640832672947456,0.1533903571565809,0.890625
44,0.08122785882046173,0.2187561156803146,0.6314442960275605,0.890625
45,0.1398848700527838,0.23803499125070218,-0.11599774062445604,0.8125
46,0.12199559273296771,0.2830228959312495,-0.019483102741655794,0.984375
47,0.15187086810311437,0.2685496122568933,-0.15810876124814732,0.90625
48,0.15908263817095578,0.30049736518171505,-0.34159818676960013,0.828125
49,0.13517311539425667,0.27792861199552127,0.0673136174866712,0.84375
50,0.11425631820669678,0.26552078040035704,0.32577101881687,0.828125
51,0.08591004706858381,0.2480721443534785,0.6344835039587126,0.875
52,0.13613008900890308,0.2307096215774672,0.1439670918079545,0.875
53,0.0933595316565501,0.23225218547468537,0.2851608225837306,0.828125
54,0.13784054314188524,0.2785526327070406,-0.045659962352753,0.859375
55,0.10247192297561926,0.2176089870002386,0.19992285114597652,0.84375
56,0.0962273248803608,0.23778233787450076,0.2536368015839102,0.828125
57,0.07399634891933606,0.2428829926369848,0.5082647807519238,0.84375
58,0.08497070502099012,0.24314651287464084,0.5808381917607769,0.84375
59,0.044567100040500573,0.21449682782330207,0.8755443620022887,0.90625
60,0.1313055897680431,0.21612673785151873,0.15681632972695314,0.890625
61,0.09621323104172652,0.24970316694867037,0.39626613554639384,0.921875
62,0.04533080561578865,0.22123735073763387,0.6640876142388179,0.875
63,0.06745558289114635,0.2581804860958979,0.5385306590781154,0.90625
64,0.02472117472046841,0.2562146098648599,0.8238090222044164,0.953125
65,0.01194350151864503,0.2606445355755929,1.0905683716928092,0.890625
66,0.08635002677769636,0.24048257028589717,0.6722486979592711,0.875
67,0.16572912865053283,0.2637870510515467,-0.19474699028777517,0.859375
68,0.261462096093874,0.2924449393478233,-1.4496305535964635,0.8125
69,0.21885181660665087,0.25292613652948365,-0.989990352362759,0.890625
70,0.18121548819877983,0.23124231382414093,-0.4380657248827287,0.8125
71,0.10253408822706617,0.26315921691415123,0.1442196660060303,0.875
72,0.1792942524089769,0.23898973182324698,-0.42754821601197573,0.875
73,0.12840482821549637,0.2041759546379296,-0.008193981631089205,0.875
74,0.1226615405238654,0.23084457459572283,0.2285746000270606,0.90625
75,0.19921720119058017,0.222931113776378,-0.6397392204692386,0.84375
76,0.12491100397350474,0.2599046143937703,0.039773355280153036,0.84375
77,0.120982204362151,0.2641832064190999,0.1043098565019113,0.859375
78,0.20116235598929091,0.2694832379102246,-0.7244586242484545,0.875
79,0.14054027684134376,0.2916520418663453,-0.27642348929364263,0.953125
80,0.11088341787658092,0.28907815100068507,0.05924052455217424,0.875
81,0.1422578630938752,0.2713948233158751,-0.1224242469075944,0.84375
82,0.17974027838166787,0.33690877860078966,-0.5197790496324312,0.875
83,0.20131796933177723,0.3092199263430379,-0.7472697262326945,0.9375
84,0.2026247046711319,0.2939816541159976,-0.778782719551707,0.90625
85,0.21377151802241476,0.26731335985274646,-0.7973644930221654,0.890625
86,0.17998457493924228,0.27249154098900247,-0.4829121824980903,0.953125
87,0.11853220142030314,0.2618366419898454,-0.00040836013225623025,0.8125
88,0.16689743662209963,0.2831971375754783,-0.5515815363758141,0.875
89,0.18212819184197224,0.31126378773453683,-0.6447583356131951,0.875
90,0.16162535400979527,0.29242863304818023,-0.38128506149743235,0.84375
91,0.19181053406051551,0.24398667232977667,-0.396549475782257,0.828125
92,0.24134087015281533,0.23820880241838252,-0.8149739402960048,0.828125
93,0.17798385459292435,0.21886995786743532,-0.2987780062173362,0.890625
94,0.1417023038963682,0.20608548553382108,-0.1456962335243086,0.859375
95,0.16885627849673415,0.23180603593336027,-0.4120135775766844,0.921875
96,0.17885127783562535,0.27673939797089714,-0.494052990058655,0.84375
97,0.18071274677753332,0.2789346512703785,-0.6008651521527191,0.921875
98,0.159842725154853,0.2873725366952933,-0.5282167608358321,0.859375
99,0.13116081914332098,0.2741265262590365,-0.15060999837896946,0.890625
100,0.05834696849718776,0.2074018242202548,0.6130491365625154,0.84375
101,0.08139375003608927,0.2532756653485751,0.4085695105645176,0.921875
102,0.12218078117415838,0.24210345944262224,0.03847541408999377,0.84375
103,0.12123035864667213,0.2971435586478825,-0.04908807709165132,0.90625
104,0.18547637840786177,0.2811646249019278,-0.39005479514788594,0.890625
105,0.16785696497246794,0.27378140079867874,-0.43155051499563435,0.859375
106,0.11313226393543423,0.19123227255036035,0.20939662821358715,0.875
107,0.20070756956962107,0.2481947261972907,-0.5933975978511629,0.875
108,0.16782484196843958,0.24537241161312698,-0.4373178983334654,0.859375
109,0.17505669223658119,0.2503370999812901,-0.6442997899194617,0.765625
110,0.20839469518313558,0.2967435633368303,-0.7970066123084829,0.890625
111,0.1660855601209327,0.27085997435279546,-0.30247799367631323,0.890625
112,0.16520790480524794,0.25672268913850466,-0.2013441876977923,0.875
113,0.16633832377682178,0.29162044177102847,-0.24820324230950738,0.859375
114,0.11462688491302371,0.24039578438131817,0.33084454202567,0.859375
115,0.10647913496949003,0.31475234920357126,0.1600174843799712,0.875
116,0.13975707546711172,0.2637396442345126,-0.015679496329662496,0.875
117,0.0866463413569793,0.2335649117621071,0.7005471666792987,0.796875
118,0.08852717238265057,0.22371775046946332,0.5805432277465934,0.8125
119,0.1374068060461869,0.20418397524728435,0.1907596438616372,0.8125
120,0.1246179429714583,0.22739393070991473,0.26134870545220223,0.84375
121,0.11220491253335635,0.2479548594884867,0.2285720610349304,0.859375
122,0.14596368040215857,0.2655909352017023,-0.3591858461029287,0.890625
123,0.15731366491009424,0.28078174175352616,-0.4316103895265343,0.875
124,0.14075075146171,0.2820902052651069,-0.250897985561803,0.890625
125,0.09646379929897393,0.267361289074674,0.3763386535846286,0.8125
126,0.07992373190896286,0.2707900595300345,0.37573336544417174,0.875
127,0.13159384203409552,0.29570698524334976,-0.11364202674330136,0.953125
128,0.07163094966654178,0.28284151114802586,0.3942005156450483,0.859375
129,0.22938289997575087,0.2733531114089642,-0.8279124496035266,0.875
130,0.21303082558900258,0.26238665041294856,-0.615195103522042,0.859375
131,0.21042468099507403,0.2753788485876932,-0.7001682628820397,0.890625
132,0.15602765806215058,0.22786522138961673,-0.27186715291825275,0.84375
133,0.03797570489714731,0.21103938451165208,0.9429119376279373,0.9375
134,0.022881945098665462,0.21163191661331912,0.9907294171116537,0.90625
135,0.05736126898971472,0.2598662359141473,0.6686809445052356,0.875
136,0.034440339607581916,0.22839372211761155,0.9748242365842831,0.875
137,0.1235844976104466,0.2460949008718535,-0.030599237935595745,0.90625
138,0.19495731771536243,0.24878083013745703,-0.7427799015817327,0.90625
139,0.14543397909770728,0.26211349601089434,-0.26519372939440666,0.734375
140,0.13897767683571546,0.2555669056256202,0.06445302536442674,0.859375
141,0.16219814898615834,0.27682293064518654,-0.5462844237026652,0.890625
142,0.07880718188365264,0.22975948849044348,0.3027111305538434,0.875
143,0.09530250352624563,0.23588316018455624,0.3347930659911975,0.921875
144,0.08704817868816607,0.2450304363223276,0.32935801944683674,0.859375
145,0.1284548119384671,0.19876644028341636,-0.15404321025990492,0.859375
146,0.08160407852124339,0.2555397222775657,0.4151813535692423,0.90625
147,0.04052056302503224,0.306199050836305,0.4973515306964912,0.921875
148,0.08431744272185632,0.2640448424093829,0.38514831526224413,0.84375
149,0.07586876510677308,0.23878857464455763,0.34030147465437327,0.875
150,0.07392570246367125,0.28589261381057374,0.11497006063280056,0.921875
151,0.11196933219712156,0.23889250840470158,0.020114379108238985,0.890625
152,0.04058534309916334,0.23731165923531541,0.9859599683744865,0.859375
153,0.10182877300854935,0.2456705207571268,0.28322910778594507,0.890625
154,0.15720640626859347,0.2051363445963549,-0.31051262548612507,0.9375
155,0.13113044695892018,0.24274201729952752,-0.07528701779158581,0.859375
156,0.0439576851233087,0.25439888509313163,0.8498347420042426,0.828125
157,0.04696864942232809,0.23366402183418036,0.8115850471789721,0.953125
158,0.02235892226689205,0.2066492230631487,0.9307120490746889,0.890625
159,0.07658878883069492,0.219859095011089,0.4129462549726457,0.90625
160,0.05667607743034738,0.2471886108011201,0.7157565764847867,0.921875
161,0.08682226907971231,0.24530673378591317,0.5964548205813242,0.828125
162,0.09290841860451719,0.19799975779140055,0.5099598523348607,0.90625
163,0.09020450063050588,0.23215294779694992,0.380498746126218,0.890625
164,0.09712243495435065,0.25827509345453126,0.2706121851038777,0.953125
165,0.12353944257966898,0.265997197666026,-0.044105842937524106,0.859375
166,0.14347539248957894,0.27311145827799116,-0.24645419429293758,0.890625
167,0.128425533425236,0.28214203195839915,-0.010013718800916135,0.84375
168,0.20364446889276053,0.2812232107057226,-0.7663496416421853,0.9375
169,0.1475126720236268,0.21901807829285022,-0.23368375716691214,0.828125
170,0.10225510363464851,0.21638718887291933,0.16731135120849994,0.859375
171,0.05006467841348147,0.2378968821356221,0.7447465353592745,0.859375
172,0.106033951603112,0.2047511345357466,0.2982368231941654,0.875
173,0.11231039622437557,0.2776980278618129,0.04822354557128681,0.875
174,0.09050482458121174,0.26716587821529164,0.23957195121400943,0.890625
175,0.12038374117695828,0.26267474749824243,0.05030028714928215,0.796875
176,0.09891159983663818,0.24001863748075766,0.1941351317018386,0.9375
177,0.11805807353999116,0.29854998015444867,-0.07348578500583985,0.90625
178,0.17526584035788542,0.28153280526289964,-0.6430862120444738,0.84375
179,0.16743556639103838,0.2649869333993917,-0.32556634882788404,0.921875
180,0.19683636430646526,0.2367932404153241,-0.7011726610703254,0.890625
181,0.20441181100575698,0.22886575077869972,-0.6564610820621917,0.859375
182,0.16432597565638374,0.2467358488581922,-0.3039980223373495,0.875
183,0.23276359384396839,0.23462542895789115,-0.9779752437082528,0.78125
184,0.19228693365431113,0.3019031707211172,-0.5913357874888862,0.859375
185,0.1699388442310071,0.2959429467763894,-0.527127894916202,0.890625
186,0.2423724032564182,0.26511232566801773,-1.0009526424522805,0.796875
187,0.2116262486154672,0.3213035719402654,-0.6857082351789253,0.90625
188,0.19869857539580263,0.2927890356013186,-0.6365039328510411,0.859375
189,0.14179925910120295,0.19956467934732836,-0.1704378293600667,0.859375
190,0.12762926083578743,0.2420975014527745,0.027803188240298482,0.859375
191,0.14938619211411583,0.24404617540252752,-0.25239931357868683,0.890625
192,0.2517500671012631,0.29815421144958076,-1.1099759648384906,0.875
193,0.16454573364329167,0.26990490760998753,-0.1765829138822738,0.875
194,0.19096754304935928,0.26537507066783456,-0.6395426833205058,0.828125
195,0.12435520607989474,0.2471164644432965,-0.07482268007316278,0.90625
196,0.12806887237155487,0.22978727962891252,-0.0048480082714311805,0.84375
197,0.19279502958638095,0.25653340960091875,-0.5310728265663103,0.828125
198,0.13519540655916126,0.2476517675548867,-0.17747940773539733,0.859375
199,0.1236250746407783,0.2562691234887872,-0.18577452545833686,0.921875
200,0.09038481737497732,0.255266627863766,0.2809825952891447,0.8125
201,0.09010280620137917,0.22775938969099843,0.4375994597898132,0.78125
202,0.11460471526250725,0.2688491615047616,0.1888116152402295,0.875
203,0.059188992829831276,0.26360036994661445,0.7221618344703661,0.890625
204,0.05865732287158933,0.2571735193059378,0.699340933814582,0.859375
205,0.07164216493563506,0.22868563200113104,0.5827430010270596,0.859375
206,0.11829212509063954,0.22355196183276038,0.022855015459811816,0.84375
207,0.10769217350630877,0.21764608336175037,0.2045205294537245,0.84375
208,0.04626318297408108,0.2147018305285653,0.5892306074098068,0.890625
209,0.14649246153477716,0.28252696662472737,-0.34799722268279976,0.9375
210,0.10961761283828748,0.24527359027421589,0.07727274524001354,0.875
211,0.14743674729320935,0.2699027089114277,-0.45497029449524096,0.890625
212,0.18126480980472412,0.23775618501454665,-0.6434290525516615,0.796875
213,0.1628236094374753,0.24382582379404796,-0.21793024401077837,0.890625
214,0.11781691582268976,0.2782741859522177,0.12070224977109742,0.921875
215,0.13898176324475153,0.2814084183283278,-0.3103032153030228,0.828125
216,0.13053347814273247,0.2195077492858825,0.1853276698821249,0.84375
217,0.18456797102656297,0.2552925124083325,-0.4130656725231184,0.84375
218,0.14477520295445298,0.2629673279749353,-0.1544470351898579,0.84375
219,0.09990262935132747,0.26086929578294876,0.03116343693144555,0.953125
220,0.09491170624603144,0.22795087187116472,0.21324718277159424,0.9375
221,0.13436479876783491,0.2500164787801286,-0.12158773214734525,0.890625
222,0.20103517162027595,0.19682711501699446,-0.7798279599172979,0.875
223,0.17529310102075624,0.21544970646246356,-0.5818020258994063,0.796875
224,0.12871306791586287,0.2137087188528776,0.03757239410297912,0.84375
225,0.1342644468071091,0.2485840896101812,-0.013720878563752894,0.875
226,0.18862853630311935,0.2695783483478423,-0.6921582155311388,0.859375
227,0.2131489705277233,0.23771768456066977,-0.831638079760638,0.84375
228,0.23495504330714204,0.2355976764208995,-1.1984339234720915,0.796875
229,0.18196431594635143,0.23440240635488407,-0.47796553808218734,0.84375
230,0.15401941501738137,0.23125222137358933,-0.17877964006356326,0.84375
231,0.12925589000186022,0.25791444851612033,-0.19273002258677602,0.875
232,0.15847318951472658,0.27655691389646725,-0.29600854111990216,0.890625
233,0.13884120277975606,0.28585111505405764,-0.20347083638193894,0.796875
234,0.12125610340586253,0.2513227752422246,-0.0026133089371636296,0.875
235,0.1293313328839105,0.2531515702734597,-0.046339000025634756,0.90625
236,0.15083406123363702,0.2437805754708647,-0.08697427923251508,0.890625
237,0.1481734584116473,0.24212640253325723,-0.1902277982324646,0.859375
238,0.12471579097527385,0.25565587515401483,-0.08528101335977975,0.859375
239,0.18029669411755134,0.31425581672332775,-0.7958651150642541,0.84375
240,0.19657714417225916,0.3349010207776065,-0.8857600501126961,0.8125
241,0.17959264619560114,0.3029146949163562,-0.7631401743531725,0.8125
242,0.13428919525538682,0.2680822626920953,-0.23820483905006867,0.84375
243,0.11905566728223971,0.23669473915594455,0.010869445391807567,0.921875
244,0.1311002484663579,0.2596078974621965,-0.032207962653251675,0.90625
245,0.1815356146894945,0.26784738669893887,-0.4630236645697954,0.828125
246,0.14545722856649837,0.24394099026054175,-0.1606922856181002,0.859375
247,0.205663015160217,0.30456508330994264,-0.9101467466105597,0.78125
248,0.15604923806749207,0.26242250287088414,-0.220882253251234,0.9375
249,0.14748289465638403,0.2748286733740139,-0.07465842852617022,0.828125
250,0.15250208129003243,0.2503749045632078,-0.1595062379652056,0.890625
251,0.17023191255473502,0.23845158559922772,-0.20593106470008982,0.890625
252,0.1642989927140168,0.23371057319936986,-0.29818129069584287,0.828125
253,0.16559616137072472,0.24093587633053767,-0.4401860724073105,0.84375
254,0.1423983295434282,0.3031063346167266,-0.2206309941458379,0.890625
255,0.09117370427085343,0.29111721136886604,0.11154951122015494,0.875
256,0.03735073022266944,0.2739072579879971,0.6605830717649864,0.84375
257,0.11872264153340772,0.23480680542012664,0.007614315119026188,0.890625
258,0.149211197293491,0.25540562084249924,-0.4687071242512141,0.921875
259,0.14242303696184996,0.23747072033187144,-0.29430528158955094,0.765625
260,0.15323113374044858,0.26557786990217563,-0.42080526505652943,0.859375
261,0.10173676754498961,0.25756135727699564,0.07741435183770175,0.90625
262,0.0891808926917011,0.2204400795694109,0.4891702681778116,0.859375
263,0.08609221460635191,0.21258918665154625,0.6572567462725696,0.890625
264,0.1852220648656658,0.24528147269683767,-0.6378447793433515,0.796875
265,0.22420269883191768,0.28236605993860836,-1.0385516026398636,0.828125
266,0.16804156454382205,0.23893252286771716,-0.16451371724045805,0.765625
267,0.16398025423721874,0.2910704954166729,-0.23750276761633693,0.875
268,0.10907517417075568,0.31051787073823817,-0.03960644247106128,0.9375
269,0.06975558414184856,0.29980142548533023,0.4870082763769607,0.875
270,0.04235012051684064,0.3060219373207325,0.8217219982386649,0.890625
271,0.09739543733812994,0.2474520783310886,0.15422974820696178,0.90625
272,0.14635644256916,0.2482975423876668,-0.36419331755063866,0.921875
273,0.12241104231055089,0.2607956522327301,-0.2750034081269372,0.859375
274,0.10796952032249248,0.27858294542057876,-0.11239130282393486,0.921875
275,0.06443163787635403,0.24849891479468522,0.34491374716561146,0.921875
276,0.028496361596101572,0.21501511540035145,0.9822588509563339,0.890625
277,0.06602702864938619,0.21037904341006386,0.7740904150771153,0.875
278,0.19029420276234107,0.271490806868749,-0.829660426637799,0.890625
279,0.13976884108203588,0.24407508920564872,-0.23761767653539104,0.796875
280,0.10318050421364572,0.22983110146440344,0.07433328817411906,0.890625
281,0.12980187158982265,0.26521519045489056,-0.06664842056094408,0.890625
282,0.19384785151701844,0.29554745076176286,-0.7932397103636245,0.875
283,0.2450831796691989,0.31248274574695195,-1.2909560729377443,0.890625
284,0.24152266949381454,0.27493597267651865,-0.9689773179803663,0.78125
285,0.20572097338084694,0.27374550021221783,-0.8141702813940709,0.828125
286,0.22241394675835321,0.30777464178768565,-0.8327762177474403,0.875
287,0.13205496404876657,0.23354971598997495,-0.07164122359809107,0.8125
288,0.13912733823056514,0.22029130007026743,-0.036423497348117874,0.78125
289,0.11914033039620421,0.2552849209193971,0.060272550850486196,0.859375
290,0.12705398953018424,0.2483791979046008,-0.05191497483249737,0.921875
291,0.137192244510652,0.2763452899992394,-0.1582573126762884,0.9375
292,0.12627792524286163,0.2614940344683001,-0.01404051877268955,0.90625
293,0.07385463491612503,0.2722707155192903,0.3710664360653509,0.9375
294,0.14429238542363795,0.2750940974473829,-0.24583276398260698,0.890625
295,0.19929145851645932,0.2887377419430394,-0.6375705146671075,0.921875
296,0.13610295624044663,0.2438455739508676,0.13921780850819898,0.8125
297,0.10992803263324628,0.2259476362003688,0.3619342212254613,0.875
298,0.10091555671502415,0.28356906778650476,0.11991637179209691,0.984375
299,0.07364548248583308,0.2756194730210711,0.3745065173406918,0.90625
300,0.08945475724850853,0.24645457532784723,0.25068840775901624,0.859375
301,0.1048326499773421,0.25370827173635296,0.10068905000021273,0.890625
302,0.1622741114944781,0.24399333075878374,-0.20885474177938712,0.875
303,0.11816452508877724,0.27409535485590875,0.09784584352000597,0.8125
304,0.15534647862825995,0.2768800391017265,-0.31180201224679105,0.84375
305,0.1348460333796309,0.23640555338372662,-0.0401981684953575,0.875
306,0.11459838949947047,0.2630457939368889,0.021032216825631007,0.921875
307,0.15308755668242682,0.27185441435769286,-0.22906978010409315,0.8125
308,0.13815578204217105,0.27997409366604104,-0.26975093050944693,0.859375
309,0.16560316222354043,0.2596367901955797,-0.40879153800178386,0.890625
310,0.1708511016059843,0.27672937558242094,-0.33504897839711584,0.875
311,0.16392858173850774,0.25265733716617383,-0.4503258646087139,0.796875
312,0.16648258907038885,0.25534163276043254,-0.5096401619500788,0.84375
313,0.18533193997407152,0.31654095576720004,-0.6407802429847498,0.875
314,0.20377663720404438,0.29104566661941234,-0.5631100755396015,0.8125
315,0.15215887489539012,0.30273697928797033,-0.32663059388490323,0.84375
316,0.1992041783222628,0.283836763622989,-0.742244377684214,0.890625
317,0.16827758112194036,0.30636471646619684,-0.46078877851490985,0.90625
318,0.17613452975998553,0.2849236600796287,-0.6599389462421239,0.8125
319,0.17051888818768865,0.2974875574803696,-0.46145784136196394,0.90625
320,0.15868601650296987,0.25736586441326276,-0.34835456757524363,0.859375
321,0.1694241348397287,0.23926165075630493,-0.3917930079075178,0.90625
322,0.1804925465846399,0.2515631320641909,-0.5382479023669827,0.890625
323,0.16279491409806865,0.2622777152075531,-0.2947156654492551,0.859375
324,0.16466597577606779,0.2510076684886559,-0.31385205204342004,0.8125
325,-0.023893149131719263,0.28810100675232025,1.3323907527855765,0.875
326,0.01739544158102878,0.24406265293909987,0.8186386160147202,0.953125
327,0.05550342950856416,0.28271778577391965,0.5617661763491367,0.921875
328,0.06701096384902658,0.24901360994674035,0.4719289796883873,0.890625
329,0.12139549610486229,0.28072907018461507,-0.24282211964628997,0.828125
330,0.14232021811199538,0.2614972027901336,-0.2682906430555959,0.890625
331,0.1856904007220087,0.3013366424526317,-0.5342915459962077,0.921875
332,0.2174555169436856,0.3086777225421748,-0.746319459813436,0.78125
333,0.24207162258008322,0.2996048287406446,-0.9557203529618176,0.765625
334,0.183645927327587,0.30409123183128334,-0.44513515878140014,0.890625
335,0.14239681114259384,0.2729420158251934,-0.20645379191736904,0.875
336,0.12473154382801399,0.2630100679699176,-0.07734599381738355,0.890625
337,0.12287510164715625,0.21965301792720016,-0.01875001636983917,0.8125
338,0.13435435238574328,0.21387350874092184,-0.0774796556873226,0.828125
339,0.15650611113610427,0.28853442587344674,-0.27664243508135894,0.859375
340,0.17434570260533486,0.2746778977636859,-0.44184419045092665,0.875
341,0.17742726056156208,0.26290081357684025,-0.5097982468858102,0.859375
342,0.15075287955133673,0.2558265140821075,-0.2600135371933963,0.84375
343,0.1435537171000716,0.28860422400903696,-0.2664703421834045,0.890625
344,0.05442510066927502,0.25562951874464407,0.7467783153863428,0.859375
345,0.031231448016078255,0.25015638160817183,0.9395766315721761,0.890625
346,0.08692310937915478,0.29714616405183625,0.4705172863953264,0.921875
347,0.1184602373695358,0.2841062859987891,0.22327059197682586,0.921875
348,0.17381959991094675,0.26523879257997907,-0.40608426390989466,0.8125
349,0.1349666040821763,0.2872388820370419,-0.09654659793093222,0.875
350,0.14748480417910254,0.28091922769117045,-0.2330546003917854,0.828125
351,0.29505296375363493,0.28514462420068715,-1.5282894824601334,0.890625
352,0.23631018352644065,0.26261545284406507,-1.037150229869107,0.875
353,0.32089382968184227,0.32893062107890353,-1.8540667150194359,0.78125
354,0.24045249014347383,0.3074634633437166,-1.076288362815033,0.875
355,0.11407981354687831,0.26530817941179735,0.07607385728933684,0.875
356,0.172759209566853,0.27775108539296367,-0.31244506646028863,0.890625
357,0.16291809146269068,0.26528676972631665,-0.009176251265656105,0.796875
358,0.11418753850239953,0.2545603307086893,0.19429083284389015,0.875
359,0.11381574323134651,0.265276293743428,0.2367931828059989,0.953125
360,0.08175703234181265,0.22278630014612333,0.5550023991100801,0.8125
361,0.1139484605171726,0.2665600845859357,-0.08776379847445816,0.921875
362,0.10093057737531685,0.25523742313853065,0.08406552371826223,0.90625
363,0.13796570575089165,0.29332843708779627,-0.18568881008165267,0.890625
364,0.13956121230046925,0.291886067440382,-0.15430586081402972,0.828125
365,0.1090102079933994,0.23468897714018203,0.2582849448041346,0.859375
366,0.08447007386161166,0.243661878140401,0.29367520106542816,0.859375
367,0.14958784745061307,0.24583131708794678,-0.2143143313091852,0.875
368,0.14827463739966643,0.31208011108206385,-0.10288459459501889,0.796875
369,0.08361380773436487,0.21911053222821417,0.5322649689313862,0.875
370,0.09121546425724512,0.20892198187475763,0.4400663247999876,0.953125
371,0.0710293569605889,0.23235659215117532,0.36182558701323264,0.890625
372,0.0831666347401415,0.2218718907157302,0.3261402623053901,0.890625
373,0.11072582947725373,0.20980596816799912,0.1276095262852665,0.890625
374,0.02206003078718173,0.19489443001161266,1.0784062455552943,0.84375
375,0.06468123549725675,0.22613793549312658,0.621873643819647,0.875
376,0.05538653307057009,0.22543319776540138,0.7051992781822587,0.953125
377,0.06927276602773863,0.24695159131771552,0.49576016196807554,0.859375
378,0.06445813837073856,0.2301238749072211,0.4904539065360697,0.921875
379,0.12284816080895374,0.29094343577385845,-0.1000107494672374,0.90625
380,0.18008635250322066,0.2725526057782203,-0.6402067377733741,0.953125
381,0.1512885566675637,0.30240014121126474,-0.444233759294112,0.828125
382,0.09954416689744632,0.3228926707736374,0.22578319347044082,0.828125
383,0.07988467293443943,0.301927766175611,0.29401153814707237,0.890625
384,0.14157860892798665,0.25443114898640967,-0.16628989970580454,0.921875
385,0.11340835529521764,0.2390959683519379,0.07050600647366279,0.953125
386,0.10331459943826544,0.2578617657809757,0.10293548709372749,0.875
387,0.13039648328594391,0.2591779171883068,-0.22305005819705032,0.828125
388,0.1374980366957805,0.2538119567218084,-0.09956872701236105,0.921875
389,0.14479398943092966,0.21653123993230294,-0.19267116440161614,0.890625
390,0.19148815234570224,0.26546582648617606,-0.45109008312242227,0.890625
391,0.18518329071114525,0.2867071688917333,-0.5064073617783675,0.8125
392,0.24474965645368438,0.29389635645408396,-1.0961078613643915,0.84375
393,0.24237851855075498,0.2965853904888828,-1.0945681410929495,0.84375
394,0.27713942319616,0.2648252642252141,-1.287922955703786,0.8125
395,0.2447064605263577,0.27281731872994697,-1.0714726647653527,0.828125
396,0.23117304598695176,0.25627558010321855,-0.8225817309732736,0.84375
397,0.1792697029985786,0.2363097270463205,-0.3920194029086824,0.890625
398,0.1517819623935109,0.22873095521936673,-0.059176285428825255,0.78125
399,0.18682569429904652,0.295948961451885,-0.6346585674796036,0.859375
400,0.14553987056955567,0.23290742087563276,-0.145876748852602,0.8125
401,0.1294999804344283,0.22732256381666197,-0.047878427689684484,0.875
402,0.14862999505777277,0.23288426086733302,-0.0799955118106753,0.9375
403,0.15604325745180384,0.22660792412706843,-0.2579541186341271,0.90625
404,0.26015481798151585,0.27674121112258004,-1.12286967751068,0.90625
405,0.2039281539790059,0.24703637161499917,-0.4047182692086097,0.828125
406,0.1573337276048862,0.27601355416147283,-0.27910903286066346,0.8125
407,0.16597065578595144,0.2816568583986006,-0.530634906120429,0.890625
408,0.11275072634922938,0.253570950426898,0.04358035017262333,0.890625
409,0.12422688198440246,0.20266858654264122,0.14868317330274222,0.84375
410,0.10658011171438984,0.2035164543593333,0.30866845091406925,0.921875
411,0.10750977678823738,0.23270691704148128,0.2162277064955269,0.921875
412,0.00683033602425948,0.21224162294962748,1.0528042892672986,0.953125
413,0.11836000051631246,0.2455840015052498,-0.058060036866543485,0.921875
414,0.0950786903445956,0.2531352325272127,0.15548394573169377,0.921875
415,0.10529588207813728,0.24379326917691815,0.09296644115029358,0.859375
416,0.15964985877498478,0.23815754645995735,-0.0477227273097903,0.9375
417,0.20973058887282225,0.28525280143232873,-0.7036880770335774,0.84375
418,0.18832959517750159,0.26318864943088444,-0.3868011588919816,0.90625
419,0.16515401851012582,0.2732135258085166,-0.3132376292994629,0.859375
420,0.16890525458149538,0.24940797532886047,-0.2643418350971406,0.875
421,0.13163088954836902,0.23310138251055948,-0.037597917879101286,0.9375
422,0.1599918943180418,0.2407883521820168,-0.3620707591874287,0.828125
423,0.1167636204485003,0.24750729381920247,0.12683530220899414,0.828125
424,0.1147499013087021,0.2420330640716516,0.08218858689332925,0.859375
425,0.10736484333266509,0.24574600280374215,0.2337120229462185,0.890625
426,0.07210167466011978,0.2049368554299218,0.6107844714018237,0.890625
427,0.0718126887485594,0.1960250577534015,0.5493345973502838,0.84375
428,0.07601445555820548,0.2110844908798313,0.7357439265473459,0.9375
429,0.0627263801534288,0.29349412565512273,0.39588286542060125,0.953125
430,0.079646115266637,0.2671048450966526,0.3281307307084853,0.890625
431,0.1001046421526292,0.25564471507978714,0.10323105812863126,0.859375
432,0.197178962396699,0.2853509389834366,-0.6613241987875826,0.828125
433,0.18553717728952,0.29901649281835535,-0.6119154711661935,0.734375
434,0.1772721658815155,0.2660849251587562,-0.5042090755659415,0.890625
435,0.03321923860012816,0.2587239337794689,0.5558921901445484,0.890625
436,0.06618323163549916,0.22295008000765368,0.4284316703366148,0.90625
437,0.0412721487603987,0.23427853108513177,0.7080389954079542,0.890625
438,0.11578937219370126,0.27458989567983516,0.15020222347625328,0.796875
439,0.11646787184803438,0.20808428319269864,0.2109697956194661,0.84375
440,0.13134712230547765,0.23475219905582423,-0.006807100272114293,0.9375
441,0.12735103552820878,0.279833125066836,-0.062138782779926564,0.859375
442,0.08973225949207608,0.26112387481108335,0.29377924970700386,0.84375
443,0.14392373798478522,0.27956519466826596,-0.2562973688329188,0.9375
444,0.12732322259333803,0.2631457365978888,0.022427234344705817,0.875
445,0.1958372840361159,0.2510160105379954,-0.5604168274532875,0.8125
446,0.1779850054258684,0.29859267516171906,-0.24462332572647477,0.84375
447,0.155496020502879,0.2803684664266037,-0.2616289765083707,0.921875
448,0.1636574590283969,0.25547735235365865,-0.2785889459651345,0.859375
449,0.14622470288343456,0.2603770530958324,-0.19159463609588462,0.875
450,0.13037709564882147,0.2538474699323971,0.018604598018678465,0.875
451,0.17011058910182777,0.27854926809150804,-0.299726543899603,0.90625
452,0.15485436246634454,0.28699664913580264,-0.32975575537498103,0.84375
453,0.15471302853557842,0.28764632693776154,-0.1461487449822517,0.84375
454,0.07280107837900339,0.25335203831629965,0.5397672235480504,0.90625
455,0.13265641635000633,0.2665096211774474,0.11908780336664604,0.875
456,0.1205078301759851,0.25692795216716996,0.182130621347911,0.859375
457,0.1839188500083154,0.27972678606837714,-0.4062084784721233,0.84375
458,0.11918098072503479,0.26899555677333614,0.1755505509282264,0.78125
459,0.08637578045016443,0.24413069447791372,0.3584106971615079,0.90625
460,0.08485930649814892,0.2618043375259213,0.4317801225813316,0.921875
461,0.1020048915812154,0.2636740621617481,0.06349251629739214,0.84375
462,0.1528853298150659,0.25648140730254226,-0.23919971015274197,0.84375
463,0.1067385576612394,0.2569880049249554,0.32912710848756627,0.90625
464,0.08840849507696956,0.29308313390574237,0.3995308931771708,0.890625
465,0.09756779398444188,0.25989857912262887,0.3232407183856333,0.859375
466,0.11530369196771878,0.2521581527075399,0.01927074532441579,0.9375
467,0.11118383645589876,0.25424971267919144,0.24582621619931377,0.828125
468,0.17809851429456205,0.261615587484775,-0.457039874949882,0.90625
469,0.13870281325219444,0.28929394796888247,-0.15928133962808444,0.921875
470,0.15517817072338608,0.27286079946181574,-0.3063808298854664,0.890625
471,0.11837814611057453,0.2525990906176443,0.003896515181883109,0.84375
472,0.13965632536689201,0.24518720924440393,-0.1502119930060281,0.890625
473,0.17910458043419655,0.25273845445918774,-0.39287289782889556,0.875
474,0.23133335597193697,0.26667207650627595,-1.1959627348111113,0.875
475,0.2206811929111273,0.29103794035759595,-0.9219815296812099,0.828125
476,0.27122810654470714,0.2970096207512993,-1.389627915956909,0.90625
477,0.21164355240277158,0.2599922059232616,-0.6691711639410342,0.8125
478,0.06954743809883318,0.23703228502971704,0.49308578459521457,0.796875
479,0.16887561767105774,0.24610709356225335,-0.34979019466121475,0.875
480,0.17289086042147725,0.2764379493894045,-0.4134593557354493,0.875
481,0.17197480855608313,0.2765311529992332,-0.5844033444057176,0.90625
482,0.1547402538641788,0.23909379116636117,-0.34714031069612583,0.90625
483,0.11210080721184083,0.2928947143154616,0.08915510574922804,0.859375
484,0.13132885956254545,0.25393800214099477,-0.06042770492506775,0.875
485,0.0743879884666307,0.2184061955946557,0.21900939659244978,0.90625
486,0.13863488985219993,0.23703856461011666,-0.14922826951150905,0.859375
487,0.08645239657782462,0.26159769213160394,0.3199043074572888,0.90625
488,0.1008099541510698,0.29234242458411647,0.22546959299196784,0.9375
489,0.08057588248895362,0.24585395554453515,0.5813982408840497,0.875
490,0.07702957052344023,0.31208923076558676,0.3186255220011369,0.90625
491,0.11394953893865502,0.24180258935807644,0.09604158273917626,0.90625
492,0.09751651900550111,0.24083746768786943,0.26966380390245104,0.890625
493,0.06219404735342684,0.24029144162820523,0.5312678884183997,0.828125
494,0.06451333377110402,0.22798775918619843,0.7475484259393255,0.90625
495,0.04411662270189078,0.24149634123357502,0.7420321856551062,0.859375
496,0.009719565631926259,0.24216834471375784,1.0195418073511204,0.9375
497,0.10695708381583668,0.2148827670038382,0.297531793226732,0.875
498,0.16220004548358516,0.2732020158178216,-0.2184244224381971,0.875
499,0.085020014165699,0.2771079633325417,0.5396153305191612,0.875
500,0.09583261363549128,0.27033468302636104,0.36630902558408857,0.859375
501,0.0833028834583158,0.24314060334693524,0.39916432856940215,0.859375
502,0.03553527951403578,0.228079238263885,0.7672018828256522,0.90625
503,0.10505282076604804,0.25785005963844754,0.15163894417444113,0.90625
504,0.09287206599647968,0.24050433840182892,0.26685369996500696,0.921875
505,0.11416446451885438,0.2593910881366253,-0.09397551490626287,0.890625
506,0.13430740156256693,0.24891061678329854,-0.15684302017849366,0.921875
507,0.12127623017336624,0.2059053570860602,-0.0614653721660848,0.859375
508,0.12845746523521256,0.22760133962302173,0.050196906437341426,0.84375
509,0.1174109435307548,0.25096130336097405,0.08499064299446299,0.828125
510,0.12570557962575055,0.25859769406435557,-0.056858471478894515,0.859375
511,0.11204124365668583,0.2556823185046602,0.07596603428887419,0.875
512,0.1513294108202262,0.2882830163243025,-0.24572280923378625,0.90625
513,0.15284364976547607,0.2699338022723034,-0.22567871315406093,0.875
514,0.09457824661472647,0.19970283386533572,0.38669004974569426,0.890625
515,0.12365139746782021,0.2728219315462082,0.030732577078227446,0.859375
516,0.13275488022195717,0.285421250579389,-0.22335946623796324,0.90625
517,0.06438430235992806,0.24609937524622819,0.40263760364216705,0.90625
518,0.15924798511280028,0.2516820041019614,-0.2541973173044819,0.9375
519,0.1193739260786243,0.26152733903033165,-0.06021940337393502,0.875
520,0.06129966088279278,0.26448618053846323,0.5935204216148687,0.890625
521,0.043395722406908366,0.24774129461747485,0.705042161479427,0.921875
522,0.015095720591707098,0.224859871115505,0.9956319976840315,0.859375
523,0.034827977856993715,0.2274203207467227,0.8150150226547859,0.921875
524,0.047803270764478156,0.2692206664473882,0.5866739437743287,0.890625
525,0.08975005806294944,0.26738019255478135,0.21000556770999884,0.90625
526,0.10286345115800725,0.3094483678270039,0.03423636059636838,0.875
527,0.06887920661891485,0.23443038571384445,0.5595592780658172,0.90625
528,0.14567099261142546,0.24527787941386983,-0.16759595109057776,0.84375
529,0.18264273264878708,0.2427915507959031,-0.5074824995414418,0.90625
530,0.0880527724844153,0.2365709757757689,0.31058165459382114,0.8125
531,0.13103194430968243,0.2288787896972031,0.12023019198721249,0.859375
532,0.08589853693777412,0.23148757434772238,0.5113881718879437,0.875
533,0.06957116066999151,0.22460456306598595,0.7410057436900532,0.90625
534,0.13866518493466826,0.261464326182066,0.14582221842463247,0.875
535,0.19187292073879267,0.2974245670471102,-0.4546816966226223,0.859375
536,0.15774056614497292,0.23735950857404486,-0.14120979398189046,0.90625
537,0.24354528852289037,0.26361127522477285,-1.0136798940851188,0.8125
538,0.2527797136310093,0.2849121530256989,-1.1980165890373387,0.875
539,0.2451849754094965,0.2557582132782712,-0.9881115614434485,0.8125
540,0.20807978009139547,0.2442998666788453,-0.5515326416732108,0.84375
541,0.1661272147192205,0.27295984455661576,-0.4541087423179251,0.90625
542,0.14149779149837144,0.29208910356916734,-0.07632231090024837,0.875
543,0.1469153445827346,0.25847069976637743,-0.0053255084633276085,0.875
544,0.12236330230730397,0.24162463802912892,0.2320562478076187,0.828125
545,0.16139975004291784,0.25641162580489874,-0.13039218790775245,0.875
546,0.18193032259054312,0.27001927081360283,-0.4117292921386998,0.890625
547,0.20776122202102063,0.2835697209007441,-0.6858878751492807,0.828125
548,0.18304237436781565,0.2720064736749513,-0.629348618930851,0.875
549,0.11021438106146297,0.22990916941527695,0.1537754646345844,0.890625
550,0.13128862790042276,0.30738070171583737,-0.14623793504096844,0.890625
551,0.11993697031644202,0.29370712507870245,0.07482624658341319,0.84375
552,0.08198082686447684,0.2741525047816582,0.3725666538479111,0.84375
553,0.06116555952864216,0.26529113810129623,0.5812871664822419,0.984375
554,0.07480525900718987,0.2190198428588069,0.523532904278344,0.90625
555,0.11199592968114425,0.2756681892698654,0.017496037335288147,0.921875
556,0.11512993502002893,0.2829823743085762,-0.05414376176086107,0.796875
557,0.1071495941737259,0.25166343533987856,0.1290925973338203,0.90625
558,0.11686017041289844,0.243444229769176,0.06572336699503528,0.859375
559,0.17764583362776196,0.27689205401367606,-0.5195336774849401,0.9375
560,0.19953780002279808,0.2596979103169346,-0.7614135705723165,0.859375
561,0.11329452377117899,0.317128927943542,0.02151701426688464,0.90625
562,0.18360012769249665,0.32105733174344026,-0.5062096996358407,0.875
563,0.17616724628443356,0.2530474122034163,-0.36095439604399787,0.875
564,0.161077545524462,0.25453386012225615,-0.29308555561793026,0.875
565,0.2059297527303012,0.24785383287193583,-0.7103889168158561,0.84375
566,0.21831608401969507,0.2738921122890589,-0.9625141231231895,0.78125
567,0.13708620015909861,0.2560757273897622,-0.04216950932600784,0.8125
568,0.1487624923559376,0.20960433836930395,-0.06835388952251886,0.890625
569,0.1675940237659286,0.2483457506841706,-0.44204174088390386,0.828125
570,0.11048989486061149,0.27306123975106067,0.17258990640385327,0.8125
571,0.10956121862481039,0.26201355237567797,0.05358415870428857,0.890625
572,0.03784273406628655,0.2267854958877945,0.7750270675122801,0.9375
573,0.034443883508387646,0.2315389742460557,0.827870179310819,0.96875
574,0.07540512155958513,0.2241120051261988,0.5913251830476121,0.96875
575,0.1616645999191957,0.23180710052384335,-0.3835070879773645,0.90625
576,0.13895690467554875,0.2589621733668352,-0.0845983739962548,0.8125
577,0.12854513050235208,0.27603231654516275,-0.22627061843361884,0.84375
578,0.1518167623751047,0.2999298953130088,-0.34847067914647356,0.890625
579,0.18576686070823556,0.30342181440609245,-0.6982815350144532,0.8125
580,0.12208847487202863,0.2651652874251608,0.00874832301308609,0.9375
581,0.08806220900749934,0.26599701046003205,0.44144524029310583,0.890625
582,0.07733628478010317,0.2772388607963767,0.3397467263191641,0.953125
583,0.0873165888671757,0.20738907877653912,0.31427611333473365,0.9375
584,0.12833820059810802,0.2575310001472249,-0.11708187179768328,0.84375
585,0.20124155265553437,0.2534680018959154,-0.7410597093578964,0.875
586,0.19166849279627993,0.2751321384899144,-0.8429776995565501,0.8125
587,0.14260776354543725,0.2578639043659954,-0.1938439003458973,0.859375
588,0.11224340045850394,0.2622177105114564,0.037008933406278,0.90625
589,0.08164107226478455,0.19905595681041585,0.44885425966685044,0.953125
590,0.07837346421983414,0.22462180700889198,0.3425051572380931,0.890625
591,0.12574511706640346,0.24156645394956375,-0.2674141735438673,0.890625
592,0.08060875387915047,0.23427370771594722,0.43664157741219894,0.8125
593,0.06213610135480794,0.2794669022492705,0.47927620540795474,0.859375
594,0.0932222293369357,0.2971976790937732,0.042018593702647704,0.890625
595,0.1315221834234819,0.24617149215685466,-0.1745117353887697,0.859375
596,0.13818778460279801,0.23499886143471563,-0.07535853597065904,0.84375
597,0.15667727141852547,0.2652991762449494,-0.1984965596274778,0.796875
598,0.19148948344513136,0.294493467081064,-0.6318953659161083,0.84375
599,0.17947760700127538,0.2536196940713629,-0.3865898196337947,0.90625
600,0.12913230170895626,0.24363953288339482,0.10232847840893658,0.921875
601,0.12973164143511867,0.2608498562387119,0.12832775659652296,0.890625
602,0.10411938700080259,0.2747448185637777,0.26615381191837517,0.796875
603,0.07431633300855654,0.2706505248794668,0.4824885099576031,0.90625
604,0.05165758969399354,0.24139115354896234,0.6581011035019646,0.921875
605,0.08678828064292686,0.26711612643429383,0.38010814208473204,0.921875
606,0.12070669502298398,0.25784053686417246,0.09864713227266277,0.890625
607,0.134436520824985,0.24741535668603945,0.11318344167315172,0.921875
608,0.13936958143220693,0.2322568070021744,0.09110757468316943,0.78125
609,0.09706315008882276,0.214408855294804,0.36479020561370884,0.890625
610,0.155896282057417,0.2854832550768534,-0.36164133947084925,0.84375
611,0.1346191274472336,0.3030719302355638,-0.12996434785439198,0.875
612,0.12349705432755477,0.25892901279475866,0.008607920538603903,0.921875
613,0.059814472907050574,0.25838015937897374,0.5257353728171733,0.84375
614,0.19824303411705668,0.2737692840052844,-0.785672431247987,0.859375
615,0.17362021823906904,0.23803265292116146,-0.5098682424026757,0.875
616,0.155984142063147,0.2720581493000432,-0.13322360106059625,0.859375
617,0.1000262148040375,0.2955807784742807,0.289735999808015,0.90625
618,0.06850852315524024,0.23009446752557086,0.3055086582643882,0.921875
619,0.10893744387576937,0.22091184337837586,0.33954327196585754,0.890625
620,0.07530280707020841,0.23169787082894958,0.6178141360105203,0.921875
621,0.12529088178452594,0.27429209558690215,-0.07332721387819918,0.875
622,0.08016155366767846,0.24788455431577738,0.27476142172554563,0.890625
623,0.0935741043430091,0.24191933183822178,0.26981233314636777,0.90625
624,0.10044050603587384,0.25091198664322634,0.17987787129166474,0.828125
625,0.13185652918977114,0.2557789262563555,-0.01154661940235125,0.84375
626,0.08914092573950855,0.27228516929994595,0.26159649346943753,0.8125
627,0.136087920137895,0.25377666892921114,-0.30378680223079285,0.875
628,0.12526701344230254,0.24547718119293513,0.2853562893355283,0.890625
629,0.18074871487488087,0.22805571242902722,-0.2248270167571209,0.9375
630,0.09818709872261983,0.24060086509208653,0.7200342985491569,0.921875
631,0.19332637105502215,0.23080931830107346,-0.3339256527113666,0.90625
632,0.17209615205667936,0.245998121673328,-0.38607730534789714,0.859375
633,0.15347786249019804,0.26153406210948393,-0.15441873820179264,0.8125
634,0.20597098788429594,0.2822112246583273,-0.7461677678806348,0.84375
635,0.13226352293118318,0.2518109546952492,-0.15388833452109632,0.84375
636,0.09286945951525459,0.2710772669517885,0.3520136039713608,0.9375
637,0.11509528741174284,0.2725581490452342,0.24100379276493006,0.921875
638,0.13927732756706598,0.27030730906893913,0.007458349653124474,0.875
639,0.10280049553497067,0.28106163792781186,0.09734143867916234,0.921875
640,0.1018896567768221,0.27970740576942216,0.12161793891890238,0.890625
641,0.12084179677990238,0.21196972362522612,0.18435781878925886,0.890625
642,0.11183555356544544,0.23555098747492173,0.19536925652902032,0.828125
643,0.03593929052365046,0.23367861755146535,0.7250234636250448,0.921875
644,0.05384264853109949,0.2521008730985353,0.6088899094764385,0.859375
645,0.12836759880355084,0.22198937038138858,-0.14944213148313962,0.9375
646,0.12681124850805048,0.24200939232271979,-0.0065982453768920965,0.890625
647,0.18146567024662663,0.26387959512336373,-0.3638762689677153,0.8125
648,0.11257598745436836,0.24805855253009912,0.1526145984658932,0.9375
649,0.0731920659946075,0.25686368703277407,0.4542880797841141,0.90625
650,0.07050579021145964,0.2596201877369406,0.32172514002889074,0.875
651,0.07349506680749061,0.24140256095882506,0.3823582373856085,0.859375
652,0.07003243051261814,0.29511899362712707,0.443760530429538,0.890625
653,0.19121811179705464,0.2556879477235495,-0.5596116450564903,0.9375
654,0.21059316594621116,0.25191659443449727,-0.7806423347098737,0.828125
655,0.1849272935276525,0.2850203753846085,-0.5753969442975178,0.921875
656,0.11057950529526996,0.26975785006693465,-0.02560466614210668,0.859375
657,0.12630745286284809,0.26835738547569443,-0.052429207732790424,0.8125
658,0.17532928698413783,0.24891390199793242,-0.43365966193686617,0.859375
659,0.14321140306229263,0.24928236712017315,-0.2654264292760805,0.859375
660,0.11266214448505807,0.2525783918235609,0.02606452974755373,0.90625
661,0.13966003963580814,0.25948142611570557,-0.11404757125330749,0.84375
662,0.11692638015396402,0.2686760193758348,-0.04762276528009729,0.890625
663,0.07723834354477586,0.25274837340687184,0.4407154888983602,0.921875
664,0.15743727579984865,0.30134747568159953,-0.3300496792218623,0.859375
665,0.16078085164026143,0.2524695171889125,-0.4110002129660525,0.859375
666,0.19301135995273203,0.2953103971719046,-0.7047631981542388,0.90625
667,0.13870331375199033,0.2565628247036816,-0.19567405796201,0.890625
668,0.16519663892572453,0.2947752452526107,-0.5212862384865599,0.875
669,0.2461475034867382,0.28788992598705027,-1.0635206840192906,0.890625
670,0.2815380056941781,0.2839925460784548,-1.5154049447542124,0.8125
671,0.2425023729883077,0.2770647251724259,-0.8863720514148152,0.828125
672,0.17249070704209193,0.25431523128191397,-0.20226138908541116,0.90625
673,0.15436084893428068,0.2467520878491528,-0.2729297165569694,0.875
674,0.1402411495690856,0.2509404083174491,-0.1691403834466864,0.84375
675,0.08461777430338753,0.2724780736411487,0.16344291976921638,0.890625
676,0.14296759543081167,0.2824138183227931,-0.32676783706623796,0.875
677,0.10235182774707645,0.30658217896193485,0.07718654283928597,0.859375
678,0.05047629795904174,0.2440613366900819,0.63326124476635,0.8125
679,0.09413443684463084,0.19749121156027272,0.3050331064988895,0.890625
680,0.11132169753115057,0.19149388639238507,0.07406506261974108,0.90625
681,0.12273659036831364,0.24598081624178506,-0.10711152011120827,0.90625
682,0.028306532609767676,0.283304526174383,0.83892416934569,0.953125
683,0.051769579447258775,0.2168142055283779,0.7434196220769504,0.90625
684,0.03759554328661607,0.22357945087602552,0.7986426938678521,0.9375
685,0.11078976535677308,0.2457292788215456,0.0667392590870301,0.875
686,0.14843224089919846,0.2647421501820877,-0.3647830430485625,0.875
687,0.13636695893285197,0.2648571987481449,-0.09883192586487315,0.875
688,0.17153420840592726,0.24778861081646744,-0.37862111040293955,0.875
689,0.20596814151150836,0.25351503694867694,-0.7034653747258272,0.9375
690,0.10214202648382169,0.26062244319168487,0.07722211415201444,0.953125
691,0.0850940285058868,0.2460124887690538,0.27180153965938086,0.84375
692,0.13371676006719022,0.28562371906187684,-0.13491749351067017,0.90625
693,0.07030654307607488,0.26858892624006747,0.4991580641820762,0.84375
694,0.15106872030595345,0.2816841745631102,-0.22454864548598358,0.859375
695,0.19329305918278994,0.3058903867463984,-0.6748413622242707,0.921875
696,0.2037612024752431,0.2721707873754815,-0.5932586820290949,0.875
697,0.15557736426521543,0.27962956167125125,-0.4113425517732487,0.875
698,0.18434238468894773,0.27196588053006227,-0.530131700192383,0.875
699,0.11638002422262754,0.29651692214522246,0.09858523842266603,0.84375
700,0.11401878307153795,0.2750403119861391,0.190751715409959,0.890625
701,0.08244281413858641,0.25637388332795735,0.3536797108935401,0.9375
702,0.1123961466581384,0.2619181558021771,-0.0017408184499133617,0.875
703,0.12366857294707556,0.2830595407741224,-0.15280609437114942,0.828125
704,0.1494997241413482,0.2592789218792097,-0.23340264036882755,0.84375
705,0.14251113054278164,0.28768079105696054,-0.3591119740876722,0.875
706,0.14275897619467046,0.2341250899329647,-0.20009961751841743,0.890625
707,0.18972983200198076,0.2994335723799088,-0.7472679640695017,0.90625
708,0.1513041993282239,0.27563188673573996,-0.34583929137400243,0.859375
709,0.18011801134162253,0.29499447265074946,-0.7481842732767944,0.953125
710,0.18780866218758682,0.29325825237244973,-0.7713933105941547,0.875
711,0.1312689169144988,0.22914167975625932,0.003493388497568646,0.921875
712,0.22852427921940266,0.2270287721781367,-0.8587292865224436,0.859375
713,0.16980445844943978,0.23432859006709897,-0.37356700321236297,0.859375
714,0.13789950295063377,0.26274432977392137,-0.15852309024825592,0.796875
715,0.11203445073691232,0.24089985186849225,0.020253980879550625,0.875
716,0.1423731253621664,0.28618460683093344,-0.2037534171890061,0.78125
717,0.18004786980889328,0.2860198591635002,-0.48563189642230525,0.84375
718,0.15929398465852662,0.23823525169604512,-0.17296477757198112,0.84375
719,0.18916119460655834,0.27424698296345196,-0.652844972767544,0.90625
720,0.12425633831646656,0.25309734501289055,0.21428844545069722,0.875
721,0.15862521360004342,0.24820410169605286,-0.15640786961134082,0.875
722,0.14567330159836875,0.2842524225275236,-0.17675237144466605,0.890625
723,0.10425622489754867,0.30173078729092645,0.21907616667656826,0.84375
724,0.1453472330121159,0.3056253907134027,-0.22281805775490351,0.921875
725,0.17471581493712765,0.2894166724514528,-0.5536379399219371,0.890625
726,0.1774539509837787,0.26788607514697776,-0.6280341589358157,0.890625
727,0.21574149327455003,0.2576486340939342,-0.7908010759151526,0.875
728,0.15506925588951856,0.2459295811859656,-0.26793374866004194,0.84375
729,0.16879217814506844,0.2882091906637633,-0.42303390907369764,0.890625
730,0.09524106151437885,0.23326284059397984,0.4242572790575745,0.9375
731,0.05030951530531533,0.24667704136504076,0.5959126477180706,0.921875
732,0.012618847510815115,0.2607034962605281,0.8709283308952537,0.875
733,0.10441219421649837,0.24567599895897904,0.08067005921735086,0.921875
734,0.12380424064256197,0.232751829685143,-0.041665951190845416,0.90625
735,0.12590108634896297,0.253620928242529,-0.02582395199432104,0.890625
736,0.09466186020742855,0.27625438383500067,-0.010535010314154117,0.875
737,0.07092649359349992,0.24478500926777313,0.49212073387109795,0.875
738,0.10011845660335868,0.296205545404291,0.28660313761524725,0.953125
739,0.020512920174249567,0.2584834863402203,0.9029657580716409,0.9375
740,0.031004403468959243,0.29322575198236855,0.7375522222770574,0.90625
741,0.06103660876942928,0.2958087911836838,0.5406608559081406,0.875
742,0.10267276972157237,0.2741521727610647,0.17468239354380635,0.875
743,0.12702754459492874,0.22946365851778414,-0.06629900970880284,0.90625
744,0.09509465955620393,0.20338293550991074,0.3095374615721067,0.859375
745,0.10191909717652224,0.22173085861393857,0.20946013530853336,0.875
746,0.07524450445945152,0.20290609873490992,0.47003557226663994,0.9375
747,0.06561556673618843,0.20787748628435487,0.5146271087163602,0.796875
748,0.07087181845023661,0.21408464333102203,0.502823529559512,0.90625
749,0.10467146127645593,0.2893765234078452,0.12170964926631224,0.890625
750,0.09723885549396306,0.2419062804383544,0.2767565349862353,0.859375
751,0.10579392970878294,0.242651387560324,-0.0782369900977198,0.84375
752,0.11280332106308351,0.28306668159591636,-0.09318444007229389,0.9375
753,0.09211924918921682,0.24259900179022242,0.21755919300506937,0.890625
754,0.07389504093145016,0.2459472095708587,0.6174717034531458,0.90625
755,0.02942698480253897,0.25811996778937263,1.0905854300322597,0.890625
756,0.16085342022907098,0.26299343110553847,-0.012312693106458016,0.890625
757,0.13528681925630218,0.18800241632303752,-0.05727216431574546,0.875
758,0.07409734780364204,0.2198002090105442,0.44869281339857375,0.90625
759,0.10310492181631041,0.25310213772559514,0.06339449949123159,0.90625
760,0.12408170398973191,0.278289673859375,-0.0451215903768275,0.859375
761,0.09645943351920332,0.2462079358114647,0.20525813234375473,0.875
762,0.11921731545255713,0.23200466493415237,0.07323240007993945,0.90625
763,0.11311782567891317,0.2380350280082331,0.23665407466427027,0.875
764,0.12345834397097429,0.21273443779782975,0.18141640265086248,0.8125
765,0.1293341796880421,0.20304002409994718,0.003885249719343181,0.859375
766,0.13572281904736894,0.18793639771976536,0.09056956376325671,0.90625
767,0.17120173998403074,0.25030446679524404,-0.30313290678111826,0.90625
768,0.1365505708248692,0.2083680406167794,0.024749750749346017,0.875
769,0.08147034622522349,0.234602151071456,0.5075825110465941,0.875
770,0.05979129611840642,0.20518815846364413,0.737169673110322,0.859375
771,0.0641052575252504,0.2414142512658304,0.6525613112100941,0.9375
772,0.1261121774828294,0.27252492756527297,-0.0381831059883688,0.890625
773,0.2047668913161408,0.2450287039771608,-0.5881073033325174,0.796875
774,0.15661832037218812,0.27688858683972195,-0.32253789060350013,0.84375
775,0.1005968457469019,0.24784382175271438,0.2522824057583798,0.765625
776,0.12846590284145645,0.3155629219084101,-0.2715258450986987,0.9375
777,0.11851497702871416,0.26636670020521974,-0.10844828317016815,0.828125
778,0.138363088709061,0.25812161844075593,-0.25880130888384173,0.9375
779,0.1560602386900547,0.3040349756706761,-0.5314566688958366,0.96875
780,0.11785186459287844,0.2837760049416517,0.11768422749700502,0.90625
781,0.11736640497560151,0.2596748965105588,-0.10241128484868461,0.9375
782,0.11374834228646706,0.24103450544605573,0.05808419074770272,0.84375
783,0.13138835531948395,0.2707579104667098,-0.08469622130965226,0.859375
784,0.12737945830969685,0.24815771370112752,-0.12493540086596464,0.84375
785,0.11962133977635565,0.28948266355984026,-0.16088108035628276,0.890625
786,0.07578958458473718,0.21947224699502357,0.48963876912970183,0.859375
787,0.11108524672207738,0.20590187457889772,0.0880734279397893,0.9375
788,0.12010458759533434,0.2238059188923747,0.1794419667251775,0.90625
789,0.08776815612796358,0.21154200545291643,0.47403782405170086,0.875
790,0.14022814487749433,0.24524731370487798,-0.17569029206089148,0.921875
791,0.056884001261939876,0.25939058856401515,0.615318397450235,0.890625
792,0.09129488714238614,0.26033233336349887,0.19092224229177762,0.9375
793,0.04284414956313662,0.29034309342716774,0.5588449923301982,0.84375
794,0.06663982590146635,0.2837025130525633,0.3460906389920967,0.90625
795,0.10635600422071168,0.26012956250494557,0.04406894221434338,0.90625
796,0.17286488570280753,0.24751974558939796,-0.4955087992686554,0.859375
797,0.16162442754933015,0.25508898079056497,-0.36134571031863416,0.890625
798,0.12669068814131645,0.2275599681533124,0.14504745162178925,0.828125
799,0.21023379445687373,0.2502602377239837,-0.7476214975081857,0.890625
800,0.16547014274324154,0.26271663652500044,-0.380236153541385,0.90625
801,0.08267098043881675,0.2282504151066911,0.43256340109488883,0.9375
802,0.07235379035501517,0.22231112336780176,0.47229913322315015,0.90625
803,0.13239728174644447,0.25592399970598967,-0.003584880791899909,0.859375
804,0.1251650153278977,0.22041310389715454,0.039981787257111004,0.875
805,0.13761228206274242,0.2496181958147139,-0.10689124902129986,0.859375
806,0.11842563710918352,0.27416549276135377,0.1184967050620357,0.875
807,0.17101756616022104,0.24925392617428646,-0.4166173256368873,0.796875
808,0.1705312064521726,0.27108679036787453,-0.3071914293058527,0.875
809,0.20802201672402973,0.2637664208994077,-0.6732100046474572,0.890625
810,0.17175934757393418,0.23680559320879882,-0.31608118367028504,0.796875
811,0.15723988432346417,0.24357383982218683,-0.22349266084933658,0.828125
812,0.10563049982640649,0.24936667626082898,0.18739512520422497,0.90625
813,0.0894448858409676,0.26012410581366296,0.26830526265051335,0.921875
814,0.13744997272963808,0.2575683501228326,-0.13001391730311582,0.859375
815,0.1985265139129422,0.27456371298947585,-0.9271518910124664,0.890625
816,0.129697421555633,0.29571931229991744,-0.28748439450550467,0.875
817,0.11633140115036807,0.3087823862637241,-0.08098107024915997,0.875
818,0.09617771827595507,0.253858577270666,0.39632918154820285,0.875
819,0.1408619602362252,0.3224376771710071,-0.05909632903911634,0.859375
820,0.20356788223228953,0.30460649673612744,-0.6176256440067163,0.9375
821,0.15225749188632667,0.2767927076392516,0.03708010832650867,0.8125
822,0.1565661553424467,0.27827387822644317,-0.20428389074308073,0.921875
823,0.1383177413422597,0.23213570812271422,-0.07465191061539414,0.84375
824,0.08774017367463877,0.22086463954396515,0.3630725339272938,0.828125
825,0.12870792540968248,0.22055576539761004,0.07284376776403906,0.8125
826,0.16321811592989632,0.25011051403986023,-0.40481905798640005,0.875
827,0.06340177261884679,0.21837148890735905,0.7585785623669925,0.921875
828,0.08166803295169918,0.2442193401676663,0.36839057581644485,0.9375
829,0.06403723721808385,0.25236133286123424,0.5204380679267266,0.9375
830,0.11945457894330201,0.261685009968681,0.07997906255422149,0.984375
831,0.13388195891908797,0.22089364022581148,-0.08868656521462483,0.8125
832,0.1317973437128043,0.2648878728901613,0.14624650456393698,0.90625
833,0.1385764886512709,0.2580304077476622,-0.07919343366949366,0.890625
834,0.1519549010802752,0.2894149801684079,-0.37239339235096175,0.875
835,0.1561472365675133,0.33979528751050303,-0.3836237148159967,0.828125
836,0.12767181845765407,0.30848186157046537,-0.1536393948136699,0.8125
837,0.11687673602883282,0.2737935877493305,0.0061596997150053096,0.875
838,0.0867631992884571,0.28205113943806626,0.3679693886472126,0.859375
839,0.08962171385478977,0.24728251290013803,0.22227020507437847,0.890625
840,0.0991614913292181,0.265503533713479,0.2458530354787971,0.890625
841,0.06140246278822798,0.2850908302698036,0.5147364333834917,0.875
842,0.0641869991880815,0.27255351162078917,0.3509646886968743,0.90625
843,0.07278457217736427,0.25499824987480557,0.22838882795945445,0.90625
844,0.07539440392595025,0.2669427151442852,0.23085362102743792,0.890625
845,0.053438586437608904,0.25369496775896166,0.8403230053459739,0.890625
846,0.045365218002928254,0.27958325987858323,0.7228819733835067,0.875
847,0.07468122374201679,0.3214464615686903,0.37277256090514227,0.84375
848,0.11830044842056366,0.2575979630404342,0.1411823500970651,0.921875
849,0.127784932487546,0.23908412155437345,0.030296649116417614,0.90625
850,0.12936695243839705,0.2331807045134413,0.08343828545010748,0.9375
851,0.1456651107938501,0.27075797726604306,-0.3291727346371902,0.859375
852,0.08888167839069498,0.20559306561162827,0.35149605667291706,0.953125
853,0.17186686688376265,0.2753813956376528,-0.34805370624215126,0.9375
854,0.026317624346898782,0.2405919794071031,0.9551745266239077,0.875
855,0.06319435274015713,0.29360589932155384,0.5246229074121448,0.859375
856,0.14214758263846813,0.29268474611367495,-0.08863946438202461,0.890625
857,0.10017300631779198,0.28588977507943253,0.1725427832060048,0.859375
858,0.08576201122957684,0.25875097785220524,0.17286909446188634,0.890625
859,0.1529593822635792,0.22426662855866217,-0.3109517246760342,0.859375
860,0.14450987035469762,0.24288171259739225,-0.18033312782797106,0.90625
861,0.1468085803513593,0.26705496536090056,-0.3070032591944834,0.890625
862,0.09081641750827907,0.31360963415059884,0.09538621212073611,0.875
863,0.12536843790138766,0.23937093367726456,-0.032917809496882514,0.765625
864,0.15491834270473345,0.25604597790712985,-0.48558584023006723,0.859375
865,0.10010181774595554,0.24981676742937844,0.2803192095297324,0.9375
866,0.05062798083349588,0.2501552328623532,0.4950897509460375,0.890625
867,0.1153846010961415,0.23298817520739223,0.16282583498727032,0.90625
868,0.13073029313957973,0.21902067904326872,0.04564239305429222,0.84375
869,0.10568875886114389,0.22963809873099347,0.14411313782489643,0.890625
870,0.16841389893026318,0.2443116985975804,-0.6192572860655541,0.84375
871,0.20738578712442712,0.24317701007341197,-0.9364432911170295,0.859375
872,0.16105042502253747,0.2638214197489284,-0.28317575431467357,0.859375
873,0.1331530300089581,0.2356309376976308,-0.1283705708767857,0.875
874,0.14458429724220748,0.23413807238695605,-0.17418613727903481,0.875
875,0.068710906971842,0.25860465711143055,0.5567248145661005,0.921875
876,0.07809179593762067,0.26258724361716584,0.5629962657796823,0.921875
877,0.07179901390135006,0.29929338804191513,0.4609984599367153,0.8125
878,0.12158838938128701,0.25157252658711443,0.12635087633922293,0.890625
879,0.06789333672622248,0.26646561896299187,0.6821763976160039,0.84375
880,0.09353979822590136,0.24867695711688467,0.3487043377552639,0.875
881,0.11765500871930319,0.2437195318494321,0.003185346883224853,0.8125
882,0.10796402820257417,0.20783386713254645,-0.01433530341844014,0.921875
883,0.19392030399857818,0.2547850686607832,-0.8679257773107621,0.890625
884,0.18400608821576667,0.2702914967552386,-0.5912171982518489,0.78125
885,0.20257139749871586,0.3256837357056666,-0.7779722620966834,0.859375
886,0.11991052312698118,0.2653161596524913,0.14723559131818514,0.96875
887,0.10946499053396186,0.2728302348984033,0.3188939164209998,0.90625
888,0.1812532986778662,0.27202737880811695,-0.5517762812911348,0.671875
889,0.1860757121387947,0.258505124703511,-0.40906389602905685,0.875
890,0.18278365809696537,0.23260391036790548,-0.6073608217006226,0.890625
891,0.19868177797780598,0.24541894169694342,-0.6537689289653043,0.875
892,0.2012585683544159,0.24138559787141092,-0.6158660612952566,0.859375
893,0.20889268880201387,0.28021437479243466,-0.8531955331750777,0.828125
894,0.17857749390678265,0.27199238562356465,-0.63043579734659,0.890625
895,0.2112916293004178,0.29005463226649936,-0.9137296442303512,0.890625
896,0.26910329972897373,0.245821443140263,-1.3076035735213882,0.84375
897,0.20765522534273953,0.2576057804559029,-0.9001253606107295,0.78125
898,0.1406592946905272,0.25327427330155133,-0.11010365591359741,0.875
899,0.14107365428789517,0.24616617516405345,-0.2344478272219905,0.875
900,0.0890680745707569,0.2298219767036018,0.49486624878791896,0.875
901,0.1200211695647659,0.23966507821482738,-0.01865744975295422,0.921875
902,0.0647354752084288,0.28583703732285326,0.4944040920411557,0.921875
903,0.09635260308615141,0.23641590345475838,0.14168164102598027,0.875
904,0.08683229199108174,0.2319390561609945,0.3035155109846602,0.875
905,0.04279064632904734,0.22836149180878454,0.911923630773432,0.921875
906,0.04489030529978636,0.2157006247588944,0.8987342775777387,0.890625
907,0.09650468301625686,0.22039782397933205,0.32326049192254724,0.90625
908,0.09681275940784806,0.2387306786600013,0.18711900635875667,0.9375
909,0.06630271528534219,0.2508053401052339,0.48992570975737404,0.890625
910,0.08092050322256922,0.26216061840681243,0.426173327938314,0.859375
911,0.14055628738375736,0.2980100949489146,-0.21053774614133275,0.78125
912,0.16213243282872916,0.2857704051467676,-0.4007886342812195,0.765625
913,0.06708798670227556,0.24876959248082797,0.4339148487396704,0.84375
914,0.09369357151822495,0.23270449965796836,0.33708020150420237,0.890625
915,0.10710179282886863,0.2435802267471058,-0.015880658176241052,0.875
916,0.07204892858501953,0.25569496340917075,0.4704105060285818,0.84375
917,-0.018881634556614433,0.21643711733056895,1.2930124094263762,0.890625
918,0.06087865238583059,0.2515042633337315,0.6390909151949018,0.953125
919,0.053000784823958834,0.27382830586100754,0.7109618048712704,0.9375
920,0.137278938243152,0.24349199811397135,-0.13049505025037034,0.828125
921,0.18980848214376644,0.2615933232410743,-0.5087430234745872,0.859375
922,0.15757345792109986,0.299077955162264,-0.3542098757526652,0.8125
923,0.10712801451903524,0.2890656193605272,0.09152466690220767,0.9375
924,0.11392197105991686,0.2720749316230892,0.16087872268736664,0.90625
925,0.14592449415283668,0.23594730954624174,-0.26384297743728197,0.859375
926,0.1247846966025042,0.2525724720200572,-0.04842622460226351,0.890625
927,0.12571670471346616,0.26906882401575455,0.08208889477633216,0.890625
928,0.10671968759508048,0.26375478750257764,0.12370405916144606,0.8125
929,0.07161423395339067,0.21371487854672933,0.3044581623702556,0.921875
930,0.1246751325244357,0.2745121066993644,-0.05199158207137684,0.859375
931,0.16691581646420903,0.2580673858933831,-0.35902371952630496,0.828125
932,0.17451628920593812,0.2675003023252758,-0.2005484431795329,0.875
933,0.17655228618168442,0.25724329690130043,-0.38353192227639404,0.8125
934,0.1754815704350681,0.3028010634738336,-0.6102090014223909,0.828125
935,0.14585858736366852,0.24659102824649293,-0.1863030205677974,0.890625
936,0.1298049128743277,0.22324854952859588,-0.06629500628767868,0.875
937,0.08455526439340326,0.2739105961010508,0.3420345733282909,0.921875
938,0.06738838895972304,0.22627669635219258,0.4313740398752698,0.84375
939,0.10991073214549563,0.27393779392571976,-0.04718493634790681,0.90625
940,0.08349142316389024,0.2274007059947494,0.3811155666143496,0.921875
941,0.07185893335580874,0.2393993099965708,0.34637718180231114,0.875
942,0.09533911523907483,0.23612980140450027,0.12738492628634238,0.875
943,0.12086589965813754,0.2326001685427546,-0.19088928440321995,0.90625
944,0.1282564321956504,0.2449224749461061,-0.140224620589191,0.90625
945,0.14092147128423033,0.3069549597674401,-0.15130911826799373,0.921875
946,0.12437712301399946,0.26926248155765103,0.11127262782845176,0.84375
947,0.13904097482763453,0.25897677745952996,-0.2775736018988993,0.96875
948,0.07793847220542509,0.21563151617217813,0.48928829057166956,0.921875
949,0.05520866480009804,0.25210002205082427,0.8608897627948725,0.875
950,0.14105019223516232,0.25010421552842427,-0.10992645331697443,0.921875
951,0.22762830620143423,0.2589555323027144,-1.0482743212772885,0.921875
952,0.2439568473478836,0.24708559609120492,-1.1008835684248957,0.765625
953,0.1623801743173443,0.27509851221831233,-0.42751915416335357,0.875
954,0.11593800927309873,0.2444050553030308,0.018091202752614,0.9375
955,0.11185578908886891,0.2772305928632856,0.05363040185276166,0.796875
956,0.13173101583747485,0.3022773060623591,0.05727412730613089,0.875
957,0.13792760929950462,0.24612138952908466,-0.15091727994404996,0.90625
958,0.09766271923252101,0.2686916296968671,0.051513253771922084,0.890625
959,0.17280132186747735,0.304804527058823,-0.716186965277233,0.90625
960,0.11089934046342487,0.2439376911745781,0.24070096730965157,0.859375
961,0.08259444306154119,0.30229592375170633,0.29642439514545404,0.921875
962,0.054270774589246736,0.2727332346784204,0.6009686280920755,0.90625
963,-0.026482925791794187,0.25054003346810644,1.3568121750117648,0.84375
964,0.014475097667425893,0.24029703638754665,0.9105094886587147,0.96875
965,0.06449634077387757,0.284921014322917,0.5975269575418484,0.890625
966,0.07460638719568015,0.27643706201346835,0.5602424994917505,0.953125
967,0.035118158244692964,0.24386518939563329,0.9856487179823896,0.90625
968,0.13439459495875217,0.2420035569657133,-0.1040931607972437,0.953125
969,0.10264001526145973,0.25270638456191724,0.16293174463954108,0.796875
970,0.1361913751877883,0.23240264410392344,-0.08334128709332865,0.890625
971,0.14050194521731763,0.2417618025245439,-0.16016945697832377,0.921875
972,0.10357680533143633,0.23063861903566293,0.22867241957578768,0.875
973,0.14444221885801004,0.2601270772352631,-0.1650387251989267,0.875
974,0.0646126042404562,0.25725623502427103,0.629157951205703,0.921875
975,0.06450994954424066,0.26534145725215785,0.5899134040080517,0.9375
976,0.05213876069840934,0.25146881952771755,0.6734877695861657,0.828125
977,0.111409397454452,0.30751701189426234,0.1266856098872974,0.921875
978,0.13187310661312146,0.25959081082534546,-0.09203836768306374,0.875
979,0.17646050790494172,0.20922846928649233,-0.28432033528097544,0.921875
980,0.18643562511189735,0.21620921345632835,-0.42918375685778326,0.828125
981,0.1638968349751125,0.24093583551486145,-0.5535539231861021,0.828125
982,0.1602461951218466,0.22719502567332686,-0.41837250582904495,0.921875
983,0.17565657183772154,0.25066156761244024,-0.35317443765342976,0.796875
984,0.1860849049312098,0.2657534260679713,-0.5006169283503743,0.859375
985,0.1424833653784987,0.2660703297113021,-0.11712227936195048,0.828125
986,0.20400933512676134,0.2690533124316114,-0.8290467462436492,0.875
987,0.17945457180169352,0.2679836633055746,-0.7254566844757301,0.84375
988,0.12947665672421407,0.2780731293501714,-0.07223212927667097,0.953125
989,0.10907650190425633,0.3173242901420492,0.13420033499280018,0.90625
990,0.17791034135422967,0.2630142264583037,-0.4044109069030145,0.9375
991,0.13219176374924388,0.265120006079337,0.016740531618745832,0.890625
992,0.10397756866656793,0.28187822320311595,0.20018653208121423,0.921875
993,0.12491736063296494,0.2694715989667984,0.10900004446148695,0.75
994,0.11198334973724137,0.2555289975747066,0.10275696275865019,0.921875
995,0.0776496276689712,0.26551613148670833,0.1388123339842193,0.90625
996,0.0471642650961669,0.2586989463673209,0.6045427107506702,0.921875
997,0.11495194807940524,0.24024525271900188,0.137418601003493,0.921875
998,0.2162388870578069,0.24745871478470985,-0.8031187953181115,0.8125
999,0.21676244724772717,0.25538807395505675,-0.7463344795436407,0.84375
1000,0.22635642615571203,0.2612457427865995,-0.6713165949759041,0.828125
1001,0.19823692462844,0.2652944436458104,-0.6889914933170067,0.765625
1002,0.13786585298354476,0.2654695847315786,-0.0916098791503038,0.859375
1003,0.1049037672213497,0.267033394986026,0.14344794106031106,0.890625
1004,0.1600782492021286,0.25717886055192457,-0.34236403113962793,0.96875
1005,0.12558649196887947,0.2516935086518451,0.06352906781208212,0.921875
1006,0.11829382196090503,0.27079442958202293,0.02735062833060771,0.875
1007,0.09552055990456339,0.24673616442759863,0.3232671744270514,0.875
1008,0.01408498845107771,0.2799153067449984,0.9916408904264529,0.90625
1009,0.08310497674458928,0.2981337217147018,0.33401648566663666,0.90625
1010,0.13376834390670725,0.2528395707934206,-0.15034136892032254,0.921875
1011,0.08170174505113181,0.2535711078900869,0.3335363502096948,0.921875
1012,0.10911883119666106,0.2819305560012622,0.014496962624346646,0.859375
1013,0.12582768455235613,0.25267333096572014,0.015124784079850767,0.859375
1014,0.10717319878618085,0.27088138090944114,0.297521710110959,0.828125
1015,0.12534476193151312,0.24816485034477612,-0.20934973407028543,0.9375
1016,0.11237134802513082,0.2850798078003513,0.016484666327926785,0.921875
1017,0.14025950006481058,0.27495713959029905,-0.2514411344624395,0.890625
1018,0.14614354070654118,0.28116581878512686,-0.4001994522797504,0.90625
1019,0.19835111169085975,0.3102572523049556,-0.7374462691140968,0.921875
1020,0.15775977685168674,0.26134131534429444,-0.22397631342135774,0.875
1021,0.13755356149769837,0.2518947151639754,-0.3099442129859828,0.8125
1022,0.12668062379320258,0.26095843613527,-0.25101314916218315,0.921875
1023,0.19756549323698266,0.23270415299896618,-0.62743965858528,0.875
1024,0.11686644881267994,0.233790516224476,-0.0292605399032847,0.9375
1025,0.13168463759123453,0.2336126741896445,-0.1338675993441415,0.859375
1026,0.09482378210166385,0.24248350604041266,0.36502776195065717,0.921875
1027,0.12414976617960528,0.2627590053419096,0.07620349450911741,0.890625
1028,0.09094143882527779,0.23868247838521786,0.209953175840075,0.9375
1029,0.15243345432519648,0.2756737173953867,-0.3097463073747127,0.84375
1030,0.18761366733094054,0.2677588986169079,-0.7565873858677478,0.921875
1031,0.17150594238260963,0.2648979706864733,-0.38984455122188455,0.921875
1032,0.1819960220564153,0.2858175756304588,-0.5037590077572277,0.90625
1033,0.1877566763953423,0.28806561940539277,-0.5550450297891674,0.890625
1034,0.1403938994764101,0.22753084542007948,-0.13243575072234298,0.921875
1035,0.12670958486290573,0.2270606640460711,0.06135344479781489,0.921875
1036,0.10025682441078348,0.2442032149492266,0.2893589194170232,0.875
1037,0.16587199010196396,0.25838197541001323,-0.4826394504057462,0.90625
1038,0.1206987485176555,0.2501662447205041,0.1430169121640723,0.859375
1039,0.12238440711671539,0.18561227429091223,0.24502685385360937,0.84375
1040,0.13839181309393764,0.2489999439653996,-0.015182315318732018,0.890625
1041,0.15340022867070865,0.2535181125888403,-0.273984867169799,0.890625
1042,0.14341851476430403,0.27626060238961103,-0.2319785952616896,0.921875
1043,0.19465901969542956,0.2736397275329479,-0.5665770758544448,0.84375
1044,0.17408526467835625,0.2355938139375621,-0.42387460911821745,0.9375
1045,0.13646689172993298,0.26935565454424365,-0.22667819394492994,0.875
1046,0.1599532777890064,0.24574236755281928,-0.383031469617971,0.890625
1047,0.11686098207404157,0.23703613087735934,-0.07236245153951934,0.8125
1048,0.1063313208496124,0.25610087150374566,0.18703372635638296,0.8125
1049,0.10491597309677105,0.25943649779714356,0.4024608629522284,0.8125
1050,0.10151106305850033,0.28596910770963163,0.1662793732928876,0.921875
1051,0.11993241311597165,0.2503835777124287,0.07898631420623409,0.859375
1052,0.0719108411499101,0.28886334855813267,0.4146054394221407,0.828125
1053,0.05097757925760513,0.22481593584423476,0.7254100945318492,0.875
1054,0.08521898290088874,0.26497448950154684,0.25743924317167416,0.921875
1055,0.06390436678922701,0.2410643175446063,0.598455255905501,0.875
1056,0.1281398419524434,0.2825510824280382,0.1623585430186903,0.890625
1057,0.13161414049542886,0.23594244790365337,0.24787506403763754,0.875
1058,0.08004534208989231,0.2616041613013757,0.51965349461598,0.9375
1059,0.13150643077453328,0.24645620272039623,-0.18612385720954874,0.859375
1060,0.06354579765869056,0.2685530081894926,0.5510693250165984,0.90625
1061,0.08909863241961923,0.22031920796950233,0.4926135378540743,0.921875
1062,0.13451919006609156,0.24142243578590075,-0.15349661379738955,0.859375
1063,0.14433385230281756,0.29559006233998003,-0.20898531455140015,0.890625
1064,0.08283022881704577,0.28322019110436414,0.4679876576645494,0.84375
1065,0.11829921733742892,0.3271607062954231,0.2695926902637418,0.875
1066,0.2080609171518655,0.2913896299263966,-0.8218657867590846,0.828125
1067,0.19971784201358156,0.2867110777885835,-0.7970237388811158,0.84375
1068,0.16804489237785272,0.2896253608531096,-0.4357261118578569,0.859375
1069,0.19193775787140935,0.2666407030036001,-0.570568868212209,0.796875
1070,0.08233678200320764,0.275499174713236,0.371756100391133,0.84375
1071,0.1093308986431019,0.29431251985497614,0.050554525490164134,0.78125
1072,0.11513180446944203,0.23936111437417118,0.12164071930253152,0.875
1073,0.07709699559611843,0.23908423735885145,0.5631298957888001,0.875
1074,0.1250314031266937,0.24475521014775062,0.07959824571359969,0.90625
1075,0.1638266367747008,0.23233160469655204,-0.354810527031492,0.84375
1076,0.08029967880017058,0.24619099135817737,0.42565035065895857,0.875
1077,0.10346643147898715,0.270084470259755,0.2172804420272047,0.875
1078,0.1319221750835841,0.2792332724189938,-0.3017843568682136,0.890625
1079,0.13354410578452974,0.2933970869652272,-0.19701412326978807,0.921875
1080,0.1360524514128384,0.2768532336912209,-0.13578414022614319,0.84375
1081,0.09939315143033044,0.26105314550474623,0.13288631105409943,0.859375
1082,0.1210762675612947,0.2233529352770882,-0.0012784825194446965,0.875
1083,0.1320371641968082,0.27062870587268445,-0.15462072832296844,0.875
1084,0.08579705225499541,0.23695223048138617,0.3613957657016343,0.890625
1085,0.07064588384702859,0.2772256272674228,0.5164475188567144,0.875
1086,0.04439356026759648,0.29667567239112475,0.6353483895913961,0.890625
1087,0.10705426408408854,0.26735004820385927,0.05368457157362591,0.875
1088,0.056685254077351886,0.28213619450969996,0.5870925935155596,0.859375
1089,0.13383249145172113,0.25827383235121415,-0.21286462648903343,0.890625
1090,0.1413678341704323,0.27402430424804175,-0.1673298107155193,0.921875
1091,0.1472314502257389,0.22989433409310597,-0.1977802157604251,0.890625
1092,0.2244001438845569,0.2990897025137338,-0.9560570237003987,0.859375
1093,0.24574803678237314,0.25649980196159233,-1.0530638897181477,0.859375
1094,0.23607157695563422,0.30592866720132944,-0.9752795362364431,0.921875
1095,0.15707128326804407,0.23371366056349105,-0.4436719670824924,0.828125
1096,0.18344575743957317,0.26126868449502616,-0.6253570018846103,0.90625
1097,0.12220694961201573,0.25968945743270583,-0.10093892853121117,0.875
1098,0.03094917024081179,0.2628252333337085,0.8523982440385454,0.890625
1099,0.055307748831401556,0.24620272978995983,0.7494385024174146,0.859375
1100,0.12907301269827445,0.2555043576839218,-0.12028914442876575,0.90625
1101,0.11398907924462705,0.28375938243476767,0.14427148166649653,0.8125
1102,0.20671862078077763,0.25897933600969314,-0.78487031030176,0.9375
1103,0.1968174732047778,0.3037192049688047,-0.7186683400197883,0.8125
1104,0.15585841168618128,0.2811803778671749,-0.23772378555471702,0.921875
1105,0.09798851446390261,0.2804268926315896,0.18172090319559475,0.796875
1106,0.1837958589422641,0.26824706071270615,-0.6455294392872938,0.953125
1107,0.23051918112685174,0.30060722906247334,-1.0148491226980223,0.828125
1108,0.22157185433397383,0.28676171210327295,-0.9064924300342049,0.859375
1109,0.254146990143617,0.2741510185563037,-0.8448496592852687,0.875
1110,0.24972296118318096,0.2503375508991744,-0.995680518656236,0.921875
1111,0.14694299781278694,0.30773130043035607,-0.32551004171313613,0.828125
1112,0.129700833307044,0.2931006136947269,-0.2281545208738039,0.9375
1113,0.15550268503508793,0.260648966704009,-0.0581668972683597,0.890625
1114,0.17788373123546675,0.24867782319698994,-0.47411169262502556,0.875
1115,0.1504154841110176,0.210614525675115,-0.2431653423845804,0.8125
1116,0.13303293534715774,0.23711588400379555,-0.12145201023457564,0.90625
1117,0.1621539218888939,0.2764379517572075,-0.45624065888769816,0.859375
1118,0.07737576736767661,0.26716005212176813,0.48042924931892367,0.9375
1119,0.06174048532590948,0.25037199199584736,0.5765567628545524,0.890625
1120,0.054362162434768095,0.2808086120788153,0.6037985103520389,0.921875
1121,0.10918895905095245,0.261893221679339,0.23652233578194568,0.921875
1122,0.03149204665876842,0.22425802786028046,0.9015166296379987,0.890625
1123,0.03151256601222174,0.2429201095617225,0.7933853415074866,0.859375
1124,0.08479729682132668,0.2904798841116536,0.5936067863717893,0.84375
1125,0.17263119334580143,0.26879592881275977,-0.3684962808431945,0.890625
1126,0.1899027474959096,0.30882851062401634,-0.6352342366886798,0.90625
1127,0.1271022617020919,0.2802182837495304,-0.009327050274160711,0.875
1128,0.10957016540572118,0.28041736564288927,-0.08122981907278937,0.953125
1129,0.14148944453060525,0.285704375053267,-0.31381729530560576,0.890625
1130,0.13128642438589558,0.2759463826500576,0.05261384420263037,0.921875
1131,0.15365904821660584,0.2782395768569106,-0.36104433907877764,0.8125
1132,0.1393735363137725,0.24352558292233342,-0.047530442192661455,0.875
1133,0.04997177719560488,0.24178492284853717,0.6141706236987966,0.875
1134,0.05796916456562226,0.27076572414992467,0.5492762015680288,0.921875
1135,0.148697928217473,0.26377303123963797,-0.2979225941201119,0.890625
1136,0.2219064824081264,0.3120440653541337,-1.0911325773042337,0.921875
1137,0.10970795107922489,0.28254945159360867,0.11226046639509192,0.859375
1138,0.12861149651462545,0.24186481982335037,-0.01641943992886969,0.875
1139,0.19109391660941866,0.23824764438137747,-0.5022361790988406,0.828125
1140,0.22250713140015396,0.27830459567773325,-1.0009276421956208,0.875
1141,0.21464317285242704,0.3174536030097052,-1.0418323833296887,0.875
1142,0.2426993492747135,0.29284735051134814,-1.0430995550348368,0.8125
1143,0.24634370058120525,0.3209545768024233,-1.2438325892070827,0.859375
1144,0.11429579707112643,0.26324653755185995,-0.025127226203222594,0.921875
1145,0.12262156181207155,0.28305757385133534,-0.09183176309717099,0.8125
1146,0.08738021919424928,0.24840826796149665,0.367128510220176,0.921875
1147,0.12334380360407426,0.2735724340340628,-0.01577875884307741,0.875
1148,0.0894567177463335,0.28618471071083346,0.3524757859180143,0.90625
1149,0.06396621045080604,0.24811637166603437,0.6039045331156863,0.90625
1150,0.10103943068614157,0.3009298335491874,0.16742716571263488,0.921875
1151,0.11518674544025746,0.25743266092555844,0.06492080516167871,0.890625
1152,0.09724599291215086,0.27489501837980906,0.13571747314293678,0.921875
1153,0.16043295498087948,0.27648289862304604,-0.4075986926447178,0.84375
1154,0.17187371838025287,0.2800990738422408,-0.44697723043531473,0.90625
1155,0.16278473449418265,0.26179027580126396,-0.30145843856340304,0.890625
1156,0.1387265218407498,0.25432126282277495,-0.200109276764668,0.875
1157,0.08384695090073817,0.28107796679804736,0.27640232048895386,0.921875
1158,0.13517357743354783,0.25934264185992856,-0.11227427862471212,0.78125
1159,0.18481472776064586,0.2807867240720859,-0.4724514205419229,0.921875
1160,0.2139843366894434,0.29416907789140295,-0.8084636290360289,0.921875
1161,0.12414171045385251,0.26974019126960624,-0.0982337228441247,0.875
1162,0.13968425696160044,0.27752806070264696,-0.14505784576068687,0.890625
1163,0.11993142319185857,0.21541054739339285,0.11943179038153237,0.875
1164,0.1780470231330368,0.25927279157569194,-0.41216543985562476,0.890625
1165,0.20152726646410735,0.25197876734971253,-0.7222246403901598,0.78125
1166,0.20205182880449954,0.22386641009466524,-0.5516856110669713,0.890625
1167,0.14257482844599895,0.25124058316232456,-0.09286849519184928,0.859375
1168,0.086516484049134,0.27610607993995956,0.43976460222363306,0.875
1169,0.10422948446407232,0.2984892615899654,0.16685367424504832,0.875
1170,0.16591429420372683,0.2969489738494293,-0.39846416319835204,0.921875
1171,0.2087823683655358,0.34143607535515025,-0.9129384458639475,0.828125
1172,0.19432010332704408,0.3065860022942794,-0.8033411132394531,0.84375
1173,0.12480916580743939,0.2542739902362345,-0.02556304618195284,0.953125
1174,0.12365954069125447,0.2665897408324658,0.057287808904065485,0.921875
1175,0.12207452978854443,0.2478581087365351,0.13128510509190974,0.859375
1176,0.14952398343683757,0.26970115698609315,-0.3618132230468044,0.875
1177,0.12226376920554331,0.2906117883787445,-0.22741906687113977,0.8125
1178,0.18665546601322527,0.29539329390732183,-0.6044038559767847,0.875
1179,0.1853911146567585,0.3017353720919369,-0.6253035918432406,0.859375
1180,0.1559869716429592,0.2786258467410739,-0.31962703367804723,0.84375
1181,0.11770625950840101,0.3012105170437608,-0.03083937804464216,0.875
1182,0.11967676531368095,0.25251834613896085,0.23256103180933274,0.90625
1183,0.12997749428660843,0.23717248249724632,0.08379570194595543,0.859375
1184,0.16819978745004302,0.24320921105058124,-0.33347295191702464,0.859375
1185,0.15261790342292428,0.24290544465015027,-0.28826725465091657,0.765625
1186,0.1318531940073169,0.21902635805668594,0.0557200083193551,0.796875
1187,0.14184035866604597,0.24623848388278904,-0.0903996295146661,0.90625
1188,0.22058580701673827,0.2676698244566516,-0.9809157331367443,0.90625
1189,0.20671625246946765,0.27125374544004077,-0.8171348986108979,0.859375
1190,0.1602139803748652,0.259679077818373,-0.1868893887294135,0.890625
1191,0.19207015595034105,0.28555777569326846,-0.7407311859607448,0.859375
1192,0.18738378514248613,0.22469152431906877,-0.4226140181793186,0.90625
1193,0.13382069558806028,0.27709316592105465,0.09357736501599215,0.84375
1194,0.16007526399752256,0.25919919042058465,-0.40523796930310363,0.921875
1195,0.15024709390823318,0.27774662461809524,-0.32710619506143607,0.890625
1196,0.18562039668852345,0.2759691149567121,-0.6007814711529266,0.765625
1197,0.1530406532688631,0.24287605899596917,0.11568807869785325,0.859375
1198,0.1856777668369701,0.26275990270308763,-0.47951865967734186,0.890625
1199,0.09626436558415523,0.24694663387726012,0.22834093945474254,0.90625
1200,0.09095081536691242,0.26451369465672486,0.25381052545587446,0.875
1201,0.07974177863051835,0.2792926515716552,0.42407381982093895,0.875
1202,0.12925445832852087,0.24713281301256293,-0.06114599863316216,0.9375
1203,0.15515789485125317,0.2426430730949776,-0.5216950565842874,0.890625
1204,0.19725182072244996,0.2351119551204878,-0.7652053584194664,0.875
1205,0.14397524909597145,0.2331653435225074,-0.15490509679514436,0.875
1206,0.08528892205568739,0.21959761774791486,0.446606227766545,0.875
1207,0.053437302152563614,0.24288848001131239,0.6365783768202533,0.859375
1208,0.008045394104475885,0.26226003713583845,0.8400314897126661,0.984375
1209,0.07234787630811088,0.26093157170812903,0.5102066680852246,0.9375
1210,0.09077509676551898,0.23735242909159512,0.23841631995564372,0.96875
1211,0.12666708365098833,0.2480103247677352,-0.1354520199797403,0.859375
1212,0.10681370826782521,0.22892190496903256,0.07462376816810072,0.765625
1213,0.14222363897331894,0.25730152915204674,-0.12847936023363926,0.90625
1214,0.06790514806328256,0.2636426553810372,0.6990213445877554,0.921875
1215,0.061679641406462704,0.2676168880365884,0.6519640934769607,0.859375
1216,0.08599096863720486,0.2221468451987555,0.39731245733771364,0.921875
1217,0.10208228569220634,0.23942431333121225,0.21650900287676914,0.96875
1218,0.0722741809914269,0.24630477060165112,0.4019704056059654,0.921875
1219,0.11256353378919619,0.2506058751156551,0.07537996895341638,0.90625
1220,0.13269260305286504,0.257299338343257,-0.013572367697621587,0.875
1221,0.1372361828736224,0.25432793832428996,0.013862571483923733,0.84375
1222,0.17621709710885494,0.27143031552810865,-0.4038560568343681,0.90625
1223,0.20773768944633764,0.2787116597413632,-0.6562169294823736,0.796875
1224,0.25576461226204866,0.296655394988741,-1.2124216346575174,0.84375
1225,0.13301475098802112,0.2588026239404299,0.05211796664422226,0.765625
1226,0.14990906687589137,0.31206130440380725,-0.17032396905857738,0.9375
1227,0.07356337567827324,0.27996374304057,0.6253221454738787,0.9375
1228,0.02130942543908798,0.24541513819045688,0.9645059741127107,0.921875
1229,0.0327508307669462,0.22110538459862394,0.8520279540676364,0.953125
1230,0.05981778635081785,0.21379737423564713,0.6688936956336787,0.953125
1231,0.07533075134816658,0.2341469367540403,0.5959894548182902,0.875
1232,0.07969287661498865,0.2357780890407831,0.24121340717545653,0.890625
1233,0.08844226381719072,0.2647127827367631,0.2464303252961701,0.9375
1234,0.04561260148680437,0.24839871814036826,0.5542302745419294,0.84375
1235,0.16600741228203583,0.3163358416320611,-0.5092040260266633,0.828125
1236,0.1420448143403678,0.2852849432161407,-0.1857865883768272,0.890625
1237,0.11916143029163372,0.28999966949697226,0.12385855546635927,0.859375
1238,0.21808413081612246,0.28694347654755914,-0.8717135466210143,0.9375
1239,0.20150037729716427,0.26097091439247744,-0.7730010683404733,0.8125
1240,0.1290652021143883,0.2848775881991751,-0.15850699111806088,0.828125
1241,0.15236977377178748,0.2593523229994693,-0.5674680175267985,0.84375
1242,0.1393636319957184,0.2519456414875802,-0.22704122834466353,0.78125
1243,0.16757057675095446,0.26849484429721676,-0.5493547555712135,0.921875
1244,0.17446680693461555,0.23812530416949929,-0.5103136385713894,0.859375
1245,0.09000454420539843,0.2150473262215793,0.35842353153606116,0.890625
1246,0.08719858923879843,0.2922942619841787,0.21059454630380284,0.859375
1247,0.14559082511111626,0.27004529843412817,-0.38859603962141365,0.875
1248,0.23501412252107945,0.2635376789288018,-1.1013577019744738,0.796875
1249,0.19636381440901718,0.21367767632127688,-0.4919978804220288,0.828125
1250,0.12051916992354657,0.2388188119095056,0.4228843391803913,0.78125
1251,0.13265869817532414,0.2295013735799919,0.007095392998813829,0.84375
1252,0.17101295902874006,0.2531277373219864,-0.5472315705246582,0.875
1253,0.09982197577564488,0.2914317170821202,0.205650282425688,0.90625
1254,0.03543477517861901,0.24987020460693535,0.8875641153525252,0.859375
1255,0.11659229890520706,0.25884456525227734,0.14351477921525796,0.90625
1256,0.1156540979556771,0.22785470302299357,0.12542014867074186,0.90625
1257,0.16551854236156502,0.24217838789313437,-0.36678360816217176,0.875
1258,0.16541795780086568,0.24687925847283618,-0.4857420714319436,0.84375
1259,0.1676150432941759,0.2696708116593904,-0.5166737871122249,0.9375
1260,0.18097915409781842,0.2353196741837116,-0.5315248874323424,0.921875
1261,0.135731937634308,0.23827893056634797,-0.04511300188024098,0.90625
1262,0.15043169685046232,0.2316980464790721,-0.1312289622327705,0.90625
1263,0.10813213434546363,0.24903846459071333,0.2114204062208145,0.921875
1264,0.057978419575696195,0.2504005735186939,0.700194121564129,0.96875
1265,0.02006911914049672,0.20153389114491285,0.8932572624565162,0.90625
1266,0.08791501748508325,0.24544638454074433,0.3993115043835042,0.890625
1267,0.11539363704498772,0.2107662418277226,0.04554954813095354,0.875
1268,0.12633569271827572,0.20843427779647553,-0.055874060220711494,0.890625
1269,0.0631533853423593,0.2732695731692441,0.5173636356668702,0.9375
1270,0.10973786510419514,0.28781962740095046,0.28172690400524214,0.9375
1271,0.19648524156777925,0.27130786661317974,-0.700944893507538,0.875
1272,0.056719529755922905,0.27151491991525584,0.609827154925727,0.921875
1273,-0.0013341638818000119,0.23187855035750163,1.0814644591235982,0.890625
1274,0.04447573320771986,0.2195348634932021,0.8059913197834023,0.875
1275,0.13429040252807767,0.24464870151483145,-0.03552745151833314,0.875
1276,0.15685684412091114,0.25989705302307986,-0.34973570852217606,0.9375
1277,0.13239276523019575,0.28686586707702144,-0.02955058885515391,0.890625
1278,0.156373889144343,0.2680443115896108,-0.22624127363963664,0.875
1279,0.12057877953447393,0.26675579711673797,-0.13785110063547332,0.9375
1280,0.15012892741622183,0.30046773528110954,-0.5744120016820005,0.90625
1281,0.13772742667491275,0.2832512367850464,-0.3231968667026139,0.875
1282,0.10093604022035929,0.2555156563248456,0.27413960346866084,0.875
1283,0.08534114362115834,0.2582292759529341,0.31653769606304494,0.90625
1284,0.09556762256031708,0.2627364909211722,0.17985848261448134,0.890625
1285,0.035562019871766964,0.2347018314140236,0.713925591450307,0.859375
1286,0.04376358237534599,0.2665314422089619,0.5145697552255761,0.890625
1287,0.11426740561338393,0.3136073425938009,-0.10608586357398367,0.921875
1288,0.08790000967316534,0.24249643697338077,0.2508921838104742,0.90625
1289,0.08740803979215757,0.2616961657768416,0.3678114045017554,0.8125
1290,0.15313635220335706,0.26325418748101453,-0.32607040928366243,0.796875
1291,0.1920605121414436,0.24266339650222513,-0.6308981816515367,0.828125
1292,0.12165165326584419,0.2400333991155351,-0.0029804360831110037,0.859375
1293,0.1475567049058039,0.2564312212252782,-0.3972157296824709,0.84375
1294,0.19120731363577204,0.25832713498747073,-0.6359753919593604,0.84375
1295,0.1568495571001353,0.1950404286923071,-0.2757720767225822,0.8125
1296,0.10189731518039075,0.2130792439161426,0.2691943855836556,0.796875
1297,0.05497686571285706,0.20911706537956312,0.7670443874945622,0.90625
1298,-0.030137006725019327,0.189738422174376,1.6158437820172735,0.859375
1299,-0.015048137368026918,0.18586224132859483,1.2432339558770076,0.890625
1300,0.005265612250776305,0.21006979157864578,0.898826745026696,0.921875
1301,0.08206966048217061,0.2334642496662517,0.29405307985981777,0.90625
1302,0.05515133335198918,0.20594166346444834,0.58616828803101,0.859375
1303,0.014154001090995535,0.19153591092632935,0.9887468744337167,0.890625
1304,0.08298799272162416,0.20027215328882142,0.41814161742901834,0.921875
1305,0.022600041249078582,0.21299502658591005,0.9562379109656041,0.890625
1306,0.024563469616794842,0.2627062670983357,0.8438405428179522,0.890625
1307,0.08520167044680249,0.2528979603569083,0.226846114126616,0.890625
1308,0.013421386205009711,0.242055032555025,0.946786252706928,0.890625
1309,0.12756740199481467,0.25575122349281293,-0.022375698557653794,0.828125
1310,0.1026419136969068,0.22912348773584004,0.017469372431934277,0.84375
1311,0.13754397974150653,0.238172188955187,-0.058668950459059524,0.921875
1312,0.10086144402596109,0.2580764636345347,0.11312025636479672,0.875
1313,0.14061042162143234,0.2461572103603165,-0.34981630516962764,0.90625
1314,0.10375880627907359,0.2385206853215549,0.0646126837066782,0.890625
1315,0.1796870774404009,0.22225484949443053,-0.7201827149218335,0.90625
1316,0.21855506455786267,0.2760345744660257,-0.9459897741507156,0.8125
1317,0.1840776837304713,0.2541419844127262,-0.6213762378694871,0.90625
1318,0.0856735233476864,0.2760615818769518,0.2613617138257242,0.859375
1319,0.09079311540959428,0.2207818895827396,0.4873681130327056,0.859375
1320,0.08558684405337878,0.20139244948433474,0.3862988584729112,0.890625
1321,0.15939018670502855,0.262473433762255,-0.383708200477647,0.859375
1322,0.16262008018646593,0.2548131086997052,-0.33131771357470136,0.875
1323,0.14742024661143283,0.27600445575934796,-0.20170967689943634,0.921875
1324,0.12119336136562782,0.2881994806572811,0.004153568369442039,0.875
1325,0.08876843514585675,0.27133765538612564,0.396476924217442,0.859375
1326,0.12976487879457213,0.25321185012357644,-0.020139593621696643,0.921875
1327,0.055438200332705335,0.30894646109079865,0.3028399437413888,0.84375
1328,0.10503564697825034,0.2813536485062136,0.09099819692614855,0.890625
1329,0.08420011073740456,0.27350332955501117,0.278167050637972,0.890625
1330,0.1027046364540376,0.26315660272310765,0.0901353084821541,0.828125
1331,0.020329923049774042,0.25750149474229256,0.8719587053551834,0.859375
1332,0.10747542343824902,0.2614156618983218,0.14632523833674582,0.890625
1333,0.13768876272544914,0.27022796896135426,-0.2666069962805161,0.84375
1334,0.11053135956226824,0.25790592930499595,0.20614660675319266,0.84375
1335,0.005415843026889018,0.2616824433379883,1.1583024693835808,0.921875
1336,0.052382418902150764,0.2321571089535912,0.7601359642357985,0.875
1337,0.07365891323754752,0.20537565087150056,0.6071642590461206,0.84375
1338,0.07130528303801886,0.20117731181180376,0.3734540312362647,0.859375
1339,0.04776510585566146,0.22288763717889817,0.8293078250458398,0.890625
1340,0.07382651403925919,0.2707396258915053,0.4073855165113406,0.875
1341,0.02576107096501246,0.24595260837641986,0.7573202146784611,0.921875
1342,0.025913708940933488,0.22572562563648854,0.747352361266058,0.953125
1343,0.09263057771052186,0.2735099816070357,0.10060613525845981,0.890625
1344,0.09962088519545449,0.2885809960501587,0.15805406492672916,0.890625
1345,0.03787539077580599,0.24956209370666238,0.6946062937125843,0.84375
1346,0.08325317680452697,0.26468376347296735,0.5058654267035999,0.9375
1347,0.09193292829360931,0.2382450886832682,0.40646897060564097,0.84375
1348,0.06796776928362504,0.27649547093306953,0.4964152009442364,0.9375
1349,0.12332760205826665,0.25828980846789784,-0.006936368073429702,0.9375
1350,0.07823873985707636,0.2366704585808673,0.4012072629164569,0.859375
1351,0.16675440938917008,0.26213881405462813,-0.573066482176925,0.953125
1352,0.12733949748931447,0.24863897530249346,-0.1353426686416817,0.796875
1353,0.16337463404139366,0.2211718767309079,-0.42207366887832537,0.90625
1354,0.11682153384442623,0.23010363702614592,-0.007341315883896218,0.875
1355,0.21533086993909142,0.21332487127505803,-0.8219852455232323,0.859375
1356,0.23504203916874264,0.21281004018205185,-0.9604954703509243,0.890625
1357,0.2693628572706776,0.2346767173434563,-1.39162911221397,0.796875
1358,0.25428523774201667,0.2729574155519312,-1.1509708357593231,0.828125
1359,0.17627457968904756,0.28371336933540586,-0.3784260267736067,0.8125
1360,0.18300868952146296,0.24201229292920365,-0.4928159815220035,0.875
1361,0.212104143961645,0.2567031987274793,-0.8577616809916823,0.828125
1362,0.1377220177858344,0.27540968124048715,-0.1862332543716954,0.84375
1363,0.13415563112499235,0.21507821155520576,-0.057302922365132465,0.890625
1364,0.17114295503588384,0.2848462714636298,-0.5704571197385943,0.921875
1365,0.17376688346994565,0.2665629737101331,-0.4884528367668674,0.890625
1366,0.1323482351876583,0.2575221409190325,-0.2126228627284303,0.859375
1367,0.17515460658944523,0.2892147757171837,-0.5928005704552972,0.859375
1368,0.10350796217656529,0.24756258469055728,0.13323663038563308,0.84375
1369,0.040257561875933795,0.2339914613911915,0.6096810356276271,0.859375
1370,-0.012530102320440828,0.23798527865129934,1.2135528301511724,0.828125
1371,0.05457090682644842,0.2646373622538755,0.4753028727255565,0.9375
1372,0.0989140543599742,0.2802485101497406,0.10680924106802342,0.90625
1373,0.059127262813702876,0.2852257197647527,0.6167369151637656,0.859375
1374,0.08018470425765532,0.2505599836119472,0.44769738381585533,0.859375
1375,0.13852126181370664,0.26316536084513104,-0.10364964554462719,0.953125
1376,0.16801982856086395,0.2765834364728524,-0.2720846287340337,0.859375
1377,0.15023003993452996,0.27052030232130925,-0.12227131222959528,0.84375
1378,0.22987953074529713,0.26418815487180247,-0.8581436812522396,0.765625
1379,0.19524431146695465,0.23566313617768542,-0.49477527595189735,0.90625
1380,0.14488251920372633,0.24231522763535604,-0.09168530288164047,0.890625
1381,0.09705789647142819,0.25361212935460475,0.19748383704441375,0.828125
1382,0.07049587853116955,0.237566972253624,0.45459514801162465,0.890625
1383,0.11442995506679761,0.2675278230777136,0.2632610931963368,0.890625
1384,0.1422156358517509,0.26773210278750836,0.002113100037873953,0.84375
1385,0.12629620051206727,0.2885157252172556,0.07083374800212948,0.828125
1386,0.09602209084934098,0.2434785390788096,0.2907707682065574,0.9375
1387,0.07559952408460284,0.2337229885311778,0.6282741214570666,0.90625
1388,0.07467511035472187,0.2692530750948106,0.5182154723144179,0.796875
1389,0.09778557723335339,0.23193603945659125,0.26787446760910705,0.953125
1390,0.10607881340890779,0.24506840464071722,0.2694686804041429,0.796875
1391,0.14828411810639774,0.2643757802830638,-0.15832043155914072,0.84375
1392,0.23606195398728988,0.30371532836910764,-1.168450792455059,0.84375
1393,0.20880246284634352,0.3095623019804485,-0.8363474566716046,0.875
1394,0.1897432206252796,0.27952587516472843,-0.5329008761041363,0.828125
1395,0.2103362966150133,0.2567071632213161,-0.577729124777358,0.828125
1396,0.15641122808885688,0.2683095916404484,-0.22530619738731017,0.828125
1397,0.22010415991363064,0.32242489070601804,-0.8488498794127253,0.859375
1398,0.1350645479647609,0.31107901800852084,-0.059373882377339884,0.84375
1399,0.09281454900339126,0.2667848307751136,0.3001965089481663,0.84375
1400,0.10113341878573497,0.2286390504393103,0.436941011126115,0.90625
1401,0.1769753038611398,0.2817957466159125,-0.46622109177193843,0.796875
1402,0.08103665411119966,0.2845315407965086,0.40214259829042515,0.828125
1403,0.11742349304571746,0.2530137575393436,-0.022989669012179248,0.9375
1404,0.16594896341233684,0.2153402231378827,-0.24946783172362202,0.890625
1405,0.1612062742004423,0.2382011823954624,-0.2664209292471194,0.890625
1406,0.15671550703431017,0.2759473133348389,-0.2080988387434968,0.84375
1407,0.22785603701041,0.2644239735579032,-0.9007672702535536,0.828125
1408,0.1460674832334903,0.26303040056806276,-0.25272388704869453,0.84375
1409,0.14896842079906641,0.24560653961044862,-0.10110689118551411,0.859375
1410,0.10192590278905485,0.2696207612483284,0.300342186736008,0.953125
1411,0.05624919642953099,0.2566262759916044,0.7294259765262354,0.859375
1412,0.08969060253622663,0.25645672635373196,0.37120683225301726,0.859375
1413,0.07669635092481782,0.2959240027556609,0.4522795825386059,0.859375
1414,0.06975665458244353,0.2891308067194494,0.37937910148768345,0.921875
1415,0.04194072505003007,0.24925644944590886,0.8963946060558671,0.9375
1416,0.07606576780660548,0.2341767760189287,0.6599883240096123,0.859375
1417,0.1824038841822436,0.2489195217895698,-0.30382657884835723,0.9375
1418,0.09923042933886506,0.2756489453827262,0.07584124981021786,0.84375
1419,0.1924831928034568,0.2816312471441797,-0.6877299451716067,0.90625
1420,0.14641896174055669,0.27702137423224,-0.295010330348652,0.84375
1421,0.16409355464554515,0.26579783819987246,-0.4049862391359966,0.875
1422,0.16390425264779698,0.2893069910706339,-0.415579705256072,0.84375
1423,0.2219080551888577,0.27519209041480414,-0.8355201112133293,0.859375
1424,0.1081806662648616,0.25579407780394114,0.1629885894536032,0.90625
1425,0.07031649779034269,0.1913382910646598,0.5427077433535424,0.875
1426,0.10788164745905471,0.24320643024570995,0.10842072441651013,0.90625
1427,0.09309649489434141,0.23497847453580575,0.3173074446580266,0.828125
1428,0.11554995283616942,0.2449807833178137,0.15456145190075216,0.8125
1429,0.07048353397810363,0.23332380366059566,0.4526827159578797,0.890625
1430,0.09459772946938151,0.26790673065833315,0.05709923504869836,0.953125
1431,-0.03726205820466911,0.26920173390998353,1.4565136910201038,0.9375
1432,-0.005768366519512809,0.2524154111656747,1.1616281188790034,0.953125
1433,0.02450413074625375,0.2476454881719329,0.8073866375278902,0.953125
1434,0.06158025148591465,0.26971033991330035,0.47102563763820254,0.84375
1435,0.05538921931522128,0.32429210458159746,0.5377465089185679,0.890625
1436,0.11329184957044347,0.2590698920516116,0.003498186133266787,0.875
1437,0.1176541853911615,0.23909779377318663,0.19427713900971078,0.90625
1438,0.15427221081308864,0.30412917076515217,-0.33035274675891463,0.84375
1439,0.12391827841213161,0.28484888109247825,-0.12569442581855242,0.875
1440,0.12390964767154229,0.2500943509791828,-0.0003580300533266266,0.828125
1441,0.07756143642263588,0.2404702089245653,0.24287294268447032,0.921875
1442,0.14869314648524248,0.24468585721979066,-0.2211238410882294,0.90625
1443,0.15385746125606622,0.2603453855417481,-0.30485610707363864,0.953125
1444,0.13438656203736513,0.268285870110259,-0.10388674171043076,0.90625
1445,0.09231894182067524,0.2671284317981248,0.37918258830745927,0.875
1446,0.03889687227123822,0.26396367861941755,0.8243409074327058,0.828125
1447,0.17573353459688734,0.24458254628072854,-0.448561941318497,0.828125
1448,0.21662801348385652,0.239186365256176,-0.8870060911374668,0.84375
1449,0.1388689565997042,0.2700627979475358,-0.15332457343382766,0.78125
1450,0.1579393320227416,0.2791283967378373,-0.3146190274120908,0.859375
1451,0.12121216551567804,0.24829222124577877,-0.04212507676208643,0.90625
1452,0.14023834351345243,0.25525053246102497,-0.08570281962546321,0.859375
1453,0.07809794212760213,0.27967535377284286,0.25310056708880646,0.84375
1454,0.05538717170366853,0.2668616620853448,0.618084868213938,0.875
1455,0.09945615384672052,0.24644297285021,0.2671540128592355,0.921875
1456,0.144736831646716,0.24434353217099103,-0.19744129114637005,0.953125
1457,0.10191513137923607,0.24629970989606942,0.08567242924979904,0.875
1458,0.11299559188684559,0.26285541718899713,0.17523046700099265,0.859375
1459,0.1617036163137757,0.2668032639409253,-0.2780196313543286,0.859375
1460,0.16040335530781272,0.2396317990676463,-0.27180152007275676,0.84375
1461,0.1322429625861424,0.2667771546770857,-0.14266361087250914,0.875
1462,0.13620954235196497,0.254633004572202,-0.05593936043616296,0.90625
1463,0.15395356827773163,0.2758276685821255,-0.21313215426437196,0.890625
1464,0.1467252629900423,0.26588020347253444,-0.3561261434271161,0.90625
1465,0.10861018792904538,0.2982636883749887,0.13252045257099507,0.875
1466,0.18150405365888314,0.2571228388872753,-0.5604987627295039,0.875
1467,0.12874354070665306,0.22916720139398458,-0.08958595823565875,0.875
1468,0.2275700808392305,0.2682665190389912,-0.8795785944438269,0.84375
1469,0.04472399600012424,0.2839955940162721,0.5004081228916659,0.84375
1470,0.13998417493307078,0.272327012838709,-0.23626970397708205,0.921875
1471,0.13896026693606015,0.28011788424869194,-0.10473296216341016,0.828125
1472,0.13715410488156535,0.30373688433941,-0.2294699433711855,0.890625
1473,0.16883185875771067,0.2799897611892616,-0.42885433164126147,0.90625
1474,0.11807343569982186,0.27558421833526653,0.21918199162533075,0.84375
1475,0.19005583902337117,0.2574429362030409,-0.5990872697484878,0.84375
1476,0.10862915078893275,0.24312352847216792,0.13243056928111616,0.875
1477,0.11328346307623265,0.224887959828152,0.20915426517242416,0.890625
1478,0.13990957527311823,0.23226762721802982,-0.12585059321389958,0.828125
1479,0.15022357909282297,0.2438603662653859,-0.3842322668927304,0.875
1480,0.12429477205453816,0.23023474215047393,-0.11403754739008211,0.90625
1481,0.0767209359436767,0.28648675488116493,0.49657166170749456,0.84375
1482,0.13413744334560354,0.3014152188501253,0.054275271362231384,0.875
1483,0.1763466141301554,0.297978879775288,-0.39699141083458334,0.828125
1484,0.11371271644821483,0.26490673703446527,0.11749305291764636,0.890625
1485,0.10387895534819674,0.29087461208225524,0.173693510316573,0.953125
1486,0.03990673088772453,0.26151440018471206,0.8473364708680645,0.828125
1487,0.07015369388903359,0.22791122456712223,0.7508785898424336,0.921875
1488,0.06541874410481813,0.23159707464781798,0.639864736745853,0.9375
1489,0.13853504016749832,0.25922614286741147,-0.21964656986975822,0.875
1490,0.07508405796628048,0.2183339020004118,0.3809942917483043,0.890625
1491,0.04510517912420848,0.19166997856729553,0.8049865708884708,0.890625
1492,0.05399171785757035,0.2794608942434873,0.5091562366963425,0.953125
1493,0.07290324050580764,0.2438014474851633,0.5483943692570976,0.859375
1494,0.14001592162677662,0.27660232327825557,-0.20473154526245216,0.921875
1495,0.10753314429077994,0.2476336803786178,0.23636931207939454,0.828125
1496,0.13461274293233938,0.24843123793570368,-0.42339736164529923,0.890625
1497,0.1505977860229762,0.22694977030399002,-0.19484280497605264,0.890625
1498,0.20854304003131321,0.2543330135692559,-0.5161652446814172,0.8125
1499,0.1780465202203312,0.22942826116765724,-0.23036223860435823,0.859375
1500,0.13380521739745152,0.24380189466420688,0.01895228947562,0.84375
1501,0.18108687681906976,0.27196301836295045,-0.4214121700784626,0.90625
1502,0.1732430004954735,0.26731961983497116,-0.45086340373339595,0.84375
1503,0.17279180578033482,0.28690102102128195,-0.5319939852223766,0.9375
1504,0.09405340699570185,0.22981723004551147,0.3937808769225333,0.90625
1505,0.03907872060925058,0.22440191716341595,0.902482120002879,0.953125
1506,0.13859029466542802,0.2452144601364926,-0.10108461203971268,0.859375
1507,0.0830564608490998,0.26259684631906893,0.3904587621327626,0.84375
1508,0.1345848272066522,0.21256672250319644,-0.1468695876903702,0.828125
1509,0.17051312736867855,0.2599288781904206,-0.4785486366930362,0.953125
1510,0.18511297114676162,0.2526853948641403,-0.7743146751229282,0.84375
1511,0.22712772255796287,0.2688777849397298,-1.161017417107566,0.859375
1512,0.17792571864759668,0.3083910058516129,-0.7121697227007991,0.90625
1513,0.07270327912025894,0.23286371899139247,0.5633937217686883,0.875
1514,0.08477235601109351,0.23117173949413686,0.3430704478347264,0.875
1515,0.15260497296962813,0.20665348174951595,-0.2740698152124412,0.890625
1516,0.14050626712223657,0.2233736125834024,-0.10979238878697564,0.859375
1517,0.0975751070301261,0.2516259983231941,0.32387459279062975,0.875
1518,0.09074029165120819,0.2605645425469722,0.44376424443353074,0.859375
1519,0.017783248634802545,0.2454660584596858,1.0933072702071702,0.828125
1520,0.08840078587737876,0.2505660237296676,0.32431934925743344,0.890625
1521,0.11130254575152611,0.25212308221285373,0.216186896735036,0.875
1522,0.036636545851269894,0.26263779215761834,0.8705648504307977,0.90625
1523,0.1029928473847758,0.23175985514661535,0.1934235501713313,0.890625
1524,0.02578978813710202,0.2911244367528832,0.8578051795245215,0.890625
1525,0.145955490652908,0.268547735657077,-0.18400996309393788,0.84375
1526,0.19455927555725205,0.21926934572062184,-0.535427172961908,0.828125
1527,0.17104191205995534,0.22003303050383274,-0.41884931477364445,0.921875
1528,0.18413483177101217,0.2797184843089584,-0.4013854194915972,0.84375
1529,0.23003317004951582,0.3090000498817446,-0.8404440044018087,0.796875
1530,0.19966871727002544,0.26816827492233003,-0.5627155418264566,0.859375
1531,0.1583492196701377,0.2368526487041168,-0.1973381649519489,0.859375
1532,0.15967955577331205,0.2442737026570491,-0.19080604668098158,0.8125
1533,0.14206891485814926,0.23712485297891284,-0.09990383406765468,0.859375
1534,0.11808113500747404,0.26113753937814893,0.02348705334607431,0.90625
1535,0.1087775120487327,0.28217728728829194,0.13724176707945612,0.828125
1536,0.11552147413797849,0.24613358806249752,0.025876832842719612,0.859375
1537,0.12320036544727975,0.244050532254969,0.09551337324198411,0.984375
1538,0.029881605044595833,0.2233441545755577,0.875780447984821,0.9375
1539,0.020911585208971017,0.26698907156779567,1.038039804935638,0.90625
1540,0.045098608219795576,0.2555285471677919,0.754985996083202,0.890625
1541,0.07613543021814136,0.24834340961841636,0.4310857322185669,0.9375
1542,0.08197909366834587,0.2688656063613309,0.28541496152423396,0.890625
1543,0.11462265427816931,0.25360849106278954,0.08076394236753828,0.890625
1544,0.14080035839261498,0.24796180382665275,-0.12335469836182344,0.875
1545,0.19100954359443115,0.23213508789607054,-0.2799437377012901,0.90625
1546,0.28162992305458023,0.27420230850072297,-1.2853623170721287,0.84375
1547,0.22262932853435394,0.23457563933599165,-0.7895149629693119,0.90625
1548,0.21129855526316033,0.2582544056695824,-0.5708298938058942,0.8125
1549,0.18274655741101306,0.2749564675969444,-0.44119327365501715,0.8125
1550,0.13372229932511753,0.20940791697976383,-0.05017672489865686,0.890625
1551,0.09863622555540304,0.24254762029624474,0.030456442709689696,0.875
1552,0.11522170859477855,0.25683942048202496,0.10554068322942778,0.828125
1553,0.08465882065706269,0.1796875847642858,0.528443712337319,0.828125
1554,0.10387785772976472,0.22574976221024864,0.3748931818037421,0.9375
1555,0.11522003203842845,0.2546773022076435,0.051697347111922025,0.9375
1556,0.11823877811151563,0.2503866373974555,-0.02851290435358509,0.875
1557,0.10856205837939949,0.23521292574974015,0.2623736774474714,0.90625
1558,0.1482488058720551,0.24416021915742145,-0.2595308187408135,0.90625
1559,0.08209756323343646,0.21944854408600825,0.41142365269596426,0.859375
1560,0.08660485171739836,0.26361201985887744,0.3213302594980355,0.8125
1561,0.07017029263923343,0.20063183241438262,0.7428356444240849,0.875
1562,0.05913311666423907,0.20582135039088092,0.6590820607473168,0.859375
1563,0.03431946493876153,0.2113573732989785,0.7771822509001176,0.828125
1564,0.06753635905336934,0.22357202011578817,0.5178700491792821,0.828125
1565,0.06992952353718067,0.2711123297204638,0.3797368945410973,0.9375
1566,0.053669905965028,0.2182868936785075,0.7817111926743325,0.828125
1567,0.1450693425445828,0.24371906469579493,-0.26074427961543856,0.890625
1568,0.12367333787249353,0.2701159865754445,0.12524969813342363,0.8125
1569,0.0627029658272978,0.24327214550610368,0.6440068668019105,0.90625
1570,0.11697543748377333,0.21740859985234176,0.08813147769307,0.796875
1571,0.0869430683976357,0.21134711554650795,0.47372968487310385,0.890625
1572,0.1176570896235594,0.26147149388573226,0.06185721945903071,0.921875
1573,0.15814783996079781,0.2628675158672174,-0.38971528211234424,0.8125
1574,0.08899599763231202,0.23065415313490098,0.14230613327715713,0.828125
1575,0.06599597345796693,0.23781803176091007,0.32827493394872354,0.84375
1576,0.10647248975570213,0.23523831342956183,0.2474452184615785,0.90625
1577,0.1130999456870901,0.2473130813516983,0.2644995876076112,0.875
1578,0.20499045851249695,0.3126909020534978,-0.6146717472785656,0.875
1579,0.15212383638577454,0.2641493136212579,-0.20306149478633034,0.828125
1580,0.0941974195084807,0.2630792013509733,0.42725201002955443,0.890625
1581,0.05638094703392301,0.23636471781617277,0.7503277834860571,0.859375
1582,0.10557098327379451,0.2306080591901362,0.5485166545053679,0.890625
1583,0.04267744057130294,0.2488267071122371,0.8872411174058795,0.84375
1584,0.062309883157807146,0.23696430413624223,0.7244938301925754,0.859375
1585,0.1979394685246818,0.26403607482822306,-0.564002978336355,0.78125
1586,0.2303552336525916,0.2727471478989715,-0.7396640200026373,0.859375
1587,0.26672230204775277,0.2677485361754508,-1.193925198265597,0.828125
1588,0.24300191557330683,0.3015063366392583,-1.0684321547150812,0.84375
1589,0.20162322229024401,0.2950432601700877,-0.6066696673749621,0.875
1590,0.13495964163620341,0.2858101296006697,-0.04694414396528264,0.921875
1591,0.10203515667001985,0.24146625721888781,0.21952058419556475,0.84375
1592,-0.024203929032732458,0.2502021099042398,1.49893936499979,0.875
1593,0.09154086646345709,0.2601715464867706,0.2902174107534925,0.90625
1594,0.11937075640820582,0.23785495007323232,0.011080763612300384,0.84375
1595,0.1020580920085107,0.25718082482820487,0.13502097109032454,0.90625
1596,0.09352581640991527,0.2747043034172403,0.1899781927194952,0.84375
1597,0.11888912929459221,0.30196076718942116,-0.07558957934475478,0.96875
1598,0.12387918146902953,0.2658977319053831,-0.11110530792661859,0.921875
1599,0.18181720694466827,0.2941055302171282,-0.6638741061750145,0.859375
1600,0.15726336476985628,0.2904139254088008,-0.3837835682760826,0.875
1601,0.17021137201332312,0.30481183423085717,-0.5381688347049884,0.875
1602,0.11514684441626798,0.28489723345535434,-0.012805946309527895,0.859375
1603,0.11824033633522935,0.2603617559634996,-0.06050907662963398,0.90625
1604,0.10126553986694575,0.2487762675203062,0.35849768354833206,0.90625
1605,0.10984342471097362,0.2555386513242376,0.22055914090284662,0.828125
1606,0.08914962901079447,0.2562193739019928,0.5937126422517615,0.90625
1607,0.09154688768405632,0.2550434727807921,0.4057565394355018,0.90625
1608,0.09209082780991773,0.2660019196186562,0.2922222950441588,0.859375
1609,0.10554060931541309,0.22250844561855934,0.11628317654107476,0.875
1610,0.11890258174835638,0.29075650529135744,-0.17282064388662466,0.890625
1611,0.1584710200349247,0.28457939234343016,-0.29294122965411495,0.90625
1612,0.13167276971174047,0.24672889741631168,-0.012953802165720861,0.765625
1613,0.057328503267966534,0.20940101573421224,0.763685157192193,0.875
1614,0.1379592117369457,0.2527478490290629,0.10472861327153589,0.890625
1615,0.09791413327183628,0.27575712056495466,0.22817182231777242,0.9375
1616,0.1501366126352024,0.2354224350065465,-0.2693358127674775,0.859375
1617,0.11475387498773298,0.2773025020859184,0.04931182719618446,0.875
1618,0.10398502025061729,0.29187606307952,-0.002811815818642413,0.859375
1619,0.07508524015643774,0.254406072792364,0.35127154449792714,0.875
1620,0.11397818707400653,0.25736468667001944,0.18606269136499515,0.828125
1621,0.1434817293144451,0.249564956529822,-0.2654272996365227,0.921875
1622,0.13008749185342997,0.24279421428605377,-0.27730499033123357,0.921875
1623,0.09519062809730171,0.22408081169507196,0.1720466427902343,0.859375
1624,0.13098080034969853,0.25968225299098485,-0.09510033955347663,0.859375
1625,0.18920499587894665,0.25869642877929416,-0.7364172546540599,0.828125
1626,0.1682647993665778,0.2906519194242342,-0.5781465582202617,0.859375
1627,0.19758342575335064,0.26581736043275334,-0.7401969569672677,0.859375
1628,0.1862013674242582,0.2668460182130515,-0.5706950390058994,0.875
1629,0.1940237484630123,0.23593305562580147,-0.6754108639818709,0.875
1630,0.08718022749236624,0.22024073993304275,0.33761379479753995,0.875
1631,0.10824751864194214,0.22866762336260082,0.27082088933588483,0.8125
1632,0.039459398061501165,0.26233193951922584,0.9516983188159485,0.921875
1633,0.09296572145595795,0.30929013818266343,0.2813835088779135,0.875
1634,0.17736860510051777,0.28952713369701993,-0.43885367255389296,0.84375
1635,0.1464860056413782,0.25909549109043134,-0.22059410928444692,0.859375
1636,0.1291760562734589,0.26300632443713345,-0.008228972583344693,0.890625
1637,0.17308301899396797,0.2768581977484454,-0.5674482551915546,0.796875
1638,0.13578382849671974,0.2717244250535676,-0.17743404215856723,0.78125
1639,0.24715812750106028,0.23435456552331513,-1.2096677585508508,0.84375
1640,0.1842099658186782,0.2551616956254635,-0.6211288990803296,0.859375
1641,0.2040474940333041,0.27006267355730706,-0.7737437031135288,0.78125
1642,0.23598106831115384,0.27369641545578405,-0.8584904745801231,0.75
1643,0.1977208862993778,0.29502408858149215,-0.5921062820061513,0.875
1644,0.12611397985736003,0.2674613009420717,0.12566766279765645,0.84375
1645,0.11476814819111154,0.2548849405142641,0.19270824891356575,0.84375
1646,0.11298122529360209,0.21952677803751608,0.4099027798912438,0.90625
1647,0.15610826628099375,0.22533850180835202,-0.1302095741053366,0.890625
1648,0.12913868737047138,0.22742448071881607,0.031151412448862163,0.78125
1649,0.1283821027734945,0.21776059766883263,-0.0906370219459813,0.875
1650,0.05421671802895165,0.24997995083373245,0.6791763168145216,0.84375
1651,0.08238662691650114,0.2431360841530992,0.42426852228009054,0.921875
1652,0.07044649686880221,0.2433708857197078,0.46941916152739144,0.796875
1653,0.15400702743648778,0.2776344924532452,-0.20012530484997065,0.890625
1654,0.0850781390086796,0.303493259861858,0.16593173267545752,0.75
1655,0.04223599875081598,0.29939993593752456,0.5893288932715314,0.90625
1656,0.07862723569120612,0.28334665160804035,0.35368216193495566,0.953125
1657,0.08835129912913249,0.27124098219948967,0.3823252703055996,0.859375
1658,0.10503460045756167,0.2611080052279124,0.1655758255397167,0.90625
1659,0.09136127147419841,0.26899376485944887,0.1551900436604822,0.90625
1660,0.05199267887967712,0.24158814381725455,0.6442487466141035,0.875
1661,0.05243828321819017,0.2462446107105618,0.45842966204192936,0.90625
1662,0.08765701804642871,0.27185526588232856,0.42937216487221525,0.921875
1663,0.06815516493071093,0.21906163471001197,0.5057719785101923,0.90625
1664,0.11212278943159086,0.19941106875428918,0.24243701194525424,0.859375
1665,0.13299000117718093,0.21983257099865317,-0.1609687071652981,0.796875
1666,0.17884141424037658,0.28262627094564546,-0.5683164598857743,0.8125
1667,0.16201967906908354,0.2518761845671466,-0.3814799019120045,0.90625
1668,0.1477506110344652,0.25845486186399097,-0.16559953661092244,0.890625
1669,0.14135046221766728,0.25609296159198797,-0.014570363266624699,0.859375
1670,0.1251870332442543,0.2629185342772787,0.14397530977375295,0.90625
1671,0.12598643534801657,0.25208815165120396,-0.09525294920988932,0.859375
1672,0.14404949155047495,0.21808765426065982,-0.14057684946360155,0.828125
1673,0.1520220946156898,0.27157865856734054,-0.30060562370208693,0.9375
1674,0.1022929570800701,0.23334726384092844,0.41865518417233477,0.921875
1675,0.18898690580914343,0.26625198163020114,-0.5802233918861365,0.9375
1676,0.09821287885741274,0.2307214612602162,0.3071879222294182,0.875
1677,0.15202392647493823,0.2266360303866993,-0.15839299441733756,0.890625
1678,0.1332450738056893,0.23598846914427538,0.012662697778221484,0.84375
1679,0.08161205989940377,0.26248806882236153,0.4226164323823571,0.84375
1680,0.06765696359325478,0.27387550801706767,0.3562882394069557,0.859375
1681,0.11172784475141741,0.25893993337620863,0.019893325359190646,0.90625
1682,0.10649505678506195,0.19858612118045707,0.19224143858344772,0.828125
1683,0.13430608796997026,0.23932662436974525,-0.13450149626074748,0.890625
1684,0.14138953234080623,0.23136757007373507,0.008188963102734467,0.90625
1685,0.1408082146168642,0.25105877727016884,-0.11037275144983595,0.921875
1686,0.23894603198169503,0.30746076870549605,-0.8861880979264162,0.8125
1687,0.13998852643279225,0.2540847817895721,0.22553673859386883,0.890625
1688,0.11185879724215947,0.26157113025906464,0.33507384727264394,0.828125
1689,0.1516805912452397,0.26017378379712525,-0.21996594462445976,0.921875
1690,0.108903434037026,0.22259295011188981,0.1317032687516544,0.8125
1691,0.1445804078963329,0.2652909831265305,-0.29854897407589953,0.859375
1692,0.11201213889201951,0.27565391461070954,0.0025900236064249956,0.84375
1693,0.08119257631485123,0.27253987603134533,0.40421490393835774,0.90625
1694,0.12789518561680074,0.2545506705891371,0.051911247502296295,0.90625
1695,0.1437593001696264,0.2580961418751186,-0.421150494140004,0.890625
1696,0.18968536952007564,0.29806153373660843,-0.6881417406388134,0.890625
1697,0.18950804567010393,0.2653307725310041,-0.7490979424514398,0.90625
1698,0.22373116630346615,0.2859944043934555,-1.134850242235064,0.828125
1699,0.19043488384609453,0.27359275760933627,-0.8640912572010293,0.828125
1700,0.13058476960459034,0.23910190027028297,-0.05542970836587779,0.90625
1701,0.10666568825809393,0.24674723973870738,0.22208027106865702,0.859375
1702,0.08559116863532017,0.26852725173526565,0.2993472823616875,0.859375
1703,0.10203223711038645,0.20995250443554977,0.3036803591531378,0.890625
1704,0.16159195150099423,0.25654702535005797,-0.3037773670895161,0.90625
1705,0.14251029682046604,0.2576320138175094,-0.19560394571181206,0.84375
1706,0.1797777999712035,0.2813199882204576,-0.5176752544263796,0.90625
1707,0.15622578566443293,0.22029134284801932,-0.2448096662016178,0.90625
1708,0.11111215915132017,0.26813691853111293,0.09381105471805967,0.890625
1709,0.10942693348610681,0.2849978035652659,-0.011905668536195494,0.890625
1710,0.08040786963753412,0.24698061539715108,0.31972855333632966,0.90625
1711,0.09310606621395877,0.25654798717045796,0.32687981349578166,0.875
1712,0.1318335462288157,0.3097521227738435,-0.11942865486034111,0.90625
1713,0.10196724435252867,0.3410974977854668,-0.16368901041561967,0.921875
1714,0.09488692497300799,0.2740258625489018,0.194132242457485,0.890625
1715,0.1633520162437946,0.30183830062847683,-0.5051157023431568,0.828125
1716,0.1782849091052691,0.31422688311545904,-0.6194836429224839,0.890625
1717,0.13929373792985505,0.28245106708657186,-0.2987134852146333,0.890625
1718,0.14541890754608322,0.27991117644977215,-0.31655611416348634,0.921875
1719,0.13513283389752972,0.26420715605146033,-0.14588747664929047,0.9375
1720,0.10924394743925471,0.2744705991696356,0.2956616811373427,0.859375
1721,0.14014101935573084,0.241397110427793,0.012819639953165991,0.890625
1722,0.0996092408628032,0.24716911228285668,0.25697168927151237,0.84375
1723,0.11889174468665775,0.24413565584523336,0.07820309762824085,0.8125
1724,0.11955845110145556,0.29749288275664926,0.016471287671924267,0.875
1725,0.13770154051379493,0.24989869303350443,-0.36042648977691477,0.890625
1726,0.20819934219994507,0.23967958354214916,-0.8409549904946374,0.921875
1727,0.18240798940719125,0.2720229274969379,-0.47519199453239186,0.90625
1728,0.16471950457585977,0.2853711654104908,-0.3619297239839767,0.859375
1729,0.11666026023632732,0.22879143410020508,0.15388930139240015,0.828125
1730,0.16676003038668616,0.22898887606439558,-0.06436670656821167,0.84375
1731,0.11026192853392404,0.23272357630590798,0.19082797443574018,0.828125
1732,0.15599067304568756,0.22566709175439814,-0.29024046645877144,0.828125
1733,0.11578079370054484,0.26298649672157776,0.03745294680054928,0.8125
1734,0.11432429649304192,0.19103057327806547,-0.0260304407479946,0.84375
1735,0.07923846551163873,0.24107373829627907,0.17653358229305077,0.921875
1736,0.014146288735873952,0.23314135891783158,0.9783585902193221,0.828125
1737,0.09639558192438208,0.2061000028542325,0.4425895097389935,0.890625
1738,0.09295715236012624,0.21850654220821733,0.43897788562670426,0.9375
1739,0.024139176899658416,0.22152014497828845,0.903059919370572,0.921875
1740,0.028144445956461334,0.23014308642284206,0.7179635001302286,0.921875
1741,-0.05970702337657415,0.22952387020407314,1.7601454690385,0.96875
1742,0.010631147774342311,0.2224539783431443,0.9439961995427979,0.96875
1743,0.13237483924296123,0.23297819032689007,0.020524332550229313,0.953125
1744,0.15078091600408447,0.22833626301551727,-0.16980060708191463,0.9375
1745,0.09631842736158931,0.207263047339171,0.33078384040180975,0.828125
1746,0.14774533591324804,0.3157134855146698,-0.3141018230897129,0.9375
1747,0.14796470610526571,0.25766745580697475,-0.21786087758565909,0.875
1748,0.12568385491088777,0.22823685973604382,-0.0760498750084144,0.84375
1749,0.13851022350955175,0.27970903353328125,-0.20087883827722347,0.875
1750,0.15320462119494108,0.2692054962777837,-0.36527650713822846,0.9375
1751,0.14392763086227145,0.2847399537798843,-0.3582495871842862,0.984375
1752,0.1829184127288989,0.25575543704387266,-0.4437483447519413,0.921875
1753,0.19052070715741876,0.29554059778275527,-0.6781784372294578,0.890625
1754,0.13011939522283392,0.3051985538847887,-0.2340565088415999,0.859375
1755,0.17968571875680261,0.3038427884789839,-0.6453742278204028,0.765625
1756,0.19529459773021327,0.2866518942188055,-0.6950879951273642,0.890625
1757,0.17152753155307499,0.32399657064636456,-0.5850039829499792,0.875
1758,0.10032174225859303,0.29036133154521804,0.10513145143562672,0.875
1759,0.07383190704822408,0.29409295263489316,0.2338825136669903,0.9375
1760,0.0139548173459007,0.22554199134517283,1.10776493314965,0.921875
1761,-0.02953709197333769,0.24522945145435737,1.3618318150814104,0.9375
1762,0.029384533524432876,0.23827551990983484,0.9481038595166735,0.859375
1763,0.12771768044194481,0.25625646905829635,0.07548603669858192,0.890625
1764,0.17731542289277216,0.24703152543177662,-0.34085259253637035,0.796875
1765,0.16625693154919893,0.24183248235181098,-0.10790428229672665,0.90625
1766,0.169123416443301,0.22363180958340068,-0.19772466409261436,0.84375
1767,0.10436265567888475,0.24359803878075845,0.46485031307276,0.84375
1768,0.10345085046600337,0.2778118903578496,-0.008420851719848445,0.890625
1769,0.09200401230660708,0.2895199107436634,0.26434532118941684,0.84375
1770,0.12266939896160171,0.26352967990252824,-0.16919665044910367,0.953125
1771,0.09272331573493586,0.24556542952074492,0.060758637479763025,0.8125
1772,0.11461685256904171,0.2678763923785323,-0.11104573336953984,0.890625
1773,0.1460581427755707,0.29363677473398964,-0.3195705069911151,0.828125
1774,0.09924533512163387,0.26488561748639566,0.06660288273797801,0.859375
1775,0.10267656664535658,0.28769903577697004,0.12783773349567074,0.90625
1776,0.05282694644324549,0.261384945278158,0.5916515101904256,0.828125
1777,-0.012879204188362066,0.23948272552067795,1.3362432504207087,0.90625
1778,-0.006072763222380581,0.2769344726089672,1.1236140877817105,0.953125
1779,0.08923301245435687,0.19790175628941062,0.31603880056946754,0.921875
1780,0.03962987540965903,0.18480032693065193,0.9319958257110785,0.84375
1781,0.08425670001919304,0.22201423507564932,0.5612092041386315,0.890625
1782,0.1601825233796821,0.27425501973335303,-0.38703875241441676,0.9375
1783,0.16904163184450383,0.2599363735415021,-0.6243405350501576,0.890625
1784,0.1526513856525179,0.2682843703958676,-0.41716009748940425,0.890625
1785,0.1457427838464277,0.2366009769237071,-0.306171025646319,0.84375
1786,0.18359922379298985,0.24182013403499725,-0.7437766646232137,0.8125
1787,0.17138989764422283,0.21404891651503352,-0.5216665857778978,0.796875
1788,0.11960108321201186,0.2805011239603857,-0.047855796616656385,0.84375
1789,0.114798683852322,0.2713287714135975,0.015110645388069138,0.875
1790,0.1793674806021914,0.26060446879947063,-0.6875369151900755,0.875
1791,0.2026206716101083,0.31548335792158316,-0.7702656019521874,0.90625
1792,0.14390152414263824,0.2772936652078131,-0.2849046120113041,0.90625
1793,0.12297205569423009,0.2516869234076229,-0.02732681710953596,0.796875
1794,0.10798900156465525,0.22409482876916786,0.12650174955293061,0.84375
1795,0.08456848819779487,0.23489380781444513,0.4250957400890838,0.921875
1796,0.06590594305151765,0.26604301063054503,0.5704365258852788,0.828125
1797,0.12423443488848178,0.28756353044879274,-0.06388209791602424,0.875
1798,0.09116504225746562,0.26634251208325255,0.16546995826705055,0.875
1799,0.11239745871871627,0.24536274422071988,0.1768188341667853,0.859375
1800,0.11374432313360905,0.25085903360305045,0.05056493126670858,0.84375
1801,0.13582349132481655,0.25168248167940066,-0.19594492650138468,0.875
1802,0.12148593833036501,0.27394446440588044,-0.21036269128637597,0.90625
1803,0.04521445812030315,0.26158868023421084,0.7181598569982753,0.875
1804,0.10864366387141257,0.2785217292818383,-0.012173339609706492,0.84375
1805,0.10228584284532966,0.28069285234547486,-0.017132404927616043,0.921875
1806,0.04536502017211477,0.25658564514692134,0.6580763134456619,0.84375
1807,0.08491596069844703,0.27128157626286403,0.36192979160657035,0.9375
1808,0.11362768690425412,0.26354644128031374,0.10503263462521331,0.9375
1809,0.189368258511305,0.2649655072951331,-0.5946866013510996,0.90625
1810,0.231828035939967,0.2763653348014383,-1.052711378761065,0.859375
1811,0.2043935405257902,0.2785910841817814,-0.5662601551988555,0.78125
1812,0.1414587275958416,0.2551402575545893,-0.20637502659311846,0.90625
1813,0.14777379442383823,0.2798603896140781,-0.3218038882723438,0.84375
1814,0.1873968567598219,0.2710854327445838,-0.5009983644654697,0.90625
1815,0.10287389976786125,0.24885287150898516,0.2056250964583492,0.859375
1816,0.13194465616188605,0.264112101204678,-0.07990483336764356,0.921875
1817,0.15223479537063078,0.2839046551420672,-0.36053222044189653,0.859375
1818,0.16603444474503556,0.308596059324584,-0.4329860101213441,0.953125
1819,0.16981478423725557,0.3116277428647396,-0.48981946493221296,0.859375
1820,0.13593013957666666,0.24240747097754242,-0.012193453737716495,0.84375
1821,0.11734066861967875,0.2452252727356409,-0.0787274172693925,0.9375
1822,0.10752032951752077,0.24435333273925489,0.2230603569591263,0.84375
1823,0.09755513829639766,0.25922490231638406,0.1714766805751779,0.875
1824,0.08455168263060449,0.23033206818669108,0.3739555634095086,0.84375
1825,0.14184733036812466,0.21933422876859265,-0.2972974974632387,0.828125
1826,0.15765911252612333,0.2605851897770587,-0.30092730908681975,0.90625
1827,0.1207455555035128,0.20373575582888695,0.07432058735089643,0.875
1828,0.15210118207585122,0.25182340780542467,-0.22651426398098545,0.875
1829,0.15940786115778569,0.29973416208766024,-0.39340493001055477,0.859375
1830,0.17848038522544282,0.2899661025950358,-0.4614481480845274,0.875
1831,0.16490754920564718,0.2615807988489627,-0.36309692327494303,0.84375
1832,0.19575991303747728,0.2749072887646464,-0.68626396068456,0.875
1833,0.20145257058109822,0.31005026532222363,-1.0069790626072812,0.875
1834,0.14357638828913288,0.28080427034293476,-0.33463036031851845,0.84375
1835,0.14558780513094494,0.2652643022035826,-0.2709074019322768,0.796875
1836,0.07399261763536678,0.2762194388268862,0.2878289917150447,0.9375
1837,0.04953728362341584,0.2706645698811007,0.6181684516933862,0.9375
1838,0.1391034025605118,0.2414392223886955,-0.26708619525323907,0.875
1839,0.17314414906927308,0.2603561078188978,-0.5192859530622322,0.875
1840,0.17599226369131882,0.2776223981390534,-0.6315075928487506,0.859375
1841,0.18777016486216033,0.2393060580021051,-0.646410197925333,0.859375
1842,0.20948721208562815,0.24955457642537504,-0.8598152788149778,0.859375
1843,0.153155900470401,0.24388879162301955,-0.16784675817629086,0.84375
1844,0.08025079460852612,0.22916800162962966,0.30562375939781,0.8125
1845,0.1259167086531208,0.27850174106474807,-0.2327451638727073,0.8125
1846,0.11792693088701389,0.2601841575739255,0.014641768885179436,0.8125
1847,0.06863084990128449,0.24944637177292486,0.3452689238331176,0.90625
1848,0.06488050080153838,0.23024293451069058,0.5037364808319853,0.875
1849,0.09607073798533787,0.28398183539267446,0.10613440025416888,0.9375
1850,0.049144843352950364,0.25844739827066887,0.5798659801040271,0.921875
1851,0.04350275565090314,0.26811072922070883,0.562773637939445,0.875
1852,0.1340168788124477,0.2802269157832097,0.09646501588662859,0.921875
1853,0.11705571272905697,0.25574019988165875,0.1603173078292755,0.890625
1854,0.20487657068318166,0.2579469836991585,-0.7781488045927604,0.796875
1855,0.1265619402198676,0.2341202759128906,0.044315080993276454,0.875
1856,0.0570934384130354,0.21472300428684662,0.6580863698900543,0.953125
1857,0.08716214230599995,0.2151867382530035,0.3681609021342848,0.859375
1858,0.08749566650750855,0.2528710393293102,0.20140313544387026,0.921875
1859,0.11396444092824494,0.24804173628421702,-0.001289072679385508,0.859375
1860,0.09057141961840465,0.2584655902658209,0.2196935525124295,0.90625
1861,0.11836651364144123,0.28794026355181174,-0.23211802919958216,0.875
1862,0.16211241025802428,0.21337222121431298,-0.3791791598817399,0.875
1863,0.15330910373310122,0.26660107449815745,-0.25651852940030495,0.828125
1864,0.18882008425271435,0.24955979326666944,-0.49021367668470944,0.9375
1865,0.20509959756561788,0.29909099777754405,-0.8128206529482211,0.8125
1866,0.17080890984745697,0.2975888626949805,-0.4003656483840759,0.84375
1867,0.19671025704638875,0.31704618929999434,-0.7252843487188095,0.84375
1868,0.1502324635514817,0.28828054309835366,-0.37591326945113207,0.859375
1869,0.14827795147216602,0.2619739730281456,-0.3054206139150319,0.828125
1870,0.10958647745392709,0.23279974321271082,0.1375900995841432,0.921875
1871,0.0727388295601049,0.2686724607235717,0.20245750628675216,0.90625
1872,0.1644860070295303,0.2585455145818247,-0.5212930573231228,0.828125
1873,0.18662143633558737,0.2193491136700153,-0.4653816742770538,0.859375
1874,0.1742718943377131,0.200456011223254,-0.42426985678441126,0.859375
1875,0.1029542439311653,0.23291924742603945,0.1563807138302045,0.859375
1876,0.10391808642832068,0.2859728432240613,-0.02409854108617806,0.875
1877,0.09256043759584374,0.30063254970293113,0.06300317428482943,0.90625
1878,0.11323691876999557,0.29728510893802745,-0.07988870277740243,0.890625
1879,0.08926247632432711,0.28247617151681836,0.15088444974175805,0.90625
1880,0.10108568203637618,0.320274722715657,0.227991650473044,0.859375
1881,0.17004817104733674,0.3292552993195103,-0.5609594127473027,0.9375
1882,0.12593755778445917,0.32404171609150545,-0.0845268429688455,0.8125
1883,0.1086828735490276,0.2869604198289058,-0.031609687704725734,0.890625
1884,0.13000750724474944,0.27005879780748515,-0.24063139270272726,0.890625
1885,0.1398921788933941,0.28716784808642476,-0.16721400577736886,0.890625
1886,0.12705893647632463,0.23061097384574455,-0.0047994808678858344,0.859375
1887,0.09025694769954991,0.24403161934811216,0.40365444086062324,0.84375
1888,0.012729990200620983,0.22229975954246672,1.2449015290919712,0.953125
1889,0.14446127470782658,0.26390373139097606,-0.2358504368700969,0.890625
1890,0.12497626123734747,0.2675584771758879,0.06393022178383392,0.859375
1891,0.09455034800018092,0.2536354738683247,0.3931851029715095,0.84375
1892,0.10815239079239936,0.24707924159767627,0.10331982836303695,0.84375
1893,0.07544740667951715,0.2272458372732097,0.3022260439938795,0.84375
1894,0.08243116995944057,0.2631695939125876,0.2881765084877546,0.90625
1895,0.07620452142070966,0.2677222776644415,0.40289037129332933,0.96875
1896,0.11885345325806392,0.24368798108148151,-0.003801957931016571,0.921875
1897,0.09558757298879576,0.25169898900525567,0.28683751888759623,0.90625
1898,0.07270859414250815,0.2520932508085006,0.4381032858008116,0.859375
1899,0.1715982151946779,0.27170771607693694,-0.5807934345049459,0.953125
1900,0.09935220439541152,0.24905606054539767,0.08261664880066608,0.84375
1901,0.1020268507566467,0.23484033798113346,0.08114124235926186,0.921875
1902,0.09210191528827105,0.21611209079726532,0.34154493095764354,0.890625
1903,0.1185711128816062,0.23283028554519847,0.18258881334657173,0.921875
1904,0.06392748210901772,0.25450651590501244,0.5088336349393244,0.84375
1905,0.09567641686424837,0.24978174140998025,0.4068299993642202,0.875
1906,0.1355005032408748,0.31106375802752045,-0.30507172290436113,0.8125
1907,0.06814090850958159,0.284648067831093,0.31694695032199666,0.90625
1908,0.2097796877009952,0.27217582154289727,-0.8396466093318097,0.90625
1909,0.14221347400683712,0.3122233922176954,-0.19882721432258751,0.796875
1910,0.215072343639478,0.26192959258623877,-0.8595942241098248,0.890625
1911,0.11566082260859185,0.28768838379213196,0.005989239695428777,0.875
1912,0.17545684294560315,0.27378158906677313,-0.45797209018996227,0.90625
1913,0.19220559971755932,0.29705336974967705,-0.5911466770829976,0.921875
1914,0.21310079078614266,0.2726851108442812,-0.9682006499935946,0.890625
1915,0.13937678620414726,0.24541599681976886,-0.2804284589467759,0.84375
1916,0.13096001956898337,0.27068695140966315,-0.13794376689203647,0.8125
1917,0.12898462222000218,0.26077748110108073,-0.0715588189774992,0.90625
1918,0.08760279627165361,0.2529095599775162,0.27135445434031585,0.828125
1919,0.08468860488435055,0.2631738308867182,0.3018201767030142,0.859375
1920,0.04057949773701187,0.24260284021429168,0.8639497213801004,0.9375
1921,0.07544587130314591,0.24489384974637296,0.5616769247471897,0.90625
1922,0.14773507832971663,0.23863391428297717,-0.25090437097282436,0.9375
1923,0.11558064565309893,0.23244917671844742,0.18063019292209664,0.859375
1924,0.0869192591923385,0.2207883465697438,0.3492212288932407,0.921875
1925,0.07088756562969346,0.2563843118929803,0.40474410493808305,0.890625
1926,0.09149942428823225,0.2734490772590914,0.25146894718970614,0.921875
1927,0.09822535113978458,0.27943602831221287,0.1572886289514717,0.859375
1928,0.11175758734491482,0.286216664042256,0.051029758694668366,0.859375
1929,0.10168634864006006,0.2720660861520285,0.23274833506086387,0.859375
1930,0.11243778714043873,0.24628171548410208,0.15329487266612393,0.890625
1931,0.11428873939056998,0.2540911948173404,-0.03542646284484348,0.9375
1932,0.10731101393982112,0.27825029188878,0.24712020953856356,0.84375
1933,0.07426082972993703,0.23993086086291038,0.6270447439281163,0.875
1934,0.036969791149070536,0.32364085013504185,0.6993319780665475,0.90625
1935,0.054692801619058345,0.28245694717096237,0.580756236366122,0.953125
1936,0.09370082335289896,0.27527866883010516,0.22785362040933455,0.890625
1937,0.09923809040744014,0.26385292409854005,0.2382377550112213,0.859375
1938,0.10507707178421433,0.2698643503852754,0.20335035524438164,0.890625
1939,0.1621935719941544,0.2820167582293978,-0.29012676390429093,0.859375
1940,0.1518070882938777,0.2613251002615124,-0.28801805248056145,0.890625
1941,0.13798197597612225,0.25569200061864567,-0.11226335485735049,0.828125
1942,0.12326468349329726,0.2689059917780905,-0.17560619076719564,0.84375
1943,0.1259206271747996,0.2773617186525246,-0.04884751776533208,0.8125
1944,0.18234852033688512,0.30547653587795387,-0.5779001944998423,0.796875
1945,0.2187727506680309,0.26907164571672115,-0.828324690607721,0.796875
1946,0.1101896787225074,0.2541807424845923,0.08371613949406632,0.84375
1947,0.1654567678057566,0.27576832325538986,-0.4619493060338074,0.9375
1948,0.11274965072558041,0.3060690720821632,0.0883447312731972,0.890625
1949,0.16646927997067537,0.2369619571323128,-0.6123733164047057,0.921875
1950,0.1922801904317808,0.21730860053988318,-0.8136209777982135,0.859375
1951,0.12773418357481717,0.24199922420126482,0.10509868313787651,0.875
1952,0.1279317110538817,0.23391060376505268,-0.04206775104832887,0.875
1953,0.10501867613954184,0.24291336009149775,0.16908521851161082,0.890625
1954,0.11816013019796236,0.2433347555035279,0.16385837241814594,0.78125
1955,0.196486261082796,0.2443713681062498,-0.6146323617868183,0.921875
1956,0.0640053143735788,0.22399159137707422,0.41463029567659904,0.890625
1957,0.12387718391031742,0.24130272537779507,-0.17880522830659262,0.8125
1958,0.10099107522996899,0.2801793115793027,0.12027115338130538,0.890625
1959,0.07504625568887124,0.24894593099195905,0.3463950666095318,0.9375
1960,0.13444352288320374,0.2409376637650309,-0.04376605152851845,0.921875
1961,0.09636885849805359,0.24094940058873027,0.38795985815890344,0.875
1962,0.17019163141693983,0.25158914591885034,-0.31625494940721094,0.84375
1963,0.22820676452615993,0.26436338033343815,-0.949178077094015,0.84375
1964,0.21333417785801065,0.3167970326265127,-0.9471655730034644,0.890625
1965,0.14119098423332355,0.29448462477280163,-0.1068319137946493,0.859375
1966,0.20415992372720457,0.2878269062577697,-0.7998151294076246,0.8125
1967,0.14936021279288073,0.2854917385911642,-0.19711775588356578,0.796875
1968,0.19270218012310367,0.2807626303508213,-0.5201511674087854,0.890625
1969,0.21858224737983004,0.26358590109477276,-0.6133921130600757,0.828125
1970,0.2515028541807663,0.26977326951995667,-1.1825955871607077,0.90625
1971,0.19451052738839292,0.26860433578768883,-0.5352992212308801,0.890625
1972,0.18670712939999926,0.2725702935600672,-0.6203173156618912,0.828125
1973,0.19006445653009876,0.2778996628085392,-0.7857211494210928,0.8125
1974,0.11303160988579235,0.27205378140105646,-0.04935333644899882,0.90625
1975,0.04471186569803203,0.26920991374317715,0.5676786062591586,0.890625
1976,0.03048500714683731,0.2689483652296068,0.7741412058202901,0.9375
1977,-0.0864543368581359,0.2522757080569867,1.865892073467595,0.890625
1978,-0.02602707054579934,0.2439371958496932,1.5042922836245105,0.875
1979,0.08126652284853114,0.26394709452931664,0.2927294872087701,0.90625
1980,0.1933078225783199,0.2918584374451722,-0.7579787295280974,0.8125
1981,0.17050990004492697,0.2968817751619132,-0.5909104069309815,0.859375
1982,0.1901018206991331,0.2620387506029956,-0.385485213610564,0.84375
1983,0.24570048699385091,0.2914949965323223,-1.1310390966608057,0.875
1984,0.23870385920996529,0.2662226035036656,-1.0013285446026994,0.890625
1985,0.16347770302881678,0.28240566860436633,-0.3229484956780467,0.875
1986,0.13389941409558026,0.2509064928879197,-0.19359652517641038,0.90625
1987,0.1391429063838791,0.2429400019489397,0.019248879932426882,0.921875
1988,0.0840645712206131,0.24253536833536526,0.5672755419327756,0.8125
1989,0.029256058578143087,0.29710228636284586,0.9104319469437673,0.9375
1990,0.10515457803666733,0.22405626529144915,0.3135669162256331,0.84375
1991,0.09569300766448431,0.2240874786095255,0.34429300248839967,0.921875
1992,0.03190372082266529,0.23149908728616495,0.9451390874141895,0.90625
1993,0.04945327552276185,0.22662150182639196,0.6604246948009048,0.921875
1994,0.007727296897346567,0.24445595114162932,1.0118048569255302,0.921875
1995,-0.01148132989445351,0.2617765378308006,1.1147389793232376,0.96875
1996,0.06030460689382949,0.250854303643729,0.5279665012271683,0.96875
1997,0.11054419013187004,0.2435980291940746,0.13492164255977301,0.921875
1998,0.11317780501661855,0.22644183158855902,0.06929911047718446,0.890625
1999,0.2063747589138042,0.2588088972274336,-0.928218922555516,0.90625
2000,0.22457036957643103,0.23433327456120248,-0.9651163800961762,0.828125
2001,0.163534534480383,0.22318472795442337,-0.36172053864108505,0.78125
2002,0.17940660468003475,0.2748653127789482,-0.5884616377810175,0.8125
2003,0.149520564404907,0.26909043037402824,-0.2739105059732706,0.90625
2004,0.16846381034100125,0.285486350609441,-0.3485212497700268,0.828125
2005,0.10239253297194782,0.29748369944679776,0.25026616328650564,0.96875
2006,0.13395609870666436,0.24869096744790178,-0.006563249130068033,0.890625
2007,0.14565289931786915,0.24886418054296064,-0.17259654940193042,0.84375
2008,0.08720806127734508,0.29089622070704674,0.3804906967959226,0.890625
2009,0.08379973259686385,0.2447043703717567,0.25895937225971244,0.859375
2010,0.06512798082398398,0.24331061462769366,0.6560702934151263,0.953125
2011,0.1669797710163882,0.18891215962952437,-0.19828299954690765,0.90625
2012,0.1386144415678919,0.2651965134436723,-0.07179462071561345,0.921875
2013,0.14759272543467553,0.2548795188102037,-0.25604387963288017,0.921875
2014,0.16877050980677535,0.25281377939103417,-0.5767467994270261,0.796875
2015,0.15125365897453646,0.24798562512225575,-0.2678952607385689,0.90625
2016,0.11235228644504469,0.27290788791538895,0.1509361653925899,0.875
2017,0.06954875590405159,0.263830206125885,0.4417935042828781,0.9375
2018,0.07837430336707617,0.24867243135288297,0.24658772525723605,0.90625
2019,0.013142139371054582,0.26048355108257,1.0226860996541713,0.875
2020,0.08413064612293937,0.2523713231508591,0.33791179472162447,0.96875
2021,0.08150276955971038,0.23894748845054517,0.3396649652969946,0.90625
2022,0.07004431551684731,0.26914478254632035,0.4114151748653773,0.890625
2023,0.08629628963543241,0.23802907852498092,0.413714423666047,0.9375
2024,0.14156952114869797,0.22326604749812815,-0.05942886035441755,0.875
2025,0.10200075758505266,0.20792652465123998,0.3751450610539097,0.875
2026,0.11175454277735948,0.2690915656176697,0.09842720023411401,0.9375
2027,0.11924753064519628,0.25963450658532233,0.16035653317467985,0.8125
2028,0.10092967340081171,0.2530495309353846,0.20775410032471775,0.84375
2029,0.06648256476608651,0.23537289025834796,0.5235068049393883,0.84375
2030,0.08304687677059173,0.29335266182433806,0.2577020071825854,0.875
2031,0.17779962563260673,0.2800634850938113,-0.5193978533052923,0.84375
2032,0.0818711329380236,0.2204896787738534,0.3273767099491934,0.859375
2033,0.16297418346098125,0.2486684551467794,-0.524677818242124,0.796875
2034,0.12545640668446076,0.2710068910299409,-0.09786309404237532,0.859375
2035,0.2133845634872824,0.265847848075164,-0.7780632909398265,0.90625
2036,0.08623893806450678,0.2699819370859916,0.46750473418027894,0.9375
2037,0.01406540236051781,0.22142681849733692,0.9101884189865672,0.9375
2038,0.1027618459373213,0.24573018797748092,0.19911065250764082,0.84375
2039,0.12604038887871083,0.24435968909778427,-0.03660776301832776,0.90625
2040,0.15974005428671512,0.2670373136399941,-0.2838297040065219,0.828125
2041,0.14994993408896226,0.3157610141969356,-0.40432970699426646,0.890625
2042,0.05079727837820976,0.2555293302352883,0.4998220263290274,0.875
2043,0.10673216377793016,0.2835594472058499,-0.08796463101611514,0.921875
2044,0.12451541020929809,0.2544598078156484,0.0689459255558579,0.890625
2045,0.16226139530971215,0.25552900708722215,-0.19686416650965616,0.9375
2046,0.20450865098595092,0.2571789837562225,-0.6647485969224791,0.890625
2047,0.17772851686816518,0.2589104569318698,-0.5878491338259465,0.859375
2048,0.17354493776914656,0.2951061905606325,-0.5228842049963635,0.875
