measured_sweep,plaquette_mean,plaquette_square_mean,ward_mean,acceptance
1,0.6112621757919791,0.46341957428857466,-1.925461782505099,0.515625
2,0.6235917438420356,0.45796841190437215,-2.3097077134478985,0.625
3,0.6434954265534548,0.4882131501079132,-3.12132845218173,0.546875
4,0.6590446214225724,0.48969241192520235,-1.3351781635395013,0.734375
5,0.6309935027755939,0.4738248832708784,0.4161595268858219,0.5
6,0.6248365088830955,0.45248629348948927,4.447608803695019,0.484375
7,0.6032253674643208,0.43968863555988696,4.077435994321098,0.59375
8,0.6201262341770389,0.45677557603920677,4.512914912374624,0.5625
9,0.6314237274759651,0.4716265137405998,1.8131224230283702,0.515625
10,0.6247643116154217,0.47775036383934416,2.6238881611154485,0.5
11,0.6565730961948545,0.5056399694202875,-1.54930308024772,0.515625
12,0.6399136513933666,0.4898338282934965,-1.6479399901311378,0.578125
13,0.6539814206801704,0.5063210139545425,-4.310369665631376,0.53125
14,0.673161358438215,0.505877802990314,-7.0840880483872395,0.5625
15,0.6578869611936041,0.48053720228684954,-2.295464589532497,0.484375
16,0.6511336359904298,0.4860480350235963,-1.374869304631218,0.515625
17,0.605515652279525,0.45026462246812216,3.017828734047468,0.5
18,0.6102545002289387,0.43768965460665027,0.5338074754006359,0.5625
19,0.5950945231279702,0.4358768726957094,1.7911572859706417,0.53125
20,0.6075825138283318,0.449703085229622,2.7901099054759397,0.625
21,0.624419513945896,0.4587137834421162,5.323433224040451,0.578125
22,0.652480789869405,0.5002322667933042,0.8510686391535037,0.609375
23,0.6334394787680292,0.4870248078419454,1.3658686380044145,0.453125
24,0.6252104383603689,0.48235203300693613,0.4227083800779643,0.515625
25,0.6061960296127011,0.4662782040489029,2.2669423300520353,0.484375
26,0.6105663887579978,0.46537103042466116,1.5233646786711474,0.5625
27,0.6685706205762423,0.5209732352819357,-4.474401966510164,0.515625
28,0.6822163551426973,0.5269034142616847,-5.052035294713074,0.53125
29,0.6792612356916771,0.5244162072448446,-5.743906360912599,0.5625
30,0.6583592888362734,0.5023830871636304,-3.3371721208638934,0.546875
31,0.6261825834943172,0.4716155732875582,-0.42864224168269405,0.640625
32,0.5918606298005343,0.4264249167301379,2.1271426464517305,0.6875
33,0.5855177964791295,0.44053925308984027,2.1366419772470664,0.609375
34,0.6073236037252182,0.45988736069664,-0.7907274391407638,0.625
35,0.6314778837523293,0.46282562087938334,-0.42667496870949945,0.515625
36,0.6395914830640997,0.47964669970283547,-2.117520203452932,0.515625
37,0.6508279524619501,0.48670582995263056,-1.7314696536779985,0.6875
38,0.6136290656269943,0.4582921606086079,1.8169337538246424,0.578125
39,0.6057965419342525,0.4604578857182215,0.9752595260032213,0.515625
40,0.6155693134715688,0.458741939305838,1.6089549772011802,0.546875
41,0.6276021120704794,0.47272671598962673,-0.22118848369229754,0.59375
42,0.6477339542297958,0.49687913701855546,-2.846123859607166,0.546875
43,0.6382052220699613,0.4906121317354257,-0.6903377902837269,0.484375
44,0.634461815960092,0.4947841878237833,0.536924682515624,0.46875
45,0.6418213468717012,0.5062958307956683,-0.5585846222169255,0.609375
46,0.643284891190078,0.5181497539738157,-4.8336467232450975,0.484375
47,0.6366315667198381,0.4955206189720884,-3.404502177626789,0.640625
48,0.6152541383944027,0.47494690380616483,-4.214332085017344,0.59375
49,0.5926810356171482,0.4436726192230516,-0.8545842249959791,0.484375
50,0.5774981547504174,0.43108414420872254,0.7242569335796087,0.5625
51,0.557048993488478,0.4002777138569866,7.383838247285461,0.703125
52,0.5880785457803205,0.4260083555246272,2.549068892734614,0.640625
53,0.6219656675303549,0.4730383727009853,0.7957031894306602,0.546875
54,0.6512660059686612,0.48570416527978577,-0.35500929630208816,0.59375
55,0.6563739581878697,0.5031406866828648,-2.322410691108309,0.546875
56,0.6438311531889167,0.49130206644933666,-2.6878621667778284,0.5625
57,0.6484292159333016,0.49642232101418093,-3.2392664230352928,0.484375
58,0.5935125862237515,0.44417710343016736,3.554759315314797,0.59375
59,0.6446060779307426,0.49914212094206306,0.3603804952067221,0.578125
60,0.6141336088912289,0.49056039303737203,1.7045494371533234,0.46875
61,0.6136586626944441,0.4685419001962429,2.507862765483512,0.46875
62,0.6522271366898227,0.491153319590158,0.4031558468711466,0.5
63,0.6636008768172935,0.49515110765461673,0.08602156483935203,0.578125
64,0.6606147511344486,0.513140140988399,-1.6733087214064317,0.53125
65,0.6198633286832674,0.4654845864348352,2.4903980109515613,0.46875
66,0.6074635878187755,0.44361906382009714,4.680133445976128,0.625
67,0.605534588194121,0.43853065629101007,5.836709720824133,0.609375
68,0.5713619734718062,0.4052396404949709,6.6344865576808,0.5625
69,0.6135168654690021,0.4540378867081946,2.0933350559599244,0.53125
70,0.6319134265219991,0.48719193725930054,-1.7570583595350677,0.53125
71,0.593070074438445,0.465755604719688,-1.0572421655480417,0.578125
72,0.5967637548102678,0.4677363350179787,-0.8213151200808343,0.546875
73,0.6038845139959562,0.4568971374432573,-0.752547555010728,0.515625
74,0.6128229985925481,0.45554323820670134,2.672732546845948,0.59375
75,0.6435592096059395,0.4729706583025062,1.4772465169344278,0.578125
76,0.6311910522543558,0.4707097827038667,3.398731206114812,0.53125
77,0.6450890380710196,0.4823492170754496,2.1394194646322613,0.640625
78,0.6806397218768608,0.5132803389402433,-3.363268414261384,0.53125
79,0.6530464970473961,0.48544636388509393,1.3871692739072783,0.625
80,0.6674274947733682,0.49431732298313097,-1.6984008213374828,0.59375
81,0.6547954331640321,0.4930384051566021,-2.1876869129284175,0.484375
82,0.6343852280612438,0.48697053042127586,-3.703374422558606,0.546875
83,0.6239134040189916,0.4764170572018041,-2.6102896151529174,0.40625
84,0.615053708393771,0.45815519451806724,-2.3957087099273475,0.5
85,0.6554798392383504,0.49214631669403525,-2.788947376293067,0.453125
86,0.6523304589435127,0.48383790347044675,-0.29891716960816744,0.5
87,0.6352074487945033,0.4759090629152434,-2.5876055601486287,0.5
88,0.6286145533329677,0.48944536693113044,-1.6449422242483225,0.703125
89,0.6261588115455538,0.4723314180646922,-2.4099655502814596,0.484375
90,0.6248321418088422,0.47592894554375365,-1.9130793744877643,0.421875
91,0.5967367030542173,0.4483157665936374,-0.08383337632706234,0.609375
92,0.5996257430862711,0.4356140975379608,1.3599755997566232,0.53125
93,0.592457917910257,0.4303888014734149,2.875146990502663,0.53125
94,0.6046667540535139,0.44171286284003514,4.5427407030194935,0.65625
95,0.6076329380284623,0.42696099947377714,2.7163447482158705,0.609375
96,0.6183103476485915,0.44429913545199035,3.487232154659899,0.53125
97,0.6139625970827195,0.44124290199312455,0.3930367238077643,0.578125
98,0.5958436434722943,0.43343962415699283,3.573303657142255,0.671875
99,0.6057993796842248,0.4456574874579711,3.610740762989955,0.46875
100,0.6138311331982395,0.451367801331281,2.402992094759639,0.453125
101,0.6119238848092793,0.4780026681383667,0.6955542301247375,0.703125
102,0.5746698646396964,0.43498127055044405,5.40712494612407,0.6875
103,0.6096624201259464,0.44804910828337924,0.7838684067128716,0.640625
104,0.6188500096094002,0.450634479108952,2.621712517249617,0.546875
105,0.6287734517432649,0.4663519810214411,1.4191563129792708,0.578125
106,0.6653165446429151,0.5035673846674399,-2.9104898514576663,0.625
107,0.6664456877126264,0.5075200899237254,-2.7124439642807814,0.40625
108,0.6706325589789106,0.517091506068481,-3.3595441153980374,0.625
109,0.6716280563902641,0.5175952799620932,-3.519741804021169,0.578125
110,0.6736445123896918,0.5344743800737668,-3.929138336655958,0.546875
111,0.6543476049195701,0.4966657304965474,-0.7545879428182966,0.640625
112,0.6354139449327373,0.47516933179006976,0.3305211490135346,0.53125
113,0.6456555292419175,0.4935973583812812,-0.2297423628024613,0.578125
114,0.6154037118354958,0.46059613224430046,3.241523732969512,0.578125
115,0.5649344408935341,0.41754321754412155,7.537636171094362,0.5625
116,0.5783636759893594,0.4294831144648728,5.560754666907365,0.546875
117,0.6176881013384506,0.4648012943156399,3.5339036508621104,0.5625
118,0.6022657979672195,0.45687361716400526,5.026649853254184,0.5625
119,0.5962555048187143,0.45109705700558483,5.159108224560179,0.5
120,0.6089619234819298,0.459848994724023,2.778384073130155,0.546875
121,0.618514242649011,0.4789007886530238,3.652849563080075,0.5
122,0.6058561863274806,0.4627669384219015,3.5168230788531067,0.53125
123,0.6090673214946621,0.4745598046751199,1.5494298175313759,0.609375
124,0.6131189815226917,0.4844489954648436,1.9088686310015024,0.65625
125,0.6084132594833395,0.46284460444533404,2.9289047067673906,0.46875
126,0.6081654113415614,0.4390887192282859,2.396490102548127,0.5
127,0.6297004311387647,0.4661388167852583,-3.2978113204603074,0.578125
128,0.589859215876034,0.44174670350023315,0.42347320656558746,0.46875
129,0.5814435976860194,0.41538334309832364,2.3414304612911137,0.671875
130,0.5767271433760689,0.40612850891285746,5.92958445073571,0.53125
131,0.5920599543529597,0.43710449572749344,2.59157763234509,0.5
132,0.5856235793014899,0.41659884434373917,0.4354068750008685,0.53125
133,0.6118279692742816,0.4541677283732956,-0.7716412806041245,0.5
134,0.6027885882494319,0.450216896767966,-0.6527296052766653,0.546875
135,0.6128058397044533,0.4542162711433577,1.1049788972967165,0.609375
136,0.6169783195505504,0.4630737130941376,0.7097934722908374,0.625
137,0.6136011147405727,0.4526834772686647,3.750151246334882,0.625
138,0.6152800699241975,0.4320369239460959,4.293689056366367,0.515625
139,0.6130577880817171,0.4358059388513304,5.344736145816442,0.5625
140,0.624113301467941,0.45009045525260655,4.907727892752127,0.59375
141,0.6353876642527596,0.46649366937991205,2.9274686306784643,0.546875
142,0.6227744178999147,0.45663846137857883,1.2292756807260763,0.578125
143,0.5923072420170934,0.4261670279742666,5.625997418849428,0.5625
144,0.6036301352200647,0.447162740190531,3.920440830950703,0.46875
145,0.5910179622100881,0.4469587564555943,5.342699308281897,0.484375
146,0.6026499829799387,0.46065141253140557,1.8916877630746187,0.546875
147,0.6164106422361693,0.45650140446885334,-2.444712947607302,0.609375
148,0.5933865824849359,0.42644099201977165,1.0957063266061662,0.578125
149,0.61213098096979,0.44468987015869604,-0.44735034186730976,0.6875
150,0.6007678541682152,0.43142775388126675,1.1202935623020926,0.421875
151,0.5939339575390097,0.419157892748867,4.847902962836645,0.53125
152,0.6031491224156441,0.4538245825376907,1.5634877038749517,0.59375
153,0.6488110536993554,0.47826085948788793,-1.555673589931383,0.53125
154,0.6550563875127104,0.48495261688911356,-2.699939868902245,0.453125
155,0.6139761682006345,0.4625228818239841,0.7397733224176232,0.578125
156,0.6326637215829248,0.46463885033621644,1.1034519108528738,0.546875
157,0.6284744727350282,0.45227175790500845,1.8887152142766122,0.5625
158,0.6252978514205477,0.4548141106530151,1.1702315084970394,0.703125
159,0.658438108815237,0.5016208621224085,-3.8372370978037766,0.59375
160,0.6299077714503992,0.47790306265052895,-0.238819708818089,0.609375
161,0.6332882989449513,0.48348306725059903,1.1702968931001207,0.515625
162,0.6263651860822278,0.4665198066648073,4.208027835594681,0.515625
163,0.6326174969122956,0.48182076797751466,4.42965738126412,0.578125
164,0.6326615566013971,0.4778758996159696,2.760263559947785,0.546875
165,0.6347789411391423,0.496138523397139,2.5410066832748672,0.546875
166,0.6255620817495563,0.4868907201805233,3.639468872336254,0.59375
167,0.666806245484838,0.5341215195196584,-0.815160092717478,0.578125
168,0.6351094248781135,0.48977146574039293,2.9813733677436227,0.578125
169,0.6221855732265243,0.4693298348030699,3.4210521262380698,0.53125
170,0.6195743460572808,0.46545878165001414,3.185261455386692,0.5625
171,0.6296838290364871,0.46512532869860185,2.9920542306184448,0.6875
172,0.6437887954208286,0.4812332494487484,0.04177589076792326,0.59375
173,0.6695471174398909,0.506234300879128,-2.918721733492774,0.515625
174,0.6603732336828942,0.4900371157255208,0.36684524314687456,0.546875
175,0.6786476012378438,0.5126730556851641,-2.148954073835358,0.640625
176,0.689012174260057,0.5290629839816998,-3.7882141501599866,0.421875
177,0.6818838369958957,0.52542757961425,-3.3197431029392774,0.4375
178,0.6633159957596225,0.4957629013317504,0.11887684492301143,0.640625
179,0.6902858135276805,0.5206539037214729,-3.423460899634198,0.59375
180,0.7147270555897732,0.5368673702148271,-3.1168085591956904,0.625
181,0.7074040975404968,0.5391686779385896,-3.746912993906838,0.578125
182,0.7166820161566158,0.552987967809789,-5.51954937713239,0.46875
183,0.710606605827099,0.5584756080835283,-8.216934592543376,0.546875
184,0.6804475304412622,0.525186870394888,-5.172491248921385,0.640625
185,0.6490986774648786,0.5003707070690936,-2.2867638389185916,0.625
186,0.6406248946101422,0.505214794852211,-2.8504529172383033,0.546875
187,0.6248283168902175,0.4919745930308208,-0.2819858445934457,0.515625
188,0.6256898842163835,0.485693181239003,-0.1842886787429977,0.453125
189,0.6364703978620302,0.5125974615515568,-0.25842767161291824,0.546875
190,0.6453855021806615,0.5056517798360313,1.379560813745376,0.484375
191,0.6456453240807257,0.4881231374057143,2.4259232527340506,0.453125
192,0.6747692751435639,0.5077423042369397,-0.7860419572647046,0.5625
193,0.6763062843191952,0.5185174757897126,-1.4058645394652816,0.65625
194,0.6961863508533125,0.5463650096464946,-4.3848650147955075,0.5625
195,0.6643753812643833,0.4975233225230709,-2.3707539644708095,0.609375
196,0.6459946823247442,0.48175602550916374,0.3299387208423262,0.5625
197,0.6522861243056068,0.5035833907581688,-0.30879848480755734,0.5625
198,0.6510320172050127,0.49524892520587366,-1.305506762549425,0.46875
199,0.6651999255086443,0.49893114701363733,-2.039759509666962,0.5625
200,0.6951079417678864,0.5325061182177652,-5.362126602646312,0.4375
201,0.6678915494151779,0.5119021988726479,-3.1013615448211196,0.5
202,0.6548536983134354,0.49091147438525495,0.6966920490113255,0.515625
203,0.6752170728790755,0.5048847793885988,-0.5127852086791728,0.4375
204,0.6561521117849879,0.49031811467000713,1.413790878058938,0.703125
205,0.663405687656403,0.4930565857352285,0.6890857147938383,0.46875
206,0.6661533948045695,0.4883849694939784,-0.7301556134783282,0.671875
207,0.6558017147279462,0.4982623405298452,-1.0759623204531543,0.625
208,0.6545412491748294,0.4928650209876153,0.17024324868121632,0.578125
209,0.6356978546131057,0.4702791813255123,2.9276911438713267,0.65625
210,0.6358217872470638,0.4835373635662961,2.7052172287444307,0.5625
211,0.6368222148907666,0.4747474164912311,3.5969598501811495,0.515625
212,0.6475848547651101,0.486656189158778,0.7781091739595815,0.578125
213,0.6491108198011775,0.4872137606041169,-2.509113914290203,0.625
214,0.6189728190431363,0.4557931676217593,0.262077963844172,0.546875
215,0.6403675804692313,0.48768910591175657,-1.3613159266272943,0.53125
216,0.6416229253928184,0.4721620905154477,0.625318899050783,0.5625
217,0.6411824130567394,0.478566570550367,-1.0645428108269854,0.515625
218,0.6350457473221894,0.4800524242940307,-1.0638736032787497,0.625
219,0.6404917073288076,0.5056873490089089,-2.828387647374821,0.546875
220,0.6398309669780216,0.49501513119784873,-0.8684262041366091,0.625
221,0.6221643949524979,0.45578562010221185,1.5166221143525265,0.578125
222,0.667775360148131,0.4960062658776021,-1.2704168229228872,0.515625
223,0.6943775308079204,0.5335687995181503,-6.172835920236553,0.53125
224,0.6962445204926139,0.5536333765328968,-6.609702605820701,0.609375
225,0.6950208648802484,0.5430799920958086,-5.036117945493212,0.515625
226,0.7034515851489652,0.5594666429313582,-6.364017571326423,0.609375
227,0.6931946455621686,0.5322153608591015,-1.1637388269314495,0.40625
228,0.706311910800615,0.5466363012175397,-4.144287747668057,0.546875
229,0.7095300559508391,0.5479162647933223,-3.6803152814793196,0.46875
230,0.690338017749319,0.5310789258448345,-3.613785628396536,0.515625
231,0.7351325830922549,0.5834552426330665,-9.977673378237638,0.453125
232,0.709701001598487,0.5544053642485587,-5.65156808044604,0.578125
233,0.6966975614848572,0.5309325603718306,-4.9842984647452,0.609375
234,0.7151555985851815,0.5525830335701891,-6.597264622288089,0.484375
235,0.7051256567669005,0.5478834430863334,-4.048174769309918,0.5625
236,0.675807629891402,0.5148267066064217,-1.7891290155247983,0.5625
237,0.6660854649953151,0.506186020936203,0.32726924354959874,0.53125
238,0.6463219309865462,0.4917651882174925,1.8879202051535777,0.5625
239,0.645121015566707,0.5103661305637462,1.3268786720687198,0.546875
240,0.6536394282646459,0.5081385977669898,-1.8729474649598596,0.59375
241,0.6502272952438993,0.5047337716095796,-3.0517069600910958,0.53125
242,0.6407242271258906,0.4981590169704401,0.193985611232257,0.484375
243,0.6391653719266293,0.486963904272248,-2.164913485624842,0.65625
244,0.6276557214374999,0.47038089104573927,0.0755918332547626,0.421875
245,0.6112622357759091,0.4614061604547504,3.164461787374734,0.4375
246,0.6263114557162143,0.46613332127608126,1.5230052093280604,0.609375
247,0.5996733668289914,0.44373623100569076,3.619922906941025,0.59375
248,0.6469197864210942,0.47751778892696733,0.13185091274939728,0.5625
249,0.6847327132295478,0.5258844343556578,-5.6819968612159935,0.578125
250,0.6903831418692975,0.526567627182827,-5.81535392694902,0.46875
251,0.6952647112280615,0.5378995716858238,-4.959765137242469,0.625
252,0.7182589141052581,0.5634905148329056,-7.737360464109152,0.515625
253,0.7114924518678586,0.5553261844278864,-7.537416181619767,0.515625
254,0.7131877271290753,0.5580368744686416,-8.605022238429505,0.515625
255,0.7073553183766461,0.5443282457795157,-5.86261464817758,0.59375
256,0.7019840057625827,0.5391684255417166,-4.858445007029054,0.5
257,0.6958467317585012,0.5349057376621006,-2.9072474536486674,0.4375
258,0.697583824122398,0.5359247768228546,-3.001112103531495,0.53125
259,0.6966783558765123,0.5322299177838096,-0.11535751738020195,0.5625
260,0.6907504114425876,0.5273858141873263,1.3204184065206055,0.5
261,0.6893723932113511,0.5320486467833972,0.39372577686613686,0.5
262,0.6869169556009899,0.5281726901460383,0.6520227932361757,0.375
263,0.6767690951616309,0.5113228253851405,2.082205853262253,0.53125
264,0.6794593638899759,0.519831917531136,0.0186263592980907,0.5
265,0.6572996326213796,0.4837949998439815,2.7432896465238805,0.640625
266,0.6624542158566586,0.489523502862839,2.696400839022016,0.609375
267,0.6644956744283347,0.494257967707042,2.155109937291178,0.4375
268,0.6467896782260413,0.4857230836685484,2.7171344391076846,0.546875
269,0.6900161614152092,0.5367803949969564,-4.48942851765813,0.515625
270,0.6855860128230896,0.5351636739969726,-3.973314409293481,0.53125
271,0.698713162666495,0.5574764863123611,-6.441382808974702,0.46875
272,0.7095687615143212,0.5692829097649478,-9.076733294411353,0.546875
273,0.678416728578403,0.5296517644647097,-4.593747026724637,0.5
274,0.6872906354349991,0.5307699787301172,-5.402649830693951,0.546875
275,0.652202567483889,0.47647874879565927,-2.809514267073534,0.59375
276,0.5827629194574139,0.4017290913121909,4.29706910247727,0.640625
277,0.5591197217223893,0.3849143015349598,4.97925660841958,0.5625
278,0.5622181243345264,0.3963008007486073,3.2707537888575557,0.53125
279,0.5632576410909375,0.39583281719745383,4.656753312983098,0.578125
280,0.5355385913691612,0.3801707895467306,6.2723031085558505,0.703125
281,0.5479571554112453,0.40274487181576824,3.451107404906368,0.5
282,0.5693781499393143,0.41440597350014086,1.256605382216092,0.546875
283,0.5670747463734576,0.41019378793030475,0.7972642082055528,0.53125
284,0.5542322793697897,0.4030397310704503,1.2887718974000655,0.640625
285,0.5827801136138161,0.42201747509645954,0.9499287698642296,0.515625
286,0.5617143690572145,0.3944592224815156,0.8577441615158843,0.46875
287,0.5664083753388333,0.4138064622411886,2.6197481488913503,0.609375
288,0.5559185141177415,0.41145776023149194,4.117261378822531,0.5625
289,0.5800682465002661,0.42708214357602786,4.359067989574625,0.59375
290,0.5770762955654138,0.41647229589992407,2.2363346463981624,0.578125
291,0.6108828223444496,0.4593247699036156,-2.319436692439041,0.609375
292,0.6060246369057163,0.45712736754879896,-1.2522998685197393,0.609375
293,0.6196693468493772,0.4660536258517789,0.36831838391343263,0.4375
294,0.6329346500823738,0.47899731437177057,-1.3402178397902926,0.59375
295,0.6201643048245827,0.47823215212157155,-0.4774524283318614,0.578125
296,0.6341822112489672,0.47501483585888077,-1.041355623040658,0.546875
297,0.6465668379894893,0.5011722367873032,-2.2254896868388863,0.453125
298,0.636722128959422,0.4995252548925986,-0.6761608077488119,0.53125
299,0.6046843227262567,0.44834517237017774,1.8082454975945683,0.46875
300,0.6248099256623357,0.47263064084192896,-2.1340566396145313,0.546875
301,0.607101165983473,0.4614406275973546,1.1241880742817227,0.515625
302,0.605104316383025,0.4731744984980195,1.9570877717599788,0.484375
303,0.5659838628160168,0.4429007768719102,0.5194790501425259,0.546875
304,0.5569253127913961,0.42037478695840824,1.888028557647518,0.5625
305,0.565992731086237,0.42247967557253135,0.8582344536484969,0.625
306,0.5783203885399405,0.4381216218048322,0.10143319759296177,0.5
307,0.5736655423638101,0.45070157432874,0.8810282933483443,0.5625
308,0.5693726693222433,0.44738069274978826,-2.0606074006657455,0.59375
309,0.6032715669443128,0.4704110052144008,-3.425424013339429,0.546875
310,0.5905974448703871,0.45801374554928714,-1.2052799788986202,0.671875
311,0.5954387566757986,0.4527945619349061,-2.2085932953112035,0.5
312,0.5785241346768121,0.42051191717749,0.8529287076989542,0.34375
313,0.5786849477184179,0.4304680692963718,0.675609185378536,0.59375
314,0.5765394959363781,0.4436803861904938,0.4436442885508737,0.53125
315,0.5825059615431633,0.458825998477169,0.4857001363424439,0.59375
316,0.5996212470853755,0.4897699766310289,-2.2096538438601963,0.578125
317,0.6041671805472744,0.4947500570477888,-1.9649162573516583,0.625
318,0.6248375243639471,0.5117941772931394,-4.517401171450958,0.546875
319,0.6134860738802099,0.47788538092640787,-3.7296462226861458,0.65625
320,0.5991179175049517,0.4673464485380508,-0.1283089308202925,0.59375
321,0.5856987723901573,0.4389567390481998,0.130883991041284,0.625
322,0.5898506485544773,0.42543532154360725,1.7156261042073275,0.53125
323,0.6195825046553675,0.4600381466073911,-1.1404524161331673,0.59375
324,0.6124579599259458,0.44445101799270664,1.3240820622865668,0.484375
325,0.6146518467813286,0.4499905015717451,2.7537339640419094,0.5625
326,0.627460235391624,0.46587454251189214,-0.21113691578295957,0.53125
327,0.6222787234585648,0.46595257278467317,1.4864222288823041,0.53125
328,0.5845046571974924,0.4348073805355411,5.4849753333851545,0.5625
329,0.6043115446272916,0.4554921001549055,2.9902520899247245,0.515625
330,0.6360379621752056,0.47843347671128433,-1.212268634251427,0.4375
331,0.6449358358241648,0.483630347679449,-2.074958274920618,0.46875
332,0.6571157116530366,0.48031638289238554,-1.5377886177926516,0.65625
333,0.6610195482587469,0.47770948979728045,-2.301919731560181,0.46875
334,0.6551780817022048,0.4809426304207272,-2.4928718402949204,0.5625
335,0.633200529002886,0.4711931793204049,1.447424537367903,0.578125
336,0.6391336570940063,0.4879868708688592,-3.2519133242613547,0.578125
337,0.6574701153829235,0.5156586916235698,-4.502658976698874,0.5625
338,0.6501759978416025,0.49573563879828253,-3.697693431984767,0.578125
339,0.668802382805317,0.5118204057733294,-2.753961391922401,0.609375
340,0.6551991635949058,0.49383929026260515,-2.93928881606867,0.546875
341,0.6329374850334032,0.4930916030628003,-0.46557884121240545,0.515625
342,0.6874944308205823,0.531580937665661,-3.5900706137004113,0.578125
343,0.7012251235195618,0.564425877844104,-7.2206760539129204,0.453125
344,0.6721442830086154,0.5253056950784444,-2.8822133886012877,0.46875
345,0.6329553522935333,0.4919496936641443,1.6334158475046914,0.59375
346,0.6324257198333899,0.4914156631811295,1.2553122364703346,0.640625
347,0.6604811645304189,0.5276481614080885,-2.7508664886189025,0.578125
348,0.6021768356059218,0.4734008704965013,3.734026330044543,0.5625
349,0.6530557224449999,0.4927395678715241,-1.790559248383336,0.453125
350,0.6863957870926533,0.53621134643212,-4.536793098110026,0.609375
351,0.7014199472605492,0.5542148118946014,-5.477957948545535,0.46875
352,0.672848402133452,0.5242063810386215,-4.9488963368514085,0.53125
353,0.6543875911956029,0.5082986625650562,-2.9150910629823077,0.515625
354,0.629555834771603,0.4858183723267455,-0.10105313085945639,0.5
355,0.5988141626242922,0.4537078897021581,1.2954033069207553,0.53125
356,0.5821376715624873,0.42911624342718896,0.5755312644058882,0.65625
357,0.5863251017578053,0.4548798746186045,-0.3051356297588548,0.515625
358,0.5664620492595405,0.44112887013822827,0.7442654928701279,0.65625
359,0.5809256143956669,0.4758561242978354,-1.3894617110529244,0.5625
360,0.5571905259419045,0.43611577915252636,1.4182501678888908,0.578125
361,0.5105833616229338,0.3900032343882174,5.457033034075613,0.484375
362,0.5064400746813735,0.39469333754511154,4.461003540694751,0.546875
363,0.5123744946991248,0.4065178458104352,1.8769476065455277,0.546875
364,0.5263708564853294,0.3689700750066323,1.887437531734109,0.625
365,0.5008307981380801,0.35626694950946874,5.053047598374358,0.546875
366,0.5076391995457382,0.3775559703473889,4.374214967599532,0.46875
367,0.5070165521336026,0.36787079695554725,2.7324533755147007,0.578125
368,0.540786169169062,0.40202914194999834,-0.5011191250398181,0.578125
369,0.526524855331371,0.3972179052210894,0.0037615802362630513,0.65625
370,0.5161406236503828,0.3924911588361941,-1.107741965874964,0.703125
371,0.486162546949035,0.3821406100581031,2.2172415303345363,0.53125
372,0.5025559052596896,0.39052684133967824,1.1803618052725555,0.59375
373,0.5259161258558841,0.39151819510673214,-0.31638887622096684,0.53125
374,0.5269937233302188,0.3875241203643438,0.42595413941436416,0.65625
375,0.5326115709429016,0.39402857828889043,-3.1641396750274913,0.546875
376,0.52620343481985,0.39492167188455635,0.2762319673659636,0.5625
377,0.5418111583786144,0.4139195893689284,-2.167140271344351,0.671875
378,0.5198760753597681,0.40006492911296904,0.11389956390403944,0.46875
379,0.5451130003373935,0.4149328874841165,-3.279190336252932,0.609375
380,0.5287548385554071,0.3964811538524284,-1.3959678983849404,0.578125
381,0.5191050104387877,0.3760099117145099,0.8813726811532427,0.515625
382,0.5391540094917086,0.38100613310755277,-0.4720551206200235,0.515625
383,0.5502962709852294,0.3847268577869354,0.6834471743938784,0.640625
384,0.5547919669702058,0.3985947856770853,2.1232672663296888,0.640625
385,0.5292106433811418,0.3862994024253379,1.9125756531583875,0.609375
386,0.5496599106404865,0.39195108129680684,0.6927395333909339,0.5625
387,0.530176369440213,0.3788033870948162,4.922133488381897,0.5625
388,0.5548862771296799,0.40885837926486274,2.389612420637268,0.484375
389,0.5344828365697792,0.3926284037166705,6.3332281008296984,0.5625
390,0.5480845615694355,0.4076257916835974,5.000472263330336,0.640625
391,0.5373861810975439,0.38983528799691913,4.899423547941022,0.5625
392,0.5655859356273414,0.4126487745161372,2.311068906857247,0.5
393,0.5844829203635339,0.4233296887589786,2.5212367657206194,0.53125
394,0.5662925969122742,0.40727419059482833,4.311682377678589,0.546875
395,0.5687808833030062,0.4149244843118111,3.6042664424589357,0.59375
396,0.5879358077806901,0.4281686646463068,5.506652600887146,0.609375
397,0.5762834294553104,0.4217813852731831,6.738202342432315,0.546875
398,0.5677998069996683,0.4048763676201645,6.556731779563366,0.59375
399,0.5840007428111882,0.43557416479808264,2.5838264881822326,0.546875
400,0.609017192597198,0.45977179944253543,5.2361562673702435,0.71875
401,0.6061008082889935,0.46066274764604254,4.759496257565882,0.640625
402,0.627143547881971,0.4783295850470721,1.5648342979712848,0.53125
403,0.6358900296324169,0.49519881036406543,-0.6278157175440198,0.515625
404,0.6303912433500136,0.47662100703078086,2.011075668921288,0.5625
405,0.6643703861506339,0.5135407408514192,-2.839186501437702,0.515625
406,0.6661625727294296,0.49732670966306386,-2.715551371695361,0.625
407,0.6575240095311644,0.48783908470667775,0.40571130017973517,0.578125
408,0.6552762015669363,0.5010408546817944,-1.7234371404418467,0.546875
409,0.6551517016806392,0.48414126986733175,-1.3383459522020145,0.578125
410,0.6422062279026246,0.46965114663483604,0.801644309605112,0.609375
411,0.606628886369734,0.43848264828984324,1.6603054279406169,0.703125
412,0.6186198753301575,0.46458915657046296,1.4494991675091105,0.578125
413,0.6176351200462012,0.4558485281755991,-1.2401708741216617,0.5625
414,0.6222346586097824,0.4638289056496392,-1.0636091249689674,0.421875
415,0.5872074020026097,0.43270755984202297,1.549755053413922,0.5625
416,0.5749819270229567,0.4245842761477768,2.417486127011829,0.625
417,0.6132753878834168,0.4546746200910663,-0.643474753208934,0.65625
418,0.6341900305035318,0.47605927489471567,-2.3456969981877784,0.546875
419,0.6266929933364334,0.45825070439891435,0.6869343592082473,0.625
420,0.6310409027365177,0.46404339119931776,1.3741316336666822,0.453125
421,0.6587757869283665,0.5015056793056948,-2.2161770427178316,0.53125
422,0.6553662665088621,0.5040937138450629,-4.162895596543961,0.5625
423,0.6490765445090986,0.4893114870023367,-3.45294898472436,0.546875
424,0.6362306650522583,0.48318318794262466,-1.004743996516154,0.515625
425,0.6282400328373847,0.4719471476712716,0.9504382816870302,0.5
426,0.6415093067368219,0.4882454387293578,-0.45460523755650195,0.5625
427,0.6474555987022638,0.4795088766383513,-1.843581149698139,0.609375
428,0.6391776171532308,0.47385048045857464,-2.438459890655205,0.625
429,0.6404455463722665,0.47654380409241837,-1.728317667182243,0.65625
430,0.6208314980305344,0.45982222472246886,-0.44947710429021454,0.609375
431,0.6072450688005367,0.4721518947679704,-0.5280694888370455,0.53125
432,0.6058489164358677,0.4585677301764701,0.07116419512650102,0.546875
433,0.6035563617452044,0.44497591190229396,2.1476080844953898,0.4375
434,0.5961161341261358,0.46054655647951254,0.7641876398358206,0.65625
435,0.5771131809842835,0.4571757930306654,1.0578054502311114,0.5625
436,0.5648551196771636,0.42828100830300203,2.84233583879045,0.453125
437,0.5494036727071177,0.40838228047982,7.401713135201031,0.46875
438,0.5530625755735467,0.41046536672271916,4.8738352468657355,0.5625
439,0.6003250123974476,0.46011757158811717,-1.4691731884295254,0.484375
440,0.6077259642565855,0.44783050180603823,0.5386710490713633,0.546875
441,0.6179597985936475,0.450514948510855,1.1320650916055077,0.484375
442,0.6439145967353462,0.47957891950066694,-1.7603133797032413,0.578125
443,0.6436321947827448,0.47787987728557163,-2.096983104168594,0.609375
444,0.6283298433775958,0.45441162855830813,-1.8760855169734931,0.515625
445,0.6107981408887178,0.4426187298384671,0.3903099943873415,0.65625
446,0.6146766371462016,0.44823005257113646,0.5469646474886256,0.5625
447,0.6240369603618237,0.47470914642789824,1.1232558834776383,0.515625
448,0.6570503636761859,0.5070196439726503,-2.0074910610458874,0.5
449,0.6997778562609666,0.5380304743957166,-4.559116253676581,0.609375
450,0.6862744357135631,0.5097464274874862,-3.3980864868010903,0.5
451,0.6832851960697143,0.5149366804778218,-2.866168578954794,0.609375
452,0.704726497771218,0.526591234083134,-5.6336005503482705,0.515625
453,0.711619601954451,0.5444748574034023,-5.7920190917214995,0.5625
454,0.688705121182282,0.5167792173814787,-4.118822995435469,0.578125
455,0.670294526989124,0.499023892348553,-3.0019237049107845,0.46875
456,0.6879024249122493,0.5280933820302288,-2.750490919760327,0.484375
457,0.7102328164696393,0.5525681023784573,-6.4177107721146935,0.484375
458,0.7011885606328779,0.5396296852331547,-5.988404513309847,0.515625
459,0.7213485943734285,0.5622644204074523,-8.218071119265556,0.578125
460,0.7021486184790491,0.5384601344033201,-5.5154326539777125,0.515625
461,0.6912025799250309,0.5200919971432508,-4.125578129572195,0.484375
462,0.6760940452614942,0.5031647770008164,-2.075883763571831,0.53125
463,0.6639160665034054,0.4884524481758728,-0.10997690338328886,0.59375
464,0.6598748011441063,0.49562298284307493,0.8515955649342969,0.578125
465,0.6627711981492034,0.5052348681125435,-2.3714658591112596,0.515625
466,0.6680139652481282,0.5226401657344227,-4.265725174176804,0.5625
467,0.6728612683660616,0.5095457388414311,-3.754680680818263,0.5
468,0.6553225351637907,0.48435848361508405,0.47600700805694157,0.625
469,0.6567052761308207,0.4834660144997385,1.79758732079457,0.4375
470,0.6511264432140033,0.4935792148350428,-0.5004664012337139,0.546875
471,0.6703582861976248,0.49916209847614845,-4.543075335764092,0.546875
472,0.6662719447431288,0.5140663774908037,-3.910497267850368,0.609375
473,0.6708521447337071,0.5130138895442823,-4.617025919476923,0.46875
474,0.6958291641872641,0.5446364966948002,-5.498566842187157,0.484375
475,0.7064335458077741,0.5604205752743056,-8.66261048278776,0.546875
476,0.7003461295887031,0.5585435888625705,-8.072227778299254,0.515625
477,0.7059987517689049,0.556959931001913,-9.240394173987339,0.4375
478,0.681965843493682,0.5310792284964423,-6.28893045801872,0.625
479,0.6840394400155275,0.5330394496886707,-4.981127289813552,0.546875
480,0.6577827508983735,0.5175048387108235,-4.335996055014859,0.546875
481,0.6581494962220166,0.5299972921727019,-5.445400672938891,0.609375
482,0.6658929257734802,0.5307990848759082,-5.358268800689574,0.546875
483,0.6239343674681972,0.49079019022637094,-0.28590333931654094,0.484375
484,0.5982793780921671,0.4523184464672771,1.3878780325668156,0.625
485,0.6203706860653718,0.479542111814943,-1.3985829615308973,0.421875
486,0.6057521555446613,0.46462550432231303,0.35930854836466,0.5
487,0.6355387841449136,0.47118473079452716,-0.4669482032708546,0.5
488,0.6797425548109878,0.5143535946126795,-3.7314275708533167,0.53125
489,0.70216350134544,0.5422767755275214,-3.8252921561710203,0.5625
490,0.6688314863160002,0.5146158336805517,-0.18715070320728983,0.453125
491,0.6786092880212987,0.5318030955475429,0.7757667471405663,0.625
492,0.6614441247000721,0.5056298939573715,0.8275089699934826,0.546875
493,0.6521814634028145,0.4993109941363909,1.3709840500222599,0.53125
494,0.6591834698707831,0.5161355893777193,-1.7633100493696574,0.640625
495,0.6359472266952307,0.5000288625343724,0.7207477008749137,0.453125
496,0.6629995433994186,0.5202738173985453,-2.497038432637709,0.59375
497,0.6818410207355212,0.5189504948935987,-2.639277283509849,0.5625
498,0.6815359827090134,0.5203004118663871,-1.448880752654201,0.578125
499,0.7034124518425262,0.5392468454648334,-2.5296268351559905,0.515625
500,0.676651951858549,0.5206545005536323,0.6445863455587062,0.515625
501,0.6928497752325976,0.5366956783571118,-2.6718115172666783,0.546875
502,0.6737186360984095,0.5236815804630844,-2.201894157037165,0.578125
503,0.6522393092019872,0.4870612537457986,1.4269123660988696,0.609375
504,0.6418785445704274,0.4750411164630954,0.9859878195441745,0.515625
505,0.6345818155192334,0.466329951855672,2.2585460721318156,0.546875
506,0.6268633142991215,0.46027943086818235,1.79869705088719,0.5
507,0.6552086743402014,0.5054586328725909,0.6054704952541945,0.59375
508,0.6174567026018823,0.4508033997351792,5.327905050234913,0.578125
509,0.6340434684903578,0.47499840431582374,-1.499993773124201,0.5
510,0.6170001514114075,0.4702449790896272,0.09463411411068501,0.6875
511,0.6446268279209669,0.5012325513162209,-1.519199993216962,0.515625
512,0.6340575365299953,0.4754007274061795,0.9025324766632512,0.625
513,0.6319869235018909,0.47279594334509123,0.20212969928754448,0.609375
514,0.6338688929230991,0.46687579629976156,-0.09636038723177681,0.546875
515,0.6509402845474906,0.48230230885191167,-0.3366298186729389,0.671875
516,0.6230949047292298,0.44938077314950836,3.930100904302545,0.484375
517,0.5954164592313783,0.4408145638713306,6.83244623959852,0.609375
518,0.6295835015169837,0.4721868904867755,2.4982057133808975,0.59375
519,0.638184238395559,0.49619537833038874,-0.5278410956109999,0.453125
520,0.6054878554066092,0.46166450300375733,1.341242004424934,0.515625
521,0.5988780051888317,0.4464715524632526,2.8350512088622137,0.65625
522,0.5823650618294499,0.44235258238548364,3.0181435615455685,0.609375
523,0.5699524810137802,0.4291280192454178,5.491148912556699,0.5625
524,0.5713492616174838,0.43966366064698875,5.934759310056444,0.53125
525,0.5339429783686053,0.4117408518747876,8.79510664291556,0.671875
526,0.5710434378665621,0.4225656500119173,3.246590640758913,0.5625
527,0.5705776474538061,0.41478798026998115,4.293448076332657,0.59375
528,0.5616804401825499,0.4144645059005514,1.552905957308826,0.53125
529,0.5369360360330595,0.40033489045124937,3.2134821910446454,0.5625
530,0.5421959132426926,0.4038509145903517,2.0822361013178194,0.65625
531,0.5184102748668757,0.3953808558965419,2.565395357061276,0.625
532,0.5078317227904704,0.3915565695548253,2.613484044270812,0.53125
533,0.49658851354792316,0.38513222705584305,3.1755948499430957,0.578125
534,0.4965272473533256,0.3753391871550882,3.940747293147359,0.53125
535,0.49236445111082117,0.3722948917854088,4.079837668098702,0.609375
536,0.4721103317490416,0.35589548615364786,5.304831801057662,0.625
537,0.4687745807692035,0.34252837112520146,4.205090270644314,0.59375
538,0.49083855939807974,0.35041008231481063,2.3394563080864668,0.625
539,0.5032852313680242,0.3593608623045092,7.659759571244708,0.625
540,0.514380285105218,0.3785742882379815,5.985409259028588,0.5625
541,0.5323315576394004,0.39141526391176057,2.6303559154217284,0.4375
542,0.5091711333775261,0.3787019871560737,3.512456744453412,0.625
543,0.48892407373262176,0.39172423061422496,4.493067524246217,0.53125
544,0.46083029765273703,0.3879428622228563,6.332677561551629,0.515625
545,0.4854293784402813,0.41077735912942615,6.135981666650277,0.6875
546,0.5001800866689464,0.4120652294463201,3.332151148238669,0.625
547,0.5145550493654092,0.42913350042611453,3.0501902414519315,0.5625
548,0.4928035286871637,0.40065686902631303,3.1996261195633413,0.5625
549,0.5141116487291156,0.3906265488441078,1.9893961344279565,0.65625
550,0.4931264598335437,0.3804340299759639,2.8149484534456097,0.4375
551,0.5294323714477658,0.4161261561838529,-0.12293280365102488,0.53125
552,0.5292784411450869,0.3905032605659305,-1.023651738509836,0.59375
553,0.519900702145731,0.3702567896188307,2.9389515966772377,0.5625
554,0.47918820211899565,0.36867232932882416,4.365871216523696,0.671875
555,0.46811233873775,0.3809106714805399,2.877687491757811,0.5625
556,0.4814701090319522,0.4129061256218436,0.546609671060231,0.515625
557,0.4977723242151649,0.4453568933040392,0.08243395336674736,0.5625
558,0.5373407558133306,0.46731617208305504,-2.885309560044067,0.59375
559,0.5380053782021929,0.46134656009624453,-3.8004603583970695,0.671875
560,0.5328667888871627,0.41135275185102,1.2112756129431546,0.671875
561,0.544100582895545,0.4092249804045635,-0.07017150998800276,0.5625
562,0.5518319159310004,0.40995470183001315,1.098738034475942,0.578125
563,0.529673617528517,0.3872786862614892,-0.21903059799337532,0.515625
564,0.5453720403085706,0.400694812365847,-0.6816031211535465,0.65625
565,0.5317565113662264,0.39803207027261217,-0.4491563477081103,0.546875
566,0.553351567362717,0.4438942595996025,-2.0721430359509654,0.59375
567,0.5427927875291682,0.4321258215531116,-0.7220449805918587,0.5625
568,0.5340060460245238,0.41036828461216945,-0.7984190189045393,0.546875
569,0.5309508443296088,0.4103328070871329,0.07662699932752126,0.53125
570,0.5304951534408996,0.4062791505422605,0.7861288643685503,0.578125
571,0.5469586359860484,0.41220479282740025,-0.9772769535255244,0.578125
572,0.5478586311082233,0.4152929154183833,-3.18725682317127,0.546875
573,0.5146121185663945,0.39223762306369303,-0.05188618037020071,0.5625
574,0.5210242676599276,0.4149743481361314,-0.7981365247067226,0.578125
575,0.4616887444245803,0.3578372635538137,4.633355451351566,0.75
576,0.5020423070289732,0.40574241848027465,-1.052741198227357,0.578125
577,0.46372641887298977,0.3485441811323558,6.418091040703414,0.515625
578,0.44735807714406994,0.36226492354981626,6.073808523970718,0.703125
579,0.45235408827803486,0.36892932645787857,3.992553432507718,0.515625
580,0.46048339443725333,0.37128111951017795,3.4354569209897026,0.53125
581,0.4579876378849696,0.38074259361563395,2.764957397338798,0.578125
582,0.47984512970110704,0.38805473840090965,2.9362150110287017,0.625
583,0.47623691648152433,0.3726310464433673,3.5207638328793864,0.578125
584,0.47922787974484704,0.3667010134986728,4.623191363971498,0.546875
585,0.4891111891152459,0.38892557268055833,4.097279257023936,0.546875
586,0.5353557912447565,0.41957392173898,2.0291547742361185,0.484375
587,0.5391217940646232,0.423063330982328,3.34622286391079,0.65625
588,0.5119046138443645,0.4102084122689769,6.4067864657057605,0.59375
589,0.5316686998406673,0.41608199054456824,2.590749561268026,0.578125
590,0.523366107953697,0.42775719239429977,3.8472243593094255,0.46875
591,0.49998168506045565,0.4065747331934384,6.299025798889624,0.671875
592,0.5114731256263437,0.41757118329850046,4.196924923340918,0.625
593,0.5061782152247836,0.41182135689884686,2.5061513078817095,0.625
594,0.4886001341613612,0.38284636101946584,5.030188656930635,0.421875
595,0.49238842941411404,0.3664078545389891,6.297854887415346,0.703125
596,0.49244691592780554,0.3653272717120535,3.233581653404322,0.609375
597,0.49236352738103867,0.36885207749682997,2.591153870314523,0.5625
598,0.5160650540164275,0.3832459407668877,2.3072124403350167,0.46875
599,0.510753654320828,0.37498651398483496,5.069685087293916,0.65625
600,0.503710075071233,0.3555362806205109,5.107577602616955,0.53125
601,0.5200402950006727,0.3788745406695148,4.147091775451753,0.53125
602,0.5287583648788051,0.3898437186490255,4.605357911416924,0.546875
603,0.5583481230662968,0.44485456615936386,1.3508838256047166,0.515625
604,0.5854574079785438,0.47429192567686057,-1.5068084294907425,0.625
605,0.5794937363697424,0.4590116855045004,0.7429252825190797,0.578125
606,0.5685991513718632,0.440584905665722,2.9779182926703682,0.5625
607,0.5816989228272733,0.4492697599984967,1.0507898734751482,0.578125
608,0.6008402710058335,0.4681831043821094,-1.5379585305051036,0.53125
609,0.5993974334163812,0.461633025748281,-1.3992765581723516,0.640625
610,0.5963554020589933,0.4456448550123298,-0.39286534608206314,0.5625
611,0.645732096245942,0.53059898872816,-4.802177060784897,0.53125
612,0.6518639460101627,0.5105187435602289,-4.09286622730287,0.609375
613,0.6316907193626667,0.49527358353836326,-3.2641568124424736,0.609375
614,0.6275677648791705,0.4942652101963368,-3.119521338671766,0.546875
615,0.6057206616832774,0.46614147260059746,-0.7227584830473303,0.609375
616,0.5948517944919,0.4594155242984579,0.9986893882972885,0.46875
617,0.5594896313825993,0.44023939625727104,2.4981612304567506,0.546875
618,0.54413087442291,0.43775546754468486,3.7634014845339046,0.53125
619,0.5431124511595607,0.3975411739287755,3.3311592282643234,0.5
620,0.5256410706888857,0.392091116733323,3.2423982172357757,0.5
621,0.5071225466527493,0.3858830488395572,3.861071026836416,0.578125
622,0.5308443274719766,0.41135592827277084,2.7840763872135224,0.59375
623,0.5142457171595721,0.42780298562717617,2.5973693225018453,0.5
624,0.5265148123300399,0.4211912069266353,2.7162710839081794,0.609375
625,0.5416235843191948,0.44194887315748943,1.2010593800996467,0.609375
626,0.5091976035292998,0.4153687115849662,5.665955709043723,0.578125
627,0.508081199907125,0.39777365799654235,6.451027017807461,0.625
628,0.5501628419872177,0.40290700679594504,2.3973656588546373,0.59375
629,0.5785211753485885,0.4114162204298151,3.382790785719465,0.546875
630,0.5890452170657433,0.4198849368669433,5.4181951927246015,0.546875
631,0.600294531559,0.4382753376711182,2.3329739348044285,0.5625
632,0.5818552866006595,0.4339891015264113,6.056655648830826,0.546875
633,0.59304978737983,0.4580977163756658,2.571069500632944,0.5625
634,0.5796821929829098,0.4339190596899236,3.7907397892104466,0.59375
635,0.5754422906163984,0.43685497854201355,4.798189268830698,0.625
636,0.5819444972210492,0.43208909218602504,3.5688422826535904,0.5625
637,0.5773314848350773,0.42132846926449724,4.145485335557154,0.453125
638,0.6049525562616255,0.46065080174357664,0.27246908317545315,0.53125
639,0.5890021306602807,0.4545075879107805,2.475866136444927,0.515625
640,0.599450203258559,0.46505393637146303,1.7659203730211266,0.53125
641,0.604611220155073,0.46783850695103313,3.392681515754328,0.5625
642,0.5778636709816162,0.43219704988966806,4.59485162935161,0.59375
643,0.5655373967043485,0.44065274130759063,4.8422670317872845,0.609375
644,0.5691450260510801,0.46000743058168103,2.7696041923587016,0.46875
645,0.5835009502857167,0.4642392656540128,1.950374639107236,0.53125
646,0.604797285210345,0.4655826193211478,-0.3989054604350338,0.59375
647,0.6079217702264943,0.46223706603297693,-1.7033013334186784,0.546875
648,0.6134757369366154,0.46305138029455417,-1.1805367574323768,0.546875
649,0.6425885033430557,0.48967575895425713,-3.092732886826251,0.5
650,0.6629796161895105,0.5038568800817422,-4.139951968247589,0.625
651,0.6631752713578138,0.5271686432869334,-5.425372378471137,0.578125
652,0.6671855294364869,0.5390466353721409,-5.911608176263784,0.484375
653,0.6418453832406351,0.5080377220043474,-3.090488149295655,0.515625
654,0.6300580180090755,0.5057499491331264,-1.6736785284151576,0.625
655,0.6463864216793331,0.5132521814242951,-3.899082879911131,0.640625
656,0.6264775070116557,0.4732767611091695,-0.9033508007393413,0.578125
657,0.6064070460375485,0.42947050350210175,3.3148432154907344,0.578125
658,0.6129356766458978,0.44670494348392564,3.679649340047565,0.5
659,0.6180236905130503,0.4723059763984951,3.912805863804963,0.578125
660,0.6325326516291868,0.4925680883506578,0.3526370925853297,0.625
661,0.6472592490644632,0.4907409163827678,-1.7563750124315725,0.546875
662,0.6411221244766597,0.47807112958321757,-0.9814963581967062,0.484375
663,0.6461277422098873,0.4964806607132631,-2.442333960781699,0.390625
664,0.6440594708051046,0.4860722534197197,-1.7026288909621865,0.46875
665,0.601407742611261,0.44707409134678894,1.861432404740058,0.5625
666,0.594252654408202,0.4462562040678563,1.270133702490634,0.53125
667,0.5486387488783996,0.41325200516050925,2.341711629462602,0.703125
668,0.5732170404698071,0.421956801730001,-0.22171924384814692,0.59375
669,0.5876378313438823,0.43971274748746025,-1.2874108263122146,0.609375
670,0.6166712475777962,0.45693390553790997,0.10413283668542672,0.546875
671,0.6110136287986759,0.46074919707143636,1.1824702507433196,0.5625
672,0.6012571632191425,0.46208494043567283,1.5404070028044818,0.5
673,0.6019274293722449,0.4594450762881925,0.2138867939492613,0.53125
674,0.6170067076691967,0.4830215533965176,-1.4570221566051524,0.5625
675,0.6233794109811803,0.4912054551429023,-1.967575289756517,0.421875
676,0.6070779837456995,0.473235711897728,-0.7670952260648591,0.5
677,0.6055887231677303,0.4659555650969678,1.5154524085366559,0.53125
678,0.5980332607341814,0.44039929683737816,1.3391863658894518,0.65625
679,0.5760340012424253,0.4308850854266228,2.114437758319012,0.578125
680,0.5728404588352227,0.4225519946665071,3.018538045787501,0.5
681,0.5858945001894192,0.44440373967167474,1.1196794484838817,0.578125
682,0.5683872814910537,0.43791147157966837,0.29089219607411265,0.546875
683,0.5957957312214087,0.4512861758183018,-2.2576126193027473,0.515625
684,0.5879846923114167,0.43653111331544947,0.24106463524409488,0.578125
685,0.5644163250164723,0.4190340619264952,3.419045215617399,0.625
686,0.595093258836665,0.4401120017237697,-0.9306276022206784,0.53125
687,0.6215501347320885,0.4732358435320208,-4.597579100220905,0.625
688,0.6158015725086289,0.4547863035554685,-1.836618519487455,0.5
689,0.5977049222763134,0.44510008793594547,-1.1243967929835403,0.546875
690,0.5994313354885475,0.428910720844858,2.0410941151468682,0.5
691,0.5526936834470361,0.40371185965874085,5.057318341368057,0.6875
692,0.5469043999936434,0.4013432860519677,5.615674508659776,0.546875
693,0.5142908560486044,0.39104220662708955,4.768280212387687,0.5625
694,0.5235409404836259,0.4061148662833139,3.4195842977481967,0.609375
695,0.524423163777997,0.393865882783603,4.736247753656436,0.5625
696,0.5353991481001678,0.39864373157231964,5.45825706167555,0.65625
697,0.5523587240562575,0.4333291299093272,1.0895686463117613,0.578125
698,0.5806537063548595,0.4259960266762672,1.5536641468049848,0.5625
699,0.57535167958971,0.41163894301812576,4.794113638128667,0.5625
700,0.6051716028699515,0.44322882052631646,3.033811220415721,0.53125
701,0.6137336526195217,0.46523442924721214,0.6101108265639033,0.484375
702,0.6042676837622653,0.4697117891429475,0.626798593467513,0.421875
703,0.5747586603625707,0.43448221779007534,4.333149118449466,0.5625
704,0.6130746847536165,0.46353740455416254,1.7577914588719725,0.59375
705,0.6261029237542934,0.4847427434649218,-0.48772481183850264,0.484375
706,0.6133789777255525,0.4631366640583963,0.3728064148885301,0.671875
707,0.6149779660663041,0.46355995973485387,-1.0877957670628153,0.546875
708,0.6093577227372334,0.45594765066342285,-1.1234937091096944,0.625
709,0.6125062034276886,0.46118562931050894,-1.0470469729020262,0.578125
710,0.5909139201117409,0.44909859427307514,1.3004679253015272,0.5
711,0.576063023778913,0.44101902093918016,0.21201553884849633,0.609375
712,0.5994150519997444,0.4347794343724325,1.4964589164946875,0.515625
713,0.5780643281112461,0.42398998511090763,2.486938245615,0.5
714,0.5929235781859158,0.4346835797925213,2.2581389432704,0.390625
715,0.5844424279541718,0.4374528846804188,3.1685256976944904,0.5625
716,0.5553777719523262,0.4240750636246886,6.213853936404473,0.578125
717,0.5418202714730042,0.41265909473825263,8.008068930886767,0.6875
718,0.5490443109223809,0.4178062365725017,7.126482241893642,0.578125
719,0.5266664535694447,0.40133436076850953,7.408806342553567,0.640625
720,0.535088338322276,0.4106099084755195,4.943899510212875,0.5625
721,0.5295269287572069,0.438713044573435,3.758496615133916,0.53125
722,0.5312567755812517,0.4146796716613388,3.889246814332278,0.59375
723,0.5517248121020291,0.42333247061510537,3.5044896688102365,0.640625
724,0.5516473987799362,0.4404415559834007,1.1523469100121944,0.5625
725,0.5808846028094427,0.4426357656825088,3.1660981609194927,0.578125
726,0.6139543529964143,0.45190107212652414,1.8417063801205713,0.5625
727,0.6172739098905339,0.45671889904046786,1.6235514234504147,0.484375
728,0.6165551304780824,0.45740109442487115,0.2579434481310223,0.484375
729,0.6261656504051492,0.4749533444786138,-0.9251695956287755,0.546875
730,0.6321026842623914,0.4847355467743148,-0.16312509293866073,0.53125
731,0.5979918287331097,0.44153119393206125,0.716231858286464,0.53125
732,0.6295492114837732,0.45876174687574456,-1.3188572743797446,0.484375
733,0.6204155304134826,0.4642712179860291,-1.1156195687942847,0.59375
734,0.649954969945049,0.48618948208985896,-4.6562901792319975,0.53125
735,0.6588473794656835,0.507779428227011,-5.28585526217204,0.453125
736,0.6917252091652281,0.5482846050219645,-9.19677848640003,0.578125
737,0.691499755968977,0.5500775782274657,-8.672122125227133,0.65625
738,0.6838964901344361,0.5319107444609568,-8.381005451963276,0.5
739,0.6576197121071493,0.5126732814267091,-6.408326749698761,0.578125
740,0.6089685453963155,0.479172926383371,0.3366223513374129,0.609375
741,0.6202855007305775,0.4689306888807971,-1.0849550999613933,0.71875
742,0.592800615330874,0.45425707012102806,1.9561580203220787,0.546875
743,0.6021775786868564,0.4672650482099154,-0.9443562317877755,0.578125
744,0.5991074541907044,0.45374659800523726,1.7185536852495105,0.546875
745,0.631839166345667,0.4737144800186284,0.48218067936122094,0.578125
746,0.6729167721654784,0.5231920773430633,-3.241029173100307,0.59375
747,0.6341976732092831,0.4800329656905675,-1.7743602269563485,0.59375
748,0.6216331729539868,0.4586900334553796,-0.9522397139158056,0.5625
749,0.6245492596567072,0.4692550216211817,-1.2681464323490965,0.546875
750,0.5816461246361967,0.4442637620592451,2.2984933811845636,0.578125
751,0.5749220431195973,0.4445485991673275,2.045053145768856,0.5625
752,0.5334478544279635,0.42158087484690193,4.391636851865111,0.609375
753,0.5577757361939577,0.44090925371491263,1.3303223126295074,0.53125
754,0.5464073965181381,0.422111982355833,2.580394966961787,0.5625
755,0.5280193779706742,0.42628068187928253,2.4769717577882213,0.484375
756,0.5001344333118953,0.38534903396082393,7.1026798777937605,0.578125
757,0.511148131709077,0.392383804579615,5.6305825008076065,0.5625
758,0.5574376272819482,0.42233252034091856,2.0389359555754694,0.65625
759,0.5413317908373029,0.4142807412816323,0.8241409395092738,0.40625
760,0.6022905555614764,0.47674231330090916,-1.8732684278761795,0.703125
761,0.574135630151155,0.4566765464013895,2.2657661388158425,0.5625
762,0.5655749667427781,0.4389153295523331,1.961431724948389,0.515625
763,0.563120989226365,0.4478690613609057,2.1408708454363707,0.625
764,0.5780162175850904,0.42992612459889895,1.5375679534854398,0.625
765,0.5799284553515832,0.43817171464686283,-0.11980287666361,0.515625
766,0.5986385358467677,0.4514428699037502,-0.6361946092798202,0.671875
767,0.6273087356393562,0.4942090764846799,-5.621327855442125,0.546875
768,0.6167422888429533,0.48330373342549143,-5.734908232762026,0.46875
769,0.6105584195605548,0.47664541314103875,-5.1772395925201256,0.484375
770,0.5822999910947697,0.423679670278091,-1.1973952610973568,0.625
771,0.5709193358700307,0.41056447247297534,3.0116579026263137,0.609375
772,0.5694608131816322,0.42301364904259003,0.5104928182697124,0.53125
773,0.5737398123506879,0.44047058555719426,0.00013789965257046677,0.59375
774,0.543532468832345,0.4294021953170835,-0.24089674000000877,0.578125
775,0.5407026170307927,0.42456408959229225,-0.01961433217705072,0.5625
776,0.5361146099967902,0.41036003173829716,0.42465187455157444,0.578125
777,0.5524611430001151,0.4322391671775949,-0.21204844205879178,0.5
778,0.5663182800774657,0.42447489729570487,-1.9653416675691913,0.578125
779,0.5796633962404539,0.4388126712513851,0.08073036156153413,0.59375
780,0.5678853091580082,0.4120946572337762,0.41173736157061436,0.625
781,0.5561493505891227,0.4097121468215257,1.8154625460589666,0.46875
782,0.5665994201538452,0.4217826460825033,0.7271883356266078,0.609375
783,0.5801675024161029,0.43173004035139795,-2.4836327063411483,0.546875
784,0.5775338541482223,0.4446993698977321,-1.3660883455620247,0.578125
785,0.6072087246565608,0.46996635487406335,-2.373017600617794,0.671875
786,0.6114142718970724,0.4608309492354034,-1.8472966862778226,0.609375
787,0.6086707441484892,0.4572790694186222,-1.8278753327582908,0.53125
788,0.5744408168366347,0.4236752530642584,1.1807941628212626,0.578125
789,0.5559878476725141,0.3922294574223439,1.5032628332086662,0.640625
790,0.5973306843270748,0.43329977734411457,0.08127072970733551,0.53125
791,0.6069751158628991,0.45189602659962524,-2.690599670795439,0.515625
792,0.615898831293908,0.4695322831668456,-3.4673619214166584,0.640625
793,0.6230430116034472,0.4671944961539953,-2.0724156033483196,0.5625
794,0.6353771710231891,0.48234169922220343,-1.4565401722923192,0.578125
795,0.6449748577188116,0.4809266868747086,0.4699763708065269,0.5
796,0.6484683074643639,0.47318767732173644,0.879765666685167,0.671875
797,0.6333749849132381,0.4571962163712637,-0.415716105161337,0.59375
798,0.6049633045224592,0.4258635441812311,3.425683594119353,0.609375
799,0.6000182731970287,0.42116088914903743,4.054791986750225,0.65625
800,0.6045475964035105,0.4623458178777833,1.4717000801954476,0.578125
801,0.6114067691738952,0.47373206573982535,0.5040501267151463,0.5625
802,0.6009167062817367,0.45562203351004865,1.5140042163650345,0.703125
803,0.6125018900030955,0.4510764352280961,-1.5686280004743849,0.65625
804,0.6281363466067965,0.45346454281838344,-1.2457718625832692,0.484375
805,0.652015107041285,0.48427657591659673,-1.9157564882775566,0.5
806,0.6422947287220621,0.4879664852665921,1.4664699912832755,0.59375
807,0.6456716994364964,0.4959427987142752,0.17805699875165765,0.484375
808,0.6536638378454379,0.49444789436960307,2.383601533674948,0.4375
809,0.6535282643751541,0.4921768368251335,1.982160129635857,0.46875
810,0.6768851738515776,0.5254392905920255,-1.4818821071262003,0.609375
811,0.6660899152192351,0.5027987992099098,-0.5059682592510484,0.640625
812,0.6527980207655771,0.4957236015147423,0.4708444833055282,0.40625
813,0.6524632957973152,0.4848836161725541,2.1970562217930296,0.578125
814,0.6407918072959055,0.4877218607764939,0.7684818482713084,0.59375
815,0.6579969335390733,0.48857219679116587,-1.679419602744919,0.703125
816,0.6619899106187885,0.4909465457516197,-1.4351800223216267,0.375
817,0.6512307436671724,0.4769405022965147,-1.4418529687104922,0.484375
818,0.6211864704204847,0.45003898369409784,0.441488002035884,0.453125
819,0.5964683608102566,0.45134805150123186,1.2549488365292145,0.59375
820,0.5505630162366927,0.3977462322017129,4.644386600166972,0.65625
821,0.5487866606213886,0.40259142009412036,2.5830153740381223,0.578125
822,0.535242679900616,0.40360349823903713,4.0811115710916415,0.5625
823,0.556426120428073,0.41824984883195393,5.929998378401791,0.578125
824,0.54859140162095,0.40629809542085,6.264370565148824,0.484375
825,0.5493447298667279,0.39017961575070564,7.091588136951708,0.546875
826,0.5593205902769124,0.3910644968416352,8.021267843469156,0.515625
827,0.5581499522369057,0.38908273847900005,6.814278821884599,0.515625
828,0.5786863030406345,0.4046884669655973,5.490549900346079,0.546875
829,0.6156054191279136,0.45030382312141876,2.628783886030522,0.6875
830,0.6019236780922278,0.43733260553869835,4.369770317962288,0.515625
831,0.6052995787189069,0.4584244112321942,2.4075476525826263,0.65625
832,0.5859039248025207,0.432977826113081,3.3126627798452173,0.609375
833,0.581264891956255,0.4242464135116248,4.28147440257249,0.484375
834,0.5930857907529071,0.4480857700259171,1.8677093021093925,0.515625
835,0.5889135385779252,0.4404504096469017,-1.363379718571692,0.46875
836,0.5736477035650603,0.44098876035879964,-1.5529150894472896,0.625
837,0.5897848341114028,0.4500753928462767,-1.9263243276680893,0.59375
838,0.6195489267613626,0.45293608288873327,0.27096456125380297,0.515625
839,0.6399717139973685,0.4907235895087176,-0.5651693217526228,0.578125
840,0.641597589725931,0.4851080241231343,0.014039775819338463,0.578125
841,0.6257874225800658,0.47457728624452605,2.576881347528146,0.5
842,0.6163028576513822,0.4509657227513439,4.361361862402082,0.65625
843,0.6299845138359562,0.4582364308076798,3.303206061774711,0.5
844,0.6396545502011799,0.4730032112954601,1.46012112931259,0.640625
845,0.6397863403600886,0.4872560886041934,-1.1303526908962453,0.5
846,0.6460556581625325,0.48904672265700794,-2.8922121544043633,0.5625
847,0.6565411134495892,0.5039275045873831,-3.4508939028640704,0.46875
848,0.6504905800384585,0.48381197834323425,-1.973206011618058,0.484375
849,0.6433084422967627,0.48243806979688864,-0.3395943224677227,0.515625
850,0.6984040537202069,0.541210671585017,-7.5578321028508455,0.625
851,0.6591027636580192,0.49929884328804147,-2.6697392896755443,0.640625
852,0.6651300075213918,0.5028587520105033,-3.8372948134800184,0.421875
853,0.655659262479327,0.4911703951440609,-1.875955303499135,0.5625
854,0.652034790696285,0.4826425145864865,0.11546943325318304,0.59375
855,0.6560488710639075,0.4880465589180189,0.779615090614227,0.4375
856,0.659278183194787,0.49392191643540007,0.5107691700650719,0.5625
857,0.6643969451190463,0.5063428496936465,-1.3827830463757849,0.546875
858,0.652071153559163,0.4934003627789976,-1.75505330425535,0.625
859,0.6644101877212769,0.504008320385252,-1.5762665888553207,0.53125
860,0.693316394698166,0.5386119205873745,-4.764380866762805,0.609375
861,0.6974075112525004,0.5384014051924965,-6.6851479136533305,0.390625
862,0.6746679521564385,0.5175252448667004,-5.687685431855537,0.578125
863,0.6524073111566946,0.48725613697072645,-2.0740167536004255,0.59375
864,0.6295951864245772,0.47637932949003475,-1.2871534304015038,0.515625
865,0.6597711305016195,0.5164960623674073,-3.527354387614919,0.5625
866,0.6815835305888859,0.5435749591825038,-7.244052583577659,0.59375
867,0.6921469522672096,0.5537205796921169,-8.304375895965443,0.5625
868,0.6620081399963555,0.5231446853615003,-5.004371762711959,0.59375
869,0.6643923213799626,0.5088028286446451,-4.071026390745567,0.625
870,0.6386178534113586,0.4967509288920449,-1.6181100198172291,0.546875
871,0.638351476806201,0.48206418588508376,-4.41403457157476,0.6875
872,0.6233826547100642,0.47090787679110546,-2.1881951462574794,0.5625
873,0.6082675208944125,0.4564804590536313,0.5511579240547455,0.546875
874,0.6101168835522897,0.4718748800382507,-0.563422398670099,0.59375
875,0.5593292077001334,0.41599878609774293,6.653564811447984,0.546875
876,0.5693065861820993,0.43015205200690626,5.502072757742095,0.53125
877,0.5560341196978175,0.4121102377306271,6.477799963342029,0.671875
878,0.5844197244415278,0.44407252366601746,1.8756154650783774,0.5
879,0.6332036144492265,0.4777698928020399,-1.7416447499864924,0.671875
880,0.6389118440372781,0.4890288508165403,-1.9682283568019914,0.5625
881,0.6334870763718541,0.48297492754588855,-0.9250419627434514,0.5625
882,0.6263481605814171,0.47853622663353956,-1.7202737930323795,0.5
883,0.6091148804322485,0.44266781318237686,-0.5345420477852931,0.65625
884,0.6513419138119136,0.4976147690902581,-2.4895573473778883,0.609375
885,0.6491024869202938,0.48746155193721563,-1.1767054122438365,0.5625
886,0.6610771395808479,0.4977105866329034,-3.118745395362991,0.609375
887,0.6408209554922343,0.47019207409282965,0.572425027757733,0.609375
888,0.6452525529867527,0.4894940283430194,-1.5400644899160185,0.5
889,0.6573859641662257,0.48564499093273966,-3.4320748905223137,0.484375
890,0.6552790171697928,0.4918288145525427,-1.5392879366696632,0.421875
891,0.6514596165438151,0.5019694267334122,-2.4612510471524214,0.65625
892,0.6282966027685709,0.47664894319476403,-0.3973445303091962,0.546875
893,0.6590016808117521,0.503643701851939,-3.4026924522256485,0.625
894,0.6518669384364864,0.5051763197623718,-3.7508397002220604,0.5625
895,0.6797569309888006,0.5329781140803753,-6.1236789912121825,0.578125
896,0.6751855476587393,0.5294910868178254,-4.318568146168589,0.5
897,0.6676516115692457,0.5241320008391567,-5.7767197971214,0.4375
898,0.6667109479945995,0.5137986277580632,-3.6306512288933566,0.59375
899,0.6448698936603982,0.48162671606131296,-0.8580968371368587,0.578125
900,0.661469014521034,0.5081018428933682,-0.7940177223692517,0.578125
901,0.6648558054460234,0.507896572534482,-0.4366535823628296,0.703125
902,0.6713121740077638,0.505131569880295,-2.292674061886344,0.5625
903,0.6753943664621679,0.5056890929467627,-3.8508318495135625,0.609375
904,0.6406660301141833,0.4721667672170497,0.4371024975021254,0.609375
905,0.6481962923187089,0.4827018681535324,0.43094908610272964,0.6875
906,0.6421499957806209,0.4988481940624292,-2.012432971702469,0.59375
907,0.6379743911391658,0.479813637653763,-0.9755741682266132,0.5625
908,0.6437423503629988,0.47451470314099353,-0.8942775280098287,0.59375
909,0.649263426788869,0.48270791367829907,-3.430198405729995,0.5625
910,0.6277430994515257,0.4653978296927148,-0.6714090121322538,0.53125
911,0.6744461961615875,0.5156134515853168,-6.097449091309545,0.5625
912,0.6634040181684381,0.4979448728315976,-1.829746728842969,0.640625
913,0.6655859047158441,0.4880910480042678,-1.658987771101281,0.5
914,0.6885617690197714,0.5386715742701703,-4.1538801762575694,0.515625
915,0.6849759647558663,0.5354387179662715,-5.039297100751412,0.4375
916,0.6631271353371678,0.5089585910669092,-2.3942145728853967,0.6875
917,0.6446799435396339,0.49143807174218096,-0.9831902386303107,0.53125
918,0.6738492025393268,0.5133659718059715,-3.786495455378062,0.59375
919,0.6614934599372021,0.506767823279872,-1.7676948266412307,0.53125
920,0.649578824385602,0.47164901571085416,-0.5895732876487095,0.671875
921,0.6537150901013513,0.48659416055441884,-1.5017508546331455,0.59375
922,0.643161739673282,0.4856540816522363,-1.1354832287168235,0.5
923,0.6192798937427079,0.46291503867871847,0.018806900982767827,0.546875
924,0.6292618771090713,0.5020911483960498,-2.8399621763011806,0.5
925,0.6517045860931798,0.5060400338312382,-3.9684596564976786,0.6875
926,0.6169279571921878,0.4754589541154321,-0.033933065738560475,0.609375
927,0.6391557483642428,0.4960790757672162,-0.6310486580340574,0.65625
928,0.6350973587503823,0.4907491144772316,-1.5261449421789801,0.625
929,0.6239239879688361,0.44799148060854227,3.084358759531698,0.53125
930,0.652995941079102,0.4795541845802879,-1.6842814773251924,0.609375
931,0.6226967255684602,0.454967423718,2.5158722618660425,0.53125
932,0.6460552910080524,0.48073997954300207,-0.8177997222542515,0.625
933,0.6290970925607727,0.4563108954328179,-0.1778263399019076,0.546875
934,0.6080221863268105,0.45957490327081624,-0.13633334329725294,0.546875
935,0.6374386054626491,0.4849159604254165,-2.5807247451320188,0.46875
936,0.6310929776107764,0.4690533690674375,-1.703066457500601,0.5625
937,0.6336703285321885,0.475808187039735,-3.058554902231312,0.578125
938,0.6186523487021987,0.45657836526210677,-0.9370152575512316,0.546875
939,0.6188785444885202,0.4471940813187822,-1.9422032924453112,0.5625
940,0.6251425668708717,0.45962165564640994,-3.3829613981058735,0.453125
941,0.5830718215622759,0.4192546253183355,1.764796847134553,0.578125
942,0.5513457578542625,0.4177740129743812,4.827578272491236,0.5625
943,0.5619922349151584,0.3981543807115597,8.397942017518789,0.625
944,0.5803618316125952,0.4111105330927529,7.12040607190401,0.59375
945,0.5929643216904626,0.42162516241593034,6.144794753529369,0.46875
946,0.6002615476214951,0.44411904482547415,3.7000137568474556,0.5625
947,0.6204612035422138,0.4597661661338696,2.290412275024516,0.46875
948,0.6348076752562887,0.4657376301008847,1.4019355072262203,0.484375
949,0.6074449368758247,0.4306254284435835,3.118769821147209,0.546875
950,0.5828052392869281,0.43752166862640274,2.7715301748076095,0.453125
951,0.6103634871788615,0.44851109563735125,2.227504263306919,0.625
952,0.6064079816929685,0.4459315683680143,3.4319193705181674,0.5625
953,0.5947209236121124,0.4370719401078981,1.3502723170038462,0.609375
954,0.6174507248123432,0.4675799989926639,0.09362219695855162,0.390625
955,0.6153445590982833,0.4535972590864123,0.5152196024802758,0.578125
956,0.6396658287125372,0.4791855644134319,-4.366925506334897,0.59375
957,0.630013203916143,0.4745460791283818,-3.3753643571854504,0.59375
958,0.6379701917672911,0.47996199363771264,-2.6146851470660164,0.640625
959,0.6121339731005067,0.4570692528794969,-0.029604924566519586,0.4375
960,0.6348727290161591,0.48850814671346265,-2.630356908046081,0.5625
961,0.6209863352457948,0.47080601177536247,-0.19959102979238397,0.515625
962,0.6422989289074145,0.4805194416377381,-2.393851888659847,0.515625
963,0.6420812648905861,0.47476090333037674,-1.9045826306532032,0.546875
964,0.6221028256771122,0.47083800222814953,-0.9765690480710758,0.5625
965,0.6372199060692724,0.4805850908719019,-1.8469863111413516,0.5625
966,0.6363875046817441,0.47781868005305855,-0.06799900264156539,0.5625
967,0.6395206685348797,0.47929097933159764,-0.10504902521575987,0.5625
968,0.6450455641654051,0.48287730721881167,0.577004374509537,0.5625
969,0.6354236159163928,0.4687022440723268,2.4136908777084516,0.53125
970,0.6432353882327809,0.4826720202293206,0.871716848947602,0.46875
971,0.6455283476563812,0.488563472201256,1.1178056984399447,0.546875
972,0.6613946907584517,0.5045759774249007,-2.2512533927946032,0.65625
973,0.6994179904471448,0.5344388799411565,-6.237778387959503,0.484375
974,0.7006260477231883,0.5378598433904557,-7.744198829788834,0.46875
975,0.666446698388035,0.4970849877715837,-5.311410325448194,0.515625
976,0.6732678839682903,0.49721889008738573,-4.527765219596752,0.640625
977,0.6606798687503421,0.4986626004825247,-3.604973762921064,0.515625
978,0.6519233784289921,0.4883219240552657,-0.3759867902802139,0.5625
979,0.6488369805808115,0.4871702409513869,-0.5312969180801942,0.546875
980,0.6408503705006635,0.4701950673043829,0.4529422124486152,0.625
981,0.640477873891152,0.47212142486516745,-0.7880061991397773,0.671875
982,0.6363850710023414,0.47290054113235386,-1.5880660963544708,0.5
983,0.6380612477952758,0.4801591525425004,-1.0193355040400573,0.484375
984,0.6524397277809814,0.5009881071081153,-2.56087055706341,0.5
985,0.6274261569970458,0.4767185298133891,0.7545460601171485,0.484375
986,0.6064506289408935,0.44959638789007345,3.5933723001621587,0.609375
987,0.6084510271796627,0.44678017273750453,1.6717271240973486,0.640625
988,0.6030372092889613,0.4443034549492885,-0.3334156066897789,0.640625
989,0.5657938325894609,0.4184775079383063,4.337513568472472,0.65625
990,0.5774712531185184,0.4260353612797793,3.0218855345371662,0.625
991,0.5637098863273758,0.4139970995964162,4.714489374286297,0.5
992,0.5838959744821663,0.4293599352009953,3.428161260817834,0.515625
993,0.5580059751125108,0.4133258050958839,5.728722087357625,0.484375
994,0.5787617374388784,0.4315564848246325,1.9319975418482114,0.484375
995,0.5839276458717894,0.44877794929647186,0.7526193738214704,0.546875
996,0.6085555581841559,0.47016998610909955,-0.531652709123926,0.484375
997,0.6287508923491668,0.46893766114852803,-0.9582334521140946,0.46875
998,0.6171180454624031,0.4744501142120751,-0.9401313397018797,0.625
999,0.6114917452202966,0.4505337254899486,0.9854501933361652,0.578125
1000,0.5658010442142424,0.41988989478949373,2.965604125647804,0.609375
1001,0.5769600804109511,0.43468155609538844,1.0292465956475558,0.515625
1002,0.5888446983396421,0.4323655411128924,-0.26501622498740274,0.484375
1003,0.5797757505167401,0.4102255912747251,0.9926877847634283,0.578125
1004,0.5986807390117347,0.43019660149647426,0.6446684092885382,0.609375
1005,0.5980354364091967,0.43645779600841467,0.6422924804806825,0.59375
1006,0.6115048730084306,0.4539934526741271,-1.6713048127080068,0.640625
1007,0.6132920917375125,0.44688660789795964,-0.6562555768909766,0.546875
1008,0.6415248713429794,0.4888682665659792,-5.031454207938044,0.515625
1009,0.6360114592194938,0.4845078553646145,-3.43994600652197,0.546875
1010,0.6199856145678511,0.46778358152147653,-1.8292130423674628,0.53125
1011,0.6064217336997547,0.46287556098226296,-0.3472820291924138,0.484375
1012,0.6348383300750462,0.49191737290036036,-2.768889662809118,0.578125
1013,0.6422586326841353,0.49002283999341173,-2.3344728914666493,0.609375
1014,0.6629821007571222,0.5023099483749905,0.03438673605304515,0.484375
1015,0.6415017610084081,0.4741573084881092,1.2060627184960602,0.515625
1016,0.6547538166622499,0.48513854338460954,0.47775240761181426,0.421875
1017,0.6577263666141587,0.500873938598624,-0.06378934969202299,0.59375
1018,0.6690560057296716,0.491612785139129,1.2366204314929257,0.5625
1019,0.6517611592147787,0.4770536266284274,-0.2877919670573793,0.640625
1020,0.6757875362579244,0.5113038996738766,-1.8240552791486482,0.5625
1021,0.682201711974634,0.5144042280994078,-0.8123727332088945,0.46875
1022,0.7081190883886945,0.5473735270744143,-4.494060266703531,0.5
1023,0.7145499740862492,0.5613223033141709,-4.459606428687325,0.484375
1024,0.764349992585862,0.6325578371582975,-8.721499200707992,0.625
1025,0.7484311822491247,0.6191005949805174,-7.86208472880645,0.40625
1026,0.7578958571216132,0.6246732002605109,-8.147662808703366,0.375
1027,0.7635300338574936,0.6268001628775299,-8.704347120135202,0.53125
1028,0.7412855565219444,0.5925688994772118,-4.099108657434213,0.609375
1029,0.7129088428088938,0.5516926038980489,-1.7433090917596095,0.515625
1030,0.7138369055019208,0.5534753966973408,-2.1266296839294583,0.375
1031,0.7245271203420037,0.5740145738356665,-3.623509521957316,0.578125
1032,0.707470253763575,0.5476561611616453,-2.9005319299684196,0.453125
1033,0.6969756100098309,0.5353691763650785,-2.9506408540768483,0.5
1034,0.6450227691321496,0.48069403269604205,1.4638944794502349,0.5625
1035,0.6551166939153121,0.48645854317537324,0.6865571891639703,0.625
1036,0.6556908201433324,0.5275374176530423,-4.210186192512044,0.5
1037,0.7062865192237568,0.5523857964292067,-5.6107377032803,0.578125
1038,0.6584819954193751,0.4939298260515395,-1.4449718829174278,0.640625
1039,0.6718480105097125,0.5260829392746998,-3.4079710753115213,0.515625
1040,0.6648337425520476,0.5028628557109981,-2.421066681128524,0.625
1041,0.682054371661215,0.5132059035445989,-2.5455978536600017,0.515625
1042,0.6769505878215728,0.5215008026977409,-4.075984355784777,0.546875
1043,0.6756046707276108,0.5198417320492836,-2.392456604839947,0.578125
1044,0.6766326061878284,0.4991509484860985,-2.882197819647292,0.59375
1045,0.6648513594545771,0.4945643657723484,-0.8737117696615051,0.640625
1046,0.6524374895047181,0.4937795013015071,-1.5261873102472405,0.578125
1047,0.6221075203488534,0.47970148417814995,2.413414464714165,0.515625
1048,0.5993823542237494,0.47869577661613594,1.5152992296458023,0.578125
1049,0.5932036710852661,0.4425944272870857,3.169867931846523,0.640625
1050,0.6292544082262612,0.45500386457482955,0.9139467791195698,0.609375
1051,0.639048900734874,0.46862987422926333,0.6103647840463006,0.59375
1052,0.6450188665557345,0.47670349202860723,-0.321967965944829,0.578125
1053,0.6297863080228013,0.4791604225815927,-0.8659997589994409,0.53125
1054,0.608716690185573,0.47493703725547937,-1.3168988831242932,0.59375
1055,0.6234140055338964,0.47674337600722216,-1.619622938232046,0.53125
1056,0.6013480672966804,0.4536198207145538,0.6407923843607364,0.515625
1057,0.6195090984240875,0.4583809265560501,-2.042246740247473,0.46875
1058,0.6317953667637118,0.46707437630634985,-2.0589941363206132,0.65625
1059,0.6399385284648118,0.49168882640120043,-5.7456041006189595,0.578125
1060,0.6296017724123222,0.4750696507501076,-3.084263819137886,0.59375
1061,0.6409254195942385,0.48031611917973976,-3.4363071003835737,0.515625
1062,0.6140970476238561,0.4465929006482559,0.0345351564076293,0.5625
1063,0.6010237603592615,0.4555847185851503,-1.9338603040027653,0.640625
1064,0.5615955617842433,0.4207985148272823,1.119555609500322,0.546875
1065,0.5663040676703236,0.43617940796220656,-0.8243981422288571,0.609375
1066,0.5731189044050758,0.42633219488286356,1.1653655708984856,0.515625
1067,0.5907363853064758,0.4435867991498086,0.5109470073669166,0.59375
1068,0.5886415648566635,0.4495927318685327,-2.453880557063964,0.53125
1069,0.5693250771300101,0.43504497021652017,-2.4364806257678073,0.53125
1070,0.5788986234245389,0.4463165070555677,-3.572140852926955,0.578125
1071,0.6078921242817713,0.47643724110672375,-3.885602207181899,0.46875
1072,0.568377505049764,0.44751570319837036,-1.1421320062522642,0.515625
1073,0.5707254443744122,0.45554265890336115,-0.8352074055637293,0.484375
1074,0.5594997379190545,0.4534244601614799,-0.8298366648266868,0.671875
1075,0.5327661657363322,0.40001002003170977,4.655174401828612,0.640625
1076,0.5848573381663761,0.4294021809800075,0.5272463844591411,0.625
1077,0.5964260237040425,0.43689371125729837,-0.051440535707957646,0.625
1078,0.5839964999699472,0.43786061267838733,0.5641569698582214,0.59375
1079,0.59373390276276,0.4510503762630876,1.0869536323691233,0.609375
1080,0.6042319855781362,0.4483287622270273,-0.06552145527039172,0.46875
1081,0.6274267049246935,0.48850686141178395,-3.5305762890396686,0.640625
1082,0.6050921477462947,0.46577170760050196,-0.6994333238284733,0.625
1083,0.6114054330697405,0.44862647897454483,0.9551438679010568,0.578125
1084,0.6138554635048142,0.45378160256457206,0.38775239538999434,0.53125
1085,0.6462881145022327,0.4849842578114427,-1.2600257325434576,0.578125
1086,0.6295443818092484,0.45584987518890285,0.42172084876891563,0.5
1087,0.6258728539263809,0.4673310198371292,-0.14893116223095632,0.515625
1088,0.5985479256840205,0.4522291207684428,-0.3387214990590345,0.5625
1089,0.5857911781437481,0.42795825319879816,3.536640217880798,0.5625
1090,0.6122456496999147,0.44975774062914536,1.8701604569096983,0.515625
1091,0.6270963054820673,0.4688025332914312,0.4015219078524308,0.71875
1092,0.6521624369272977,0.49303537943862324,-1.4267168063919715,0.625
1093,0.6435329946028948,0.47388450273240973,-3.5792850656865185,0.6875
1094,0.6331451640623653,0.4774238753964628,-1.502553602353741,0.390625
1095,0.6330725725835548,0.4716983281348994,-2.9050585271985914,0.484375
1096,0.6377515343320375,0.4822440382441127,-3.541812095982887,0.578125
1097,0.6433367504669368,0.4953571882998145,-4.579590735632658,0.53125
1098,0.638560274774438,0.4774465914404731,-1.9288604956754194,0.546875
1099,0.6228765756910081,0.47736139184307963,0.5334756531005733,0.46875
1100,0.6234652091680924,0.46824718806757,-2.7030023467303366,0.59375
1101,0.636196939047738,0.4871449219918073,-3.1675734981528203,0.5625
1102,0.6274480005752311,0.4762580453319017,-1.6399795453948733,0.53125
1103,0.5925071000186556,0.45555173958044165,0.049642074768218136,0.4375
1104,0.628296229804819,0.4741645524292391,-1.0601166211216357,0.59375
1105,0.610952068201193,0.45597204829565813,0.05823013557038237,0.578125
1106,0.5745187564496487,0.44806022188703926,0.2684017891162764,0.546875
1107,0.5763598077898074,0.42934144321184675,0.4952558531678868,0.40625
1108,0.5868712652707718,0.428414217251321,1.0442120416700575,0.6875
1109,0.6100243621381917,0.4549419517029321,-0.1967753858352474,0.640625
1110,0.6129760644404278,0.4572805816257406,0.19923057455829576,0.515625
1111,0.650109401877682,0.5014943106672171,-4.216730984143541,0.578125
1112,0.6425056561025007,0.4969159391589786,-4.234280947492085,0.453125
1113,0.6321589104479166,0.4858463836598406,-3.1926305458117596,0.609375
1114,0.604180168520213,0.4542741228648233,-1.0545199785097394,0.546875
1115,0.6246373885319257,0.46774130637259054,-4.549368680623416,0.578125
1116,0.6371983256045862,0.4805852531612942,-4.299328989258659,0.515625
1117,0.6475852642417923,0.5057784534638301,-5.012899599828148,0.578125
1118,0.6608323916286541,0.5117245868998029,-5.326245940417987,0.578125
1119,0.6784195398203131,0.5266596661046302,-6.122679814929136,0.546875
1120,0.6391461339326485,0.4800706293708364,-1.6228602237282335,0.484375
1121,0.6470913901744948,0.4865842384752013,-1.7954618474193202,0.671875
1122,0.6503256304477535,0.4875882458731744,-2.8066061164781946,0.5625
1123,0.6487897244645374,0.4935412290588795,-1.5088172651634328,0.46875
1124,0.6293686110061306,0.4839253794980345,-0.5107058594142604,0.625
1125,0.6585072423594797,0.5122205913492605,-2.287298144975909,0.484375
1126,0.6511086016231263,0.49070381352450426,-1.100590422823919,0.515625
1127,0.6369602731646051,0.48880649899955025,-1.0196702821110528,0.59375
1128,0.6068236681473956,0.46241624886223437,0.18142512470419725,0.5625
1129,0.6030684711055655,0.47399746685023675,-0.7472117493856776,0.5625
1130,0.6359219260702647,0.49524576338022497,-1.9438593067302894,0.65625
1131,0.6429417644759713,0.4945663219321588,-2.289972553162768,0.515625
1132,0.6437331432780349,0.4848437169015991,0.7890907389861344,0.546875
1133,0.6283856909137598,0.46837546978040434,2.371275677725192,0.515625
1134,0.6084259129049846,0.4658009888308752,2.9141987129196516,0.578125
1135,0.5871447063234547,0.4343453288840849,5.244881169504653,0.578125
1136,0.6013725580167751,0.4426088829409441,3.577806753691249,0.578125
1137,0.5789943649675545,0.43321101309230325,3.5877030508271286,0.53125
1138,0.6050727932413161,0.45352313693101726,1.664348404466888,0.5
1139,0.6197629096414805,0.46319627528841806,0.23205925753477197,0.46875
1140,0.6032928557689171,0.4459984185225787,1.239991812110459,0.609375
1141,0.5970486674663135,0.4306410689802039,3.233969520549234,0.625
1142,0.6051646485894869,0.4600258592498195,-2.691035203997001,0.59375
1143,0.6161794658018289,0.4668507482145703,-1.6771621291610523,0.53125
1144,0.5991696562973199,0.45664178872463596,-0.7671532354137478,0.546875
1145,0.6012300596407929,0.441556031665661,0.8578997437099987,0.546875
1146,0.5893433028135548,0.4309949953025975,-0.7764914472810178,0.421875
1147,0.6086444952753296,0.47521265504128724,-2.145760594578061,0.578125
1148,0.5871654988933973,0.42539348251139936,2.48774036698868,0.53125
1149,0.5720071380981371,0.420496947516569,2.064914841404178,0.59375
1150,0.5861932246244275,0.44136710284992614,1.0270430794959506,0.578125
1151,0.5765274676201868,0.4466166896113339,0.4710725227999958,0.546875
1152,0.5678717869465868,0.41990105594253263,0.9428043161109452,0.5625
1153,0.5727802242419393,0.4134280739222702,2.50155978098924,0.5
1154,0.5523967854072148,0.39855739490323505,3.396030446339606,0.53125
1155,0.5833743857142919,0.42414192358552966,-0.26121670122553253,0.53125
1156,0.6110889567036598,0.44176796890223,-2.252620507163356,0.453125
1157,0.636475494299365,0.46659825900886603,-2.409275584469785,0.46875
1158,0.6323872978588055,0.4559039602729542,-2.1713683413110294,0.671875
1159,0.6411299319697609,0.4744340418796993,-2.7359876379881882,0.546875
1160,0.6372765412336937,0.46141941826083493,-1.4848001563750348,0.53125
1161,0.6175864097169413,0.46721089600158866,-1.5165198597385698,0.625
1162,0.6443621277684947,0.49504899445252826,-4.45302974845056,0.5625
1163,0.6054978266444625,0.4657255058938383,-2.216345986250421,0.5625
1164,0.572122940904707,0.4485909176969352,0.2135928500914338,0.578125
1165,0.58114790409941,0.4453996870122072,-0.14180394221007148,0.71875
1166,0.5937966841774106,0.4322054500427946,4.737156370729143,0.65625
1167,0.5815858252983285,0.4098953461874615,6.705031567755481,0.421875
1168,0.623746819443029,0.46206460383921266,0.5624198137954997,0.578125
1169,0.6159725304057354,0.4609589248381572,-0.9876731757517883,0.53125
1170,0.6068341568076744,0.46451414014134484,-0.14415717649979953,0.625
1171,0.6048474447001656,0.4620491228845068,-1.062659896677523,0.5625
1172,0.5985267923015946,0.43897055524270484,1.3075275401193804,0.609375
1173,0.6272967633396163,0.464863742769448,-2.1849547569623895,0.5625
1174,0.6321090598944212,0.4562325274270406,-0.7870737335645082,0.484375
1175,0.6073240440081352,0.4413156643134526,1.321891538471378,0.5625
1176,0.6315259338901245,0.4522486124432749,0.6907835838124298,0.53125
1177,0.6393229698784125,0.4680717360006681,-1.1601156013355738,0.59375
1178,0.6198052130086303,0.4505910751733369,0.39671889705287683,0.5
1179,0.6140762602139999,0.46317395626983265,-2.0871752340574514,0.578125
1180,0.5933330919148512,0.44745581975975357,0.6848749991323129,0.5
1181,0.5856799581594258,0.43805463538553174,1.1477313109068525,0.5625
1182,0.5857642872634007,0.435688352790174,2.323969295724116,0.4375
1183,0.6092532233514841,0.4455269659031253,1.752765438372894,0.421875
1184,0.6381452732378915,0.46696101102223464,0.6433147470261307,0.5625
1185,0.6256246685759363,0.46106799680870014,1.436718310677228,0.453125
1186,0.6381625936936347,0.48585128331998867,-3.029290657416668,0.53125
1187,0.6614626257928585,0.5060377365948437,-5.250794745272543,0.484375
1188,0.6198793485792513,0.46767962728315143,-1.8475895776307911,0.53125
1189,0.620648242984197,0.47648841599343106,0.46135734598822387,0.5625
1190,0.6256317278088878,0.4711466498173345,-0.4845146841447515,0.640625
1191,0.6247805642434492,0.4820260323720591,0.033400742402386135,0.53125
1192,0.6253909553566389,0.4785203102169331,-0.05647418183046743,0.53125
1193,0.6263360799611757,0.46062615029399145,1.636672855345597,0.515625
1194,0.6435809295946426,0.47934277890567745,0.019925359944755416,0.484375
1195,0.6381268692741743,0.4678409572727207,1.3214928882616934,0.625
1196,0.6668900071424826,0.4958269340301655,-1.3027921751317937,0.5
1197,0.6903553372235858,0.5279698524434296,-3.5895868565165907,0.484375
1198,0.6893575176467296,0.5192169343056771,-2.076453473044296,0.484375
1199,0.6832481723764161,0.5173482610568776,-3.450061909251044,0.546875
1200,0.6844585372527151,0.5236333908784795,-3.952161242571341,0.53125
1201,0.6729566078848045,0.5311501386171834,-4.674784325544479,0.5625
1202,0.6562364016144385,0.500097125444653,-3.7101170589860786,0.609375
1203,0.6473215997078569,0.4947197697859256,-3.364094538047164,0.671875
1204,0.6633523422204846,0.5214173833359891,-5.593113019136348,0.53125
1205,0.6828259658233873,0.5328238726822726,-4.692017726143002,0.421875
1206,0.6870136053823425,0.5367673857821856,-5.980220624868973,0.28125
1207,0.6777964635985212,0.5279538322382324,-7.288553665343375,0.53125
1208,0.6504305200096189,0.49437536679999106,-2.379693189031807,0.53125
1209,0.5991762816302703,0.4607896884423755,0.7625858581303345,0.484375
1210,0.6386149257544491,0.48521158467976805,0.35742358419784415,0.546875
1211,0.6341661504571111,0.4964135731269688,0.0490912521597017,0.546875
1212,0.6340782253737625,0.4665648323346119,2.2605734482050734,0.546875
1213,0.5863864746946663,0.42033861920909094,7.364509567053094,0.53125
1214,0.6246428373497704,0.45476960307389397,1.8920926996888663,0.53125
1215,0.6728888697830543,0.5098361309998062,-3.4064195777342796,0.5625
1216,0.6614263190470032,0.48063465316671605,1.3066132238226735,0.53125
1217,0.6907847252753679,0.5288385532836418,-3.124846297830121,0.5625
1218,0.6438873015573355,0.4842937390087425,-0.017447064347192787,0.5
1219,0.6606562799218213,0.5024894000633043,-3.1014433821757343,0.53125
1220,0.649804230924687,0.4865835696556234,-2.372656192347481,0.5
1221,0.6761254765780121,0.5292598378446575,-4.843772905780791,0.59375
1222,0.6884992665485061,0.5440660070324358,-5.402436813149729,0.578125
1223,0.6648900772436164,0.5243178006411507,-5.849309580452726,0.5
1224,0.6732372682416295,0.5255130645670011,-6.0493532822252085,0.5625
1225,0.6823701932340098,0.5294420973103336,-5.5173798385115775,0.578125
1226,0.691539972224044,0.5383777146680443,-5.494105546874735,0.546875
1227,0.6922720053688148,0.5431924312089825,-5.331501949271835,0.671875
1228,0.6545092431232581,0.5003147374139147,-1.7435258168685899,0.46875
1229,0.6515418575962324,0.4998578432057599,-1.7923764982610366,0.5625
1230,0.6581158512469235,0.5100358017854277,-5.2062945566075705,0.515625
1231,0.6604141690578141,0.516820149276041,-3.861934571489342,0.46875
1232,0.6746896629128502,0.5197443195267767,-3.3322216170311916,0.546875
1233,0.6399905731588175,0.48221527497668754,0.33499179093002923,0.625
1234,0.6471848035054437,0.4975452957218463,-0.017164407535951498,0.609375
1235,0.5971616635624503,0.4685195381330045,2.2390737118652573,0.640625
1236,0.6151953989869026,0.47852739004843947,1.776104011050105,0.625
1237,0.6607684413687532,0.5176545521352957,-2.1294734356983813,0.5
1238,0.6530380788971093,0.5001831860156122,-0.43450497883044076,0.578125
1239,0.6186132149208174,0.4747894884980211,1.2360817736891283,0.6875
1240,0.604569135194144,0.48629043522959337,0.05403246847109466,0.578125
1241,0.550336913570124,0.41187677553710417,6.931813653554809,0.484375
1242,0.551186578242716,0.4168475942812666,6.075114762247582,0.546875
1243,0.5744751243512082,0.4046019146541557,4.5802530019459144,0.609375
1244,0.5773315247882577,0.42308979029041155,3.7217108989960845,0.609375
1245,0.6221284489965622,0.442323890417508,1.322040324026,0.609375
1246,0.6148347073303547,0.45201930955832254,2.525782030709146,0.546875
1247,0.6425769321041683,0.4867819190000799,-0.6926893844383666,0.515625
1248,0.570808411821546,0.43902573345580215,2.8167160247595606,0.5
1249,0.5808699361805878,0.43912479419058403,1.7213860185022731,0.59375
1250,0.5932653805620531,0.4440588623143673,3.1442224033104873,0.5
1251,0.5819498941473927,0.4302660068662469,3.048394987398268,0.609375
1252,0.6056952551215514,0.4691277478287093,-0.1870412491245393,0.515625
1253,0.6045446437864292,0.46543736043562206,0.2777114367085175,0.609375
1254,0.6239469445447182,0.4644725554908371,-0.7270156243429946,0.46875
1255,0.6244787555832083,0.4670432780899594,-0.12946316465091406,0.546875
1256,0.6135561998313156,0.45112754081270534,2.2881372509627296,0.6875
1257,0.6233783108852987,0.46796127997741327,-1.2805584585578478,0.625
1258,0.5814971019181873,0.4172899505821072,2.1435617500596464,0.53125
1259,0.6069573468936184,0.4482901015364536,2.05155609500894,0.5625
1260,0.6416577954407766,0.48467400223139023,-1.567945490929523,0.515625
1261,0.6345472441706405,0.49262307185302207,-2.7282892428252143,0.5
1262,0.627715479837489,0.47162912727870165,-1.57962636144131,0.515625
1263,0.6358263981311314,0.4776361743408905,-1.5502835814840628,0.65625
1264,0.6315101056134647,0.47503253896612,-1.851817429696907,0.484375
1265,0.6350819278482227,0.48257377441265054,0.4703200062352599,0.5625
1266,0.6629245829499358,0.5039359975729746,-1.4458161898906698,0.53125
1267,0.6444612375802022,0.4999716457452899,-0.9090900439931116,0.53125
1268,0.6332226239046506,0.47649250569624746,1.7740913439006465,0.53125
1269,0.5945547994430104,0.44214787610910616,4.763406193084231,0.53125
1270,0.6115736734124471,0.4714173396307322,3.942579066801993,0.5
1271,0.6042237843817282,0.47378989755037076,1.9640925470737338,0.578125
1272,0.6278629648393107,0.49446115899004967,-1.2254013423974528,0.59375
1273,0.6070604078901316,0.4522241058595864,0.29992973350763286,0.546875
1274,0.6089487468401868,0.46875052548256163,-1.8669531017903915,0.46875
1275,0.5970153955400638,0.44783616303843465,-0.6572568712710234,0.53125
1276,0.5884366993350926,0.4368781256917065,-1.0839642025565213,0.546875
1277,0.6077833252748905,0.45602243487564437,-0.3863130824746451,0.578125
1278,0.6156357529799049,0.4821697079011546,-0.3217366512231943,0.5
1279,0.6046051648370442,0.44616197674967895,1.2449998191288125,0.703125
1280,0.6242592640416015,0.4708740396009405,-0.9999791278618037,0.625
1281,0.6401805253564318,0.47896244550062245,-0.578224039029285,0.640625
1282,0.6403929107658343,0.4863231253157953,-0.009473537399541598,0.625
1283,0.6578418022527855,0.4916929065019917,0.7844345657067198,0.46875
1284,0.6337306839448394,0.47988963700668946,1.0254914566862052,0.546875
1285,0.6334738659053639,0.4749089360798499,0.9976942557400882,0.625
1286,0.6629112481982536,0.5101858753577261,-3.2902220720326323,0.4375
1287,0.657049915018865,0.5124463649842222,-4.339232935305622,0.578125
1288,0.6474910969345652,0.5099676021361561,-3.2218852557774196,0.578125
1289,0.6265400217041722,0.48849188872765487,-0.9777690384578919,0.4375
1290,0.6303056166056518,0.47595392759360305,-3.051889004251084,0.546875
1291,0.653325502684509,0.48519939782981236,-6.344228766344619,0.578125
1292,0.6392194573038029,0.4822760463738329,-5.065532909699687,0.515625
1293,0.6684350636129094,0.5134987046834016,-4.013960769737779,0.625
1294,0.670627776752617,0.5171889570086858,-3.899822913106841,0.53125
1295,0.6521693781226471,0.48142792706991294,-1.6167068277677537,0.5
1296,0.6151489391374275,0.4399463346897213,2.314025978948456,0.484375
1297,0.5798831677168931,0.41221928271251845,5.487282868775753,0.484375
1298,0.5641932734743417,0.4072767469521343,6.231406615487336,0.59375
1299,0.5591015942506733,0.416887979049634,5.491365993828567,0.546875
1300,0.5385383948778645,0.40559745347309245,8.204172350199398,0.609375
1301,0.5591034048130941,0.4315037294087714,4.8433763675194275,0.484375
1302,0.5670546429377534,0.4155757412671683,4.023799046571735,0.53125
1303,0.5399094110432513,0.41243330857805566,3.4306589104202807,0.578125
1304,0.5374071076882617,0.40813782481770106,4.581478455659332,0.40625
1305,0.5492919761888047,0.4184211042900518,4.057660583727143,0.578125
1306,0.5675589525022454,0.4329198222016735,3.003685373731107,0.5
1307,0.541733861762261,0.40850397283189005,5.433983339374124,0.59375
1308,0.5743091645849439,0.4469456789653015,-0.8233037891663174,0.609375
1309,0.6300640750816133,0.5077345348131882,-5.905630065367701,0.484375
1310,0.6248830351405715,0.48883957032814446,-4.121095138716249,0.609375
1311,0.5775525477473549,0.4346186218634627,1.6659235936579138,0.53125
1312,0.6043939050423816,0.45091660600342337,-1.0638427804084127,0.453125
1313,0.57899369260709,0.44214555861410026,-1.5071483124640888,0.53125
1314,0.5915434417818961,0.45878597497688195,-1.603850826504945,0.546875
1315,0.6025357945170356,0.47632406612654704,-2.2244447948218893,0.5625
1316,0.5963365418877331,0.4578210178577417,0.3714770366564186,0.640625
1317,0.5661861331927036,0.4259325159377491,2.8241243133020824,0.578125
1318,0.5430403767436994,0.4042138180286692,1.9468714794727278,0.546875
1319,0.5509048854947922,0.39460198933507346,-0.8381821630856467,0.671875
1320,0.5475409269483918,0.403354173038933,0.6602666753667458,0.515625
1321,0.5295571267885846,0.3902114599938347,1.2858017887089823,0.609375
1322,0.504291695993733,0.36725015508868886,4.826152418469048,0.515625
1323,0.5129696724322229,0.362273670327202,4.814428623400464,0.4375
1324,0.5146828590172156,0.3686810410755787,3.935016936096898,0.578125
1325,0.508031564452316,0.35354520656422533,4.13569788482834,0.546875
1326,0.5119633641960121,0.37223593484501044,4.051264962321905,0.515625
1327,0.5440599664740865,0.4014817153264058,1.7853740399555633,0.609375
1328,0.5490757593356926,0.42673684589839816,0.38271148288452056,0.609375
1329,0.5469399599573865,0.42121184130892986,1.367574186120823,0.515625
1330,0.5535516329541231,0.41933146216769096,1.8955366677024514,0.703125
1331,0.5536726931212165,0.43370227103656805,0.7504455321099117,0.578125
1332,0.542117574352768,0.42782541640221344,1.4485164825516117,0.640625
1333,0.5733981459302163,0.45881195622975635,-1.3354860705340537,0.609375
1334,0.5651792005787324,0.44791671425288254,-0.4216861220400344,0.578125
1335,0.5821469711779016,0.47430334693636583,-2.123343991787526,0.578125
1336,0.6139725147912442,0.49136607874668936,-6.06769711492264,0.59375
1337,0.6416903762420191,0.509161507024637,-7.057628400448781,0.671875
1338,0.645190483830339,0.5152471783244265,-6.7449907830737885,0.53125
1339,0.6407009907863609,0.4879528751322426,-2.9355095809646725,0.484375
1340,0.6277985124011023,0.47085763383301904,-1.7683406500011678,0.46875
1341,0.6176432374939416,0.4645690372997735,-2.9525377564200386,0.5625
1342,0.6184165389864148,0.49239271372734555,-2.6818994183584772,0.65625
1343,0.6490972874368129,0.4927963843877994,-2.6707913657525273,0.53125
1344,0.664578635394851,0.5190000036953971,-2.935146658612989,0.546875
1345,0.6684454185917019,0.5150176220789762,-3.9252019206126896,0.515625
1346,0.6948682731100974,0.5336720013601174,-5.233350442673663,0.515625
1347,0.682736445742271,0.5076668466835256,-3.5154511509842887,0.53125
1348,0.7029277703882356,0.5372582249110579,-6.050986611498023,0.609375
1349,0.7305127386237471,0.580211104030905,-9.707313254836235,0.46875
1350,0.7237936333202191,0.5743644006097725,-8.91065447695578,0.5625
1351,0.6846365759225056,0.5323187375017326,-5.97934850779849,0.5625
1352,0.6751817337288356,0.5099060095124844,-1.785286719643878,0.5
1353,0.6242739959647601,0.46072755235325574,3.2931855232099827,0.515625
1354,0.6442733714876084,0.49061269923228545,1.7963942814642881,0.5625
1355,0.6339806094690971,0.4996330809754439,1.5759697361276217,0.53125
1356,0.6275599842518955,0.47386937728988504,4.398202769211732,0.453125
1357,0.6256797426911024,0.4554925867427843,5.9245513292090255,0.578125
1358,0.6631550228981686,0.5037525087004654,-1.1197010579285056,0.5
1359,0.660512728115508,0.502869888126472,-2.3005706595172204,0.578125
1360,0.6369052318455345,0.47859601717742706,-0.5584396351361159,0.53125
1361,0.6503407156666997,0.4939091789938453,-2.3092245127555215,0.578125
1362,0.6324382680521571,0.48539875372562696,0.9098134941123492,0.484375
1363,0.6289860942307555,0.47241593257214926,1.9018807746750626,0.65625
1364,0.6716276657385899,0.5180546727065463,-2.5217847389128116,0.609375
1365,0.7020197914991245,0.547441077419326,-6.146068651646012,0.515625
1366,0.6963415875658413,0.5433456114858294,-5.906464625183215,0.5
1367,0.6916741907085494,0.5321727847211046,-3.856004969484311,0.625
1368,0.6786613262359215,0.5201065913398211,-4.012091573525427,0.546875
1369,0.6644000113739787,0.502271317593506,-2.023926014832762,0.484375
1370,0.640695962847366,0.4825002844372322,1.3504261294032631,0.5
1371,0.624524918154453,0.4642407343326185,3.6549164051043808,0.4375
1372,0.6480274069480008,0.4822610570044355,1.5222658590423173,0.46875
1373,0.6723405607045865,0.5095938758392071,-2.7115083643378695,0.6875
1374,0.6781557274238571,0.49895484186449773,-1.6682991177344924,0.40625
1375,0.6788107608834345,0.5172412511078289,-3.8354813234268876,0.46875
1376,0.6730421081014399,0.5073014133942358,-3.6431788202332243,0.546875
1377,0.6425672921029612,0.4819643801114129,-1.5776874630849562,0.625
1378,0.6444436252445775,0.4817970959579229,-1.5278490173544605,0.515625
1379,0.6449113644994463,0.48492673801509945,-3.288026339784963,0.6875
1380,0.6601584299583106,0.5001929721548065,-5.2680294465749835,0.4375
1381,0.6258620350871797,0.47975365228917904,-1.3002691598970721,0.546875
1382,0.6497668188753548,0.5093614317050039,-2.326697279187693,0.578125
1383,0.6470342606418412,0.5019090889213998,-1.885845682187564,0.5625
1384,0.6449692063733351,0.4983017853370602,-1.6234571981856063,0.53125
1385,0.6367471653778995,0.4827958825058838,0.8584383526284586,0.5625
1386,0.647100251958148,0.49067557987371835,-0.5566199427711322,0.375
1387,0.628620161163376,0.47173241101040225,1.2242792047197226,0.640625
1388,0.6215111536347907,0.48050675423002415,3.0568055939049326,0.546875
1389,0.6506278841753743,0.5260187728545636,-2.1342536160534658,0.546875
1390,0.6062293243729223,0.4643876641775729,2.531936734541423,0.578125
1391,0.6113716991459558,0.4679908457578053,2.0082870368826478,0.484375
1392,0.5959551803375636,0.44965519765019946,2.9648674318901818,0.546875
1393,0.6163432202298019,0.44850944243459895,1.927018222000466,0.515625
1394,0.6224314844986818,0.4527205113854831,0.5506863215533782,0.59375
1395,0.6306520022374777,0.46917425257669104,-0.5573747601809522,0.484375
1396,0.6463409128483563,0.47823741092930866,0.201347001397702,0.625
1397,0.647171626405406,0.48068506257098825,-3.314943797136504,0.5625
1398,0.6570420499396016,0.49546049378173995,-4.888997450535459,0.578125
1399,0.6389690922517302,0.483847898124635,-1.9711813652490346,0.5625
1400,0.6434152954125987,0.49400052403975253,-1.3468005357487622,0.703125
1401,0.6386907627823576,0.4758752721733166,-1.3366643349029006,0.46875
1402,0.6202339302946078,0.45872775220502054,0.44676556152139224,0.5
1403,0.6107636992274815,0.436590991255892,1.7052878068882602,0.65625
1404,0.6372501756869535,0.46378936686546934,0.015093309285874684,0.609375
1405,0.6036898394874964,0.44660419573021604,3.7391227339773385,0.515625
1406,0.6163646897484664,0.4487569675793095,3.3189722288555896,0.515625
1407,0.600610229105769,0.458489243507167,0.7767067072885865,0.65625
1408,0.5699929270529512,0.4262751281243375,0.1139535089503749,0.53125
1409,0.5481510826905495,0.4022984232289626,4.067441724095298,0.46875
1410,0.5493589036688183,0.4049203427394891,4.7292485579444055,0.609375
1411,0.5617114783369419,0.42969750710061455,4.582850055233004,0.5
1412,0.5550954449165735,0.41159478480955153,5.58192135490984,0.484375
1413,0.588659853212639,0.4410364343166237,1.657896008853587,0.640625
1414,0.5695321423368362,0.4304561004649316,4.661399084284283,0.5625
1415,0.5771075579575216,0.4436351360748357,3.770764850759325,0.578125
1416,0.5928361883974101,0.4585822771938153,2.50372906706132,0.546875
1417,0.5950886436589617,0.4381731284540679,3.763696847300892,0.4375
1418,0.5686166429692073,0.41646847747758037,6.3623225486350945,0.59375
1419,0.5672704031980653,0.41400430738495547,7.24053554503362,0.5625
1420,0.608661870292178,0.45551829612114964,3.880622502066663,0.5625
1421,0.6256587656612912,0.4726018850766116,-1.1242842132749784,0.59375
1422,0.647044692103239,0.4953425246934134,-2.2517275646189434,0.546875
1423,0.6374799475764146,0.4933523331438434,-1.6752403532363724,0.609375
1424,0.6379578624697474,0.4990357824322908,-3.1320683771457434,0.484375
1425,0.5603398305635165,0.4405738712617732,1.1252627601890357,0.46875
1426,0.5717732140516644,0.4457020307200414,0.5718876869853242,0.578125
1427,0.5656560964128037,0.4357281167349309,0.5393223583902039,0.5625
1428,0.5763788793897979,0.4380332804251567,0.2431556081989909,0.484375
1429,0.5641084339916106,0.4313281062443613,-0.8669714193143377,0.578125
1430,0.5630007815967852,0.43513014605117445,-1.0023340726624033,0.625
1431,0.568563200440029,0.43871464695668694,-2.1233852940305087,0.59375
1432,0.5529339172844614,0.43497869428319214,-0.4736811095266469,0.5
1433,0.5436957640024968,0.3996695598422189,4.610415373627538,0.609375
1434,0.5427204847574717,0.39768212422673677,6.213353748229371,0.34375
1435,0.5261832788468691,0.4128307734193079,4.580689692438669,0.515625
1436,0.5399760457527232,0.4241271654824989,2.133268053928402,0.546875
1437,0.5137667846569833,0.39420452901792896,4.150421986128702,0.640625
1438,0.5566095325147346,0.43665691028475795,-0.07244387112816564,0.671875
1439,0.5722499227884462,0.43326321610797186,1.3172414259586298,0.640625
1440,0.5611733195537861,0.4242555274303727,0.2582492160113532,0.5
1441,0.5651307842733558,0.4177287887232719,2.493321715010306,0.625
1442,0.570499838222684,0.40857090407435304,4.133587410532803,0.671875
1443,0.5440404432800756,0.3925937133849439,5.251783689085679,0.625
1444,0.5699613107552014,0.41205601619162,1.9423644718269437,0.578125
1445,0.5624125389703408,0.4187666832178995,3.3210347789704793,0.5625
1446,0.5635414214524141,0.4102565686022482,1.1899357210469939,0.546875
1447,0.5545555840776389,0.41260955317389075,2.2996082910933358,0.546875
1448,0.5716772304062123,0.4322777065076635,1.7087910207519141,0.53125
1449,0.5659537772440034,0.41255949538378367,2.125780661672472,0.5625
1450,0.5357532448758671,0.4260519854160705,2.096611332408439,0.484375
1451,0.5196122702987779,0.3912153099881866,1.9705717886433827,0.625
1452,0.5172074035340043,0.3853399738966938,-0.6869646937134054,0.515625
1453,0.5049183295083082,0.38140958661935614,1.517917324758205,0.5
1454,0.5037621473099727,0.37385162640990194,3.2345105015306084,0.578125
1455,0.5011880253843306,0.3820841804140252,3.554909908103779,0.65625
1456,0.4912794764296393,0.3761712986773473,7.038726791948924,0.671875
1457,0.49785959959122233,0.39110910646801306,4.587789069090769,0.625
1458,0.4779178220715196,0.3466124288139107,6.680920284506925,0.625
1459,0.48522695327358906,0.3734355476721651,5.930360952028151,0.640625
1460,0.5175459986333065,0.4070341637831458,1.3664262540391778,0.515625
1461,0.5053240210025581,0.36260068662959544,1.8612994793545798,0.546875
1462,0.4963376119733627,0.37431523285901935,4.286026116097179,0.578125
1463,0.4310569860180846,0.32765987730928864,10.506947363675465,0.609375
1464,0.44194717911257553,0.34764470494947847,8.832237460183833,0.609375
1465,0.47254624199287826,0.38134466430363306,7.268509080705672,0.625
1466,0.46926073473696706,0.3762310919905382,6.827893664158435,0.578125
1467,0.438572286994114,0.35295218390057975,3.830403816032157,0.515625
1468,0.4659758340763182,0.34467233884386106,4.727481720966656,0.703125
1469,0.5057548421968657,0.362791070014842,3.2484936339760218,0.65625
1470,0.50186598201951,0.3665673503013962,4.2610543482081225,0.46875
1471,0.5006174547810714,0.3776917166066948,4.061852327550532,0.4375
1472,0.4862876558696969,0.3763892983762507,7.283615409908638,0.4375
1473,0.4679717261558804,0.36053736427883815,5.713440021981334,0.609375
1474,0.5147782362920142,0.3821361256132483,0.5950775388258546,0.578125
1475,0.5104415590412498,0.37009819786977055,2.5955668811677133,0.609375
1476,0.5453202927756801,0.417120990589053,-0.6306728712445597,0.65625
1477,0.5597092890507354,0.4151444681940604,-1.2588007796792766,0.5625
1478,0.5730554835773333,0.43485746916763085,-1.8663031875554719,0.515625
1479,0.5916339681896745,0.4518873493403858,-2.78148280483511,0.578125
1480,0.5987981879680658,0.4670068649291392,-3.324437491528006,0.53125
1481,0.614038388289854,0.5016519351513725,-5.18355502746238,0.546875
1482,0.6067642755215967,0.4855950529072357,-5.039019483434426,0.625
1483,0.6126492405480827,0.4547466532707314,-3.089930352640362,0.546875
1484,0.5923604381250713,0.43378950783601394,-1.0480518498622386,0.484375
1485,0.5891643714810932,0.4311774732253968,-0.8479963677978234,0.59375
1486,0.6033234780916138,0.45497322179967536,-2.0041528799648334,0.546875
1487,0.6093777668855707,0.46119783246040624,-3.6870513064870325,0.484375
1488,0.604953683900412,0.47092257824395656,-4.443751682589959,0.5
1489,0.5853513748598177,0.44566643781818055,-2.880696122636593,0.671875
1490,0.5984952533831418,0.4732459610927921,-3.2167010453814795,0.59375
1491,0.5679880263616709,0.443801722533198,-1.2103121368841232,0.515625
1492,0.5870416048758229,0.4656875162900888,-1.5407373836343679,0.5625
1493,0.5746733023280699,0.43603254840549943,1.267653600129201,0.640625
1494,0.5743526691746585,0.43312668056823106,2.610644087442414,0.46875
1495,0.5697835307572157,0.4113942971160652,2.6334007108766873,0.515625
1496,0.5640901085194656,0.40870630577832917,4.224645818630826,0.5625
1497,0.5805314154959448,0.40146029566577157,5.14068714935588,0.5
1498,0.5970744220070202,0.434823677596444,2.1157886000541977,0.59375
1499,0.6225204541809882,0.46635153765559423,-1.4003986764583025,0.59375
1500,0.6017715953813361,0.4562272850207358,-2.202458458943709,0.515625
1501,0.6381477977809423,0.48319470254930064,-1.6744505899153586,0.578125
1502,0.6361610307726301,0.4755541433267279,0.5957857090581015,0.5
1503,0.6161159818119366,0.46031546010687724,1.6447231288733843,0.640625
1504,0.6229666809577817,0.5030661479409431,-1.4554331885034888,0.5625
1505,0.6407417783417354,0.49197611530208,-1.9775823459272506,0.578125
1506,0.6441790995451143,0.508697601104494,-4.5876229029707805,0.484375
1507,0.6102107063953338,0.4771570458597574,-1.6428591750394175,0.59375
1508,0.6197006958558661,0.4840580971772897,-3.0590716036529173,0.59375
1509,0.6057268999417649,0.4669889347141603,-2.4669482449874143,0.546875
1510,0.5951407072346405,0.47634370806506515,-1.8561034928192566,0.671875
1511,0.5833650476400131,0.4591432166793667,3.1918778991443815,0.53125
1512,0.5959724572613327,0.4516023580114214,3.019613320715953,0.546875
1513,0.6074187063959666,0.47550597048986293,1.2753494480695164,0.578125
1514,0.5589688679197925,0.43797795311093274,2.56251309962548,0.640625
1515,0.5984375484592042,0.4544803975018987,2.106928925991994,0.46875
1516,0.596791813535314,0.4428303322020492,4.460038637996567,0.5625
1517,0.6313720779765196,0.4632881122274503,1.004146360050667,0.5625
1518,0.6417948847182414,0.4757819108254437,0.6645721852787756,0.53125
1519,0.6727242794068244,0.5197667347939363,-4.289670659446719,0.578125
1520,0.697271698326073,0.5351923122928133,-4.401043211205932,0.5
1521,0.7187942550352884,0.5623753450240521,-5.650718188802643,0.5
1522,0.6849925713684959,0.5230049396016483,-2.086795371302167,0.453125
1523,0.6981192212710381,0.5351498711060845,-1.3574683228078872,0.609375
1524,0.6889405438624493,0.5256229261090742,-1.4941658728543303,0.4375
1525,0.7115129482610039,0.5536138503558727,-4.898808654796197,0.546875
1526,0.7058444241496339,0.5463908362958647,-6.481884381204618,0.546875
1527,0.6825684835761265,0.517496942602202,-2.6750658389720825,0.609375
1528,0.6809481337699715,0.5149539987721375,-3.5305917640135647,0.4375
1529,0.6615833793359676,0.49434551667410087,-1.5342378343655387,0.609375
1530,0.6377801650075351,0.47075811782808036,0.3733980850122306,0.4375
1531,0.6799014357175109,0.5139007602295415,-5.213421032214904,0.640625
1532,0.6767770352638675,0.5182991259840272,-3.154396588658209,0.59375
1533,0.6860358137613162,0.5201355999446825,-5.448550660842722,0.5625
1534,0.6577153896562212,0.48808449801549214,-1.4396124367902345,0.546875
1535,0.6168142496646044,0.45380282023207674,-0.14901519685492343,0.609375
1536,0.6489045959652348,0.4896708359641527,-3.2478244525041466,0.46875
1537,0.621334664087122,0.4608008081389708,-1.078774998100703,0.640625
1538,0.6155216369213004,0.4566609245519153,-0.40169776183281847,0.640625
1539,0.6219971689095843,0.4903414211594807,-1.160484696782389,0.640625
1540,0.622608218790158,0.501879781415436,-2.0914219014612536,0.59375
1541,0.6168290598291998,0.47391015339381903,-0.27496888273841835,0.625
1542,0.641089144863353,0.5046128266043398,-3.7232889276046106,0.5
1543,0.6303949090288096,0.48701049244182393,-2.711407199921563,0.59375
1544,0.6334497371829192,0.491921024153489,-4.682680162621919,0.578125
1545,0.6429991548788987,0.49667856449589065,-3.102668869986292,0.640625
1546,0.6245910582214704,0.4706291849225241,-1.8133334603991276,0.640625
1547,0.6143512772503132,0.4497185412688817,4.089197823822198,0.609375
1548,0.6228440098999436,0.4572854098212255,1.2640526079835688,0.515625
1549,0.5891549663985743,0.43202586287298334,4.198475012680785,0.65625
1550,0.5483413100962587,0.3830668937458446,6.7111556272436275,0.53125
1551,0.5553487569039858,0.38473854564588933,6.462131098027095,0.640625
1552,0.5031488208313576,0.3974190347803989,9.885575404421186,0.71875
1553,0.5246429023239542,0.3866033465176257,9.092385096292483,0.671875
1554,0.5439010813381738,0.3977417443466875,6.156648729509421,0.625
1555,0.5267431107538988,0.3950429002818236,6.654360532789097,0.484375
1556,0.5206090070330612,0.3774914198677925,8.810898028489078,0.609375
1557,0.5435275570467965,0.3784647058886901,6.4053293676557,0.5
1558,0.5229786416087532,0.3727063962757602,5.7762723347371345,0.53125
1559,0.537968701545445,0.41639120904692256,0.6696667703425383,0.6875
1560,0.5419491721992739,0.4301020936814666,0.21266642837707322,0.59375
1561,0.5820510905008088,0.4691220636877312,-0.41079319848272766,0.578125
1562,0.615447069501671,0.485080982536824,-1.3443213307083557,0.640625
1563,0.6240195400165406,0.4999100801211415,-3.565162691889671,0.578125
1564,0.6110477847879469,0.4868067053544271,-1.4530704417108482,0.46875
1565,0.5929411070055252,0.467768402763222,0.800455709248175,0.546875
1566,0.5835115470559725,0.45045212507415,1.7286919999312351,0.578125
1567,0.5991824290820039,0.45849436065688565,-0.22334111327130987,0.5625
1568,0.63801009643317,0.47716772012846115,-2.9316053773018034,0.5625
1569,0.6610453814339673,0.4831626466963341,-4.950200049983532,0.5625
1570,0.6615841110734711,0.4814441935092626,-5.6300550048997025,0.59375
1571,0.6488149453054463,0.4774324579407169,-3.234357131239906,0.421875
1572,0.6444793284675969,0.4741736440930513,-5.862314306867855,0.5625
1573,0.6039054506901147,0.43810904141423584,-1.252724937048737,0.546875
1574,0.6131889544399066,0.41535828763269017,0.4372547500157626,0.609375
1575,0.631193663410408,0.46245218940522365,-0.1500430839014557,0.65625
1576,0.6497149537574095,0.4812556532480549,-0.537979784791925,0.53125
1577,0.6266675813809763,0.46878272974265595,1.432419593367844,0.53125
1578,0.6063425660805338,0.4551574955168376,2.6330525168269507,0.578125
1579,0.6075889129530329,0.4690972401791451,1.5993624350150115,0.609375
1580,0.6322367076305145,0.48505238327102984,-1.4616297889587517,0.609375
1581,0.6246219918065726,0.4742061426144968,0.19813668407419247,0.5625
1582,0.616691035557122,0.4693779583075767,1.3634227441467934,0.5625
1583,0.625209034630025,0.47412899808108744,0.2969344047314344,0.609375
1584,0.6005490137097534,0.46972361261379475,2.536824289670032,0.5
1585,0.6188241819582654,0.4718023832416495,1.3453404465248877,0.59375
1586,0.6280203805331851,0.47762815135197334,1.7773883728715076,0.640625
1587,0.6303777501861575,0.4712915428950133,0.7639268301372136,0.46875
1588,0.6310573717788436,0.4823939870522706,0.25969114113227754,0.5625
1589,0.6685962271760332,0.5207361799672425,-3.0143324922965733,0.65625
1590,0.6303746209844682,0.4910184113826504,-1.2522405070701754,0.6875
1591,0.6251982197212606,0.4773307362809514,-1.8036312500882339,0.5
1592,0.6083777933431712,0.46333751723338734,0.8852027410253802,0.578125
1593,0.60279517347337,0.4702047287622209,-0.8969583779194963,0.484375
1594,0.609570325860996,0.4492270100917651,-1.091178574245293,0.59375
1595,0.5696423846982213,0.4147899914809306,4.261709281240937,0.59375
1596,0.5594266292170523,0.4287162532209941,3.6378688363961706,0.59375
1597,0.5496345228285783,0.4040694718405366,4.773844876605131,0.671875
1598,0.5614360044661373,0.4040308004710156,2.206332278537347,0.59375
1599,0.5595033211161456,0.399170296306304,1.3941369975313072,0.484375
1600,0.5952741707927086,0.42695299560246674,1.361347512333259,0.71875
1601,0.5688020699645974,0.40509919172400405,3.7494564646560153,0.546875
1602,0.5634294036783354,0.3921151843959743,4.201658282537736,0.578125
1603,0.5845832854267569,0.42031683693252847,0.9756330582785183,0.40625
1604,0.6134265101865725,0.4650898248171467,-2.4885294903751705,0.546875
1605,0.6283533865305562,0.4593675897693903,-1.6823777595121645,0.515625
1606,0.6548271607167807,0.4817580356309983,-4.523559812496607,0.46875
1607,0.630355622350737,0.4695377561047666,-2.151380312492959,0.421875
1608,0.603958847756192,0.4489448151215465,0.7611389380557382,0.390625
1609,0.615506111636183,0.4527867691635703,0.3837629695091605,0.65625
1610,0.6471902423471622,0.4909230982053068,-3.6902952919430883,0.546875
1611,0.6385891638412606,0.46693150722727195,0.12566153946353903,0.59375
1612,0.6391521810935886,0.4756078346773136,-1.1797246152552403,0.59375
1613,0.6181762996712511,0.4601911489783495,1.150228411539623,0.609375
1614,0.6182671112541835,0.44725714109639564,2.1588501889856504,0.609375
1615,0.6215343465129944,0.4616663458231467,-1.921278457967106,0.609375
1616,0.6144814380850484,0.46216566529571707,-1.9015884028515533,0.734375
1617,0.6106277124653231,0.4563323119031411,1.1808049704805825,0.5625
1618,0.5892123013610809,0.42744468101212085,4.778228960960099,0.578125
1619,0.6079527948775442,0.44596523352607514,2.774727885894568,0.609375
1620,0.6258074211458657,0.4760830120227029,0.8530782344285184,0.40625
1621,0.6201353518381261,0.46186177294617714,2.4629196381387386,0.546875
1622,0.6380390151757817,0.48985059058254216,1.3861890544680158,0.53125
1623,0.6513114961817404,0.5080670042634705,-2.0266889889270905,0.59375
1624,0.6490828588327561,0.5212975249235356,-2.495288205829973,0.65625
1625,0.6694300970820993,0.516115168067306,-4.911827087475772,0.625
1626,0.6675458696451105,0.5235132919129121,-4.372339946506574,0.546875
1627,0.6407719591967405,0.4807246946271453,-3.5066755832293324,0.6875
1628,0.6674133991653831,0.5136436932776475,-5.93481601754504,0.6875
1629,0.6638900717968083,0.5188558086190986,-4.349863431731921,0.484375
1630,0.6428894393475991,0.49671644496503875,-3.88344460665108,0.5625
1631,0.6269973495174909,0.49804812471073423,-3.99681285586841,0.640625
1632,0.6516237519691391,0.5060011368233983,-5.914371108797702,0.609375
1633,0.6733300577554938,0.5285732220479075,-7.32450183144458,0.4375
1634,0.6516147758560485,0.5232889105462116,-6.632954237056706,0.59375
1635,0.6448355375442785,0.49906343875056774,-4.0502917546398765,0.59375
1636,0.6331676448104774,0.4802249420197406,-1.6978791736750556,0.640625
1637,0.6443348472889886,0.4914946923622674,-1.4868817416001048,0.59375
1638,0.6349406396538223,0.4735705208959667,-0.544038140342139,0.578125
1639,0.6307095197380437,0.48047486035859704,-1.5233815439190952,0.484375
1640,0.6329707162922269,0.47483935156273166,-1.3794770650847463,0.640625
1641,0.664638540898869,0.5191839816454257,-4.396756685593781,0.609375
1642,0.6693860683447009,0.5144500417820552,-4.469878725277084,0.453125
1643,0.6800019474513638,0.550216603955428,-5.749061159768433,0.578125
1644,0.6577341261739725,0.511328093362724,-3.5575054568769002,0.5625
1645,0.6597975068475344,0.5206683565321001,-2.615040198060143,0.484375
1646,0.6724651823927323,0.5168189733661747,-4.720938291381774,0.53125
1647,0.6759211068440992,0.5197156687627845,-6.686029245611417,0.484375
1648,0.6263099257597139,0.47298123206580495,-4.110008895989604,0.59375
1649,0.6236196277949058,0.47555826731424305,-3.5578191475016916,0.59375
1650,0.6348314006186323,0.4973173691079414,-3.691078267947643,0.59375
1651,0.634784251300991,0.47250148585445584,-3.104757325452103,0.578125
1652,0.6720236332304358,0.5245130229262204,-5.270741434748807,0.5625
1653,0.6661492006399762,0.5164682998900276,-4.870944107137385,0.59375
1654,0.6976858537468408,0.5516961053753184,-7.040412646190314,0.53125
1655,0.691753803756202,0.5404663868019951,-7.391606246280203,0.546875
1656,0.7037713383799377,0.5570003820070211,-7.259847621210573,0.578125
1657,0.7194557578623192,0.5609841635796543,-7.754804130503789,0.5625
1658,0.7244769483625343,0.5766274967756901,-8.068836076691126,0.546875
1659,0.7030183579841225,0.5586558065986268,-6.566018286153279,0.53125
1660,0.7052076610759833,0.5500281090814663,-5.279504862006415,0.640625
1661,0.7289163385142828,0.5733088510772913,-8.354758486263373,0.515625
1662,0.715258791186233,0.5513989569071843,-5.999084442076439,0.40625
1663,0.681362061583866,0.5100963959513011,-2.3042087236789768,0.59375
1664,0.6680520240080542,0.4971067055338551,0.39984125785506747,0.453125
1665,0.6315099399833798,0.47452273211587337,1.9428980277720365,0.59375
1666,0.606850452899896,0.4687995565895446,2.208436940117908,0.5
1667,0.5994326948863571,0.4583000395792922,0.5616667495034235,0.546875
1668,0.5967544285210592,0.45029585012597156,0.16725758620312126,0.53125
1669,0.6091668434662774,0.4613041255979478,0.4910208636204388,0.546875
1670,0.6263147603729563,0.4813239996316052,-3.0287056004104844,0.671875
1671,0.6372328531522519,0.49406254908425645,-2.20822509370836,0.640625
1672,0.6353830837358946,0.4843710271710127,-1.879481706139193,0.53125
1673,0.6540956827882164,0.505674013528366,-2.258316610011561,0.5625
1674,0.6372183941018698,0.5024573769939583,-1.4414933720999845,0.65625
1675,0.6414940604369374,0.5004508162007691,-1.6273591187929077,0.59375
1676,0.6453130274412732,0.5201841901038547,-4.411909516575136,0.515625
1677,0.6508992611267563,0.5038330413652243,-3.041468349878223,0.59375
1678,0.6601245211986885,0.5069528678406555,-4.357144939987363,0.640625
1679,0.6439773632413005,0.48954294648292485,-1.9909600369843043,0.4375
1680,0.659797809852995,0.500382327953672,-1.9402458878721407,0.546875
1681,0.6627053647941782,0.5167375266905188,-1.9027538932377173,0.578125
1682,0.6500058877894804,0.5082086214731808,-0.1030571277369805,0.53125
1683,0.5964986633387711,0.48163510482173805,2.1398466477406677,0.46875
1684,0.6133818628343128,0.46494996314230425,4.435192030622804,0.578125
1685,0.6413120104399272,0.503178999078587,-0.20373967626869893,0.609375
1686,0.6181310283456201,0.46824181063947606,1.8313843227460984,0.328125
1687,0.6377893935248182,0.49447221020950316,-2.312363342895239,0.515625
1688,0.663400849460494,0.5075693854465602,-4.598817644543985,0.53125
1689,0.6695218531996442,0.5400227441648604,-6.903594235306644,0.5625
1690,0.6500224056255712,0.5123064606118407,-3.0657582241657186,0.5
1691,0.6499661199431226,0.510775000335229,-0.8114444274041868,0.546875
1692,0.6583884811679344,0.528483038459111,-0.7074750958102176,0.546875
1693,0.6614985931053413,0.532861664357124,-2.619671741609719,0.546875
1694,0.6743810050808641,0.528356428668613,-4.9782308693146735,0.546875
1695,0.6549364593842386,0.49957684820889786,-2.2992043801269735,0.484375
1696,0.6381875986464837,0.49067817567615296,-0.07178667684986295,0.53125
1697,0.6529735354146763,0.4988986730544487,-1.1519474262449294,0.484375
1698,0.6475885243530818,0.49346759385175565,-2.653613600383746,0.59375
1699,0.6373991373931389,0.5005934955288688,-2.6438994347613356,0.484375
1700,0.6202058139390595,0.46640849938805334,0.2054525305194449,0.640625
1701,0.6512249948955465,0.49972030718911614,-1.7898901020789815,0.609375
1702,0.6345836621083496,0.4890234478843558,-1.2743017428077872,0.578125
1703,0.6296679830269628,0.47512666371347506,-0.4653822996857868,0.4375
1704,0.62107090089888,0.4850443285912962,-1.618986979897564,0.640625
1705,0.6270338672466282,0.49552874201056546,-3.592911973416968,0.546875
1706,0.628727419239222,0.49342683471643395,-1.40565310570623,0.65625
1707,0.6233959108660644,0.4852959225772926,-0.627313727868801,0.546875
1708,0.6343668471075895,0.4842287178180154,1.103774849075883,0.640625
1709,0.5985616461361941,0.45973192055483253,3.803583342309601,0.59375
1710,0.6017751974940867,0.4667656152801083,4.27524995535177,0.484375
1711,0.5701215164305925,0.433202459101282,5.954378476268419,0.609375
1712,0.6334597215438648,0.48167959730690235,1.1945351861049467,0.53125
1713,0.6670371162866514,0.5132499672448255,-1.8806213092113988,0.578125
1714,0.6689500716323504,0.51838893844256,-3.315047813524033,0.5625
1715,0.6867843419069803,0.5421631745356029,-4.702347351880264,0.359375
1716,0.6631898063777458,0.511860095228622,-1.6872993757510892,0.515625
1717,0.6861532138240265,0.5448756637757183,-3.876297214994354,0.65625
1718,0.6767383576263257,0.5544829517214884,-5.016663395935192,0.5
1719,0.6729720174177783,0.5421409531762016,-3.266562046732554,0.59375
1720,0.6639366946536822,0.5181187630191612,-2.5547505656391754,0.53125
1721,0.6547617410394878,0.4982436540794953,0.3787780741769812,0.625
1722,0.5964635503311487,0.45378561900596637,4.706540346793171,0.484375
1723,0.5773344668279493,0.4442753502070109,4.678404751020572,0.5625
1724,0.5723059904079406,0.4328747198444576,6.073081454115858,0.546875
1725,0.553675051063624,0.42415521916300863,5.774945661413663,0.5625
1726,0.5810620366404391,0.44638860998895263,5.550637887939963,0.53125
1727,0.5704759593711265,0.4066936825344693,7.389271263436877,0.5
1728,0.5746164407348003,0.42494563435596927,6.84768347126718,0.53125
1729,0.6143468984309369,0.45159471868791606,1.3252531257619453,0.59375
1730,0.5727646268414489,0.43389315421157537,3.645611478277302,0.59375
1731,0.615656955905085,0.4705639739129877,-0.7413430486195418,0.5
1732,0.5785744872877013,0.4242197385226259,3.819403916746692,0.578125
1733,0.5744762097969517,0.4336249524844604,1.6555093058387147,0.65625
1734,0.5630740273422815,0.39991461549702656,5.105892247833797,0.578125
1735,0.5364687945671248,0.3940863648502706,6.538664204901103,0.671875
1736,0.5905543368982101,0.43584639095919453,2.8585894231951596,0.5
1737,0.6435837708790273,0.46431401785428533,-1.7244601856130628,0.5
1738,0.6203673211848549,0.45343356204984325,0.2278553367401342,0.578125
1739,0.6341465996869813,0.47378646033198746,-1.2768404418672967,0.578125
1740,0.6556000195866408,0.4973421388601465,-3.550761869773005,0.59375
1741,0.6402491797899105,0.4860387236137888,-4.565393202985379,0.703125
1742,0.6291646915704942,0.46517850155387136,-2.8562617882451047,0.578125
1743,0.6470606683179488,0.49833250960238473,-5.261830200471476,0.46875
1744,0.6185761341184753,0.4550955485519577,-0.6675244377036325,0.5625
1745,0.6278333338999152,0.47606566890600766,-1.3269933929332784,0.5625
1746,0.6247606784758531,0.45808722419544123,1.0558216792355222,0.6875
1747,0.6416938216648927,0.49021426921001376,-0.17248261087874595,0.5625
1748,0.6306759397385672,0.4772433866748124,1.6982204693282041,0.578125
1749,0.6456251516525443,0.5002800892152136,-1.289504983551083,0.59375
1750,0.6455268165280322,0.5012642133041583,-0.4101624612666225,0.546875
1751,0.658141175506887,0.5088501354005958,-0.1620868948318866,0.53125
1752,0.6663541421235889,0.5157667222904933,-2.8699218121393804,0.5
1753,0.655063554070454,0.5123201136860778,-1.325726151651251,0.59375
1754,0.6760970959290974,0.5265227141265562,-3.98926486507834,0.59375
1755,0.665788392881576,0.518423706858732,-2.9686080578951706,0.5625
1756,0.6573697091641021,0.5043725016076385,-1.7307187742232089,0.484375
1757,0.631720391598778,0.4750344637470148,0.409072059264453,0.546875
1758,0.6608813438722557,0.5103856043104983,-2.6898993861904517,0.453125
1759,0.6367035817559846,0.4975663347428359,-0.005807537460485068,0.515625
1760,0.6184800822566883,0.4708331631403488,0.20068174266452876,0.546875
1761,0.6220553328806905,0.4849534410333656,-0.29403214544965184,0.421875
1762,0.5769812991491935,0.42304458236416265,4.098071360218983,0.609375
1763,0.5900238813618707,0.45056110812828215,3.9082541334064453,0.59375
1764,0.576525087674406,0.4416432772278693,3.873596447796323,0.65625
1765,0.5462317754904019,0.4193597545436302,4.945302963856897,0.546875
1766,0.5686816833211473,0.4335637104118894,4.52317856941367,0.59375
1767,0.5679786772162378,0.4279833089412806,3.2792420637485042,0.515625
1768,0.5809115735985434,0.4572018297169109,0.9199605415227043,0.59375
1769,0.6115915649247281,0.4649079280674073,-1.2730769834164715,0.53125
1770,0.6158290872979726,0.49301873185360595,-1.82069033998313,0.671875
1771,0.5927039160060827,0.46513923649331607,0.8101686910681052,0.546875
1772,0.5994291549084091,0.4520296539173563,1.3460622399156947,0.484375
1773,0.6386209062627786,0.483404137863708,-2.6440693585315045,0.59375
1774,0.6580051241315207,0.48758849453595837,-2.579238692408347,0.578125
1775,0.6730020637638999,0.5101308224054663,-2.700981375083562,0.671875
1776,0.653748796250454,0.47392400460365436,1.5318935106592022,0.578125
1777,0.6498106375482594,0.47901858724655466,1.452823839900234,0.5625
1778,0.6739251514883052,0.5054048023343864,-0.6841334627729538,0.609375
1779,0.6940009676651421,0.5240246170273982,-4.09210918879659,0.640625
1780,0.6558640855590067,0.47854967040862156,-0.3101900593621323,0.609375
1781,0.6411795355047893,0.4757701406895363,-0.5928494154315246,0.515625
1782,0.6396517097504578,0.4907111549730813,-1.10516416019612,0.5625
1783,0.5909074995684246,0.4446991016029778,2.2858546659388392,0.53125
1784,0.5448509919410349,0.4098044926659637,4.649652775609803,0.53125
1785,0.544790949329904,0.3935747945905339,3.9291834778916455,0.59375
1786,0.5520643237546833,0.4147697343828946,2.910687603703078,0.5
1787,0.5917861231007578,0.43510586063795026,1.9825263750376214,0.515625
1788,0.5799657628881697,0.42027260377489783,4.315130973349207,0.640625
1789,0.6022908829922397,0.42512677040917585,2.09448381229978,0.671875
1790,0.597813149957963,0.42311656107560897,0.02184709990036915,0.59375
1791,0.5656603916736745,0.403618386589009,3.575153987562109,0.640625
1792,0.5650392658432267,0.4027441728309035,3.7472645088007037,0.546875
1793,0.5565183563913075,0.4225625290358532,2.0315695422500206,0.609375
1794,0.571415608772636,0.43577100285171433,0.32614944400352164,0.484375
1795,0.5677065765445467,0.4213560934271377,0.44694393477767624,0.453125
1796,0.5812567753864842,0.4186238385758407,0.6025502717037845,0.4375
1797,0.6241301615424913,0.46081705057511657,-2.4902032545184287,0.484375
1798,0.619337644599412,0.4705260575453405,-1.9280420901334603,0.625
1799,0.6482180100639112,0.4921120293952586,-2.5820276764186896,0.59375
1800,0.641789810909665,0.4902363715646932,-1.9505121118025845,0.46875
1801,0.6494353260108429,0.48830649204382715,-0.6124853999845855,0.609375
1802,0.6158362113777285,0.4558908225665843,0.9762990331482317,0.59375
1803,0.6284767854628545,0.4815475586737037,-3.0718137561870305,0.5625
1804,0.6209354283282007,0.4721044432724851,-1.2379160245610614,0.5
1805,0.643866947089743,0.4826478288405855,-0.5311098445466954,0.5
1806,0.6414037725238565,0.49333280138134494,-1.411452907639689,0.5625
1807,0.6547262272800954,0.5065738636409626,-4.492507840913463,0.578125
1808,0.6478821279084274,0.49569196692937734,-4.243905244114266,0.453125
1809,0.6301034689500692,0.4819328473831234,-2.5625242268839523,0.546875
1810,0.6335421217387477,0.4686286242108924,-3.2700536398687614,0.53125
1811,0.6043976857009347,0.4427522052583928,2.5154265290545235,0.671875
1812,0.6008035766750802,0.4464025388240158,1.429486609395782,0.625
1813,0.5771615279940404,0.430216709246066,3.66715820874185,0.515625
1814,0.5593857020142358,0.4343115899452443,0.8179757195263274,0.625
1815,0.5956526466122266,0.4439892557225857,-1.2452381474702092,0.625
1816,0.5970961034966639,0.4439639892778046,-0.3538946028041911,0.53125
1817,0.6095365749966727,0.4601983219750742,1.1228374227833418,0.625
1818,0.6248476271351949,0.46213801886211286,1.5885363499064291,0.59375
1819,0.6311161700303373,0.47866212062266617,0.3985466205550097,0.578125
1820,0.6432752978901598,0.4783024973993912,-0.303221404675788,0.609375
1821,0.6296962705002093,0.4701819106475178,-0.18593890684090714,0.578125
1822,0.6185078182099949,0.46319716628753227,-0.24045684025625103,0.625
1823,0.6164562858665051,0.46682537386072703,-0.8608633649839297,0.453125
1824,0.6356473049417839,0.4795045649109628,-0.8351089433648764,0.59375
1825,0.6265687570006268,0.47495904857848376,-0.6931303278771391,0.515625
1826,0.6087681697463676,0.4472440902278046,1.03095914228241,0.625
1827,0.5902745167064672,0.43229661582707646,2.8044752862396134,0.6875
1828,0.6104711721822854,0.43990775882547034,1.2382494670545796,0.515625
1829,0.5938748217451774,0.41911230966569374,1.2501858240081707,0.578125
1830,0.6086407291774912,0.41889243682745586,1.664443556177042,0.609375
1831,0.5956960793312268,0.4275318136313664,1.0123235964681199,0.46875
1832,0.573306951588007,0.4143826605197598,3.6467254176680566,0.625
1833,0.5736419278983956,0.44648509364456507,2.033655607638934,0.5625
1834,0.5605586796006508,0.4214246066183658,5.008712008807109,0.5625
1835,0.5440206543187038,0.37191927731931235,5.97474094492131,0.484375
1836,0.5672113882427151,0.40579510029519916,2.1775882568992664,0.5
1837,0.5714476185317386,0.4157834629870442,0.4415928277944141,0.5625
1838,0.5915757076170232,0.42294804031360905,-1.5840176133050856,0.578125
1839,0.578283057588104,0.4300607376571736,-0.9489390878171196,0.515625
1840,0.5961564833180483,0.4429237979876231,-0.7960981488707379,0.4375
1841,0.5947492739318537,0.4455151566871442,0.10460165878317573,0.53125
1842,0.5666225718380793,0.4391693040743327,3.066754267529067,0.53125
1843,0.6007861312518007,0.45774284098168544,0.7173260012527145,0.53125
1844,0.5824290130483692,0.4460100447920035,1.0910227856496455,0.515625
1845,0.6069027843021271,0.4478133426247967,0.08642888000579096,0.640625
1846,0.610901926531958,0.4642144703828451,1.6648386321070388,0.5
1847,0.5315042211059843,0.40296458230539794,4.85244711256471,0.734375
1848,0.5766537572006025,0.45752577940424866,1.574060332768845,0.609375
1849,0.5969780678807629,0.4756469619655144,-3.047500399926374,0.59375
1850,0.6251671060869537,0.4841653256715604,-2.7406250188503707,0.625
1851,0.6014103793787599,0.4675577285535706,-1.5099326042132262,0.59375
1852,0.5845537371609669,0.45177703834208915,-1.5324354154403133,0.515625
1853,0.5502589110767313,0.4139416852437872,3.0994320029941766,0.515625
1854,0.5220951774803159,0.393617869988258,3.804452781233378,0.453125
1855,0.5652925319699476,0.4163134774736677,2.000112493999127,0.609375
1856,0.5584072762743025,0.44098642736673344,0.8758829667996367,0.671875
1857,0.5743655087310543,0.448047192671511,2.384207186493085,0.5
1858,0.5780474400697188,0.4582602582979482,1.9040749849852414,0.46875
1859,0.5643605458921991,0.4500984811189828,1.6449714803870803,0.515625
1860,0.5788771186742204,0.4366116622154152,0.49237483420935163,0.546875
1861,0.5774566988930713,0.40911920417478537,1.7467563483005217,0.609375
1862,0.5913486654627155,0.42500273394153343,1.0036256164280364,0.578125
1863,0.6152581564931981,0.4379975328750095,0.8761845565597219,0.625
1864,0.6057900305316429,0.4336255908018218,1.765413186197896,0.53125
1865,0.6000775233912038,0.43889247095102385,3.7520141219064627,0.578125
1866,0.5629878803353962,0.4067067612780586,7.675875329521668,0.59375
1867,0.5862008460900489,0.4228181169848411,5.9334277987194906,0.515625
1868,0.6030326978650632,0.42687339836543625,5.509702432963255,0.53125
1869,0.6260316540842585,0.46021232136863094,3.1147840925083794,0.6875
1870,0.6343428879832171,0.47846210288129293,0.9112237559217349,0.671875
1871,0.658441224057488,0.5042472244212798,-2.4048306319029673,0.484375
1872,0.6678478516217883,0.5212924511588578,-2.8430466172369706,0.625
1873,0.667518676021792,0.5106920680665831,-2.3933474550994247,0.609375
1874,0.6541833377682907,0.4998070689938438,-1.587199230307406,0.5
1875,0.6594328342894369,0.5005270315858245,-1.7830405484886196,0.46875
1876,0.6711890686206919,0.4981801571713265,-0.3874852757362175,0.5
1877,0.6221730192209075,0.46086616892484716,2.075208497359024,0.5625
1878,0.6322805679186413,0.45889644995434153,1.518364941473255,0.546875
1879,0.6610738251450696,0.49855218620218517,-1.0503365913946918,0.515625
1880,0.6321850914599066,0.46487468363905987,2.2716193396829483,0.5
1881,0.6477965830015555,0.48080241911513805,-0.06892915314561421,0.75
1882,0.6594126023189628,0.4936379000280943,-0.9923495532275332,0.53125
1883,0.6845217756321768,0.5120336570252091,-3.0596677712061418,0.6875
1884,0.6872460114835667,0.5247985113208552,-2.98561964572486,0.578125
1885,0.690200248007582,0.5327407326367061,-3.232383508145424,0.65625
1886,0.6950966349936585,0.5469992044173663,-5.068372426849961,0.4375
1887,0.6851118809477555,0.5327121331361515,-3.285027986267147,0.546875
1888,0.6689585150445572,0.49847884924862446,-0.5068525315144252,0.546875
1889,0.6749540895894103,0.5211500038497923,-2.0071871923523603,0.546875
1890,0.6443809329468778,0.4894954203050285,-0.5809974228196393,0.65625
1891,0.6576606381819458,0.4833474376568949,-2.3053708925445773,0.609375
1892,0.6481846023771922,0.48449855749015436,-1.456204317560473,0.53125
1893,0.6543651881815536,0.4959281394332376,-4.31258718408722,0.578125
1894,0.6609337365802123,0.5024255523838188,-3.992176381461983,0.609375
1895,0.6650184279720615,0.5032408389639499,-3.5578943628910604,0.5625
1896,0.6622251915607315,0.5164361407094592,-3.391390926477835,0.625
1897,0.6900030621991853,0.5597111480156118,-7.590583937349316,0.578125
1898,0.7214146151120575,0.5644970974573442,-8.118624208645084,0.515625
1899,0.7390544461379897,0.5791357623600397,-8.43985499328387,0.65625
1900,0.7387127576930393,0.5964079972063433,-10.21686264073206,0.5625
1901,0.7565805530289099,0.6126179490622846,-11.996221832154419,0.53125
1902,0.7182709285876614,0.5638485523549411,-7.692529949149915,0.5625
1903,0.711241939201523,0.5565247993364988,-6.401528824401611,0.5
1904,0.6720854934543686,0.5138382631910833,-2.2225046683754037,0.59375
1905,0.6740133700584018,0.5171785074957732,-3.8188379838012345,0.5
1906,0.6684577357266636,0.5040248061313187,-3.5401691937702884,0.484375
1907,0.6426759958485341,0.48548372043967686,-0.8599620325342303,0.546875
1908,0.6441636375057427,0.47215533410531235,0.40162688945541003,0.59375
1909,0.6452499755187001,0.47077475985349054,0.6427661602170092,0.625
1910,0.6193946950892949,0.45878647352140595,1.9947766513524712,0.5
1911,0.6246271833117217,0.4821149450318702,2.1301088810657616,0.546875
1912,0.6269573987918784,0.4678987397737366,3.092615550092938,0.578125
1913,0.6522343348325275,0.5056682600022131,1.3210246955225213,0.609375
1914,0.6289519480695565,0.4626269660006532,4.000020076966317,0.609375
1915,0.6036360328353334,0.4298257447725724,6.929396282963267,0.5625
1916,0.6231731266906335,0.46625625408350463,1.857932962832328,0.5625
1917,0.6058208047267187,0.44028535618855935,4.324981564649869,0.5
1918,0.6148008669703848,0.46647723474204206,4.206494526850785,0.640625
1919,0.6592241176376472,0.4959931500235352,1.060021019718662,0.59375
1920,0.6502980946431554,0.4862131401513996,1.277184276554131,0.5625
1921,0.6704253175447197,0.5171896187059443,-1.2941771632200172,0.484375
1922,0.6746377866265245,0.5153878589473857,-2.1952317183070136,0.5625
1923,0.6705419846463129,0.4981055866614663,1.7292204371121804,0.640625
1924,0.6617799343572794,0.48595982200581284,1.588722032600115,0.5625
1925,0.6711162521021267,0.5076357550410892,-1.3204428706204838,0.578125
1926,0.6694768261144599,0.499653052813573,-1.1930813066371695,0.5625
1927,0.6592476458652065,0.4950075842112606,-3.5262273481652553,0.546875
1928,0.6369513104872923,0.47033477148367914,-1.56475273963421,0.640625
1929,0.6014944709639646,0.442314248437581,1.7512778247044773,0.546875
1930,0.5848713156606683,0.44894288619957207,2.319864522863612,0.578125
1931,0.5926301813204234,0.4598379284977625,0.06726577490311364,0.5
1932,0.6143362514516563,0.45655745087074573,-0.08823170073289749,0.5
1933,0.6458942587767152,0.483310830982764,-0.7950871117943397,0.5625
1934,0.6430479302004947,0.4801583493723845,1.72782064499798,0.53125
1935,0.662311724678641,0.5023323103101992,-2.816442712725324,0.640625
1936,0.6445346583903263,0.5031280739231535,-1.3849763619370035,0.5
1937,0.629636801637646,0.49656060396348933,0.6782437773457766,0.609375
1938,0.6328981381194415,0.4915094019105495,-2.900097445163164,0.5
1939,0.577369079167675,0.44126969534759936,-0.893466880436943,0.546875
1940,0.572191885651578,0.44576380399410404,-1.3950612071712083,0.578125
1941,0.5470311351249307,0.4140663125840895,3.0001349194664115,0.546875
1942,0.5630221428727918,0.42087384102724484,-0.12940824069004975,0.546875
1943,0.5598691374795752,0.42344229053490084,0.8209564659785976,0.546875
1944,0.5723543783665547,0.41980080102567907,1.4061802540399846,0.515625
1945,0.5508105534346174,0.4207311637999047,3.4936995378618265,0.46875
1946,0.5597731548570289,0.4372907091939286,3.0569640506317888,0.59375
1947,0.5533967955605311,0.41124693539255536,4.153447160215644,0.609375
1948,0.5790456460586245,0.4244967376163451,2.1684000688911493,0.46875
1949,0.5498285467707905,0.39994746974734124,5.403882264704113,0.6875
1950,0.6134139126868834,0.46812087552949516,-2.506979783428043,0.515625
1951,0.6096457603244004,0.4671414934371771,-1.6167046037975552,0.53125
1952,0.5918204080562545,0.4347218327448012,1.5046971105652802,0.546875
1953,0.6443668808263622,0.4946313928062776,-3.7145608605451756,0.578125
1954,0.643735261103347,0.49685880728218734,-3.6859316612285395,0.640625
1955,0.611673328252731,0.473270138217387,0.40220740070714683,0.625
1956,0.5450881137613247,0.4355431830757442,2.9453977262495337,0.5
1957,0.5355894708634605,0.40339796775595715,6.690516491342334,0.609375
1958,0.523700633943139,0.38900468398846016,5.657983147023953,0.546875
1959,0.5258477930118242,0.3845999940938973,5.1335350259678405,0.453125
1960,0.5356424616828964,0.39784305429686473,4.450300069847272,0.609375
1961,0.5436880619427885,0.4114968648441239,5.069803598505786,0.640625
1962,0.5747270034460478,0.4172844567459751,6.021744721270789,0.734375
1963,0.603855551870193,0.43635045184314186,3.699364376066291,0.59375
1964,0.6009776440287066,0.43049922355123776,4.0959032508843745,0.546875
1965,0.6183049185621766,0.45618411442804074,3.058678653951381,0.578125
1966,0.6171625686448198,0.44828762499819835,3.213443559173112,0.515625
1967,0.6365276263545585,0.47318182872542175,2.065357375905374,0.5
1968,0.6386141123730239,0.4804375710194034,3.521218970317404,0.515625
1969,0.631511654839615,0.47776422894867415,1.7455999173199235,0.671875
1970,0.6140811305344838,0.46630399253952765,4.426952540135655,0.546875
1971,0.5942893836522026,0.4351050192126098,7.514560713351847,0.546875
1972,0.6286484653904028,0.4605695549078244,3.1924914426155664,0.578125
1973,0.6430541222193416,0.48378876068900895,1.377654220679006,0.5
1974,0.687359068736051,0.5347833882130074,-4.460463387784848,0.546875
1975,0.681141117345637,0.5325137385475199,-4.257847973911183,0.484375
1976,0.6754241626219484,0.5304441758395053,-3.1616909844574796,0.421875
1977,0.690482406691082,0.544824386001387,-5.926121560508712,0.5
1978,0.7071732189893444,0.547761137420638,-6.153202799127506,0.546875
1979,0.687369240713764,0.5218613475786985,-3.722574831958298,0.46875
1980,0.6812787726697378,0.5095866489884768,-3.5205106015275254,0.609375
1981,0.6876158445626078,0.5142885825088529,-4.545566253092971,0.59375
1982,0.6829414633811705,0.5055678306256629,-4.088532009824107,0.421875
1983,0.6751490428566292,0.49588481594450945,-3.4229931604191948,0.640625
1984,0.6679616855736267,0.5028377004927913,-2.8766523921802127,0.484375
1985,0.6478453941481962,0.47126140275019734,-0.90677545591556,0.546875
1986,0.6335976821207114,0.46796979848306863,-1.8954659128594953,0.546875
1987,0.634816025080846,0.4651517919867107,-0.415595676341404,0.5625
1988,0.6778543693676502,0.5117605472787768,-4.97695298288859,0.5
1989,0.6606111191006069,0.4969378587551018,-2.7458536964329245,0.46875
1990,0.6588405055860127,0.49305881682041885,-1.0515974099151055,0.609375
1991,0.6610234668591518,0.4893868272425334,-0.764447804924751,0.53125
1992,0.6462289898498194,0.48350558817000683,0.9199515157081399,0.59375
1993,0.5946174838566022,0.431537690644103,6.086540223614554,0.546875
1994,0.6242390833130759,0.44871917031840175,2.823474053106898,0.421875
1995,0.6208592042435753,0.44744135994196804,2.2334144091611643,0.546875
1996,0.6751677394752251,0.4959024687480313,-3.176813517957908,0.546875
1997,0.6861902390916718,0.5084391591290837,-3.1682482700572625,0.53125
1998,0.6974679907027054,0.5244918737535686,-2.9801965451337864,0.453125
1999,0.6590114359632344,0.48780453412596536,-1.9735925211544842,0.578125
2000,0.6770932537525166,0.5146037211611469,-4.046514934606746,0.421875
2001,0.6846784241885672,0.524763220078667,-4.576883908127542,0.484375
2002,0.6740527242251204,0.5062393039645942,-4.110949742568216,0.515625
2003,0.6729243953770322,0.5120777537939951,-4.368370897994582,0.578125
2004,0.6580423431307656,0.4928849945104134,-2.169912925138281,0.515625
2005,0.5975949894035567,0.42880406446235675,3.7374918832492603,0.4375
2006,0.6308469850104683,0.4603570758320085,1.2385450077625224,0.5
2007,0.6299230037795519,0.45807192239754874,0.850664099727712,0.421875
2008,0.6398509098904639,0.4850891909750105,-1.957451502023319,0.5625
2009,0.6243033733462496,0.4534632815566691,0.5734645036215724,0.53125
2010,0.6234312507691913,0.4428660820318339,3.5665853710213034,0.578125
2011,0.6434323847155586,0.47260755250393877,0.585984471525748,0.53125
2012,0.6671607152061595,0.5110436661327635,-4.326718617074769,0.515625
2013,0.653755731554488,0.48850977792147154,1.116811608280914,0.46875
2014,0.6074927209527026,0.43861722992063595,5.481548141303626,0.53125
2015,0.6592343404829485,0.4930067195053351,-0.31462395597535714,0.578125
2016,0.6776994253088796,0.5076721731067456,-0.9700999121644702,0.53125
2017,0.6703153952984401,0.501335978495362,-2.813281754771896,0.546875
2018,0.6660475422164737,0.4961787049066653,-1.4791395050679237,0.578125
2019,0.6759203031831804,0.5205463775511278,-3.2295397465808895,0.5
2020,0.6923639513927077,0.5351667991922268,-5.499043222408767,0.46875
2021,0.6846423018062767,0.5276525433397218,-5.077039859005646,0.59375
2022,0.6863079778561092,0.533474759287098,-3.697012762967972,0.59375
2023,0.6881143179647219,0.548214148617898,-3.913178867823899,0.671875
2024,0.6747032425063927,0.5159388950124424,-2.016460771498836,0.640625
2025,0.6747461981402516,0.5176368776609285,-3.5886790170654352,0.640625
2026,0.6781549586262772,0.5274982764525303,-5.5368120906466505,0.4375
2027,0.6699854117045406,0.5296322340619902,-5.679664279523394,0.625
2028,0.6337356496567591,0.48527537087301065,0.1165682145695553,0.5625
2029,0.6250425081103964,0.47901961017798395,-1.4204274535748096,0.703125
2030,0.6364061409855007,0.49740139994810767,-1.1931490748738747,0.609375
2031,0.6310078182599153,0.476172738057061,0.7401044835963421,0.59375
2032,0.634053074862544,0.49846651278935167,-1.368710589900481,0.609375
2033,0.6210691777251099,0.48068356363822823,2.132703715915929,0.609375
2034,0.6428409325966576,0.4799391333599337,-1.8456375583850937,0.59375
2035,0.6399425997988127,0.4817574074207065,-0.7171321790152516,0.5
2036,0.6093550932902,0.49301231748597923,1.5340929003649981,0.578125
2037,0.5811651097317997,0.4676061436596201,4.014200405155184,0.546875
2038,0.5909767254060692,0.4371354272578472,4.784462418534677,0.53125
2039,0.5793854044356629,0.41011060544654115,2.2373804603768948,0.578125
2040,0.6310675063499934,0.46631023108647335,-2.6690050094312143,0.671875
2041,0.6198030023307933,0.44233296402394634,0.5264848789335587,0.5625
2042,0.6155055135813532,0.42419326172470234,3.010804179213318,0.53125
2043,0.6172505716876469,0.4459065483576639,-0.074608390161236,0.53125
2044,0.6281824026314966,0.4615574640579427,-1.0277948759804132,0.46875
2045,0.6640710360071801,0.5056866649108573,-3.270832237893818,0.640625
2046,0.668239284388965,0.5096952050847798,-3.5929733198194826,0.578125
2047,0.6537001404111171,0.488021249089063,-0.7462237611830971,0.53125
2048,0.6722007151900898,0.5090990752566343,-4.05046298292811,0.515625
