sample,scalar_trace
1,0.5652375815550493
2,-0.05488496334880935
3,-0.04298058041886097
4,0.5994383089697601
5,-0.5931673770183096
6,0.07761544197151427
7,0.4818835746238006
8,-0.5472856226897563
9,0.0809978499005642
10,-0.40113422883287697
11,-0.01980122490313334
12,0.6890331664054632
13,-0.32738872000484237
14,0.010612632089600638
15,-0.9124827994681669
16,-0.13524911008295964
17,-0.770719046977735
18,0.5157237619758371
19,-0.5133967670475774
20,-0.6410073310435181
21,0.4655255957343911
22,-0.9330828710631524
23,-0.8513601031078297
24,-0.32838680760548006
25,0.3899117997781961
26,0.23988112158121971
27,-0.0652318705054172
28,0.7997244448917548
29,0.6813787045830276
30,0.03428203657544674
31,-0.679236987581547
32,0.12367295971834022
33,-0.07950985606197829
34,-0.18357069928265485
35,-0.09015308989321578
36,0.5484530377087373
37,0.2947759880309699
38,-0.35048551912627846
39,-0.6108765419100394
40,0.25485789692817995
41,-0.335729338274026
42,-0.3337506078144747
43,-0.4885848163323594
44,-0.9717394225388927
45,-0.0008956619119516134
46,0.24514626827125754
47,-0.045672517571862185
48,-0.22883117317623028
49,-0.40906892491809244
50,-0.08904053262895535
51,-0.7647742568428811
52,0.47592722116116654
53,0.6508885308945028
54,-0.0431652656557403
55,-0.17994284829902196
56,0.16762089967961497
57,0.7266457719043672
58,-0.9156426061352806
59,-0.53835149046032
60,0.058930683653122644
61,0.181395726875014
62,-0.10668385038272553
63,0.14922591587888712
64,0.4418207375276999
65,-0.38373909538699963
66,-0.1723023421119362
67,0.09530894943840355
68,0.8261765743423879
69,0.345071759207072
70,0.5690395783184035
71,-0.6082758653994187
72,0.569511682825733
73,-0.7247931808128922
74,0.9143813298662783
75,-0.4531329708374114
76,0.1955824646248248
77,-0.3158503543102867
78,-0.7834044051625274
79,0.9637607330255741
80,-0.7204551558572223
81,0.7073061782001939
82,0.11959355041002208
83,-0.5351434167038581
84,0.007988066174531662
85,-0.7975462166135022
86,0.6461625674532387
87,0.5288302509836152
88,-0.8806669085165377
89,-0.8437147203180306
90,0.18669459143103992
91,-0.8293323700223704
92,-0.27519138419130834
93,-0.5762641851769263
94,0.23925092836714282
95,-0.22751648982154307
96,-0.6043664058357581
97,0.19571604995472558
98,-0.1592732668113587
99,-0.5164808643042291
100,0.5318425632893912
101,0.014177885952403973
102,-0.6758682164763194
103,-0.27902867977602713
104,-0.3943807600553768
105,0.6785654349456579
106,-0.2323584024792163
107,0.14826645184989684
108,-0.7539176890613257
109,0.5263621807294745
110,0.27056624661990564
111,0.32224533357091173
112,0.9035917322804838
113,0.47043045695868774
114,-0.25482892875589214
115,0.7733561883679663
116,-0.873856055605597
117,-0.29218388427828257
118,0.3039908980697283
119,-0.419499943081152
120,0.8322557515305995
121,0.3401214541083255
122,-0.6117591404368308
123,-0.23688229667276045
124,0.08849513420307852
125,-0.6232593082687784
126,-0.8110492456347957
127,-0.5258107120887168
128,-0.3572234800988876
129,-0.21047812478160355
130,-0.18639532783253357
131,-0.0002872498762960676
132,0.5381350243715982
133,-0.6213219741439172
134,-0.9258407522950937
135,0.4034426444166023
136,0.7572143259744563
137,0.02117315968478677
138,0.5002337080821461
139,0.8152743922800734
140,-0.49120316613898374
141,-0.4794408718828359
142,0.19688652445327204
143,0.9532122955362128
144,0.5432005831156471
145,0.351156804414693
146,-0.3539180349233275
147,0.7265986035212538
148,0.5645326897480856
149,0.355969270682238
150,0.9763507970410504
151,-0.7748328615812313
152,-0.42077832124796927
153,0.11552045138670998
154,0.5949938984318547
155,0.8703132885330951
156,0.23523145067684723
157,0.7442032144903254
158,0.5891106240769319
159,-0.449605417324348
160,-0.22927314433857546
161,-0.30203970095078336
162,-0.39633448104388774
163,0.4777431577347784
164,0.2001461069505806
165,0.8236524155513408
166,0.054797563759021006
167,-0.39282590092920716
168,0.5685656406402151
169,-0.9114697250587648
170,0.704377558208084
171,0.049900465699201646
172,-0.7593884684761804
173,0.033707051495161046
174,-0.08664291034944942
175,-0.4584595037305882
176,0.6808061545247474
177,0.3052640176512531
178,0.10009562929738483
179,-0.1435556557973905
180,0.23901016107838904
181,0.10260485317323242
182,0.14009882944427762
183,0.026544223655409125
184,-0.36117206316376027
185,0.5409575324514678
186,0.14660209185072431
187,0.693477428839989
188,0.3252669709108748
189,-0.48360028582087866
190,-0.27913443745788047
191,0.33753374699968713
192,-0.6032440495732123
193,0.27215359059155214
194,-0.7895611121872986
195,-0.5059053098347623
196,0.6490398185061638
197,-0.2649878055836576
198,-0.15550534520124004
199,-0.40016451945384723
200,0.3339439611644848
201,-0.3996351727618883
202,0.0019562777427640276
203,0.28445055654960194
204,-0.17517588623497132
205,-0.876198300749154
206,-0.38697278540267327
207,-0.834877691707747
208,-0.11609608414409245
209,0.1251914011159662
210,-0.09796762659017838
211,-0.7671654191200232
212,0.11378418548700263
213,-0.010311015435422486
214,0.40495517107065454
215,0.26987262139249496
216,0.28039239548293227
217,-0.03517752943813823
218,0.2151199052813412
219,0.6421336564960806
220,-0.6509562418605968
221,0.20590801373290893
222,-0.3607685837490012
223,0.07743448878530823
224,-0.016337063995125314
225,0.3009393105926685
226,0.7790773015700965
227,-0.20868511631496753
228,-0.34139973196323525
229,0.7260385518499242
230,0.7149413454945199
231,0.309094314490109
232,0.11734478991117227
233,-0.4001931761626164
234,0.39900236513954035
235,0.3209529266423663
236,-0.7213946033769959
237,-0.39529125454403763
238,-0.021740044458336417
239,0.5759181113675419
240,-0.6757808719915867
241,0.2287558125861167
242,0.3423052040461649
243,-0.19397004417901803
244,-0.026186205655192266
245,0.0642807013999744
246,-0.8792890235043478
247,-0.3119200148275752
248,0.6527424245232712
249,0.11588235058360451
250,0.6751629143274899
251,-0.5942148713235242
252,-0.3544841741887939
253,-0.4834666099058452
254,0.11367891233317244
255,-0.7175440870114621
256,-0.18315924387472904
257,-0.5425781623275647
258,0.32492020322505594
259,0.78093366855319
260,0.8614800646759685
261,-0.2619067826428351
262,0.7706692303696934
263,0.0932788684503753
264,-0.9691695792138392
265,0.33527447140698396
266,0.4084864321046955
267,0.7723695234178304
268,-0.32651230147525157
269,-0.7138920226473321
270,-0.18457044796404073
271,0.7131767773093274
272,0.7073034202964085
273,0.22250137532286185
274,-0.2525866056810798
275,-0.27746334244271526
276,0.1906124366980606
277,0.4910937634434124
278,0.8849886612207689
279,-0.15382742474658048
280,-0.21245544901972424
281,-0.5485241557800794
282,0.5450273849363947
283,0.0628224833603835
284,-0.14410743273369445
285,0.5044164904346765
286,-0.2494755951373871
287,-0.6943672467324163
288,-0.20629061330101553
289,-0.5938368525242399
290,-0.22276449835789278
291,-0.022725896489269298
292,0.062307765222230777
293,0.04784061425761156
294,-0.24803545241623037
295,-0.6164201674900452
296,-0.07869656956224276
297,-0.5201564103018887
298,-0.15140491073716184
299,0.7241507435664789
300,0.03251802959004629
301,-0.09805343476365827
302,0.09533301157142127
303,-0.44427345798952655
304,0.4846241201298467
305,-0.5577590345432087
306,0.5449496429422505
307,0.6195622911510329
308,0.3378677070333892
309,0.25981132005886165
310,0.23832203127717305
311,-0.449311912873386
312,-0.0447823579503299
313,0.7760253270429119
314,0.7547502806006073
315,-0.2148393106062135
316,-0.3881804000962559
317,-0.020666683938796268
318,0.7582038096148819
319,-0.38513658825275066
320,-0.4880402986631162
321,-0.2379765237965141
322,-0.11384184966732754
323,-0.5569016816489661
324,0.4155632229507457
325,-0.8285089602051796
326,-0.2823908793409203
327,0.3456999423760991
328,-0.387183307383525
329,-0.7739860787505929
330,-0.8448388797643822
331,-0.27346034314369494
332,-0.4080529851832035
333,0.551207245714008
334,-0.30473947689182046
335,0.31121330490915117
336,-0.4279156838967263
337,-0.9026104189980512
338,0.14248469451844287
339,0.7981217994114203
340,0.765449794956656
341,0.29654581012606546
342,-0.5934137542018815
343,0.2994859192911297
344,0.9128211158492413
345,-0.09896038569635454
346,0.3618661260627327
347,-0.5271354908086942
348,-0.5818367455421855
349,-0.1087262330949232
350,-0.16074063820561119
351,0.12966482454049122
352,0.05835520750082246
353,0.7318335804037626
354,-0.35434817984378275
355,0.3692860393992482
356,-0.601325965684415
357,-0.718219164973112
358,-0.9372407249042791
359,0.8841422254522258
360,-0.21844289267752515
361,0.02762860534070453
362,-0.38189123433811034
363,-0.49066292570253006
364,-0.6823714913666317
365,0.7708958064010124
366,-0.871106832862848
367,-0.7430380736359794
368,0.27388522214293526
369,-0.19105330639858428
370,0.7219948562790558
371,0.012081652245941609
372,0.20328437277615075
373,-0.5662213841722898
374,-0.17940461146642742
375,0.6154792172139789
376,0.7210096982241145
377,0.2511623890077856
378,-0.1763579697562324
379,-0.5502041848608362
380,-0.8612027936347386
381,0.21588800843434613
382,0.37261570667307803
383,0.11396176771362461
384,-0.30291418071905835
385,-0.38953408721482946
386,-0.43819407082384704
387,0.5408504655344721
388,-0.7583555217787968
389,-0.1319859207608994
390,-0.6593041367215683
391,0.7365262586836226
392,0.8989445048095994
393,-0.05620706303334246
394,-0.30038358895522455
395,-0.3341698758868619
396,0.08391495624210152
397,-0.8280405257161951
398,-0.029735632595600543
399,0.33405278322251764
400,0.6322536287904599
401,0.184096661217976
402,0.05205638515039185
403,0.4949237102924684
404,0.9943758475888166
405,-0.09750604435553496
406,-0.7995948173252537
407,0.5751907265389582
408,0.7436957294091283
409,-0.5069568398470351
410,0.14780895646156422
411,-0.38389845404156353
412,0.38877109794504094
413,-0.9832604062449795
414,-0.5789317702947824
415,0.0952004978601781
416,-0.7233179420296446
417,-0.3089912851045381
418,-0.8803902863464529
419,0.6968060461766784
420,0.31136540199709406
421,0.11166996967480387
422,-0.34902559432376207
423,-0.4694524385389128
424,-0.21936886528727606
425,-0.44697154254246463
426,0.3422509070245915
427,0.28310392033561604
428,0.7564321900816723
429,0.7451884378023828
430,-0.5629001404809553
431,0.13826030841703194
432,0.2255402666101532
433,-0.8810683204977973
434,-0.380540280065202
435,-0.47303657304506874
436,0.5376920552027423
437,0.29383974336962876
438,-0.5420146690455713
439,-0.7466142304914051
440,-0.1852541298231975
441,-0.19205649077838688
442,-0.2561047503974049
443,-0.6878535121342666
444,0.8801130253452862
445,-0.046436154858383094
446,0.28606267463745244
447,0.0386742591648687
448,0.3295320078733696
449,-0.2663677092203418
450,0.020641552332338994
451,0.08994644601294462
452,0.7429360195259318
453,0.4550371295534332
454,-0.597070795202673
455,0.03836557111730074
456,0.8449668524847865
457,0.11091367613493558
458,-0.15118300902454462
459,-0.1801286822499613
460,0.3420595924374387
461,0.07010367057458555
462,-0.433056583324112
463,0.08313605133039223
464,0.27006109085840146
465,0.06673402890159554
466,-0.4193054491169768
467,-0.4024707962093561
468,0.35157192373440815
469,0.9125450111321334
470,0.5818356024989745
471,0.8273291969871027
472,0.5554483364805374
473,0.6695846148927745
474,-0.6744009009987934
475,0.16664145891955862
476,-0.20087880153544105
477,0.3690604907342525
478,0.5857806388902251
479,0.48952620769355
480,0.4855479082747007
481,-0.4308512997137029
482,0.09749855969998569
483,0.1625169241821612
484,0.3138910880604351
485,-0.22741075955227194
486,0.4375634507747714
487,-0.9824370852467847
488,0.755696746294905
489,0.6446515162265809
490,0.39622667389499183
491,-0.6127370545013222
492,-0.1574957564463273
493,0.45220306945828914
494,-0.5592712326526029
495,-0.032729795860410124
496,-0.43109572114552874
497,0.4035989479961674
498,0.4018499830492365
499,-0.13678538483272576
500,0.698147353951869
501,0.1992671402862033
502,0.7836491086251622
503,0.8666741145185154
504,-0.43346916207529645
505,0.7778234236815189
506,0.9404133474228727
507,0.24729499916849412
508,-0.39506361143055646
509,0.23800825684058044
510,0.48214470920988567
511,-0.2341431923846009
512,0.36637376852098913
513,0.5044457476310611
514,-0.1505495145936977
515,0.4552711335827539
516,0.6848744314444593
517,-0.5540459214164484
518,-0.9656139186477612
519,0.21615973263069355
520,-0.747918719253404
521,-0.20142050758695254
522,-0.0683653173216603
523,0.10577930331700733
524,0.2972823749368343
525,0.6458996570183962
526,-0.7902558587395284
527,-0.4180551286898441
528,-0.6553429605774321
529,0.06280686332288975
530,0.3252106403111397
531,-0.9585098762402743
532,-0.23076182273252932
533,0.4550251943329593
534,0.23557196642805012
535,0.2569209746247967
536,0.03661655044996806
537,-0.5901214463672861
538,-0.13289376404092104
539,-0.8492158975934689
540,0.441781866073027
541,0.7398558559817179
542,0.11138508929961075
543,0.6639219763535122
544,-0.1622605961605054
545,0.5977571766215063
546,-0.001666322809455129
547,0.5584986819692833
548,0.08804316816811783
549,0.06560785418489085
550,0.03060039163064746
551,-0.20834128955857584
552,0.47855382222726833
553,-0.7482816503207559
554,0.35063424428673273
555,0.029169426133428662
556,0.01273918716981644
557,0.1485601311932599
558,0.8037862235629174
559,-0.038744038198418505
560,-0.23821745668478125
561,0.2556117591992803
562,-0.7346479243814998
563,-0.15538019311181553
564,-0.5303355570481412
565,-0.6164269379091615
566,0.12104159017413366
567,0.1419729360774918
568,0.10773096575177751
569,-0.0918019963798911
570,-0.8362834359885964
571,0.10814366086956514
572,-0.5019692488932178
573,-0.5849261553403803
574,0.25382695731304067
575,-0.7466812029725748
576,-0.1750629387286989
577,0.5155324465085713
578,-0.92635445958758
579,0.3918152886021106
580,0.9166035986150464
581,0.8873249245837272
582,-0.5589922583026955
583,0.22400182373552957
584,-0.697382538003717
585,-0.4060572417329267
586,-0.20625942473719192
587,0.07292738665492025
588,0.6535807437121941
589,-0.465040752701309
590,-0.3505817920103779
591,-0.8648022815448163
592,0.5384204490935365
593,-0.5774448758950089
594,0.484024250762469
595,0.8020809290114896
596,0.664149979349392
597,-0.945727060858099
598,-0.10325525091685447
599,-0.25459736821411705
600,-0.0128515077704474
601,-0.5662865856750249
602,-0.24426756711099584
603,-0.37285767753803895
604,0.21345482003478503
605,0.5765682413769034
606,0.43871710783257084
607,0.2555765985563814
608,0.5518586766800793
609,0.028572971885270717
610,0.21602529551644106
611,0.9753308469640017
612,0.3614748991429088
613,-0.4432685082767525
614,0.8431661535138072
615,-0.030707568696303894
616,0.31314341949095226
617,-0.8687956578267236
618,-0.25420605880643243
619,0.8240770369899079
620,0.20939167984599513
621,-0.5065366006716272
622,-0.6858046711763767
623,-0.9840724884071222
624,0.3822521062377096
625,0.5971711402476756
626,-0.8312513676528439
627,0.8802810670349539
628,0.4471511402245741
629,-0.03290987204732748
630,-0.39237435347927124
631,0.8479083827608005
632,-0.02594448926434162
633,-0.5637069490788205
634,-0.19306284840090726
635,0.546348090561252
636,0.8541398713631978
637,0.06370890526049372
638,0.3494196044957627
639,-0.6751712125586198
640,0.22680776765773777
641,-0.19673371194084363
642,-0.6682854315762965
643,0.7317176210539694
644,0.3881946424146779
645,-0.7106499395620649
646,0.5268114770687476
647,0.17875080518459266
648,-0.9056919784785281
649,-0.43740675873272794
650,0.4963447476546348
651,-0.5881746770571484
652,-0.030546663426863976
653,0.7705908969159413
654,-0.09009024945755506
655,-0.5295367252481811
656,0.7134007926012012
657,-0.19825670340478316
658,0.16591326767195747
659,-0.27549385112473024
660,-0.3853625670876939
661,0.14785534441621098
662,0.4653627483281992
663,-0.7078861725114681
664,-0.609451147340459
665,-0.10512432339155042
666,-0.6854560133902581
667,0.4061992064473123
668,0.19578290308962623
669,-0.18189564453108317
670,-0.7729987549793106
671,-0.6190963204529248
672,-0.46352571187680647
673,-0.6431095721132304
674,-0.2756697682677936
675,-0.5610628172650186
676,0.3680033870996552
677,0.20282505749166965
678,0.9269853353123657
679,0.12483777445981664
680,0.3404508337097274
681,0.4292573156000629
682,-0.3261071441148587
683,-0.1428416931517739
684,-0.10693736768578853
685,-0.6841338434859066
686,-0.4428384926091233
687,0.05795726861103324
688,0.30201336130432394
689,-0.5213640423544232
690,-0.23156819618027022
691,0.5467143203636549
692,-0.5042772323597143
693,-0.637759093531422
694,0.1969255619351048
695,-0.5414065010250622
696,0.5355991430819088
697,0.4744338703059946
698,0.8168818149273159
699,-0.003624788544856067
700,0.003189512795745699
701,-0.2048600028381826
702,0.36655035408332304
703,-0.18978692473341507
704,0.0332203100171128
705,-0.025141667117906864
706,0.29772194659682305
707,0.45447198239196585
708,0.7226365666153703
709,0.23128623948464289
710,0.7147412383880709
711,0.1592905067601037
712,0.33848460901488797
713,0.7590500800731388
714,-0.8414839543262485
715,0.7161746270086476
716,-0.44318216514641157
717,0.0032436367394338287
718,0.7236989351794345
719,-0.31709900078094283
720,0.18269952049063978
721,-0.29810783743912533
722,-0.6878433796697664
723,-0.3756358465672626
724,-0.26300531557394247
725,0.43832811047325954
726,-0.017796544010358385
727,0.31092755211424883
728,-0.2427844924857991
729,-0.10501367152970559
730,0.47098441586834555
731,0.014109457406004547
732,-0.39321304771793325
733,0.11396369998938834
734,-0.30830872547911986
735,-0.8478487600280351
736,0.4543027988096381
737,0.1305636622327599
738,-0.06325755505987293
739,0.895214915526931
740,0.8941937263991334
741,-0.6142801737765546
742,0.8546546732054343
743,-0.8249341405838214
744,0.3480475514804172
745,-0.5835619627864105
746,-0.022511463661963965
747,0.9003077192615826
748,0.5393473726222592
749,-0.15390756426419133
750,0.5134059366820327
751,0.7181558896837719
752,-0.0434752505233029
753,0.4079755726044833
754,0.8992434409803446
755,-0.017745217247421147
756,0.013231350798771272
757,-0.018039034808420888
758,-0.5702446421601767
759,-0.09516745420082515
760,0.021533158383542913
761,-0.656300223431288
762,0.4160709300759208
763,0.5824021230345444
764,0.5601554969700006
765,-0.7567953459085259
766,-0.15844624008012012
767,0.5322797048607307
768,-0.3070696339218138
769,0.9704343287588381
770,0.8378499406691629
771,0.6581943801375769
772,0.42845425355645395
773,0.6324869890071795
774,0.8584390273815332
775,-0.8216459982500648
776,0.46263540019309574
777,-0.6022362067093404
778,-0.03750294841389989
779,0.3430896291053597
780,0.11171925662278584
781,-0.7767287092885862
782,0.029708206803759414
783,0.506383520228641
784,-0.6212923516869338
785,0.9464709680004322
786,-0.5238727929609573
787,0.40596008160890734
788,-0.2802312788283369
789,-0.0819881311950752
790,-0.540379442521508
791,0.09459376365175101
792,0.4487913822017727
793,0.5753681067274895
794,-0.4657327872458951
795,-0.12262685428353935
796,0.620626302863499
797,0.8730838932882224
798,-0.8253310006369976
799,-0.7936935037762869
800,0.8065812145315701
801,-0.4711859407238158
802,0.533146484722775
803,-0.295069561757636
804,-0.3467055019179957
805,0.41755819705455494
806,0.16758292537629016
807,0.6797625112231042
808,0.9560544966863832
809,0.7537190219676699
810,-0.12459180498671622
811,-0.5513209327425269
812,-0.29323938650760767
813,0.1584920609939235
814,0.8762902476818614
815,-0.876007980478393
816,0.043613309993890285
817,-0.3760901045157264
818,-0.30804206699740955
819,-0.24979176733827518
820,-0.12414673047989731
821,-0.7003004904105166
822,0.6538154568408159
823,0.9094228600671791
824,0.30546850569487205
825,-0.2171034922351207
826,0.36031835464704187
827,-0.7828345230032709
828,0.5441648517935924
829,-0.8100748606328595
830,0.24985474610454583
831,-0.08758391600145093
832,-0.08111738443350287
833,0.6700919580330524
834,-0.7910041339144893
835,-0.34609637560339646
836,-0.17792456255169903
837,-0.25698668240207667
838,-0.23729489402411247
839,-0.2901658360090632
840,-0.1784045260865253
841,-0.025945471172970705
842,0.5765325047202878
843,-0.844553234601485
844,-0.29444626950575287
845,0.9382942951693575
846,-0.06350142221390609
847,0.11456176908409296
848,0.28890471965246595
849,0.11335910120740521
850,0.5208339337679807
851,-0.419415449446585
852,0.2636822086848823
853,-0.3827596429927551
854,-0.4454670946509069
855,-0.5290544987637831
856,-0.9810717941202116
857,-0.6704364386222917
858,-0.07156558635141931
859,0.5721684429243875
860,-0.345756466813936
861,0.05584136757679414
862,0.03744156410671775
863,-0.8249104615489175
864,-0.5638627368658055
865,0.1087665553503398
866,0.5927822804501491
867,-0.7625975309432232
868,-0.3221406351430015
869,-0.048657823594949676
870,-0.8926245513190194
871,0.3505187902939495
872,-0.15144106761422582
873,-0.19205924715174533
874,-0.3063133898062595
875,0.2520794308436262
876,-0.2972804376886427
877,0.09287517104843095
878,0.8931097933007608
879,-0.2918630729123486
880,0.21748841279507697
881,-0.758224592002733
882,0.9318188568601622
883,0.043424675558926616
884,-0.7213053076631909
885,0.420810431872826
886,0.21113293706370928
887,-0.15956163085815903
888,-0.7502635061886792
889,0.16377079901334185
890,0.1966477502560096
891,0.054193656342195605
892,0.7134952474552064
893,-0.4835380853050849
894,-0.3219736874367521
895,0.06578447149489652
896,-0.01697431052259841
897,0.12311453242838666
898,0.693782582883381
899,-0.09720644052343816
900,0.9246351982482622
901,0.34615934192701575
902,0.3216980090627082
903,-0.01958219323313803
904,-0.04008674919816452
905,-0.2691847665160171
906,-0.3936176030817598
907,-0.14062373703742506
908,0.48462736479809115
909,-0.42471138714046075
910,0.33351990706517953
911,0.4169889300455724
912,-0.4189766749951134
913,-0.2960604923180894
914,-0.6937869274607988
915,0.033310792847489605
916,-0.6108283048825288
917,0.5820769930465497
918,-0.29319512157535055
919,0.7576533998354992
920,-0.3519650536500702
921,-0.7437119863444067
922,0.5589737051962756
923,0.2040164435734123
924,-0.6151976235398842
925,0.4058641188399348
926,-0.47432514576181706
927,-0.49920141833838017
928,0.006197735629707
929,-0.6044393378605737
930,-0.06765273407565187
931,0.2342167527875923
932,-0.9843940375290671
933,-0.6575995171797685
934,-0.4670608192295947
935,-0.24053704112024377
936,0.6128485643458553
937,0.013184688515568702
938,0.8612588528222624
939,0.8530159190987795
940,0.4408692912487846
941,0.47077040983385815
942,0.8805011002911938
943,-0.1378650430201189
944,0.01514323173408677
945,-0.2542415864342573
946,-0.31304256749245646
947,0.10542378848697334
948,0.03767577039840741
949,0.7211112991321235
950,-0.9289711106106486
951,0.4391868060860898
952,0.1447258103677686
953,-0.33688156021843746
954,0.4769739780746326
955,-0.6987073964096714
956,0.04808681911543522
957,-0.4311333203021105
958,-0.7674870502295545
959,-0.15423625420817413
960,-0.0407899648888033
961,0.6105211884077467
962,0.66852488951664
963,0.543432603904369
964,0.5391186704628912
965,0.2367001852676349
966,-0.26881414481239974
967,-0.17070328272558805
968,-0.07227474383428537
969,-0.7846192276444601
970,-0.40302654362891227
971,0.4026075682302136
972,0.269099484329994
973,0.38930237893401337
974,-0.5720192279444586
975,-0.7962856069552466
976,-0.2737219977113283
977,0.7804283104724105
978,0.47887881879906025
979,0.5264859386997035
980,0.2164161450753054
981,0.19902964923881536
982,-0.06021923791987968
983,0.8490776727300137
984,-0.34979030198067534
985,-0.8538551750296122
986,0.1270263920427382
987,-0.46043800186873346
988,0.2053139369423876
989,0.4971634907074782
990,-0.7647758908966498
991,0.39687675588811666
992,-0.5922111005727548
993,0.739105781317002
994,0.2977253286943329
995,-0.09646244372478734
996,-0.05152000091455447
997,0.231391542708112
998,-0.22873486564323334
999,0.5487877624892437
1000,0.8287958917528057
1001,0.2929732844836054
1002,0.8010553539099353
1003,0.6504263694398132
1004,-0.32562444719299216
1005,0.4639884826285777
1006,-0.6149921056932447
1007,0.10128921175060057
1008,0.23094305261929626
1009,0.12432008009017134
1010,0.3839873263416213
1011,-0.12775908224172824
1012,-0.5492311088318061
1013,-0.4864397903709651
1014,-0.08125371487442352
1015,-0.7320487834950709
1016,0.724043659536649
1017,0.521207520541373
1018,-0.035762472097808744
1019,-0.27964121110850204
1020,-0.4142391539263242
1021,-0.14178095625500595
1022,-0.741484330238851
1023,-0.7558698855656514
1024,-0.5979529276327793
1025,0.9557742424697749
1026,-0.7868655246572722
1027,-0.48380777783901
1028,0.23036905293767626
1029,0.12967120842650964
1030,-0.7330238885744552
1031,-0.1971863138892375
1032,-0.07957980499481589
1033,-0.25229025925136106
1034,0.8572632054255063
1035,0.06607380570544368
1036,0.028969303864524187
1037,0.1591221848444419
1038,-0.8396133699956775
1039,-0.7538674253288234
1040,-0.8486705014902765
1041,-0.6700396541005786
1042,-0.3775156256412128
1043,0.5458325942567397
1044,-0.15288751996584257
1045,0.6872223412716493
1046,0.5134821281702295
1047,0.2249952178014014
1048,-0.3614944529819426
1049,0.30295524616927344
1050,0.39508619419433233
1051,-0.5894358604969198
1052,-0.27329611596641606
1053,0.48247819048442
1054,0.8491317662102661
1055,0.5455291328300557
1056,-0.9636541785325965
1057,0.3201729347421462
1058,0.5227859887227181
1059,-0.06554509313616351
1060,-0.37531292809437544
1061,-0.6272855038582382
1062,0.9670661579610671
1063,-0.8876166710361935
1064,-0.32115209138317824
1065,0.09941717751239129
1066,-0.04598738287311376
1067,0.6208150777158046
1068,0.891028796203656
1069,-0.8938990024474578
1070,-0.19245029388597693
1071,-0.7519554424982631
1072,-0.43820180701337486
1073,0.45964214045684
1074,0.2812333533971126
1075,0.7769687659679723
1076,0.6035266155609145
1077,0.6619442957434652
1078,0.44620207076885277
1079,0.2898292236647621
1080,0.6768648893160449
1081,-0.24829435232306787
1082,-0.205957316811929
1083,-0.8506128193336413
1084,-0.02610758152377434
1085,-0.18366163480137124
1086,-0.7623498926535437
1087,-0.2717836128810937
1088,-0.5458590865402834
1089,-0.623617845337743
1090,-0.46685444821370486
1091,-0.06280550241825757
1092,0.23557964983805493
1093,-0.4805468898776409
1094,0.042300844238633284
1095,-0.291511835715385
1096,-0.2327252307647041
1097,-0.00031620793263149665
1098,-0.7467782718537436
1099,-0.05768527679929733
1100,-0.15710552512363343
1101,0.7895053119996857
1102,-0.1887283948576141
1103,0.38370033697828887
1104,0.20712762583721012
1105,0.6380273992581671
1106,-0.814106171763777
1107,0.03371047009423189
1108,-0.35125961822713
1109,-0.10531703565205745
1110,-0.484417360625512
1111,-0.4651247822224006
1112,-0.16239994789555304
1113,0.30462640312838174
1114,-0.27840950248262936
1115,0.19087024654688445
1116,-0.21824437412001593
1117,-0.5641525228886952
1118,-0.10007200522414778
1119,0.21397750046355632
1120,0.5865422951369047
1121,-0.8755634616052238
1122,0.3290419912899323
1123,0.8543654464858624
1124,-0.8944110742810638
1125,-0.4113705281724342
1126,0.49688678384005697
1127,-0.1112211942620114
1128,0.6721864151302588
1129,0.5312514014336287
1130,-0.35091006680635783
1131,0.46596294837853186
1132,0.18184241257694628
1133,0.18718124322448634
1134,0.917822423757558
1135,0.17941775302567106
1136,0.33845405111549787
1137,-0.9730070263838317
1138,0.4771488330086554
1139,-0.7787624990704485
1140,-0.7946779126424244
1141,0.0044095106500464595
1142,0.10669379612846053
1143,-0.10791432702715505
1144,0.605793388782548
1145,0.7884961761360371
1146,-0.11930331082094518
1147,0.38278002834786945
1148,-0.4202821791003575
1149,-0.37915768290697394
1150,0.49963578091274385
1151,-0.47468884538557643
1152,-0.47905816405861196
1153,-0.1242287785177863
1154,-0.4496593921083695
1155,-0.18943365717096436
1156,0.1484624238572772
1157,0.14614062424353744
1158,-0.9170763619950395
1159,0.4449401167050388
1160,-0.13505204406370072
1161,-0.1738994103595723
1162,-0.22509815399589353
1163,-0.6833862702045301
1164,-0.7385560805295343
1165,0.596300185348739
1166,-0.15941883814912944
1167,-0.8439571851509917
1168,-0.5695648775331809
1169,-0.23437059998001283
1170,0.10337651215814718
1171,-0.5326745425004863
1172,0.7203272890808058
1173,0.4462907130354416
1174,-0.6837162588110781
1175,0.5498248690435914
1176,0.17188331982178948
1177,-0.04793391237115513
1178,-0.06473118854754281
1179,-0.5003806467264247
1180,0.4574632827575536
1181,0.06778583422568005
1182,0.5652355202113549
1183,-0.3969362461645622
1184,-0.0403393604739597
1185,0.2900205820065518
1186,-0.38350348911361276
1187,0.1582355562573139
1188,0.43691678528858613
1189,-0.12318002624123144
1190,-0.15287462091534118
1191,0.9034682090645086
1192,0.44118382010424106
1193,0.0456930711616822
1194,0.48752198486360265
1195,0.20296098302980975
1196,-0.5915137086110418
1197,-0.2459928363246974
1198,-0.8312425214589891
1199,-0.8542718479839285
1200,0.2249596765302652
1201,-0.11748590810443667
1202,-0.11737721597858214
1203,-0.9065079886674361
1204,-0.1877237337969018
1205,0.5374233451206167
1206,0.12768986297439303
1207,-0.4851177340259984
1208,-0.02443998128846915
1209,0.14937447880857582
1210,0.2744978004328955
1211,0.06522284732764556
1212,-0.3450315306872872
1213,0.23083633208580978
1214,-0.842406335861469
1215,-0.3774187659643929
1216,0.2543071278684917
1217,-0.16279345435432768
1218,0.19379877606204726
1219,0.12155555770141002
1220,0.6893141344102987
1221,-0.16936635241720088
1222,-0.6377967298519006
1223,0.746716504280423
1224,-0.7532031754569147
1225,-0.25876968467966177
1226,0.4737052424159841
1227,0.7842662981101461
1228,0.2514210092321092
1229,0.1391250053537033
1230,0.5957851779965344
1231,0.591806771523576
1232,-0.5766213325417207
1233,0.5438455210719714
1234,0.9057942094347275
1235,-0.7429521902184208
1236,0.6186901368837856
1237,0.5068409723113222
1238,-0.35441323666234453
1239,-0.23940858687444366
1240,-0.5711389894096344
1241,0.06156833088356697
1242,-0.7736300572325063
1243,0.05068260443763966
1244,-0.6261534729552932
1245,0.13754382161045575
1246,-0.4650694283708284
1247,0.03974341055369186
1248,0.9260674988307657
1249,-0.19668592490523898
1250,-0.6965333451546737
1251,-0.015157498854774099
1252,0.13001561818491247
1253,-0.35206858262305146
1254,-0.5774687306973177
1255,-0.745113422688062
1256,0.30425280828866286
1257,-0.10711719235745032
1258,-0.13546739632664434
1259,-0.8765763682009873
1260,-0.3997574326763272
1261,-0.5614754551453188
1262,-0.0814444676018392
1263,-0.3400709630343446
1264,-0.2729637041654517
1265,-0.8088113625255918
1266,-0.7883413227504926
1267,-0.3497607865699512
1268,-0.09480692955323998
1269,0.24684431250863276
1270,0.25059861894592417
1271,0.9449441192135764
1272,-0.12038941251847227
1273,-0.7312687985623585
1274,-0.048826610230133266
1275,-0.20219002158934432
1276,0.23803841680578608
1277,-0.03590712353859494
1278,-0.7732821239770259
1279,0.7982402140807506
1280,-0.18794947443432977
1281,-0.13017932988807207
1282,-0.5427563366079622
1283,-0.8355411981601198
1284,0.07846530049531368
1285,0.19118744615438063
1286,-0.6484073824274368
1287,0.015636891312418917
1288,0.6972789500480726
1289,0.5975274164913561
1290,0.22170711549582262
1291,0.5737869587793334
1292,-0.21233987378797672
1293,-0.5338595664753178
1294,-0.9366073576861156
1295,-0.1547923639149894
1296,0.9298344347927482
1297,0.489065170497447
1298,0.37500444248476517
1299,0.13697826495438148
1300,-0.07625982606048468
1301,0.20657216557269786
1302,-0.07776076218783462
1303,0.6092398686419338
1304,0.5748824564560976
1305,-0.7375842525388587
1306,-0.544892307609195
1307,-0.5987617843644573
1308,-0.48650350426202543
1309,-0.30540801381749233
1310,-0.6463803788103886
1311,0.440402060039396
1312,-0.20785622027603598
1313,-0.3546230376948496
1314,0.351842617753773
1315,-0.1275489904657386
1316,-0.4030396459178813
1317,-0.21611395490324456
1318,-0.02295784212761223
1319,-0.2050195029907915
1320,-0.6570527271629264
1321,-0.20684432725036134
1322,-0.38886994157136057
1323,0.5681316193773467
1324,-0.11731092406937069
1325,0.2912112892115456
1326,-0.013374077209219144
1327,-0.3724304876202538
1328,-0.40397503324847883
1329,-0.12382681335265085
1330,0.5113035587426595
1331,0.7040826304138291
1332,0.3420868492006621
1333,0.03469450446737356
1334,0.48052744972072936
1335,0.7938340833708377
1336,-0.3597907712903567
1337,0.3515698959070945
1338,-0.9572479790798102
1339,0.7867998072694943
1340,-0.1615786966155655
1341,0.08186004785955542
1342,0.487284576407614
1343,0.2705924067670724
1344,-0.5175971994240104
1345,0.1791083883440194
1346,0.8933147979216824
1347,0.3685364929356174
1348,0.6271083405645105
1349,0.4936606632660857
1350,0.7351071755825319
1351,0.40630147880332523
1352,-0.4700557365411242
1353,-0.26390762958105324
1354,0.3650903745972165
1355,-0.6882973909204988
1356,-0.18417333281529938
1357,-0.7212853321334278
1358,-0.36397142196013643
1359,-0.402803287043618
1360,-0.32582287444647406
1361,-0.34047558919660914
1362,-0.33567481323425186
1363,0.5334845775319359
1364,-0.4138024221381092
1365,0.7065451200364016
1366,-0.4126850795719811
1367,0.023809028616107893
1368,0.5920056399378508
1369,0.657312454133429
1370,0.21168199501852206
1371,0.557583136394043
1372,0.49135309010906275
1373,-0.49638342525882573
1374,0.6840827657407791
1375,0.8419861570836193
1376,0.859650902268894
1377,0.637688321964935
1378,-0.6960409678813803
1379,-0.5669082443475647
1380,-0.7234058835963
1381,0.6910120561729621
1382,-0.6548931241124264
1383,-0.19347172145910993
1384,-0.4505723612105791
1385,-0.8031957679797673
1386,0.6806072784932224
1387,-0.7788956329733173
1388,-0.8478393642130542
1389,0.002932358634687734
1390,-0.03274543547476017
1391,0.03875171714839394
1392,-0.4830464921510671
1393,-0.406695872027037
1394,-0.4944955759989943
1395,0.11520874657265226
1396,-0.537184411414121
1397,-0.8523490338550037
1398,0.6889266091540716
1399,-0.11275554603522012
1400,0.6393081420599691
1401,-0.5789755819353911
1402,0.3852240555821775
1403,0.19280630153305972
1404,0.606590390768073
1405,-0.8238005434077954
1406,0.037776354488775005
1407,0.43320154728296706
1408,0.4172927967285732
1409,-0.6068822066163805
1410,-0.6162282075121638
1411,-0.6566809134745462
1412,-0.10404303136641851
1413,0.3988093227699846
1414,-0.08047337122154608
1415,0.4816084377207212
1416,0.589019222230624
1417,0.4554234133291209
1418,0.7455574092076594
1419,-0.023189152842566108
1420,0.5570734373757897
1421,-0.608207178129908
1422,0.02973616608902242
1423,-0.8763907677850994
1424,-0.5928436150871408
1425,-0.6885076694642757
1426,0.5679561271174557
1427,-0.14142141058192173
1428,0.1951311221728199
1429,-0.8508715778659328
1430,0.5456238882826868
1431,-0.5879651466651779
1432,-0.7530617297453165
1433,-0.9476732580525258
1434,-0.04076090807505075
1435,-0.030071656079259858
1436,0.7444832087299402
1437,-0.45957883342527595
1438,-0.545873763348307
1439,0.7594612074296694
1440,-0.23665196507141778
1441,0.4305543300463512
1442,-0.5062940265479059
1443,0.42223251892021674
1444,0.46500827095432057
1445,-0.9553914851211341
1446,-0.5271384044726458
1447,-0.41250916010474425
1448,0.423846547480509
1449,0.03024940258167701
1450,0.13638041696836747
1451,-0.23433480774673077
1452,-0.07096953127485682
1453,0.8920091087417904
1454,0.8140846107166756
1455,0.5614916408399464
1456,0.47545169541295407
1457,0.45127860627715355
1458,-0.37385900867713623
1459,0.6038857300452464
1460,-0.7993669865708922
1461,-0.3424915817628784
1462,-0.5290343794195679
1463,-0.2591733035322208
1464,-0.29998369678865366
1465,0.59215497314492
1466,0.33557613172058504
1467,-0.04692558579567147
1468,0.13131249244869678
1469,-0.6646980489108495
1470,-0.45896176403675254
1471,-0.04513089749201035
1472,0.21918403942148748
1473,0.26451384281858054
1474,0.45078754830428125
1475,-0.29988667101841854
1476,0.13626508229263776
1477,-0.9035512850495627
1478,-0.3475618331363942
1479,0.4010402219274093
1480,-0.4481119671038172
1481,0.4796121989202876
1482,0.716639867976274
1483,0.5788352517771468
1484,-0.027284305380805122
1485,-0.17052284138124266
1486,0.2939262957256143
1487,0.2787369052200577
1488,0.30811110647476786
1489,-0.340641287248989
1490,0.201699053058674
1491,0.07053229167282714
1492,-0.27086620036014725
1493,-0.5413529112846192
1494,0.9593410873873909
1495,-0.6068738597966896
1496,-0.02986008207373798
1497,-0.7917219209401314
1498,0.7157552579162401
1499,0.16419748676941084
1500,0.6885399110396055
1501,-0.5112260066081037
1502,0.7761789078187953
1503,0.6893827963425831
1504,0.966780101738143
1505,-0.42802427260298553
1506,-0.047774228191165065
1507,-0.1785697550936024
1508,0.021627444328701534
1509,0.16468754433505184
1510,-0.5726449528328283
1511,0.12888744231747343
1512,0.31108500799317934
1513,0.48038942981188215
1514,-0.591477659665897
1515,-0.4090596991331834
1516,0.4028242974277714
1517,0.0934325983735816
1518,0.25936918959136096
1519,-0.5081615342169054
1520,-0.6124949175589111
1521,0.16947142984037716
1522,0.2208926404577555
1523,0.33994765725780735
1524,-0.47748492671761195
1525,-0.24217648751354487
1526,-0.0440957221798617
1527,0.10307466641335186
1528,-0.22769683143155456
1529,-0.5927056259252659
1530,0.8560566458576653
1531,0.0456920370799256
1532,-0.39224794096567145
1533,0.8787733982014468
1534,-0.3656513703589282
1535,-0.36013157055123834
1536,-0.12501266976225983
1537,-0.26021130617143334
1538,-0.5806398868522535
1539,0.015433783836505656
1540,-0.48011478855255435
1541,-0.6118683777094431
1542,-0.36296071085532533
1543,-0.7880319806534983
1544,-0.4749138994255872
1545,-0.8066267334979358
1546,0.7470751736013577
1547,-0.11546510469933877
1548,0.5049252531803332
1549,-0.40900936970824603
1550,-0.20218299454326258
1551,0.667275331581988
1552,0.11088193792357852
1553,-0.30875628914868547
1554,-0.07529316847133977
1555,0.3530832646076429
1556,0.8664288416687362
1557,-0.008832807502030311
1558,-0.48836270847826807
1559,0.2635407646086098
1560,-0.21692969383585195
1561,-0.34358951574583857
1562,-0.2705197721264243
1563,0.8532731672306457
1564,-0.7641540804258403
1565,-0.1661260158703046
1566,0.9594721001284922
1567,0.46807452065796373
1568,0.14649064369629045
1569,0.36243358672477777
1570,-0.1042063639026947
1571,-0.6750237541083796
1572,0.26422168188255574
1573,-0.0063334698594657065
1574,-0.101952390844029
1575,-0.7486932730273527
1576,-0.27300799442838
1577,-0.49134821885733587
1578,0.7758315930158618
1579,0.6981786803659291
1580,-0.07242658512778348
1581,0.4859625021582295
1582,-0.2780337617739313
1583,0.003737704961829581
1584,-0.9252200051088529
1585,0.835789726045069
1586,0.019624292338457527
1587,0.09893348844392127
1588,-0.6228159967868695
1589,-0.7261420970407442
1590,0.9029099284966234
1591,-0.2700701838576307
1592,0.06413191345534802
1593,0.8666961299960105
1594,0.442882218280002
1595,-0.07843095066456554
1596,0.09986292665388065
1597,0.42441545003833236
1598,-0.7756307309738886
1599,0.9001446178050091
1600,0.8974020988338828
1601,-0.2254870703435744
1602,-0.15629306983462615
1603,0.14618235347811134
1604,-0.9168624086476033
1605,0.5271028221398575
1606,0.42114017899070466
1607,-0.42976367727135895
1608,-0.31714196433558794
1609,0.4963644817988083
1610,0.5508501904239348
1611,0.7231236833483122
1612,-0.42233205319514333
1613,-0.8163835127508997
1614,-0.8191084594382672
1615,0.5596760711742005
1616,0.2732737462748136
1617,0.7428172627293926
1618,0.5566117340942425
1619,0.4961737580862219
1620,-0.5694230951320908
1621,0.6050810930830279
1622,0.9304408891060734
1623,0.7636129273657455
1624,-0.2537179974677586
1625,0.5418033311182717
1626,-0.4504037939446384
1627,-0.17835419438424752
1628,-0.5269807565413566
1629,-0.3133778744646215
1630,0.6960565206835454
1631,-0.15794515625843344
1632,-0.0035861908479847297
1633,-0.5084044591363887
1634,0.7014307135596125
1635,0.15981316731188172
1636,-0.8871032943646173
1637,-0.06203046514001629
1638,0.028698929801748624
1639,0.7722907752511524
1640,0.29367257568215066
1641,-0.3225112389998391
1642,0.7272285594032819
1643,0.12606699290363463
1644,-0.5120753347736545
1645,-0.9236193560099094
1646,0.001501565109523811
1647,0.5582869205560044
1648,-0.8616329897865032
1649,-0.14297500701387034
1650,0.5523824207542083
1651,0.006392101396746734
1652,0.6822717911591891
1653,0.42973718373686837
1654,0.5842347709674992
1655,-0.2182939687397939
1656,-0.43056065206914024
1657,0.1680951223470571
1658,0.8212870555192312
1659,0.3249377961317056
1660,-0.7542252159365335
1661,0.18032837456391912
1662,-0.6699693861582565
1663,-0.29997677730668343
1664,0.7083038675095807
1665,-0.34573977764803177
1666,-0.4910985117839493
1667,0.27267246443579285
1668,-0.44309456937184966
1669,-0.24673182798995985
1670,0.7016116056533076
1671,0.3293982060313132
1672,-0.30084941567692275
1673,-0.8255827330457682
1674,0.18534446257715442
1675,-0.2165919024518676
1676,-0.30393470098162506
1677,-0.09457090714373811
1678,-0.1553271489629188
1679,0.138221349822794
1680,-0.17502383346875988
1681,0.41649957900471013
1682,0.419942838726837
1683,0.2475170466615455
1684,0.868540269974861
1685,-0.6616016830361251
1686,0.5281376672772974
1687,0.18709212946943088
1688,0.20010467317265634
1689,-0.29017046554733134
1690,0.5096743636736486
1691,0.16423326392437887
1692,0.2980368572315115
1693,-0.6104837980847302
1694,-0.3021489482051485
1695,-0.5678512087470581
1696,-0.20223806062640903
1697,0.728652001172373
1698,-0.8954684140135682
1699,-0.794999904780307
1700,-0.6427184878651613
1701,0.8184747742587515
1702,-0.6254328673763158
1703,0.27711937313115625
1704,-0.1313743804547918
1705,-0.35178262236408664
1706,-0.5919314554208983
1707,-0.31790670032932083
1708,0.2568589607616965
1709,-0.44439665413295126
1710,0.24719971313138225
1711,0.4242469253996168
1712,0.03742284703476514
1713,-0.142138229457869
1714,-0.5487977630141423
1715,0.4608451182703825
1716,0.41493190305369293
1717,0.2725171548407853
1718,0.15083771385427577
1719,-0.4349999722184337
1720,0.10465172768783221
1721,0.4429852029081999
1722,0.4831507811696358
1723,0.6158565420962918
1724,0.11168313423413535
1725,-0.6161471688096583
1726,-0.7050522587383912
1727,-0.9264842287438895
1728,-0.824211336921475
1729,0.09595509095535802
1730,-0.7917874120968262
1731,0.2067620960984098
1732,0.3681238638543608
1733,-0.7610504114896491
1734,0.7127045492948495
1735,-0.17978850057626725
1736,0.48347859795333836
1737,0.3926171483239171
1738,0.9196792786121217
1739,0.8815988048546124
1740,0.04450818481104297
1741,0.8684242446479822
1742,0.16526181041895294
1743,-0.12069388789056183
1744,0.8024724187289366
1745,-0.6145812571206829
1746,-0.7636970798043398
1747,0.3176960274131876
1748,0.5835959717309609
1749,0.14803704724181208
1750,0.25827137849204784
1751,-0.12527619604752413
1752,0.027292739552130733
1753,-0.44822188476214997
1754,0.14892600513638557
1755,-0.6880597254832992
1756,0.3731010217022662
1757,0.8400505783357828
1758,0.19347481675650655
1759,0.6724393698500362
1760,-0.7569699618854728
1761,0.7048029436767201
1762,0.4064143277835158
1763,-0.703864883488398
1764,0.26472048810860094
1765,0.14180398997831906
1766,0.05470376608586924
1767,-0.722528425746719
1768,-0.7198296097686112
1769,-0.40239107927816226
1770,-0.6233095316810126
1771,0.11378088025291767
1772,0.012245724042691803
1773,0.46371631254593776
1774,-0.13012353196585585
1775,0.33371391035714676
1776,-0.6285897714595534
1777,0.5045845200300663
1778,-0.8476137019282729
1779,-0.730498471274288
1780,0.2922087889041857
1781,-0.8381876366873355
1782,0.010849119859371063
1783,0.6464247152387002
1784,0.2568240231268268
1785,-0.33748326480765956
1786,0.35883385265552087
1787,-0.047122503896259806
1788,-0.48423168529901567
1789,-0.20356271915574653
1790,0.23653220905519948
1791,0.09831927952257298
1792,0.21400924536226595
1793,-0.4869575723566202
1794,0.6628526305984931
1795,-0.10480376515800294
1796,0.7174520725322128
1797,0.13565058701526359
1798,-0.5886369570681714
1799,-0.12138616973890497
1800,-0.04313698513226957
1801,0.9432881027474797
1802,-0.23249748578371507
1803,0.2064970441351922
1804,-0.7553277611201176
1805,0.670970096049942
1806,0.6801369706119111
1807,-0.3912793137991759
1808,0.7332656515159238
1809,-0.17855870900763704
1810,0.8400537093352936
1811,-0.04225409000842228
1812,-0.4555119257881223
1813,-0.4731343832166376
1814,0.8925848295768785
1815,0.08270540189998897
1816,-0.05416036880063405
1817,-0.2528715436077987
1818,-0.3265559681739071
1819,0.5734239335849964
1820,-0.7034660229268731
1821,-0.2839871045111869
1822,0.2965056085686078
1823,-0.007573014960663035
1824,-0.16037564146942496
1825,0.4358511581249633
1826,0.5882734026938575
1827,0.7941922482082017
1828,-0.07358638316815691
1829,0.9012557042154776
1830,0.03536919080264634
1831,0.39165678303789814
1832,0.6387360763530938
1833,0.0626804166848176
1834,0.5624488415190882
1835,0.11301652712021376
1836,-0.5554639289225196
1837,0.6658476301327688
1838,0.4023407090684645
1839,-0.4561049031731749
1840,-0.42773588728401507
1841,0.2981853763065583
1842,-0.31983455809000433
1843,0.4023283542995129
1844,-0.4596562903235697
1845,0.6105410181410968
1846,0.11526066013592645
1847,-0.39180605288672427
1848,0.13825594311511263
1849,0.652944046286681
1850,-0.19800178405263158
1851,0.9040833797595063
1852,0.1826825350552011
1853,0.6429580270320521
1854,0.6400326149311483
1855,-0.05607239311342372
1856,0.8413937654078409
1857,0.22460791907282893
1858,-0.41248140426849866
1859,-0.7503177555463691
1860,0.481340635475284
1861,0.6452649900681106
1862,0.9080500383553021
1863,0.01601705141018004
1864,-0.7957113322389673
1865,-0.0806179420996834
1866,0.04481612094777221
1867,0.7371273141643677
1868,-0.3303697166864148
1869,-0.10380098945262156
1870,-0.0451952231125786
1871,0.7804234431767815
1872,0.566531215375312
1873,0.6130077340840021
1874,0.701416642808043
1875,0.8377656474189696
1876,-0.615948551601857
1877,0.8111166688282734
1878,-0.5493958324519584
1879,0.43897269040958586
1880,0.5931249187732803
1881,-0.43728082778992206
1882,-0.31007435025538305
1883,-0.16143059964739864
1884,0.015250809623719143
1885,0.9739435318591204
1886,-0.12768584169600583
1887,-0.07791732770402054
1888,-0.2877981696383535
1889,-0.251883870329362
1890,-0.454245144811951
1891,-0.3940748152469264
1892,-0.801070558867834
1893,0.5304096009884609
1894,0.045673578106739984
1895,-0.870184997929221
1896,0.49807952262320293
1897,0.4669469868832704
1898,-0.8324909555465525
1899,-0.05296078237847795
1900,-0.8311246053561331
1901,0.8594681634685426
1902,-0.3136797138850912
1903,0.0014665754119684723
1904,0.2507451240995489
1905,0.2134153473499276
1906,0.723704622547516
1907,0.15348400886030206
1908,0.16923884895005142
1909,-0.9774222613460103
1910,-0.42366154322049293
1911,-0.5548574157609935
1912,-0.5992038751587715
1913,-0.37481715466536897
1914,-0.3042516232186197
1915,-0.6648700137036582
1916,-0.5351071585701123
1917,-0.234369000944326
1918,-0.619090009879484
1919,0.6375365500426659
1920,0.19538660552264622
1921,0.10821476520555637
1922,0.674045475292856
1923,0.2305361684089306
1924,0.1682096308355215
1925,0.4422491522131378
1926,-0.7824434458144106
1927,-0.5966229005682441
1928,0.01685601784473918
1929,-0.12369312702194897
1930,0.5763131829980511
1931,-0.2158953730054599
1932,0.390630834114983
1933,-0.6566722890426886
1934,-0.5414167393437092
1935,0.8119161914559118
1936,0.8916473785509065
1937,-0.48920404506296533
1938,0.1829182194184746
1939,0.06607105035694885
1940,0.8572347943908954
1941,-0.2878575889238773
1942,0.12844317673841454
1943,0.43691349579743094
1944,0.942246649713253
1945,0.1686973292192205
1946,-0.9514480653848827
1947,-0.506494842874241
1948,0.8176225443531359
1949,-0.0612710744728592
1950,-0.28066858329387206
1951,-0.20368315010728008
1952,0.09210285931972133
1953,0.5344210026776991
1954,-0.08040050845880467
1955,0.2387468133429442
1956,0.45898337020727026
1957,0.537582748726955
1958,-0.44324082566919976
1959,-0.9488443846273364
1960,0.46050314082626703
1961,0.8553304477448571
1962,-0.7403688147775844
1963,0.6804226295438539
1964,-0.19246439312971136
1965,0.15106848689154065
1966,0.2941762397600677
1967,-0.5367037002057555
1968,-0.32048337221519896
1969,-0.35850013336756115
1970,-0.08380146715901406
1971,0.35138364897207197
1972,0.8582254687771438
1973,-0.09673800536395138
1974,-0.03588469349094227
1975,-0.03931117129677746
1976,0.37903937774210505
1977,0.6222224418010995
1978,-0.702713840103213
1979,0.7359521689257974
1980,-0.22748688971740882
1981,-0.19399307971153953
1982,0.2505206081855451
1983,-0.06419712405445827
1984,0.26801074758928844
1985,-0.9226303954871379
1986,-0.5883395350976387
1987,-0.13979871077979555
1988,-0.09636114337737865
1989,-0.3332601481668115
1990,-0.5904275527445222
1991,-0.1457242725794257
1992,0.17054877352080922
1993,0.5348079745437662
1994,-0.631184821141414
1995,0.8851700384359562
1996,-0.11297366779618827
1997,0.030283368019968313
1998,0.3690803841735743
1999,-0.034586893643044195
2000,0.4506845756998039
2001,0.37177344703417703
2002,0.9290463610429512
2003,0.6221188209492935
2004,-0.9742146414452036
2005,-0.7269273018222573
2006,0.7555465138925369
2007,0.582021036629717
2008,-0.9095552858793894
2009,0.41672128304908346
2010,-0.7233096353578995
2011,0.08620993399871386
2012,0.8429763252364644
2013,-0.10448093193385591
2014,0.36380622465203405
2015,-0.5466164909939429
2016,0.6179653697045995
2017,0.6558611215758221
2018,0.307211859502479
2019,0.36890683703273525
2020,-0.38095960521793837
2021,0.2501379498582867
2022,0.023430739890237126
2023,-0.3766832664493982
2024,-0.37434551518740433
2025,-0.01874620438058375
2026,-0.0663977841173045
2027,-0.8793642597744628
2028,0.03099706140247302
2029,0.24321643474289467
2030,-0.29334442809973704
2031,0.1917986700887276
2032,0.1620436381464139
2033,0.22828288516065662
2034,-0.6451571229286099
2035,0.5591793060477376
2036,-0.5878148698252762
2037,0.7955123707692167
2038,-0.11589959148431327
2039,-0.2114515840170487
2040,0.7486065653690268
2041,0.10644627687406481
2042,-0.27019582525192365
2043,-0.9154592464630682
2044,-0.8039422263439587
2045,-0.2156890242596956
2046,-0.4879688494509912
2047,-0.6716465784598968
2048,0.32469049911816755
2049,-0.8968375010039281
2050,-0.5645515679875224
2051,-0.8091313747743899
2052,0.22507431437289513
2053,0.9723851749171537
2054,-0.09784769703243906
2055,-0.5087798317715687
2056,0.6114961108793587
2057,0.1412756535810702
2058,0.43471293038006215
2059,-0.05706608551802078
2060,0.09929610376723254
2061,0.8176486587560755
2062,0.49442729950898656
2063,-0.5881126940355071
2064,0.04935890065170819
2065,0.7388723656369522
2066,-0.22350845445024073
2067,0.5399216337010483
2068,-0.4091946560514011
2069,0.32721801073834894
2070,-0.018975072957994873
2071,0.384631529416866
2072,-0.7929304670712284
2073,-0.8794965808009915
2074,0.14982588046513284
2075,0.6663284967421564
2076,0.39650290871457305
2077,-0.3396309904641709
2078,-0.2113830197640757
2079,0.13184220932708504
2080,-0.5437909130724418
2081,0.7751233597275914
2082,0.7421799652376114
2083,-0.4663427155770481
2084,0.16408778357137607
2085,-0.3026974583328977
2086,-0.22757501000081995
2087,0.48575755839635143
2088,-0.9363688809685088
2089,-0.08035710760631803
2090,-0.6837412864639388
2091,-0.717781420152961
2092,-0.8259711376619744
2093,-0.7946504353064905
2094,0.13292305752178604
2095,0.7041403824588736
2096,-0.11190698264605703
2097,0.6721275542243687
2098,-0.3836804473121914
2099,0.572012058105704
2100,0.8102780890795632
2101,-0.1510220829189454
2102,0.6792327992867431
2103,-0.6313591935374195
2104,-0.9273180926490525
2105,0.16106641016216638
2106,-0.14779905993644826
2107,-0.06346482243954475
2108,-0.3354491593609438
2109,-0.5742888828588482
2110,-0.6779582805201724
2111,0.15346705875341496
2112,-0.045853126476803556
2113,0.29823629324457795
2114,0.2745026091683088
2115,0.8208236682455567
2116,0.5005565009682891
2117,-0.6092196965365702
2118,0.22340221381152922
2119,0.23347614133583414
2120,0.3926596005699036
2121,-0.23959924344960165
2122,-0.49501691199696274
2123,0.9510071885909653
2124,-0.5952092240222466
2125,0.7166701463949962
2126,-0.5740100646093249
2127,0.11563292780410316
2128,-0.17554300873258988
2129,-0.4833976856865721
2130,-0.08071814398097937
2131,0.43607696457971257
2132,-0.464609882774258
2133,-0.24265055837886318
2134,-0.43982272171424464
2135,-0.6212598856726513
2136,-0.3077260646910737
2137,-0.4180869699818867
2138,0.08501566989621219
2139,-0.9309531120199541
2140,-0.2077789798550477
2141,-0.3394252736796757
2142,0.5626523517996049
2143,-0.7538845057844568
2144,-0.8062492137384548
2145,-0.28836403080479145
2146,-0.9275976596894795
2147,0.1068193076242207
2148,0.39237719821246064
2149,0.07786967948194544
2150,0.37806732022716416
2151,-0.8650303771412665
2152,-0.5179930388904844
2153,0.6709612030903868
2154,-0.7878652684068334
2155,0.8830238593498163
2156,-0.6246959999891855
2157,-0.14254846152941472
2158,0.42530925902930933
2159,-0.6885349833870765
2160,0.5801975528744979
2161,0.5847638433430438
2162,0.22703296243838986
2163,0.38636963845231226
2164,-0.3937421054524612
2165,-0.8474760338230536
2166,-0.34865063520840295
2167,-0.2671588633336965
2168,0.0035811747456959016
2169,-0.14259103889201846
2170,-0.07216975655760642
2171,0.7495109854791986
2172,0.19672470999421446
2173,0.38485480984910037
2174,-0.6973378254637447
2175,0.8673871824611821
2176,0.41211502960353436
2177,0.22848133676327181
2178,0.8179838719635218
2179,-0.6502194531636736
2180,0.47544914035783753
2181,-0.5703396622477004
2182,0.2468859559228216
2183,-0.3199202218682998
2184,-0.016457823848670804
2185,0.41222709542008384
2186,0.10673982563305846
2187,-0.23346457779851532
2188,-0.7973255286887577
2189,-0.5267912070836801
2190,0.33730747155463175
2191,-0.2229263940451053
2192,-0.6726515404397546
2193,0.6207766686727927
2194,0.28552257680650256
2195,0.5742260456156589
2196,-0.4465589619903426
2197,0.6432710303188222
2198,0.3096589772191543
2199,-0.7475723820119474
2200,0.03712316869301684
2201,-0.5631765290977491
2202,-0.24260260526916544
2203,-0.4551227587304984
2204,-0.5640796879206971
2205,-0.5047679950468806
2206,0.3643719677056467
2207,0.5453015210121915
2208,0.5287940387422371
2209,0.48122315447480174
2210,-0.11740155201866034
2211,-0.6900155013413817
2212,-0.03072299046701855
2213,0.3285777672511655
2214,-0.7497384284025282
2215,0.5020270772699035
2216,-0.22704152020103935
2217,0.302927456936686
2218,0.024628883649604215
2219,-0.3193084028325543
2220,-0.4647871554743084
2221,0.023203535282390934
2222,-0.6633109009706563
2223,0.17056111344313055
2224,-0.9732605739166432
2225,0.20157514138385388
2226,-0.0862419791188296
2227,0.19493742047359516
2228,0.6470108327491442
2229,0.7592482486087744
2230,0.7443866039406088
2231,-0.6110640118768561
2232,-0.18784218432744706
2233,0.5555404690659822
2234,0.2211612486295063
2235,0.12990330774553963
2236,0.6192016092479149
2237,-0.21551154751249726
2238,-0.6987487440862744
2239,0.0774983644191915
2240,0.17179221750862467
2241,0.985416586515163
2242,0.3400993047624336
2243,0.7471133206787742
2244,-0.6351162963796818
2245,0.9765110823684656
2246,-0.44436902482379675
2247,0.33497701949185993
2248,0.9355838342056054
2249,0.7933915787438146
2250,-0.7688181002724094
2251,0.08994280556276832
2252,0.5234042198368566
2253,-0.13667418964189723
2254,-0.899424219108946
2255,0.9339340013098915
2256,0.06357280333208573
2257,0.8466363841410539
2258,0.2586692306755786
2259,-0.08360717130959035
2260,-0.8863812734837787
2261,0.22807702148975886
2262,0.18427160551759073
2263,0.6735611071569508
2264,0.5778454619891693
2265,-0.05975442789551092
2266,-0.2868280255092539
2267,-0.03683215715068457
2268,-0.2409037730181727
2269,0.53132041931966
2270,-0.572825842079637
2271,-0.3881027751008101
2272,0.49405597641779303
2273,0.7096976000022996
2274,-0.006122218263875879
2275,0.5212357865431934
2276,0.8416996396632503
2277,-0.05507954878369935
2278,-0.733521954965262
2279,0.645577376805376
2280,0.6972129224096496
2281,-0.3919427498524091
2282,-0.3011071609406969
2283,-0.7820583214950889
2284,-0.7364990059377969
2285,-0.8045039786996775
2286,0.38045802240772725
2287,0.6522309457676901
2288,-0.4352273799178873
2289,-0.2954408118549678
2290,0.7631892838219606
2291,0.42252062569005133
2292,-0.14293023141088343
2293,-0.2199114706029424
2294,0.30664675970220195
2295,0.6077629428217668
2296,0.38985485943962284
2297,0.5091599328193709
2298,-0.6433767758070922
2299,-0.2960021887205766
2300,-0.060025470248914393
2301,-0.5328388909357223
2302,0.23055301566343542
2303,0.4903705112479957
2304,-0.16553276724302007
2305,-0.07267792026635209
2306,0.028267506545856694
2307,-0.2751683446455211
2308,0.46752780831292406
2309,0.5965146213597039
2310,-0.25767344763236466
2311,0.23325714900017105
2312,-0.39679557166739077
2313,-0.47841448669639
2314,0.7142384750443795
2315,-0.02148826727439318
2316,-0.3879705508164133
2317,0.7932853602023069
2318,0.053746174716841635
2319,0.5235659401548924
2320,0.03207488823428024
2321,-0.17840877392466878
2322,0.68275381227648
2323,-0.18565875310863109
2324,0.0513321861664186
2325,-0.5602303334009199
2326,-0.4942483440647552
2327,0.2602213195018068
2328,0.17918198167676377
2329,-0.367229766478401
2330,0.8991889352989131
2331,-0.21246704158185284
2332,-0.16889622065803112
2333,-0.3910907698604752
2334,0.3508395440380207
2335,-0.3881331750135626
2336,-0.5088839063350429
2337,-0.6271987352564866
2338,-0.5782312286259704
2339,-0.44650134291123306
2340,-0.6604669636645129
2341,-0.633443633799387
2342,0.13490931217328897
2343,-0.029578596468851612
2344,0.10211278398895146
2345,0.2750746115620569
2346,0.9129158955973242
2347,-0.4444815607874297
2348,-0.4895134770259575
2349,-0.05423380616007444
2350,-0.4277316428604308
2351,-0.007889557543957213
2352,0.18448289395148362
2353,-0.21178799658779224
2354,-0.5140682050962104
2355,-0.40026839717174406
2356,0.6782705155160693
2357,-0.3345869867204589
2358,-0.8835969474029606
2359,-0.08517536869310455
2360,-0.9215230212015516
2361,0.31704608485907304
2362,-0.2307157618787396
2363,-0.19640922169261646
2364,-0.6720822261252013
2365,-0.1674603302581938
2366,0.8222053032605384
2367,-0.06608047500806881
2368,-0.4164696190654244
2369,0.2863067684072877
2370,-0.6189497870227229
2371,-0.6899533773770226
2372,-0.5372996972693783
2373,-0.4006422910304844
2374,-0.8617101644596455
2375,-0.9330771496891169
2376,-0.7531940950033542
2377,0.04877678678037799
2378,-0.07132179401565439
2379,0.36816254666530157
2380,-0.14307498366260393
2381,0.872721294496638
2382,0.343773501769845
2383,0.6554402521279353
2384,0.1167594733397291
2385,-0.21141114692983887
2386,-0.575546274793336
2387,-0.19922274573021667
2388,0.11342479265590999
2389,0.022316222506629964
2390,0.32124615374483656
2391,0.2802648544283654
2392,-0.8909581359771205
2393,-0.17879390213915258
2394,0.7445159744805271
2395,0.41851361676366033
2396,0.5641736847464166
2397,-0.047973438802078106
2398,-0.7847307315429644
2399,0.07040181244967769
2400,-0.19227665515765327
2401,0.4099025955616196
2402,-0.5682509130544968
2403,-0.6165096786456741
2404,0.2889410255177108
2405,-0.4151091646706722
2406,0.18457575647293464
2407,0.41417473558517937
2408,-0.8808592283279979
2409,-0.6170419797447433
2410,0.42303160018226943
2411,0.13017362408276711
2412,-0.9082907431178193
2413,0.7333425827882972
2414,-0.11568254640031206
2415,-0.3294071738673443
2416,-0.8972923486842768
2417,-0.26163843229965195
2418,0.850738199165487
2419,-0.20450851889507304
2420,0.1009262746329666
2421,0.6356530776831184
2422,0.17566967494932875
2423,-0.35210693520949354
2424,-0.07202221175471699
2425,-0.14497581115222005
2426,0.8953042475267508
2427,0.5290648393334486
2428,0.001456110082306801
2429,0.2518828394588904
2430,-0.6536300844280644
2431,-0.5926793073340936
2432,-0.4156850671986142
2433,-0.22467485981325508
2434,-0.48706338122082926
2435,0.06156314755752038
2436,0.7909041285443412
2437,-0.4520816213982973
2438,0.47260089876217964
2439,-0.017399250469772077
2440,-0.8727058921626268
2441,-0.1476235883235628
2442,0.16743621484457205
2443,0.2528049929456979
2444,0.6734399888831686
2445,0.02525903108906409
2446,-0.32409821275620465
2447,-0.5904627893118292
2448,-0.07458475704747426
2449,-0.9579934826332592
2450,-0.7026108682615895
2451,-0.3782072464386435
2452,-0.9208203869309396
2453,-0.2505224631523507
2454,-0.5159187197273821
2455,-0.8926556634886174
2456,-0.7394489454614354
2457,0.611422707481811
2458,-0.061877595112934204
2459,-0.34280781894960594
2460,-0.1813423526124443
2461,0.12742314874352856
2462,-0.06474216665418803
2463,-0.07238208476740011
2464,0.005932997085330071
2465,-0.11837603528901537
2466,-0.5153505954610893
2467,-0.6998932092629808
2468,-0.5035018258729976
2469,0.31623387406538916
2470,0.8228183807824716
2471,-0.21544080620406444
2472,0.5421505297106295
2473,0.015754117766294068
2474,0.7353250987908592
2475,-0.32243040576978943
2476,0.7984597773143017
2477,-0.3858623433376755
2478,-0.6537496903309762
2479,0.13988516326655684
2480,0.7148989807093729
2481,-0.7069913574051017
2482,0.884168764495543
2483,-0.6267739599561688
2484,0.013486906522048835
2485,0.6539785025854785
2486,0.9904886879869131
2487,0.19909674777242226
2488,-0.7987725950713362
2489,-0.5342758055240905
2490,-0.30662382202313837
2491,-0.7334311279573508
2492,0.45080110810047525
2493,0.19582868435297537
2494,-0.5465140764690319
2495,-0.0970782296447255
2496,0.8606680402961658
2497,-0.5156505904538621
2498,0.52656134705602
2499,-0.2853913093700166
2500,0.26332334490781545
2501,0.2637883590094599
2502,0.06643955852079304
2503,0.3666050284490933
2504,-0.9040669853138278
2505,0.37046642392890833
2506,0.8516393965344904
2507,0.27494235151881613
2508,-0.7112221770171698
2509,-0.5187169107913243
2510,0.9326255400577319
2511,0.04947042884011857
2512,-0.5071398472674289
2513,-0.9554500568470782
2514,0.5277126448597278
2515,0.21972557841033574
2516,0.7246701334798549
2517,-0.2313079067374004
2518,-0.7466522575079086
2519,-0.061632776990770674
2520,-0.5718086861501577
2521,-0.46364652078169166
2522,-0.4848296558153039
2523,-0.10224419495969794
2524,-0.8086643880030242
2525,0.09223890328435283
2526,-0.42487233393490326
2527,0.08773430250293343
2528,-0.9831511074572213
2529,0.24267814300009896
2530,-0.5829268395407156
2531,-0.7710235761418756
2532,0.25844619394520474
2533,-0.3326347760158197
2534,0.15626843027116896
2535,-0.5219710746808159
2536,0.057585275593658974
2537,0.26342389057578947
2538,-0.5607331533950443
2539,0.22454512478196714
2540,-0.011545341358622988
2541,0.7968822130423483
2542,-0.359614047396623
2543,0.16274226338294032
2544,-0.34346378448689524
2545,-0.4264413577808043
2546,0.4154916445813781
2547,0.1363766855830928
2548,-0.9659340524895983
2549,-0.09148023419478235
2550,-0.413100937980467
2551,0.22535776230036592
2552,0.5334460800220256
2553,-0.22285638807806812
2554,-0.35361266297734284
2555,-0.49594436067344727
2556,0.3107432566245602
2557,-0.5567402797970546
2558,0.44753133282388063
2559,0.29517859429999965
2560,-0.08566540345659174
2561,0.1594328460291147
2562,0.5104876196779611
2563,-0.8715629930357783
2564,0.6956292552798655
2565,-0.2705098704304765
2566,0.6708387139051373
2567,-0.3190608776870395
2568,-0.6761431737567968
2569,-0.1747518901657791
2570,-0.5069133939860355
2571,0.6786089731190447
2572,-0.5918472288971142
2573,0.14740765431244776
2574,-0.4055650568741876
2575,0.011181958847375202
2576,-0.35417045971097133
2577,-0.1714740696980209
2578,0.29223068558276977
2579,-0.15568561260142788
2580,-0.3135883522887247
2581,-0.6869968465696246
2582,0.8218080556337212
2583,-0.6707561962059764
2584,0.2787490820740504
2585,0.027779409837804154
2586,0.05330161660949834
2587,0.6509827702163351
2588,0.3664338470067085
2589,-0.12479465660971997
2590,0.3086532561663912
2591,-0.17750241024056482
2592,0.4310079013335591
2593,0.7739718350736035
2594,-0.2560835014303585
2595,0.5848867701550554
2596,0.5125921369936227
2597,0.6530087099180132
2598,0.847839845522776
2599,0.2741978499529048
2600,-0.4501209266538893
2601,0.8018600264187485
2602,-0.0975036622397928
2603,0.18805464218933432
2604,-0.7561938132996286
2605,-0.20467313480733984
2606,0.0855839370671751
2607,-0.8113592433196755
2608,-0.617115841788785
2609,0.4064564262407464
2610,0.7910406997292039
2611,0.6798828739771158
2612,-0.21766251415373078
2613,-0.1378574809802431
2614,0.3832818998075257
2615,0.34967954168442594
2616,0.30665812379359114
2617,0.6502793375967052
2618,0.4568197596022918
2619,-0.6638274227975642
2620,-0.9530954075309973
2621,0.2813360385312529
2622,-0.36225684089194665
2623,-0.7543824035683488
2624,0.18462538217800264
2625,-0.5221468337917559
2626,0.11473719838274703
2627,-0.5048276453480965
2628,0.43545796223020655
2629,0.03877913299616154
2630,-0.8463475009778219
2631,0.9102985449028526
2632,0.1738991136016181
2633,0.6572124795538223
2634,0.27460496713869753
2635,0.205430589379786
2636,0.32617854243318306
2637,0.22585835270857088
2638,0.4093748937193653
2639,-0.5474698200386378
2640,0.11151528291443728
2641,-0.7327677215083707
2642,0.7595011470272717
2643,-0.7889153785729842
2644,-0.16633026264107206
2645,0.215435299753052
2646,-0.05505076278827377
2647,0.23384444745376798
2648,-0.5822844713686882
2649,0.6365991153474901
2650,0.20742967761426587
2651,-0.8549763558760443
2652,-0.9553215801274892
2653,-0.34311756620418726
2654,0.4376958924185089
2655,0.7234722034880151
2656,-0.29916039521368587
2657,-0.2601954841273914
2658,-0.2399440643512367
2659,-0.693781471704512
2660,-0.6337527825747533
2661,0.35410646050610844
2662,-0.46936092090226855
2663,0.4426227800964582
2664,0.15665884170155095
2665,0.4807221650887656
2666,-0.18612199503848278
2667,0.01741441253132306
2668,-0.9710416411056488
2669,-0.5725391634213648
2670,-0.3723484498422288
2671,0.2318882614770238
2672,-0.6809589312455505
2673,0.6463262095603078
2674,-0.04026179351879119
2675,0.3492165668316561
2676,-0.17591919583806348
2677,-0.1274968773950718
2678,-0.5655811032421185
2679,0.9534708873023399
2680,-0.493315665560427
2681,-0.5960180881007681
2682,0.8220986127257147
2683,-0.6675176169990021
2684,-0.7222604599190114
2685,-0.027106621034226057
2686,0.21096472145673414
2687,0.8450917932603206
2688,0.861037091805579
2689,-0.2481355118789333
2690,0.12716903781135444
2691,0.9761609550284339
2692,0.23338581096922817
2693,0.6431596365872373
2694,-0.25941753125067746
2695,-0.03353028749791565
2696,0.4805947571541673
2697,0.07049693763264817
2698,-0.9711815775492946
2699,0.6306504352130132
2700,0.019188271621484308
2701,0.3728204649997277
2702,-0.7866429023778754
2703,0.6973437003950859
2704,0.23448407702065835
2705,0.6777566698031114
2706,0.32295095562144915
2707,0.10029683260420988
2708,-0.30322440967956144
2709,-0.5214951841016104
2710,-0.1211489642809498
2711,-0.8898594337747162
2712,0.6495190439912565
2713,0.36572944788697476
2714,-0.677977303704493
2715,-0.7005285240949664
2716,-0.03518954590105279
2717,-0.5731619777849744
2718,-0.5801643538530125
2719,0.28062781872147563
2720,-0.5360253307174934
2721,0.06420368859862298
2722,-0.09792557627273188
2723,0.2860401967020921
2724,-0.8417112396349724
2725,0.27163163620690606
2726,-0.4040101956466603
2727,-0.5026907183600913
2728,-0.9503557890817952
2729,0.3984932054181619
2730,-0.4282784342335187
2731,-0.017378655034697068
2732,0.9204674193801026
2733,-0.3572034054289215
2734,-0.6489135675587191
2735,-0.681602045687852
2736,-0.09440734463311387
2737,0.63250564418032
2738,0.12662062717135059
2739,0.06879322658888742
2740,-0.21328231871893583
2741,-0.49471345570064096
2742,0.024157240723661075
2743,0.3395475747243078
2744,0.09037686646211113
2745,-0.24788424003926468
2746,0.3429449987831481
2747,-0.6914001394406023
2748,-0.42611089634001337
2749,-0.616738925677305
2750,-0.06325584717586027
2751,-0.6041666512039491
2752,-0.17918849871769396
2753,0.1074872996828146
2754,0.4430637940236702
2755,0.34122552109532156
2756,-0.5436276289201791
2757,0.2918786341852349
2758,-0.5587138450062715
2759,-0.031073782062041512
2760,-0.8789579666311998
2761,-0.6191743923206487
2762,-0.52935050408963
2763,-0.1415041062700175
2764,0.8019911807493851
2765,-0.5195935264185311
2766,-0.4003385925030787
2767,0.5753785684979343
2768,-0.17893958869721424
2769,0.30282040272999033
2770,-0.9449924806714176
2771,0.7178776388401681
2772,-0.5741254117723195
2773,-0.30671727383825725
2774,0.33111475926210054
2775,0.6790651469551665
2776,-0.2058088252792094
2777,-0.014122496759997591
2778,0.2697009814538407
2779,-0.26320490961022297
2780,0.9251421880133606
2781,0.05432194599881826
2782,-0.7461161006706418
2783,0.2562479373481943
2784,0.4074518404915292
2785,-0.4129810194556815
2786,0.5149544812439066
2787,-0.607434904727162
2788,-0.053540484346425166
2789,-0.7498639418807935
2790,0.24354202487168766
2791,-0.36867173462964997
2792,-0.5715951096836904
2793,0.6781596096638876
2794,-0.670000574243276
2795,-0.7992702792872148
2796,0.5503597493728682
2797,0.3202609703140592
2798,0.33605988428947686
2799,0.7451441302945201
2800,-0.7431366989453291
2801,-0.23549626590606282
2802,0.4178143920285006
2803,0.40890272163922486
2804,0.8115681801796039
2805,-0.3053047475159734
2806,0.3207565468863732
2807,-0.19707321113059537
2808,0.18670300116912814
2809,-0.17308087630791993
2810,0.8665911581633552
2811,-0.3222913479131251
2812,-0.3352962329401191
2813,0.6119312117702976
2814,-0.012679350289580992
2815,0.011770150721593311
2816,-0.040063433326482954
2817,0.46982182085221336
2818,0.6757077741582296
2819,0.5932017988900874
2820,0.049149822852706825
2821,-0.23400293972572742
2822,-0.38285300018699897
2823,-0.10312616561341248
2824,-0.01939435336274283
2825,-0.1442878289418631
2826,-0.4487019073873359
2827,0.27568210603816007
2828,0.6750389664680256
2829,0.1581120458155007
2830,-0.8801833713979046
2831,0.10602352674564787
2832,-0.7820492684045384
2833,0.21897409334972562
2834,-0.7754392616090254
2835,-0.8238932012048358
2836,-0.24401815004471872
2837,0.2515131283283327
2838,-0.5253429617666625
2839,0.08853675617295333
2840,-0.030117736767671294
2841,-0.1971390454122847
2842,0.2827092409671847
2843,0.649987103917021
2844,0.7006750389698804
2845,0.08382483920623289
2846,-0.39833775655808834
2847,0.20914691793162024
2848,0.325118564396927
2849,0.2285236874624979
2850,-0.25967533363664436
2851,-0.0056332711459956865
2852,0.6724084856660824
2853,0.17123461568897486
2854,0.8440824570377972
2855,0.6050677524011678
2856,0.4619313776283431
2857,0.02166030215318818
2858,-0.1618081408020178
2859,-0.7906487730955979
2860,0.7273712813079305
2861,-0.8116673091135191
2862,-0.29050519701882566
2863,-0.4173602296828266
2864,-0.1409860457740073
2865,0.7373446492140426
2866,0.200710948976213
2867,-0.23538656992160423
2868,0.5484742190326163
2869,0.5656183158281731
2870,-0.3315609825724878
2871,0.4725666832832117
2872,-0.026925370545297818
2873,0.587334222278876
2874,0.33165032223188323
2875,0.6605077469172961
2876,0.07426876706978966
2877,0.6023939029995784
2878,0.38552780410307863
2879,0.3291349388332654
2880,0.00015257873381815612
2881,-0.6244676837920963
2882,-0.4088585567992258
2883,0.9396448432607001
2884,0.8692335235715308
2885,0.30371169903863554
2886,0.6443822780518925
2887,-0.9232418324780253
2888,-0.144694222279965
2889,-0.008498153932636993
2890,0.7961842615787649
2891,-0.46553739379387604
2892,0.25516554674429215
2893,0.4701687486599144
2894,-0.7749509862660289
2895,0.8280990974611858
2896,-0.5785037683192196
2897,-0.4861577867015475
2898,-0.7273912000813156
2899,0.2523289732283465
2900,0.5583505010684121
2901,-0.18410403167397746
2902,0.3882839525830287
2903,-0.20929943416628435
2904,-0.12127898675107067
2905,-0.35437001364202
2906,-0.6086142036431821
2907,-0.3947937118776941
2908,-0.8463570893288231
2909,-0.7291854668859656
2910,0.0561171933262745
2911,-0.5330152872803543
2912,-0.6814545280950144
2913,-0.6414446329256511
2914,0.3756648352952301
2915,-0.680068859499681
2916,-0.2519923165774999
2917,0.2328518678514722
2918,0.2828820074355542
2919,0.724861859849727
2920,-0.007973023113575945
2921,0.30395283586691996
2922,-0.0434876285938613
2923,-0.4216363098953279
2924,0.8767828200170155
2925,-0.4238003481409395
2926,0.5733933393010351
2927,-0.3093339159340478
2928,-0.4690971497836556
2929,-0.18496552446266198
2930,-0.015572138393366797
2931,-0.3888592733224614
2932,0.6888594914878732
2933,-0.4187112959704201
2934,-0.25400081766523874
2935,-0.3559387513148083
2936,-0.28238337576174144
2937,0.11909903612849991
2938,0.9333814899598146
2939,-0.3668212395139148
2940,0.00852446383951718
2941,-0.5656978342260498
2942,0.3705471459471405
2943,0.1197998405681477
2944,0.3506314497414071
2945,-0.5802600734198069
2946,-0.6394131656835651
2947,-0.28855991009057697
2948,0.7303804757465727
2949,-0.3942071954779489
2950,-0.21488790999556587
2951,0.11791335512943438
2952,-0.2111745695225383
2953,-0.4345979006433261
2954,0.28912888411433924
2955,0.48974065817472556
2956,0.9836527159144959
2957,0.13884266940887424
2958,-0.829337168045149
2959,-0.5536280480984802
2960,0.3223324847012291
2961,-0.09397686910554118
2962,0.6382918611801708
2963,0.7330703774916182
2964,0.7673687878009242
2965,-0.35215814961682834
2966,-0.2960558502282601
2967,-0.2626079774524203
2968,0.5121900055123467
2969,0.1619519420955552
2970,-0.5026848949618242
2971,0.4724330370574379
2972,-0.9902201675423457
2973,0.9563931266045044
2974,-0.4698696802510457
2975,0.7911584279516558
2976,-0.42217973736040776
2977,0.5839179317065698
2978,-0.17163312413712364
2979,-0.2621853200862653
2980,-0.8054504430907014
2981,0.5557606540504081
2982,-0.019228275767346092
2983,0.18892527418293506
2984,0.4297757938585959
2985,-0.41394483339641475
2986,-0.1342857378418495
2987,0.633104638147135
2988,0.9026742575637479
2989,-0.0725349931438211
2990,0.40456455393152246
2991,-0.7111853927670186
2992,-0.5424981468304552
2993,0.2042954037978274
2994,0.22940573212052323
2995,0.6941431470017025
2996,-0.07285884208779073
2997,-0.34477308687628
2998,-0.6560505724241977
2999,-0.05678120364041876
3000,-0.7384406621520111
3001,0.0778116906385016
3002,-0.24370388317482006
3003,0.26687674282498114
3004,-0.6990720402761529
3005,-0.3951810601924623
3006,0.19837069904178742
3007,-0.45348840829813125
3008,0.1264527588209251
3009,-0.06406543079267064
3010,0.43893223294545364
3011,-0.6424268069494854
3012,-0.6184653670083966
3013,0.8321138725851351
3014,-0.13400993436326356
3015,0.382440589290728
3016,0.5599088642413713
3017,0.9536858204667502
3018,0.3165416763033882
3019,0.14188830746708447
3020,0.23953681129829762
3021,-0.7072894456334615
3022,-0.3923714750976013
3023,-0.14004683927848977
3024,-0.6769040712301349
3025,0.21176853370759172
3026,-0.6141551476901442
3027,0.6760623923901582
3028,0.2070662235012674
3029,-0.4431350241597088
3030,0.3866614021943394
3031,-0.5337047166011226
3032,0.7929117038312199
3033,-0.500784793777546
3034,-0.1511288213668754
3035,-0.015273405745422233
3036,-0.6310834815453081
3037,0.4169515060853203
3038,-0.8467233641426753
3039,-0.001555672842959873
3040,0.751824955958243
3041,0.18349168868415827
3042,-0.6802464137522933
3043,0.5502563522106447
3044,0.20959872976545824
3045,0.8591130113646009
3046,0.32994271626701216
3047,-0.6526529054716121
3048,0.3722426366209342
3049,0.34965468495260926
3050,0.2561615858767274
3051,0.27365169176377113
3052,-0.42628254052028697
3053,-0.47425916584086486
3054,0.48843035239530896
3055,-0.7711240139039827
3056,-0.3581893268586413
3057,0.5667849034953018
3058,-0.732788443746341
3059,0.6289420889339001
3060,0.41247002892636836
3061,0.19832354538820374
3062,0.2935673476638064
3063,-0.18139253216110446
3064,0.0012667249935870322
3065,-0.7315537346257145
3066,0.3129638660832455
3067,0.7392540963553281
3068,0.3327337286895955
3069,0.8613045645882638
3070,0.4676508258924063
3071,-0.5811509933317144
3072,0.517733689500997
3073,0.3389768333173003
3074,0.47547182936234594
3075,0.13877909675409805
3076,0.7139399243964593
3077,0.6221092543435046
3078,-0.24288798086667832
3079,-0.32063214555065944
3080,0.7396516606591123
3081,0.19148344131149184
3082,-0.6828923576524892
3083,0.4574381014052449
3084,-0.5797735191777066
3085,0.5264530960123206
3086,0.26686546760528534
3087,0.4691669029267701
3088,-0.7968544592796082
3089,0.08809286781615548
3090,0.8133678687509127
3091,-0.23523756338245994
3092,0.4413960834748244
3093,-0.9214890788032352
3094,-0.902942028021724
3095,-0.0982944414827497
3096,-0.5264806150027895
3097,0.6936261158036067
3098,-0.5144736700045837
3099,0.1502466900891848
3100,-0.3593467642336332
3101,-0.7625081128096778
3102,-0.4700043859005242
3103,-0.2950281943869244
3104,0.1320193480960917
3105,-0.9041712696117238
3106,-0.08834447190372072
3107,0.22384997298115747
3108,0.1539776268725991
3109,-0.6987581927291818
3110,0.8510216286425982
3111,-0.21693092798149108
3112,0.5926279119509549
3113,-0.40612967885175616
3114,-0.1875639247382065
3115,0.17003396691567005
3116,-0.04626347291243942
3117,-0.15124085336648774
3118,0.7828627651597914
3119,0.292707154908249
3120,0.08309187796227184
3121,0.14054122638331817
3122,0.09345564376916536
3123,-0.847857586331045
3124,0.9642656091061151
3125,0.5737387328830605
3126,0.7570351442613472
3127,0.7839923384915534
3128,-0.473910236736919
3129,0.5049166649801687
3130,0.602301252279
3131,0.28644641789170777
3132,-0.5545529889189065
3133,-0.3897334186784922
3134,0.11601706926514536
3135,-0.8264339229257714
3136,0.15577565406790295
3137,-0.20548029645456728
3138,0.02313398301866435
3139,0.5542757526477463
3140,-0.8944464872954544
3141,-0.4807887982259999
3142,-0.7017658276660927
3143,0.4801965357313179
3144,-0.3494220974888663
3145,-0.116102973676856
3146,0.7396978136441051
3147,-0.6561477706091693
3148,0.3453764683450857
3149,0.8757751301911553
3150,-0.5445305899238438
3151,0.5595753596486122
3152,-0.702688379361086
3153,-0.3141659423399953
3154,-0.6732172930928408
3155,-0.9792770375991099
3156,-0.7580319436704827
3157,-0.5161599133774224
3158,-0.17648752293581016
3159,0.0950106982282878
3160,0.6057894410639485
3161,-0.43926386405103324
3162,0.18348129936287305
3163,-0.43176735834969054
3164,-0.19388506968520072
3165,-0.2317299682667326
3166,0.3439197726503919
3167,-0.3536871050785685
3168,-0.16134172621730322
3169,-0.9562857479401229
3170,0.20308691155197622
3171,-0.37708974850942784
3172,0.25723934045002794
3173,-0.0549134919821185
3174,0.529742689570089
3175,-0.6235081003246313
3176,-0.6819712290780919
3177,-0.09770487980146697
3178,-0.07331284596871442
3179,-0.022725619248559367
3180,0.5405961273308594
3181,-0.93077219751663
3182,-0.13361759293494838
3183,0.7850659435413222
3184,-0.5415955355162406
3185,0.8782122924521417
3186,-0.45754737410983465
3187,-0.5452559832278359
3188,0.07455176493636109
3189,0.3965022639400753
3190,0.46460069934652204
3191,-0.6753532942836412
3192,-0.8547914303953056
3193,-0.7645806077428975
3194,0.2344987514277213
3195,0.37315769751715133
3196,-0.2124005174661555
3197,0.7686038595637018
3198,-0.49813890351303886
3199,-0.3459821733668724
3200,-0.45809418419711834
3201,-0.8558146540527818
3202,-0.09747461100342941
3203,-0.6348231294541612
3204,-0.5235425076380374
3205,0.4902956009742792
3206,-0.49784699072818733
3207,0.36855698093543904
3208,0.4644969738811865
3209,0.33279739891803695
3210,0.20625926279209697
3211,0.8519399871417156
3212,-0.6753599149516579
3213,-0.12381839049661916
3214,-0.8068365763154267
3215,-0.024863403257443458
3216,0.35956444690152256
3217,0.10743106405511278
3218,-0.2361163015742294
3219,-0.5790485905254903
3220,-0.05144000927188286
3221,0.21993622952069058
3222,-0.23671060150600706
3223,-0.23964867355692387
3224,0.14198940743478858
3225,-0.29638960267699727
3226,-0.2867091058988387
3227,0.7400100115991305
3228,0.20394816287556716
3229,-0.07192433187086238
3230,-0.5224443113022484
3231,0.5401787126990452
3232,-0.7639862727993799
3233,0.26813974755330616
3234,-0.10748090184559934
3235,0.9241739292792484
3236,-0.11895802873930102
3237,0.44415827477258885
3238,-0.3820443149895099
3239,0.878387459264946
3240,0.38146114239359874
3241,-0.7264332761982346
3242,-0.5702276279497244
3243,-0.21551402431239353
3244,0.35602409597721674
3245,0.35668531042310647
3246,0.513294693327672
3247,0.5908089695261552
3248,0.38522438119219643
3249,0.6692148309905521
3250,0.6069228026654734
3251,-0.0964637998598684
3252,0.6265723482969857
3253,0.4045424694227709
3254,-0.35668717068230094
3255,0.6518166060937388
3256,-0.09464088395359531
3257,0.05363271658930676
3258,0.14954281925389865
3259,0.6158153691309463
3260,0.7075677439444424
3261,0.6435068145003441
3262,0.32409436770921574
3263,0.4883192289438971
3264,0.698843356295898
3265,-0.10689417377639135
3266,-0.08415627827481373
3267,0.670983266692978
3268,0.1835892673466703
3269,0.3591056555195611
3270,0.33919335847447707
3271,0.013722508542250721
3272,0.3842743493817016
3273,-0.0682799536976857
3274,0.2732157358148377
3275,-0.40442203198201426
3276,0.34608133079365117
3277,0.2876218071098212
3278,0.31729154602309323
3279,-0.9308424178916452
3280,-0.37069571263378587
3281,-0.22192736764934162
3282,0.013220018796971645
3283,-0.30052050288271054
3284,0.2356460695459797
3285,-0.2932733347357811
3286,0.7464468278896601
3287,-0.4491989340293726
3288,-0.174146034064489
3289,0.2775741045659776
3290,-0.3796404802904227
3291,-0.2708227095124514
3292,-0.8665378030079129
3293,0.03539836842244918
3294,0.5989237915101305
3295,0.47197901005042864
3296,0.16321065032756135
3297,-0.6160231972991516
3298,0.8194386543912167
3299,0.36850467032706336
3300,-0.05317061944937322
3301,0.01736539356726114
3302,-0.2775512789545442
3303,-0.05168800531246738
3304,-0.16894453054115413
3305,-0.09238381806911328
3306,-0.5758831294455573
3307,0.36826430442845215
3308,0.12213630694711801
3309,-0.18343699064972388
3310,-0.30888464411169503
3311,0.877872037680206
3312,0.5110126652119574
3313,0.6211195446184749
3314,0.8372507537355631
3315,0.5858073496796304
3316,0.19437880300734184
3317,0.6113059772621912
3318,-0.3181556319726026
3319,0.5658740936576645
3320,-0.28725008067893004
3321,0.41944703619830737
3322,-0.1293371738490283
3323,0.4459502168246843
3324,-0.017508416673982556
3325,-0.8246911571477551
3326,-0.054852543912368566
3327,0.2742883855122732
3328,-0.855686299305097
3329,0.4929132234382226
3330,-0.2733119558255641
3331,-0.8363694523553503
3332,0.23557438532937305
3333,0.7394473778442106
3334,-0.7446803344726507
3335,0.6058813039577681
3336,0.4728520769939226
3337,-0.3459928160579376
3338,-0.4683233810456928
3339,-0.2265635558985362
3340,0.07899530267516688
3341,0.7242599520005034
3342,-0.10279951444837916
3343,-0.637074199163987
3344,-0.045087049555694605
3345,0.0011020991177203407
3346,-0.5258718921528389
3347,-0.16599651067882598
3348,-0.56986259817134
3349,-0.7889180737007557
3350,0.147085954550627
3351,-0.10105037474351582
3352,0.7995590840120661
3353,-0.5456670040722075
3354,0.17955731514927484
3355,-0.1279348496020787
3356,0.34450736836662216
3357,0.7767166655173278
3358,-0.8193814867655466
3359,-0.8688179718839163
3360,-0.23300353320498768
3361,0.11853026318296449
3362,0.36170572445295224
3363,-0.7848160800332514
3364,0.3963934477121996
3365,-0.2614681009817333
3366,-0.7841088639930642
3367,-0.3958876354911734
3368,0.1645489074336278
3369,0.5246770802136842
3370,0.9393341512563357
3371,-0.4484416595870794
3372,-0.4895244186293284
3373,-0.37161792539242117
3374,-0.32518271504388374
3375,-0.1384418690916779
3376,0.6961675644194915
3377,-0.5386308909642914
3378,-0.4674443821785223
3379,0.26849309368938407
3380,-0.9241398746638617
3381,0.5350702803406974
3382,0.4307490695802899
3383,-0.5620148883516253
3384,-0.6996762969258226
3385,-0.4231878730059141
3386,0.5645737567221714
3387,-0.1766172294900967
3388,0.4651090564677385
3389,0.7520085028750189
3390,-0.21536349496127466
3391,-0.2428327948790233
3392,0.39860171307019676
3393,-0.419845393614211
3394,0.3918222258236981
3395,0.011871422105766338
3396,-0.15224915688853297
3397,-0.6254327402332758
3398,0.44576029177417237
3399,0.39409830877201757
3400,-0.6239634757241428
3401,-0.5443617861653832
3402,0.7616084046724564
3403,0.46406965007117906
3404,-0.3484510232710795
3405,0.5585064347896611
3406,-0.18388665377378866
3407,-0.48839998540996915
3408,-0.19145868375732542
3409,0.2772528906594689
3410,-0.27190848531844786
3411,0.4750278501394077
3412,0.09909837076768639
3413,-0.8278232334727343
3414,-0.3905104211367518
3415,0.7727702041393465
3416,-0.2129372365990606
3417,0.28451398802883693
3418,-0.05002415996195844
3419,0.27448291018510956
3420,0.7377082542676747
3421,-0.21798115677867416
3422,0.4995776897473267
3423,0.5672084275965155
3424,-0.6330109198328633
3425,0.9140950022537767
3426,-0.48964128099317605
3427,0.3562434237137887
3428,0.31738084614346845
3429,-0.5654937504405668
3430,-0.4051751961979801
3431,-0.8635933006299753
3432,0.5926045756248322
3433,-0.5854587968004152
3434,-0.615690956566796
3435,-0.3030854586991314
3436,-0.73895144062506
3437,-0.44476874441586045
3438,-0.4890461273415924
3439,0.5108075554499505
3440,0.37703953322866574
3441,0.35643439339175226
3442,0.4677372969866304
3443,-0.37219718470761787
3444,0.8322505252247238
3445,-0.47594248939373274
3446,0.8127492785594155
3447,-0.12665192016148719
3448,-0.041252894480580754
3449,0.02724089440710717
3450,-0.24418251693899742
3451,-0.3204608486777801
3452,0.2254087927966131
3453,-0.7504280390623348
3454,0.8074788860065836
3455,0.2031404101744124
3456,0.6248092026611294
3457,-0.5411625781772786
3458,0.1529099003376171
3459,-0.14489756386865194
3460,0.6376717010991946
3461,-0.7281374110552287
3462,-0.36566259462580386
3463,0.5977736429981391
3464,-0.5635038324664168
3465,-0.07919330626094538
3466,0.5149542540322386
3467,0.3040008258334539
3468,0.8875881490721477
3469,0.9791743926830274
3470,-0.6507872588662177
3471,0.6400815163139006
3472,0.6866095038403837
3473,-0.06040130165077576
3474,0.5349324753952572
3475,-0.5789122764818504
3476,0.6052696002412987
3477,-0.764322797048851
3478,0.7431970541087062
3479,0.666662281265432
3480,-0.48470514249763014
3481,-0.5386081568311974
3482,0.4344845844715645
3483,0.8277771354699587
3484,0.4691318454281912
3485,-0.15798064641669923
3486,0.08498302643641702
3487,0.4859163656351154
3488,0.667331926456805
3489,-0.4175384422432213
3490,-0.26250239457535535
3491,0.15250557255732514
3492,0.8302807741067235
3493,-0.6384995895682184
3494,-0.8210703946804274
3495,0.35548403670125484
3496,0.3202023981841718
3497,-0.4757786061886051
3498,-0.4573870715419201
3499,-0.6366221043156681
3500,-0.9770596596503274
3501,0.5986739166963905
3502,0.5398012502877182
3503,0.23707722840788675
3504,-0.7437441511211261
3505,0.8595308129571188
3506,0.15351952913164116
3507,0.6161709771688707
3508,0.7459928004322062
3509,-0.7852849723435118
3510,0.9326867668838725
3511,-0.7994491584789014
3512,0.7756640428946423
3513,0.28681275975791354
3514,-0.7944934221338625
3515,-0.33206437421124185
3516,-0.4829559803201879
3517,-0.031264102121890944
3518,0.2743828457992647
3519,-0.8963375195720579
3520,0.31529091718830593
3521,0.0861470903817606
3522,-0.6982750138135545
3523,-0.3903411791431306
3524,0.04437079317562579
3525,-0.6637122009210216
3526,-0.8961562374904309
3527,-0.5011911277809785
3528,-0.1937268605829166
3529,-0.6660730700884325
3530,0.1890227161387933
3531,-0.18987986446030267
3532,-0.6669290455683183
3533,-0.041694957684963355
3534,-0.5371426512175973
3535,-0.41822972263211505
3536,0.18183975677573302
3537,-0.13533038728925625
3538,-0.7539062130094364
3539,0.39792883660124734
3540,-0.28198553851440666
3541,0.5401387015945049
3542,-0.13435009269899184
3543,0.6177093608856263
3544,-0.05911980248760592
3545,0.23001704774854825
3546,0.8932265892900522
3547,0.04693592932272384
3548,-0.39175668068252867
3549,-0.42133514091756946
3550,0.694674130190746
3551,-0.1471583885303829
3552,0.22228305340538626
3553,-0.32078759116229144
3554,-0.2902991856698623
3555,-0.3152269169710373
3556,-0.5190716682745865
3557,0.6692235588228364
3558,-0.37318514891767424
3559,-0.15307265678018653
3560,0.43426714918616444
3561,0.4919419561444519
3562,0.22267862329296126
3563,-0.03392561568662636
3564,0.0921085035381457
3565,-0.07219666673860266
3566,-0.13735371250935935
3567,0.955850422041179
3568,-0.03968236279785165
3569,-0.05471075897619483
3570,0.1090599676409283
3571,-0.18283413689951497
3572,0.9121032828814778
3573,0.3402737200230431
3574,-0.3326917638998524
3575,0.5371133807076393
3576,0.522603956468199
3577,0.5904216265305571
3578,-0.5873364837615127
3579,-0.28213364630372556
3580,-0.3990878829008346
3581,-0.40421861207971693
3582,0.13615406705337987
3583,0.4050671014891312
3584,0.0915491492194723
3585,0.017790651808693235
3586,0.32301259615461964
3587,-0.22040671899207115
3588,0.38221609378402727
3589,0.19037113100096373
3590,0.4891364981265861
3591,-0.37519732555169283
3592,-0.5079205489635353
3593,-0.13991790019318096
3594,-0.9320673168727661
3595,-0.7793251291271035
3596,0.31999100721339785
3597,-0.11544796971721212
3598,0.9123454434081322
3599,-0.8026762299966615
3600,-0.10848803032824948
3601,0.21190485723649866
3602,0.7301011184006413
3603,0.9112715468827903
3604,-0.6175971517562483
3605,0.5167881260556452
3606,0.40184815120085754
3607,0.11754330124414912
3608,0.5549049807183677
3609,0.020774594022030357
3610,-0.24065811995822514
3611,-0.6647346232344878
3612,0.4641707951962624
3613,-0.0460401697670548
3614,0.301606814574078
3615,-0.07911331966532241
3616,-0.25434373990068515
3617,0.4012713024275771
3618,-0.5894091813374505
3619,-0.9375433106665139
3620,0.3296525307849808
3621,-0.5389430495793783
3622,-0.04433051581630781
3623,0.2015071307323092
3624,0.2740131799554458
3625,-0.5313679199787932
3626,0.3616677974592926
3627,-0.20648753347152507
3628,0.11033807617622743
3629,0.6920731418742733
3630,0.740665078858949
3631,-0.47473554909167054
3632,-0.7933424374994318
3633,0.07567604339472363
3634,0.5213995175484128
3635,0.1805401695372732
3636,-0.1686468388001587
3637,-0.062447833533581125
3638,0.19451104184898077
3639,0.3191214700220414
3640,-0.2956705045926819
3641,-0.10034830123982723
3642,-0.1994908957259963
3643,0.10892806327808123
3644,-0.9222814637057306
3645,-0.6785482535816822
3646,-0.6722249539802987
3647,-0.036883626746022594
3648,-0.8666128415772829
3649,-0.7537189977543554
3650,0.33530519296814504
3651,0.08501560527208156
3652,0.05917922235769204
3653,-0.6296514835515468
3654,0.06797788386679794
3655,0.4048622545293781
3656,-0.731936654866943
3657,-0.2399076478050946
3658,-0.6029540188327326
3659,0.21160796989607913
3660,-0.2231712560217236
3661,-0.025295792550026272
3662,0.3437642199830694
3663,0.7783238168275063
3664,0.04531566030259621
3665,-0.13881654196268084
3666,0.1425383511938982
3667,-0.5083554403692896
3668,0.12579502543979224
3669,0.5719780600645429
3670,0.4758507219161487
3671,-0.6439083498205971
3672,-0.174099035619474
3673,-0.6737540775727927
3674,0.12447952670423673
3675,-0.281922735180335
3676,0.23439832100478386
3677,-0.22625234879850478
3678,-0.8404079990051456
3679,-0.0393631624285511
3680,0.17683428377652952
3681,0.6591356417319688
3682,-0.6354532078388486
3683,-0.7398207244189304
3684,0.2621608520420182
3685,0.3398219476591694
3686,-0.513838911583123
3687,-0.04963853916902518
3688,-0.3990911668733993
3689,-0.40998888907127196
3690,-0.38692449419120756
3691,-0.33164907946956784
3692,0.5509959634165702
3693,0.29257472658973255
3694,0.09186547409978855
3695,-0.7207909405754229
3696,-0.8730930261276455
3697,-0.2436213172388351
3698,0.39412474824059196
3699,-0.5008957018822696
3700,0.13504967439083201
3701,0.11152108281866512
3702,-0.8096108540075995
3703,-0.05720607619116516
3704,0.25797959392844677
3705,-0.6951299479564658
3706,-0.5783363738084145
3707,0.6426337103600188
3708,-0.6015206580429181
3709,-0.8341403838941721
3710,-0.09613136876127205
3711,-0.23869683899740224
3712,0.21876577005375225
3713,0.023699284601388933
3714,0.8011204455984576
3715,-0.3046833363660758
3716,-0.4054873202663884
3717,0.3064172054081256
3718,0.6027070595654214
3719,-0.6609709223737105
3720,-0.504285583887331
3721,-0.03150587696507049
3722,0.34523168940810045
3723,-0.45043934463724966
3724,-0.319029976110937
3725,0.026410131009964272
3726,0.5796490981913831
3727,0.07564227366053296
3728,-0.24475590247924184
3729,0.6579456998652143
3730,-0.3895826971223716
3731,-0.2133460937416286
3732,-0.6664714770954004
3733,-0.2563544223536096
3734,0.12954254438201002
3735,-0.6388566411565115
3736,0.40600817011347373
3737,0.3488426307609069
3738,0.6063322673370878
3739,-0.07720819539070951
3740,0.8076554969281976
3741,-0.11140997302089965
3742,-0.0156958974389241
3743,0.20314104735664734
3744,0.5647036580728164
3745,-0.5180133740526702
3746,-0.5980622960292539
3747,-0.5709195324933966
3748,0.16301871010718516
3749,-0.03429556608677017
3750,0.2206828394517111
3751,-0.21801556213112866
3752,-0.2535471161565538
3753,0.2447759976614135
3754,0.5477920263817416
3755,0.47541781632102803
3756,-0.3373414006333662
3757,0.5059679307288091
3758,0.016947559795276654
3759,-0.7650629578116104
3760,0.28662541028724964
3761,-0.6140575648786979
3762,-0.8054832461387228
3763,-0.5385250614273568
3764,0.5361333310859323
3765,0.2899757418263539
3766,-0.4067508290155953
3767,-0.6719623694986036
3768,-0.03898765144759082
3769,-0.8300669289228644
3770,0.23293200838486156
3771,-0.865499380143541
3772,0.061600477784702096
3773,0.8869746221710738
3774,-0.018453748572777363
3775,-0.7699974320725946
3776,0.485770935122893
3777,0.7783418346078491
3778,-0.8476316054676221
3779,0.6461947308593667
3780,-0.875632631405704
3781,0.09374337478277414
3782,-0.5161595940809921
3783,-0.6130469669143008
3784,0.48901493321791006
3785,0.11908766332179471
3786,-0.2017134960891139
3787,0.5057818025288908
3788,-0.2485927464360501
3789,0.05015381166854294
3790,-0.4769727714686193
3791,-0.13070435989176712
3792,-0.5756717809650984
3793,0.18419633488938106
3794,-0.5964677219630155
3795,0.6175671500173917
3796,0.6674928246363652
3797,0.9076769521314111
3798,-0.20788922668499774
3799,0.6994030206389422
3800,0.2589523547367316
3801,-0.5072058576489721
3802,0.5692658362781344
3803,-0.587635587290971
3804,-0.6045240489368833
3805,-0.6790173349423192
3806,-0.3017602153725556
3807,-0.8618691400952119
3808,0.16444410435427384
3809,-0.500078108579523
3810,0.47784944185818595
3811,0.14722721588208437
3812,0.47772808217624424
3813,0.2863594651257356
3814,0.05734566484906467
3815,-0.2224011783148856
3816,0.5099194888279729
3817,0.5852786143415643
3818,0.11394809540386465
3819,0.6623937281771859
3820,0.6090501772427506
3821,-0.2405712137897316
3822,-0.33809457247102637
3823,0.5658014582143039
3824,-0.8935359238921138
3825,-0.06549101627062597
3826,-0.7327316357770766
3827,0.8095822759271858
3828,-0.186921011853393
3829,0.45248276188074854
3830,0.75976259044389
3831,0.22391791210407688
3832,-0.699402439833431
3833,-0.2500443111257094
3834,-0.31758170823602305
3835,-0.24418340526849572
3836,-0.4829078270508505
3837,0.40109033409308914
3838,0.17129330132186735
3839,-0.8714395473133651
3840,0.488790527889534
3841,-0.5340501257918466
3842,-0.3169887379814058
3843,-0.4047719658673372
3844,0.7970492176658771
3845,-0.7519212720963185
3846,0.13368320642891093
3847,-0.05251161323562069
3848,-0.0702921234777365
3849,-0.08952401563842709
3850,-0.5064631997853896
3851,-0.39829095829777733
3852,0.6624507346943775
3853,0.5874150283574073
3854,-0.2030090993817825
3855,0.5526849416507827
3856,0.19082715950917345
3857,0.39359330926720676
3858,0.4187240163513782
3859,0.4851933646957636
3860,0.658031628785336
3861,-0.7916562957988127
3862,0.3472493884236376
3863,0.8650490777482643
3864,-0.2125117746674747
3865,0.036018768019586846
3866,0.1989245088272245
3867,-0.40507639324952727
3868,0.6477617056870508
3869,-0.6144829264408002
3870,-0.6560093397066419
3871,-0.6564560259708063
3872,0.16835137569893596
3873,0.027656839384092236
3874,0.18585475104260604
3875,0.009922938996315129
3876,-0.2191661790995918
3877,-0.4098610651657778
3878,-0.36136364657135356
3879,-0.5840609444696702
3880,0.41650606645858357
3881,0.5114705019983768
3882,0.22631013484461973
3883,0.27642664260237243
3884,0.3865652343098593
3885,-0.8454942292114856
3886,0.5819604165457155
3887,-0.5418590419856972
3888,-0.11889325249165093
3889,0.07290850801940571
3890,0.8444561338035267
3891,0.5010175613008507
3892,0.41634514876241585
3893,-0.3884514296178468
3894,0.5232874394244598
3895,0.2787468186513142
3896,0.05059515081672338
3897,0.5900354686565557
3898,0.8202301648623801
3899,0.6482239805216063
3900,-0.44855355542543734
3901,-0.27181159175273073
3902,0.9829342757144643
3903,-0.8075950188734557
3904,-0.13416188889628752
3905,0.4248184078464732
3906,0.23123766244418406
3907,-0.2684801018189798
3908,0.6613011517224745
3909,-0.8344020598904441
3910,-0.8410460606811447
3911,0.8502399578498893
3912,-0.23095485505352545
3913,-0.22589636769077912
3914,-0.6584176985423691
3915,-0.6019960575601445
3916,-0.920591078687787
3917,-0.3611283169606927
3918,0.00022011020383888648
3919,0.05969440732985994
3920,0.3143857050492606
3921,-0.03225066854953544
3922,0.6281009517810348
3923,-0.13974055097772642
3924,-0.6465544369951699
3925,-0.2496967549210651
3926,0.7168119179829768
3927,-0.4458522251656573
3928,-0.1806164737587775
3929,0.7117506807840543
3930,0.5376262650109985
3931,-0.34471220548155973
3932,0.5679123361395243
3933,-0.14230996283942018
3934,-0.6901576016829605
3935,-0.41303743471657367
3936,-0.4118559573015439
3937,0.7875326301891139
3938,0.0842609543505789
3939,0.45017015727552717
3940,0.34599084850973144
3941,0.7770998757040453
3942,0.8615551997427864
3943,0.5730641617134923
3944,0.5247249262478951
3945,0.31654706469228816
3946,0.16465076222606626
3947,0.06004191272438956
3948,0.2931461537734437
3949,0.32440941804149065
3950,0.845152241039717
3951,0.7674192047076176
3952,0.34921703105221424
3953,0.008223781340944036
3954,0.4164201228179605
3955,0.0347220381175332
3956,0.658567719505544
3957,0.23734175791026663
3958,-0.682069032823115
3959,-0.7578087430571654
3960,-0.5359222477380441
3961,-0.1715190878574078
3962,-0.7716492815372799
3963,-0.6200266935302312
3964,0.6005898864701811
3965,-0.04045620389371193
3966,0.1656029837775813
3967,-0.06261432307930719
3968,-0.10622117775635528
3969,-0.2732501267143891
3970,0.11920134415140124
3971,-0.043003531452976106
3972,0.2810991575944457
3973,0.4662981088271947
3974,0.25359518559335786
3975,-0.5090843178935324
3976,-0.35752510399910403
3977,-0.5166753071297762
3978,0.06343752885291432
3979,0.6768400145240071
3980,-0.7547542848092216
3981,-0.7682446967755472
3982,-0.9215282219549421
3983,-0.5370446281698997
3984,0.2968956549163797
3985,0.6580438632284789
3986,-0.24731018494083448
3987,0.7985130232330682
3988,-0.1742820492312726
3989,-0.3880977089966072
3990,0.19514651881605924
3991,0.7204399559469215
3992,-0.19628265017354893
3993,-0.1653339765446235
3994,0.261794557748418
3995,0.494829582581385
3996,0.42495862717383054
3997,-0.7760771072686459
3998,0.45077809618116493
3999,0.6517417364448196
4000,-0.7659555549284546
4001,-0.48132729237783156
4002,0.6446668245605143
4003,-0.9178848897164571
4004,-0.18117390166533281
4005,-0.04654081497904147
4006,-0.6687586813844126
4007,0.5166442047424239
4008,0.08061406248191293
4009,0.834233786567601
4010,-0.3202351129329825
4011,0.5583503427176656
4012,-0.3807639458484205
4013,-0.4372251427471048
4014,0.2361778592385565
4015,0.4909403154423949
4016,0.17078505531748092
4017,0.4518834753169041
4018,0.7562593894587926
4019,-0.4107434310787128
4020,0.4247869364716992
4021,0.5837691544908438
4022,0.292312545778315
4023,-0.16757019636888124
4024,-0.45493183612539645
4025,-0.5764484902453497
4026,-0.6335208608218418
4027,0.6577602222464648
4028,0.30925819781146036
4029,-0.4422070768446226
4030,0.16869652678982727
4031,0.6312038521470822
4032,-0.18919260158571985
4033,-0.03763345453074347
4034,0.868096246042959
4035,-0.44588592666030374
4036,0.7280422915810558
4037,-0.051086764601455115
4038,-0.161265633980989
4039,0.5093033612887944
4040,-0.1262569253363002
4041,0.7459580862719639
4042,0.30719093502667344
4043,0.21574172837465866
4044,0.1552879775312402
4045,-0.812707931171914
4046,0.7550490048197531
4047,-0.8013106757766814
4048,0.5591402611992541
4049,0.08071939511797069
4050,0.9286414490194129
4051,-0.5684982539888446
4052,0.3980787078415804
4053,0.21034917191914718
4054,0.11073434059430773
4055,-0.13709971797855755
4056,-0.42720877255579265
4057,0.48671415353223324
4058,-0.2281171528253547
4059,0.5794590768448838
4060,-0.2663527365444104
4061,-0.031458405590053175
4062,-0.20359656598066955
4063,-0.616016760811585
4064,-0.24993635084444496
4065,-0.07995251522941622
4066,0.29286119795845067
4067,-0.1383046738881934
4068,-0.7816981350478163
4069,-0.816683055103391
4070,-0.09429922977078822
4071,-0.24243635927006374
4072,-0.8544959939563704
4073,0.7544240139108301
4074,0.40877479040533177
4075,0.12671281226186587
4076,-0.34855301909334174
4077,-0.2348459175189361
4078,0.299972874895121
4079,0.06204504053401009
4080,-0.3155450492337929
4081,0.6142398631132536
4082,0.34858996206159704
4083,0.45505956799135217
4084,0.1834261485196549
4085,-0.17060956268119423
4086,-0.24785239566894832
4087,0.6261970787753095
4088,0.23004995193307606
4089,0.571082028700009
4090,-0.009441563010234707
4091,0.5865548807338689
4092,0.5094368260348672
4093,0.5339757143177973
4094,-0.7049148238246306
4095,-0.5822620608954294
4096,-0.9050674118438683
4097,0.2081830930203528
4098,0.3759297016142619
4099,-0.19097423926245893
4100,-0.1676561367110302
4101,0.38906503035056444
4102,0.08995778557640673
4103,0.8753076672278085
4104,-0.23143848318929933
4105,0.6130321019475159
4106,0.19718501947282177
4107,0.8573120739277029
4108,0.37269522855164744
4109,-0.0837190402729267
4110,0.24611721307626624
4111,-0.5470834892731411
4112,-0.6291832691317968
4113,-0.5174411537789307
4114,-0.6877411553655298
4115,0.03676038439027024
4116,-0.1306215338276221
4117,0.4108181308983147
4118,-0.8174093951833556
4119,0.3668821710691955
4120,0.6325560263105456
4121,-0.24874042064990082
4122,-0.7068176335557211
4123,-0.28553697957727797
4124,-0.34445124517138015
4125,-0.39812691969418196
4126,-0.056666656375452186
4127,0.39990422994444985
4128,0.34389984034219595
4129,0.3575703838990141
4130,0.2882894517454008
4131,0.5348406036876776
4132,0.4235814397814598
4133,0.6128030591540358
4134,-0.01468846862455408
4135,-0.2457090242618281
4136,0.1672718323259649
4137,0.012084522809517773
4138,0.18169702342303398
4139,0.8818309672059401
4140,-0.2607790263651974
4141,0.020105482085034293
4142,0.1302516542468051
4143,-0.6316606835136191
4144,0.09414134229420032
4145,-0.6560202880235393
4146,0.11508843080605699
4147,0.18674894103771297
4148,-0.8871138057605621
4149,0.4728859840389511
4150,0.20151577753164984
4151,0.8888565488508293
4152,0.7247924762662947
4153,0.25164859425013636
4154,-0.15752334482846728
4155,0.03772685088189394
4156,0.7060137712163049
4157,-0.11701599608478763
4158,-0.4859635666163972
4159,-0.10159049532471125
4160,0.6497069468536809
4161,-0.6215621445452931
4162,-0.6167989825412025
4163,0.6220178347857048
4164,-0.6256287038663898
4165,0.6517949448686586
4166,0.6723128146347628
4167,0.10529478298191762
4168,0.29580088063894705
4169,-0.8116161812153314
4170,-0.29055282717503006
4171,-0.035517418338718174
4172,0.2311345990258711
4173,-0.7463830281848491
4174,-0.7901972840422324
4175,0.6931308232395015
4176,0.1235636082249162
4177,-0.768611529870413
4178,0.6477662218453587
4179,-0.2736529433118259
4180,0.9725597303295421
4181,-0.26307513811319305
4182,0.8450677737718583
4183,-0.38092818331516437
4184,-0.9389715464801718
4185,0.08796407659704497
4186,-0.09912732084003308
4187,-0.45470214190578
4188,-0.35271942819501717
4189,-0.7404733567864641
4190,0.3917838672548406
4191,0.5375073139396134
4192,-0.1362738901257015
4193,-0.5038554888457334
4194,-0.7027866110344992
4195,0.4897103920168611
4196,0.15347015702161182
4197,-0.786908735342455
4198,-0.33436520906564543
4199,-0.1479182662061463
4200,-0.41783327360934774
4201,-0.3033430909974976
4202,0.67025540946043
4203,0.3531603093074835
4204,0.6928194250430133
4205,-0.17445486573457453
4206,0.9696167043911477
4207,-0.8214408437360184
4208,0.48999196042569043
4209,-0.7968241080791144
4210,0.14017134971822626
4211,-0.06138222293872519
4212,0.27796326165327584
4213,-0.8192772747276295
4214,0.5716324323165297
4215,0.5463009313003058
4216,-0.4853971972707233
4217,0.05162412803557039
4218,-0.15941694092181177
4219,0.06133812328919317
4220,-0.011489061314910108
4221,-0.5332265193796516
4222,0.35012298070758985
4223,-0.895822466911911
4224,0.5993111286142815
4225,0.850699413819194
4226,-0.8413291253821082
4227,0.5031081433244313
4228,0.8442987697889751
4229,0.5639823325836719
4230,-0.3660495997613766
4231,-0.40240052467429843
4232,-0.4536027924280056
4233,-0.8896633352096139
4234,-0.6853285352169202
4235,0.42050845829172595
4236,-0.04322616271716597
4237,-0.41177161091953496
4238,0.2075591246456001
4239,-0.6421230074465278
4240,0.13525378737023616
4241,0.383103042606051
4242,0.4666849102809611
4243,0.017704719601254554
4244,-0.2797819875802546
4245,0.9052825557252119
4246,-0.8863202206457116
4247,-0.24347843811445055
4248,-0.07560122478398677
4249,0.8894804805461866
4250,-0.6543395836600878
4251,0.8310358196905373
4252,-0.8045817523475771
4253,0.021093805010248805
4254,0.15758381184550688
4255,-0.03104030036321078
4256,0.03475158479621364
4257,0.6895085684807648
4258,-0.861091219283813
4259,0.6156340483823782
4260,0.8358675367673811
4261,0.26916670932968095
4262,-0.5837446331872715
4263,0.4649482556291095
4264,0.3371587102988592
4265,-0.010287424582474058
4266,0.6305707903683035
4267,0.27020975369836775
4268,0.49775823283388065
4269,-0.08409967751654292
4270,-0.14872115119849416
4271,0.436714233228037
4272,-0.2154356531818395
4273,-0.2828556985704705
4274,-0.5875256946346296
4275,0.2707766199188598
4276,-0.5803406702025811
4277,0.29057295286243146
4278,0.08919784589171821
4279,-0.2631971563945025
4280,0.3686016820039846
4281,-0.09192956763976667
4282,0.4593771387855576
4283,0.5980146546553631
4284,0.12366032056936549
4285,-0.09862585818269266
4286,-0.6028581369790549
4287,0.4671636332490502
4288,-0.2874280456607533
4289,-0.04345505354792586
4290,-0.09982571981073815
4291,0.2612342727866266
4292,-0.8597612317441038
4293,0.75139172115509
4294,-0.7080330240817415
4295,-0.19438320832658024
4296,0.7110988288058563
4297,-0.474058475030513
4298,-0.7105928041428744
4299,-0.2732840991841998
4300,0.514989149652183
4301,0.004673338236533439
4302,0.26007995017647156
4303,-0.24124614110113754
4304,0.16037575765122217
4305,0.024784667079999212
4306,-0.8091125740402725
4307,-0.2083153721844046
4308,0.5168905306895545
4309,-0.13004088157665478
4310,-0.3736872806112863
4311,-0.39332004617243277
4312,-0.549613255031432
4313,0.8586455112043697
4314,-0.6502725591842504
4315,-0.243893089758438
4316,0.8315463008566436
4317,-0.6922923135085752
4318,0.26097213066958735
4319,0.14076733177654743
4320,0.20123909162860373
4321,-0.838897437077909
4322,0.20514252144954664
4323,0.01526267712864102
4324,0.00781545134087897
4325,-0.45582024843999963
4326,0.15240996526772194
4327,-0.45728849440189906
4328,-0.8970560787504833
4329,0.5303791340362028
4330,0.3722630602200572
4331,-0.7888525420970747
4332,0.6078076887758344
4333,-0.8722904072633303
4334,-0.40083433828243525
4335,-0.08223935708287303
4336,0.17599071888187764
4337,-0.09852998126586517
4338,-0.13258675877806617
4339,-0.7516861847245123
4340,-0.07302361055322283
4341,0.4581310373180272
4342,-0.687326721364283
4343,-0.3660708052987631
4344,-0.45030756835332103
4345,0.7640007425649934
4346,0.37373498500566554
4347,0.04776786417882666
4348,0.45301536082689287
4349,-0.25278874884994834
4350,-0.6311825219014171
4351,-0.781582323025903
4352,0.17150008125558963
4353,0.11604954662988305
4354,0.3942947527362563
4355,-0.8560460096781949
4356,0.4611508116071383
4357,0.620287722997981
4358,-0.2043154274392708
4359,0.8107641167794543
4360,-0.0006159462409784603
4361,0.012253876182365724
4362,-0.2625683937352236
4363,0.4080168296608455
4364,0.30171064200452735
4365,-0.35608147690171227
4366,-0.2435874849119359
4367,-0.3968424785243963
4368,0.3134912677979356
4369,0.49815374646746546
4370,-0.00581942983824984
4371,0.6883499711139178
4372,0.12174819270777582
4373,-0.9063133948927596
4374,0.4720434270370255
4375,-0.6543880205182356
4376,0.3840258488940266
4377,-0.35735259477912956
4378,0.8338086513622023
4379,-0.4157126072247127
4380,-0.022181502590203222
4381,-0.00789608673370077
4382,0.6987984657620827
4383,-0.2680582321635064
4384,-0.6835910736780151
4385,-0.23457980868789674
4386,-0.02773908879006353
4387,-0.30469089627253504
4388,0.629526922645571
4389,-0.5539286084025693
4390,0.19589953535445467
4391,-0.4828500801416914
4392,0.3701476205779545
4393,-0.6427319679069053
4394,0.5687344502669955
4395,-0.7728190059587153
4396,0.06620765151878474
4397,-0.7678494559685936
4398,-0.8053158775436271
4399,-0.3732243260512978
4400,-0.47270871312799245
4401,0.556362576143567
4402,0.2743726914891527
4403,-0.6064052646412539
4404,0.8520468937988563
4405,-0.04663550020516686
4406,-0.7754868966480674
4407,0.9167652629815541
4408,-0.09020991903893089
4409,0.6487539156273328
4410,-0.4482116332850184
4411,0.2579273044349096
4412,-0.7593293033492258
4413,0.5290005960200379
4414,-0.4703820636754934
4415,-0.10753798722317885
4416,0.37230773854566823
4417,-0.7751618161948676
4418,0.7620597233004831
4419,-0.19259364640904159
4420,0.0968029314962522
4421,-0.21430270606071816
4422,0.5193689563626726
4423,-0.186802466843808
4424,-0.8292391656246589
4425,-0.839216008284953
4426,0.04859593845947941
4427,-0.19677219609971583
4428,0.2445578098842922
4429,0.20636910920766513
4430,0.02558389289131835
4431,0.9136128288345207
4432,-0.6555553293971021
4433,0.667486421175026
4434,-0.08997144479069516
4435,0.34216464644489536
4436,0.5862842880355992
4437,0.08285444467278248
4438,0.5098674978170513
4439,0.6195796978784396
4440,0.30102262771145255
4441,-0.3996067232240332
4442,0.5051333833182601
4443,0.20863449089489672
4444,-0.6726094181707014
4445,0.6078981720646651
4446,0.30475128097895837
4447,-0.5995469865800593
4448,0.5423740124540821
4449,0.10322872897053882
4450,-0.08892995438006653
4451,0.5844943646472706
4452,-0.26145066230316694
4453,-0.24913180438945798
4454,0.18313058072566193
4455,0.7216675490391335
4456,-0.09823298584512187
4457,-0.2869454963722141
4458,0.6272903941003929
4459,0.39195383722166516
4460,0.4725527870723181
4461,-0.6407316615727807
4462,0.5501034758845116
4463,-0.1159558843130831
4464,0.8499332887379959
4465,0.23029328173770588
4466,-0.3730456049360847
4467,-0.06515195476684488
4468,0.05085956633308936
4469,-0.33950824682398284
4470,-0.6073420255459853
4471,-0.16247469325855968
4472,0.17641045703705807
4473,0.2521520133175075
4474,0.3976741333234658
4475,-0.5031038353593204
4476,0.131804595378138
4477,-0.6438945004327974
4478,-0.2435384064644549
4479,-0.859820686801466
4480,0.3429539498432633
4481,-0.1896132268977089
4482,-0.0781450562034505
4483,0.10583940006590467
4484,0.15030499561736674
4485,0.37984033749216256
4486,0.46640293908259317
4487,0.7696364709691494
4488,0.11006596061905359
4489,-0.865053202728265
4490,0.5820880175200719
4491,-0.2698464060478845
4492,-0.03762305767075763
4493,-0.20899377253910675
4494,0.4264340295414307
4495,-0.5290543216504302
4496,0.09451371590411012
4497,-0.8292766506912347
4498,-0.7013155417635286
4499,-0.6233390157041396
4500,-0.10373465154750884
4501,-0.5612541859710442
4502,0.26808343008552515
4503,0.4540105444359689
4504,-0.6681042668353016
4505,0.8482356923239252
4506,0.09845460120558702
4507,0.7539522470146499
4508,-0.6342063120129081
4509,0.6353393660015892
4510,0.8542492318483138
4511,0.9690334993009816
4512,-0.5534298522443244
4513,0.6292923095973548
4514,0.4121292463721596
4515,0.517009374115283
4516,-0.7778549197086072
4517,-0.7628490018494407
4518,0.05721312944548606
4519,0.4565328509455292
4520,0.002529157210007502
4521,-0.6775690156235387
4522,0.695838859668798
4523,0.5424882230477791
4524,0.4603665014716894
4525,0.3342586448086171
4526,0.08263287156396285
4527,0.06541586148169744
4528,0.30633628389516326
4529,-0.5028889172695283
4530,-0.19968776010708988
4531,0.9964834710637049
4532,-0.19595621743611258
4533,-0.5420505509491337
4534,-0.06548644497118204
4535,-0.1405216983037926
4536,0.4589668166923626
4537,-0.09046933662222108
4538,0.252095337843733
4539,0.6639941546142019
4540,-0.7659464897480918
4541,0.6082997971563957
4542,-0.10944927640475226
4543,0.44462778899965616
4544,0.33250457883333473
4545,-0.18806335865498694
4546,0.4363601278812863
4547,0.5903196775569625
4548,-0.3250802081289383
4549,0.6131157292997492
4550,-0.5494500543557551
4551,0.5817827948839082
4552,0.4577399447396359
4553,0.08036798375634734
4554,0.3314762260798044
4555,0.21039210127903613
4556,0.7212001576353116
4557,-0.35812002609327936
4558,0.795986829086473
4559,-0.5909067270749155
4560,-0.8036030974043761
4561,0.27858834891094136
4562,-0.245229181526129
4563,-0.05486711252249321
4564,0.8232382525339148
4565,-0.26965157384343214
4566,-0.6809139521913549
4567,0.6166878142650742
4568,-0.8045685242558895
4569,-0.3303127847590042
4570,0.7654325531634193
4571,-0.7398656172641943
4572,-0.47222733992835153
4573,0.7781683475979415
4574,-0.5636095753046538
4575,0.6294454469156711
4576,0.08470053971186879
4577,0.6048544952226342
4578,0.5966511153702488
4579,0.06767857437223958
4580,-0.02176405672545695
4581,-0.32754191757477874
4582,0.35611552037924304
4583,0.12321937679510407
4584,-0.1086374643958497
4585,-0.365798158915604
4586,-0.4769457944288736
4587,-0.9222221140888381
4588,0.14893274435369155
4589,0.07910903251054038
4590,-0.8345636744030385
4591,-0.5600317208604229
4592,-0.39641996037540816
4593,0.023239122847788198
4594,-0.2245044047526267
4595,0.06329422990698078
4596,-0.2753323853196556
4597,-0.48737048550367884
4598,0.16413552553650845
4599,-0.5643111005849956
4600,0.5728142612116873
4601,-0.6409717354089671
4602,0.07732520035818999
4603,0.9253389753491409
4604,0.7945082379771837
4605,0.40650575681404694
4606,-0.11422497524704363
4607,-0.6958066307992437
4608,-0.2009916276459063
4609,0.13600414742214298
4610,-0.023933869940670403
4611,0.437820569723781
4612,-0.530203229768109
4613,0.9677929196029519
4614,0.30772267180784724
4615,-0.49522643085684764
4616,0.3752085264926069
4617,0.03179750873866801
4618,-0.10005153027167625
4619,0.3597255884053449
4620,0.11353218679950701
4621,-0.1552799901205653
4622,0.744666343882723
4623,-0.5297233743959159
4624,0.48616443261248343
4625,0.8007410635202872
4626,-0.5391342883464785
4627,-0.02314713676887253
4628,0.6457122854302666
4629,-0.47230567548983277
4630,-0.055230847717407314
4631,0.7256562528584919
4632,-0.4056708611080228
4633,-0.5472419349994472
4634,0.13999921686965944
4635,0.10377087437635435
4636,-0.21861285515444515
4637,0.3715841122259181
4638,0.7386531571263562
4639,0.4985771450055528
4640,-0.10848969524909441
4641,-0.9139334872003101
4642,-0.2587981371022816
4643,0.49818597898682243
4644,-0.37479501261395315
4645,0.12902285105546488
4646,0.23996765279014945
4647,0.1722357146002528
4648,0.9505741233265737
4649,-0.3130014736840097
4650,0.592987129663194
4651,0.01518850749143152
4652,0.24501289159584563
4653,-0.6648395329293068
4654,0.7273280607220929
4655,-0.218324570093082
4656,0.7472990123910648
4657,0.47184356571050173
4658,0.4100275742044679
4659,0.7335692561136864
4660,0.37465211420414435
4661,0.4158930217320782
4662,-0.07173682044933222
4663,-0.9074285597430222
4664,0.6254540706947782
4665,0.19067495343952212
4666,-0.5384128069182561
4667,0.41625922988593445
4668,-0.8078619125177807
4669,-0.38938500499677825
4670,-0.2915975536276795
4671,0.30302605776973723
4672,0.11762136308699206
4673,0.5700052158041224
4674,-0.4937858944352976
4675,0.05892237613105351
4676,-0.2653009702612433
4677,-0.3329697797974854
4678,0.5506053881310953
4679,-0.2666624275625971
4680,0.9273488183993959
4681,-0.1323908853886255
4682,0.32103034247835444
4683,0.08136702668722973
4684,-0.5277400695214268
4685,-0.6149941430862228
4686,-0.748303659807284
4687,-0.33287987957169884
4688,0.13598657830935656
4689,0.8428458249636854
4690,-0.7489648338637684
4691,-0.11120628212111315
4692,0.7595979182367272
4693,-0.5744923665588846
4694,0.2591021269319733
4695,-0.04698275377590618
4696,-0.11683218103194454
4697,0.01804417498822476
4698,-0.3462590860417227
4699,-0.024259044052525658
4700,0.07669357192958325
4701,0.5154211312476266
4702,0.3546566832680645
4703,0.07235054333336666
4704,-0.07426651699375769
4705,-0.6881527087668707
4706,0.34757567718611954
4707,-0.6982880317405811
4708,0.15192543651081972
4709,0.0749219721296303
4710,-0.07022813342164289
4711,0.8152121770001328
4712,0.8007740242847939
4713,0.6525494328639507
4714,-0.9015859302078324
4715,0.0796858523044035
4716,0.45062187655537966
4717,-0.12785299634226555
4718,-0.690336011672663
4719,0.04547942867650762
4720,0.20025363029966406
4721,0.1170969164674702
4722,0.7331520329688375
4723,-0.5625501097279412
4724,0.07285775917904651
4725,-0.5297276080618641
4726,-0.11923484944473946
4727,0.9684887056001009
4728,-0.11485278819773065
4729,-0.3717408437037752
4730,0.265741161057965
4731,-0.5463374667217725
4732,0.7650803750594283
4733,-0.7317301773132657
4734,0.29394385296282155
4735,-0.08822836077808115
4736,0.013813948287219163
4737,0.8890368930043542
4738,-0.43882681576306115
4739,0.6569510143441607
4740,0.11249342722121132
4741,-0.6082017411217722
4742,-0.7711365630311493
4743,0.1951873283770921
4744,-0.740257371895802
4745,-0.566211971588361
4746,0.47105658684980856
4747,0.21658419077426513
4748,-0.055185486626828206
4749,-0.09488844951833754
4750,-0.8065034540104636
4751,-0.5060273917503803
4752,0.5629417592449512
4753,0.12371322700253518
4754,-0.07676227119225067
4755,-0.7154286593760449
4756,-0.11481056524584533
4757,-0.9621782410785488
4758,0.32752186394488975
4759,0.37820852859577536
4760,0.4455793404617154
4761,-0.21735119007245646
4762,-0.04547901519820897
4763,0.2792301414471588
4764,0.8088673695423837
4765,-0.6305702506766963
4766,-0.49658290453797266
4767,-0.7071909512742234
4768,-0.7334200361371813
4769,0.5780460698278284
4770,-0.8592101802118041
4771,0.5282124187987566
4772,0.22862947650599655
4773,0.29386780654844197
4774,0.5817249407864858
4775,-0.6400557363243965
4776,-0.43599977536148
4777,-0.4573421887569225
4778,-0.605062719318842
4779,0.2421009750581501
4780,0.41941835514669307
4781,0.6752011264341987
4782,0.7201920014195213
4783,0.3721382188050137
4784,0.6007503676053924
4785,0.5277553548898035
4786,0.2079373259143343
4787,0.28580698175849956
4788,0.108407376767389
4789,0.6352040068716003
4790,0.17032753479238516
4791,0.017863121274499568
4792,-0.6857998274175825
4793,-0.4141534114607508
4794,0.48443159692106047
4795,-0.8388943542283896
4796,0.6290732535898249
4797,0.7313375006312163
4798,-0.4891023092996223
4799,0.2787548673512703
4800,0.11973342272542421
4801,-0.21045797993482981
4802,0.5612822453262013
4803,-0.6924569282225074
4804,-0.045308328594572435
4805,0.8321749399311829
4806,-0.7182676227317842
4807,0.5652749464024327
4808,0.9930394674352077
4809,-0.02729309381642018
4810,-0.49388393074527703
4811,0.19925988466287842
4812,0.0010120438588201632
4813,-0.2893721722366746
4814,-0.8331801686404173
4815,0.6924996545690215
4816,0.03414580985696136
4817,-0.8187880096834206
4818,0.29349510060017214
4819,-0.27190621912584234
4820,0.3693086924381079
4821,-0.17837189355693775
4822,-0.6422459946356882
4823,0.2335015630758128
4824,0.5708768964133092
4825,-0.5867076194072405
4826,-0.6769626752954566
4827,-0.5617078914628642
4828,-0.6078678518779915
4829,0.2329390831899288
4830,0.6782793771618557
4831,0.6799114143094055
4832,-0.30706620742804597
4833,-0.9852764941628541
4834,0.3817454020869074
4835,-0.4460275502372378
4836,-0.0009688093082618631
4837,-0.7505705921130306
4838,0.06845562950260409
4839,0.5619506199475786
4840,-0.1727131856074215
4841,0.6515748921297603
4842,0.8732525390045379
4843,-0.5087657494931842
4844,0.37191993394830636
4845,0.273416059563029
4846,0.5323190753852464
4847,0.5200014275014131
4848,0.46493963485114514
4849,0.06892778263296735
4850,-0.8644084054279352
4851,-0.3141726616905183
4852,0.8176495384591637
4853,0.3077222876785701
4854,-0.5102439048060116
4855,0.09386846702016763
4856,-0.4738804696235692
4857,0.945352185982261
4858,0.5778671304789431
4859,0.121043340510955
4860,0.13926287289167627
4861,-0.28371092697107386
4862,0.22248399739671768
4863,-0.8111266710486401
4864,-0.20568651310622624
4865,-0.5079706827762279
4866,0.8279142190010295
4867,-0.919964734544331
4868,0.3440016926972619
4869,0.9193448981519989
4870,-0.12131067753594652
4871,0.19332805453567206
4872,0.3666645505842257
4873,0.8938054797257156
4874,-0.6374429011435755
4875,-0.7876908359655467
4876,-0.10921586614408188
4877,-0.10194548900138756
4878,0.07691464250305678
4879,0.1283257329314791
4880,0.027194496542107868
4881,-0.5847985144279743
4882,-0.17688749211690036
4883,-0.0686714140564681
4884,-0.7401062515180936
4885,-0.6807669317244566
4886,0.7015739737905079
4887,0.7536807619254099
4888,-0.24987981999084938
4889,-0.5700545018688392
4890,-0.36820104173028523
4891,0.029569253592951823
4892,-0.3392360712867552
4893,0.09713481379402703
4894,0.5253110728155721
4895,-0.49269391684908087
4896,-0.4381529604114835
4897,-0.440339193494633
4898,0.1144556720242003
4899,0.3952958380547737
4900,-0.019310413333991854
4901,0.46829362327675783
4902,-0.07216039433933244
4903,-0.22164007719256165
4904,-0.24093331189399897
4905,0.634611149763842
4906,0.10479172800136041
4907,0.2979805389091901
4908,0.2399434927603235
4909,0.5773819031950109
4910,-0.5623881250666205
4911,0.4450047767112428
4912,0.16614635208409653
4913,0.09006851968892254
4914,0.3569174095670127
4915,0.196354922048809
4916,-0.4006098853618222
4917,0.44278822048366484
4918,-0.046174059238069
4919,0.9416000112996997
4920,-0.2889879234173498
4921,-0.7184524827870853
4922,0.5932164121136234
4923,-0.20664127045735653
4924,-0.43001001938247235
4925,-0.6607003004422687
4926,-0.3750131112429085
4927,-0.327165935322532
4928,-0.45003157631479257
4929,-0.7456907319153582
4930,0.4301924246187165
4931,-0.03274421776713858
4932,0.8285650919876214
4933,0.7805206565215834
4934,0.047711409859180494
4935,-0.49923709841791813
4936,-0.11951728609164451
4937,-0.8570683171319793
4938,0.2248026864776406
4939,-0.21203291500715996
4940,0.7585790725617441
4941,-0.7940820190136542
4942,-0.4403845890018784
4943,0.08720309741429753
4944,-0.19360610282307653
4945,0.1574749011336754
4946,-0.6545556678748298
4947,0.7499181726694879
4948,-0.7189918788225491
4949,0.44878254655062
4950,-0.8621713898038506
4951,0.7239126509532581
4952,0.8630646348477226
4953,0.9282716181068223
4954,0.0548792923475674
4955,0.007854048153982924
4956,-0.4465711488868178
4957,-0.3532750689922666
4958,-0.26064148564142564
4959,-0.27714737380998344
4960,0.20610862395789642
4961,-0.8084674912848867
4962,0.2996339796772786
4963,0.6025412947815553
4964,0.635438098909133
4965,0.11451824368739762
4966,-0.21159480472309966
4967,-0.346864192542497
4968,-0.37357006665174786
4969,0.2054332928971873
4970,0.23262176363806142
4971,-0.5575221955463296
4972,0.34493908113972166
4973,0.4865293782618656
4974,0.7703253063363248
4975,-0.13444029274349076
4976,0.002412198172502557
4977,-0.4177856080693735
4978,-0.480441185887195
4979,0.154321306683353
4980,0.1665176004079995
4981,0.09368445999197095
4982,-0.7476757829035982
4983,0.7291187309317626
4984,0.15583358016079396
4985,0.5154546398544594
4986,-0.11234562286304842
4987,0.7825937554000402
4988,-0.31998660797962525
4989,0.1668128427796867
4990,0.052268626744159344
4991,0.4299414922266286
4992,-0.09858422353582084
4993,0.296337806104087
4994,0.1654516611654792
4995,0.1994520450438995
4996,-0.3399191192273807
4997,0.5404071947470802
4998,0.6222240879694397
4999,0.5135593594379056
5000,-0.38513386124879745
5001,-0.2274841958004843
5002,0.5155462018729002
5003,-0.1680243553581529
5004,0.5030666660069154
5005,-0.0004580879891200305
5006,0.6101605050709814
5007,-0.26069181666930147
5008,-0.6656008477079642
5009,0.9550550118993928
5010,-0.36252111287481287
5011,0.6557115987351816
5012,-0.8432169553178508
5013,0.612555202617627
5014,-0.4676332838655526
5015,-0.23726807157858884
5016,0.31152987602683413
5017,-0.4307405218504953
5018,0.6115547377531922
5019,-0.7303463870402471
5020,-0.09626203310187542
5021,0.5037614809320272
5022,0.2230330307629573
5023,-0.30967979802119705
5024,0.38241509314275646
5025,-0.7610273280144986
5026,0.6310768174353454
5027,-0.574394910460339
5028,0.8366752396311714
5029,0.2681737306616123
5030,0.574116026185795
5031,0.6719101722117803
5032,0.03781524971871402
5033,0.11258079947771744
5034,-0.3394602035053949
5035,0.20915822074922938
5036,0.35395120129234436
5037,-0.9679176684212331
5038,0.114724981462533
5039,0.8256882424786529
5040,0.5676221447145887
5041,-0.07661532398502847
5042,0.831304343543762
5043,-0.6774308248623001
5044,-0.3464308426679499
5045,0.9795773278054445
5046,0.08928045396690111
5047,0.7980426854567496
5048,-0.0063351020049641285
5049,-0.8745055669529116
5050,-0.08759021687170412
5051,-0.10313723367496028
5052,-0.15662345170624273
5053,-0.02095877851748824
5054,-0.7273198912826359
5055,0.10671116689626775
5056,-0.1525287152717242
5057,-0.17737942193598255
5058,0.6462280429804199
5059,-0.4352189236452984
5060,-0.0658127744257412
5061,0.3397606860402952
5062,-0.884780904266164
5063,0.5361530820571341
5064,-0.17889194167127445
5065,-0.8059880496422605
5066,-0.9517346062648127
5067,0.1087664429793351
5068,-0.08958846585742904
5069,-0.043543853353521476
5070,-0.6549030622257698
5071,-0.03699936683106797
5072,0.20335288821605785
5073,-0.4833047055155996
5074,-0.211110959209684
5075,-0.6634402608142826
5076,-0.5930555238124332
5077,0.48016481454832316
5078,0.11793761747108125
5079,0.4713883035578758
5080,0.22952648590012364
5081,-0.2500813630046391
5082,0.012895301967352358
5083,0.17760545563887745
5084,-0.5290872410221814
5085,0.16807673259349273
5086,0.49581226036203674
5087,0.08627067472269036
5088,-0.8273757768228096
5089,0.405215449166968
5090,0.14381061370290824
5091,-0.7209574686203138
5092,-0.8222902646016481
5093,-0.10840709159983448
5094,-0.059959308044127184
5095,0.28925627603727666
5096,-0.0818691472149155
5097,0.5308199910523735
5098,0.6282644016175493
5099,0.3609826268528345
5100,-0.15046695314890318
5101,-0.8476102686042485
5102,-0.14614428627564532
5103,-0.04293934818232498
5104,0.6127731921530617
5105,-0.5612614625517099
5106,-0.19014051732917792
5107,0.41373488855230256
5108,-0.521490371380814
5109,-0.010951481475518074
5110,-0.7868934440956605
5111,0.1222150451787819
5112,0.14598588630454737
5113,0.5199710202229847
5114,0.49648438651189764
5115,-0.12300134528568515
5116,-0.030485693001584786
5117,-0.5449553644464376
5118,0.7539583466877379
5119,0.9270693858679564
5120,0.5516524567251184
5121,-0.33830520994958874
5122,0.22940196086588985
5123,-0.381801954000789
5124,-0.7150873988002181
5125,-0.09673585865244576
5126,0.2459578407195083
5127,0.7371504530813104
5128,0.36811966332585566
5129,-0.7310773083678695
5130,-0.5035279132665731
5131,0.9962235835841904
5132,-0.38096516100281685
5133,0.5970784562495365
5134,-0.4121704168372267
5135,-0.8067467739989759
5136,0.515035971231457
5137,-0.7070877483042389
5138,0.2351515214059765
5139,-0.7208050560193868
5140,-0.7643145320573143
5141,0.3952261764297752
5142,0.2973050956065246
5143,-0.518583005367805
5144,0.3420960608923977
5145,-0.4530776215023071
5146,-0.1457370708861543
5147,0.6628708621790167
5148,0.5515159356804548
5149,0.35581757615307186
5150,-0.5055519702398682
5151,0.8457844933101618
5152,0.0925483947442936
5153,-0.9697811262279842
5154,0.15580870864693316
5155,-0.8240378872579722
5156,-0.6399106686018251
5157,0.6932288071481066
5158,-0.11924632007307392
5159,-0.025771170613901804
5160,-0.7134177770423988
5161,0.5440921528558829
5162,-0.14073263518883644
5163,-0.02793695158987522
5164,-0.33980437414398296
5165,0.15390757476578384
5166,0.7783462293732324
5167,-0.7252087711640346
5168,0.0032176522452153733
5169,-0.6079450850336864
5170,-0.029785863672108493
5171,0.41149616486332924
5172,0.24593471222660535
5173,0.044158870644934886
5174,0.38199162646625845
5175,0.7595940683383213
5176,0.5847228691798135
5177,0.2173284277680914
5178,-0.4622256475230251
5179,-0.3429815451335329
5180,-0.25595664288041825
5181,-0.10736065696814351
5182,-0.46988160217307773
5183,0.8360290102094793
5184,0.31830508952745334
5185,-0.7865294197385113
5186,-0.23605368099119928
5187,0.13823689215991836
5188,0.5329244196227365
5189,-0.7027965277216736
5190,0.7386586824146544
5191,-0.2728342285926784
5192,-0.05207594211069385
5193,0.7669041189699042
5194,-0.3348274259942935
5195,0.48330567883153797
5196,0.5286512244714229
5197,-0.6237729533396479
5198,0.6210692460575382
5199,0.47004166881477955
5200,-0.4693811423586834
5201,-0.4777154054128779
5202,-0.23790018735311325
5203,-0.4401284123505503
5204,0.41208575588964597
5205,0.23339756875863352
5206,0.009020992934633366
5207,-0.11327195939255964
5208,-0.626565257563323
5209,0.7912567056154658
5210,-0.7062194016196548
5211,0.7143130781615322
5212,0.4699802430057549
5213,-0.18999510262853564
5214,0.3624103748031679
5215,-0.32802630237608904
5216,0.5199477727813755
5217,-0.3047207068994285
5218,-0.0338911087423685
5219,-0.3721991544467837
5220,-0.48137463226981614
5221,-0.32751763758120594
5222,-0.16755891195862507
5223,-0.36544153509394
5224,0.1751519803084077
5225,-0.006037037285404796
5226,0.544193726469163
5227,-0.7228116194416168
5228,0.584592955806249
5229,0.9641345367441946
5230,-0.25977603141118394
5231,0.6191764456212749
5232,-0.25638471143563263
5233,-0.4237640127137404
5234,-0.05268773411771346
5235,-0.3115126150003788
5236,0.3959314155063976
5237,-0.04597449704892393
5238,0.38823851858438946
5239,-0.3550652298797526
5240,-0.22106451352874484
5241,0.6223464191326127
5242,0.40460227630106144
5243,0.1725898038154122
5244,-0.3274911380800617
5245,-0.07400299238355197
5246,-0.5885450546761202
5247,0.6193646756075107
5248,-0.318713846161609
5249,0.8623227233370963
5250,-0.21200333557031434
5251,0.26608132348738317
5252,-0.39635454621202204
5253,-0.27788320444956205
5254,-0.1387312070198439
5255,0.09260862338090498
5256,-0.858252476855264
5257,0.7992277871208572
5258,0.8436029698658001
5259,0.02805993508268173
5260,-0.0693117940858436
5261,-0.1749473669538691
5262,-0.2615737224059595
5263,0.45431155698001263
5264,-0.026118305089165454
5265,-0.11410892906598281
5266,0.04506193743034323
5267,-0.3668723568329745
5268,0.326169980464527
5269,0.059318268568832475
5270,0.1104915098591256
5271,-0.1159641279760309
5272,0.4547777103932672
5273,0.3134779005027467
5274,-0.5678907446958251
5275,0.49580477324711864
5276,0.03361444064838045
5277,0.6167462708383802
5278,0.39109951694451567
5279,-0.2665712911234341
5280,0.6590700996006711
5281,-0.7248623249071069
5282,-0.262704285908392
5283,0.2705679581028613
5284,0.424755594819304
5285,0.44546774777889686
5286,-0.6445770441323075
5287,0.2539483018909346
5288,-0.6406738786434291
5289,-0.0582002574720381
5290,-0.08114206195784786
5291,0.6894174578055209
5292,0.7873342216624534
5293,0.6751905464339335
5294,-0.028247158527607945
5295,0.44739593174686276
5296,0.05554217297460615
5297,-0.4012508237930603
5298,0.0765125007321056
5299,0.40572071424326034
5300,-0.6157965208192359
5301,-0.4000360008984727
5302,0.39429083652628105
5303,-0.4973454906094968
5304,-0.8055012464464217
5305,0.07077361441874522
5306,-0.6030846073979892
5307,0.5435298248053891
5308,-0.5079840572891798
5309,0.3015172804471554
5310,0.15333184815841117
5311,0.5232604068493919
5312,-0.266544002385468
5313,0.07728223860522641
5314,-0.6151591030558868
5315,0.14991479939563576
5316,-0.4573099558205333
5317,-0.19806702142388352
5318,-0.16075564147614138
5319,0.26367993750415325
5320,-0.6516342219264327
5321,-0.4581133113223896
5322,0.40007786111072047
5323,0.2710578304148781
5324,-0.5234735627359723
5325,0.38078841692866383
5326,0.8939356619179648
5327,-0.6470523233390041
5328,0.8268016162247493
5329,0.4709693385116221
5330,-0.5737347017661671
5331,0.7646658001656708
5332,-0.1068481542735046
5333,0.21838698840200144
5334,0.14515750019569126
5335,0.5334507379755643
5336,0.2665213642105887
5337,-0.5277223072394895
5338,0.3229811175010255
5339,-0.9069490504975853
5340,0.16313094289223667
5341,0.571954879931426
5342,-0.7814075924540191
5343,-0.7874740062321339
5344,0.3141414211968564
5345,0.37000580380696085
5346,-0.46783754011878637
5347,-0.10559638572772491
5348,0.39656196294683677
5349,-0.05291479456480716
5350,0.9634345675851135
5351,-0.5381426917123848
5352,-0.3545365772103482
5353,-0.2236169297552819
5354,-0.4794919704105085
5355,-0.0079944221968237
5356,0.6655921296399631
5357,-0.18619503932792533
5358,-0.13318373030990655
5359,-0.329861476783829
5360,-0.1606306048719918
5361,0.17200465162921796
5362,0.4860317078702198
5363,0.21462005402718856
5364,-0.006404119075924314
5365,0.6193071253801942
5366,-0.7257162220437079
5367,-0.5268003824203972
5368,0.5700822789342158
5369,0.3038317866498922
5370,0.5826262309151196
5371,0.44095229677598846
5372,-0.15298575055656738
5373,0.8856760711220479
5374,-0.18490858392952883
5375,0.5434342982996251
5376,0.5010745009168612
5377,0.8439178428387781
5378,-0.42921813850217244
5379,-0.09440282617856621
5380,-0.14502257553767264
5381,-0.3944727284261719
5382,-0.42027136934705417
5383,0.03355042695407487
5384,-0.3191967934085599
5385,0.5030321987706939
5386,0.2574114345705359
5387,-0.053456331277817064
5388,-0.5447642545049315
5389,-0.44935848994909944
5390,-0.04792004872469553
5391,0.419620829718312
5392,-0.42200103460775396
5393,0.6306603399072899
5394,0.8450399111788828
5395,-0.793803248208983
5396,-0.08962473061582954
5397,-0.7142576600164884
5398,-0.30207173025541084
5399,0.34819286580612324
5400,0.9323157094001164
5401,0.032602416393662965
5402,-0.08529538692094385
5403,-0.0069956275243221455
5404,-0.5766202298677772
5405,-0.08891536685752965
5406,-0.23123070505366655
5407,0.7752646812944413
5408,-0.5812860295399995
5409,-0.33212237234987374
5410,-0.38793098248095603
5411,0.01865475156151441
5412,-0.20063979378603977
5413,-0.544450933210511
5414,0.1466549620965727
5415,-0.22156700037659127
5416,-0.6306527408548347
5417,0.46062957513072716
5418,0.1214846230883996
5419,0.4556574524687515
5420,0.3705066931198458
5421,-0.16179400191403343
5422,-0.874295185944611
5423,0.041739502681263176
5424,0.38208388054120734
5425,-0.2859513121341651
5426,-0.3377950010367529
5427,0.28500481560625257
5428,-0.4237085434967113
5429,0.41988206794188504
5430,-0.5634402030875443
5431,-0.12125852217017698
5432,-0.3754387003015506
5433,-0.8915778630393952
5434,-0.9430943061399891
5435,-0.7966085226862498
5436,-0.46475831811142343
5437,-0.8785488831310831
5438,0.5629954337042266
5439,-0.3268205802174576
5440,0.12735664426497623
5441,0.6074170734967212
5442,-0.46988681654491293
5443,-0.271060279448712
5444,0.4674167735419564
5445,0.12243832242192118
5446,-0.7916522479329009
5447,-0.21687830296664243
5448,0.6422708338944603
5449,-0.5544570040085802
5450,0.5157821589139283
5451,-0.2898763046310814
5452,-0.30389282015026836
5453,0.7870654559482358
5454,0.24274902118749905
5455,0.09862209507008016
5456,0.43317983292431606
5457,-0.948035076210345
5458,0.044307694992898126
5459,0.7535738456669018
5460,0.34149111382862957
5461,0.12306633851463906
5462,0.357768938519954
5463,-0.5513302777370069
5464,-0.15970410068381505
5465,0.06770530686502278
5466,0.36719895615791304
5467,0.3261352106745345
5468,-0.6666378536022641
5469,-0.18765273107017227
5470,0.7970486456542463
5471,0.6338144088000189
5472,0.37300182270818005
5473,-0.07461210659390623
5474,0.9912291529257082
5475,-0.3250334803239166
5476,0.8419609760293485
5477,-0.3172511001870744
5478,0.5224744841285718
5479,0.4774786727654325
5480,0.055628621663051055
5481,-0.7762775237218728
5482,0.86165894077414
5483,0.09388021241146305
5484,-0.8294002288933225
5485,-0.7643129200810782
5486,0.345660129497848
5487,0.28217524856888154
5488,-0.3349394609091678
5489,0.630214353277455
5490,0.32244623068588407
5491,0.28068436339913844
5492,-0.9573996925083884
5493,0.3070282970058706
5494,0.5958347956192781
5495,-0.6786525929504083
5496,-0.21729639876001983
5497,-0.5010525083292129
5498,0.5063853532503257
5499,0.4329051996642456
5500,-0.2288217833780007
5501,0.4629713928610342
5502,0.09279383349921815
5503,-0.25051352264911386
5504,-0.6395460931277281
5505,-0.2978235891170953
5506,0.5366378662690184
5507,-0.9545650292588533
5508,-0.24472495401112634
5509,-0.8684693644561455
5510,-0.8651992055543534
5511,0.13697398466222224
5512,0.29984175519557055
5513,0.1448834040594451
5514,-0.19210243387985576
5515,0.3214625032299344
5516,0.7251763774572153
5517,-0.6616257534535888
5518,-0.6000773954136241
5519,0.3803084236493953
5520,-0.22572780338447476
5521,-0.10737989982244898
5522,0.3956150456181198
5523,-0.3298945222328119
5524,0.053234063289034905
5525,0.02268292410635477
5526,0.7114577879015289
5527,-0.3290371939386747
5528,-0.5407802574858496
5529,0.49607416888328243
5530,0.029067660416065746
5531,0.03494709524827809
5532,0.8683122819337842
5533,-0.5617478892678645
5534,-0.733690188752215
5535,-0.48443805109578825
5536,0.03571274528979333
5537,0.5901144304744608
5538,0.4152183628706497
5539,-0.9431872232092149
5540,-0.250404663956961
5541,0.7780363097774733
5542,-0.7820233953538266
5543,0.7260877654303042
5544,0.4460603178128004
5545,0.4703075209869125
5546,0.036599235135163465
5547,0.26384188084615906
5548,-0.47723704645602066
5549,0.6752451448680525
5550,-0.36449529096414
5551,0.6582653652787364
5552,0.24845031014544533
5553,-0.1728507336340979
5554,-0.7059321950054646
5555,0.09759863416377453
5556,0.4412689545173512
5557,-0.31377585327280066
5558,0.165083133137937
5559,-0.5582562676836682
5560,-0.5826697117089038
5561,-0.26544901077601657
5562,-0.663073656198117
5563,0.33471588314504236
5564,-0.589877925994837
5565,-0.43206051552049207
5566,0.3188008500873774
5567,0.1754375756109972
5568,0.6292176600602768
5569,0.19308160747130768
5570,-0.31008924601865095
5571,0.26051676507033555
5572,0.4269579784670141
5573,-0.6494604655826632
5574,0.5044301139478249
5575,-0.7136360173868423
5576,0.0017794358560344781
5577,0.18774856299368997
5578,0.6232439277341729
5579,-0.7387266829617192
5580,-0.766848072055544
5581,0.5512670460464807
5582,0.19138242618250906
5583,-0.6622929896580604
5584,0.06026535528262612
5585,-0.14311238382526945
5586,0.7253125128018532
5587,-0.34903705219211767
5588,-0.11774457487169046
5589,-0.9012206283760734
5590,0.3139085154692786
5591,-0.5762887587969724
5592,0.05893990010954011
5593,-0.14845887616632017
5594,0.43893541220242716
5595,0.35383348850050017
5596,0.1829301895498269
5597,0.6130034695071367
5598,0.1135748554407322
5599,-0.9708975346348726
5600,-0.5326595689012535
5601,0.45091495759542594
5602,-0.2184377383639948
5603,0.7302282671990596
5604,0.38275338505196205
5605,0.2881268450864009
5606,-0.47067605103588134
5607,-0.7142791035051475
5608,0.288136027783283
5609,-0.8550787151468852
5610,0.5462694946157701
5611,0.21253705549691398
5612,-0.8335653200807092
5613,-0.9323169200316445
5614,-0.24670694610639327
5615,0.34116020754796944
5616,-0.7760410282996131
5617,-0.19448637382258202
5618,0.5725188635534593
5619,0.6775073768536801
5620,-0.4737164303871217
5621,-0.37315465706039824
5622,-0.4322283849270692
5623,-0.5074990304591923
5624,-0.35034091974250975
5625,0.1267497832571959
5626,-0.03473093435867453
5627,0.5424354857343062
5628,0.7704266711932737
5629,0.8531379755270874
5630,0.5249156856339585
5631,-0.8337475939662343
5632,-0.6407629602466073
5633,0.5934019456575358
5634,0.7754354414396034
5635,0.3433379435111174
5636,-0.2897619085898064
5637,0.12795918360056716
5638,0.3884109624035016
5639,-0.26377694475940067
5640,-0.24912990460580103
5641,0.26754879184036934
5642,0.10385726979156049
5643,0.9902874610961925
5644,0.020686801117844884
5645,0.8377863438741671
5646,0.08384290696842582
5647,0.1690924311737659
5648,-0.5580746641410085
5649,0.6234811921894091
5650,0.9588900112663545
5651,0.6092917844495487
5652,-0.7298701661663228
5653,0.4342797160777748
5654,-0.37110682983253107
5655,0.6649251206621086
5656,0.10752417534129725
5657,0.3426275202375601
5658,-0.5607893594077127
5659,0.277989776749727
5660,-0.32284254775439625
5661,0.053642979116429165
5662,-0.239026270463243
5663,-0.823927172028437
5664,0.5544551999180684
5665,0.32933517937762224
5666,0.41360051932724123
5667,0.2745438126893161
5668,-0.5662150136306627
5669,-0.5739842702072732
5670,-0.4626792355122087
5671,-0.6848924261886982
5672,0.04222677874490623
5673,0.7406182904447669
5674,-0.5882577997736064
5675,0.6868190094124167
5676,-0.34083144581790065
5677,-0.6195397220696999
5678,-0.5020551059676398
5679,-0.12099567595987092
5680,0.5256907433309229
5681,0.7799126915830252
5682,0.37310111113057953
5683,-0.05058038827614131
5684,-0.7324034283956501
5685,0.4759728024214251
5686,0.12402747565058513
5687,0.4650628505940172
5688,0.6662144013251041
5689,0.7863835808475071
5690,-0.8208705435900002
5691,0.44328565877408227
5692,0.5797704451150525
5693,-0.12965882193996933
5694,0.10619817346992946
5695,0.43619431844512213
5696,0.030424374900813646
5697,-0.3842932310500711
5698,-0.7488922717485631
5699,-0.4221290955920453
5700,-0.06521946250619938
5701,0.32217075607160367
5702,-0.021818872977668425
5703,0.28983569781573776
5704,-0.4111336535243259
5705,-0.03190540488412073
5706,-0.7319880804881657
5707,0.5476544627439726
5708,-0.2607597748761409
5709,0.08740792267833834
5710,0.39913750074475984
5711,0.004238927608999429
5712,-0.47755570895065164
5713,-0.08873115678978878
5714,0.7796476326689245
5715,-0.4741376492390023
5716,-0.6274585083538116
5717,-0.8876030348439974
5718,0.977017957031648
5719,-0.2535367899461747
5720,0.13540302279510874
5721,0.3492191191565132
5722,-0.18696888209158197
5723,-0.8918949770599326
5724,0.28188732453297694
5725,0.4815628676523877
5726,-0.30215947400322535
5727,0.32732198170460447
5728,-0.6564352590454372
5729,0.5954397386747592
5730,0.18112897424760704
5731,-0.6652759917369631
5732,-0.36642807387567194
5733,-0.28324601838129215
5734,0.3940173267660077
5735,-0.46921469410722655
5736,-0.13162727507106864
5737,0.6558417178726984
5738,-0.5256546962984551
5739,0.6394058689462088
5740,0.15233189698061927
5741,-0.6517092989936181
5742,-0.2477795331282699
5743,-0.528388291034431
5744,-0.5605093755976832
5745,0.26566167282870795
5746,0.023519902861331765
5747,0.651632069649999
5748,-0.6914122497647
5749,0.9290795781750197
5750,-0.11070096053436888
5751,-0.3148868116536313
5752,-0.2259151023745149
5753,0.45711974839989655
5754,-0.022069027274759772
5755,0.10704701638377712
5756,-0.6074223864324052
5757,0.3562645729682958
5758,0.765092943814592
5759,-0.24872984872085815
5760,0.39658321130508606
5761,-0.5090722682452353
5762,0.286509927508873
5763,-0.003539165796531459
5764,-0.6185003402559497
5765,-0.6156293219771479
5766,0.1126832211077019
5767,-0.177769879899687
5768,0.6956597765927731
5769,-0.5881223816732503
5770,0.409370873378227
5771,0.38069430248551667
5772,-0.4711396992191735
5773,-0.8634055383493904
5774,-0.1773876397970689
5775,-0.011307143582067079
5776,0.21502541636788958
5777,-0.4763745264340747
5778,-0.20213767345143197
5779,0.8977016811542136
5780,0.810148569715529
5781,0.7440704745401491
5782,0.522149008929151
5783,-0.470297556384937
5784,0.62931454351419
5785,-0.37260901162689586
5786,-0.0785600384594834
5787,-0.16804001066562807
5788,-0.9766470245139084
5789,-0.14757265896863422
5790,-0.49795138324496785
5791,0.29632659714579085
5792,-0.613141075143067
5793,-0.8409366773026102
5794,-0.7025880728314923
5795,0.49887642250450887
5796,-0.3197721104248906
5797,-0.5723018379708832
5798,-0.8089998699027712
5799,-0.5205370958599619
5800,0.863645398967387
5801,-0.9625543651031354
5802,0.16563623114944487
5803,0.26164402899909733
5804,-0.8600513566792367
5805,0.12911966445180376
5806,0.0445494772433055
5807,-0.40544550378406513
5808,-0.5609550771660008
5809,0.7806034490804504
5810,0.04319199035535436
5811,0.7250774473575056
5812,0.26086295721819264
5813,-0.3179104153919434
5814,0.6989027914397894
5815,0.4732730935938957
5816,-0.29329323630856335
5817,0.5266124143493581
5818,0.8762916533383901
5819,-0.1830977924563225
5820,0.0895075639451986
5821,-0.7635436210400065
5822,0.38403095882587024
5823,-0.2668465365185325
5824,-0.6319309616833116
5825,0.7414329434878936
5826,-0.47706094617782857
5827,0.000791724692380818
5828,-0.022554531047220022
5829,-0.9578186220437142
5830,-0.6145798144808242
5831,0.9199789739089785
5832,-0.8735018938666289
5833,0.16510639235124508
5834,-0.23291074683224874
5835,-0.0828241570857262
5836,0.7891195215538932
5837,0.14438278435197172
5838,0.19700722383767816
5839,-0.19598643458071074
5840,0.6594395438847565
5841,-0.11322616855295775
5842,-0.10015572228255352
5843,0.5589521713038674
5844,0.260940487133181
5845,0.1371695501442073
5846,-0.5795751565299092
5847,0.2321134631387131
5848,-0.4316184257919686
5849,0.1125271003436795
5850,-0.6772661453509978
5851,0.18920176231278038
5852,-0.27093291194746555
5853,-0.2181305120449098
5854,0.453698457453325
5855,0.3924425250010861
5856,0.9358128028490611
5857,0.061045196393238604
5858,0.6987079977870412
5859,0.41434193995878243
5860,-0.23815462515385868
5861,-0.24078858596736946
5862,-0.6097470067670201
5863,-0.11082083949755749
5864,0.7640084235571023
5865,-0.3390381994468959
5866,0.19205820759814032
5867,-0.9080522617428602
5868,0.7944044717553733
5869,-0.9498665863180366
5870,0.6406244958290895
5871,-0.09377528767342447
5872,-0.8500323449124021
5873,0.46207528641351947
5874,0.9689188295526501
5875,-0.2576528040516247
5876,0.7620061067333802
5877,-0.7626770047878394
5878,0.2093128911691468
5879,-0.06713597355493126
5880,-0.4684007287732795
5881,-0.06100861064825683
5882,0.7479881398605364
5883,0.4969425471725158
5884,0.8448700383856363
5885,-0.4054398569108018
5886,-0.14486101929434803
5887,-0.01935193615739371
5888,-0.1058437928536288
5889,-0.3270715260099465
5890,-0.3966090773477169
5891,-0.07228956566162097
5892,-0.5326182193344854
5893,0.22053984552284464
5894,-0.31206996049780633
5895,-0.21469508747315572
5896,-0.011434930573497766
5897,0.2810640375453393
5898,-0.7223848000822461
5899,0.6391692428837557
5900,0.5009153755736628
5901,0.3289791908914038
5902,0.3218653117806662
5903,-0.5706542647179655
5904,0.8300289138715921
5905,-0.8362064223561316
5906,-0.41598075449615723
5907,-0.35281147478899016
5908,0.2364776292255705
5909,0.28861234717111944
5910,0.21235376127143876
5911,-0.3858738921291127
5912,-0.0200087391063694
5913,-0.7851034617381922
5914,-0.2945342171206504
5915,0.4403658207266128
5916,-0.5130424767440928
5917,-0.07761659538677299
5918,0.16979103930819162
5919,0.7001446538881482
5920,0.09791025823283991
5921,-0.13591161732786866
5922,0.01616665371157836
5923,0.8476272054983925
5924,0.9385285412845844
5925,0.03387826635717998
5926,0.2980491749869138
5927,-0.8702652382015327
5928,0.003189874488543014
5929,-0.7677710926765652
5930,-0.6900349299984556
5931,0.08743634442187476
5932,-0.2060081760415308
5933,-0.6091727515822922
5934,-0.7312027753457921
5935,0.47120631395694584
5936,0.7530891732878281
5937,-0.6493612624907772
5938,-0.8046355057953961
5939,0.12944680707188316
5940,0.2540958632912291
5941,-0.6825732808472593
5942,-0.45036763622044274
5943,0.5783174595252445
5944,-0.9790103331926867
5945,-0.6757397574609493
5946,-0.5163574382990643
5947,-0.018633272425789396
5948,-0.4933523634554508
5949,0.7768842427116702
5950,-0.4993694985054536
5951,-0.5588973657062387
5952,0.3130147240831991
5953,0.11458783209412861
5954,-0.2941814462072673
5955,-0.7509258842934601
5956,-0.9611785806753442
5957,-0.18493450229997352
5958,0.004438876662010614
5959,-0.6392481382791579
5960,-0.1771948675048998
5961,-0.8915634649966457
5962,0.2516934752201857
5963,-0.7539458120884851
5964,-0.7905733263786078
5965,-0.05609878055435282
5966,-0.47548457320607285
5967,0.024078786916514966
5968,0.7177750722420909
5969,0.9460766244334115
5970,-0.23903867910473925
5971,0.7173524075647221
5972,-0.6838035310685777
5973,-0.3529521232918275
5974,-0.36993066647694084
5975,-0.656658421038602
5976,-0.301818847971748
5977,0.1764546940830326
5978,0.47852446912652935
5979,0.6677607314662144
5980,0.6817888066946659
5981,-0.5644171820810273
5982,-0.14559406098387997
5983,-0.854178884252337
5984,-0.5524720580586159
5985,-0.1980098111217875
5986,0.07285292317645573
5987,0.7514340796249543
5988,-0.05888428253318145
5989,0.7438814995587731
5990,-0.33761546625792344
5991,0.24737536617768305
5992,-0.3418522564983846
5993,0.790688008380812
5994,0.22898667116721652
5995,-0.06448596041846351
5996,-0.6550817684205026
5997,0.5645812402750394
5998,-0.27009246793563635
5999,0.08966206351670072
6000,0.08629018792768273
6001,-0.8238802944343486
6002,0.5007051956203166
6003,0.08021872109915956
6004,0.040722419046057556
6005,0.6425101667487197
6006,-0.6781493840475848
6007,-0.8868424218250833
6008,-0.16412804637308592
6009,0.035001275298227934
6010,-0.6469135808302277
6011,-0.9569389867544076
6012,0.8760183180938707
6013,0.23528393179678161
6014,-0.635696123111626
6015,0.2056352251199204
6016,-0.5455017086251028
6017,-0.2773639758255803
6018,-0.747367113139227
6019,-0.336641878660497
6020,-0.14556732189297927
6021,-0.33243692166906663
6022,0.8769036745424652
6023,-0.27655770430260906
6024,-0.6026025846309804
6025,0.7834884804424539
6026,0.03569446185129655
6027,0.880591110922401
6028,-0.741323717603067
6029,0.7029425792079643
6030,0.3287571606144456
6031,0.7252998934540007
6032,-0.7684795921151849
6033,0.017978170591921565
6034,-0.5816223914674319
6035,-0.35375740580567533
6036,-0.8642042825867232
6037,0.4655815686833092
6038,-0.6119458640340572
6039,0.47569707636624936
6040,0.002170490105976936
6041,0.33184625312455635
6042,0.2801797686978739
6043,-0.749640173188004
6044,-0.5063893229452922
6045,0.6806842758760778
6046,0.001131866754452378
6047,-0.7874942476437683
6048,-0.18750731251398672
6049,-0.8377227984168231
6050,0.7756155600365229
6051,-0.6625815285671917
6052,0.3148279144844918
6053,-0.6242857802985448
6054,0.805097270781514
6055,-0.5973402602090209
6056,-0.9474194095068975
6057,0.08014821056704013
6058,0.48492626915272774
6059,0.5658833272198577
6060,0.4438402761249583
6061,0.5872069142991853
6062,-0.05475285699459168
6063,0.26344568080473174
6064,-0.2603805261312737
6065,-0.01961455420674616
6066,-0.7591414698715094
6067,-0.016248339182838436
6068,0.24281647539445436
6069,-0.6840701777745496
6070,0.6949031612316555
6071,-0.19249581067125648
6072,-0.11186093465068578
6073,-0.6931274231331164
6074,0.7132165202280489
6075,-0.9528234106139534
6076,-0.415212524709554
6077,-0.559173082117139
6078,0.6415850639135503
6079,0.2426855915272656
6080,-0.6842661290567221
6081,0.05463640220559877
6082,-0.88122420130968
6083,0.011105225266345262
6084,0.5639062965880114
6085,-0.0914903966265976
6086,0.3977306659504005
6087,-0.3485107074482478
6088,-0.7186318316072887
6089,-0.6936351250787521
6090,0.5334847889064344
6091,0.19114160474866054
6092,0.3799018806492432
6093,0.38377124989108147
6094,-0.22580337608170664
6095,-0.3082638596775552
6096,-0.28075787011463477
6097,0.5572341746833324
6098,0.4654942506031837
6099,-0.5822535399975415
6100,0.1914856957509001
6101,-0.0012579013062488673
6102,0.29930898103320835
6103,-0.811759327952633
6104,0.28348214297466034
6105,0.5535027119441454
6106,0.46786774009796156
6107,-0.09088982811324202
6108,0.610070008015577
6109,0.8701373273863593
6110,0.41816100535246903
6111,0.639051209499142
6112,0.8045475658914373
6113,0.5517576256893815
6114,-0.4071565728244355
6115,0.06446252583938318
6116,0.6399981652296551
6117,0.9349193056117637
6118,-0.24434348683362173
6119,0.2370933534564411
6120,-0.5331367826015928
6121,-0.17129421686706112
6122,-0.8957495709253446
6123,-0.41310989777072954
6124,-0.2864321307198881
6125,-0.7882666958296897
6126,-0.08329782895996875
6127,0.08007422695886278
6128,-0.546232686330702
6129,-0.47683266886141823
6130,-0.9349696169289938
6131,0.1709600564959552
6132,0.34252342506339395
6133,0.12353006508134416
6134,-0.11788981342792546
6135,0.6202377812645077
6136,-0.8537575131595461
6137,-0.310876957206546
6138,-0.09119477298169618
6139,0.18553850367907862
6140,-0.0879135947801467
6141,-0.051639609086137246
6142,0.10580215433358314
6143,0.4539501227734287
6144,-0.12006697381529224
6145,0.018633080154591086
6146,-0.4676415142118537
6147,-0.8835890668352177
6148,-0.7623677726268072
6149,-0.26678462540673176
6150,-0.5344771041804187
6151,-0.6644359455025536
6152,-0.16884477723844907
6153,-0.08164002714717516
6154,0.8490019958300141
6155,0.5625131709320793
6156,0.7561163033468397
6157,-0.5992931107672772
6158,-0.39952853125675586
6159,-0.29463942065664184
6160,0.3137204151089481
6161,0.5967647996833909
6162,0.009968035221138337
6163,-0.23443490694402247
6164,0.34852441025050224
6165,0.044042303053375115
6166,0.016608965273626933
6167,0.2618697979433927
6168,0.17453125196818503
6169,0.4749458422142663
6170,0.19393529987280475
6171,0.05311233635395299
6172,0.30415989883094885
6173,0.18468542326654144
6174,-0.05222974283476573
6175,0.04674566112788142
6176,-0.22553813955238491
6177,0.027527501457151358
6178,-0.3908083625091418
6179,-0.4950572363898589
6180,0.239230115920839
6181,-0.272062382238057
6182,-0.621784770734686
6183,0.46188408694582783
6184,-0.4758798958673736
6185,-0.536616045318489
6186,0.5632875972943183
6187,0.07737072646902651
6188,-0.3863941423690559
6189,-0.5623900418854255
6190,0.1829037400413658
6191,-0.624583029199125
6192,-0.2386813746178762
6193,0.25416275438006064
6194,0.8273207294451098
6195,0.2701377480626796
6196,-0.533339128175446
6197,-0.19543892761906853
6198,0.19468690255581333
6199,0.9235842191041214
6200,-0.002445609753337522
6201,0.21152999935452385
6202,-0.3590736855675458
6203,0.08120679684455251
6204,0.5665059234511871
6205,0.5561209046514523
6206,0.18169547705879327
6207,0.19118118381705007
6208,0.6507541574445634
6209,-0.31506082607605695
6210,0.6980347105227429
6211,-0.23268568434032427
6212,-0.06491364147892961
6213,-0.15611231287873314
6214,0.2533286792632181
6215,0.20518454315016996
6216,-0.21188475413595095
6217,0.16947332622678227
6218,0.8992987690878387
6219,0.6274223134180078
6220,0.5150901536687835
6221,-0.06367939042237457
6222,0.2127062491477647
6223,-0.13626561346303676
6224,0.16731672074306586
6225,-0.46328029935334314
6226,0.1138549940571541
6227,0.8267113010264866
6228,0.5663880801669047
6229,0.23312979484030347
6230,0.09019699731940846
6231,-0.03065455598421111
6232,-0.6267241813548876
6233,-0.3482699442813268
6234,0.5111497602999225
6235,0.35233818002298806
6236,-0.7265731786579976
6237,0.5426836211847124
6238,0.9051440806544917
6239,0.03558405313563662
6240,0.20883519438711745
6241,-0.7050029532612125
6242,0.3432984138773861
6243,0.5676982153323512
6244,-0.8974756615481397
6245,0.27324172869566604
6246,-0.8771453475059839
6247,0.32562564403739175
6248,0.3207808202486635
6249,0.5824581864982585
6250,-0.8391794358715804
6251,0.6853497904199777
6252,-0.9496308106011493
6253,-0.898945724480504
6254,-0.3327931631512323
6255,0.10832245285267951
6256,0.12416358776700251
6257,-0.7557711463008793
6258,0.5436492520399198
6259,-0.41130797751150133
6260,0.5834831226612153
6261,-0.2696088752430463
6262,0.6854438710442206
6263,0.7044309828447318
6264,0.5960535369611406
6265,0.7452583138114623
6266,0.3620316019948864
6267,-0.6197673136017227
6268,0.1643226195134364
6269,0.5183410041402685
6270,-0.8826235757419241
6271,0.13737078116841117
6272,0.09374616615424414
6273,-0.8040054651323473
6274,-0.7528101797774679
6275,0.7387648790198761
6276,-0.5236583659201182
6277,-0.46425768338867407
6278,-0.49790165384155527
6279,-0.6263037326298647
6280,0.6461285748949682
6281,0.4870089181986941
6282,0.9705161090109016
6283,-0.5144497609149066
6284,-0.004589749857370318
6285,-0.3389873025689695
6286,-0.1421515258075477
6287,0.1796741509755352
6288,0.1284428286037999
6289,0.43431563586361555
6290,0.06647049844669842
6291,0.9036964434396343
6292,0.3281519633867279
6293,-0.6230244510811883
6294,-0.01625069977650235
6295,-0.5695618152386546
6296,-0.01631046945285484
6297,-0.49768632552071423
6298,-0.024456966554215812
6299,0.4346308154953504
6300,0.07292133330611869
6301,0.1926857853553106
6302,-0.8055883110656307
6303,-0.6962585703932376
6304,0.5672147462512592
6305,0.07149091849947772
6306,0.32696021568224826
6307,0.9905744699191841
6308,-0.5850004989637753
6309,-0.6660377877117709
6310,0.21620205900753783
6311,-0.17947323587072134
6312,-0.19874649805190625
6313,0.19543139279203886
6314,0.4162497502087603
6315,-0.5329325011247389
6316,0.854622956473518
6317,0.16743855226206916
6318,0.6972676577687756
6319,-0.23440768953790586
6320,-0.08375239751964314
6321,-0.3298181249257894
6322,-0.3011985115411687
6323,-0.5892437604540023
6324,-0.3072671269003676
6325,0.13676760443733035
6326,0.25314580738536696
6327,0.3536559052248675
6328,-0.11357546152285963
6329,0.6804093152911742
6330,0.12403785525844366
6331,0.5425172321732848
6332,-0.30797913157183116
6333,-0.5134839982579348
6334,0.35389467885289877
6335,0.6010117699488008
6336,-0.5086793032259437
6337,0.6081016074459867
6338,0.5907106142906666
6339,0.4889999122866849
6340,-0.6856632872208647
6341,0.5589964048932725
6342,0.00666081832171331
6343,0.03888970813042046
6344,0.058124753121572316
6345,-0.797396830638447
6346,0.4485684749373315
6347,-0.5936949379116813
6348,0.2726066201749547
6349,0.7752993714496099
6350,0.15592983186313047
6351,0.5609597296344918
6352,-0.046012499552828996
6353,0.5654277339208204
6354,-0.6594977244769006
6355,0.29892579989641255
6356,-0.9501752900369386
6357,0.2526030845550535
6358,-0.7888427140739541
6359,0.6044026683273928
6360,-0.01906474056098508
6361,0.47551937285090806
6362,0.5169935575582357
6363,0.06826033164114646
6364,-0.03183182609725817
6365,0.9812180587670013
6366,-0.0017954945600107094
6367,0.6299834776780987
6368,0.4900300738782181
6369,0.03141092550355287
6370,0.042631463067418426
6371,0.8757651543888667
6372,-0.20449913231425665
6373,0.5377923439209916
6374,0.5144398561610133
6375,0.5370393245202526
6376,0.320969735908319
6377,-0.6988554038398588
6378,-0.4001426184763108
6379,-0.9610321891887859
6380,-0.8703012333557149
6381,-0.06470982752391037
6382,0.5618080778345621
6383,0.4983754544885333
6384,0.894393253097635
6385,0.07067318522048234
6386,-0.21055631369490924
6387,0.2520826471704685
6388,0.578948795557553
6389,0.5538360517496591
6390,-0.27726486321646193
6391,0.06524809030458356
6392,-0.07902635884575385
6393,-0.4466559114045925
6394,0.6789169800991964
6395,0.06733435647605558
6396,0.1579263229947005
6397,-0.36679356212260844
6398,-0.01908621469623193
6399,-0.13356595700481802
6400,-0.5637949425629406
6401,0.5287214528739727
6402,-0.6818409794427348
6403,0.3706341847943372
6404,-0.6999034716523681
6405,-0.5262166674845514
6406,0.3526710298081323
6407,0.9548786961030751
6408,0.10132245144989448
6409,-0.41132106470935664
6410,0.170945537011501
6411,0.2784390998477362
6412,0.5228055848684741
6413,-0.7939377624404832
6414,0.8349495864661678
6415,0.3041134444358009
6416,-0.6560928000477275
6417,0.3722214489202074
6418,0.4870802919917531
6419,0.19007547340817305
6420,-0.448710299017057
6421,-0.3719302866454545
6422,0.16603875552373118
6423,0.5133052786122847
6424,0.620654201758873
6425,-0.32812448967966884
6426,-0.5334536196627078
6427,-0.5844757212049824
6428,-0.7746959177448416
6429,-0.7729726672002701
6430,-0.10150938397355702
6431,-0.1346031742700323
6432,0.7666169309747883
6433,-0.4093083792023346
6434,0.6306209316025523
6435,-0.8627159375177483
6436,-0.289879339795694
6437,-0.7909476064794737
6438,-0.25589556484210757
6439,0.8003449276618266
6440,0.16426107542298007
6441,0.5666021755096593
6442,-0.28703786376465507
6443,-0.8761098430326091
6444,0.8099374194668469
6445,0.5727873193558165
6446,-0.9460725931755265
6447,0.19799366011459363
6448,0.8096614734765696
6449,-0.12324638083102532
6450,-0.09724409573173468
6451,-0.18238300740039393
6452,-0.37067649740733866
6453,-0.7827997311539153
6454,-0.17651726976964607
6455,-0.012030305503970665
6456,0.1385841883329523
6457,-0.3751521905872656
6458,0.24673211701430073
6459,0.15347191510662334
6460,0.8165437855093715
6461,0.8548403997393776
6462,0.8929204151465743
6463,0.26810522589313995
6464,-0.03652325296469955
6465,-0.6815726313516137
6466,0.10613885887255639
6467,-0.73489833222963
6468,0.4994039014600659
6469,-0.3447839842685479
6470,-0.017869675371369513
6471,-0.6741253797900699
6472,0.7776848746207997
6473,0.47922821734978305
6474,0.31932285213223927
6475,-0.07886145914729298
6476,0.09165858507194202
6477,0.06476612328058998
6478,0.7044144386016129
6479,0.5255465348013444
6480,-0.7211689548998274
6481,0.38120668553520054
6482,0.32334326157182336
6483,-0.47561972068062053
6484,-0.05526450748870994
6485,0.8210909602775865
6486,-0.36186397157677985
6487,0.8167386386232529
6488,0.6875993818549466
6489,-0.06817758121401109
6490,0.5732376616707058
6491,0.5883840175556968
6492,-0.020413174801343963
6493,-0.1796051304126952
6494,0.5702451707590831
6495,-0.0284737449464719
6496,-0.8357241762719843
6497,0.17818926403623175
6498,0.5018008699047302
6499,0.05047292126338519
6500,0.4528725083848736
6501,0.1475909787027704
6502,0.6811915681186627
6503,-0.4815186944814328
6504,-0.1166732392837861
6505,0.016386008922956972
6506,0.6376445145956783
6507,0.6776640902405275
6508,-0.8248611285958957
6509,-0.8285513492943153
6510,-0.26899963661345755
6511,0.9673130148499257
6512,-0.031875113860160405
6513,0.39812409830372236
6514,0.021034848742924658
6515,-0.13103983790072032
6516,-0.01811010876727851
6517,-0.1483705678585959
6518,0.5017218482815807
6519,-0.5783241388129791
6520,-0.7752788184633593
6521,0.8482549984726511
6522,0.24083204824501714
6523,-0.5023400439755044
6524,-0.8777883613532866
6525,-0.0911843469679072
6526,0.7601064008526407
6527,-0.10918381187841673
6528,0.7648550920253445
6529,0.3634175698755617
6530,0.2691569467118221
6531,0.4708952781468897
6532,0.01614768738442102
6533,0.0957092588276831
6534,0.33293250724598916
6535,-0.30141994672220274
6536,-0.2804410864745219
6537,0.1900835428515638
6538,-0.875617821570375
6539,0.4438205734504616
6540,0.48360628974070985
6541,0.23825211654264675
6542,-0.6752800626175074
6543,-0.0333713995480513
6544,-0.4765952915999838
6545,-0.05918901956421052
6546,-0.29460225446253985
6547,-0.39822877716808475
6548,0.14490582265177765
6549,0.1856121024325525
6550,0.08856137163471008
6551,-0.3321846038948611
6552,0.5115911041074174
6553,0.3196523886528328
6554,0.21488444743877946
6555,0.006154749956804088
6556,-0.033252257078248325
6557,-0.8086992610182303
6558,0.6639496116172409
6559,0.23872029818820065
6560,0.2508431759537308
6561,0.807139570890598
6562,-0.6048561838236103
6563,-0.3822594909670966
6564,-0.05363847522774415
6565,0.15866016216454587
6566,0.7008083881944845
6567,-0.8771860115170237
6568,0.34203405445735013
6569,0.8538372964715197
6570,0.22963149720119289
6571,0.5109464309522714
6572,0.3015790152020212
6573,0.9484628900352501
6574,-0.13347125305326002
6575,0.22514724143892462
6576,0.3477585578917586
6577,-0.2935487469434059
6578,0.2668286405050163
6579,-0.8040662837374605
6580,-0.4459251974947725
6581,0.598224655796058
6582,-0.696678195358475
6583,-0.36333314715975573
6584,-0.4724151559514953
6585,-0.2940458624523605
6586,-0.015487208714082084
6587,0.5544746195313484
6588,0.8113278371025605
6589,-0.2704199408705218
6590,-0.41159662844774747
6591,0.0789460936875239
6592,0.5805155977273849
6593,-0.29934682557103537
6594,0.5453701084482088
6595,-0.6290638615386963
6596,-0.30368822802910544
6597,-0.36387257878868245
6598,0.6585419956067226
6599,-0.5003528563239193
6600,-0.9288969317502453
6601,-0.39922514082420196
6602,-0.7341427181616559
6603,-0.703132030891612
6604,-0.20101235971031775
6605,0.5779601920815794
6606,0.5732053781767199
6607,0.4124878982997348
6608,0.4752623305006167
6609,0.9409212152574679
6610,-0.6048550101394625
6611,0.7152865905696563
6612,-0.3261257542137372
6613,0.6463528406863908
6614,-0.5585549934633645
6615,-0.7010274878831909
6616,-0.27887148126184236
6617,0.42719117854439004
6618,0.7928775427072141
6619,0.636110165157627
6620,0.6937398677523327
6621,-0.569204216702353
6622,-0.12388884724086464
6623,0.18253290652315943
6624,0.6067679276197645
6625,-0.5599590259690677
6626,-0.385558900102517
6627,-0.6106671870664117
6628,0.6857209868751225
6629,-0.4170155795125386
6630,0.7765140636003427
6631,0.5411944347926142
6632,-0.35940434979996244
6633,0.7707789276989652
6634,-0.7582256261605665
6635,-0.8641258449653403
6636,0.05377919109598825
6637,-0.45252863385605135
6638,-0.31862068740969046
6639,-0.5049427177646378
6640,-0.44895378482766995
6641,0.2823599920971488
6642,0.03914270931273402
6643,-0.044066001629137215
6644,-0.19607626083023907
6645,0.22760499396561992
6646,0.5081231494083528
6647,-0.19450068108514185
6648,0.7141868051071292
6649,0.09207781623251768
6650,-0.7166996568645951
6651,0.8502602873526368
6652,-0.6828626981036419
6653,-0.30226433659457475
6654,0.7371358745205223
6655,-0.4857712445230462
6656,-0.06455205634024375
6657,0.35356549191831
6658,0.5441083353868761
6659,-0.04289482801905118
6660,0.16335519409598148
6661,0.7477658591065351
6662,-0.1925404940814404
6663,-0.0710411053519569
6664,0.27155677121165495
6665,-0.5144628242935863
6666,0.5886399752204375
6667,0.10584226454482562
6668,0.7094320364066204
6669,-0.3480917398098151
6670,0.0523132235168307
6671,-0.30038316463636994
6672,0.14712536303208942
6673,-0.727476204990757
6674,-0.42173380602007365
6675,0.32900366776232326
6676,-0.34058280690188997
6677,0.13323874209666478
6678,0.29934053690673657
6679,0.868721014230312
6680,-0.32675786136775914
6681,0.2957745416301131
6682,0.42248402162725107
6683,-0.163297943146885
6684,-0.21964626459742723
6685,0.027486888196948202
6686,-0.706589374739866
6687,-0.03152218435421627
6688,0.7165550784735959
6689,0.6971200051489567
6690,-0.35927761002341
6691,0.3646494191960957
6692,-0.5215867405372475
6693,-0.14918270998181224
6694,-0.4892131032274804
6695,-0.5976184823968517
6696,-0.1859397010639417
6697,-0.6381860275373511
6698,0.5985851947584782
6699,-0.2920834467300514
6700,0.6454724985695788
6701,-0.4674004966443994
6702,-0.44094465589598564
6703,0.01768968012151423
6704,0.5482978133644991
6705,-0.2918170825683653
6706,-0.2711940291013444
6707,-0.19793144059030585
6708,-0.9186284809209537
6709,-0.6909385089011856
6710,0.5217674745744473
6711,0.09465873139600492
6712,0.3529802508865696
6713,0.7737373199494653
6714,-0.46988307940948537
6715,0.8101052817538084
6716,0.9007746160658148
6717,0.6749204145431517
6718,0.39657847400012086
6719,0.24811127183124757
6720,-0.18503601510549253
6721,-0.6293812669078851
6722,0.18760053537836546
6723,-0.05590405648531806
6724,0.2074832288824676
6725,-0.7004346488405352
6726,0.16763806463667807
6727,0.3083943819817878
6728,-0.5163014326476324
6729,-0.12450813372328082
6730,0.9451868182297493
6731,-0.14349799871354926
6732,-0.8280215945575946
6733,0.8559057547463315
6734,-0.6900016678867312
6735,0.20220713614769906
6736,-0.03715422570151105
6737,0.17677320098656107
6738,0.7750870538528775
6739,-0.07295798319604434
6740,-0.3370313783174823
6741,0.6001553668777213
6742,-0.3871624799747416
6743,-0.8243175045962016
6744,0.3613560558277115
6745,-0.8316999635998046
6746,0.20613323657237323
6747,0.05770110662695385
6748,-0.09261964327250123
6749,-0.8332860939454327
6750,-0.31015982216887833
6751,-0.7547591410719878
6752,-0.012370108684143113
6753,0.7468955764871402
6754,0.4977022600858091
6755,-0.351692545144287
6756,0.17590728791574076
6757,-0.946455158702492
6758,0.1551534164705198
6759,0.2090513253873304
6760,-0.4206034455436894
6761,-0.5248310969421395
6762,0.475247859059204
6763,-0.35400113990159654
6764,0.8150717356061745
6765,0.5003226078648582
6766,0.38590582262416234
6767,-0.9518836215305223
6768,0.023053918304446294
6769,0.11420943526470248
6770,-0.7774939486622923
6771,0.9026873193839507
6772,0.24723461975789973
6773,0.1968536572606685
6774,0.38888610332382634
6775,-0.3889627867626382
6776,-0.3261347309688612
6777,0.3870256161511019
6778,-0.70482878213786
6779,-0.15529551246048892
6780,-0.6016278087408942
6781,-0.4927116973206304
6782,0.23766114758412976
6783,-0.41503137290400416
6784,-0.14974065797985833
6785,0.6809296736903047
6786,0.1831507731731709
6787,-0.06512898500401897
6788,0.900852010514967
6789,-0.3313742624166567
6790,0.3100634392443331
6791,0.6999447280985777
6792,0.2016023494152889
6793,-0.6599740689449277
6794,-0.5697794245613667
6795,0.40573045391148677
6796,0.42930630486319077
6797,-0.5520489761316529
6798,-0.6944769723755622
6799,-0.8660121684105906
6800,-0.4475963607042707
6801,-0.2601045001010855
6802,-0.7164027823963187
6803,-0.052936946418308456
6804,0.7159960688847634
6805,-0.32583653567658555
6806,-0.48304478881577895
6807,0.44179498949033974
6808,-0.49656234290308016
6809,-0.13758533303783724
6810,-0.9253832946207823
6811,-0.7896359023299415
6812,0.5097937691719419
6813,-0.35317760679508425
6814,0.22330768440148088
6815,-0.32549266125398635
6816,0.7960410806826527
6817,0.39755830677410736
6818,-0.6745409395437296
6819,0.46932072411971537
6820,0.44391743346964546
6821,0.23080624748899126
6822,-0.6272639009220285
6823,0.1355969428193562
6824,-0.3983352732989766
6825,0.5222907706844481
6826,-0.4958569755165441
6827,0.8946932765626162
6828,-0.11073515693044082
6829,0.32134726671346275
6830,0.47144190607677516
6831,0.5086067105919093
6832,-0.3919389566177066
6833,0.6079683085084843
6834,-0.12410798327462799
6835,0.26344901458697756
6836,-0.7155887045192746
6837,0.5420681861349751
6838,-0.6809676779702063
6839,-0.3126792466923798
6840,0.7971512665329951
6841,-0.3187584106971069
6842,-0.008102397355477943
6843,-0.8907294546050988
6844,-0.6849708888142791
6845,0.1300202150040842
6846,0.35901572159185335
6847,0.44624367045088564
6848,-0.052599475053750636
6849,-0.18112839112804743
6850,-0.4772478044083975
6851,0.11272935081934325
6852,-0.48107234886570976
6853,-0.09247980683473017
6854,-0.27523991054396935
6855,-0.08176120277483942
6856,0.7607365378564873
6857,0.30133781687419137
6858,0.8366218197655038
6859,0.11161541247153028
6860,0.2009985530886154
6861,-0.1149937109403067
6862,-0.33308395111809086
6863,-0.7335204774365075
6864,0.5231399204218676
6865,-0.07344744182111085
6866,-0.5461108283166592
6867,0.5426624487981481
6868,-0.3880360212932122
6869,-0.8016725620591193
6870,-0.8514418576588195
6871,0.20343716796836472
6872,-0.8332960004910273
6873,0.5275169332536711
6874,0.28284556675679684
6875,0.37971603247636626
6876,0.4699247198411297
6877,0.2783099283872374
6878,0.1038304773683744
6879,-0.8099693523961875
6880,0.14183600993432158
6881,-0.7877183021317705
6882,-0.16934510168728265
6883,-0.16794127420052224
6884,0.49436172462135863
6885,-0.13667147376515476
6886,0.49406312660322704
6887,-0.6502442231370938
6888,0.769499423676161
6889,-0.1826689897090718
6890,0.5410225181290896
6891,0.5757120067555845
6892,-0.41450682153690954
6893,0.5292392488391252
6894,0.8663761152422355
6895,0.22365849794391401
6896,-0.14069939174012447
6897,-0.04255483542402851
6898,0.17992776440340819
6899,0.8867412021557491
6900,-0.6015372656202462
6901,0.3534284931081573
6902,0.389441546901187
6903,-0.01242902359686209
6904,-0.41632777203362176
6905,-0.46436499792160796
6906,0.23339068461728502
6907,0.4352232672058002
6908,0.5809288096972018
6909,0.7797819646888631
6910,0.2654103788403254
6911,-0.2884231174927208
6912,-0.5755516234081978
6913,0.19247211377243104
6914,-0.3684791114554938
6915,-0.9462708769132103
6916,-0.637654132897795
6917,-0.5140794726746902
6918,0.4449291393431338
6919,0.6193434255819537
6920,0.6774137579336236
6921,-0.5357713005106925
6922,0.5345088054909218
6923,-0.7909889970023087
6924,-0.2796598219944594
6925,-0.706763882228066
6926,-0.007684337646751335
6927,-0.16108092853203418
6928,0.004255828056625732
6929,-0.5696447225933751
6930,0.6400303445903496
6931,0.32911967140912296
6932,-0.02471257244264013
6933,0.10947405752847526
6934,0.492828341423141
6935,0.6086603105986462
6936,-0.04898804715922324
6937,0.5500313679445202
6938,0.4654609147460896
6939,-0.18872112710084293
6940,0.8622751764905261
6941,-0.42137595096284014
6942,-0.3324098750026145
6943,-0.5030812294956927
6944,-0.17262775192450158
6945,0.03731643451201237
6946,0.7681575789376556
6947,-0.6488866120241507
6948,-0.020510359956164244
6949,-0.21940288272496306
6950,0.0966341119283067
6951,-0.6413223206544288
6952,0.8408815290288107
6953,-0.9973977678146838
6954,0.025856188405758162
6955,0.986145223284988
6956,-0.18676054069534914
6957,-0.4735717605518067
6958,-0.19819794993919268
6959,0.8403156091005204
6960,0.5843743122409748
6961,0.4971708583560358
6962,0.7852032839836796
6963,-0.7136007074738469
6964,-0.7455813940069641
6965,0.0005394032053187892
6966,-0.04050343468827587
6967,0.0013555469161936691
6968,0.34474384366314637
6969,0.19412296950451793
6970,0.7928751079418578
6971,-0.3354748768936986
6972,-0.4403611557777018
6973,0.5630999299447443
6974,0.37224829736472104
6975,-0.6696440966384546
6976,0.008884058128967986
6977,0.574253832532343
6978,-0.56534373721152
6979,0.2889612889165186
6980,0.565802273960974
6981,0.5933495248885208
6982,-0.12576982196249975
6983,-0.0533597205084763
6984,-0.3388011267616914
6985,-0.1707301747926215
6986,-0.21091007627211045
6987,0.2374796328928545
6988,0.14267770847854763
6989,0.15466814079995816
6990,-0.7896879673123369
6991,0.2674005067663329
6992,0.06617941428331853
6993,0.6655216551380884
6994,-0.004985833717623425
6995,-0.15392692554651605
6996,-0.11751460639375082
6997,0.770381023341684
6998,0.034220705683772536
6999,0.8339625406879704
7000,0.6639820867512047
7001,-0.3323214238143688
7002,-0.21575569521034216
7003,0.8540136552584213
7004,-0.3157130394531995
7005,-0.8526513280665207
7006,0.42452599794152956
7007,-0.9643627882585213
7008,0.5087154747039184
7009,-0.3005963801028875
7010,-0.2567480316102864
7011,0.47502293646197996
7012,-0.7606714289819342
7013,0.9665664237960636
7014,0.8349944249489872
7015,0.5464763759552355
7016,0.020400088072316844
7017,0.7959764300143031
7018,-0.2331259837978421
7019,-0.9180257948595355
7020,0.1585910484878847
7021,0.6306622970520336
7022,0.6906159862528207
7023,-0.7075510937441192
7024,0.6891904798359313
7025,-0.927307871737302
7026,-0.4542681950828633
7027,0.039421735049183206
7028,0.5690532483724389
7029,-0.8462318500950465
7030,0.6532131007979266
7031,0.3848872254114747
7032,-0.48061123556145147
7033,0.23537337165118785
7034,0.368779427107355
7035,0.04342416427528961
7036,-0.2684825994618432
7037,-0.14799885653027509
7038,-0.5843348501011892
7039,0.6861727924830603
7040,0.37141177895312943
7041,0.47708194732406267
7042,-0.7487451471114498
7043,0.27801594590048506
7044,0.9141256292685485
7045,-0.2154219340038438
7046,-0.6883246665070689
7047,0.09632474924005242
7048,-0.25764330885196357
7049,0.7232082017669027
7050,-0.4631643711194699
7051,-0.04257285927403282
7052,0.3353032143631058
7053,-0.27914215441920964
7054,-0.37064153947550604
7055,0.579809053200559
7056,-0.7794471525624833
7057,0.3611143565323692
7058,0.7419881920420096
7059,-0.5103765474312136
7060,0.696626376912024
7061,0.13717397159417719
7062,0.5068631490671158
7063,-0.6038962792174295
7064,-0.16371115294963884
7065,-0.8826681853158431
7066,-0.02530527140353124
7067,0.2888376447807961
7068,0.9336317104173376
7069,0.05852812545917299
7070,-0.2803840007467829
7071,-0.44324186207904187
7072,-0.07095771801141293
7073,-0.35203909473793105
7074,-0.42496600144339775
7075,0.04845249861121131
7076,0.34769862828848863
7077,0.24590695269159013
7078,0.7394514518209401
7079,-0.6019945106479011
7080,-0.5747552911195486
7081,0.06731669182762091
7082,-0.06278602435294224
7083,0.16614305778538535
7084,0.17294275958600605
7085,0.28790959717435
7086,-0.210242202328402
7087,0.5711932123587369
7088,0.8995697362012945
7089,0.02831968409063805
7090,0.04289804623511566
7091,0.0770600591198161
7092,-0.9280859125575807
7093,0.5090072488422953
7094,0.7826092585700581
7095,0.35342078130951976
7096,-0.7568943628874446
7097,0.588641687986879
7098,0.4066348525167658
7099,-0.043228525503441875
7100,-0.10155915419161604
7101,-0.5878935992812392
7102,0.8644581209419617
7103,-0.5604346654250226
7104,0.43393223376395945
7105,-0.8413042513257682
7106,0.1012547979334791
7107,0.3606098588167612
7108,-0.5071941535581814
7109,-0.2843742518952136
7110,0.37566196794224244
7111,-0.31626059005842855
7112,0.32014389968990115
7113,0.003933641554839866
7114,-0.6150055262642682
7115,-0.0830371748031311
7116,0.9183908273060154
7117,0.3308072587069493
7118,0.38001024543109935
7119,0.4153469817470111
7120,0.1341310673175458
7121,-0.5454693278890255
7122,-0.6670780532321116
7123,0.5367069070343189
7124,-0.08619425695983214
7125,-0.3265584894957252
7126,0.5196788732490265
7127,0.28948144924391245
7128,0.2587259332405969
7129,-0.3692216110287827
7130,-0.1372792714488813
7131,-0.4258290203531643
7132,0.5712495043291886
7133,0.30014450802726234
7134,-0.2807151338457327
7135,-0.5494856003708875
7136,0.296431823895136
7137,0.8895694432447953
7138,-0.13973996627611399
7139,-0.0729017103354675
7140,0.6289074532614872
7141,-0.9535792095262094
7142,0.6660053479052019
7143,0.11297364931788322
7144,-0.34537445099053987
7145,-0.7401856870555024
7146,-0.6558620768093479
7147,-0.23184097989243038
7148,0.5514975640293432
7149,-0.4314589821117453
7150,-0.01565891859618405
7151,0.539827286352109
7152,0.5014611383350324
7153,-0.2023371637316218
7154,-0.5128099819071132
7155,0.38381555967425396
7156,0.02071115040223508
7157,-0.2465724593333629
7158,-0.23920535041784116
7159,0.5926051889926994
7160,0.9730198032420356
7161,0.09454525668323739
7162,0.2560679173192804
7163,0.12833286338116662
7164,-0.4007857638075764
7165,-0.25084599102750965
7166,-0.9421332142524539
7167,-0.34600893204177846
7168,0.9158193588949491
7169,-0.4253005339455205
7170,-0.30353904844585017
7171,0.5559602629155204
7172,-0.6342413769399197
7173,-0.18443364919444513
7174,0.3706796521636444
7175,-0.8374987985221384
7176,0.741354919377144
7177,0.1879880313491969
7178,0.36099934585743604
7179,0.13079526975677894
7180,-0.04095746786001328
7181,0.08928768244939632
7182,0.3311443840163776
7183,-0.568014000114356
7184,-0.6846430545454906
7185,-0.23575707366315704
7186,-0.20012788283673438
7187,0.5409884720162522
7188,0.6438314622994775
7189,-0.5349257309495772
7190,-0.22090620422778504
7191,0.2501787779235965
7192,-0.1565594110356274
7193,-0.2675384577963768
7194,0.8352328881438802
7195,0.45415270960720516
7196,-0.17842863300070813
7197,-0.14002286786308413
7198,-0.2065542040480437
7199,-0.41115806833575635
7200,0.27660431194915747
7201,-0.25711336007483226
7202,-0.9474308637481483
7203,0.06536241111291963
7204,-0.5273447838359023
7205,-0.3776582118060107
7206,-0.8401954054777182
7207,0.653965452228476
7208,-0.21888340676651658
7209,0.024056122715979202
7210,-0.42985525236857897
7211,-0.9439084661502049
7212,0.5304332022305073
7213,-0.03938707576094215
7214,-0.22525175136708933
7215,0.49188430984859005
7216,-0.41025236893880135
7217,-0.37617786376177653
7218,0.4042546883767971
7219,-0.06867526470435033
7220,-0.1662147969891961
7221,-0.23186242392695144
7222,-0.39130265292875327
7223,-0.04977951510636694
7224,0.79778343875879
7225,0.25131650771494424
7226,-0.48239281091378783
7227,0.12373475653554729
7228,0.15821692245881575
7229,0.5724750817433721
7230,0.7641614235781649
7231,0.387456163274687
7232,0.2728468516202857
7233,-0.4541698640246038
7234,-0.6769585083294245
7235,-0.08323366737648133
7236,0.06882433454707701
7237,-0.03578996304752571
7238,-0.7086416782276884
7239,-0.13881562195050753
7240,0.13488411742339268
7241,-0.19428197030369898
7242,-0.8395884912332486
7243,0.6084682543943551
7244,-0.7797696381295054
7245,-0.5425780695853267
7246,0.46535258797462203
7247,0.2691375977972656
7248,0.4289942964046279
7249,-0.572814671352619
7250,-0.19368852318350885
7251,0.8723711711237612
7252,-0.5840268224385727
7253,-0.09237156080947169
7254,0.22085927870823038
7255,-0.6054399925649311
7256,-0.5453067097804336
7257,0.561888082940226
7258,-0.8536940117683285
7259,0.1264134304090729
7260,-0.2764309871418346
7261,-0.5352137077741113
7262,0.29929446794233866
7263,0.6769147498455514
7264,0.9146286645738396
7265,-0.46366983304921416
7266,-0.963442249010102
7267,0.39444699507711967
7268,0.7114819653871147
7269,-0.33154999311953115
7270,-0.279460673479223
7271,-0.16849804599019294
7272,0.7735512038219989
7273,-0.7103826080794715
7274,-0.5598698958971485
7275,0.060952333851035184
7276,0.4248491489671265
7277,0.7546101323081231
7278,-0.45821661941506103
7279,-0.26157348590874474
7280,0.4559557540563707
7281,0.6684531168994491
7282,-0.4690354647491374
7283,0.03768516148762843
7284,0.655224603382195
7285,0.6063230589269679
7286,-0.33817967908976104
7287,0.2730882855855478
7288,0.5569271586060401
7289,-0.8800204643565427
7290,-0.22555939358738317
7291,-0.37957417901490814
7292,0.13646409433259757
7293,0.47511540547155917
7294,-0.4352575845337383
7295,-0.018086972454894927
7296,0.5578820353327039
7297,-0.5264772634280442
7298,0.4951713225057146
7299,-0.004013799177007652
7300,0.9484764185636139
7301,-0.3764848954134875
7302,0.6033874381849287
7303,0.6358825629905522
7304,0.2298524252385095
7305,-0.9812670436853076
7306,-0.4729004030124725
7307,-0.17636204579120238
7308,0.21751077784663575
7309,-0.4552093062113937
7310,-0.25084379624315634
7311,0.678468336372232
7312,-0.20260610282843153
7313,-0.5531433056177792
7314,0.8553661308658258
7315,0.2913032835628532
7316,0.10040197240029765
7317,0.7119648308011398
7318,-0.22821044344212366
7319,-0.05577079824582046
7320,0.4710734578583351
7321,-0.1229707830374537
7322,0.46333644180015243
7323,0.6698533096927799
7324,0.9420908292271793
7325,0.13640565560068976
7326,0.3723047481058779
7327,-0.7961939879198049
7328,0.33358152713523664
7329,0.5425060940689101
7330,0.01660290549760336
7331,-0.26276026331267777
7332,-0.36445930661259984
7333,-0.7370719284609265
7334,-0.2823179358558987
7335,0.1502486976796441
7336,0.19254373619218
7337,0.11779403152157907
7338,0.5616079017327125
7339,0.9558763684586081
7340,-0.8375171749328355
7341,-0.28509453398552353
7342,-0.4731738220585382
7343,-0.8634032137323071
7344,0.2637210803108284
7345,0.11932835385785608
7346,0.6972761917877431
7347,-0.42775858005234596
7348,0.5566866339102927
7349,-0.43983329603992954
7350,-0.1485825617608489
7351,0.45268420422506406
7352,-0.30191441348534515
7353,-0.4051324366567824
7354,-0.5408248985489683
7355,-0.8103640713764618
7356,0.0496353320001232
7357,-0.579979818925518
7358,-0.14904085774227965
7359,0.12221721846576503
7360,0.163872666398938
7361,-0.07634048275329253
7362,0.6544759125793973
7363,-0.3879655481971627
7364,0.7044600072152958
7365,0.11210941256466352
7366,-0.615209474453902
7367,-0.9588612450802239
7368,-0.19321912404082686
7369,0.4374836842782025
7370,0.7507042033656994
7371,0.7761907252948826
7372,0.6398035342556864
7373,0.15917860551772287
7374,-0.1703248686226359
7375,-0.1472718613887401
7376,0.4882539127121923
7377,-0.5103442952587951
7378,0.6191930645270418
7379,-0.7258255084543468
7380,0.8112429751800476
7381,-0.14607578693063814
7382,-0.2857902025862436
7383,0.009582053831019744
7384,0.6349361065871557
7385,0.7376402444011855
7386,-0.15963193915229676
7387,0.6181744414463354
7388,-0.27231617150295107
7389,0.21525220348857643
7390,-0.4730723085545696
7391,-0.08343948924917845
7392,-0.14055696522726
7393,-0.594606057597778
7394,0.6015329825334289
7395,-0.28048869782727914
7396,0.27413251312648085
7397,0.2193664869402677
7398,-0.760704307188554
7399,-0.41882476382605555
7400,-0.4333838180158027
7401,0.9430684950751421
7402,0.5426509587416738
7403,0.22498380190502196
7404,0.2416805312585216
7405,-0.2876382603251601
7406,0.637829930193786
7407,-0.07953190563635242
7408,-0.31980838246160087
7409,0.674411559232485
7410,0.04135095179317286
7411,0.05929867747023695
7412,0.4665886736555641
7413,0.1259981690025259
7414,-0.5890315997390139
7415,-0.4796871783694877
7416,0.2325524484272799
7417,-0.10944811071893484
7418,0.20398889858955865
7419,0.3860617492131041
7420,0.6520507326756704
7421,-0.2910577378110722
7422,0.6736244313485307
7423,0.46648785167963513
7424,-0.16392634274743545
7425,-0.42830056577410724
7426,0.7603940141274076
7427,0.5625813602320021
7428,-0.05414713724499263
7429,-0.3217744001179499
7430,-0.6197439975938737
7431,0.7885602828765887
7432,-0.15518036527498305
7433,0.03214835829183545
7434,0.43661578959873465
7435,0.2395547957441155
7436,0.2502631523475836
7437,0.33317406249843273
7438,-0.38632074910561853
7439,0.20347162312363642
7440,-0.6503864472017037
7441,-0.7720992631407129
7442,-0.33967515666707637
7443,0.04013242909635323
7444,-0.6207894903507515
7445,0.4399976159044798
7446,-0.7377581993749793
7447,-0.18911705099781573
7448,-0.6915105210184337
7449,0.7939503613637782
7450,0.3514023646381609
7451,-0.4494943119945784
7452,0.6580005609749032
7453,0.12029915606421336
7454,-0.3653494134549709
7455,0.36406986255880597
7456,0.622043479931137
7457,-0.2583956526868028
7458,0.18082857634952543
7459,-0.27217315713725954
7460,-0.2029802568968907
7461,-0.9263429462951159
7462,-0.3255001833377934
7463,0.5885449740441436
7464,-0.35665416401956035
7465,0.8646039266688166
7466,0.7748480180874339
7467,-0.854633308690646
7468,-0.06834930675611685
7469,-0.003787751955656461
7470,0.9064405734075547
7471,0.762385303293272
7472,-0.44396345995876313
7473,-0.8002030086429475
7474,0.9355226167762801
7475,0.05973396767628035
7476,0.006040564005449466
7477,0.3409036587039816
7478,0.2616745224574848
7479,-0.4793466438789927
7480,0.35264524099987876
7481,0.4593119626262568
7482,0.8272022539242707
7483,0.040777704633892735
7484,-0.63916453431373
7485,-0.7917791191460545
7486,-0.896448320712039
7487,-0.41228651003782013
7488,0.8687290565833493
7489,-0.5994007345216912
7490,0.6522907689526292
7491,-0.18845778492261345
7492,-0.808752435527472
7493,0.33522470328146947
7494,0.85235463740182
7495,0.6296134214275756
7496,0.06419112245742609
7497,0.01608773934633268
7498,0.14873240018392306
7499,0.6670833689873631
7500,-0.6380938524543606
7501,0.5260362061720057
7502,-0.6246182787365535
7503,-0.03196621462711864
7504,0.48561719590823643
7505,-0.45442519966540385
7506,-0.5143899216322381
7507,-0.016953568482911643
7508,-0.26481072036943115
7509,-0.5523067137104295
7510,0.12368658679409954
7511,-0.7520186641302871
7512,0.9490939320426016
7513,-0.224397768756611
7514,-0.48911364514332595
7515,0.7261604656002694
7516,-0.4826165198425706
7517,-0.6228428293499607
7518,0.0930908854792064
7519,-0.7507541598923522
7520,0.6132676942782166
7521,-0.6078834758997848
7522,0.39212107603752383
7523,0.3314543087045006
7524,-0.8921791148699082
7525,0.7873013216519295
7526,0.537054844859462
7527,0.25570392846112516
7528,-0.45412347975748496
7529,-0.5828239864487629
7530,0.13551524124497139
7531,0.32650425048087023
7532,0.5430144811593821
7533,-0.08766020259390904
7534,-0.6963348126579902
7535,-0.7798924166093524
7536,0.13387973864460692
7537,-0.7865456872739255
7538,-0.9117591477194251
7539,-0.9544775812160322
7540,-0.002893587488899755
7541,-0.8036163222804763
7542,-0.09987553473242747
7543,0.6851329846687039
7544,-0.5840473466099484
7545,0.4364214305257931
7546,-0.9079105846592463
7547,0.0016224564307798321
7548,0.6901028600256067
7549,-0.22795797405565899
7550,-0.3549248329034098
7551,0.6312534241457893
7552,0.8327134466942688
7553,0.4883466351801702
7554,-0.4219168324997153
7555,0.23118101590491766
7556,-0.4401849031593108
7557,-0.8125302496939619
7558,0.42250962505824474
7559,-0.539088690364795
7560,0.6600594929550494
7561,0.7313396628604962
7562,-0.7404932527333405
7563,-0.7501395936589541
7564,-0.6382439958687505
7565,-0.8538812177076797
7566,-0.11307417961730121
7567,0.24118828689065464
7568,0.36375048117657666
7569,0.9406580008744764
7570,0.15396856657412653
7571,0.12270251322593267
7572,0.8957194005736598
7573,-0.3910677439336425
7574,0.21636260077269312
7575,-0.3284068086329855
7576,0.5356872946720086
7577,-0.7736658705633649
7578,0.7968801933327714
7579,-0.23037967777469984
7580,-0.16423764953334444
7581,0.8542426522322306
7582,0.38554581203213123
7583,0.03819295246593668
7584,-0.921821992927219
7585,0.35448924808105076
7586,-0.08030861222157057
7587,-0.008829695830076293
7588,0.8296624922759105
7589,0.47810038448867503
7590,-0.7299743830915512
7591,-0.39464658144101683
7592,-0.028071176120191523
7593,-0.30885225534177674
7594,-0.04851986671548853
7595,0.40517888225636467
7596,0.23536777870415662
7597,-0.5393088997534373
7598,-0.14295043413501202
7599,0.7223297364278327
7600,-0.8632263848544502
7601,-0.9410677082936889
7602,-0.40436048986173534
7603,0.028828070313030304
7604,-0.5472431262640475
7605,0.42064178234424954
7606,0.625673499326368
7607,0.0335722862552368
7608,-0.6250227212613343
7609,-0.3908800359247116
7610,0.7856508413720552
7611,-0.12899111070953828
7612,0.1621565726469505
7613,0.10327588765210739
7614,-0.05818170553161235
7615,0.3066536472195519
7616,0.7074443289538387
7617,-0.7128544652794707
7618,-0.23272478871853047
7619,0.6548914197742173
7620,0.1528286693989792
7621,0.797914804695887
7622,-0.9052269307080338
7623,0.13737987794330908
7624,0.9790754777046633
7625,-0.845675455830709
7626,-0.6034368589011347
7627,0.3810590037140263
7628,-0.7181408853085922
7629,0.40217149460101026
7630,-0.0035250342659388216
7631,-0.3761761164139692
7632,0.6979569885355807
7633,-0.6338120419052847
7634,0.11777000144319598
7635,-0.5114676147282574
7636,-0.020469875527768886
7637,0.2868558801796043
7638,-0.4549759796881908
7639,0.2557675938697539
7640,0.2927338121726253
7641,0.43952566883955446
7642,0.666382620322661
7643,0.5658098763464882
7644,0.09178989272440631
7645,0.06923208794647404
7646,0.25448964165003307
7647,-0.5655280243448403
7648,0.11724434315955237
7649,0.045287405418481454
7650,0.4342975380445067
7651,0.35283383430025556
7652,0.12825312162870792
7653,-0.25756237825173645
7654,0.9582558599872747
7655,0.9238928619453035
7656,0.529371629615015
7657,0.6534887423466946
7658,0.3527617606789358
7659,0.44904775789868867
7660,-0.2759067608772374
7661,0.040218719091917585
7662,0.5182885789735399
7663,0.30279043085192003
7664,0.27979004900733045
7665,0.6536833604548933
7666,0.7521646533118325
7667,0.5267139023614583
7668,-0.052275753947649335
7669,-0.12709851293330265
7670,0.7360832958201661
7671,-0.7892075276269344
7672,-0.8502926841393801
7673,-0.25350034653519715
7674,0.1058321594520813
7675,0.23370233280158437
7676,-0.012474616268195043
7677,-0.15694012663431328
7678,0.532305946440578
7679,-0.7790657161067561
7680,0.3289138106641518
7681,-0.5109036706139104
7682,0.5887705585901173
7683,0.14782471069562958
7684,0.2078846042408437
7685,-0.3141721356956336
7686,0.48184834943226945
7687,0.4189996887250658
7688,0.038031700950673715
7689,0.06428452295895588
7690,0.3196395732774351
7691,0.44823885066857305
7692,-0.394558846063429
7693,-0.8258965062566802
7694,0.3308733843323572
7695,0.552472180371032
7696,-0.5612801755153177
7697,0.020139110646532652
7698,0.30171611542807125
7699,0.4391452261857432
7700,-0.27975535309051186
7701,0.21653686407644998
7702,0.33426240127792817
7703,0.2649218076565548
7704,-0.6311763564294715
7705,-0.2655698777888657
7706,0.19362129064966102
7707,-0.6051305860254935
7708,0.8169673455025163
7709,-0.6147731218370253
7710,0.480345480770461
7711,-0.149981832658353
7712,0.47997678401487887
7713,0.8624757105056902
7714,-0.25639781617030694
7715,-0.34548124165500305
7716,0.5387460245186022
7717,-0.6710452761533812
7718,0.35531943082383244
7719,-0.6477540366985959
7720,0.45006057706797653
7721,0.706216295750158
7722,0.406985685554602
7723,0.5055203872515907
7724,0.44502411263419706
7725,0.6545404233541032
7726,-0.02439303315031997
7727,-0.2824667678131218
7728,-0.2639982275573473
7729,0.5777418213428965
7730,0.20962442196574718
7731,0.8327582966614097
7732,0.8770496473149659
7733,0.6171121745594216
7734,-0.6862826555320967
7735,-0.7881879179227246
7736,0.8708183595488538
7737,-0.19940160210255156
7738,0.7146921661182388
7739,-0.24330821618141427
7740,0.7064930093174393
7741,-0.41095646418211723
7742,0.010715115542092181
7743,-0.10851107599431833
7744,0.035848499853797525
7745,0.601124202045285
7746,0.14684807083392998
7747,0.47294736144946564
7748,0.3334061278504849
7749,0.7371589719126711
7750,0.961139079143223
7751,0.11372830008128312
7752,0.34578210552259026
7753,0.10745427027417304
7754,0.4596984103463523
7755,0.3338406674853466
7756,-0.10086035813379127
7757,0.7558381631093829
7758,-0.04422722192352988
7759,-0.7602195706138986
7760,0.30977750229584655
7761,-0.32314379893707457
7762,0.6402211632589386
7763,0.8670264116587219
7764,-0.23958330428396074
7765,0.044252249355678806
7766,0.44749439553684334
7767,-0.20904631373552007
7768,-0.1490708467092929
7769,0.7423398587794477
7770,-0.3432783992178401
7771,-0.1490550617549143
7772,0.05128289792297294
7773,0.6903181611990538
7774,0.07848296720234807
7775,-0.648922002325888
7776,0.46870224348675116
7777,-0.20990195524401778
7778,-0.6462586771235128
7779,0.29256506188370407
7780,0.5769136860541497
7781,-0.39651672774304925
7782,-0.6765230014664753
7783,0.16689695168143637
7784,0.07692954537190096
7785,0.6870724747752581
7786,0.3381137214391472
7787,-0.10199805450006406
7788,-0.43507979234853905
7789,-0.17703580573597621
7790,0.6156171720873227
7791,0.9020739216545947
7792,-0.7072637229564375
7793,-0.35695099805105174
7794,0.9533108037622512
7795,-0.9386612247696968
7796,-0.10545982646282423
7797,-0.5681988649892029
7798,-0.10508030647067582
7799,-0.8044905491212458
7800,-0.13026030672920905
7801,0.2257765052143425
7802,-0.1451677947177875
7803,0.020577598065675162
7804,0.7064186745186163
7805,0.12129703978150519
7806,-0.1760289169423593
7807,-0.19478814819955195
7808,-0.34355138999549045
7809,-0.6352162365171772
7810,-0.425847966868597
7811,-0.2392158668888378
7812,-0.9916941488092919
7813,0.2288910087020964
7814,0.0007327597732903446
7815,0.37969027857612164
7816,-0.7374896876847573
7817,-0.2962328582346684
7818,0.0926763888755988
7819,-0.41378158731987463
7820,-0.3669978937606496
7821,0.11031148574892674
7822,0.3199357051989468
7823,-0.09767737578563093
7824,0.6613389792892734
7825,0.3929041832897916
7826,-0.36293106313514745
7827,-0.4538843438617057
7828,-0.6107202415759289
7829,-0.37567609024012866
7830,-0.7602990930630983
7831,-0.11647481367705467
7832,0.20896969254255177
7833,-0.20302249295779728
7834,0.6652609335231053
7835,0.39818133675324585
7836,0.5702309066855531
7837,0.11927673891156036
7838,-0.8820782176074482
7839,0.1432306520972859
7840,-0.7211898916059417
7841,0.8640250897758753
7842,0.19936488879040531
7843,0.28181790327464623
7844,0.47744284832031697
7845,-0.15388709322378558
7846,-0.9242672325924004
7847,-0.7679353739344711
7848,-0.40942659500297457
7849,0.6725856811911726
7850,0.9151695593067796
7851,-0.9918877726697924
7852,-0.4941715477808806
7853,-0.1579067952795319
7854,-0.02929604185209875
7855,-0.45580623219222144
7856,0.3195752578121645
7857,-0.5196866822267869
7858,-0.331450247865165
7859,-0.3767503695118356
7860,0.1691029453996041
7861,0.9013162939842339
7862,0.15643216767202198
7863,0.4842255905236915
7864,0.1207430565684273
7865,-0.944789674418932
7866,0.6353334839589626
7867,0.16127244705268348
7868,0.2844118805628791
7869,0.014306660189127064
7870,0.22131501069270199
7871,-0.011977924569535689
7872,0.08474147368461403
7873,0.37842064068792025
7874,-0.7965505521395675
7875,0.04256878725076931
7876,-0.893659858354556
7877,-0.625181339774345
7878,-0.5241409686076054
7879,0.7531178125371909
7880,0.28107372177647
7881,-0.6955573181080412
7882,-0.5632983496849073
7883,-0.1546325435625816
7884,-0.05223349410887906
7885,-0.711369949188309
7886,-0.48306479088094334
7887,0.3566351521951914
7888,0.8665874013612848
7889,-0.42502329568324915
7890,0.48435955943452347
7891,-0.7005572506001786
7892,0.17136721958756732
7893,-0.7708341990073339
7894,0.8229977905395617
7895,-0.01280250168117256
7896,-0.2395962381152988
7897,0.038636307916286416
7898,0.056118283188683386
7899,0.6653380775659248
7900,0.4868218295155059
7901,-0.11880097996262146
7902,-0.09823995064420343
7903,0.8111088049802969
7904,-0.5786031407682787
7905,-0.15482230604602049
7906,0.45797723608117563
7907,0.27362892793104976
7908,-0.004662321283380521
7909,-0.7834266138249313
7910,0.19739106590149316
7911,0.06564302180175251
7912,0.8107507866453396
7913,-0.052016126686883754
7914,-0.45728758916719775
7915,0.2884936980703792
7916,-0.6085110406614614
7917,0.5990403303528394
7918,0.19565041338156455
7919,-0.22687434189925584
7920,0.5292174251476359
7921,-0.5840008563447591
7922,-0.15437343393130287
7923,-0.5991383647444413
7924,0.4709478543810509
7925,0.6764620473260242
7926,0.2868051355619735
7927,0.6708825490860097
7928,0.49754719143570664
7929,0.6342498132864479
7930,0.3687129458609291
7931,0.5049559775333549
7932,-0.2615778004164095
7933,-0.1891358408641905
7934,-0.8957965689250731
7935,0.008666569726827781
7936,0.2980197933020288
7937,0.6091636943372444
7938,0.31281966602573724
7939,0.7607499963709028
7940,-0.3992183957048961
7941,0.39850566316034086
7942,-0.7941555037654334
7943,0.7285258710410552
7944,0.543256932746555
7945,0.015913221938771194
7946,0.22550364578839854
7947,0.893900189037848
7948,0.9144545179325034
7949,-0.17637072383053376
7950,0.29616579253817704
7951,-0.14005181174604434
7952,-0.4524995101629862
7953,-0.7080327487004059
7954,0.08041187996749585
7955,0.3024453791297794
7956,-0.2035708869789136
7957,0.6546623484754595
7958,0.2649255556264809
7959,0.07332767644831976
7960,0.516154703142711
7961,-0.06479148118062719
7962,-0.30072053613517874
7963,-0.32783987703891676
7964,0.11128655106605699
7965,0.13253465680454107
7966,0.3155139344709977
7967,-0.1889824189633049
7968,0.06075401476584319
7969,-0.2876987693947357
7970,-0.42631184720635223
7971,0.2869958403484123
7972,0.58807185795514
7973,-0.6730277178326644
7974,0.6468008694974804
7975,-0.7143479378145303
7976,-0.2611662858302788
7977,0.3539645062027302
7978,-0.5576465578182869
7979,0.5101164500893387
7980,0.5377167579514806
7981,-0.3339511426267558
7982,-0.023292235136895392
7983,0.8444489635971298
7984,0.8835180179103019
7985,0.12147074013523196
7986,0.016460252945252885
7987,-0.643194232790716
7988,-0.5998494541427788
7989,-0.07900410129227851
7990,-0.09271563779237116
7991,0.882694695416849
7992,-0.29937518751648995
7993,0.43893034675056086
7994,0.758669924333641
7995,0.5465272832870347
7996,-0.11121028646617476
7997,-0.07095823449668726
7998,-0.1623835162088687
7999,0.9651437700685561
8000,0.17458750338146187
8001,-0.18893372945727918
8002,0.132115080459055
8003,-0.18679815640887948
8004,0.1540327231510325
8005,-0.30983825845833124
8006,-0.6168243577190266
8007,0.08084437750297153
8008,-0.14420954781338585
8009,-0.6886767172922611
8010,0.4384206329808321
8011,0.6530656631970512
8012,-0.2669859072289109
8013,0.34035172463007096
8014,0.3750299312550067
8015,-0.2540258938405535
8016,-0.08736646711469058
8017,0.3318838507444634
8018,0.4451542659284209
8019,0.35355443308414986
8020,0.7248591394227435
8021,-0.5137845680415547
8022,-0.7382621476265632
8023,-0.5415249918980268
8024,0.13013981375567304
8025,-0.40267683755670025
8026,0.4587010495422765
8027,0.21913187598696499
8028,0.4743835576384945
8029,0.6978606099877701
8030,-0.6257633718742303
8031,-0.5737396030795128
8032,0.12222924800278873
8033,-0.5741069941270214
8034,0.6262012491798421
8035,0.5236501963222284
8036,-0.534365061473302
8037,0.28496986297162086
8038,0.22949955929001845
8039,-0.41650132638956433
8040,-0.10760373113562635
8041,0.30229062179637267
8042,-0.46010692158135197
8043,0.41102620703364656
8044,0.6372003134680202
8045,-0.15788649215320547
8046,-0.6716323424592824
8047,-0.38957983923465955
8048,0.7496465083596067
8049,0.12800130608615556
8050,0.7783928887406469
8051,0.22037446840467848
8052,0.2064413519376464
8053,-0.5100464166291551
8054,0.37984255082867907
8055,-0.5601407278786419
8056,-0.5481775808078974
8057,0.9705053051126931
8058,0.7030330575018717
8059,0.8937988413597457
8060,0.3927006030522351
8061,-0.4044653070152261
8062,-0.22896287519552078
8063,-0.9072096728633456
8064,0.28989016562195224
8065,-0.6748456953254719
8066,-0.7646164222402156
8067,-0.0006482540080200721
8068,-0.3618828396376352
8069,-0.32101718094897874
8070,0.8706667121883896
8071,0.16009512358907219
8072,0.6272193502882987
8073,0.631749944210968
8074,-0.08530077822849778
8075,-0.6549925317378971
8076,-0.438498454493836
8077,-0.7853118752988808
8078,0.16539404256902362
8079,0.23588661946808073
8080,0.6009041555121689
8081,-0.8265013584738927
8082,0.7897649284370087
8083,0.412672531055087
8084,-0.6314562817777168
8085,0.23073828357328735
8086,-0.600146889226002
8087,0.2052492662711815
8088,0.16021963541767276
8089,-0.9546861798975573
8090,-0.4386355706972802
8091,0.34027254249796546
8092,-0.5165848449401563
8093,0.16680139744737113
8094,0.32169263155873823
8095,0.4847410974100157
8096,-0.08108711807437852
8097,-0.48000030401492866
8098,-0.7719324306575593
8099,-0.1839773587235685
8100,-0.2691046628859222
8101,-0.4845015078195988
8102,-0.702962693772189
8103,-0.7419806720125226
8104,-0.22506976502131235
8105,-0.0942741835501503
8106,-0.24253877581928224
8107,0.4189503208421514
8108,-0.9283706826113456
8109,-0.9213323767105335
8110,-0.8847869133245483
8111,0.17452988533603017
8112,0.8868357697172912
8113,0.5169552029576189
8114,-0.7398373129835273
8115,0.007987812115440097
8116,0.04575084900628966
8117,-0.8239535927796624
8118,0.2540967927645609
8119,0.5708382216967075
8120,-0.919893951969752
8121,-0.5400455774054149
8122,-0.03747408017422611
8123,-0.49200050319461425
8124,-0.16430422366173666
8125,0.2952321917676814
8126,0.8364870870482269
8127,0.2733131133767148
8128,-0.46916744165564495
8129,-0.6282581957595705
8130,-0.3023983489721333
8131,-0.22610442226760594
8132,0.15469708914360106
8133,0.6853962499260603
8134,0.43942698942973063
8135,-0.2265659803518344
8136,0.1963840734246759
8137,-0.7660162637959546
8138,-0.32281434712040147
8139,0.5103367211108821
8140,0.7937351533799837
8141,0.2887394523858271
8142,-0.5035228277495426
8143,0.4056005639267776
8144,-0.5950877490306568
8145,0.8402195618729824
8146,-0.7711851844664428
8147,-0.0535584717690382
8148,-0.012521172405869613
8149,0.540162133639507
8150,-0.756730660916301
8151,-0.3013326035475878
8152,-0.08920821924661684
8153,0.39233350851442494
8154,-0.31429741884937235
8155,0.21425791066275937
8156,0.01538759972138812
8157,-0.657623082016579
8158,-0.9554360173939643
8159,0.7225713027585506
8160,-0.6696436376794075
8161,-0.8416606148205309
8162,0.3791809634942755
8163,0.8589141959532446
8164,0.3347515731205464
8165,0.7981613872012313
8166,-0.5591145105313856
8167,-0.29416305031289586
8168,0.8075396681662751
8169,-0.4341907510806413
8170,0.894206331714933
8171,0.506651981990906
8172,0.45287383653415403
8173,-0.41901634438687085
8174,0.0914945560550657
8175,0.5069830116078045
8176,-0.5783229245017966
8177,0.016751521795512342
8178,0.28898831256932617
8179,0.2767376922092988
8180,0.7810103719195771
8181,-0.34644909350000147
8182,-0.5014162461106523
8183,0.23811552542328315
8184,0.11437630544344776
8185,0.038363819594253716
8186,0.44348074573017177
8187,-0.7880282732143312
8188,0.09940653177095
8189,0.695695816888098
8190,-0.04246852740526158
8191,0.4435465381878311
8192,-0.4547464183158574
8193,0.8257607448281337
8194,-0.24884905023995746
8195,0.5202399585973714
8196,-0.10827040491469861
8197,-0.35780036564344536
8198,-0.12580580302195193
8199,-0.3620938489675945
8200,0.4003330279448385
8201,0.4859975863924238
8202,0.1109364865027637
8203,0.4640025525419404
8204,-0.452629112688612
8205,-0.06632966527199974
8206,0.3370886860057383
8207,0.4356500346263617
8208,-0.06688866364157932
8209,-0.03565334040772453
8210,-0.6371981346845985
8211,-0.7826261507442618
8212,-0.16593205398900604
8213,0.36736253270169367
8214,0.27930656938659265
8215,0.7698020085747529
8216,-0.3946461786197644
8217,-0.23358758546475186
8218,-0.31315126188454695
8219,-0.8614423470229982
8220,-0.6081668731091717
8221,0.43644485159942165
8222,-0.4070506493873798
8223,-0.09556366555675556
8224,0.39283052149310854
8225,-0.8235683109727483
8226,-0.1526798147690791
8227,0.39622224266600803
8228,0.14634753181126564
8229,0.22820140094817185
8230,-0.10070822434844359
8231,0.6360916095323074
8232,-0.5530092515685738
8233,-0.3780191929532146
8234,0.5588077424525824
8235,-0.5434765711397672
8236,0.45746140705702065
8237,-0.5306997909529576
8238,-0.7129252484064418
8239,0.6095275627752409
8240,0.4402583110031519
8241,0.14330726463382884
8242,0.5334687543141646
8243,0.8675327073461256
8244,-0.0008254609494829272
8245,-0.8082910174312795
8246,0.9192829872492736
8247,0.33013084777296187
8248,0.027540239747868074
8249,-0.6644452103024513
8250,-0.7516457554741912
8251,-0.10396234320136834
8252,-0.13562347766476376
8253,-0.3337011703414084
8254,-0.9253407317556093
8255,0.3840696124724556
8256,-0.4894787353281249
8257,0.7509970564496656
8258,-0.02951819503772152
8259,-0.7579301081453862
8260,-0.32648571786501596
8261,0.207108094099425
8262,0.8232022420305851
8263,0.5850358311446
8264,-0.6501775014723601
8265,0.9525505984191088
8266,-0.513864316464866
8267,0.0006252654498622834
8268,0.18555871625024148
8269,0.7110712082070908
8270,0.6889748588938028
8271,-0.6320377265314165
8272,-0.009519070619846014
8273,0.4365093105627303
8274,-0.022526061577333112
8275,-0.004907758021847749
8276,0.15226177929990556
8277,-0.2037946370488632
8278,0.17602096609931367
8279,0.7614573363213987
8280,0.8590590241317293
8281,0.06083204279552087
8282,-0.7360182378718877
8283,-0.19411007675189287
8284,-0.3529817792552438
8285,-0.012275430681341092
8286,0.8081372955937023
8287,-0.4335378400169477
8288,0.9589930803011617
8289,-0.707328799256431
8290,-0.0465858531777954
8291,0.2664063905414754
8292,0.34902281150842196
8293,-0.39968992035865714
8294,0.36517719642248825
8295,0.5398607671530867
8296,-0.5465091282064523
8297,-0.06254301305400935
8298,-0.1500535445381312
8299,-0.13079191610146942
8300,-0.3718621809486856
8301,0.2367792090518145
8302,0.34408695912119786
8303,0.31456882282891907
8304,0.3934080231670322
8305,0.7051644049156539
8306,0.5332497803917184
8307,0.17207751210066471
8308,0.7523125974244859
8309,-0.6233358924812805
8310,0.29868871264466196
8311,-0.20803819094009066
8312,0.5600918743198839
8313,-0.3445550193114915
8314,0.08387318231100814
8315,0.4770033603921985
8316,0.25434679814500705
8317,-0.38753093616000067
8318,0.8759031923943202
8319,-0.2343657748639771
8320,-0.4245049498558366
8321,-0.5707031462249598
8322,0.601576596931426
8323,-0.5506612324881611
8324,-0.2381631591832315
8325,0.09395830244538701
8326,-0.821510777197928
8327,0.7759415491275056
8328,-0.7049561968581023
8329,0.31603637205590585
8330,0.3497467101439191
8331,-0.8176629727175441
8332,-0.9244575936374972
8333,0.5829709945079034
8334,0.5344948417024408
8335,-0.19553620545135486
8336,-0.8239780691545872
8337,-0.5858676673698584
8338,-0.9216110161382934
8339,0.3189253853059568
8340,-0.24894639025513662
8341,-0.10487980918232964
8342,0.38461557414782926
8343,-0.18929977607079698
8344,0.3463757136828891
8345,-0.7856759459474189
8346,-0.28402734204289004
8347,-0.18876947771399186
8348,-0.4471916425522683
8349,0.7136682367133567
8350,0.43460905005715533
8351,-0.8334385032271395
8352,-0.05382526299416098
8353,-0.5295451224586478
8354,0.048865333429936916
8355,-0.7551426181345605
8356,0.27563570870605913
8357,0.5112642061940765
8358,0.4643862945592029
8359,-0.6139811504135961
8360,0.11024782994474837
8361,-0.09590153976990129
8362,-0.44267020575782035
8363,0.8334569549839419
8364,0.06521358117519488
8365,-0.07715879686845376
8366,-0.6454820046078605
8367,-0.004292727581378573
8368,0.22037130834595717
8369,-0.028056340129962644
8370,-0.7271835002141018
8371,0.5538341928525969
8372,0.3100858965174161
8373,0.37890966679492666
8374,-0.1976721725284988
8375,-0.5071642242322514
8376,-0.5576421959023369
8377,0.8033391999150541
8378,0.18144382791198396
8379,-0.5868856132737215
8380,0.3513751208649441
8381,-0.34124518700853146
8382,0.5728983049006241
8383,0.2895806173818333
8384,0.8792891076718938
8385,-0.42551004288772964
8386,0.20812122138361877
8387,0.2876629959443621
8388,0.09209037569760793
8389,0.15534717431688375
8390,0.02095349056646251
8391,-0.37504949868982324
8392,0.550983168825028
8393,-0.587127953909429
8394,0.21660596265684953
8395,-0.7242986233148628
8396,-0.8363992754857071
8397,-0.18190181079383938
8398,0.24692154746097722
8399,0.3569355056136994
8400,0.831025265429535
8401,0.7406384041454857
8402,-0.5267139379822416
8403,0.2957348426750554
8404,0.6328442706066112
8405,-0.8727312736307512
8406,-0.5797085700524192
8407,-0.16726958188337984
8408,-0.27067633380279554
8409,-0.14529471219031304
8410,0.8088199844078273
8411,-0.7842170907275066
8412,0.3029049262246493
8413,-0.7282087047927049
8414,-0.6275726860068879
8415,0.19038356385799016
8416,-0.058981941696288995
8417,-0.6430199754139001
8418,0.07672587013025679
8419,0.14021272268428353
8420,0.5817076730917342
8421,-0.40225742712356893
8422,-0.6023186096722877
8423,0.9021585351006065
8424,0.4585366500988
8425,-0.6801961989295481
8426,0.6466781702601687
8427,-0.7089429376087595
8428,-0.9637577663547654
8429,0.4872659790612831
8430,-0.8272167067952336
8431,0.5991924155835635
8432,-0.20571466961758247
8433,0.6580774698146885
8434,0.9138209516240414
8435,0.448633012641585
8436,0.46024961034219175
8437,0.5946375432956243
8438,-0.2811710827695477
8439,-0.29053200305831384
8440,-0.39069312158248554
8441,0.295767986722742
8442,0.7653131206378877
8443,0.4591786541633401
8444,-0.18372239397763004
8445,-0.6915469034490969
8446,0.20870246618591423
8447,-0.45466556976579137
8448,-0.4088339621837064
8449,0.6075785197706266
8450,0.6928709238638465
8451,0.48266392607984526
8452,-0.1630682215651601
8453,0.17986603415994307
8454,-0.229525250113786
8455,-0.9552517951413892
8456,0.2483161147151021
8457,-0.09179980832115582
8458,-0.14723689927958586
8459,0.17479134989935263
8460,-0.7885762053084702
8461,0.8650683920639124
8462,0.5787635649185555
8463,-0.6454512670073878
8464,0.40431412934473465
8465,-0.6903655127526162
8466,-0.6167715495054954
8467,0.4927111350043609
8468,0.7715728484010502
8469,0.6523971196037327
8470,0.10282095402331072
8471,0.2826507851985148
8472,-0.02898540636089908
8473,-0.7068898540119783
8474,-0.4488862197577803
8475,0.31477476493060924
8476,-0.686757741622478
8477,-0.5299707362769713
8478,0.10902095230353606
8479,0.15356370346771658
8480,0.6499237411109067
8481,-0.25508872703653834
8482,-0.24415595041803018
8483,0.777868491109034
8484,0.7768562954489593
8485,0.39211042799014956
8486,0.12330463111227272
8487,0.2109552349501631
8488,0.5209734208044734
8489,0.3273598964509639
8490,-0.24245157327186667
8491,0.5952649795995905
8492,-0.24128308495686843
8493,0.3394360904793775
8494,0.7805236707765659
8495,0.3397525934893241
8496,-0.8583328338689612
8497,-0.013894147623730695
8498,-0.46363385091272297
8499,-0.9509525663357508
8500,0.459000479166307
8501,0.18864382611008362
8502,0.08714572288512866
8503,-0.025158856546762094
8504,-0.5444762620004687
8505,-0.2747425979277634
8506,0.09646371593290241
8507,0.2688081051760308
8508,-0.9747556020115912
8509,-0.9762492903934431
8510,-0.2928724310075217
8511,0.9276280536670737
8512,0.1770048663948899
8513,0.24259154408448214
8514,0.791222216679792
8515,-0.7175167018596639
8516,0.49198423985096335
8517,-0.22466715255932634
8518,-0.27732767453820173
8519,-0.41118748987446535
8520,-0.06655134003469709
8521,0.2617269622293268
8522,-0.6096080701338609
8523,-0.7067690453239742
8524,-0.36255572048154155
8525,-0.37150553030953665
8526,-0.49722215009687565
8527,0.8046896852329873
8528,-0.6592225296645918
8529,-0.28845977580976917
8530,-0.6541646130706881
8531,0.026981461820695045
8532,0.20806154790747539
8533,0.28042842645557653
8534,0.19345650399603767
8535,-0.22096865929753837
8536,-0.519673855211449
8537,0.10548463721786802
8538,0.42782399089992096
8539,0.21239811832255862
8540,0.5058046999035989
8541,0.7328812849371553
8542,0.28943745059464127
8543,-0.8625350082791571
8544,0.903282910302016
8545,-0.19146926398646472
8546,-0.33781221353705226
8547,0.06652923834421755
8548,0.5506803645179924
8549,-0.2978870536979259
8550,0.008365342403748224
8551,0.36149965611520196
8552,-0.29575612732626316
8553,0.35689486103345963
8554,-0.23480122688960822
8555,0.3600404724714835
8556,-0.3730546352573874
8557,-0.5422018948885714
8558,-0.5662287341349937
8559,-0.7323621063254406
8560,0.6066395526318494
8561,-0.6888879199888611
8562,0.35705568187288605
8563,0.5942900876648333
8564,-0.26182302023763104
8565,-0.16943068281754833
8566,-0.7098138829718038
8567,0.4232332969725106
8568,0.07344849442771115
8569,0.2904072518088363
8570,0.23515602152108964
8571,0.4374917503067243
8572,-0.2614850250769792
8573,-0.2841202086968866
8574,-0.41881382236737436
8575,0.25927569352827007
8576,-0.06033310209006478
8577,-0.48127596858315635
8578,0.847296723292771
8579,0.10780686295604397
8580,-0.46761849297671415
8581,-0.6445642635693319
8582,-0.6769129520111421
8583,-0.6513224290010253
8584,-0.6212403153297722
8585,-0.37292498561390086
8586,0.2672343827473071
8587,0.07160851278561292
8588,0.7283317143296801
8589,0.9533523599703028
8590,0.1520144642816809
8591,0.9143257166108408
8592,-0.93815251515612
8593,0.4647574633398593
8594,0.21411696890831464
8595,0.21132536392611673
8596,-0.09113396292892086
8597,-0.43272595901756045
8598,-0.22741927351560456
8599,-0.9235345329935349
8600,-0.06545015916925369
8601,0.8332114940682893
8602,0.305667988277014
8603,0.6090931436800641
8604,0.7433882709986459
8605,0.24942174043588164
8606,0.4717368971785908
8607,-0.642413192586999
8608,-0.9009520903789341
8609,0.7183707383932567
8610,-0.599724743974333
8611,-0.820763013259816
8612,-0.3966551756299804
8613,0.287772734682927
8614,-0.3914296051863271
8615,0.8785163170924469
8616,0.11836129258302354
8617,0.37617823504070247
8618,-0.3061094705637985
8619,-0.6583272421529291
8620,0.4746804450982127
8621,0.9007703287204524
8622,0.5071497459059089
8623,0.6882425698769993
8624,0.8384333835062596
8625,0.03696865820050968
8626,0.8544244662797542
8627,-0.2182223087983265
8628,-0.1261374448811608
8629,-0.01325484222898696
8630,0.15298990001669752
8631,-0.8344962488206566
8632,-0.39378255060024814
8633,0.7449308671170765
8634,-0.3228083147288218
8635,0.27058821886379236
8636,0.669604512389506
8637,-0.32119210877745813
8638,-0.6408105264444683
8639,0.2119372661487016
8640,-0.10105377971626069
8641,0.16536282102773198
8642,0.16246472814118426
8643,0.87836763532547
8644,0.7781499639637269
8645,-0.6243103785712509
8646,0.396510908928509
8647,-0.5006083091147824
8648,-0.4345848075285609
8649,0.7714661924749175
8650,-0.05373138059039819
8651,-0.38360252258533395
8652,-0.1729957828728438
8653,-0.350527657369815
8654,0.5715040442913069
8655,0.31580223429798565
8656,0.4731076337423596
8657,-0.2655535112920942
8658,-0.10459020930720152
8659,-0.13240974985788515
8660,-0.06449761536286602
8661,0.20187136661540964
8662,-0.15186884758509733
8663,-0.020307369666127267
8664,0.8280478390441998
8665,0.2551726589924641
8666,-0.054795265693654026
8667,0.02703001235726347
8668,-0.5294761929961643
8669,0.01618526965504883
8670,-0.33369276106600115
8671,0.09138833979995875
8672,0.1600048282121813
8673,-0.24943124253630805
8674,-0.5316048621599831
8675,0.3718202231685378
8676,0.08273370249539734
8677,-0.6380412164081981
8678,-0.13673578109696702
8679,-0.7631921998659822
8680,-0.42083689143417446
8681,-0.6465203826192444
8682,-0.7657871710704547
8683,0.3808019798541247
8684,-0.33414034883085797
8685,-0.20789639299893609
8686,-0.5908355742506314
8687,-0.12135979311247391
8688,-0.0027861889604444976
8689,-0.6445581076175994
8690,0.5398188565684533
8691,-0.5041317531756075
8692,-0.6390587163933404
8693,0.6913427682351625
8694,0.7814325407981615
8695,0.7020134453820848
8696,-0.5677889361486399
8697,0.36721136543751054
8698,-0.40229056309568434
8699,-0.40829800952437445
8700,-0.21964936404404356
8701,-0.46651819761268154
8702,0.5589309457393385
8703,-0.7246270652317335
8704,0.601162101805212
8705,0.3445620393667801
8706,-0.6353427684234915
8707,-0.3344156989155423
8708,0.7085391225721913
8709,-0.6956314924323849
8710,-0.8901642788603115
8711,0.49043018575508335
8712,0.17120820619137447
8713,0.562763340008214
8714,-0.5857743156248116
8715,0.750704216461859
8716,-0.27927926375545864
8717,-0.6957221486127121
8718,-0.19405222700104088
8719,0.511314186504231
8720,-0.5558867624425736
8721,-0.6112395551476697
8722,0.8576502189161334
8723,0.07317749463434066
8724,0.33134767904147
8725,-0.29172631909373703
8726,0.6802182934812034
8727,-0.3749648702940283
8728,0.6182782142236459
8729,-0.11534515370171722
8730,0.6010407986317593
8731,-0.6026544886770696
8732,0.6820099597882249
8733,0.4054932694371603
8734,0.38193888123648384
8735,0.084110319221386
8736,0.07506094845486375
8737,-0.3001491220540721
8738,-0.39453273508794184
8739,0.5077257089412522
8740,0.8110973135088149
8741,0.5441966969235472
8742,0.9280730419073856
8743,-0.25640036865377297
8744,-0.5399590026000516
8745,-0.6213451177999927
8746,0.319882799369052
8747,0.7253800498620708
8748,-0.2842417978028923
8749,0.38723288197971584
8750,0.9917496901662219
8751,0.5908328534391124
8752,-0.6551666838295663
8753,0.9391331038490487
8754,0.2739883125764992
8755,0.016837062408160606
8756,0.23768180604262554
8757,-0.5223632772871233
8758,-0.13944489673615995
8759,0.8316141746444126
8760,-0.649996099318882
8761,-0.44714240061454286
8762,0.06761959510959378
8763,0.1933699953515429
8764,-0.25812776806406895
8765,-0.7621673250537079
8766,-0.5911405252404565
8767,0.8244325673836954
8768,-0.6026178514323174
8769,0.696810425779477
8770,0.5805597471135758
8771,-0.6719425465888753
8772,0.3697416150420917
8773,0.11220217962604176
8774,-0.9050656143999435
8775,-0.20426736916448818
8776,0.2474595318432581
8777,0.050388075779993866
8778,0.9234917100562018
8779,0.40335980784720527
8780,-0.646965806828643
8781,0.9328116933411759
8782,-0.6197427561167806
8783,-0.6625731534403104
8784,0.39061190150303726
8785,0.6649777111927087
8786,-0.45821574976435403
8787,0.1944397572472771
8788,-0.10582186208257545
8789,0.717813428096547
8790,-0.6209523208352444
8791,0.8830636165037687
8792,0.4122279085014942
8793,0.4694390650378125
8794,0.6104859801232682
8795,-0.9054226003734208
8796,0.21687260047805587
8797,0.2424112773639604
8798,0.25592222620768906
8799,-0.18897792936506014
8800,-0.800466308022385
8801,0.6019119421805944
8802,0.8126170753111548
8803,0.10595116176216016
8804,0.12045147042029881
8805,0.7223537025699363
8806,-0.17653126911024472
8807,-0.5924944755389108
8808,0.3443327437776698
8809,0.9053634761211105
8810,0.6867515703539672
8811,-0.6373913583997529
8812,0.2090045441269052
8813,0.24146430486939657
8814,-0.8799021504280569
8815,0.23179612702537394
8816,-0.33055929869181655
8817,0.7429766789146214
8818,0.029335412827315027
8819,0.435497394839429
8820,0.4522208778395109
8821,0.6413576158591763
8822,-0.030590916601355846
8823,-0.2100083782584428
8824,0.9771767517608937
8825,0.006369974244286007
8826,-0.3466139963550258
8827,0.5165902431087968
8828,0.3480991676829431
8829,0.8159486099984175
8830,-0.21021380187602756
8831,-0.25655343463499714
8832,0.13625462610703806
8833,-0.09423511075387347
8834,0.8067153121231594
8835,0.48559251392977093
8836,0.9337686085638138
8837,-0.23589390572782754
8838,-0.021796392462568648
8839,0.13714654002979845
8840,-0.20202177771694682
8841,0.5299756223966894
8842,-0.39243900507771684
8843,-0.410295363203726
8844,0.3579658454754088
8845,-0.888719370415466
8846,0.26441153085631447
8847,-0.061011222110948324
8848,0.7875012964359643
8849,0.17932891328510098
8850,-0.25715430889498286
8851,-0.6143838294746553
8852,-0.8429359999029872
8853,-0.2505379863375022
8854,-0.1310631602076783
8855,0.20108968866708393
8856,0.9953074764512345
8857,-0.7904201042099166
8858,0.32940164709763886
8859,-0.3250850406295362
8860,-0.5876804221827989
8861,-0.6195597462888119
8862,0.44542049097620623
8863,-0.722651935509319
8864,0.1282645255515781
8865,0.22205808596358984
8866,0.42731572301248816
8867,0.41279002372445195
8868,0.22500170607514314
8869,0.358778623571637
8870,-0.7944189089018715
8871,-0.3432048810979207
8872,-0.3116810553505642
8873,0.06713482418593272
8874,-0.2129103420525935
8875,-0.70995610961136
8876,0.7018859571251965
8877,-0.6093335169843914
8878,-0.5424604200546397
8879,0.6696262114630214
8880,-0.12683970149996585
8881,0.33237149040536
8882,0.5786656165587097
8883,-0.48117082180029713
8884,0.6940388717951536
8885,-0.19943000327385513
8886,-0.07811506810912668
8887,-0.8288473103382342
8888,-0.9202853080699449
8889,-0.6026353575126046
8890,-0.6674230180989607
8891,0.15854972260827782
8892,-0.04350398795688269
8893,-0.6510078140028145
8894,-0.761766808631953
8895,0.935369078745086
8896,0.4972987444733732
8897,0.0910930958839588
8898,-0.1345731666025112
8899,0.3398644833314593
8900,-0.5325180783458173
8901,-0.07381140133752269
8902,-0.27660616096685575
8903,0.46835835497497436
8904,-0.17938517003137427
8905,0.01965931637064342
8906,-0.656396483907911
8907,0.43513978245377205
8908,0.13232003838713446
8909,0.5856871311700209
8910,0.05589367465027111
8911,0.595258043233481
8912,-0.40757435064747927
8913,0.6185201697460969
8914,0.9615421157627384
8915,0.3690496790099316
8916,0.49464386701234864
8917,0.27622940432836884
8918,-0.5296968929033171
8919,-0.4516197511407103
8920,0.8218348469357136
8921,0.14399171442240502
8922,-0.7484400913974707
8923,0.8766568968117551
8924,0.6862048125081733
8925,-0.8174171766494868
8926,0.4446960978889653
8927,0.4397133505202511
8928,-0.9365034919606545
8929,0.1391761206615587
8930,0.15634171652142587
8931,0.48624007739143676
8932,-0.6290172716006591
8933,-0.42784556876334057
8934,0.30862411450319494
8935,0.2669616118827036
8936,-0.7605141777281507
8937,-0.4361210210425494
8938,0.5686387043137305
8939,-0.6878912249339996
8940,0.19099514870956574
8941,0.41405537368292356
8942,-0.6037527819295009
8943,0.6188044109224136
8944,0.12297074989091533
8945,-0.7059348205294624
8946,-0.6793440504479248
8947,-0.7584351318792755
8948,-0.722459809535448
8949,0.612429987773835
8950,-0.6183939448854567
8951,-0.34450368724336533
8952,0.7483375222415144
8953,-0.7477273370004344
8954,-0.6974397949935239
8955,0.4720232929258856
8956,-0.17489738425067014
8957,-0.3570079062727774
8958,0.06312186041426525
8959,-0.3808939850680572
8960,-0.3275086275973158
8961,0.2921138445560435
8962,-0.828612729155039
8963,0.1961311223061153
8964,-0.739438336990661
8965,-0.29695345265672546
8966,-0.8005134974901903
8967,-0.3367535453509187
8968,-0.28501477311644074
8969,-0.13949977355113644
8970,-0.04031400248130313
8971,0.964915036761405
8972,0.3218385629705368
8973,-0.0025292926467598404
8974,-0.571851695110866
8975,-0.29117033731987796
8976,0.38737714089365793
8977,0.18719948550828983
8978,-0.25276698830953415
8979,0.4909308609079634
8980,-0.07001439063847509
8981,0.37278502508173383
8982,0.7841475170349662
8983,-0.1559686029921647
8984,0.010315176350709868
8985,-0.5299038715887434
8986,0.551161192783736
8987,-0.9349971546869841
8988,-0.0030363501113883956
8989,0.7890992799761145
8990,0.09112775460203139
8991,0.6776823271112422
8992,-0.4289482386461571
8993,-0.48211321247559175
8994,-0.7999856823304451
8995,-0.5262212346800609
8996,0.40121112715901636
8997,-0.44959615686474036
8998,0.42884889166485973
8999,-0.597937088926448
9000,0.6820647822035432
9001,-0.01953825582753733
9002,-0.5592364052772247
9003,0.13612856685103789
9004,-0.06937921581500119
9005,0.3740389667033239
9006,-0.3714613514314738
9007,-0.29967162759089916
9008,-0.6941521057299295
9009,0.5483091629604409
9010,0.2982095170649736
9011,-0.7231803422157724
9012,-0.514401024846317
9013,-0.8760599154210859
9014,0.004046455753363118
9015,0.6336457486079978
9016,0.5414162941383003
9017,-0.2661695292995626
9018,-0.771380936337337
9019,-0.5375891188859936
9020,-0.12342534547787772
9021,0.15261499169907988
9022,0.7100081355059893
9023,0.44790210402442526
9024,0.8696324484858563
9025,0.2650343237612556
9026,0.10177774031303445
9027,-0.22168807288198442
9028,-0.8106135430651253
9029,-0.220899531610219
9030,-0.7347181871537087
9031,-0.39660133152789007
9032,-0.2775670373872093
9033,0.07394479426678352
9034,-0.2595910377136184
9035,-0.29713093928608614
9036,-0.4040132985166002
9037,0.0787670870575912
9038,-0.5152476778773549
9039,-0.8295719070667927
9040,-0.33214503914009214
9041,-0.9275560388512214
9042,-0.335006374374867
9043,-0.23339947512350875
9044,-0.35694137102781964
9045,0.5518636178131145
9046,-0.24571549102272566
9047,0.9109358981321233
9048,-0.021908672701672547
9049,0.381920799760566
9050,-0.43182178868780974
9051,-0.6315975461995077
9052,0.9872707705544082
9053,-0.2655913570998231
9054,0.9237729148920976
9055,0.03680198296275354
9056,-0.7786184007186747
9057,-0.7830841930932824
9058,-0.5159447235380767
9059,0.23415181652815428
9060,-0.0007069928629606896
9061,0.21175121102739664
9062,0.2394686945904268
9063,0.4165019359222108
9064,-0.404297714255811
9065,-0.5990669352663607
9066,-0.31212027866358827
9067,-0.1548443776684452
9068,-0.7567646288347815
9069,-0.07296255641492819
9070,-0.5901108627271158
9071,0.19902011788546115
9072,0.14121500568868833
9073,-0.1297209865404612
9074,0.30534335180773153
9075,0.040986806395339116
9076,0.4045520378717299
9077,-0.0986499919613411
9078,-0.4819701335440373
9079,-0.35868172456766845
9080,0.07084648080240434
9081,0.1127216312297602
9082,-0.6230389583131596
9083,-0.4178325227422467
9084,-0.49366754142251734
9085,0.8450281797217103
9086,0.1394792492184973
9087,-0.8674298973687803
9088,0.04827835953319697
9089,-0.7163984816924927
9090,0.25091173000443023
9091,-0.2885100440217594
9092,-0.03000319383583893
9093,0.2233546331009399
9094,-0.3472256723554779
9095,0.6815805277079441
9096,0.03890030769168454
9097,-0.4673674265872557
9098,-0.5338072670747521
9099,0.10610770767498807
9100,0.7964776600194025
9101,-0.237358345584681
9102,-0.3862269807121311
9103,-0.6596312811967285
9104,0.005793728435904082
9105,-0.1090346658345018
9106,0.6431402612368337
9107,-0.4151704014285773
9108,-0.9782804025934154
9109,-0.3116291686639632
9110,0.5152746863492036
9111,-0.9162545506428327
9112,0.34812567961415697
9113,-0.5272534092193059
9114,0.7868878092733793
9115,-0.9470501033367934
9116,0.7045517092690108
9117,-0.07167845542535202
9118,-0.2021969834995362
9119,0.23755640970476283
9120,0.10075775491611834
9121,-0.4588488833243018
9122,-0.02954863241400055
9123,-0.737626524252674
9124,-0.1286149990730435
9125,-0.2557298027009788
9126,-0.09699447057368372
9127,0.3306716988592674
9128,0.6792852238412662
9129,-0.3375486668171654
9130,0.35448113544647786
9131,-0.8271822900141426
9132,-0.32020287980909123
9133,0.05469590590198574
9134,0.5118584301590923
9135,0.16535156701665663
9136,-0.3456887157992262
9137,0.9328095668176475
9138,-0.6219035783373978
9139,0.6142137498163237
9140,-0.18357081080600285
9141,0.976669812031632
9142,0.639554273178484
9143,0.7175418536787435
9144,-0.7227185231021918
9145,0.09181629403314669
9146,0.07706325093469628
9147,0.351498130927111
9148,0.5971521922975466
9149,0.5571005690007104
9150,0.7900042357570713
9151,-0.0007140302426916051
9152,-0.3726546072878347
9153,-0.33493082980899
9154,0.23887169217518603
9155,3.2618307715718296e-06
9156,-0.4760118444684926
9157,-0.4348958551492541
9158,-0.4485581524704994
9159,-0.6855503211106108
9160,-0.4394723868441494
9161,-0.9507552261372256
9162,-0.35852752118815445
9163,-0.39587089021674904
9164,-0.1329597148688689
9165,0.08083126852090405
9166,0.15147320135031028
9167,-0.568540887916708
9168,-0.20648322329385274
9169,0.5693040278556666
9170,-0.41629765138273284
9171,-0.08677336481201584
9172,-0.6562231505923833
9173,-0.40628298259888096
9174,0.511652196598641
9175,0.030638441378450832
9176,-0.3645564022093734
9177,-0.1777752664376237
9178,0.3135287965966965
9179,-0.8519102602404659
9180,-0.02500559604782865
9181,0.39813348399982473
9182,0.0006243149738220769
9183,-0.921304714190065
9184,-0.6981997667019985
9185,0.5219421910087207
9186,-0.04797566957859739
9187,0.8353588583819929
9188,0.5387533640661392
9189,0.7352977320729325
9190,0.6798887866955718
9191,0.532557947088731
9192,-0.5482505711579417
9193,0.29802740983071563
9194,-0.43223403371987146
9195,-0.1804415894781771
9196,0.33946618319239635
9197,-0.7561834746992262
9198,-0.5793030293679453
9199,-0.2576574805111444
9200,0.00048758778911487603
9201,-0.6436139881846759
9202,-0.6859401723551383
9203,-0.1387270727376631
9204,0.48533805060760016
9205,0.12644537355369448
9206,-0.4343216550879183
9207,0.6018138802501313
9208,0.4364594473087496
9209,0.224277588668817
9210,-0.8342956073724771
9211,0.7396542714599452
9212,-0.4980228847920455
9213,0.2635376810276359
9214,0.6791502656086137
9215,-0.03342540460667707
9216,0.11121350869927117
9217,-0.32684855051932726
9218,-0.9527943979282659
9219,0.7931360948176867
9220,0.3386851391206144
9221,0.0011134562385513257
9222,-0.6205297269486106
9223,-0.6302901029468837
9224,-0.29014795282126193
9225,0.5758811318008412
9226,0.6539396375758012
9227,0.7886227903865296
9228,-0.16054628957832154
9229,-0.7799082898213359
9230,0.9714302554573422
9231,-0.2960851784120981
9232,-0.2774933344475429
9233,0.5214095390811425
9234,0.45475309509390394
9235,-0.23907717705233372
9236,0.5792701972300959
9237,-0.3949943939366809
9238,0.35359812220818027
9239,0.5240603064625983
9240,0.1491476416467042
9241,-0.16936718012702037
9242,-0.2139404716281976
9243,0.4818197605620793
9244,-0.8504438658898666
9245,-0.04664732166902017
9246,-0.19670938902186308
9247,0.9017046649986774
9248,0.8407146811387282
9249,-0.10257153075769293
9250,-0.06375513653619432
9251,0.31054179239392915
9252,0.0194427750144811
9253,0.14494736516278856
9254,0.08023436937331396
9255,-0.47350269159382086
9256,-0.04249598690094774
9257,0.03567947686404343
9258,0.49056787043511135
9259,0.1531858072010525
9260,-0.3424937890824382
9261,0.3005489249374047
9262,0.5152109373750274
9263,-0.8021664418197735
9264,-0.045929246116194984
9265,0.03483755094279345
9266,0.04612575434161346
9267,0.3082472903787707
9268,0.005481309878774882
9269,-0.6881345168140376
9270,0.33618797401543615
9271,0.39231974576379214
9272,0.6701430980054144
9273,0.3327688217090956
9274,-0.6415007258493938
9275,0.5711896794322409
9276,0.5847832626067803
9277,-0.40154052736280854
9278,-0.1241133294943328
9279,0.7084812139102005
9280,0.4130503392531297
9281,0.16271108105979903
9282,-0.4527757912550741
9283,-0.06318617154741263
9284,-0.46740876110864726
9285,0.08088119054028894
9286,-0.2236773694892089
9287,-0.7878407000899041
9288,0.16701305426672974
9289,-0.4237725953877266
9290,-0.4440726275320119
9291,0.5834698965055369
9292,0.09980889872400485
9293,0.4793995635622331
9294,0.543435163043647
9295,-0.897830805503536
9296,-0.04189249312548432
9297,0.6563802988880668
9298,0.399040329180741
9299,0.29799452875116444
9300,0.6497494515482979
9301,0.8286681704942045
9302,0.51051103272207
9303,-0.607888278747282
9304,-0.5237157141748867
9305,-0.22582299489742705
9306,0.7921331238241042
9307,-0.7384580002805834
9308,0.42930876914821525
9309,0.20638878167506888
9310,-0.7779260191872895
9311,0.23783602575939075
9312,0.8997010065269659
9313,-0.48417301547709446
9314,0.5652065570560766
9315,0.9796391347058007
9316,0.818434873187637
9317,-0.50051326534632
9318,-0.16214039336344255
9319,0.2690753776183539
9320,0.10172222604815098
9321,0.19224400437523698
9322,-0.667000863837141
9323,0.16048842257275475
9324,-0.43561977764221615
9325,0.692510465525993
9326,0.18675126072097134
9327,-0.8980106799550095
9328,0.3794772616743042
9329,0.4293881266632631
9330,-0.2202082579180103
9331,-0.3747323924502012
9332,-0.5281055926344707
9333,-0.7992894086997007
9334,-0.5739577804202515
9335,-0.39055968538805746
9336,-0.896129710608605
9337,0.30900229535251256
9338,0.3344166298946231
9339,0.6594390023196043
9340,0.5601272523345372
9341,0.46055655778252474
9342,0.17126687374352806
9343,0.17214800191208163
9344,-0.3457872749831639
9345,0.17374275922031046
9346,-0.5848033030465352
9347,-0.2691131887560821
9348,-0.1426686669410244
9349,-0.4864044044184869
9350,-0.29770261832399064
9351,0.23432912981783505
9352,0.3300575188127861
9353,-0.23206064381206729
9354,-0.16630489555423292
9355,-0.7556292237368208
9356,0.0947466242596424
9357,-0.11621554827227125
9358,-0.7401820912022812
9359,-0.6201719267813184
9360,0.007736601596168863
9361,-0.02830167467541029
9362,0.20179012422381687
9363,-0.21430571610880159
9364,-0.4788279218419594
9365,0.44340392293717096
9366,0.18863754970791713
9367,-0.6104373345566674
9368,0.35789340590745916
9369,-0.2933043198074942
9370,0.4213459029739489
9371,-0.7372576653369769
9372,0.6445970419418687
9373,0.12618764137029273
9374,0.4271419476523758
9375,-0.09061900635020566
9376,-0.020073617940902285
9377,0.25846571742729835
9378,-0.046981791371759556
9379,-0.3230404506927382
9380,0.14348912466091077
9381,-0.13240125681817552
9382,-0.17271118210515576
9383,-0.7550590633118001
9384,-0.48170185704730634
9385,0.42898911159658865
9386,0.9202116210949991
9387,-0.794188778591776
9388,0.5476142583876396
9389,0.3211951334542471
9390,0.35816258287650404
9391,-0.9385613250399482
9392,0.6875572460067372
9393,-0.23286037741684706
9394,-0.26139965626101475
9395,0.6510697829204342
9396,0.45878668307349746
9397,0.375017353356834
9398,0.600797919350771
9399,-0.6857136303333635
9400,0.5744365241929102
9401,-0.08790012643466498
9402,0.6113605322557587
9403,0.453345425790989
9404,-0.15450630731491674
9405,0.2754850445336113
9406,0.08055090259749631
9407,0.43255014147009296
9408,-0.03284264175526676
9409,0.40321773961354
9410,-0.10357818360301649
9411,0.8378506061872996
9412,0.021965962530802206
9413,0.5960374657073141
9414,-0.05507676225699264
9415,-0.49092455987696576
9416,-0.32672083950341657
9417,-0.1480085212991421
9418,-0.1726825336961029
9419,-0.6249243943040795
9420,-0.24039043556482045
9421,0.7330958772988437
9422,0.18513495005783315
9423,0.23794853159551385
9424,-0.7115310884261169
9425,-0.13401922573711436
9426,-0.29845228384059314
9427,-0.18610691082107994
9428,-0.052361450278967554
9429,-0.6797897344808832
9430,-0.7220567393719999
9431,0.036847986611812045
9432,0.1478258015180182
9433,0.38205004384143887
9434,0.19704929670364574
9435,0.1253619855472567
9436,0.5241660132476368
9437,-0.11309357849214718
9438,-0.7825076115116292
9439,0.6992183418239255
9440,0.13458432789289557
9441,0.5049676345353267
9442,0.05994907464757474
9443,0.32523981677396185
9444,-0.5954573953989283
9445,-0.5413471218913414
9446,-0.6555209183287275
9447,0.6358044519714462
9448,-0.03230697859892607
9449,-0.1644595226549361
9450,0.6952764826544151
9451,0.44569231794109154
9452,-0.23573513593566703
9453,0.8097245238950521
9454,-0.7151603811197492
9455,-0.4515737995821921
9456,0.47117973357003834
9457,0.5841777405700097
9458,-0.838665618807028
9459,-0.3256116870169977
9460,-0.6010998055332081
9461,0.47977416578515025
9462,0.4088757206985803
9463,0.41518466310496155
9464,-0.9573921676210397
9465,-0.5507398355928558
9466,-0.27106478225979164
9467,0.13842436082736953
9468,0.6788375740055562
9469,-0.26679261872640836
9470,-0.39019019568336527
9471,-0.7409232630731796
9472,-0.44171771261955056
9473,-0.10991898122900677
9474,0.2112535161861241
9475,0.32424369035627937
9476,-0.18844672281882294
9477,0.3191315236398106
9478,-0.06435331878309143
9479,0.1602335432152885
9480,0.3108827207669464
9481,-0.436491479381263
9482,0.5471203455359378
9483,-0.2593708624119697
9484,-0.49172964002128994
9485,0.3585081317534907
9486,-0.4753555716504016
9487,0.4713540228089461
9488,-0.29084461551263574
9489,0.13700674686112
9490,-0.6565536005317708
9491,0.03363003484658184
9492,0.8751453929957818
9493,0.04812319345249719
9494,0.018456650891891833
9495,-0.5556901421870609
9496,-0.2858510185459515
9497,0.43031186337394756
9498,-0.49801690976209134
9499,-0.34677822676451364
9500,-0.7654040610878198
9501,0.4251950981111457
9502,0.5397922214703652
9503,-0.023856842950321717
9504,0.282022476181898
9505,-0.7050624692153389
9506,0.9151018228670436
9507,0.6328961585218705
9508,0.9691483903282668
9509,0.22743092614269125
9510,0.04262983146273351
9511,-0.8868500321961447
9512,0.08384615525290902
9513,-0.5716270136962854
9514,0.861026173312052
9515,-0.11983732668960984
9516,-0.6477056655895204
9517,0.7917093975416626
9518,-0.18803255428928659
9519,0.08966945363748725
9520,-0.7081387384806078
9521,0.2035308025557413
9522,-0.5970866813334214
9523,0.761479848963837
9524,0.23861044432915085
9525,0.127202468114246
9526,-0.08578881321765439
9527,0.273297019889399
9528,0.4256060265161009
9529,0.39039431795304497
9530,-0.4079584514912611
9531,0.8705617931857266
9532,0.37012822514596433
9533,0.32078225177956793
9534,0.05438689988139924
9535,-0.8007334224504048
9536,0.3714560287761563
9537,0.20920672678228486
9538,0.7137276029686231
9539,0.32332053772909947
9540,0.7472735589213919
9541,0.19665801283468215
9542,-0.42276257393121786
9543,-0.9519177148783348
9544,-0.27725984202849957
9545,-0.8175258768122484
9546,0.18471189666054508
9547,0.6940732603453966
9548,-0.7510657589764071
9549,0.38053614872574554
9550,-0.5743841978184768
9551,0.3933829399740355
9552,-0.29296698927519366
9553,0.13890578003020082
9554,0.4939667343955566
9555,-0.6224119379258806
9556,0.19869081908249012
9557,-0.1131619759891719
9558,0.30257492340771897
9559,0.6333461596889307
9560,0.7000256820492768
9561,-0.6617536107449706
9562,0.9287748548961985
9563,-0.5609940565227078
9564,-0.13750450865101538
9565,-0.7165632646883855
9566,0.4107034680367065
9567,-0.35470219108049983
9568,0.11849224043885763
9569,0.9651912948114741
9570,-0.22106647041991842
9571,-0.09818263759074618
9572,0.7628066241817126
9573,-0.6957759871112685
9574,0.18831154584663762
9575,-0.298573040643902
9576,-0.2642788754186817
9577,-0.17815266820293976
9578,0.6087192702362081
9579,0.6199599957682135
9580,-0.42398201999840535
9581,0.33125864053694837
9582,-0.2951013125856028
9583,-0.303902767480333
9584,-0.45776628962674165
9585,-0.9772952339574607
9586,0.7435834377758684
9587,0.8113117488354934
9588,-0.647722046557359
9589,0.317356559027893
9590,-0.29594554317657906
9591,0.5209226900879456
9592,0.6070165894187871
9593,-0.3368676831286572
9594,-0.1423972917189807
9595,0.13444232559627067
9596,-0.48132294449531826
9597,-0.32036625273982827
9598,0.7650753001340739
9599,-0.5403700809277219
9600,0.5407458163952598
9601,-0.43227181116118885
9602,-0.8734273978077425
9603,0.9230840638154459
9604,-0.11459000162565117
9605,-0.2088790782069005
9606,0.00560737702524471
9607,-0.19175912996147274
9608,0.686036023283744
9609,-0.1636855299789127
9610,-0.2623445595522664
9611,0.0012896360308672467
9612,0.4606781720668187
9613,0.5303007130157487
9614,-0.3337915776595102
9615,-0.6311874578787335
9616,0.9203184758546866
9617,-0.254647688347126
9618,-0.6376298402414794
9619,-0.31483053202730016
9620,-0.48588673363708756
9621,0.06599729508863268
9622,0.5670137198799801
9623,-0.5524282183255081
9624,-0.9244049659248211
9625,0.2536377299250314
9626,0.5922548271943895
9627,0.38493414954965205
9628,0.8793946398047423
9629,-0.5588912944943898
9630,-0.9375361231945947
9631,-0.3904705285048512
9632,0.7143766690084712
9633,-0.6775367710135946
9634,0.5666187341967298
9635,-0.46391032385160147
9636,0.4821506354187341
9637,-0.5654495608409602
9638,0.30642781854093093
9639,-0.3140766081761416
9640,-0.06804442892943305
9641,0.32128757170420164
9642,0.0027416105419559283
9643,-0.9471559002733739
9644,0.5163859335840212
9645,0.8190151613813678
9646,-0.34076670483368166
9647,-0.7953962930171011
9648,-0.9592993162206878
9649,0.8967982155888398
9650,0.5073625677567634
9651,0.4956710632806732
9652,-0.4462920110740149
9653,0.30549036052410616
9654,-0.5667470791644031
9655,0.36752777727976305
9656,0.08285864859308878
9657,0.412325426884817
9658,0.1628081939022512
9659,-0.017314325172528323
9660,-0.798099524771854
9661,0.12719580832533398
9662,-0.781765294287289
9663,-0.6093506317175456
9664,-0.4762686961475058
9665,-0.5889484301354837
9666,-0.4433093707814602
9667,-0.058322708801034656
9668,-0.9099399254322562
9669,0.39358653639126967
9670,0.6323852368653122
9671,-0.7577266332067274
9672,-0.5748352392999009
9673,0.7974941377758831
9674,-0.09113062361867202
9675,0.9052963594264818
9676,-0.40517757920099606
9677,0.6313053588116332
9678,0.415920508447564
9679,0.19371039589542244
9680,-0.07907974777932586
9681,0.2642131212171298
9682,-0.13031790178485833
9683,0.25911909612988104
9684,0.949763877095801
9685,0.4197128706724669
9686,-0.6432497544653344
9687,-0.4370317009955757
9688,-0.8727654491981159
9689,0.583879258845115
9690,0.2158494608218341
9691,0.755683122963178
9692,-0.18849916818974946
9693,0.8150310212077104
9694,0.19909573565636082
9695,0.6632102399207916
9696,0.2067273311924179
9697,0.43504944967535725
9698,0.7909145745033699
9699,-0.5886326974870549
9700,-0.08403536997932885
9701,0.5542209403831551
9702,0.6626062909892401
9703,-0.8508810348406806
9704,-0.025084639274338426
9705,0.12519689939078096
9706,0.01737859980690356
9707,-0.6014942942627656
9708,-0.14853870098612248
9709,0.61095137438155
9710,-0.8571041500491416
9711,-0.41026092604733155
9712,-0.11363077858170999
9713,0.6634180045790226
9714,0.40532149575769333
9715,0.16735105296411373
9716,-0.5924216856965504
9717,-0.6295305491453771
9718,-0.6556816489823003
9719,-0.45624257092933523
9720,-0.32558862123255294
9721,0.41611031307979834
9722,0.36230112206760495
9723,-0.03664856849068059
9724,-0.9167565027427262
9725,0.2547170029562341
9726,-0.42347113586660157
9727,-0.3385035134665347
9728,0.3610325642763553
9729,-0.3910697297101955
9730,0.5236515525853469
9731,-0.06812791341893869
9732,0.08937933908291809
9733,-0.013930583906547807
9734,-0.6732553986223805
9735,-0.6624480112071346
9736,0.2826595697865265
9737,-0.20048743023916785
9738,0.1547557837636481
9739,0.2871629388632064
9740,-0.2836000914427917
9741,-0.08736924443855071
9742,-0.4630223615351005
9743,-0.05321298077877751
9744,0.17608490197703724
9745,-0.16829192241942686
9746,-0.3718602786198579
9747,-0.1266535316453724
9748,-0.5566157275098478
9749,-0.2870805849903473
9750,-0.41987713814626265
9751,0.9840558435287968
9752,-0.35590815538669
9753,0.7267229604916439
9754,0.6537306008139013
9755,-0.25700741152885154
9756,-0.6679804390057191
9757,-0.06215877335714564
9758,-0.6442864430436187
9759,-0.5062119775100634
9760,-0.39618906950499083
9761,-0.34418814169776657
9762,0.7945712053407725
9763,-0.17621610310279606
9764,-0.5658403471038224
9765,0.7085252596863446
9766,-0.5078739315474357
9767,-0.353124317878944
9768,0.5308779043086118
9769,-0.8066631767461784
9770,-0.8887110128206551
9771,-0.4847947480482552
9772,0.7087757552446315
9773,0.44853053518125974
9774,-0.11578884472460228
9775,-0.28397820283280945
9776,0.1364577672635309
9777,0.03251004946513252
9778,-0.5475843543317331
9779,-0.04641367361215143
9780,-0.10929263342386969
9781,0.28644788439395286
9782,0.7534441382625078
9783,-0.8275758166525469
9784,0.5878152622507761
9785,-0.9548396607473458
9786,0.11079491348605232
9787,-0.3352949198934062
9788,-0.672736550219892
9789,-0.7673534400897892
9790,-0.5674709026063095
9791,-0.5105307757476839
9792,-0.06482241968931077
9793,0.5212975022803866
9794,-0.1009196850017025
9795,-0.6498755907792938
9796,-0.30717748299343306
9797,0.523505379567169
9798,-0.3765293483579151
9799,0.31151988267076147
9800,-0.9006230793069742
9801,0.22626565314425673
9802,-0.04926776344092406
9803,0.2780893318702587
9804,-0.6737822468119004
9805,-0.11511510791924522
9806,-0.9239715432940827
9807,-0.2237747874285075
9808,-0.4695434340788906
9809,-0.7549597530443113
9810,0.16281223064430553
9811,0.17043105416272497
9812,-0.25041892681932887
9813,-0.12329012957589854
9814,0.5176732531235926
9815,0.2259595555895414
9816,0.45675444641672514
9817,-0.01175967388436132
9818,0.09408285684286072
9819,-0.26424494937091253
9820,-0.22277795791309057
9821,0.34091896022132034
9822,0.043388779551291154
9823,0.5219212800486294
9824,0.4952399445921859
9825,-0.6281972934648409
9826,0.26859731903675504
9827,0.7649638600561174
9828,-0.5400301567653344
9829,0.5185769766491172
9830,-0.4223981514930194
9831,-0.513243985545617
9832,0.007254071054670044
9833,-0.3462940177504409
9834,0.2593638389135716
9835,-0.8983264314192291
9836,0.899083360188908
9837,-0.0840287776875054
9838,-0.3344794027135026
9839,-0.35038379186488144
9840,-0.4843293830315425
9841,-0.27641218673302653
9842,-0.3953550580954964
9843,0.8719313530700904
9844,0.2567118947280057
9845,-0.9448980026352409
9846,0.35996347277378093
9847,-0.6917542705843586
9848,-0.39446787338884626
9849,-2.9546494666411356e-05
9850,0.4516460575407957
9851,-0.06067804169752559
9852,0.6840420856986739
9853,0.21494597716661837
9854,0.5855166419519153
9855,0.43602890272342376
9856,0.636730651436644
9857,0.4960179197555294
9858,0.10389768064624844
9859,-0.3122705439975015
9860,-0.02450414975924454
9861,0.16765458752203077
9862,-0.26624361316308576
9863,-0.3873839855544978
9864,-0.6212251323947722
9865,0.08311927730313284
9866,0.3255676914981013
9867,0.359578989023128
9868,0.8768738396516842
9869,-0.5086348044769274
9870,-0.4198791065354043
9871,0.10580827818618502
9872,-0.4069590172857808
9873,0.7239666129606439
9874,0.6562182394893072
9875,0.003151520948600595
9876,-0.15954485986441067
9877,0.08823678468066899
9878,-0.6452113596248347
9879,0.16384344033010587
9880,-0.6930054975140632
9881,0.03095418498152052
9882,0.5020225228342589
9883,-0.6199149003647781
9884,-0.8060802486784877
9885,0.7349028853358498
9886,-0.9540725990679948
9887,0.045527458332321843
9888,0.7277940451272185
9889,0.6511256782482626
9890,-0.23051864616607734
9891,0.020731154275702907
9892,-0.6118350098682728
9893,-0.4303547611992132
9894,0.7957356134531
9895,-0.12882769341294195
9896,0.7754849486702056
9897,0.1283949362495077
9898,0.60639813148999
9899,-0.7816322403183921
9900,-0.03582890952312095
9901,-0.5727690643692606
9902,-0.08401803830603675
9903,-0.5439848800685235
9904,-0.31417754919183655
9905,0.24426015682659427
9906,0.2768498028586125
9907,0.12299976582828703
9908,-0.8029717627486823
9909,-0.539178088441162
9910,-0.5226729591200107
9911,-0.7567997188123317
9912,-0.2557183817485862
9913,-0.4454039593152671
9914,0.4894528478436719
9915,-0.03490890256521655
9916,-0.8157716450201291
9917,-0.237372212813266
9918,-0.13936503751745202
9919,0.044785324324295155
9920,-0.1536357671295239
9921,0.09625352886839467
9922,0.3053370951964644
9923,-0.7408365887874493
9924,-0.6080137812636182
9925,-0.18587190659613703
9926,0.4891630835010608
9927,-0.6766365920908933
9928,-0.9663133666358547
9929,0.879738164607287
9930,0.5957190825303625
9931,0.9354785471912964
9932,-0.008739484975261516
9933,0.958864964562452
9934,-0.24289672673899837
9935,0.8839589565710456
9936,-0.31455672790882105
9937,0.40231474282056434
9938,0.07293008927573223
9939,-0.7482043993440363
9940,0.2595200015692293
9941,-0.07989337572164669
9942,-0.7023901548920582
9943,-0.7671948413504417
9944,-0.04439113233531013
9945,-0.04703544523194677
9946,-0.40381409484266745
9947,0.1313278089584262
9948,-0.49217845224634327
9949,-0.6050843480143168
9950,0.0023004618348201463
9951,-0.4161196559001344
9952,-0.5953258739578163
9953,0.3589219126490766
9954,0.048733102470722836
9955,0.478448719034917
9956,0.18567691684618648
9957,0.7692597705254548
9958,0.012547924485972256
9959,-0.33981679910698803
9960,0.09830938470933823
9961,0.05584961694077524
9962,0.306937237478945
9963,0.2328622642666379
9964,-0.7007439761262625
9965,0.34750582446888395
9966,-0.33105094462616425
9967,-0.05741877624597899
9968,0.01196220865714587
9969,0.04919321390138633
9970,-0.006048500149330573
9971,0.0311230887506374
9972,0.31275524112347547
9973,-0.9394660963901348
9974,-0.6606981372151303
9975,0.3929319957930736
9976,0.09326222805898321
9977,0.11297029695434252
9978,0.4857558512836195
9979,-0.10241359362925068
9980,0.5416456808048625
9981,0.6599637160140406
9982,0.3113564548743667
9983,-0.33465741420196676
9984,-0.36731059143790357
9985,-0.39160156023324566
9986,-0.10476141452925812
9987,0.4759056063523673
9988,0.5363268334518544
9989,-0.4882420190694454
9990,0.35526507268819824
9991,0.18437177946109823
9992,0.4937991641372242
9993,0.18754496568334608
9994,-0.22816611802436257
9995,-0.5197965466184448
9996,0.32322876873458506
9997,0.14170343443074593
9998,-0.4431241188194951
9999,0.009951279731028953
10000,0.9500884243057703
10001,0.2723647833681059
10002,0.3044427379360289
10003,-0.25735667409411833
10004,0.61382464843385
10005,-0.45102387136046485
10006,-0.5512859722475324
10007,-0.3337144226180864
10008,0.8524837120038005
10009,-0.08962595016053108
10010,0.00978104933668966
10011,-0.5182535233545662
10012,0.7698906747621345
10013,0.11639466768188902
10014,-0.31840838833094887
10015,-0.08441302838930781
10016,-0.5816442616090528
10017,0.145772155021674
10018,-0.6075416959375524
10019,-0.2684999833534634
10020,-0.5403945596458456
10021,-0.15347203116193167
10022,0.6229945416853724
10023,0.8142208677420615
10024,-0.27145828683487194
10025,-0.07897461852084213
10026,-0.9212684998245222
10027,0.9654747898731567
10028,-0.6744967337364832
10029,-0.10120672992690212
10030,-0.48025554585267155
10031,0.5398083882965082
10032,-0.14619542653376963
10033,0.4288450357872734
10034,-0.4495979697237981
10035,0.13338899107976052
10036,0.9227880310359413
10037,-0.21870454727280803
10038,-0.2140527016039092
10039,-0.8881244164260995
10040,-0.7229285187218853
10041,-0.7631140957989446
10042,0.45644841847194667
10043,-0.30170515463548664
10044,-0.024303271408941094
10045,0.6724245813560461
10046,-0.8940721490973377
10047,-0.49815271211946643
10048,-0.30768101494347566
10049,0.547803272519693
10050,-0.8344737934459808
10051,-0.37625087891656867
10052,-0.2719488213338018
10053,0.25523176905482997
10054,-0.05937823628402297
10055,-0.5532827135143362
10056,0.5180042263338834
10057,0.511059139039628
10058,-0.27568691393230116
10059,0.34049809574636014
10060,-0.1337749366302588
10061,-0.09309458826857456
10062,0.19686209531962956
10063,0.48370491586114556
10064,-0.7053378103493331
10065,-0.3314669320403681
10066,-0.0008210976517962003
10067,0.5490463102445421
10068,-0.14598868020094297
10069,-0.8016744492192192
10070,-0.2360799940828881
10071,0.13384065395244044
10072,-0.4315905720979587
10073,0.4405135261877133
10074,-0.47104461019128585
10075,0.7396202128403766
10076,0.5353771668730972
10077,0.03387307261053856
10078,0.5182772571642698
10079,-0.7632809864373283
10080,0.08753042239338898
10081,0.5730642062267379
10082,0.5218895129361707
10083,0.8873787911109173
10084,-0.0267568019156796
10085,0.03781956718490693
10086,-0.48215046358061436
10087,0.44663688659858025
10088,-0.05843187726977579
10089,0.7063956199360477
10090,0.23499896831942316
10091,0.6218917426731436
10092,-0.48755305743959043
10093,0.6709569609897632
10094,0.19038370846852123
10095,0.6556823573879126
10096,-0.30243402636733224
10097,0.8428255101732828
10098,0.09772567245716246
10099,0.14726910147726216
10100,-0.860647355905868
10101,0.40533072501849954
10102,0.1865988514440409
10103,-0.08196314006465033
10104,0.6754530487039236
10105,0.5962406343554684
10106,-0.17252753726922745
10107,-0.28247996370239886
10108,-0.29510402904043337
10109,-0.42773174909107037
10110,0.500411888977682
10111,0.20956135487919184
10112,-0.009952633035316011
10113,0.40927375077762984
10114,-0.6672934994604582
10115,-0.3273986917783468
10116,-0.1374742000996766
10117,-0.12203818193461761
10118,-0.29308310946203514
10119,-0.4017174377043123
10120,0.6905381629837666
10121,0.3119940745458869
10122,0.17035225279165395
10123,0.4432601145539152
10124,-0.5462980380800616
10125,-0.11658816669144242
10126,-0.22658136276550433
10127,-0.3407748205118271
10128,0.5753745857111241
10129,0.5066428662173391
10130,0.21838705358970914
10131,0.3322867249112229
10132,-0.6834192584822872
10133,-0.6721109025168167
10134,-0.7770530250476496
10135,0.8021157209306701
10136,-0.549155466149961
10137,0.10323354448143197
10138,-0.6914464425049066
10139,0.16510791982926354
10140,-0.3154614490937445
10141,-0.8189200451053529
10142,0.3316453989249106
10143,-0.8982845046737972
10144,-0.3058513354271153
10145,-0.057198694285820986
10146,0.32866025094448137
10147,-0.8682003532376136
10148,-0.09742748899785177
10149,0.36650255710300994
10150,-0.5391049629541325
10151,0.32585117382611595
10152,-0.8076356897651831
10153,-0.47710670475723915
10154,0.2501229448486259
10155,0.8021103683670374
10156,-0.7209719975210063
10157,0.43338937205673195
10158,-0.648289276227947
10159,-0.6838286568457591
10160,0.28318976625560455
10161,0.9057322594753314
10162,0.7892569641202901
10163,0.10518988644012188
10164,0.2412334936888238
10165,0.33395311984564574
10166,0.006220448688480352
10167,0.10513120352366581
10168,0.4117210813722557
10169,0.37310026434896526
10170,0.28776856007300666
10171,0.5754481485102533
10172,-0.19831875053390982
10173,-0.020465228845790134
10174,-0.7872484715684827
10175,-0.739986924994966
10176,-0.26148239492420283
10177,0.7821297323646814
10178,0.13051004571585165
10179,0.6558688370220357
10180,0.7736256847255429
10181,0.15739774259984168
10182,0.8545459593214494
10183,0.40120379039714626
10184,-0.7204168403646027
10185,0.6293418529993169
10186,0.32344669424454203
10187,-0.4859068951680805
10188,-0.6967421326082115
10189,0.7659457202401226
10190,0.12344303661966646
10191,-0.6176056958936467
10192,0.2636662744425446
10193,-0.17646913405286704
10194,0.18591155289887554
10195,0.4352074556103747
10196,-0.4529684881513853
10197,0.06065552088924599
10198,-0.6711973872898752
10199,0.014817442725002296
10200,-0.9334871345948095
10201,0.6555331191430568
10202,0.13313781084106585
10203,-0.5561062699471717
10204,0.4998372601544526
10205,-0.20962095867087038
10206,-0.23056806057735554
10207,0.8081975810891581
10208,0.3410876197506843
10209,-0.40556798068407723
10210,0.20032995722333433
10211,0.02796313921568359
10212,-0.5601738799307399
10213,-0.7379083144850094
10214,0.4310500227168852
10215,-0.6212705386999547
10216,0.2868539091321458
10217,-0.4290230633605208
10218,0.9361964991935925
10219,0.2061810463919249
10220,-0.6322528079616955
10221,0.08634600120818503
10222,-0.15013964988814
10223,-0.6181461425165597
10224,0.6227967973200504
10225,0.7899868620419666
10226,-0.8096624279039631
10227,0.23647543784038697
10228,0.12832008473331016
10229,0.3636914965068138
10230,0.20945466523380035
10231,-0.04014262101516183
10232,0.3699592954650875
10233,-0.9217759426507807
10234,0.23625074948228722
10235,0.7014264335853558
10236,0.4764811360719378
10237,0.1791458717023105
10238,0.41401957685425705
10239,0.3260618447081718
10240,-0.2647782493724131
10241,-0.08008180390569768
10242,-0.5246602689300893
10243,-0.8118226520817539
10244,0.25397645023293275
10245,-0.40320429284886367
10246,0.776707167419198
10247,0.2850678157051979
10248,-0.09506853514664802
10249,0.66372925520312
10250,-0.9416757943355516
10251,-0.25365096198214127
10252,0.8578878997273054
10253,0.35582465563528787
10254,0.1568873995843855
10255,0.9415171113959561
10256,0.3401393554712681
10257,0.4185837300297482
10258,-0.5158663756661772
10259,-0.7693184351350676
10260,-0.4442233056150969
10261,0.9018191954978269
10262,0.2543020338559154
10263,-0.9123382822309872
10264,-0.3495599411781395
10265,0.18348911953519198
10266,-0.1393283673894669
10267,-0.08351449782951385
10268,0.17990321948266966
10269,-0.8448840947410263
10270,0.5458355876777465
10271,0.322437121570612
10272,-0.38729775043595155
10273,-0.9116862427595094
10274,-0.30570422170218664
10275,0.3637330960239423
10276,0.9158941343348653
10277,-0.10014873600271805
10278,-0.3513040790682291
10279,-0.17949353930129136
10280,-0.2867475927400899
10281,-0.7498894465362023
10282,-0.6751605908942081
10283,0.21598145026973586
10284,-0.0028884893532691975
10285,-0.5518911299708525
10286,0.305413074670718
10287,0.8513719344117996
10288,-0.4406831956429666
10289,-0.9462482626564652
10290,-0.910397535306643
10291,-0.7718645479375985
10292,0.6262898181625511
10293,0.9267114769198913
10294,0.26688385060984127
10295,0.44918674279748705
10296,-0.8651215474678711
10297,-0.19632502429252258
10298,-0.12290752537868056
10299,0.06572884117523392
10300,-0.07433804144258964
10301,0.6527964436861634
10302,-0.5725368330604726
10303,0.21757951145715274
10304,0.9867683567610687
10305,-0.3674641561822811
10306,0.35355687630429616
10307,-0.27267091349488387
10308,-0.08696049590063036
10309,-0.34317155516619624
10310,-0.680416381342021
10311,0.15172005464303032
10312,0.6177665786558948
10313,-0.5412820218411506
10314,0.17745038280521247
10315,-0.8810234605380387
10316,0.5407226933918684
10317,-0.3171202326896003
10318,0.4501408617397439
10319,-0.24041736394951374
10320,-0.7494353748240558
10321,0.002489068094130257
10322,0.5814345868991753
10323,0.20769659249595832
10324,-0.014782619122737498
10325,-0.25640605901836255
10326,0.8977223321970683
10327,0.20128458469957505
10328,0.8632602492351122
10329,0.07316052226113524
10330,-0.0397246660578931
10331,0.054192092537881716
10332,0.8574242888260002
10333,-0.09383464877054366
10334,-0.5411144401851558
10335,-0.35224504343286017
10336,0.4991977164782852
10337,0.3157150538817967
10338,-0.676210180266874
10339,-0.3519029663171636
10340,0.7017477628761514
10341,-0.6885039175406348
10342,-0.704296213680213
10343,0.41712628165721655
10344,0.8318739409307138
10345,0.1361377429906421
10346,0.6860226604456726
10347,0.20284373179143303
10348,0.22324809400061718
10349,-0.2197479790998226
10350,0.7082862515292956
10351,0.32511930398278294
10352,0.005267818741981253
10353,0.0941385755620929
10354,0.8303095410227197
10355,0.3746088066975181
10356,-0.7141514683227917
10357,0.6352941918326688
10358,0.14258897388505565
10359,0.6059945282940729
10360,-0.36489964970521976
10361,0.6602874242108903
10362,-0.2864107690187589
10363,0.13384149957202912
10364,0.09944209866979234
10365,-0.4680602102055637
10366,0.27435860776110177
10367,-0.5256896907017569
10368,0.9921881245503317
10369,-0.6996168193234574
10370,-0.6888060836806498
10371,0.6776627994374687
10372,-0.05179890945486738
10373,0.40424313349225294
10374,0.20844327977051333
10375,-0.14101066643637475
10376,0.1291046422581827
10377,0.1655740467295587
10378,-0.4094249006915821
10379,-0.5927177114801999
10380,-0.5271510129103608
10381,0.47207436586786167
10382,-0.037314413309431096
10383,-0.14679553278179217
10384,-0.8911777605368517
10385,0.8562094336070014
10386,-0.42882137715501123
10387,-0.491271758283925
10388,-0.4259838931599222
10389,0.09509643875101345
10390,0.9390766182350397
10391,0.8932983757444177
10392,0.2687385810552915
10393,-0.6304060042757906
10394,-0.816905592700948
10395,-0.039737713478369074
10396,-0.8683980485109857
10397,-0.48998951578693384
10398,0.34531380998014655
10399,-0.7120232316021803
10400,-0.10587416513397437
10401,-0.5903367919859495
10402,0.6351100098752175
10403,-0.11208846568481018
10404,0.11112267029265957
10405,0.957411519627557
10406,0.3663120964840914
10407,-0.1689154119268196
10408,-0.4129811610048861
10409,-0.5721412800471396
10410,0.3497096684710443
10411,-0.35214524835343364
10412,0.8287179532295623
10413,0.25082049290365027
10414,0.5993588204352946
10415,-0.06783347380645927
10416,0.014413295778237505
10417,-0.27720087687832684
10418,-0.6327906079866609
10419,0.46892584933999526
10420,0.4087038908489511
10421,-0.414192362623136
10422,0.6006711902691894
10423,-0.6247458560564796
10424,-0.6832065708567868
10425,-0.3613813180704559
10426,0.24190355655060333
10427,0.28218993715075896
10428,-0.6694107638554604
10429,-0.2693517939058328
10430,0.2535219417435237
10431,0.4981005641081195
10432,0.48199225959734887
10433,-0.7551022636761666
10434,0.222105077895388
10435,-0.8792332628317413
10436,-0.6624340597887305
10437,-0.8536909004980712
10438,0.29121601856198864
10439,-0.722933124529619
10440,0.3824094564615048
10441,0.461907341361552
10442,-0.22876759514635142
10443,0.1951937468640059
10444,0.4294659252924457
10445,0.5711220809689407
10446,-0.20467639529589457
10447,-0.3949654468379036
10448,-0.4109245841302741
10449,0.5583513116177145
10450,0.15139177942251195
10451,-0.07723518066833696
10452,-0.2997009461375204
10453,0.11776002408405847
10454,0.7724500397761708
10455,-0.7566660096463601
10456,-0.2512617472626461
10457,-0.001552325597564448
10458,-0.1987471817521619
10459,-0.6402623938363013
10460,0.8036497241126925
10461,-0.8072097913468242
10462,-0.7089320849366324
10463,0.8206602436282219
10464,0.19650336653991918
10465,0.5534362690019281
10466,-0.774499986690733
10467,-0.3990998213200535
10468,-0.6290456762891727
10469,-0.727748152796388
10470,0.2567095342298952
10471,-0.5279945215362442
10472,0.27765473310144617
10473,-0.18814199290960987
10474,0.9524105293916455
10475,0.44197991673038833
10476,0.5598995822512667
10477,-0.18119510918722415
10478,-0.8973475685942567
10479,0.0551027306940555
10480,0.6031493611229095
10481,-0.3846051886943461
10482,0.25558301156732044
10483,0.7403450685959083
10484,0.5729764806177159
10485,-0.7750066011365896
10486,-0.17493421496345696
10487,0.0837640286509402
10488,-0.12414502393910345
10489,-0.3456262998585991
10490,0.7169650707331962
10491,-0.10546907997319409
10492,-0.2701277681646552
10493,0.46351233535128467
10494,-0.7694266695534242
10495,-0.5646683406905257
10496,0.47553462924592693
10497,-0.08345066086895317
10498,0.11891902403788786
10499,-0.6323583784965341
10500,-0.32665553282802884
10501,-0.8617942656049087
10502,-0.64152374020805
10503,-0.25115521172962413
10504,0.7056006703168223
10505,-0.5332475316029558
10506,-0.8503196850573383
10507,0.7513544413430643
10508,0.6878768529884357
10509,-0.8546196843145267
10510,0.7078937888420651
10511,0.23290156645528115
10512,0.05429707178792203
10513,-0.20221627432366604
10514,0.17427388315766001
10515,-0.6766371164300077
10516,0.47267499985778416
10517,-0.6269753084677644
10518,-0.4814272403193834
10519,-0.15343999007484946
10520,0.6587792979851252
10521,0.47812170121596814
10522,0.6043050840557986
10523,0.4810159585944908
10524,-0.27337487487776535
10525,-0.3928691035560928
10526,-0.31905359871461597
10527,-0.3071580341630623
10528,-0.13401277361049116
10529,0.9638217228697897
10530,0.6640422258508597
10531,0.6722155368851681
10532,0.30339494156244634
10533,-0.7879037203974876
10534,0.6042360354212846
10535,-0.4347717703006922
10536,0.8236966541179858
10537,-0.6199794987109162
10538,-0.12700758265251877
10539,0.2515794132202802
10540,-0.06167742906293658
10541,-0.4318800393356014
10542,-0.37219646301198844
10543,0.19962720689250793
10544,0.8733975507220906
10545,-0.007654526288238819
10546,0.9194740379225116
10547,-0.4952859166391681
10548,0.38919091005779083
10549,0.040751557593176765
10550,0.27795321284735963
10551,-0.4416985339293586
10552,0.35899339233910166
10553,0.3102582100229693
10554,0.45614646762957123
10555,-0.4116789404843239
10556,0.376228427397899
10557,-0.18737741930990892
10558,0.06856297490015562
10559,0.6463927926983669
10560,0.3872172664334331
10561,0.5786063381071321
10562,-0.01770302827625745
10563,-0.32425550285423943
10564,-0.31453031766257433
10565,-0.1532533363495742
10566,-0.10691067708320716
10567,-0.18819508455033163
10568,-0.8472917704208532
10569,-0.046056264145489814
10570,0.5887421181497223
10571,0.6237335340661531
10572,-0.7073329851313663
10573,-0.9324386074912784
10574,0.4423183521902601
10575,0.46264178091045427
10576,0.3026992119016116
10577,-0.8044119579712818
10578,0.1655861997528868
10579,0.5055745797467306
10580,0.4027415123615487
10581,0.17805525342399178
10582,-0.060218242636745946
10583,-0.7199535852191656
10584,0.05443830924430431
10585,0.07520900054818155
10586,-0.2891985052847265
10587,-0.24273614217475525
10588,-0.4617421104453153
10589,0.20045991897810858
10590,0.16150509854700545
10591,0.7320675700431603
10592,-0.21823535869339286
10593,0.7860383999543227
10594,0.9901021877561262
10595,0.4604328578843963
10596,0.19253256088603324
10597,-0.10704572077814063
10598,-0.5218238212067029
10599,0.0104798365514184
10600,-0.5622438400928815
10601,-0.9679064465252684
10602,-0.7985199699042722
10603,0.05843408144996683
10604,-0.07907865858653582
10605,-0.639440001134857
10606,-0.8874583584850595
10607,0.3779508113751124
10608,0.5969667631017864
10609,-0.6446656361491361
10610,-0.1451598826736357
10611,0.05749272906821928
10612,0.07479472924285027
10613,0.7932202584866191
10614,0.2424755421647344
10615,-0.9278081973083782
10616,-0.26412895623501037
10617,0.8058743538724831
10618,0.4121386898053064
10619,-0.6658882255055525
10620,0.8619930644040121
10621,-0.9583533788994657
10622,-0.791663558671929
10623,-0.6783926009053525
10624,-0.3177468752637766
10625,-0.7720973244369366
10626,-0.2649146048726634
10627,0.8198570250707481
10628,0.3978586053207909
10629,0.3685064298545074
10630,0.8002875008932344
10631,-0.13846170320284945
10632,0.3118801462848561
10633,-0.6722898838997323
10634,0.21428352383610813
10635,-0.038587161738735054
10636,0.17145334348084737
10637,0.3909139962038103
10638,0.9377806807059887
10639,0.03463675412181266
10640,-0.4013195700182904
10641,0.02456192464261996
10642,-0.024284028570283243
10643,-0.08982572706540153
10644,-0.6897658054177565
10645,-0.3444245962404004
10646,0.3405715356707452
10647,-0.22941253066675862
10648,-0.536007648363775
10649,0.15645097325773932
10650,-0.041905700124919155
10651,0.5706977943089449
10652,-0.7801829375904673
10653,-0.3040102162897759
10654,0.4513471137719901
10655,-0.4946338209395062
10656,-0.1221359675501855
10657,-0.7286891377300644
10658,0.2598651348163694
10659,-0.34987341938326477
10660,0.8644252633469722
10661,-0.29000712746365287
10662,0.4738541265542228
10663,-0.942961745308122
10664,-0.4761295984231356
10665,0.7400395951137602
10666,-0.45336506701860546
10667,0.3098580725259884
10668,0.5956386655739823
10669,0.3342988961806631
10670,-0.7267062427017961
10671,-0.8566584195015741
10672,0.5181847541515192
10673,-0.3121445665678086
10674,0.009843760838412444
10675,0.4851515779041494
10676,-0.5817600104320083
10677,0.26551532328275407
10678,-0.625957983514683
10679,-0.20112357885018067
10680,-0.12059081211268735
10681,0.9470587716128426
10682,-0.3348021868050651
10683,-0.25754760131977267
10684,-0.4934890955117831
10685,0.2896413216667167
10686,-0.21784658590070746
10687,0.5830937937534428
10688,0.006335007657482963
10689,-0.28106819315457343
10690,-0.49518994194448807
10691,0.8205064943991939
10692,0.427319447948137
10693,-0.14138636041861935
10694,-0.05080541294879906
10695,-0.3265016689826367
10696,-0.910755103924971
10697,-0.0007611074266417884
10698,0.9091796257911402
10699,0.4148911732802996
10700,-0.5421368166807207
10701,0.13132001468316312
10702,-0.2712836009068603
10703,-0.5683892502364402
10704,0.7188485181359078
10705,-0.26495920167396253
10706,-0.5464374089021764
10707,-0.0062997118302176
10708,-0.48392976466927273
10709,-0.7536728833682136
10710,-0.31264908188882323
10711,-0.46050949815805137
10712,0.5855868857672573
10713,0.03522482940663556
10714,-0.5365321555861209
10715,0.06708810416392913
10716,0.6722029709112448
10717,-0.3372706599094999
10718,-0.7213628948078892
10719,-0.27939396236119746
10720,-0.5973001600749176
10721,-0.04403089954318518
10722,0.2636970211227413
10723,0.14314316526145546
10724,0.14799414970093275
10725,0.637107133265147
10726,0.30830244929065814
10727,0.4596650955017389
10728,0.1565051252801913
10729,0.6064823559032426
10730,-0.26772391745611257
10731,0.4603611379871341
10732,0.8479634299228537
10733,-0.917905734395988
10734,0.9624261154197361
10735,-0.08209928980941697
10736,-0.053394317158435185
10737,0.020146372188508562
10738,0.6116622514052431
10739,-0.8295911135560688
10740,-0.41042999607661323
10741,-0.30390835578840286
10742,-0.046147664504075155
10743,0.05188524372389946
10744,-0.0017966797558197215
10745,-0.7224235969039986
10746,-0.5997767727942659
10747,-0.012747463880820481
10748,0.9718487096900791
10749,-0.31208796094676416
10750,0.7580376567159893
10751,-0.588631925143199
10752,0.4413207151225201
10753,-0.478788239763877
10754,-0.9827527441781222
10755,-0.22150592509351694
10756,-0.08569527734040851
10757,0.24641030993011595
10758,0.20884866316046488
10759,-0.5024460991114316
10760,0.1437668894559383
10761,-0.6572453701371527
10762,-0.21629631862663468
10763,-0.9852608502062671
10764,0.012289732918883106
10765,0.6752006591748387
10766,0.19899756094287227
10767,-0.12525069250866247
10768,-0.26103755040956317
10769,0.9570012833363093
10770,0.15279164816062937
10771,-0.472838972958693
10772,-0.8998973202834984
10773,0.4921384424266703
10774,0.5019371522040943
10775,-0.6648524513712188
10776,0.2315828915515192
10777,-0.8079604460238233
10778,0.5956026211677777
10779,0.6322045915569501
10780,-0.04635566563115611
10781,0.014409862604719874
10782,0.6815266081219433
10783,-0.4306038244482385
10784,0.5310925441180812
10785,-0.05952159070784662
10786,-0.7706258345409468
10787,0.050838533483873634
10788,-0.910980131384283
10789,0.013862353675569218
10790,0.8441708052147544
10791,0.043155645068589744
10792,-0.1226746594041406
10793,0.46615279070883875
10794,0.872784170136726
10795,0.9398159129019171
10796,0.3267928611654612
10797,-0.20656603523472258
10798,0.3716458484662569
10799,-0.02660862420545662
10800,0.5346202965904264
10801,0.43092761450565553
10802,0.6375541692760766
10803,-0.7448402683003158
10804,-0.28680185067013886
10805,-0.38871723390396834
10806,0.7985327567879885
10807,-0.1310206636719195
10808,0.36962515774260024
10809,0.13062992798816603
10810,0.44627324501226384
10811,-0.0020572981395667383
10812,0.7280697998164107
10813,-0.4351522226062366
10814,0.13887859328823032
10815,0.4836464739210386
10816,0.32080389476503707
10817,-0.3712359265449439
10818,-0.15954361754134047
10819,-0.09704609994906624
10820,-0.29687669582620746
10821,-0.43903586008599754
10822,-0.41172532548323265
10823,-0.0892175632455001
10824,0.05681384080627835
10825,0.8719009818248857
10826,-0.5680131415778826
10827,0.3516501798204352
10828,0.1756717139838733
10829,0.9147217013099974
10830,0.06649311452616383
10831,-0.6481367943898889
10832,0.12973826365928126
10833,-0.916101570113595
10834,0.218779959672143
10835,-0.20336544701622217
10836,-0.27084936436175167
10837,-0.8782231204087757
10838,-0.4095278935171189
10839,-0.8544853827950976
10840,-0.6251160871997361
10841,0.09761960391363758
10842,-0.5664165162852242
10843,-0.5396518540138463
10844,0.31886776265920863
10845,0.4502083477796805
10846,-0.5653555764100455
10847,0.274334785344507
10848,-0.5244756518343281
10849,-0.7373483660469599
10850,0.4606964072529655
10851,0.7510760286411671
10852,-0.5379447366278953
10853,-0.407857763831279
10854,0.8971805432627056
10855,-0.21056206106829337
10856,-0.40112069011652807
10857,-0.3837315544142027
10858,0.6993399107692737
10859,0.6988873776508817
10860,0.11457325907290754
10861,0.15327910511634318
10862,-0.26728012912985993
10863,-0.5289169948055754
10864,0.7607320103848466
10865,-0.16482425878008503
10866,0.07148915360365297
10867,-0.9603514980584242
10868,-0.6269480401099092
10869,-0.5682984622885394
10870,-0.3702933133583386
10871,-0.5268535193528999
10872,0.20061384905952825
10873,-0.7621084815061031
10874,-0.17413517909848877
10875,-0.37431619812271955
10876,-0.6955066608826812
10877,0.40121849339509724
10878,0.30931330628052706
10879,-0.30267362781156265
10880,-0.27395979984536845
10881,-0.6383435000451267
10882,0.08712725031195746
10883,0.010026659091220863
10884,0.8978046024361397
10885,-0.43591286487538594
10886,0.4708532617166229
10887,-0.12565293100605668
10888,0.16249100058855578
10889,0.48996067696973367
10890,-0.05771831764185698
10891,-0.0862447349180645
10892,-0.03982704844856943
10893,0.1884173440346136
10894,0.06672495610021753
10895,0.4225280091020877
10896,0.7551114606110171
10897,-0.3336587736547574
10898,-0.4549739221389968
10899,0.2512258269311535
10900,0.8606063925639075
10901,0.7081266263913559
10902,-0.42910543635636517
10903,-0.4569720054845884
10904,-0.7730188268984145
10905,-0.12093059922715171
10906,-0.26432997545112275
10907,0.2521822800200473
10908,-0.15864955565785066
10909,0.632987846597135
10910,-0.16211902262312222
10911,0.39349180032711206
10912,-0.35850770587763225
10913,-0.7169776910310466
10914,-0.11988967232884365
10915,0.7967108863222264
10916,0.6287587158643946
10917,-0.450550533302377
10918,0.7731912101870777
10919,0.2594346991828364
10920,0.8676069380101153
10921,0.612581812118617
10922,-0.14604959382168825
10923,0.25696345053682484
10924,0.7272053252765718
10925,0.7422501886365542
10926,0.03545687119991522
10927,0.5687387586564939
10928,0.2102929077192903
10929,-0.4592521819814765
10930,-0.8796837912094206
10931,0.13504091682690988
10932,0.21447000736758629
10933,-0.665093544670627
10934,0.6674322097592252
10935,-0.19594989166110835
10936,0.37195471160134636
10937,-0.028541555832166176
10938,0.44222798387570506
10939,-0.4695144908187273
10940,0.2434588378865513
10941,0.9341343289812711
10942,-0.07258021978915516
10943,0.2113578206981084
10944,-0.3999313602595609
10945,-0.5660420059737801
10946,-0.2914529262448789
10947,0.8174354431136578
10948,-0.03346085580058808
10949,0.1721278188955861
10950,0.47752684103427145
10951,0.2414207494799646
10952,0.24310067162025534
10953,0.7972104537083103
10954,0.3284216504178113
10955,0.6140893889221873
10956,-0.6500610858864595
10957,0.2981670532084373
10958,0.2027370044468863
10959,0.04768952248970985
10960,0.5063323654772056
10961,-0.4497862987310511
10962,0.8151363256977848
10963,-0.5975752877693888
10964,0.1077147325571313
10965,0.42576640848139846
10966,0.2818409545900818
10967,-0.6799702437766759
10968,-0.057197389194930434
10969,-0.30314803124683926
10970,0.7996329762093455
10971,-0.887278179402237
10972,-0.6942701118906613
10973,0.2503942187566742
10974,-0.76056667081577
10975,-0.42247284160342397
10976,0.11827906229750355
10977,0.2872689893525
10978,0.1357768912466866
10979,0.5927644592277295
10980,0.37816873012385244
10981,0.8195312207429201
10982,0.004691564839419411
10983,-0.5575399430966385
10984,-0.5136139244247989
10985,-0.4522674253808669
10986,0.4541019130594967
10987,-0.0917637415866893
10988,-0.6542815944798079
10989,-0.8316596797484006
10990,-0.40819025723916874
10991,0.4661600556274928
10992,-0.4492333972551566
10993,-0.4128492145693272
10994,-0.35111737806032883
10995,-0.30922503419858416
10996,-0.4153368929470574
10997,-0.13314087527810886
10998,0.27522197570916423
10999,-0.6423846053130123
11000,0.11369260582038365
11001,0.5960611378703348
11002,0.7623836852278322
11003,0.6089457806676394
11004,-0.12800057932799624
11005,0.16915917704834488
11006,0.3983046754886003
11007,0.38184136968170734
11008,-0.8597935524277929
11009,-0.49042695906132766
11010,0.032429005902144294
11011,-0.7125898194872804
11012,-0.37981441804930266
11013,0.03808580738823371
11014,-0.3938305199073548
11015,0.16083320540119808
11016,0.3133492926895733
11017,0.0020810191118616392
11018,0.5362872933275624
11019,0.1966307581081913
11020,0.34123783133644703
11021,-0.7686056484618065
11022,-0.48608036393775284
11023,-0.7677597955536916
11024,-0.9228313342623301
11025,-0.654567251920918
11026,-0.31162088327745807
11027,0.5243194601836093
11028,0.3937605123051296
11029,0.24731029603261961
11030,-0.5344044533118592
11031,-0.37318668912488995
11032,0.5427272048944569
11033,0.1323152393762263
11034,0.9018894243197709
11035,0.17495668839901665
11036,-0.378706658635245
11037,0.5018977029680356
11038,0.8437080967268017
11039,-0.6267505366398327
11040,0.6463672532567117
11041,0.4814004797025464
11042,0.43862097821378915
11043,-0.11383411196494064
11044,-0.45846348129437425
11045,0.8911084709598942
11046,-0.43158554738926336
11047,-0.08467597413359977
11048,0.2583524279815279
11049,0.31336803674661
11050,0.09053656645579884
11051,-0.5683670332911098
11052,0.36052433727442823
11053,0.051763351609246895
11054,-0.1844194542790544
11055,-0.5686473792981569
11056,-0.12500721646575472
11057,0.26850709708423615
11058,0.5434503240901761
11059,0.31472440956497993
11060,-0.758199404306009
11061,-0.02510859842421733
11062,0.4924851044843257
11063,0.06334435425484042
11064,-0.8279560117595212
11065,0.03506710207560766
11066,-0.629902573824486
11067,-0.2707181705234525
11068,0.30545310368440975
11069,-0.047903423243786374
11070,0.6025085375823402
11071,0.6383940178433279
11072,-0.7221918963705073
11073,0.4908870134237402
11074,0.5518303159572641
11075,0.5184356519348512
11076,-0.24204794721454567
11077,-0.6142259845937378
11078,0.11682580649529839
11079,0.513939242085795
11080,-0.7671597491043568
11081,-0.4698477833378229
11082,0.6492783900433424
11083,-0.9686555257784178
11084,-0.39289259449032626
11085,0.2848870616138569
11086,0.68630123565108
11087,0.6060316875125995
11088,-0.03925809555833572
11089,-0.7323960899505341
11090,0.2952926506405218
11091,0.5555392080674229
11092,-0.1488433667217345
11093,0.08682253662048312
11094,-0.14388810502078775
11095,0.13376406930184667
11096,0.5610334370226099
11097,0.5668586747501364
11098,-0.9251310931822699
11099,-0.4940575960146727
11100,-0.4317874421932784
11101,-0.7814836556400689
11102,0.9247135488725976
11103,0.6385935966011734
11104,0.7123720312090913
11105,0.8837306633785271
11106,0.7397562394726487
11107,0.978482564258804
11108,0.43541006363676144
11109,-0.15110628917300667
11110,0.5139966065214843
11111,0.4718975803306785
11112,0.2341075110500214
11113,-0.2684608899791542
11114,0.7147586928557209
11115,-0.3538444450950051
11116,-0.8950865044404955
11117,-0.30159838985225673
11118,-0.9202896789234061
11119,0.3696488953006494
11120,0.02490196696877673
11121,-0.29312504677822404
11122,0.17726330919974898
11123,0.23326501980762973
11124,0.8752720993120763
11125,-0.6449213802192275
11126,0.29890110166057143
11127,0.570694246414724
11128,0.44381833575896246
11129,0.4774659130264458
11130,0.6136855661403245
11131,0.5410518148345141
11132,0.5802686387601044
11133,0.38015632385352827
11134,0.3861084628957398
11135,0.9253729843245219
11136,0.5572850318526056
11137,-0.5884675982013057
11138,-0.1528974273606517
11139,0.8778583231448945
11140,0.5220318964922277
11141,-0.3211883290795956
11142,-0.47655893615820116
11143,-0.09597023160699837
11144,-0.21226069554565888
11145,0.6104344977745116
11146,-0.08390315454493226
11147,-0.5102087898518951
11148,0.5995128821467969
11149,-0.5790019662219765
11150,0.542478488557541
11151,0.7504538396013424
11152,-0.7667176544920128
11153,-0.7365001835401968
11154,-0.6547220567150269
11155,0.15577906037049655
11156,-0.5035586280371822
11157,-0.6288275491052872
11158,-0.1132538973839438
11159,0.11707855511778716
11160,-0.3197140996245281
11161,-0.08704125029102
11162,0.6344480546490657
11163,-0.5967356020326929
11164,-0.11960551459458767
11165,-0.7973356256828801
11166,-0.5558916811500864
11167,0.4747559646933552
11168,0.272965324115766
11169,-0.034923205690313375
11170,0.2822954535235199
11171,-0.5339111713867132
11172,0.35873536122066024
11173,-0.0829423133603765
11174,-0.4523325359165169
11175,-0.1914706026402124
11176,0.45275647914610423
11177,-0.13342183067718702
11178,0.2572703195087674
11179,-0.2891351033675214
11180,-0.13459589321676294
11181,0.6832412839117931
11182,-0.814679334643076
11183,0.05081974878771838
11184,0.23333064762536126
11185,0.5617954132068098
11186,-0.4357141321124122
11187,-0.5310288428595517
11188,0.7276922096303192
11189,-0.4752649094758532
11190,0.7614924038034162
11191,0.3412806669128949
11192,0.5017792411297488
11193,-0.17718461604210314
11194,-0.07400747687616094
11195,-0.5275516548729255
11196,0.5514606305961052
11197,0.4635901287586832
11198,-0.8800754286667447
11199,0.47308131774830564
11200,-0.42666739023037603
11201,0.42438991690997113
11202,-0.3631440726687862
11203,0.3799503549735643
11204,-0.4688875347620099
11205,0.24353876348817924
11206,-0.45753933258800494
11207,0.6155294364623145
11208,0.5023893937115839
11209,-0.6140822098165842
11210,0.4703056228197466
11211,-0.4828337715656762
11212,-0.08177547642725204
11213,-0.2616099154571592
11214,0.6656447921435279
11215,-0.894696026598096
11216,0.10292530963474328
11217,0.38966281953684306
11218,-0.7078855070344353
11219,0.5609014420676077
11220,0.32286544471328565
11221,-0.23665657533366677
11222,-0.06602468931356871
11223,0.018191936718511215
11224,0.5940161154789585
11225,-0.7820371870056394
11226,0.09019422218598029
11227,-0.6326033404363347
11228,-0.11123051403860303
11229,-0.08831215262673046
11230,0.09409531966730028
11231,-0.660295098970805
11232,-0.8772868003867205
11233,0.511152767043182
11234,0.19327367806775916
11235,0.21599937496812605
11236,-0.32215533518280376
11237,-0.33883522242545966
11238,-0.40847030707109727
11239,-0.4647446221179185
11240,0.2170100109117198
11241,-0.3624298942961506
11242,-0.11354377256709623
11243,0.31769970682101595
11244,0.2725727613779694
11245,0.4359649333676038
11246,-0.2636718886481606
11247,0.2251553547853755
11248,0.06342257506076633
11249,-0.2097572182480541
11250,-0.366248547953361
11251,-0.3650594191686133
11252,0.11598294144195645
11253,-0.05019993820677447
11254,-0.5748121510907025
11255,-0.25441114405654897
11256,0.11640647309608523
11257,-0.4400329422584193
11258,-0.5799688728191206
11259,-0.3722368358504082
11260,0.48166335356040263
11261,-0.4312726638594118
11262,-0.7780237571961204
11263,-0.493822512308418
11264,-0.8965276814111934
11265,0.26840321507982323
11266,0.10722869647602055
11267,0.8559457810562179
11268,0.7324769523599086
11269,-0.03907957107280136
11270,0.7345768082948995
11271,0.0844653497069264
11272,0.20111894510099226
11273,-0.19760296328232782
11274,-0.3121726764668399
11275,0.22978528094465484
11276,0.01782468205711058
11277,-0.11979125839192686
11278,0.1801882460516166
11279,0.11879988013380238
11280,-0.42210735277229944
11281,0.6967294415754357
11282,-0.9075580902085096
11283,0.6642368491691747
11284,-0.5642433435384849
11285,-0.29000702173733567
11286,-0.6890751684177677
11287,0.07444310585407733
11288,-0.7687960011410262
11289,0.4165370827266206
11290,-0.0742019162164137
11291,0.8127951779266733
11292,-0.2431514402440582
11293,-0.022532151646581056
11294,-0.7785405987380447
11295,0.5808296347707865
11296,0.46182927041402955
11297,0.4392278327000878
11298,-0.7415822170487198
11299,0.01986008078635986
11300,0.1873929845762362
11301,0.21323871893413052
11302,-0.36639300249083134
11303,-0.35242060298825323
11304,0.44962180592566314
11305,0.0763780880990124
11306,-0.09733179719132293
11307,0.3384620998075324
11308,0.6881363044861651
11309,-0.5098045749286939
11310,0.24855951245581628
11311,-0.8483612844967696
11312,-0.2151678860171814
11313,-0.2594297764214312
11314,-0.589459721030614
11315,0.6156519514206334
11316,0.9926362603574264
11317,0.035433935189738766
11318,0.4986487653693391
11319,0.36229501552658794
11320,0.2242454801409113
11321,0.3542120460603784
11322,0.3546298283102564
11323,-0.11569686604429134
11324,-0.28117590397470404
11325,0.32371813772811736
11326,-0.3659051540854388
11327,0.21312620622801912
11328,0.16825596929390163
11329,-0.4870258428380324
11330,-0.6695155814897676
11331,-0.5399229132443676
11332,-0.9668768511736061
11333,0.2979674122415089
11334,-0.16591732011249433
11335,-0.036581219549357905
11336,0.30609556655725373
11337,0.24959493358580717
11338,-0.0712597497458583
11339,-0.29571519650694067
11340,0.40892369141119306
11341,-0.06872467204032146
11342,-0.554533563297073
11343,0.7853162287254524
11344,0.05819485395894059
11345,-0.2797026404528775
11346,-0.5668056162575515
11347,0.2076051993977811
11348,-0.29178977762986846
11349,0.5521959511667386
11350,-0.28921713271118576
11351,0.649878769479741
11352,0.19565582534644468
11353,-0.5036449719533834
11354,-0.372097791383445
11355,0.4169987035832505
11356,0.4707686841520177
11357,0.5113546779748711
11358,0.5361656366356642
11359,0.9326183900478581
11360,0.1775138595133374
11361,-0.6394348179523113
11362,0.5600671790578085
11363,-0.1856085763470725
11364,0.41318799507533355
11365,-0.182240404751307
11366,-0.4769496607435469
11367,-0.5294512340453207
11368,-0.2510318463042408
11369,-0.9436993165209325
11370,0.5910527751396788
11371,0.8344386494437024
11372,-0.6658348640117296
11373,0.2761714467539369
11374,-0.06965685980442893
11375,0.6608318089377241
11376,-0.08250615444817012
11377,-0.2835978040818353
11378,0.6617665371593112
11379,-0.5001820752208181
11380,0.010249689846313791
11381,0.666403021943939
11382,0.54868220492321
11383,-0.18916945950311562
11384,0.6488821142834129
11385,0.24524820571085548
11386,-0.5450519843520291
11387,-0.7505647425391281
11388,-0.6289169265251048
11389,-0.8563587077781816
11390,-0.5619008912086867
11391,-0.18944702055250423
11392,0.7141748680246427
11393,-0.4380966631633035
11394,-0.5854435084156947
11395,0.9575751487510568
11396,0.5751662235998671
11397,-0.47792015452772607
11398,-0.6681991169238406
11399,-0.1606611771136819
11400,0.9009472128184575
11401,-0.023442491078092303
11402,0.16113066551857974
11403,-0.18543481084276028
11404,0.373584786473512
11405,0.37620653198762777
11406,-0.7902489039474452
11407,0.3686749560412689
11408,0.5714727915692243
11409,0.6980400571242596
11410,-0.21112811763450742
11411,-0.4653293793292561
11412,-0.8870384045776762
11413,-0.3571360873509836
11414,0.4765707410733472
11415,0.028823497048029622
11416,0.7151411312444051
11417,-0.28547253781085424
11418,0.09936013711842269
11419,0.2629645688189868
11420,-0.15453747367578902
11421,-0.13470540576843607
11422,0.3432100598341824
11423,0.07141481187743563
11424,-0.1901365269879252
11425,-0.24763534565505047
11426,-0.8216708588393445
11427,0.9544114644274407
11428,0.3096694529074112
11429,0.8906859249737991
11430,-0.3181483969895778
11431,-0.8168245695216338
11432,0.21608976613141068
11433,-0.5133088124283149
11434,-0.8987854836028947
11435,0.38217434279508844
11436,-0.3817119767622778
11437,-0.6654489260131651
11438,0.4656427145057286
11439,-0.44396300491014895
11440,0.0178962931777132
11441,-0.41208625752569344
11442,-0.6345631082969876
11443,0.9278263943780638
11444,0.5646443708781631
11445,-0.24058390117261994
11446,0.5162384375444994
11447,-0.3743291186197536
11448,0.19650991805008697
11449,-0.060384169228634814
11450,-0.5178455235409315
11451,-0.019443505851025552
11452,0.5150420181179819
11453,-0.33675066011137206
11454,0.7009954968443018
11455,-0.835384468907008
11456,-0.0009969327384143699
11457,-0.337260430121455
11458,-0.4421459145110465
11459,0.9706241130760483
11460,0.27898193352223677
11461,-0.26080205522564026
11462,0.22684341844456282
11463,0.33037759120154153
11464,-0.3814853172498404
11465,0.574512819846919
11466,-0.46767005458656713
11467,0.40115109104131524
11468,0.5482099692425382
11469,-0.2502490112306845
11470,-0.44674844925968155
11471,-0.6116005744617725
11472,0.6601121035027072
11473,-0.6035406035024904
11474,-0.6542618828845397
11475,0.6790031277569774
11476,-0.7139637599743015
11477,-0.5707152103342831
11478,0.6296293325057009
11479,-0.2944998137621156
11480,-0.3878837535870216
11481,0.3217627663726231
11482,0.06303947212296426
11483,0.7660059138637109
11484,-0.7081892570361719
11485,-0.22319350607718277
11486,0.5677960279957897
11487,-0.08604508585855032
11488,0.8138686434394251
11489,-0.420629653539793
11490,0.16751977704876259
11491,0.19892332754244493
11492,-0.6532003917735018
11493,0.75080755744453
11494,0.7902625822260582
11495,0.49941188971857425
11496,0.19620199780031572
11497,-0.0493591569890703
11498,-0.290206639932019
11499,-0.2076004771047805
11500,-0.5070630961365437
11501,0.5005838432320644
11502,-0.6521321037224842
11503,0.8376185521723717
11504,-0.5294007324427881
11505,-0.2004359022308364
11506,-0.9033473225282803
11507,0.4446094223010409
11508,-0.9376906538545368
11509,-0.6221983509789712
11510,0.015665178320536773
11511,0.7150511696485615
11512,0.6617004888140587
11513,-0.6462221036924315
11514,0.01810869816075361
11515,-0.194928601778841
11516,-0.3044591813406394
11517,0.37132720625461607
11518,0.9436539913821287
11519,-0.9868912014363925
11520,-0.1625028170331884
11521,-0.6783563316872041
11522,0.8725978078616023
11523,-0.1776952940449067
11524,0.6473969832868098
11525,-0.2453672076560119
11526,0.827448318615609
11527,-0.1224783126790846
11528,-0.023965783629956806
11529,-0.22112773432812147
11530,-0.8966204791249317
11531,0.877610161677032
11532,-0.34676231537071805
11533,-0.8042665444519047
11534,0.24888079486662482
11535,0.7934453421564713
11536,-0.21260683456360216
11537,0.9136702975531683
11538,0.34762880185476863
11539,0.6216709652611601
11540,-0.47453144578724954
11541,-0.7857968318427806
11542,0.08270641102503169
11543,-0.21486052201507386
11544,-0.6162863297163058
11545,0.19803308895726354
11546,-0.03217453998565262
11547,-0.43881039458520077
11548,0.6224567901383017
11549,0.8015761988612744
11550,-0.8192338602068825
11551,0.018016756300325478
11552,-0.40973783084712484
11553,0.5798747796633638
11554,0.683633654819453
11555,0.34090892514468774
11556,0.6259809700302889
11557,0.6389538171341663
11558,0.32740590571331174
11559,-0.28477110881611
11560,0.9243963653442959
11561,-0.47434321486863246
11562,-0.08983799174213636
11563,-0.8004187074428755
11564,0.15404647522936532
11565,-0.8939435413933282
11566,-0.6356499605802312
11567,0.31838561638783597
11568,0.3844357525543581
11569,0.5861149109083743
11570,-0.48787537354928073
11571,-0.12736290103688497
11572,-0.4879608756309026
11573,-0.5654310487386628
11574,-0.21975020672235862
11575,-0.8040651542312833
11576,-0.491420776416202
11577,0.4750954615001139
11578,0.45741489870231505
11579,-0.2783120623158185
11580,0.4986524566317526
11581,-0.029565784482850056
11582,-0.6310282974689593
11583,0.08313653697103388
11584,0.5190933085969884
11585,-0.3135342789171977
11586,-0.7572208985098585
11587,0.7410775632533472
11588,-0.5433039793767853
11589,0.4575598194737805
11590,0.32149659397783076
11591,-0.4938074552393716
11592,0.3105281913303197
11593,0.5996451511200611
11594,0.5970909339146833
11595,-0.7535785724925319
11596,0.7104639128012376
11597,-0.13411925406114283
11598,0.45948686037001407
11599,-0.543576600214302
11600,0.9107395760741299
11601,0.4200753815682171
11602,-0.6592469204354308
11603,0.6040550267384305
11604,0.45622920051596205
11605,-0.16060927021678315
11606,-0.07346613773592486
11607,-0.2205264935592733
11608,-0.7832529287806022
11609,-0.3661235589313333
11610,-0.811463042830175
11611,-0.4619649200311245
11612,0.4847897398161422
11613,0.01481368221641199
11614,0.4628304225228181
11615,-0.26442834219594413
11616,-0.04250618749591747
11617,0.25229862190719765
11618,-0.5855017805608583
11619,0.12718833159359594
11620,0.17488122885124355
11621,-0.6603254571444316
11622,-0.29780109564723045
11623,0.17198431693997188
11624,0.2075452269065458
11625,0.8117449359969001
11626,0.3523277682049962
11627,-0.5031766816837993
11628,-0.2422915972663298
11629,0.2200475822850488
11630,0.2809158449360542
11631,0.5353256392754869
11632,0.16133227521800747
11633,-0.4496585160612386
11634,-0.21745775780828475
11635,0.3446413697594864
11636,0.7798995132139601
11637,-0.9490903788931415
11638,0.1752567696449503
11639,-0.05949187935581612
11640,-0.8981842252946234
11641,-0.07248833347991784
11642,0.008911518032253159
11643,0.37860020903029373
11644,-0.6031608093770536
11645,0.1862045864980887
11646,-0.6757611026411033
11647,-0.9388464151613041
11648,-0.21581543534861897
11649,0.2758551087446694
11650,0.04436040644959056
11651,0.4366839910035799
11652,-0.11941675408535984
11653,-0.39886971356630363
11654,0.0658450702122111
11655,-0.17244080004525583
11656,-0.5552729453256642
11657,0.5419982598338055
11658,-0.30060759952382693
11659,-0.0009630533226496514
11660,0.2747900155903949
11661,0.690353558199879
11662,-0.6476184921416924
11663,0.11994037867999312
11664,0.41308224236861013
11665,-0.8967538209897891
11666,-0.3687157432475108
11667,0.6837329428679595
11668,0.3931316696693433
11669,0.6319267063732801
11670,0.6893119059832573
11671,-0.5640218285499093
11672,0.40181865428465097
11673,-0.016308162120822808
11674,-0.5579375354676732
11675,0.42390812983619364
11676,-0.6094822486585687
11677,0.12751049690568347
11678,0.5324670170883007
11679,-0.5936049821950637
11680,-0.25534273381733547
11681,0.18264381205141847
11682,-0.05625778887367012
11683,0.5161372681802514
11684,-0.7735119336043729
11685,-0.2637157869913404
11686,0.27393484841080173
11687,0.07479023002810861
11688,-0.08273754273008199
11689,0.31943488842565937
11690,0.4198897547842416
11691,0.04696362117624371
11692,-0.2972973932864909
11693,0.37161914084179254
11694,-0.8546909628109874
11695,0.6203079685668962
11696,-0.25542007791807253
11697,0.4898256018625937
11698,-0.9657608039038685
11699,0.2799432295068236
11700,0.17959546621274433
11701,0.45272800965868626
11702,-0.302782957607382
11703,-0.21219091447073915
11704,0.29140220269803113
11705,-0.025875854100660817
11706,0.6457318509945352
11707,0.03397812042716141
11708,-0.12235413800446418
11709,-0.4077108697286566
11710,-0.8005331868727567
11711,0.24011451613318585
11712,0.12267467997449634
11713,0.43127809677564
11714,-0.6942626328399769
11715,0.09313158658915416
11716,-0.24475708475208413
11717,-0.3699711381948825
11718,0.0012444305754631159
11719,0.3144954728691186
11720,0.24475824453856193
11721,0.7955206688661508
11722,-0.352822337114805
11723,0.24377578436225666
11724,0.7584514125479522
11725,0.34771016851656417
11726,0.04049389195415813
11727,0.05214590421587352
11728,0.2486008509094628
11729,0.4361364799002672
11730,0.005888184348033288
11731,-0.2062691393203048
11732,-0.818716453440508
11733,0.2590619120142129
11734,-0.3333852785436604
11735,-0.8664286090489178
11736,-0.7637618226593647
11737,0.3828370997044356
11738,0.3527245051305769
11739,0.6820178260818377
11740,-0.6544132073682348
11741,-0.18258705127272523
11742,0.02615723384516041
11743,-0.03884477938772109
11744,-0.08158118966455298
11745,-0.6651694025941141
11746,-0.03811385937452871
11747,-0.24796841033442374
11748,0.6611124269708469
11749,-0.8029394838905463
11750,0.6873430123345478
11751,0.9074391708341802
11752,-0.17270357995871133
11753,-0.4833115202419357
11754,0.19223417312958904
11755,-0.24715102029773392
11756,-0.16649810475216828
11757,0.3701915484430347
11758,0.3601169187944178
11759,-0.4203199529169495
11760,0.10691292862992363
11761,0.6705375585826445
11762,-0.18026414775470068
11763,-0.018102822607030944
11764,-0.33802335134084077
11765,-0.6198417768514273
11766,-0.16201353045706846
11767,0.1261834511773636
11768,0.5672937110753683
11769,-0.802121182996423
11770,-0.029396590524651177
11771,0.22737289047126694
11772,-0.6165322404964958
11773,-0.8812711377015656
11774,-0.16817664772446256
11775,-0.07030708297966724
11776,-0.6648709998486694
11777,0.1766124398594643
11778,0.785830934007937
11779,0.8430844636616521
11780,-0.15175353714462728
11781,0.8038202362486387
11782,0.4876860657019252
11783,0.7282466265662239
11784,-0.38989218637419853
11785,0.09640800623206947
11786,0.7603884091749578
11787,0.18737565923319266
11788,-0.6412306002723419
11789,-0.36479473144289515
11790,-0.41982786358107427
11791,0.5890468019477237
11792,-0.9254512843305008
11793,0.08971818439131352
11794,-0.44662892427302486
11795,0.2798806888743757
11796,0.07068860633643732
11797,-0.8610520273673112
11798,-0.03823467409799049
11799,-0.5070311225527091
11800,-0.7582747712273026
11801,0.6174400407013756
11802,-0.7033514664248633
11803,-0.13783056962739734
11804,0.32891925807368366
11805,-0.11558777054352036
11806,0.3176767396553838
11807,-0.8213979868972792
11808,0.6813715725935164
11809,-0.33466310689858736
11810,0.1752104107462521
11811,-0.08258824909605769
11812,-0.416025963378426
11813,-0.5687705004644469
11814,-0.38280660450822335
11815,-0.08044414301984776
11816,0.4592038163249323
11817,-0.24579431810560268
11818,-0.3137912392934547
11819,0.20592514360325173
11820,-0.22958780622379768
11821,0.8346441807537262
11822,0.7863658260926903
11823,0.5317517048348188
11824,0.07907213906351836
11825,-0.5423641198544378
11826,-0.3839572514782157
11827,-0.23843957418445322
11828,0.01902724508496249
11829,0.4015088171375108
11830,0.5610802529856698
11831,0.19201192310799417
11832,0.49919094071121933
11833,0.6736165900581315
11834,-0.10696697181553091
11835,0.9665013098648841
11836,0.4595885518821379
11837,-0.2656749424080639
11838,-0.24516714577755488
11839,0.7603581162702074
11840,0.21657331031730637
11841,-0.5460107673624551
11842,0.6476476079908219
11843,0.3235979280620674
11844,0.745641741186149
11845,-0.1682173087818848
11846,0.29474905779409544
11847,0.709392773629492
11848,-0.45872762462571615
11849,0.1609660872488866
11850,0.5772199180116325
11851,-0.07307540174913392
11852,-0.15272165973915822
11853,0.3702615613451857
11854,-0.41684639691507896
11855,-0.6056815189225789
11856,0.8131747284512549
11857,0.5127935873491634
11858,0.5126026024803194
11859,-0.02086998189870117
11860,-0.9264895394551262
11861,-0.53107895919963
11862,0.33246225986585276
11863,-0.49768007199739456
11864,-0.123509255348602
11865,-0.34648739870569567
11866,-0.15711724824052184
11867,0.07858054180071339
11868,0.3531644699543165
11869,0.5861925238225127
11870,-0.5981994915143146
11871,-0.25958621739107884
11872,0.6529783874844932
11873,-0.31536665839148476
11874,0.657385077179093
11875,0.2081221749757513
11876,0.5250107399597015
11877,0.31163649190383896
11878,0.3819517380909169
11879,-0.7017282618438606
11880,-0.028261762313140926
11881,0.12460986473777595
11882,-0.5522306300663948
11883,0.25996559908654376
11884,0.3735590317966956
11885,-0.06105791901342401
11886,-0.3801837366811881
11887,0.26726469441924994
11888,-0.47606793509700107
11889,0.791082667306454
11890,0.026154044005007496
11891,0.7579163537644344
11892,-0.7085782557236022
11893,0.6891777004273796
11894,0.03320592113252883
11895,-0.39090582230580684
11896,0.25681836832860844
11897,0.3253726826101107
11898,0.3335063147056712
11899,-0.8537269045240413
11900,-0.33669860025745196
11901,0.7087714565325636
11902,0.5633455950519343
11903,0.017700799596464045
11904,-0.3052169245702215
11905,-0.3842915123769327
11906,-0.07608889057458315
11907,-0.13145642228782248
11908,-0.1657615029249051
11909,0.07868093340832813
11910,0.4287129882994825
11911,0.8086580477486915
11912,-0.14075705033202274
11913,0.7345230542262388
11914,-0.1711322612512977
11915,-0.17934641336602986
11916,-0.4457696802223949
11917,-0.3297291628315176
11918,-0.5846361867166296
11919,0.10554960559556686
11920,-0.451907396656599
11921,0.9131938793487487
11922,0.4137811097389424
11923,0.7150098017707119
11924,-0.08534054178680724
11925,0.303927258046036
11926,-0.21864666283361267
11927,0.482840081161505
11928,0.28219480186449614
11929,-0.4454516780723108
11930,-0.2864141253028076
11931,0.7021683758524682
11932,0.8082904596606946
11933,0.19316361984716354
11934,0.293739582281945
11935,0.2355382411920385
11936,-0.1869680822652681
11937,-0.06278577725242947
11938,0.022153904160534265
11939,0.44186784796773426
11940,-0.491678584484622
11941,0.4590463098391484
11942,0.9484737290761478
11943,0.7219684256719098
11944,-0.4426760087999663
11945,0.38542992861775427
11946,-0.9055449810830173
11947,-0.05090929493215476
11948,-0.6927339899702014
11949,0.3862321245300977
11950,-0.10620516662788829
11951,-0.5536473814143386
11952,0.45700454436867893
11953,0.5881966595450062
11954,0.7124712298279897
11955,0.02497899933890748
11956,0.957868974720996
11957,-0.30198978724348485
11958,0.03406783675680786
11959,0.2521268758096608
11960,0.21848208152717033
11961,-0.7403740772455552
11962,0.300210036067444
11963,-0.6741459535819281
11964,0.2001969007677795
11965,-0.5488171027161793
11966,0.22024352588929322
11967,-0.6869403971367652
11968,-0.41947831213389486
11969,0.6932732641549336
11970,-0.024989423667102537
11971,-0.2757507292950112
11972,-0.5179426579240503
11973,-0.8258009765137415
11974,0.2546853238695845
11975,-0.2050832178783396
11976,-0.16614282236082947
11977,-0.42230038010531407
11978,0.2613984939422466
11979,-0.6737649774390158
11980,-0.028414060437547205
11981,0.6662075615153844
11982,0.49552488391722704
11983,-0.30629542847003827
11984,-0.5370382277785357
11985,0.6807545442424844
11986,-0.593564870147131
11987,-0.24781192998929966
11988,0.17539829166673404
11989,-0.5462680570381335
11990,0.129053045417451
11991,0.07433596349468367
11992,0.007972778735889712
11993,-0.13134959841591892
11994,0.7018516326633364
11995,-0.33338872789062973
11996,-0.25138697250182895
11997,0.7487561374321564
11998,0.2589393028530928
11999,0.34318022800518033
12000,0.57719185178115
12001,-0.5706365159163448
12002,0.5995314430765806
12003,-0.14765306007414736
12004,0.5411868636655439
12005,0.743873814430454
12006,-0.42076576968367235
12007,0.8381498435592094
12008,0.7726168123571783
12009,-0.049620483504985595
12010,0.3720904765595998
12011,0.017730033068093853
12012,-0.04277231119793472
12013,-0.42374718041029047
12014,0.6918167261097972
12015,-0.5444871337533344
12016,0.7240313069207686
12017,0.44013221200365893
12018,-0.09035514010472143
12019,0.37354305841892693
12020,0.1106367109192578
12021,0.43135003722023635
12022,0.15644433767394977
12023,0.7512329586740336
12024,0.0852053851241916
12025,0.2610808787065725
12026,-0.6060585373064722
12027,-0.4470825234598226
12028,0.24071722389370107
12029,0.8052003586451029
12030,0.3356243475529174
12031,-0.7262849113165649
12032,-0.02525020769683854
12033,-0.3944212900491725
12034,0.11566847566244008
12035,0.3213769401596292
12036,0.18765528414887
12037,-0.292317217701731
12038,-0.4351832558724381
12039,0.7119180441297669
12040,0.2905965580434581
12041,0.577840140418447
12042,-0.7235750486687939
12043,0.4848129055411587
12044,0.38090934357456047
12045,0.5088657512370562
12046,-0.6454470163680247
12047,-0.12328851917909936
12048,-0.4504575374518426
12049,-0.6773849233265501
12050,0.37259047919476035
12051,0.7811636851644203
12052,0.3773157554465955
12053,-0.1293488309150389
12054,0.5344659778906782
12055,0.3246293861369497
12056,0.1627043909305685
12057,-0.2679356892270197
12058,-0.4919187346885928
12059,0.08010095645242941
12060,-0.03456288980203939
12061,0.7229071390030788
12062,0.14308337050619618
12063,-0.08274225857733196
12064,0.5153364311107297
12065,-0.15913910943330944
12066,-0.15416705990537224
12067,0.34224011673679067
12068,-0.031166147143148564
12069,-0.9167481018377244
12070,0.17131743554636855
12071,-0.7161471073236647
12072,0.5289690898358131
12073,0.045239963348609365
12074,-0.08072217446481462
12075,-0.8909019413333624
12076,0.770240066472746
12077,0.1961316402106921
12078,0.17166379994783484
12079,-0.0310577249463867
12080,0.6865128426766643
12081,-0.46918053677323496
12082,0.8032835526972061
12083,-0.6775863095508771
12084,-0.4716978360262855
12085,-0.742345323689562
12086,0.9193612343454269
12087,0.22930354807607733
12088,0.6759624488781394
12089,0.7222221910180403
12090,-0.6501894817959211
12091,-0.7201204420194847
12092,0.5351879544086969
12093,0.11748250941570716
12094,0.7499304478479916
12095,0.5665723023579664
12096,0.013086599752432974
12097,-0.3110994484126244
12098,0.10090727761326762
12099,0.028086691362989535
12100,0.7009816913027562
12101,0.44439095263227973
12102,-0.5364264847056885
12103,-0.17533088033817176
12104,-0.1454323701124824
12105,0.8479802909356852
12106,-0.3348766097427284
12107,0.0821545641181784
12108,-0.6983813311666467
12109,-0.5328555711154036
12110,-0.2918499779867391
12111,-0.08084554731458969
12112,0.00826517832234893
12113,0.7546461476357338
12114,0.7930748096399406
12115,-0.43288225228702837
12116,-0.3364736198246555
12117,0.564752996355046
12118,-0.5981886740866597
12119,0.38459936007377804
12120,-0.10023238067055328
12121,-0.014231572749473299
12122,-0.6063376417180928
12123,0.6804767011981419
12124,0.06069820222297684
12125,0.6926129890880396
12126,-0.13986594674705619
12127,-0.5724167777272635
12128,-0.10601861034927083
12129,-0.44628612983145055
12130,-0.08478711378647814
12131,0.6006488715336965
12132,0.4352235139937036
12133,-0.20181855680480154
12134,0.7539321517696479
12135,-0.42924826150896195
12136,0.6502094935119931
12137,-0.701836424639257
12138,0.5897971190439606
12139,-0.4437690759247409
12140,0.34761193021767367
12141,-0.718214960259442
12142,-0.31983533688706867
12143,0.423921350693975
12144,-0.413953496103349
12145,0.8256457100923784
12146,-0.3687843827997751
12147,-0.142868123528151
12148,-0.5631744079158757
12149,-0.5575676355918615
12150,-0.25226840846756426
12151,-0.6295496314849058
12152,0.7904490974064151
12153,-0.008528495303906265
12154,-0.7217351785030429
12155,0.8099798876892497
12156,-0.29492011543128005
12157,0.08720190232591385
12158,-0.23136789478406117
12159,0.30674617024398637
12160,-0.9037183571518356
12161,0.4891066015744926
12162,0.6267409610892605
12163,0.06699318406720718
12164,-0.45503547809733613
12165,0.3203332071077465
12166,0.4463872798626905
12167,-0.696678196128715
12168,-0.5721768952620281
12169,0.28981670865207193
12170,0.19837796500294574
12171,0.6251007276727347
12172,0.5773847591121981
12173,0.022634681242719758
12174,0.21496870631327666
12175,0.0018512777774953688
12176,0.8932315507130475
12177,0.5656067418157084
12178,0.18618160174772244
12179,-0.6695914429210783
12180,-0.13031543696850728
12181,-0.7757396277094204
12182,0.4045664265210595
12183,0.7345329283763621
12184,-0.2885392188785966
12185,0.797485460780975
12186,-0.006697348470386926
12187,-0.08284241501374123
12188,-0.06222441063822132
12189,0.0007444888369702489
12190,0.605622914078613
12191,0.05120228655451109
12192,-0.7234994284576615
12193,0.24512319981613648
12194,0.4551054163295193
12195,-0.33683731669322386
12196,-0.21546533126099218
12197,-0.6534216534330105
12198,-0.3869171329100472
12199,-0.10707873905240697
12200,-0.5703528753726811
12201,-0.2802719235754447
12202,0.6923196937873753
12203,-0.9089812679693827
12204,0.8019323847738831
12205,0.23566704630036403
12206,-0.7300745560677622
12207,-0.4987291168301574
12208,-0.38816036660451947
12209,0.07077301699558557
12210,0.2637768721011035
12211,0.8385605657387487
12212,0.2641634893373131
12213,-0.4782550397117001
12214,0.1750895720315027
12215,0.4770363437065125
12216,0.38763063344740617
12217,0.05256953669835756
12218,-0.46188341718873793
12219,-0.4830913844787865
12220,-0.40224478103041605
12221,0.14836583380916443
12222,0.13138330069316706
12223,0.09253452152490202
12224,-0.8101576499691371
12225,0.24154079386598057
12226,-0.29057771694239093
12227,-0.5893564096033236
12228,-0.32139813713701887
12229,0.20238729909369932
12230,0.5353093372769032
12231,0.5325744080110298
12232,-0.846400957153674
12233,0.882756433944817
12234,0.6116100703829116
12235,0.45486036355023796
12236,-0.153960295343617
12237,0.6107306249814004
12238,-0.05935452664991087
12239,-0.1392319149843319
12240,-0.7482263237804079
12241,0.21901116741972027
12242,-0.34196880036984934
12243,-0.30632809923569165
12244,-0.0028371966417352237
12245,0.17929120622267214
12246,-0.3692742496885548
12247,-0.14786921146462687
12248,-0.9451867939432445
12249,0.43050722381138384
12250,-0.2535309021829686
12251,-0.4099715318594842
12252,0.8026585749553757
12253,-0.650256041245698
12254,0.44232552592652424
12255,-0.10443873906911402
12256,0.6556586496722209
12257,0.3158794564844252
12258,-0.30391198628998217
12259,0.8568232307929845
12260,0.7126636992912687
12261,0.3112072734014222
12262,-0.6271185321112671
12263,0.390584613017552
12264,0.1992840532683311
12265,0.040620609780457465
12266,0.06169318944955745
12267,-0.7900873514029283
12268,-0.5288312188419436
12269,-0.1670492705861934
12270,0.3783837594879946
12271,0.30275101389588754
12272,0.31311536966160863
12273,-0.7482720717575756
12274,0.17472854668705448
12275,0.2238076559477483
12276,-0.15456776053115315
12277,-0.0941729137456849
12278,0.30623394905997053
12279,-0.13341183692655517
12280,0.2688007634805742
12281,-0.3845214538237461
12282,-0.41628189909139146
12283,0.7187517122998404
12284,0.7409331495518681
12285,-0.15149143925941264
12286,-0.6973382069377875
12287,-0.674904806818242
12288,0.36985392951551305
12289,0.28298874639872773
12290,0.07814423793206157
12291,0.3563935527873958
12292,-0.1386778498035596
12293,0.5374705383141279
12294,0.31340585143300603
12295,0.07064744474700226
12296,0.7796792349447141
12297,0.09952321594620686
12298,0.02435789650472585
12299,0.8686316676010922
12300,0.2926448346807202
12301,0.45000322119703134
12302,0.4847634706903999
12303,-0.5073281702865681
12304,0.772233701224481
12305,-0.7796856621308703
12306,-0.5875704009280708
12307,-0.5089761926171061
12308,0.5644320173743834
12309,0.43383258413060144
12310,0.219356300486251
12311,-0.46962895140522665
12312,0.1756363120906034
12313,-0.9348915916798973
12314,0.8016416968497566
12315,-0.15481162442773677
12316,0.5494884953907907
12317,0.7392489192610419
12318,0.6306136222192887
12319,-0.5120122309783184
12320,-0.18283204070481843
12321,-0.31440524249189705
12322,0.27945326678630783
12323,0.17666967004648848
12324,-0.25930498690719916
12325,0.10719491402798603
12326,-0.4272088935587802
12327,-0.49153348792758667
12328,-0.6232127233185779
12329,-0.2671996417006481
12330,0.24160416067746862
12331,0.04382246304486
12332,0.7083475438166001
12333,0.8302403963363783
12334,0.6155144799284197
12335,0.5982018637470474
12336,0.36205494384326353
12337,-0.42239719278252263
12338,0.9255756459996416
12339,-0.9263804177495112
12340,0.7962205701204385
12341,-0.48882556024673063
12342,-0.1523457892420891
12343,0.3295997873359263
12344,0.6570529494626228
12345,-0.32925569716693415
12346,-0.20248960596934776
12347,-0.9177668676639854
12348,0.3895926729488926
12349,0.45701837198133743
12350,-0.5963880824784579
12351,0.9607933793416595
12352,0.44687767716278154
12353,-0.7332904237486186
12354,0.08786104619983026
12355,0.4566498297468765
12356,0.5196903960510834
12357,0.44873100518964915
12358,0.3790445021955667
12359,0.73322956931091
12360,0.3641889025064303
12361,-0.33950386536007887
12362,-0.4821849314849626
12363,-0.08568442037734098
12364,-0.5144398072491607
12365,-0.8495664602270817
12366,0.9126518861096977
12367,-0.0901799200677919
12368,-0.3315830386343627
12369,0.08351338037173191
12370,-0.5496825101210491
12371,0.13130244967757254
12372,0.2984012110249533
12373,0.6169473505215379
12374,0.106800971447616
12375,0.8545754123232391
12376,-0.2804541063540331
12377,-0.24586521832566696
12378,0.12591295859099297
12379,-0.4295741224626311
12380,0.5415319953209667
12381,-0.1601860065151856
12382,0.4344337372497472
12383,-0.33861094264066666
12384,0.20326543232077546
12385,-0.5204275967222582
12386,0.08662554266567613
12387,-0.14918728264682718
12388,0.4153133593539613
12389,-0.4948960443381731
12390,-0.6029484192145723
12391,-0.7539144946479464
12392,0.4501965659272053
12393,0.46734130429483317
12394,-0.0177467587186704
12395,0.07288802474334423
12396,0.5810575256515421
12397,-0.9723196942530338
12398,-0.3849694474507862
12399,-0.09964365825583003
12400,-0.07808461075185989
12401,0.09804044552162927
12402,0.4807261405684895
12403,-0.01806737836042059
12404,-0.4339518968264098
12405,-0.04673482514210253
12406,0.5881062704352302
12407,0.4162189615421386
12408,-0.6324019126545213
12409,-0.26328991959011594
12410,-0.15164226175309206
12411,0.7747358563146388
12412,-0.48746886888241703
12413,0.24133804226740294
12414,0.2709551947684093
12415,0.8541891409547732
12416,-0.2226996172276495
12417,0.4817541559734791
12418,-0.030701149860190874
12419,0.5385200406839964
12420,0.6907212237867819
12421,-0.41083800436963813
12422,0.27196512439466214
12423,-0.3097671484738433
12424,-0.07372986648581081
12425,0.5338588014979668
12426,0.4837993545735525
12427,0.5911786618324227
12428,-0.643864106814261
12429,-0.36499089109036914
12430,0.9498914483477373
12431,-0.30900002396495385
12432,0.30548238863325855
12433,-0.17486667240544768
12434,0.4072187129966527
12435,-0.17844787171771
12436,-0.1295069286370216
12437,0.7288599396387778
12438,-0.2913353917946914
12439,-0.08962042290957013
12440,0.24445301037603162
12441,-0.3188856995021528
12442,0.6719015393995859
12443,0.6476654204670591
12444,0.5791700262233663
12445,0.110973230440886
12446,0.08733309098582727
12447,-0.46240614242952394
12448,-0.44834767711450696
12449,-0.16486756094153884
12450,0.3100282170754562
12451,-0.7407564416346781
12452,-0.013245187124464604
12453,0.7892362002199163
12454,-0.7675317594045858
12455,0.24603844033169564
12456,0.20124315898898912
12457,-0.7397524522291855
12458,0.8693275621209199
12459,0.24390515023584097
12460,-0.2351492394130051
12461,0.06556848469342189
12462,-0.3770637516381833
12463,0.8710917224333369
12464,-0.40587831031923527
12465,0.732551265690702
12466,-0.8939872367322825
12467,0.2866401166363107
12468,0.5759818299814751
12469,0.5650906683155622
12470,0.41486289929323283
12471,0.2066398743195047
12472,-0.18851264719491062
12473,0.10670573992146515
12474,0.3405254396016649
12475,-0.17467670654421602
12476,0.5968864913986599
12477,0.6118464338353692
12478,-0.4846115822847674
12479,-0.7665859415946689
12480,0.03590989508970008
12481,0.627202010879275
12482,0.37384374920994673
12483,0.5910140267364347
12484,-0.1177168938622957
12485,0.33677563537205496
12486,-0.13363437284656743
12487,-0.5720083733203639
12488,0.4408068541931322
12489,0.08382809974047516
12490,-0.2601224453997593
12491,-0.7429071188181519
12492,0.11845373693032078
12493,0.8334709641661331
12494,-0.7968610746537869
12495,0.3160629536476776
12496,0.026192834293270132
12497,-0.15377182940286593
12498,0.8254412901183478
12499,-0.3656339720262522
12500,-0.8441728253677006
12501,0.9733725694489022
12502,0.08011254333855818
12503,0.7064429037178115
12504,0.9576366048960929
12505,-0.280171493039458
12506,0.15403674176213275
12507,0.5096871912271317
12508,0.2934972134176406
12509,0.003554460422874774
12510,-0.6969077655527216
12511,0.5918568236685195
12512,-0.0007653849372846774
12513,-0.47560331116514526
12514,-0.3275310424049624
12515,0.9306677230836209
12516,0.17424964543121957
12517,-0.29561569588862247
12518,-0.6930456702957022
12519,0.005456678785433757
12520,0.6776374042284364
12521,0.36250031827184925
12522,0.8263184195679782
12523,-0.3574103038015179
12524,-0.43790810274126957
12525,-0.4614023816925632
12526,-0.21757976321036704
12527,0.8739661828460947
12528,0.4351186612864059
12529,-0.18712274276934185
12530,-0.1701127033700476
12531,0.440021565557348
12532,-0.23171090010936687
12533,-0.5443100702798368
12534,0.017413608358123025
12535,-0.20011455775388493
12536,-0.40725208977667304
12537,-0.6198214002038834
12538,-0.5191433612547998
12539,0.0903934361314373
12540,0.5493444352904618
12541,-0.24808513948494526
12542,0.9074084111572296
12543,-0.016439169440200845
12544,0.9304698920919985
12545,-0.17526616428355413
12546,0.2517229099334032
12547,0.053416154977784756
12548,0.1845735900796348
12549,0.7286330305515445
12550,-0.8397571109879337
12551,0.2622699594695521
12552,-0.6209446519259999
12553,-0.4074073605727061
12554,0.09147543722863197
12555,-0.6550316336058972
12556,0.3708411567449272
12557,-0.021103692680881154
12558,0.02406505961883444
12559,-0.7761529290515052
12560,-0.7835947046702176
12561,0.45675606942117486
12562,-0.21158421832197524
12563,-0.7805024709062228
12564,0.41715762684050983
12565,-0.477507800996839
12566,-0.474969475411066
12567,-0.11502804200504942
12568,0.576199109180291
12569,-0.7443592451678233
12570,-0.44890348371835065
12571,0.4596703051862861
12572,0.10065202080615422
12573,0.8996147209086192
12574,0.144602784203067
12575,0.14953398954417413
12576,0.5463029987596781
12577,0.5150856986084409
12578,-0.0069996957455091685
12579,0.3250431663516379
12580,-0.6623268024801094
12581,0.6161509673429063
12582,0.3654488101934769
12583,0.5927660439075815
12584,-0.31349201817283384
12585,0.004567233437031191
12586,0.1598659035398452
12587,0.4065763293488615
12588,-0.7047990123193631
12589,-0.4991282444645323
12590,0.8161780778557529
12591,-0.9502303664580659
12592,0.04251093246198674
12593,0.5552423037810654
12594,-0.8245240856645677
12595,0.45019056511273275
12596,0.6587512880265298
12597,0.5721694705380433
12598,-0.6904548564586489
12599,-0.16370880920578157
12600,0.03152461783838998
12601,-0.11984591546740653
12602,0.5264667787583165
12603,0.056394386483580805
12604,-0.24837699246044687
12605,0.7221275284400086
12606,0.2871151997231751
12607,0.590613573438842
12608,0.3606023958644467
12609,-0.8593691824495638
12610,0.8341757174127022
12611,0.9764935857862103
12612,-0.6283406097030746
12613,0.8461823407113789
12614,-0.4615396358879797
12615,-0.32054394261616115
12616,-0.05275592291985753
12617,-0.18566453425382934
12618,0.8715340134462816
12619,-0.02803962088680101
12620,0.7256906872820442
12621,0.07161423599129589
12622,-0.8054056302968317
12623,0.13232939071117034
12624,0.5586523353418574
12625,-0.5966455639893552
12626,-0.7584550736179037
12627,0.5425149075479317
12628,0.4336118268547896
12629,0.0537245692754654
12630,-0.15219490789307014
12631,-0.2805258337311624
12632,0.24410867421288085
12633,0.45259495497783736
12634,0.12631562809967828
12635,-0.9080303741374899
12636,-0.5838465733014367
12637,0.49251328790165166
12638,0.22748062750464237
12639,0.6065461948359179
12640,0.5355197274662339
12641,0.7521889526299105
12642,0.37730153075347167
12643,0.7719113222049542
12644,0.31532914813132906
12645,-0.5672767063479912
12646,-0.1691639150578107
12647,-0.6355858313226708
12648,-0.6794918093775993
12649,-0.18494131764044183
12650,0.05525580653404691
12651,-0.048141078176947336
12652,0.6163040709552488
12653,-0.48598945417554323
12654,0.05611614499588732
12655,0.03390350430626908
12656,0.5989901553410444
12657,-0.797952877288674
12658,-0.7361950618568636
12659,0.7665641450139709
12660,-0.40120198262028617
12661,0.49151645535103583
12662,0.24793493306297837
12663,0.5043367304539983
12664,-0.4063636775498924
12665,-0.5259348902152577
12666,0.09722435537089096
12667,0.24217428747793607
12668,0.6494624443366311
12669,0.17535025687721092
12670,0.0904528040782854
12671,0.42730661567016565
12672,0.7214690942901532
12673,-0.42426234957778114
12674,0.6998732167263686
12675,0.29063761569771024
12676,0.17961379977134143
12677,-0.1945966022391645
12678,0.7296525852503829
12679,0.08839675377930661
12680,-0.05136799431702582
12681,-0.6822745157523787
12682,0.07593660836933278
12683,0.5919148562951766
12684,0.10154453467844492
12685,-0.5130775676421527
12686,0.36319776711804763
12687,0.5580258444378018
12688,-0.9418646996368569
12689,-0.6373961364450946
12690,-0.004581276242769647
12691,0.39119587088705565
12692,0.8009673834961493
12693,0.643217862853416
12694,0.4539169853784684
12695,0.25943944563042987
12696,0.649435325211232
12697,-0.14583208269277975
12698,-0.6188261894434823
12699,0.4324077846948286
12700,0.695992532082577
12701,-0.8137264450428348
12702,-0.02934813211465018
12703,-0.04866920948026294
12704,0.6474463012542498
12705,0.39083262566251764
12706,0.923523883627317
12707,-0.5297442413074307
12708,0.15826984232024188
12709,-0.19650441690843198
12710,0.7007667224412011
12711,-0.12397428061777398
12712,0.10430762841189142
12713,0.54778697849813
12714,-0.7361159048336601
12715,-0.21984729735657615
12716,-0.8577316295519589
12717,0.02707885327018664
12718,0.18858530209026353
12719,0.41819969728648304
12720,-0.912951917514822
12721,-0.7584374442221683
12722,0.1489202348170065
12723,0.5860179346261473
12724,-0.39521370155294744
12725,0.7814871247342812
12726,-0.24708911078795995
12727,-0.39780639659430445
12728,0.7318820439422639
12729,0.7492737244700007
12730,-0.13840218428814816
12731,0.483170514453365
12732,-0.010504416114046681
12733,-0.16820797020025874
12734,-0.04530661203403545
12735,-0.4500149383139509
12736,-0.4924884904516049
12737,-0.5847048120731245
12738,0.8472930147044063
12739,-0.2543450501752213
12740,-0.8150674447536986
12741,0.6399934664843366
12742,-0.03691911266577588
12743,-0.3989833675092382
12744,-0.13882595586491042
12745,-0.24762405827051484
12746,0.4675405849139972
12747,0.4819724323167946
12748,-0.3015702859372355
12749,0.5309803456399148
12750,0.3889339084822988
12751,0.008705102829268415
12752,-0.25386368160141476
12753,-0.4544565340880111
12754,0.7898823218283151
12755,0.22475400175475627
12756,0.9225053291158418
12757,-0.17146055756360845
12758,0.5868277571015884
12759,-0.6728660931615879
12760,0.6911123510396618
12761,0.9710153172981154
12762,0.28412438393910655
12763,-0.3126112321807482
12764,0.1762190499449015
12765,0.7155665143336223
12766,0.28308954309718903
12767,-0.22962765443654704
12768,-0.4344513024390317
12769,0.4269564580567292
12770,0.30886143316950126
12771,-0.7137965829589805
12772,-0.928453458349055
12773,-0.44688665967776386
12774,0.30818529368257186
12775,-0.31904029847777265
12776,-0.5665048857356755
12777,-0.5014071262447846
12778,0.6230330021681556
12779,0.4643348707767928
12780,0.025359474537289737
12781,0.8953980517484557
12782,-0.24853880478797583
12783,0.16130562370424734
12784,-0.5284076520009418
12785,0.49418012772241543
12786,0.692963630911259
12787,-0.8725570032575238
12788,-0.48916324562945646
12789,0.0017974172536652775
12790,-0.23921945465178496
12791,0.2479333358105865
12792,-0.5989442247479627
12793,0.2509638745520939
12794,-0.6520633328244799
12795,0.944198099260341
12796,0.43539813137707173
12797,0.4002893066059105
12798,-0.7461910803074399
12799,-0.16999154309222622
12800,-0.37680262079298377
12801,-0.16188247380607954
12802,-0.4321683111864555
12803,0.6632029394602054
12804,0.4068766590426423
12805,0.3087944773056201
12806,-0.2172462238281357
12807,0.2776341537403033
12808,0.31765865958915707
12809,-0.8700205976990297
12810,-0.27735930962648886
12811,0.30623309761541634
12812,-0.08309276937511072
12813,0.2570008640260028
12814,-0.08338974697809286
12815,0.014231771072750858
12816,-0.5654325009113058
12817,-0.707050248281104
12818,0.5499680481641613
12819,0.4498379227852627
12820,0.8316314624487551
12821,0.7089071338813576
12822,0.7770544832698455
12823,0.45681530571504725
12824,0.5229327597868229
12825,-0.47495021474761456
12826,-0.42270297780324634
12827,0.43191893076584226
12828,0.7274218365035425
12829,-0.05264827380547645
12830,-0.5087855797726899
12831,0.014890697922527764
12832,0.3973439116557103
12833,-0.20618060367796961
12834,0.009446029523248863
12835,-0.5588154380598129
12836,-0.13501817568123645
12837,0.06320055147619986
12838,-0.7373696990179037
12839,-0.34060045058678523
12840,0.375431807677581
12841,0.4453332435562865
12842,0.5050678618708246
12843,0.9028930548061914
12844,-0.7406668625329937
12845,0.4109293760113108
12846,-0.10756055885215074
12847,-0.46659060443312894
12848,0.26064016440679294
12849,0.2227271486035439
12850,0.5418330514374045
12851,-0.5198759436998717
12852,-0.5438348556107483
12853,-0.5932196317694463
12854,-0.014091102090576952
12855,-0.6536017720535451
12856,-0.4798436791267673
12857,0.31648499249635204
12858,0.35553630536749214
12859,0.38676572263714526
12860,0.35829750748308065
12861,0.8493280357339843
12862,-0.6742739726782013
12863,0.8018353501281346
12864,0.12322224453069697
12865,-0.528510249311081
12866,0.8892553769768133
12867,0.32368196240104735
12868,-0.7389010340863944
12869,-0.21643427164582718
12870,-0.5910333394044981
12871,0.5813031039302246
12872,-0.2053546711194979
12873,0.44433210468863954
12874,-0.6810080516588803
12875,0.43556471845131933
12876,0.7627748407604887
12877,0.009929240282534309
12878,0.6975538406173855
12879,0.5840507474567685
12880,0.37048508298991856
12881,0.38751965604585087
12882,-0.8442845897341678
12883,-0.4118543534139349
12884,-0.21762353741272047
12885,-0.013042929594320948
12886,-0.7020607534062261
12887,0.3297450429930462
12888,0.43750187182778816
12889,0.7540559635203565
12890,-0.027537987458535775
12891,0.27188486996476113
12892,-0.617053464029154
12893,-0.6063885274033964
12894,-0.9775322617213741
12895,0.759872191189037
12896,-0.5607371354929223
12897,0.39300143615798827
12898,-0.601102503193554
12899,-0.5635437278755325
12900,-0.4693925047484941
12901,0.6243881832472141
12902,0.09812906914819529
12903,0.22992448167269236
12904,0.07912012788090138
12905,0.47088543816223216
12906,0.16535654668550917
12907,-0.6935813780660378
12908,-0.2197629758007349
12909,0.2473244021262486
12910,-0.34640847865341456
12911,-0.060947936810392254
12912,0.49319329396551403
12913,0.2244371459738684
12914,0.4024612785653965
12915,0.22562541099106795
12916,-0.49821814559968214
12917,0.162413567576636
12918,0.04636049194119973
12919,-0.18320964203422144
12920,-0.4920022356947154
12921,0.13652268568823087
12922,0.25984662324768754
12923,-0.20180798425151134
12924,0.3256433100445322
12925,-0.5444935221283067
12926,-0.3208729913983866
12927,0.0548949685211009
12928,0.8159916851180135
12929,0.5657817557459514
12930,-0.5805469096703703
12931,-0.12661073301386686
12932,-0.3494490175225719
12933,-0.6660887719054487
12934,-0.41766438337305134
12935,-0.11619556448785148
12936,-0.5335939523685511
12937,-0.3025815340722935
12938,0.28262617329474055
12939,0.04080831157052755
12940,0.08790396923040311
12941,-0.7966079116587258
12942,0.6443942273901608
12943,0.7627374060865646
12944,0.6920557544318152
12945,0.3278664217457506
12946,0.05522363327525922
12947,-0.13324129579063893
12948,0.8766050163790949
12949,-0.48788860701711545
12950,0.3642668193774487
12951,-0.07273629131079677
12952,0.5840043154501736
12953,0.3091713789075311
12954,0.8408840325520358
12955,-0.9500492380856642
12956,-0.8065771048846502
12957,0.20121985983312432
12958,0.2893212802297942
12959,0.09827968200657371
12960,-0.5373023659601268
12961,0.09973718891182233
12962,0.7023303582279553
12963,0.07733054196609192
12964,0.10166491392886054
12965,-0.7815359527042324
12966,-0.9482258336483574
12967,0.5466440599434288
12968,-0.4740094687214895
12969,-0.8206436694992656
12970,-0.0822167856259708
12971,-0.6330376988736266
12972,0.4741947429332919
12973,0.21693953676896807
12974,0.5776855830291896
12975,-0.5437293170108277
12976,-0.2968973777364857
12977,-0.9366365301584245
12978,0.39303037621467146
12979,0.2465882714324381
12980,-0.035692344799570994
12981,-0.2468560341803411
12982,-0.7134612181396619
12983,-0.38240939740226737
12984,0.7058704135135777
12985,-0.24251405708326043
12986,-0.5929694979090012
12987,-0.17078384672724345
12988,-0.5677184618984235
12989,-0.2596710610438199
12990,0.2188095342807299
12991,-0.061943016223880584
12992,0.09773343389031926
12993,-0.5252574798312845
12994,-0.1282221858856554
12995,0.4064839318807393
12996,-0.24652003202238998
12997,0.1766067229419768
12998,0.13888922271976162
12999,-0.2998191964091341
13000,-0.15557881142657343
13001,0.5877152044492414
13002,0.29725947082453164
13003,-0.2792980322570265
13004,-0.6364143709696067
13005,-0.538256838183445
13006,-0.7723796724287962
13007,-0.23639432087216494
13008,-0.35524499097272955
13009,0.26902029918842946
13010,0.5053713680566272
13011,0.7704602174392149
13012,0.7558530172880875
13013,0.2659239458704764
13014,0.04951926034137349
13015,0.2361695940366957
13016,0.37563184066208555
13017,-0.5046234433189429
13018,-0.23404639879271147
13019,0.7789122045125135
13020,0.09177190286788701
13021,0.38409822997166415
13022,0.2563737200657124
13023,0.49969387185111863
13024,-0.4094971658904098
13025,-0.10419340898858354
13026,0.4861733915638885
13027,0.5389193264750115
13028,0.7641876918981602
13029,0.5694020502184594
13030,0.861907570131484
13031,-0.6590044679532258
13032,0.18049646397277028
13033,0.4984329279364279
13034,0.2879225133074067
13035,-0.4870861489265577
13036,0.22275961274067796
13037,-0.11841631735526316
13038,-0.5383658759752831
13039,0.9565026815672598
13040,0.7800048965199531
13041,-0.0662950282623675
13042,-0.08291584721221122
13043,-0.9752346797840813
13044,0.30301702096562805
13045,-0.4164616688576079
13046,-0.5531886308152056
13047,-0.6728863217166435
13048,0.5790051461331438
13049,-0.6418212231397927
13050,0.13725442601193785
13051,-0.037128729073746154
13052,0.8498213956998827
13053,0.7330705552030039
13054,-0.34064634388108006
13055,-0.6372657993359042
13056,0.13268781063618623
13057,-0.2703569287409371
13058,-0.13593822383344706
13059,0.12315811973558474
13060,-0.5359069252301919
13061,0.5584657859484448
13062,0.07401193781680238
13063,0.013817673213224448
13064,-0.073050841442487
13065,-0.19694486085029725
13066,-0.7953413084781094
13067,0.5476778150034964
13068,-0.3226787029585655
13069,-0.07967151195357106
13070,-0.39263393745651487
13071,0.08271759983854059
13072,-0.24376723254153218
13073,0.8726862684214102
13074,0.5513327176401551
13075,-0.472830895084108
13076,0.5656198101715934
13077,0.7378037104692707
13078,0.3251257210263418
13079,-0.1599614588998549
13080,-0.013006788066269032
13081,-0.03289517527503006
13082,-0.49984728070111245
13083,-0.9114229677374444
13084,-0.07751720646755393
13085,0.8154417105820712
13086,0.7859247729541283
13087,-0.46705057108795683
13088,-0.8454389475973275
13089,0.023286694109895773
13090,0.15970957995413568
13091,-0.062149631416570164
13092,0.16330595237384993
13093,-0.09605719771661111
13094,-0.10471353745361194
13095,0.038911614097548806
13096,0.5281394718234089
13097,-0.08560034666128127
13098,-0.19902180483032164
13099,0.33377826159253743
13100,-0.06035213145124704
13101,0.5298841000863517
13102,-0.6851938790875736
13103,-0.29866165910403486
13104,-0.8620796744242087
13105,-0.16635229322585554
13106,0.528180392895292
13107,0.7014335477096925
13108,0.38928968147262927
13109,-0.42982646635336524
13110,0.41744277794003887
13111,0.3304755734385155
13112,-0.17198412448562325
13113,0.4948596826330426
13114,0.5179179521991905
13115,-0.5157457982203129
13116,0.19861992811166587
13117,0.03900724495969928
13118,-0.2013019796460777
13119,0.5344623113565076
13120,-0.8537009615059828
13121,-0.42756794767356415
13122,0.6795352410837983
13123,0.282103188048272
13124,-0.35877957173100383
13125,0.48610546044264713
13126,0.39625416733456054
13127,0.4104253682273777
13128,-0.33100273050135803
13129,0.3472639080031736
13130,-0.5428865045619695
13131,-0.567700283560778
13132,-0.022264221155095763
13133,0.7421123803744822
13134,-0.3935233590547949
13135,0.2139381626957624
13136,0.1274404059148352
13137,0.13915307107631075
13138,-0.8199519327117324
13139,-0.11422580374163403
13140,0.5822336076866296
13141,-0.5579952600400588
13142,0.22347289640151355
13143,0.02793575202039343
13144,-0.5066619756431608
13145,-0.7868401589356454
13146,-0.4505924048474349
13147,-0.046401112287418736
13148,-0.031229959870233946
13149,0.46437060863204266
13150,-0.7368162395004552
13151,-0.001233207706348374
13152,-0.799601287725901
13153,-0.744985968428502
13154,0.5818209821316273
13155,0.6515665024033818
13156,0.2728789698359328
13157,-0.07885308873682337
13158,-0.8111598279840372
13159,0.7247727162589503
13160,-0.38886573637948657
13161,-0.8384044934927524
13162,-0.5566601357634244
13163,0.8905490330447333
13164,0.2991347222853852
13165,-0.339442744741878
13166,0.2194572645336773
13167,0.4820839607923923
13168,0.0040352880173622485
13169,0.7473484230024883
13170,-0.8466274256923291
13171,0.5300617180563519
13172,0.06545938444596701
13173,0.33914740685737294
13174,-0.11799836997595992
13175,-0.3292675742040158
13176,0.5679472148772973
13177,0.2639903197138054
13178,-0.01199749839221666
13179,-0.2728100133634599
13180,0.13241925853721456
13181,-0.8990843572922846
13182,0.1035346320181205
13183,0.456624246349847
13184,-0.7738458111662377
13185,-0.4357062457169401
13186,-0.29184519488962035
13187,0.28191159227465945
13188,-0.7643948625677645
13189,0.2475780921336409
13190,-0.34577505464577313
13191,0.04792022774140333
13192,-0.2145802414843358
13193,0.12574849169885893
13194,0.98879114039784
13195,0.9143556089754125
13196,-0.13708292038665093
13197,-0.6096821280468313
13198,0.6015339737119036
13199,0.29801746959636033
13200,-0.8911343970250544
13201,0.4637830682396273
13202,-0.8191552989718018
13203,-0.31385398767950196
13204,0.5131562635935905
13205,0.4133994064963656
13206,0.33534219778811114
13207,0.8122076404945849
13208,0.526514245043306
13209,0.07721922343583314
13210,0.0953084047536394
13211,0.6968088591708143
13212,-0.8472756285228227
13213,-0.8787036006617484
13214,0.5895199750981025
13215,-0.4661823570207007
13216,0.47335687679237026
13217,-0.13023056533818214
13218,-0.881342001194647
13219,-0.235105241069749
13220,0.8462409110229606
13221,0.7645148070502392
13222,-0.44235885521620166
13223,-0.1739549379877407
13224,-0.4444393383519279
13225,0.31001615786905584
13226,-0.024134996626858005
13227,-0.1696769623479701
13228,-0.3095370135638857
13229,-0.17142833672729635
13230,0.6002898552598527
13231,-0.5310611261959691
13232,0.38776601220140594
13233,0.3497550024472049
13234,0.8515702077731414
13235,-0.004378187497032085
13236,0.2096657003199057
13237,0.29200551427633636
13238,0.5821324353363068
13239,0.6412182026707323
13240,0.42552074591296163
13241,0.9126933778811854
13242,0.11486348950863928
13243,0.04693566599031383
13244,0.2137176250667467
13245,0.34326392011206736
13246,0.35121298948639784
13247,0.34805439200651567
13248,-0.597971369886038
13249,0.2615929239975307
13250,-0.13229686466683838
13251,0.7542852339478986
13252,-0.015551298519012402
13253,-0.5832343964572795
13254,-0.5370440748574897
13255,0.3146970716612382
13256,-0.296378674554803
13257,0.15810625174298779
13258,-0.09140224554080978
13259,0.39949502628815586
13260,-0.6842994546482104
13261,0.1345156427180912
13262,0.32404917870251004
13263,0.0422568706958479
13264,0.14348095023581964
13265,0.49242203692022657
13266,0.2619670322162138
13267,0.018989183867612475
13268,0.6774965840898397
13269,-0.430345036546621
13270,0.028408052505706095
13271,0.5613014427615846
13272,0.2350245009621923
13273,-0.24894167460970368
13274,-0.7595673322903017
13275,-0.8372814445694389
13276,0.5858776586050364
13277,-0.7054143502489977
13278,0.13848283499225525
13279,-0.7086816335819216
13280,-0.026886790799698256
13281,-0.6488235653984102
13282,-0.18188055956783403
13283,0.640168618392533
13284,-0.7957431001471602
13285,-0.2583648155432018
13286,-0.020058209402429816
13287,-0.6258695362640276
13288,0.46233625433296066
13289,-0.11168841256195798
13290,0.22701050150111346
13291,-0.8504975104706096
13292,0.16611630344453718
13293,0.37497529558099757
13294,0.16796756754344186
13295,-0.4097678033816433
13296,0.9847774544441501
13297,-0.6000946690538883
13298,0.06550164099722372
13299,-0.1332188418917711
13300,-0.2586441417501385
13301,0.32163898189499784
13302,0.24310134029019304
13303,-0.800517413100858
13304,0.3724104235073919
13305,0.1292322263407614
13306,0.41619940942698747
13307,-0.3584368269584783
13308,0.6866760804901196
13309,-0.5009468156182896
13310,-0.2673292230823014
13311,0.5492256199412081
13312,0.4943452433610063
13313,-0.9421711888894687
13314,-0.05750235656673778
13315,-0.6805952332100049
13316,-0.5275336446849422
13317,0.7366290125305277
13318,-0.44854338094564594
13319,-0.3350180928551341
13320,0.2935928835649467
13321,0.4104905630176535
13322,-0.08394751288083348
13323,0.08100618883017666
13324,0.534483782613486
13325,0.6557627793651288
13326,-0.698552134280782
13327,0.6415791429801906
13328,-0.3855258480354488
13329,-0.8989962795465403
13330,0.0791175771170798
13331,-0.3216081173216725
13332,0.608483877560941
13333,-0.8097552989284791
13334,0.4719774232202273
13335,0.3135012390915651
13336,-0.185323768278708
13337,0.1261867360673925
13338,0.46897064017270723
13339,-0.9523540812619226
13340,0.21836348784488352
13341,0.10984741199555267
13342,-0.8147734438529813
13343,-0.21601358674392826
13344,0.8739011066966024
13345,0.7543226920030882
13346,-0.413123421946974
13347,0.2122228327099655
13348,0.25510844104935715
13349,0.21729540499706865
13350,0.5628583048487447
13351,0.8252367855848922
13352,-0.12809861084952961
13353,0.5011679418629407
13354,-0.5928791152370015
13355,0.10141548463357869
13356,0.3574685557157747
13357,0.28483790834686845
13358,-0.4528963482412084
13359,0.7613917056693361
13360,-0.3128568225058853
13361,0.7339243855162932
13362,-0.7160505765532812
13363,-0.00997356028904926
13364,0.4596523579128432
13365,0.00524380794484572
13366,-0.7657576134399713
13367,-0.700451178654356
13368,-0.846447333970686
13369,0.41967917823492434
13370,-0.5140303876548213
13371,0.5762728981956106
13372,-0.2711537199991754
13373,0.20784143716643008
13374,-0.050445684776202926
13375,0.7271553450723798
13376,-0.33481927724190913
13377,0.6750919295148006
13378,-0.4681814929745336
13379,0.18945017007344345
13380,0.7511272100034533
13381,0.9924988041759039
13382,-0.1272446073524359
13383,-0.229556063562011
13384,-0.5621379802694025
13385,-0.33397898096154055
13386,0.055790992952047855
13387,0.7169361375993348
13388,-0.8199558255177163
13389,-0.6110001618928343
13390,-0.0330286559513571
13391,-0.19241874366724376
13392,0.7279229107754515
13393,-0.6197814676068681
13394,0.7963541943419211
13395,-0.11542266115494866
13396,0.5504259773820137
13397,-0.271776923184699
13398,0.18104101098521788
13399,0.704278866816271
13400,0.6915423993773969
13401,-0.19083503141745703
13402,0.1759793173133198
13403,0.24668883085412224
13404,0.343506011381055
13405,-0.18133027815351424
13406,0.48492286671023505
13407,0.014193575522073577
13408,-0.73433206714713
13409,0.2924836551431049
13410,0.23649162334005897
13411,0.6397103930668847
13412,-0.30878716726407257
13413,0.722345842419167
13414,-0.0725273693980613
13415,-0.07617660182945757
13416,0.5963427737600225
13417,0.831892723912177
13418,0.6116105250367833
13419,0.592016881475044
13420,0.18828630369755286
13421,-0.5865192570024218
13422,0.2860177277029266
13423,-0.7841992986297189
13424,-0.6564252810888318
13425,0.3403087414042093
13426,0.06752576919663722
13427,0.23063793512308559
13428,0.0774931861179055
13429,-0.5369104054379515
13430,0.08200655724385418
13431,-0.41180572722939096
13432,-0.5857784327928446
13433,-0.776497186803725
13434,0.4326459591689664
13435,0.5594548917761657
13436,-0.41471973959259695
13437,0.4276744775637193
13438,0.1993924679609777
13439,-0.02869016456337769
13440,0.29913300063691156
13441,0.07329362819057444
13442,0.09134693073715933
13443,-0.6545108190629385
13444,-0.6147649057264785
13445,-0.5644109296448404
13446,-0.6474776382281243
13447,-0.5491791211072035
13448,0.6621429664184135
13449,-0.7454907519179724
13450,-0.014682410170026604
13451,-0.35670359453841793
13452,-0.27538298673884765
13453,0.6109279929885623
13454,-0.23504888171191088
13455,0.7435855822167787
13456,-0.7688513225605316
13457,-0.3232439237515011
13458,0.11249646266123742
13459,0.9255366307591886
13460,-0.3194434208620633
13461,0.15617234818313014
13462,0.3502077959039426
13463,-0.01336850458558595
13464,-0.9282034251060802
13465,-0.38880959692140865
13466,-0.8156567623274299
13467,-0.19947653421060707
13468,-0.40335207292548897
13469,-0.4395510868103219
13470,0.394558773673063
13471,0.6447208611425719
13472,-0.27203988389788336
13473,0.643792649156758
13474,0.3577867312210244
13475,0.7124329571408657
13476,0.44875654923092223
13477,0.2883636190618405
13478,-0.839842472997548
13479,-0.5122439846470982
13480,0.7763334917215603
13481,0.4335985396661959
13482,-0.21700322439805708
13483,-0.09886737437483623
13484,-0.2166770886488566
13485,0.3717495001912812
13486,-0.16068044995832714
13487,-0.8386892007626946
13488,0.18941497912675895
13489,-0.2354640404720802
13490,0.8380007180465263
13491,0.5530250880236446
13492,-0.3094293986479673
13493,-0.6759270524229243
13494,0.6821831866789723
13495,0.16324660850308503
13496,-0.11232150775330776
13497,-0.6486563794062977
13498,0.13231713127805647
13499,0.11887273628896163
13500,0.5612384274561164
13501,0.40945694575414154
13502,-0.18333375048174194
13503,0.3569267074338796
13504,0.17552868908145944
13505,0.9502221082058886
13506,0.5310847098452139
13507,-0.39952111317286093
13508,0.5371982028233281
13509,-0.6248545905214196
13510,0.039550276320197024
13511,0.12723506912073176
13512,0.09652579456761462
13513,0.8688667741116866
13514,-0.7412695105051085
13515,0.29245646283699706
13516,-0.03302050352134123
13517,0.5776508688821133
13518,-0.3698590462986059
13519,-0.43245215864444514
13520,0.21697564606494718
13521,0.46324244895328326
13522,-0.11764988895357897
13523,0.037174441506858454
13524,-0.06921160172520173
13525,-0.6008454592476166
13526,-0.25332457078843873
13527,0.16697256637280733
13528,0.007921324947793231
13529,0.06119742937269959
13530,0.5015575539828935
13531,-0.46768486702621065
13532,-0.573729903563563
13533,0.8528122423542921
13534,-0.7755477286844408
13535,0.6127561302262885
13536,-0.3695102781164755
13537,0.27322708269072843
13538,0.21842236688679426
13539,-0.09882233096325577
13540,0.3548521131854909
13541,-0.2094209264223811
13542,-0.7768543221108231
13543,-0.30338005838042487
13544,0.8337450499912803
13545,0.4037255905191229
13546,0.16510675439578126
13547,-0.2721027888708589
13548,0.8594102708149667
13549,-0.36486436792245813
13550,0.2433519929648328
13551,-0.24770676117831383
13552,-0.06496175857169258
13553,0.06660613726206388
13554,0.14380663280781592
13555,-0.2317394795974575
13556,-0.9584920615752313
13557,0.1536123552692229
13558,0.5716546006397087
13559,-0.029889617186243073
13560,-0.49110289162073156
13561,0.2093427788226703
13562,0.7880664862226714
13563,-0.15658706312017107
13564,0.4840541598043414
13565,-0.7859543171866703
13566,-0.021925182699617077
13567,-0.15929307333567252
13568,-0.4616780781337391
13569,-0.5598732454935252
13570,-0.12078084070992294
13571,0.025644974665268792
13572,-0.45990432300921635
13573,-0.8360765171573791
13574,0.001840688982009035
13575,0.5100747601309218
13576,0.04551543620883942
13577,-0.28501110001806973
13578,0.34637557263544055
13579,0.5507577715592883
13580,-0.45408321778621574
13581,-0.7750791263472036
13582,-0.7430572765659139
13583,0.494123705895351
13584,0.024196130564230867
13585,0.560707967470882
13586,-0.04734426387392288
13587,-0.11404269898490677
13588,0.9079336715253842
13589,-0.36274794491305484
13590,0.7733077295279507
13591,0.627692478690605
13592,0.17198833964901244
13593,-0.8395984605499754
13594,0.680568649046716
13595,-0.4386438515420965
13596,-0.3188315575058019
13597,-0.379698012588905
13598,0.22337379283454714
13599,0.45263024113892864
13600,-0.15928662423037146
13601,-0.7527732188390072
13602,-0.16302298225651088
13603,0.15723328545089216
13604,0.05608415885182662
13605,-0.9078449302520798
13606,0.39849891756148864
13607,-0.16997880337130292
13608,-0.46052377391698146
13609,0.6715883429109594
13610,-0.24397300777174338
13611,-0.7102979539034879
13612,0.6496801790425375
13613,-0.3936378542510401
13614,0.1563855884960654
13615,0.12673530813795103
13616,-0.14153949406423139
13617,-0.23806343086491702
13618,-0.7819718582523946
13619,-0.4081850694713786
13620,0.448131729612592
13621,-0.6015545784136923
13622,0.5902127877841263
13623,-0.7663309209671144
13624,-0.40506204373148585
13625,0.3195099276420702
13626,-0.9045140136999466
13627,-0.8576064679462757
13628,-0.5432196652317824
13629,0.6627371168961397
13630,0.5289431387951898
13631,0.08986566492383474
13632,0.2485900027259338
13633,-0.488668857272143
13634,-0.8196039221274053
13635,0.5395063012825299
13636,-0.35499887358522153
13637,-0.040881259830021104
13638,0.2843825223936845
13639,-0.36081288234368075
13640,0.05154344239794422
13641,-0.17172802931209225
13642,-0.19591304071871696
13643,-0.6889618878644092
13644,-0.5429828056636427
13645,0.024292341606846287
13646,-0.5953564532775626
13647,-0.4887027988534652
13648,-0.1849496835168117
13649,0.3267227974924986
13650,-0.6436743158790925
13651,0.057925499321572045
13652,0.1674032169834992
13653,-0.515142908973897
13654,0.30790653342315344
13655,0.5989041847868113
13656,0.4107623070007376
13657,0.0350615468378429
13658,-0.31953934333131134
13659,0.4352694931702504
13660,-0.8297728741954062
13661,0.685142574435504
13662,0.6157868185737052
13663,0.20391892248292678
13664,0.29341779676924223
13665,-0.6749364360372478
13666,0.4063941050553364
13667,0.3843623959989063
13668,0.7131539785920342
13669,-0.35365879591094673
13670,0.5066423160238754
13671,0.028318055033188034
13672,0.029225162552462942
13673,-0.39992577002675017
13674,0.8230771541236872
13675,0.01523106329389287
13676,-0.26163718739350883
13677,-0.09237108429546365
13678,-0.6247619396353091
13679,0.89046022361475
13680,0.8679813666197632
13681,-0.7831903984981096
13682,0.251744119761279
13683,-0.4718450411624974
13684,-0.23402060606637076
13685,-0.7482694226657578
13686,-0.29595564577029493
13687,-0.1780042045996471
13688,0.8563484333570983
13689,-0.6257104812385343
13690,0.4071735550439233
13691,0.5472946363896565
13692,-0.3886621973949781
13693,-0.163179197623624
13694,-0.6581587007700115
13695,0.8057376540524663
13696,0.5248215138024396
13697,0.5317718964346992
13698,-0.40281123317101974
13699,-0.5239799027457789
13700,-0.6386390501043337
13701,-0.00919482584260991
13702,0.8887056241731507
13703,-0.10588202031472198
13704,-0.1083055171900466
13705,0.26062857862290345
13706,0.18256648638218606
13707,0.5754503186830178
13708,-0.6056679353930652
13709,-0.14360330812550018
13710,0.7970307548157911
13711,0.09934088433662326
13712,-0.5354739358134385
13713,0.8156333875842601
13714,0.5485594407395303
13715,-0.1654845533636765
13716,0.19924585345576157
13717,0.33123799151684735
13718,0.7397915975264159
13719,0.8234232074767524
13720,0.8027664816432661
13721,-0.5837340677824749
13722,0.41801866102693636
13723,0.44780498395930707
13724,0.8740694567537731
13725,-0.12212833121437167
13726,-0.1948712068377937
13727,0.681949533296384
13728,-0.4674155067230659
13729,0.6044616384901961
13730,0.8337021512366791
13731,0.4323409940348407
13732,0.428890771650957
13733,0.748831129278113
13734,0.5143510252560272
13735,0.426789559349468
13736,-0.3841760023694046
13737,0.7628455117667273
13738,0.16458321946638343
13739,0.39036559535189386
13740,-0.7035771457896794
13741,0.6417644912778203
13742,0.8400145245575394
13743,0.27815333862059904
13744,-0.44686501176609933
13745,-0.16063711580615786
13746,0.42832840220051416
13747,-0.4930772314887902
13748,-0.03044801487460353
13749,-0.3549775632662836
13750,0.9485651445224
13751,0.18555065290481795
13752,0.09757885786563217
13753,0.4016981358673751
13754,0.5414172065514765
13755,-0.004131033998456232
13756,0.11783011376702979
13757,0.08000179678703132
13758,0.48248757178952434
13759,-0.03178013381810236
13760,0.24739070926633838
13761,-0.06907998134553392
13762,0.05437164400561926
13763,-0.6189580216743574
13764,0.5280608619599276
13765,0.37852931364453524
13766,0.36908562531657757
13767,0.682969403278916
13768,0.060670556231002155
13769,-0.42178119460887353
13770,0.27210468538224325
13771,-0.4327907816424746
13772,-0.057135628527609436
13773,0.8785218690438986
13774,-0.40937121443904795
13775,0.16319925842925243
13776,0.3044807967824529
13777,-0.041086854415109696
13778,-0.5429738185264067
13779,0.7647751040868889
13780,-0.321739731659681
13781,-0.2912047822146343
13782,-0.8005314492411462
13783,-0.36756619026702314
13784,-0.4363844348875403
13785,0.2567448493407284
13786,-0.3343963051070306
13787,0.7554254868643303
13788,-0.41037457090540747
13789,-0.4050179369249592
13790,-0.7924792336645202
13791,-0.6738229399656462
13792,-0.11167770770234771
13793,-0.12202657485292225
13794,-0.1517002834962513
13795,-0.6853490592714758
13796,-0.8042736973019114
13797,-0.329098164826127
13798,-0.48351079367513256
13799,-0.45311102808867937
13800,-0.00952262980718774
13801,-0.03316362474242824
13802,0.6607589542331845
13803,-0.7110231166729194
13804,-0.9074818947856006
13805,-0.3343743460134161
13806,-0.06579082195244301
13807,-0.376665151894747
13808,0.6449461756424633
13809,0.13744551387963466
13810,0.46821072390451124
13811,-0.9476466901969346
13812,0.501954011151831
13813,0.13526281223336045
13814,0.3300438445535782
13815,0.6752335420843303
13816,0.4141049974549237
13817,0.5784503583401911
13818,0.9079472147455574
13819,-0.27173720862679085
13820,0.20616439509714257
13821,-0.11672624128024366
13822,0.6474243946012631
13823,0.5306542966853741
13824,0.6516856465751493
13825,0.004508871896703457
13826,0.8560733557519544
13827,-0.3433911109426999
13828,-0.004614208456467289
13829,-0.4136730468767641
13830,0.5419662369305651
13831,-0.20480001924582103
13832,-0.07486540334130562
13833,-0.6130960336185981
13834,-0.27376080927673296
13835,-0.4866124818246252
13836,0.2371272172157438
13837,-0.17198764580253081
13838,-0.5170555868854753
13839,0.8203117098686457
13840,0.7182589586336817
13841,-0.39005646468766564
13842,-0.3889111631048177
13843,0.1465219431298476
13844,0.2869950211310526
13845,0.5117180871932984
13846,-0.5067903373045606
13847,-0.11664957393541284
13848,0.9117396215174701
13849,-0.8443581438294421
13850,0.32651833138925135
13851,0.7059531327768113
13852,0.14569232800017878
13853,0.02627649114862105
13854,-0.16338923832941418
13855,-0.3309557668398824
13856,-0.5267685191468356
13857,-0.4019039401489537
13858,0.3463384424337599
13859,-0.4438231546564097
13860,-0.6094537641525113
13861,-0.007062573545633151
13862,-0.6147271710452749
13863,0.5840125261806413
13864,0.02873955429966778
13865,-0.5250004458125531
13866,0.31106395998494446
13867,0.6134977957133594
13868,-0.7015665188079362
13869,0.281703052925454
13870,0.12953312631123717
13871,-0.4375509246398268
13872,-0.07547856646043322
13873,-0.5294227623397956
13874,-0.09478084526714413
13875,0.7805916654250581
13876,0.4794790605756161
13877,0.20900948961599697
13878,0.6755840506585786
13879,-0.27097156332401895
13880,-0.3616746297713591
13881,0.29730978615087034
13882,0.500164773692739
13883,0.7091874563828049
13884,0.4561343752572643
13885,0.8318295892790998
13886,-0.04901309421352769
13887,-0.9144624972090933
13888,-0.7766917306270337
13889,0.21804395697327428
13890,-0.5779641072688221
13891,0.9119706343872261
13892,0.09970719385633256
13893,-0.3295025803195686
13894,0.20733652816787387
13895,-0.3470306253520228
13896,0.6032177818947133
13897,0.3297947039503522
13898,-0.8255494062109786
13899,0.05907832866095291
13900,-0.35101567284363117
13901,0.7498682448742284
13902,0.5545120229173294
13903,0.7320713411892628
13904,-0.5162422314132775
13905,0.2851036087093503
13906,0.6587788106549782
13907,0.21924162735093933
13908,-0.35244184136388124
13909,0.18161592965775986
13910,-0.010459984434882748
13911,-0.08859143973889497
13912,-0.283820362708026
13913,-0.7064000102104944
13914,0.6515674555799296
13915,0.11631334251197861
13916,0.42552765011567334
13917,0.8114693517800652
13918,-0.44450352698679163
13919,-0.7869826936288435
13920,0.3326007167841712
13921,-0.2523278933951622
13922,0.8489512970717797
13923,-0.4251919214991637
13924,-0.7860367749086121
13925,-0.11135795521187279
13926,-0.34512978955194207
13927,-0.6756621819993468
13928,0.5204862087753378
13929,0.3062914937609061
13930,0.9530474774096074
13931,-0.37914644849142526
13932,-0.34439221065698455
13933,-0.3429492058468526
13934,0.32789669346993133
13935,-0.5575600550101595
13936,0.9073057251985345
13937,0.1358426733758884
13938,0.7853478210208756
13939,-0.07549495109409049
13940,0.2696268039554579
13941,0.630924424021079
13942,-0.8107470917352054
13943,-0.7949910543745489
13944,0.5833248397460565
13945,-0.009437872361550916
13946,0.16318819775934074
13947,-0.48448111361546176
13948,-0.14421085646696197
13949,0.7328834439734031
13950,-0.11211985242442851
13951,0.08924893051124802
13952,0.41114007665982244
13953,-0.03188206549999987
13954,0.9863241555585394
13955,-0.09447018376666112
13956,-0.23626432744439346
13957,0.1512413169141784
13958,0.29283439438921977
13959,0.7482131723776647
13960,-0.7722098776514814
13961,-0.4591073116252228
13962,-0.1809488661880609
13963,-0.4382551613598586
13964,-0.3057101236117019
13965,-0.060672203946879784
13966,-0.2762373500078157
13967,-0.19558740182445772
13968,-0.0084137681663167
13969,-0.018067765130612343
13970,0.24483702752681014
13971,0.046946050490640975
13972,0.3280848441297022
13973,0.7561122653860302
13974,0.7477796049013387
13975,0.3856145465595404
13976,0.9636191907506096
13977,-0.3279003708212057
13978,-0.17642168016275347
13979,-0.9861969743689234
13980,0.5778649854246362
13981,0.6136943632206938
13982,0.3219809472857128
13983,0.5115085740429629
13984,-0.591257964719221
13985,-0.7008869715209011
13986,0.13820840766872566
13987,0.0728489003782862
13988,-0.6862965652633916
13989,-0.5813719769324606
13990,-0.5419620952358476
13991,-0.10045655060288203
13992,-0.46577988273551163
13993,-0.14858399322124863
13994,-0.37011932781726203
13995,-0.5867958358314198
13996,-0.17031950620724096
13997,0.7234055995352561
13998,0.40663569236371905
13999,-0.40964705916165767
14000,0.5018501914450295
14001,0.29446234331455196
14002,-0.5839653470308572
14003,-0.46919396672753755
14004,-0.5115728928004014
14005,0.12472836139988551
14006,-0.4078818917108364
14007,0.1646156379676688
14008,-0.6221410628955966
14009,0.9216787751355118
14010,0.0681599852298487
14011,0.724197709104222
14012,-0.07773128692250977
14013,-0.00699508976878563
14014,0.22655667097573212
14015,-0.3424359339465096
14016,0.6084262410911512
14017,0.14033693702537894
14018,-0.7454966152783987
14019,0.16018488813849777
14020,0.1740187986505759
14021,-0.5935241156546363
14022,-0.5052533368027468
14023,-0.4101471197844206
14024,0.574986401764435
14025,0.5977307654796561
14026,0.8675703364359817
14027,-0.3011059600919998
14028,0.3057623926338529
14029,0.37139868573333007
14030,0.14520536635772704
14031,0.06137706159374735
14032,-0.37881090975781334
14033,0.45518859855335214
14034,0.5052054642354527
14035,-0.44255688171074786
14036,0.5299816981488159
14037,-0.21244861475397878
14038,-0.3586952980194087
14039,-0.06615839569549087
14040,-0.4389183564790253
14041,0.27721751805956507
14042,0.33911449838379554
14043,0.6034100116960268
14044,-0.4679068055661244
14045,-0.5576276667832062
14046,-0.3981716816133961
14047,-0.004847704677017268
14048,0.25627759857347704
14049,0.06042068904301671
14050,-0.315502537690847
14051,0.29457571205429944
14052,-0.1843436959219671
14053,-0.44188435938654846
14054,0.10603165993346975
14055,-0.9473187127101379
14056,-0.30119940129856215
14057,-0.05721317903895178
14058,0.10645258798008804
14059,-0.8905116185822246
14060,-0.667559257958135
14061,-0.9757651357213011
14062,-0.7697641915728399
14063,0.5085425258105492
14064,0.6620355599687823
14065,-0.309627225172242
14066,-0.6815605998906688
14067,0.4055666926293978
14068,0.8009366659292025
14069,-0.3898293603923321
14070,0.6858146713935266
14071,-0.7651879688787355
14072,0.005322302678209798
14073,0.3360350271527826
14074,-0.372626169254557
14075,0.34711339475774095
14076,0.24948973370858143
14077,-0.3945242185422263
14078,-0.09372772876904847
14079,-0.666950780528118
14080,0.0732977497346919
14081,-0.5617089868384038
14082,-0.3170930212185557
14083,0.22417073547146862
14084,-0.3539000241158661
14085,0.347282539260857
14086,-0.2635844676602408
14087,-0.17752117000039347
14088,-0.5776427263492735
14089,0.7902078909200473
14090,-0.3291979734548616
14091,-0.5282947127848502
14092,0.05954006657231769
14093,-0.3137096890121306
14094,-0.583247440257211
14095,0.15377013872274176
14096,0.46212391914185896
14097,0.9771983644186157
14098,-0.637610048590616
14099,0.24556511612044135
14100,-0.18221348773932064
14101,0.14079905320444722
14102,0.3286002431950446
14103,-0.12144264191892702
14104,0.38912651522114017
14105,-0.7222532868994996
14106,0.9018434884706338
14107,-0.9840639780382823
14108,-0.2872497597661366
14109,-0.07638870803686731
14110,-0.9201227416938242
14111,-0.8693468935380816
14112,0.0677445109836316
14113,0.12546720142014356
14114,0.42713291514652535
14115,0.4971858470876336
14116,0.5703432896669791
14117,-0.6144383307362087
14118,0.8297664662564017
14119,0.3682455541061944
14120,0.7291025952131971
14121,-0.10051555377485186
14122,-0.1285857400794108
14123,0.8233379510418469
14124,-0.7732995056336783
14125,-0.7502989119185277
14126,0.24965592824072247
14127,-0.6434249543710461
14128,0.4095091196795673
14129,-0.9770171383779506
14130,-0.8659437496247305
14131,-0.5855388452951508
14132,0.5359551621851142
14133,0.2277771097982142
14134,0.5465371017531693
14135,0.40340362722304646
14136,0.6542462719152066
14137,0.7584983650434576
14138,0.9234256105687798
14139,0.023976744274104584
14140,-0.5531768154265804
14141,0.6810243398635425
14142,0.7027414410007964
14143,0.5297552803620252
14144,-0.808474931778117
14145,-0.5543609426610365
14146,0.132086292571388
14147,-0.24511950629898907
14148,0.489874152191519
14149,0.46264646975306817
14150,0.5383574007633298
14151,-0.5651236021125425
14152,0.227692478390174
14153,0.43898004607492175
14154,-0.6612214181128522
14155,-0.2580423832693062
14156,-0.19239586698654387
14157,0.3827130362731194
14158,-0.00016147273193071036
14159,0.43141386989331826
14160,0.6004130145854832
14161,0.2780219824112305
14162,0.19123428574437898
14163,-0.5137589023149424
14164,0.21361183841151454
14165,-0.5066241621833949
14166,-0.7325948953401901
14167,0.3082015896784624
14168,0.08210093368828629
14169,0.41798819121576203
14170,0.463667787597432
14171,0.7072152431743582
14172,-0.6670197971020991
14173,-0.16093378885861337
14174,-0.17941056167840624
14175,-0.284076206244077
14176,-0.1037934377935435
14177,-0.6011827469162921
14178,0.5738140817748596
14179,0.2702026288022565
14180,-0.35289205673478174
14181,-0.5368874920206855
14182,0.7604283178965088
14183,0.5532184670806528
14184,0.7194205904678695
14185,-0.4533802892777531
14186,-0.7617636754802346
14187,-0.30869932560796726
14188,-0.4193628997538474
14189,-0.2461889059887587
14190,-0.42523110018440674
14191,-0.20381833920480444
14192,0.38777336606165896
14193,-0.807499616475569
14194,-0.7075467370544638
14195,-0.134877249365152
14196,-0.3623651575156206
14197,-0.6287166676799827
14198,-0.6995023762899029
14199,0.817764489561283
14200,-0.49171924938318556
14201,0.535782201362098
14202,0.4264681819125376
14203,-0.5664777903608011
14204,0.8853969757900987
14205,0.3874690241344622
14206,0.17460765695760583
14207,-0.9262733719087144
14208,-0.8426961858957585
14209,0.28416502965144713
14210,0.3442207116968437
14211,0.597204542456077
14212,-0.23817041130788447
14213,0.36574341139070954
14214,-0.6193057183443749
14215,0.41987709991506805
14216,0.11645046678096464
14217,-0.42295517910315905
14218,-0.07911965959998124
14219,0.190557430447937
14220,0.7284498503902378
14221,-0.15441666658420108
14222,0.5760507074786009
14223,0.1232769910252302
14224,0.9218132256550589
14225,0.29135336294038894
14226,-0.03330851334941285
14227,-0.33000876489186437
14228,-0.08830083880957762
14229,0.7660720660595622
14230,0.7605961235316197
14231,0.5108170691802881
14232,0.24136186943657031
14233,-0.5776261380583833
14234,0.47521915018630234
14235,-0.21245842256881212
14236,-0.2998040960568315
14237,-0.09833140763389682
14238,-0.08474876055175676
14239,0.4707995576634472
14240,-0.08558917307561253
14241,-0.38533675323342126
14242,-0.22264508126337842
14243,0.6591057092870243
14244,0.06860365766100596
14245,0.6112306118265326
14246,0.24597791577576966
14247,0.9034971810163658
14248,-0.6701865175694891
14249,-0.08608017897440269
14250,-0.05132265503740751
14251,0.16033795970880718
14252,0.6223691836815111
14253,-0.8508914075596601
14254,-0.035148404119799546
14255,0.5564452743737519
14256,0.7037966836926147
14257,-0.44055431236477754
14258,0.5105939219665558
14259,-0.6055920065491917
14260,0.5579620467041291
14261,0.038347071711660616
14262,-0.1287449133460583
14263,-0.5711417712143517
14264,0.06285799214739275
14265,0.7063084105839024
14266,0.4481215212075841
14267,-0.33323655709817135
14268,0.25018908823134783
14269,-0.6697051659664175
14270,0.5803864222608329
14271,-0.9554065315235597
14272,0.22300116357985894
14273,0.3934357129403094
14274,-0.5837987570549582
14275,-0.5991299108697421
14276,0.5976354155803063
14277,-0.4785168647532368
14278,0.532572075243997
14279,0.7363677497627052
14280,0.1816265320150795
14281,-0.39463195958548747
14282,-0.2347147056628377
14283,-0.7759704131834748
14284,-0.09928998990832825
14285,-0.7143284503064334
14286,-0.02368060821003334
14287,-0.15517941471072857
14288,0.3001856307406505
14289,-0.20864752468223766
14290,-0.6416888944838237
14291,0.009051643021317548
14292,0.5442849503422522
14293,-0.26749550483617296
14294,-0.7848256788187425
14295,-0.9004944720046965
14296,0.08929303453620308
14297,0.880397518052436
14298,-0.027041779526932343
14299,-0.526584214772956
14300,0.07594775740088344
14301,-0.5487437217762359
14302,-0.6057513831836946
14303,0.055264657653465846
14304,-0.3594627281203766
14305,-0.06560143220307088
14306,0.1249214159288855
14307,-0.7913176038616687
14308,-0.14766945936065942
14309,-0.39418850449266024
14310,0.2839267285865447
14311,-0.10113124540534152
14312,0.7265296291676914
14313,0.33713821096824226
14314,0.690897430444399
14315,0.5610157943299887
14316,-0.7593214843599406
14317,0.49086242232373284
14318,0.5012592574011946
14319,-0.8249484307392283
14320,-0.19699342759014887
14321,0.10386199936421268
14322,-0.6353398420073132
14323,0.04506958974555959
14324,0.6235804793451647
14325,0.42494980854386016
14326,0.7438892346275037
14327,-0.17733147277311773
14328,0.04911635794038489
14329,-0.3974898353133599
14330,0.016100012769006425
14331,-0.08745867331410875
14332,-0.22622869704420637
14333,-0.45004335413465824
14334,-0.6252545606626443
14335,-0.29620649865562904
14336,-0.36204412638515593
14337,0.7247024087791738
14338,0.2525477452310523
14339,-0.24657568991162399
14340,0.5218103124260781
14341,0.3038177966972773
14342,0.20369433378106522
14343,-0.110773388801716
14344,0.6852129066490121
14345,-0.7333088124493184
14346,-0.3231141055119857
14347,0.09340396903508424
14348,-0.16044906015534102
14349,0.8241400357216786
14350,-0.06838846662127923
14351,0.49104310422890585
14352,0.6087150211234418
14353,-0.6394561426332483
14354,-0.28702978742146323
14355,-0.645895181224257
14356,0.12022690091450905
14357,-0.5871902842818271
14358,0.21083189594216675
14359,0.3664536089959075
14360,0.709858307929045
14361,0.8951076690003011
14362,-0.29949061852081527
14363,0.060643640316998475
14364,-0.15783579228467723
14365,-0.5626303083146807
14366,-0.2425920614632064
14367,-0.01752358755263236
14368,0.44415136824631035
14369,-0.9074104811645841
14370,0.475400187791422
14371,-0.13940936495410564
14372,-0.4090887358418679
14373,0.23927364516490038
14374,0.4870666693769625
14375,-0.10070145693590932
14376,0.7360334660344257
14377,-0.23555992151649457
14378,0.4623621832976584
14379,0.1917823465956594
14380,-0.5401980941449022
14381,-0.4290871534293761
14382,0.6366127092589534
14383,0.5711671127180535
14384,0.7179583974064239
14385,0.4843318218349041
14386,0.7029790809094726
14387,-0.5612810694918844
14388,0.23433713625820293
14389,-0.3247943089677515
14390,0.27239405266639116
14391,0.6472426512133606
14392,0.8511838455854749
14393,-0.6071453979137176
14394,0.6612104290670927
14395,-0.44972924632162803
14396,-0.36409128710906147
14397,-0.6705650707173614
14398,-0.17515044872987853
14399,-0.3672513977707852
14400,0.10772063086494191
14401,-0.07167317377744176
14402,0.44846748023899063
14403,-0.34667011377857304
14404,0.7248253562504953
14405,-0.7082843783688253
14406,-0.10205036133768376
14407,-0.7082849468150748
14408,-0.013455702684707416
14409,-0.34394360980886995
14410,-0.7116614610241697
14411,-0.6265071757668915
14412,-0.6912023108388328
14413,-0.2026508539822623
14414,0.28848255113290944
14415,0.3121423277096537
14416,-0.7281327423868353
14417,0.20717085141913238
14418,0.21262694731137716
14419,-0.051847947375317886
14420,-0.21689787357501547
14421,-0.7973802249907664
14422,-0.19102357710797557
14423,-0.3704735341343861
14424,0.12031174891260074
14425,-0.9573788228020408
14426,0.5233649042701829
14427,-0.9404995895514591
14428,0.14713845560597313
14429,0.8082636792182326
14430,0.34003565345976206
14431,0.30519051119362256
14432,0.40071340657343296
14433,-0.04716461630173731
14434,-0.6536691189991002
14435,0.27917280366497976
14436,-0.3466231447099086
14437,-0.5421444373287116
14438,0.2686537867091232
14439,0.6380837134471077
14440,0.5225594677487472
14441,-0.5730410393325814
14442,-0.06620342431599985
14443,-0.6273717845524147
14444,-0.2803501795777134
14445,0.0404309352804769
14446,-0.29424133638088357
14447,0.431943798471503
14448,0.602131315932674
14449,-0.6384297686727323
14450,-0.21802016867427404
14451,0.6090123065727129
14452,-0.27308849025071
14453,-0.5681586852000491
14454,-0.25829338440305755
14455,0.6265412539070525
14456,-0.4711208106390751
14457,0.4839346562352897
14458,0.4604365815682204
14459,0.971017529815596
14460,-0.2922575210071618
14461,0.5046035049444562
14462,0.6606755772180036
14463,-0.17294304881860725
14464,0.2827851255719553
14465,0.7657990175669747
14466,0.8280640912948369
14467,0.9469038536463545
14468,0.524186529281298
14469,0.289707990783231
14470,0.20192744453748004
14471,-0.3579791714294284
14472,0.3168386759631055
14473,-0.2721545849823537
14474,0.01876705093434092
14475,0.27415202813881745
14476,-0.5755111236353414
14477,-0.6746120365804372
14478,0.5128792335708641
14479,-0.3879408567765242
14480,-0.6159953995430362
14481,0.16863401485469684
14482,-0.861329419358735
14483,-0.561493326025195
14484,-0.8484779925113995
14485,-0.28507636737827396
14486,-0.14636692364572904
14487,-0.02612965919697576
14488,0.17281523473286256
14489,0.2573631328594586
14490,0.7953860201132966
14491,0.12277470179934788
14492,-0.18661222625403442
14493,-0.12889376321171417
14494,-0.5189911029461669
14495,0.10823808065598832
14496,-0.08799062823879013
14497,-0.48319363021044753
14498,-0.4217799428191048
14499,0.28766055009096486
14500,-0.8016621347671108
14501,0.2060666403534422
14502,0.4491594510284023
14503,-0.6048492986914918
14504,-0.28729777151971636
14505,-0.5323861378049716
14506,0.5564267520289993
14507,0.8291242827359753
14508,-0.2583292971742525
14509,0.6542400101646098
14510,0.3584856966356496
14511,0.2577964898473233
14512,-0.6109521511123699
14513,-0.4197291909268836
14514,0.432435314819901
14515,0.11232307497971254
14516,-0.4322001599245908
14517,0.9194260388243884
14518,0.6311858422246919
14519,0.4499127697762769
14520,-0.23949490849294333
14521,0.8480336242701257
14522,0.3309335050714116
14523,0.9199394653685643
14524,0.26194027306080486
14525,-0.44313492056797427
14526,0.39839899176974736
14527,-0.1203789360338943
14528,0.1198996028584156
14529,0.25213943065385747
14530,-0.7285854105268136
14531,-0.025632514686608363
14532,-0.31146667699429703
14533,0.5440151095144858
14534,0.3082592592160131
14535,0.5661657641836298
14536,0.22107545202182335
14537,0.9255069875353724
14538,-0.309473035208295
14539,0.32453082943429984
14540,0.36520542440366965
14541,0.3285557794397395
14542,0.8172525823788733
14543,-0.1309105850889392
14544,-0.6546094521840238
14545,0.662584624314511
14546,0.002969294236329747
14547,0.944541719912256
14548,-0.5792514640313995
14549,0.6825006056058897
14550,-0.5967463846364283
14551,0.40231567626977427
14552,0.4322020872303557
14553,-0.026851660323038016
14554,-0.5039038208535279
14555,-0.13598929696035586
14556,0.5423283756909768
14557,-0.2432654234708356
14558,0.01178812471217903
14559,0.8334295569571301
14560,0.09935453193235937
14561,-0.17151672545177937
14562,0.03610891091102248
14563,0.48727848609004654
14564,-0.1810046855101223
14565,0.3821101572891701
14566,0.1539020565498926
14567,0.2520957999982296
14568,-0.42395040641760096
14569,0.09925371790640336
14570,0.13634707912625646
14571,-0.6260839389876526
14572,-0.546954562364369
14573,0.003499473888940938
14574,0.46402865511046687
14575,-0.8399434166247483
14576,-0.1391971233051804
14577,-0.10509558704228077
14578,0.821616494300906
14579,0.2710870130383538
14580,0.5425830769447308
14581,-0.19854840915618194
14582,0.06975203851912108
14583,0.33531674323806565
14584,-0.37076443583024765
14585,-0.20125507538002438
14586,-0.9368614963848708
14587,0.48515260489350975
14588,-0.45846397855822496
14589,0.4511324433727601
14590,0.2010918969171483
14591,-0.1792643926644
14592,-0.6000599828268541
14593,-0.43280048819484757
14594,-0.10999326730706525
14595,-0.8833198542418245
14596,-0.5104061445096612
14597,0.46628291503433045
14598,-0.646488982629586
14599,0.8258519793392725
14600,-0.4591804801357974
14601,0.18087397169287744
14602,0.06024258809871782
14603,0.09074991668957906
14604,0.2773881850486464
14605,0.014800318666935028
14606,0.28860059472719174
14607,0.09639504326082023
14608,-0.2489211594288267
14609,0.49869143176873426
14610,0.14625356693042005
14611,0.7568271373409832
14612,-0.02340016941744001
14613,0.5259484836668004
14614,0.4195949064216979
14615,0.013769371024914157
14616,-0.37629071925343555
14617,0.19979097449069985
14618,0.7112717292700013
14619,-0.7013976805587611
14620,0.4531415871449474
14621,0.4748926617089971
14622,0.1550712257796416
14623,-0.06003622457304049
14624,0.5995736827257124
14625,-0.8328524236725829
14626,-0.1580653462758293
14627,0.21047544723920664
14628,-0.7399926486918462
14629,-0.21244814244643836
14630,0.7169909221564179
14631,-0.913028395287963
14632,-0.792634111144085
14633,0.0588772383147228
14634,-0.25759462654310855
14635,0.35556844081402345
14636,-0.8634834432105087
14637,0.569085115111718
14638,-0.3106506779368807
14639,-0.6483119153757906
14640,-0.19933962179909245
14641,-0.21501921236249322
14642,-0.6026896153419546
14643,-0.5010346724383434
14644,0.36906778888680214
14645,0.6032884305644037
14646,-0.7499730005853585
14647,-0.1338734224326526
14648,-0.2843236124423459
14649,-0.4894107341827471
14650,0.839117738548935
14651,0.6249232054391104
14652,0.05340045419698117
14653,0.6047824337599449
14654,0.6710057069405141
14655,-0.17130071156562438
14656,-0.4941569496154345
14657,0.05971667583561775
14658,-0.5457389322451357
14659,-0.08470618364503724
14660,-0.16067352685451497
14661,0.48604645606717845
14662,0.34366728251277123
14663,-0.3777878385856351
14664,0.5016030238495041
14665,0.8490299866550445
14666,0.2432215191854528
14667,-0.6860212821960181
14668,0.15033013175860913
14669,0.231354815103486
14670,0.25309689685588826
14671,-0.1761995465517408
14672,0.2442606872687448
14673,0.22333376658709306
14674,0.0566029727233442
14675,-0.23603226124104326
14676,0.696490946701171
14677,0.6951361522002669
14678,-0.2717775661099149
14679,-0.8022614028442646
14680,-0.2382938958751787
14681,0.7297088744019445
14682,0.10770162894928416
14683,-0.628308134001144
14684,-0.38438238244894724
14685,-0.6268410132944611
14686,-0.16666184295623737
14687,-0.17053990981928918
14688,-0.5754051740063478
14689,0.616681539231586
14690,0.25526746837319936
14691,0.6521164996903396
14692,0.5425743512692505
14693,-0.17872711770952318
14694,-0.4967285080621803
14695,0.11826864589654153
14696,-0.9026973668520656
14697,-0.9607651184274526
14698,-0.2932167092757011
14699,0.2542334415151651
14700,0.48344784402511437
14701,-0.6905379181307041
14702,-0.46511764710110465
14703,0.2658003242212611
14704,-0.8451663572323702
14705,0.047556334879242886
14706,0.4327312426138395
14707,-0.13856120518394305
14708,0.6013955427309338
14709,0.2871671621125518
14710,-0.11039430574971877
14711,0.2531278110466779
14712,-0.8172592212732033
14713,-0.03364310235410458
14714,0.17831376165105947
14715,0.35925227848704816
14716,-0.06861677096411001
14717,0.8634930436846567
14718,0.28078127010385795
14719,0.31807853824757404
14720,-0.8538834133132309
14721,0.7599876706250218
14722,-0.3638843929598127
14723,-0.12276701878529644
14724,-0.7092009458987206
14725,-0.7979143783116239
14726,-0.3181769678650225
14727,-0.5826192758351909
14728,-0.1343567595830845
14729,-0.39251704219088446
14730,0.06933141765474354
14731,-0.5464874907313179
14732,-0.16184966164240497
14733,0.10274072469037396
14734,0.4612782634414586
14735,-0.6951385852975468
14736,0.7311029973419554
14737,-0.860039338538704
14738,-0.22512465804148826
14739,-0.7182184845670986
14740,-0.2713843117286675
14741,-0.6164139902365195
14742,0.8817618412252584
14743,0.5003092372161828
14744,-0.24001050537800547
14745,-0.15663886705804156
14746,-0.6589857214500365
14747,-0.6620534072839845
14748,-0.23508770388508993
14749,0.6603370344530278
14750,0.803586895432358
14751,0.6377594548284273
14752,-0.5460573303507563
14753,-0.22683312248910595
14754,-0.43195323363714283
14755,0.4255901150642577
14756,0.2335552393114178
14757,-0.7447864453350783
14758,-0.030129767940846916
14759,-0.16918869182816598
14760,-0.5009371095597852
14761,-0.36439435982903395
14762,0.4954992182099024
14763,-0.06465920198641875
14764,-0.8320054489184233
14765,0.304357520784223
14766,0.44781118456805674
14767,-0.9071838982904386
14768,-0.519115470723476
14769,0.9026695787099308
14770,0.5389267245184348
14771,-0.11629341153232635
14772,-0.8663174076115003
14773,0.32441795951145264
14774,0.06450961870854455
14775,-0.00787125636773622
14776,-0.9304477696309181
14777,0.4063238927099715
14778,0.40885703832191306
14779,0.39839764793193766
14780,0.5199731596213107
14781,0.2204114917347895
14782,0.602430134496918
14783,-0.32957598227525303
14784,0.397982797162876
14785,-0.6629027171627144
14786,-0.03844530345580236
14787,-0.0014603483323069578
14788,0.4084690230291456
14789,-0.5178295933525178
14790,0.07963234483498713
14791,0.33673661142981154
14792,-0.7555724628576455
14793,-0.7241122019710746
14794,0.6786539096948877
14795,0.16991702278862608
14796,-0.23214866139986653
14797,0.6784322019103746
14798,0.20409931263420517
14799,-0.44517796473777027
14800,-0.8559975970863171
14801,-0.9235090733084224
14802,-0.23372337753392525
14803,0.34739234349939396
14804,-0.48825127163034604
14805,0.6138049299365128
14806,-0.7284861196479818
14807,-0.11383062716899944
14808,0.190598612978257
14809,-0.4960922098177035
14810,0.48127700751102676
14811,0.750496984094478
14812,0.3212837373048011
14813,0.2929575246654107
14814,0.5786625476168562
14815,0.14572182152160856
14816,-0.03398590859353176
14817,-0.7930039532654174
14818,0.37313980185453105
14819,0.2560377402375884
14820,-0.5965565021797782
14821,0.7246614680569687
14822,0.30518063028142384
14823,0.3000126525616303
14824,0.9601998974302639
14825,0.6567216026163504
14826,-0.35129925839145004
14827,0.10722461349126018
14828,-0.3042334696076799
14829,0.31205564311698963
14830,-0.337399155815765
14831,0.4463482859540256
14832,-0.28520032901663533
14833,-0.057438451210327215
14834,-0.12641382556665612
14835,-0.19681823760873396
14836,0.5311876361436884
14837,0.38170430225566354
14838,0.6470219302919776
14839,-0.4134973091562809
14840,-0.16719532151826666
14841,-0.5396944006111994
14842,0.32158825330668694
14843,0.2830538377961919
14844,-0.5117806522281577
14845,0.737490519859167
14846,-0.178824288209372
14847,0.6726401694337838
14848,-0.2435232809663279
14849,0.8756388167314023
14850,0.003851077058823149
14851,0.07925545278223832
14852,0.09228484038064917
14853,0.44020949377539514
14854,-0.32705186351558824
14855,-0.3991501632904738
14856,0.8999753891310659
14857,-0.08472220248438818
14858,0.44272229525921564
14859,-0.6152565393383557
14860,-0.7652849284965738
14861,0.43497805232352454
14862,-0.2277748343242581
14863,0.35106868212905196
14864,-0.6836831885023636
14865,-0.5479083007913315
14866,-0.03434617986529702
14867,0.6082201294139655
14868,-0.8159483605385017
14869,0.5574942715264981
14870,0.29454180548049463
14871,-0.10227284429418858
14872,-0.2298155026642
14873,0.3411880537842447
14874,-0.23019937377423258
14875,-0.35888757298855006
14876,-0.6127745220985253
14877,-0.7620272606338235
14878,0.8991230246716178
14879,-0.24908495435966221
14880,0.415928740859056
14881,0.7501366642505738
14882,0.9617868280679779
14883,0.8250799567738708
14884,0.28884649007302543
14885,-0.6214035709906871
14886,0.8711178399692692
14887,-0.2623000225765161
14888,0.5240636953406868
14889,0.30679887432057956
14890,-0.3659238831299688
14891,0.3929558703615788
14892,0.7292718943932396
14893,0.1868018151367593
14894,0.6619327342288192
14895,0.6931039279341643
14896,-0.08666732496577124
14897,0.38528093039452754
14898,0.20183222732560432
14899,-0.10380141301286086
14900,-0.7503646084139545
14901,0.6807616785498326
14902,0.40456910648732175
14903,0.24262845325673302
14904,-0.37630168705486544
14905,-0.31980480978298487
14906,-0.5675279297034527
14907,-0.5504705952984845
14908,-0.822691663207785
14909,-0.09843319812734834
14910,-0.7199451470746226
14911,0.4043436645504459
14912,-0.0896485687172105
14913,0.025595405778639214
14914,-0.2549096892105773
14915,0.7862858153436032
14916,0.5858950000006959
14917,-0.03752199199078288
14918,-0.1257460399214915
14919,-0.3893040611512671
14920,0.024850700972993103
14921,0.24901475129219325
14922,0.6909090651669927
14923,-0.418284307047791
14924,-0.0361486126197735
14925,0.7022242289505631
14926,0.059915306825392714
14927,-0.39603525668244255
14928,0.04692051657009628
14929,-0.06553615964782106
14930,-0.29778206898666043
14931,-0.6123863317422126
14932,-0.7200034571963515
14933,-0.03497324930761382
14934,0.5485834640273741
14935,0.3263966344248691
14936,-0.17393616324702874
14937,0.3832260326611118
14938,0.21055615285084495
14939,0.5184286800494745
14940,0.8084945824801011
14941,0.10952868638961487
14942,0.7633748787948693
14943,0.5199633179168213
14944,0.057330652619341956
14945,0.6800445732401859
14946,0.6149883299154902
14947,-0.4080364173164283
14948,-0.6995859546271841
14949,0.7582747862395904
14950,-0.9441019904637972
14951,-0.05925266163141747
14952,0.10014646104565837
14953,-0.3786736094077712
14954,-0.1618522087464512
14955,-0.8399982540642077
14956,0.10103050500743299
14957,-0.8590661833602242
14958,0.7272958876184994
14959,0.7009788094097303
14960,0.07554581120472158
14961,0.027563843731014972
14962,-0.592291497664795
14963,0.6579180032371793
14964,0.6627627597735231
14965,0.6738005830997782
14966,0.003047071606583115
14967,0.2695996693239451
14968,0.04172119922187932
14969,-0.1634260936749502
14970,0.23116302054092036
14971,-0.7645786822623853
14972,0.03510894315290613
14973,0.3391436189721721
14974,-0.9275354158377975
14975,-0.5466437465031948
14976,0.94230422766314
14977,0.08486643662304043
14978,0.36031425461197847
14979,-0.5105425662306885
14980,-0.6505009685873115
14981,-0.9332212670778317
14982,0.971588231100579
14983,-0.175837060065682
14984,-0.10840597771797586
14985,0.2390022801202969
14986,-0.09217300951810811
14987,0.7240663144226059
14988,-0.3867610487135533
14989,-0.08854325080969846
14990,-0.052574307413632226
14991,0.3556905538845098
14992,0.9098088753177097
14993,-0.16364199167852225
14994,0.35919984694685564
14995,-0.48727443752335464
14996,-0.5007109142471232
14997,-0.025050598718328095
14998,0.13233615661822012
14999,0.5296959591586095
15000,-0.32095064076321217
15001,0.2086414348655619
15002,0.1614044586408833
15003,-0.857487431916749
15004,0.09951529760585368
15005,-0.1564694448673555
15006,0.40106341498518305
15007,0.3396090104068333
15008,-0.7372161876020895
15009,0.8894360198638755
15010,-0.8258413601084497
15011,-0.9888469276464175
15012,0.04290355562941198
15013,0.5534799378927074
15014,-0.3391893118488477
15015,0.48813317105467385
15016,-0.5386745256719223
15017,-0.6843357872098528
15018,0.007124053572332542
15019,0.8437266328647063
15020,0.1559569246562993
15021,0.004055135586291106
15022,-0.13484914762900346
15023,0.8419977883256038
15024,-0.563675749246042
15025,-0.2913828862561873
15026,-0.5401562659034281
15027,-0.03873498666098649
15028,-0.9123937466785297
15029,0.6953832852266877
15030,0.0663521153675716
15031,0.48020993437946324
15032,-0.13674956452641443
15033,-0.7645485280187284
15034,-0.5531767788339021
15035,0.21657553365122542
15036,0.20515702939134703
15037,-0.8125689035572965
15038,0.7577730985713044
15039,-0.4480544863030074
15040,0.3909979275480945
15041,-0.5149218087768558
15042,-0.4111770737737697
15043,-0.9527033690122361
15044,0.16098260455257699
15045,0.7274943909588667
15046,1.4969009483232154e-05
15047,-0.503830670281771
15048,-0.6873734584795873
15049,-0.5670311618804621
15050,-0.7239228846632412
15051,0.29053875905894644
15052,0.8711845564612223
15053,-0.7955009221408711
15054,0.5486638557712964
15055,0.27933955047610787
15056,-0.30361480997670576
15057,0.8639252042154535
15058,0.7983517590995226
15059,0.5611296407779379
15060,0.2970451059068689
15061,0.29081761854986776
15062,-0.6349989052882054
15063,-0.27347576380133487
15064,0.3019711997530942
15065,-0.01847637004804798
15066,-0.36210848654067457
15067,-0.3919616327830484
15068,-0.7490851812528967
15069,-0.6387780145978387
15070,-0.8788426993396522
15071,0.9662932558831743
15072,-0.5465594441805427
15073,-0.6177262642976242
15074,0.7537514539967657
15075,0.7022052781276253
15076,-0.03303956828132442
15077,0.06968355413917521
15078,0.057917031205351896
15079,-0.8781952134834781
15080,-0.4090919956598275
15081,0.18023729787946594
15082,0.2562707869012612
15083,0.48925338966579107
15084,0.2340499301429334
15085,-0.47505981864383606
15086,-0.01359082064742467
15087,-0.6326003154868358
15088,0.27655197954209226
15089,0.6026724358207214
15090,0.6013333448216435
15091,0.07097079585084648
15092,0.041195376184712064
15093,0.005188814275358536
15094,-0.8683487357041674
15095,-0.022553052829497752
15096,-0.3413384607559678
15097,0.03151055669974696
15098,0.5127649901339415
15099,-0.49620213287206566
15100,0.9718417365813768
15101,0.45727159847495386
15102,-0.30368810178489053
15103,0.4295870229951327
15104,-0.12348915568791818
15105,-0.3001023873972252
15106,-0.24398415434675352
15107,-0.0074650351665204095
15108,-0.5837167347622654
15109,-0.7735690880812397
15110,-0.15834457531813628
15111,-0.7615969345462057
15112,0.36459410401411785
15113,0.05265269735887681
15114,-0.24586761545088995
15115,-0.10940749792390196
15116,0.3552685559255479
15117,0.5451021654071945
15118,0.8830742297545754
15119,-0.607199412279826
15120,0.575560310741725
15121,0.1672913014285946
15122,-0.11186396604763117
15123,0.7700535076630345
15124,-0.14024841005657188
15125,0.8623212938567051
15126,0.37513222049816436
15127,0.48908890862865867
15128,-0.7616738835191448
15129,-0.6085506960057043
15130,0.02331638651117086
15131,-0.6179870780603094
15132,-0.6721158663500311
15133,0.3344515853048441
15134,0.5502239479484432
15135,-0.888745659635438
15136,-0.19801595763957325
15137,-0.3629591996290701
15138,-0.5842591377436978
15139,-0.4849563140141905
15140,-0.3170931276977527
15141,-0.056759838279763934
15142,-0.5782653115930312
15143,0.3191621444748366
15144,0.31022366496103604
15145,0.7212265850166235
15146,-0.09780640113891137
15147,0.7628279224756649
15148,-0.8384575732497637
15149,0.5459934623529104
15150,-0.13038976798616025
15151,0.43830146834263106
15152,-0.059078298315867125
15153,0.13733240690733364
15154,-0.6206534618731959
15155,0.3187669480164852
15156,0.45492635562758577
15157,0.5223224699479592
15158,0.06348529993780708
15159,0.7309555155176174
15160,-0.5438039919302455
15161,0.5298382413665453
15162,0.4127069539722528
15163,0.21525786785244616
15164,-0.7507351137372928
15165,0.8505143541619358
15166,-0.45209074823299755
15167,0.3900411821463162
15168,-0.8521223780629406
15169,-0.30642770535918684
15170,0.459499293344583
15171,-0.08952240613169009
15172,0.8448934763149091
15173,-0.7002989564432651
15174,-0.6571027761218737
15175,-0.21453360424147175
15176,0.30011971488717976
15177,0.810448686399269
15178,0.8094680812789407
15179,0.7844587155238546
15180,0.8419627967147028
15181,-0.12245039160695158
15182,0.13397154078608658
15183,-0.6235761802498586
15184,0.5192103842243599
15185,0.17040948779268222
15186,-0.725287990826945
15187,-0.609521480114733
15188,0.473620218957233
15189,-0.4254028545763105
15190,-0.740086726171666
15191,0.7353417035787705
15192,-0.16956518239450682
15193,0.09874555657929425
15194,-0.11920068767113326
15195,-0.03560533993296756
15196,-0.5378710543521898
15197,-0.14677789191684573
15198,0.2112998335019059
15199,-0.6535353236850716
15200,0.18724056103462947
15201,0.06025711606267079
15202,0.3147650835220785
15203,-0.5909105776227596
15204,-0.4309634365355151
15205,-0.20149733440678302
15206,0.20836380418116512
15207,-0.584138337078665
15208,-0.7290579458038535
15209,-0.0016263181215019965
15210,-0.9326056855016863
15211,0.20307848592561048
15212,0.34424609412122037
15213,-0.016497283113934107
15214,-0.7274749077129689
15215,-0.18497344796867388
15216,-0.24755524395201667
15217,-0.7769786545487475
15218,0.5575500222758397
15219,-0.3555933002714774
15220,-0.6217515842608102
15221,0.6129722004847481
15222,0.06054330116638817
15223,-0.003098739934926947
15224,0.1053405617609819
15225,0.5674251215394638
15226,0.7483178948215018
15227,-0.8628231141268532
15228,0.4802345993326442
15229,-0.5259975715827487
15230,-0.2632369664863798
15231,-0.4931288569452368
15232,0.13993472018905012
15233,0.2524147724912365
15234,-0.10583526341579842
15235,-0.41025986990142377
15236,0.3553934189650941
15237,0.46851313102520464
15238,0.20111746023643529
15239,-0.053076694752320776
15240,-0.7912475251745418
15241,-0.37270928800202857
15242,-0.10849467825336372
15243,0.10541153137139463
15244,-0.06038228322811279
15245,0.6284218399058485
15246,-0.4572494805491439
15247,0.2848766003600014
15248,-0.25877404497821227
15249,-0.20629928369933972
15250,0.3606536750373935
15251,-0.5176243728921124
15252,0.8316184675947653
15253,0.32636240692158147
15254,0.6151581959726126
15255,0.39133581884343455
15256,-0.5789072828856586
15257,-0.026287810866543804
15258,-0.8724061319974671
15259,-0.7168199445090963
15260,0.061225404012763995
15261,0.13892076640234724
15262,-0.11323906895155274
15263,-0.5325499339555089
15264,0.166988308829531
15265,0.7879026745828135
15266,-0.5046071106026706
15267,0.20516888995463775
15268,0.6387577312576808
15269,0.764200793716095
15270,0.23066809306606806
15271,-0.4083908502658295
15272,-0.3777382663022658
15273,-0.8530998113681345
15274,0.6820400018477274
15275,-0.48045753413795833
15276,-0.2923156526804258
15277,0.2010657596050708
15278,-0.22702815043442123
15279,0.14213524836268474
15280,0.710024587792718
15281,0.6609303311748412
15282,-0.9012131390926472
15283,0.08875714635119346
15284,0.32965300091315664
15285,0.5183194857723837
15286,-0.5451777060675348
15287,-0.9730222234634865
15288,0.6142300583191243
15289,-0.4687358350353945
15290,-0.7978744430217889
15291,-0.41587569570047467
15292,0.4215113220763087
15293,-0.05728284823708446
15294,0.8000001179461425
15295,-0.06655601566348814
15296,0.4882107183145998
15297,0.4548119526915299
15298,0.062100397274122705
15299,-0.4046606085931972
15300,-0.7614069281831501
15301,-0.424687558538608
15302,-0.3722893875796988
15303,-0.7810326170667293
15304,-0.11666563523065653
15305,-0.6860706138744856
15306,0.7232620188613057
15307,-0.9103706180113373
15308,0.6893956631300655
15309,-0.3226445435436057
15310,0.05014373060531934
15311,-0.09349936428224201
15312,-0.6718007897166326
15313,-0.17260202803387645
15314,-0.04129657774564247
15315,0.041855411509693054
15316,0.7981123240520168
15317,0.2754958889574185
15318,0.761268305562174
15319,0.03465800612968157
15320,-0.12081131740873186
15321,0.27544996757851675
15322,0.030611008899071913
15323,0.8448581832233438
15324,-0.709013195579888
15325,-0.8323266047937378
15326,0.1660338812027048
15327,0.869088821677094
15328,-0.5146768870284023
15329,0.3867164326802221
15330,-0.12023482534411913
15331,0.5060698570303009
15332,-0.07611084337126484
15333,0.4775565531614543
15334,-0.8797030164715994
15335,-0.7959460643929592
15336,0.593522977040621
15337,0.12441134067950368
15338,0.7716347157747003
15339,-0.11311929656361083
15340,-0.6796244425586068
15341,-0.5308454212938447
15342,-0.669698490412172
15343,0.8053178879660996
15344,-0.8837198203105108
15345,-0.27336248526680335
15346,0.6430801897542314
15347,-0.29590954857971496
15348,0.7500295665323929
15349,0.7422502186493849
15350,-0.3516822402023884
15351,-0.652220383426548
15352,-0.17732798839230843
15353,-0.9268165538652313
15354,-0.4498237472361349
15355,0.007746183605625283
15356,0.38224765630029156
15357,-0.3182825927934178
15358,0.32008174459186833
15359,0.5067325724043542
15360,0.008605199112604234
15361,0.06575144188144337
15362,-0.8117106305778985
15363,0.4092171057944012
15364,-0.13834935441591667
15365,0.46844521569146463
15366,0.06578993676617832
15367,0.03227670304917934
15368,-0.09744550023136246
15369,0.6179788584294084
15370,-0.008937073505795971
15371,0.19184763037851152
15372,0.10403567567875346
15373,-0.0032183965147404925
15374,0.5057617830779434
15375,-0.32230836183343997
15376,0.4196601742256023
15377,0.13550834368189568
15378,-0.38676541452343405
15379,0.5293218359637466
15380,0.4329000879820657
15381,-0.3813523753514068
15382,0.1274241192799382
15383,-0.8438979684032103
15384,0.37291103692713096
15385,0.9578688208739333
15386,-0.5609711295790053
15387,-0.4794900618158633
15388,0.18848422039048987
15389,0.46893811906993144
15390,0.2807072912565892
15391,0.7732778921891854
15392,-0.8629603171992659
15393,0.5244132012549615
15394,-0.024292630859913362
15395,-0.12913217720613374
15396,0.5837938002790285
15397,0.21875757392530717
15398,0.16518105700110797
15399,-0.5167586808733592
15400,0.2744259104543963
15401,0.5749873460260327
15402,-0.7791934164195844
15403,-0.5920401007231303
15404,0.6620324125455929
15405,-0.05685861543617705
15406,-0.3933007332285477
15407,-0.1607526169872766
15408,-0.6996768464621205
15409,-0.09070863083904274
15410,0.5307669221582727
15411,-0.13065701428678841
15412,0.7364751635979615
15413,-0.2766861122894376
15414,0.5862275643267801
15415,-0.6273318141529453
15416,-0.08432772363920231
15417,0.12233877969750338
15418,0.5922579827449127
15419,-0.38969878846771616
15420,0.42353871639093416
15421,-0.44320987870999284
15422,-0.33979103878012445
15423,-0.6226790444817406
15424,-0.40976977957976024
15425,0.24421576753594199
15426,0.3990600596920284
15427,-0.008920278618495139
15428,-0.528479489390544
15429,-0.2725177941772064
15430,0.638795050382005
15431,-0.12925896051910915
15432,0.4300814272004929
15433,0.5482674227048961
15434,-0.9322959782723693
15435,0.061600363301110975
15436,0.8665541999396617
15437,0.9912732854677985
15438,-0.8656913211552665
15439,0.1000051703851521
15440,-0.9197666306679732
15441,0.27654982384964893
15442,-0.41940507146054834
15443,-0.5126155877166724
15444,-0.5741825695979567
15445,0.24592372257500225
15446,0.5314445739339346
15447,-0.6238808937376685
15448,0.9195657736566881
15449,0.3996827886475801
15450,0.0013289078872956224
15451,-0.6125824360277881
15452,0.18187614055351492
15453,0.9914028586583761
15454,0.3966432283333142
15455,-0.7957054183959558
15456,-0.33494811009130393
15457,0.08092438976887875
15458,-0.14699676291894193
15459,-0.517949728166092
15460,-0.8357972410991037
15461,0.2584598720366377
15462,0.5487223311372067
15463,0.8934552159270335
15464,-0.3080155289140524
15465,0.39013400194819525
15466,0.5796555927651438
15467,-0.10463648533576082
15468,0.3826624965272729
15469,0.47814827911030405
15470,-0.032241151726603585
15471,-0.7130329074263817
15472,-0.124867975876914
15473,-0.3729216174403195
15474,0.15295302663593152
15475,0.15725656576239655
15476,0.7022220163615733
15477,-0.4977841630505745
15478,-0.011832840777344207
15479,0.48620094946672865
15480,0.3015253024693002
15481,0.24596301157762526
15482,-0.6401302473337099
15483,-0.3849949351567725
15484,-0.34051190495845485
15485,0.7021112078737702
15486,0.192127047835133
15487,0.1643405725286799
15488,-0.07438203882073019
15489,-0.29458414618276424
15490,-0.704814343607642
15491,0.18409069073130063
15492,-0.16582211883677575
15493,-0.5851842977789622
15494,-0.1414705077509777
15495,-0.33647804369284184
15496,-0.9821889001489821
15497,-0.6450096796107372
15498,0.24240684869116136
15499,-0.4424413295653576
15500,0.22337033721285118
15501,0.016530262348329078
15502,0.3851863855650479
15503,0.31340399049817586
15504,-0.9071177378507761
15505,-0.7572455898234653
15506,0.7805738627237787
15507,-0.7190191585045272
15508,-0.6853767801835842
15509,-0.8104390069647395
15510,0.42704833647153984
15511,-0.5714662468484154
15512,0.195325541590984
15513,-0.9848469457692153
15514,-0.7824260120881277
15515,0.1569845232325557
15516,0.22436948719935135
15517,0.33881850643106487
15518,-0.7252274853349893
15519,0.5831910778526779
15520,0.4917585805232221
15521,0.29941315044868266
15522,-0.30158588768669603
15523,-0.4272875481010022
15524,-0.7999244916344097
15525,-0.4146823885602521
15526,-0.4236865451595266
15527,-0.8481559213477552
15528,0.87779818501133
15529,-0.13622854853965832
15530,0.1511299027945208
15531,-0.6310767393150425
15532,-0.33518387480797446
15533,0.024772280895564023
15534,0.3507893411242466
15535,0.2499135749104992
15536,-0.12379179972076082
15537,0.5753981608629198
15538,0.956680878895206
15539,0.7099188245293371
15540,0.21732610371753214
15541,0.5577959927412379
15542,-0.36472110537766944
15543,-0.29511177086964696
15544,-0.4422626908410642
15545,-0.7838053375629619
15546,0.7373610330108423
15547,-0.4252965040082264
15548,-0.2637801831432769
15549,0.8121924288634186
15550,0.46229035699403204
15551,-0.0568580361051251
15552,0.9828556216179728
15553,0.192034349199492
15554,-0.3169214926948368
15555,0.24137000874035752
15556,0.4461402189301312
15557,0.2941543997201208
15558,-0.7305928319988318
15559,-0.10148480355581865
15560,0.41831949528111323
15561,-0.07418532942854206
15562,-0.7170346003369797
15563,0.29641827923931957
15564,-0.3983403399217957
15565,0.8314247355627465
15566,-0.6579834276467972
15567,-0.6672265269532733
15568,-0.6616978976395087
15569,-0.8729832095070225
15570,-0.7618384382764664
15571,-0.051896946017452227
15572,-0.9301948681023183
15573,0.8316944482285349
15574,-0.24503825680072497
15575,0.3702971751615568
15576,-0.6330341157886793
15577,-0.48403338740029506
15578,0.8306400571209601
15579,0.6440954383609514
15580,0.6066270731539588
15581,0.2390321694834601
15582,-0.23488397060536492
15583,0.3469290465289544
15584,-0.6421666655250955
15585,0.12889043626036514
15586,0.3170981823067169
15587,-0.6171078354323284
15588,-0.10947633510550693
15589,-0.03841419904092661
15590,-0.3109749619066514
15591,-0.1708035328148496
15592,-0.26005931878948074
15593,-0.8345035664329855
15594,0.3775457384722541
15595,0.23814930509753462
15596,-0.2539300284360282
15597,0.49875042755871735
15598,-0.41812263462179994
15599,0.33586031823729334
15600,-0.3096455938178052
15601,-0.7703963386467734
15602,-0.017074461052796076
15603,-0.41110228253335873
15604,0.01281415971068391
15605,-0.2987183863649527
15606,-0.011999063278344086
15607,-0.6362847906463915
15608,-0.06152917466440028
15609,-0.278668946450935
15610,0.5296426483924686
15611,-0.5901332764051305
15612,-0.18578831836276283
15613,0.3003139375778387
15614,0.5083244357866585
15615,0.07588730173515022
15616,-0.4017287605989115
15617,-0.4875142890552521
15618,0.20931152905472922
15619,-0.19715771677346686
15620,0.45240031107391737
15621,0.018901992789289314
15622,-0.688075228798118
15623,-0.5594439560693654
15624,0.25561659304111084
15625,0.6785641279352113
15626,-0.522644213115387
15627,0.1052070669359768
15628,0.42061514246980236
15629,-0.02939638697105984
15630,0.23912651387241715
15631,0.2700026519994528
15632,-0.8489620204466886
15633,0.6485063830058864
15634,-0.11405859986396784
15635,-0.08093295366105899
15636,-0.4959281845482076
15637,0.10840887408467537
15638,0.25226557987842496
15639,0.3935916405966927
15640,0.3868705148864611
15641,0.6580578934764394
15642,0.21959376047741552
15643,-0.5439871480015053
15644,0.24053421647694936
15645,0.10338914908715999
15646,-0.039586728179883374
15647,0.6147539269876433
15648,-0.5665101367207026
15649,-0.7350302149999415
15650,-0.9164052835764144
15651,0.07607247221622188
15652,0.5188850899170933
15653,-0.1434684649252856
15654,-0.7317572731065153
15655,-0.8651155345860332
15656,-0.6485209735089227
15657,0.20934496893818108
15658,-0.8111624833655968
15659,0.617581336904028
15660,-0.6392065192076966
15661,0.16318469529349247
15662,-0.31351342855984404
15663,0.07092735049411676
15664,-0.07259851028997727
15665,0.6921691770488366
15666,-0.9947044067302201
15667,-0.8356055440913819
15668,0.09710429661952016
15669,-0.49483863508451154
15670,0.030482482508255613
15671,0.8733182107416559
15672,-0.15735942780807413
15673,-0.7259135210849175
15674,-0.8219337922280111
15675,-0.6179281883152015
15676,-0.16889193014707987
15677,-0.7970065888036594
15678,0.42308215583779096
15679,-0.5518156331550944
15680,-0.9311717823867833
15681,0.2333809017626761
15682,-0.0022573246964877436
15683,-0.7056096129614653
15684,0.49127733434072873
15685,-0.2005522464822111
15686,0.6803328361219032
15687,-0.41055440666236914
15688,0.08281153594304486
15689,0.777346811603502
15690,0.6579230775079451
15691,0.11677164465321069
15692,0.6076524969150767
15693,0.56193366739337
15694,-0.34810573334874134
15695,0.32265748048154674
15696,-0.31436169592175855
15697,-0.4575190130265
15698,-0.20832695401801823
15699,0.6126289247439717
15700,0.27284628818849443
15701,-0.38743656246704944
15702,0.23854235130406853
15703,-0.886667016302355
15704,0.7238755832964066
15705,0.14318104000366888
15706,-0.4672876367329425
15707,-0.7269770932615309
15708,0.7311924686494927
15709,-0.2507585555813937
15710,0.22019476794088308
15711,-0.30603948375643286
15712,0.943055973425959
15713,0.3662708937838867
15714,-0.7455905420408194
15715,0.4516950503668581
15716,0.015442511811846143
15717,-0.0918630232858265
15718,0.5053412616414475
15719,0.5872820193502086
15720,-0.27110050160815574
15721,-0.03455473137625818
15722,0.603666710006102
15723,-0.16561025796246198
15724,-0.11453831368108122
15725,-0.1678304554479319
15726,-0.469568959047879
15727,0.10153348276789531
15728,-0.08837775147700459
15729,0.5983763910498775
15730,0.25103052796433617
15731,-0.8336494123622658
15732,-0.1758503502166442
15733,0.8202794194502857
15734,-0.5825744685658103
15735,0.3092645153424363
15736,0.19045375242531273
15737,0.44113566990645753
15738,-0.3264809693874999
15739,0.9488763190062987
15740,0.30779333146207033
15741,-0.03675603946878414
15742,0.43965665645821267
15743,-0.6454815103510435
15744,-0.008229732210137305
15745,-0.40341329928770037
15746,0.12332388943379008
15747,-0.06249390327948867
15748,-0.6692010305535296
15749,0.6226437465821888
15750,0.042526805718783464
15751,0.19613064326589436
15752,-0.20218632281186324
15753,-0.3096213761955262
15754,0.27258509271965303
15755,0.061024878730481055
15756,-0.3773437359601607
15757,-0.36617332339620623
15758,0.3396012824357217
15759,-0.7498282439596134
15760,-0.2678657442754444
15761,-0.5916916589396221
15762,0.6940247233995834
15763,-0.6930195457817817
15764,-0.34846798157214043
15765,-0.4399931188303622
15766,0.10339084562947684
15767,-0.6516462855086611
15768,0.5855392916687624
15769,-0.3306245681199967
15770,-0.2932498167906168
15771,0.2045559029767397
15772,-0.9203024152429569
15773,-0.20728778906698764
15774,-0.5679032981437745
15775,-0.2135887290156271
15776,-0.8204996159332506
15777,-0.2517612628851115
15778,0.1325700939908056
15779,0.8265025208663302
15780,-0.9274840201534574
15781,0.7798712418238345
15782,0.32183818944892795
15783,-0.5226476667412003
15784,0.29430769214181923
15785,0.4414893072029699
15786,-0.7051922837502387
15787,0.7132154085800008
15788,-0.6238120868306997
15789,0.5070382283389046
15790,-0.9467405428950808
15791,0.9019461487883518
15792,-0.8590622251441169
15793,-0.7107365712857648
15794,-0.013897882080811653
15795,-0.8857555326126926
15796,0.06096322477058542
15797,0.9200411977499999
15798,0.29306377706986714
15799,0.4566910238980584
15800,-0.3613426285147046
15801,-0.39518385008920554
15802,0.5885341569379685
15803,0.4928363566251335
15804,-0.12582567795566352
15805,-0.9556916975171432
15806,-0.8986939529623864
15807,0.7534141208053706
15808,-0.43853503372509367
15809,-0.5658076982563256
15810,-0.16889033585547691
15811,0.3424183863465264
15812,-0.262472993771461
15813,-0.24411092189235062
15814,-0.28433364287490587
15815,0.45841087954594495
15816,-0.1924465277437324
15817,0.0883357230172223
15818,-0.8204239091388866
15819,-0.712316367055101
15820,-0.8792167300739772
15821,0.3226896011587647
15822,0.8159995887057867
15823,-0.5652873688961025
15824,-0.03419676569409951
15825,0.6264870005515875
15826,0.0870943893789754
15827,-0.5519486652158094
15828,-0.6271313145145371
15829,-0.7818330355715699
15830,0.946429425578093
15831,0.4351377178513973
15832,0.27479415229144954
15833,0.052731497247679594
15834,0.21069298431904454
15835,-0.6479562621775602
15836,0.7043837369819482
15837,-0.2890536542651631
15838,0.3102388370509061
15839,-0.22206452834749463
15840,-0.9527927827805007
15841,-0.14039082991234986
15842,-0.6314442312687083
15843,-0.4804048018699355
15844,0.7882711414428198
15845,-0.6717140267254955
15846,-0.47731436682705036
15847,-0.08702329514179397
15848,-0.25566502051660395
15849,0.5062073653036766
15850,0.6329494719896728
15851,0.28958812192253
15852,-0.05588561224491977
15853,-0.22502901449514237
15854,-0.1650377313432754
15855,-0.3747162853860215
15856,0.010572886664698373
15857,0.45263536367152307
15858,0.08867048982662198
15859,0.35692227927865805
15860,0.2518019210534694
15861,0.7665453613795603
15862,0.546248240444733
15863,-0.8557959231318895
15864,-0.34169385770353455
15865,0.47259167269300206
15866,0.13727206550967724
15867,-0.3532748163938774
15868,-0.4113274833622467
15869,0.3312280663226154
15870,0.04961610926571816
15871,-0.04245204449593275
15872,0.6124690026525004
15873,0.763402835886915
15874,-0.15980303744953542
15875,-0.0750714771945091
15876,0.5089033919939328
15877,-0.06804563969477397
15878,-0.06764150901133469
15879,0.7961297586807075
15880,0.4130546447942682
15881,-0.41421280259545695
15882,0.013513007627955185
15883,0.05087689992923731
15884,0.6023844198795636
15885,0.6733398589953207
15886,0.288918867826765
15887,0.000841813000140287
15888,0.8050497803822596
15889,-0.2805523016363847
15890,0.6163014671856432
15891,0.6455222952410528
15892,0.6717328161875533
15893,-0.4761364556251001
15894,0.6485437032748279
15895,0.5841646342242846
15896,-0.0760971492058033
15897,-0.5283465148385265
15898,0.25480891759321833
15899,0.3347127908610234
15900,-0.9542497223558527
15901,0.2785279446317336
15902,-0.695998065336228
15903,0.0492235747639549
15904,0.8255332212632215
15905,-0.08023317992794289
15906,-0.3106411845996209
15907,0.6098304638406312
15908,-0.12048316980722816
15909,0.5864104461958176
15910,0.6378968221755494
15911,-0.4511475235861519
15912,-0.20175786982503321
15913,0.4496760679864606
15914,-0.7740878450757359
15915,0.8258089768385906
15916,-0.018211375254939433
15917,-0.24040016975300438
15918,-0.19212765815266836
15919,0.0627665083236398
15920,-0.5829432465066956
15921,0.5366745726106966
15922,-0.4457590013373902
15923,-0.5616815899568295
15924,0.10582758442090778
15925,-0.08098813879235774
15926,-0.5815854683147371
15927,0.7481545885203631
15928,0.5445631663185306
15929,0.42647549345720176
15930,-0.06329089519275115
15931,-0.8466694488355034
15932,-0.6688297420114383
15933,0.08046525197685096
15934,-0.7709117206830004
15935,-0.12441284817841407
15936,-0.8102307380015196
15937,0.505388500984544
15938,0.6340487670384287
15939,0.4970397766653127
15940,-0.9359567842149178
15941,-0.06695469789623615
15942,-0.10324888751528066
15943,-0.6446051483246528
15944,-0.7257584681265873
15945,-0.7783765774303069
15946,0.19867677844049655
15947,0.1973896859794647
15948,-0.1545560841119272
15949,0.4323547957960973
15950,-0.20372500467982524
15951,0.7736580994107556
15952,-0.4718799521556077
15953,0.8169321891998476
15954,-0.8434734650727395
15955,0.12562142832586734
15956,0.23468856559451015
15957,0.4188456634571019
15958,-0.13339324233805594
15959,-0.4695699383546421
15960,0.14921012941966946
15961,0.6203712281415431
15962,0.7324267741112389
15963,0.30592071248094566
15964,-0.1565891529537606
15965,-0.19286758140887345
15966,0.053226541565998334
15967,0.21529914671258701
15968,0.8320789184485113
15969,0.44762994006718543
15970,-0.3223338155267243
15971,-0.856903109246331
15972,-0.3183171795550905
15973,-0.9443549485175057
15974,-0.11180584136651991
15975,-0.5702985849440833
15976,0.4836778607991007
15977,-0.1389781633891616
15978,0.10425157470582973
15979,0.15793714050875454
15980,-0.5885528161839861
15981,0.8386126495943441
15982,0.7166613845793075
15983,-0.10797597750849451
15984,-0.4027267800934006
15985,0.08937517771357913
15986,-0.8580602867872625
15987,-0.6389406557900058
15988,0.6213979750363605
15989,0.5575159860981441
15990,-0.7034948939815877
15991,-0.5735175742633021
15992,0.7750481461013135
15993,0.6748214691029185
15994,0.17971171601461955
15995,0.49472425867141634
15996,-0.005319183379501819
15997,-0.39915265055032007
15998,-0.26813380679771015
15999,0.2998366268878821
16000,0.3239415977296055
16001,0.1769679275050805
16002,0.056728624660927325
16003,-0.21057305003439894
16004,0.35046803415044514
16005,0.4866647923176866
16006,0.3644703744174748
16007,-0.8325786704669133
16008,-0.2808799850829002
16009,-0.4826926201433053
16010,0.01586445519794065
16011,0.4982221288296051
16012,-0.36052219067604657
16013,-0.17798789138017468
16014,-0.24546766804696513
16015,-0.6038618282370501
16016,-0.4052736764540162
16017,-0.31750633451927135
16018,0.29997559541453933
16019,0.17970619470761318
16020,-0.006621030696964594
16021,-0.7152498058315802
16022,-0.28785987595957596
16023,-0.0876446888981487
16024,-0.297495664354205
16025,-0.4807270197007757
16026,0.6015354461857491
16027,-0.5792450171422084
16028,-0.5432983467802875
16029,0.4230400099193084
16030,0.6138369819895775
16031,-0.5107733865622155
16032,0.3938572656154988
16033,-0.7298889042747949
16034,0.058919628222327734
16035,0.28420026961606093
16036,-0.9138116671539015
16037,0.10292750790718434
16038,0.33989875703229355
16039,0.5853028691206785
16040,0.6263103815136214
16041,0.07368015873009216
16042,-0.535663312194003
16043,0.49199324259086313
16044,0.24349287661948976
16045,-0.415625750191108
16046,0.5014252687659023
16047,0.22557954827193366
16048,0.7403585063365681
16049,0.07421554811453267
16050,-0.1374482118863853
16051,0.32816626485986816
16052,0.391133568912979
16053,0.46943322309738017
16054,-0.09367188940050755
16055,-0.20734088342733553
16056,-0.6188827273903077
16057,-0.8652001930459181
16058,0.11225736391084325
16059,0.3795552460361847
16060,0.7300421961301687
16061,0.5816593886880825
16062,0.09711804828446177
16063,-0.5588917977001145
16064,0.64338608224368
16065,-0.8480935901457771
16066,0.39234098680322144
16067,-0.38977654345381685
16068,-0.3443441752518834
16069,0.38400128897969843
16070,-0.8265612173506537
16071,0.48800633121250403
16072,-0.29562411207026196
16073,-0.041393414153679337
16074,0.5953913824310472
16075,0.9168257519874626
16076,0.04837569514945353
16077,0.5975475998590385
16078,0.1826874528089031
16079,0.6607103153314365
16080,0.05477609945632263
16081,0.05483354159922922
16082,-0.12662476902732883
16083,-0.5998217189993983
16084,0.0659620969410374
16085,0.04895327460453806
16086,-0.6275766621451043
16087,-0.4165168382216879
16088,-0.5037450013709209
16089,0.02903418600401916
16090,0.823878203093457
16091,0.4801980201793995
16092,0.6452900383095825
16093,-0.29451029685468
16094,0.3553769812090755
16095,-0.15351006201054704
16096,-0.6835971370748016
16097,0.9315947539250538
16098,-0.9632927459916458
16099,-0.013266918571880245
16100,-0.72264808690878
16101,0.8597101096337161
16102,-0.3044767445952535
16103,0.6545309582889173
16104,0.6516619451839276
16105,-0.9370280147261918
16106,-0.9548191024919584
16107,0.30714671540813143
16108,-0.3822911072770691
16109,-0.1205554895735127
16110,-0.8951523294314602
16111,0.34574457521039564
16112,-0.5256928768991844
16113,0.21819014910515722
16114,-0.10860558182334519
16115,0.20519487303533784
16116,-0.5098346628522886
16117,-0.23199030118482167
16118,-0.9361549296096479
16119,0.5959435014786643
16120,0.1728828041293209
16121,0.40211196800260657
16122,-0.09497183163106199
16123,-0.17817668138397263
16124,-0.7888041883205298
16125,0.78779746191177
16126,-0.23203345175276588
16127,0.3926248736362384
16128,0.875990859741436
16129,-0.7082296879060538
16130,-0.4248266394549339
16131,-0.28175608047256284
16132,0.07819917837526684
16133,0.09695561246766453
16134,-0.6531542327136337
16135,0.7362657010344102
16136,-0.4904632170107714
16137,0.6973768311153966
16138,-0.5310254957106739
16139,0.3201338575319867
16140,-0.36007912278966414
16141,0.9228427424078299
16142,-0.11876615493607197
16143,0.028097356323721692
16144,0.8592658549283256
16145,0.9350568416843318
16146,0.10024181966321224
16147,-0.06567579770251615
16148,0.12939780141720525
16149,-0.6235476074152824
16150,-0.14620031487672935
16151,-0.6048871685912229
16152,0.07330045358911295
16153,0.3952700120112788
16154,-0.1435443492951813
16155,0.24713547642160688
16156,-0.521149451225837
16157,-0.2326802563382621
16158,-0.5878722495954414
16159,-0.14774661740296863
16160,0.07828962006398978
16161,0.23495984338800957
16162,0.19457246773896758
16163,0.2546907285928952
16164,0.10070249007011484
16165,0.5272583780075117
16166,0.4460845590478125
16167,-0.8879619807177851
16168,-0.5686603945588752
16169,-0.8087621428587587
16170,0.2644340615017645
16171,0.3248740921389835
16172,-0.27096186754475365
16173,0.14057731469557128
16174,0.6683797905647285
16175,-0.6093587106894437
16176,-0.9566613061323186
16177,0.056523538862167225
16178,-0.13638118896493204
16179,-0.4252580102337911
16180,-0.4100197561305552
16181,-0.7130492131054633
16182,-0.27716297998709843
16183,0.42481737672167086
16184,-0.08856487707904585
16185,-0.311070963343418
16186,-0.039180061903322114
16187,-0.838553834115242
16188,-0.5471406257077637
16189,0.7177403083084026
16190,-0.6905618656655617
16191,0.19055876051892537
16192,0.632095680845302
16193,-0.6609608405958942
16194,-0.5688707565148221
16195,-0.5839605570184465
16196,-0.7428331443674798
16197,-0.7563975800806831
16198,0.4543222182512404
16199,0.868218505475916
16200,-0.0637288783804605
16201,0.2242915272007588
16202,0.5910117136951867
16203,-0.24978776164355157
16204,-0.3405000773013537
16205,-0.014761324634988943
16206,-0.017549727705352087
16207,-0.11757730347198281
16208,-0.3508496190035679
16209,-0.46185674158697765
16210,0.8481596591049141
16211,-0.5032102292397888
16212,0.15713972893485328
16213,0.7352815768997122
16214,-0.5610692818451158
16215,0.2689744930168349
16216,0.2756675381756044
16217,-0.14536673681119153
16218,-0.7989742492854988
16219,0.6176904498126203
16220,-0.16859135097959413
16221,-0.939582070615213
16222,-0.9034338220292485
16223,0.12652461863302755
16224,0.6913112169096948
16225,0.19341137467806852
16226,-0.3191976548273771
16227,-0.27270602634665475
16228,0.16106792518707996
16229,-0.6018708415847632
16230,0.12493993801719579
16231,0.2279409321212513
16232,0.272772160121736
16233,-0.17926726319565192
16234,0.10571403531076976
16235,0.3817994128259491
16236,-0.17746153591124325
16237,-0.5088121233692596
16238,0.33402324050728394
16239,0.32721354715918005
16240,-0.36117085016514194
16241,-0.22401296721961822
16242,-0.6288790605872362
16243,-0.5861095487947491
16244,0.7889518506436736
16245,0.715447399342106
16246,0.39569897756679934
16247,0.5377125011414015
16248,-0.8375102302699695
16249,0.4130366032059615
16250,-0.04445895718019757
16251,-0.08419610572773377
16252,0.8317508429412729
16253,-0.0784186698982069
16254,0.23783785936255578
16255,0.24636113399243909
16256,-0.6226757058739528
16257,-0.5653361079683652
16258,-0.6367777029712541
16259,-0.5907325919541141
16260,-0.23889466787954317
16261,0.15523962413491899
16262,0.6691715973174306
16263,-0.7681481684869926
16264,0.642087956559018
16265,-0.5448703884472251
16266,0.0052934117680296065
16267,0.07628813125075802
16268,0.5216060440228414
16269,-0.3366352787537953
16270,-0.9365708969332319
16271,0.36454354049750415
16272,-0.2923084646151849
16273,-0.7337458399199599
16274,-0.16484313393277583
16275,-0.6223877226797008
16276,0.6573420344845656
16277,0.15758512606990102
16278,0.19013941719193034
16279,-0.7383810190578979
16280,-0.30133453778589653
16281,-0.21018038843205497
16282,-0.13951957366958054
16283,-0.20861530648567972
16284,0.2548385565888659
16285,-0.5006955139600404
16286,0.19493592756934452
16287,-0.8121123070244944
16288,-0.021383747888800264
16289,-0.6129538150973916
16290,-0.0025819627592315202
16291,0.10641913294367285
16292,0.711213160161627
16293,0.06113777858751924
16294,-0.43868473645562756
16295,0.31545698435186137
16296,-0.5495617604968619
16297,-0.16963945317004253
16298,0.019139231943682104
16299,0.8251585967918902
16300,-0.2836672415169746
16301,-0.5810656620444197
16302,0.967540636006505
16303,0.4202991450803443
16304,-0.11517813759043805
16305,-0.2019820186627473
16306,0.7378726733116651
16307,-0.4355718811816595
16308,0.15227965770661334
16309,0.5980642452062288
16310,-0.9698618038222065
16311,0.7306823829626056
16312,-0.559591679239275
16313,-0.46111709793142147
16314,0.325831030613943
16315,-0.004794481076284128
16316,0.40381660257382845
16317,0.14512150280569408
16318,-0.6553334945315185
16319,-0.9153439134914613
16320,0.37385642127445795
16321,-0.3128341757850415
16322,-0.5841073317409696
16323,-0.9692873601319159
16324,-0.11996813697659735
16325,0.4682501702887385
16326,-0.6069289425196119
16327,-0.21339233640747549
16328,-0.22686660835480757
16329,-0.4804834458769123
16330,-0.28345466297557864
16331,-0.8186911271944459
16332,-0.2831793656135318
16333,0.0571730404362432
16334,0.6234064481212519
16335,0.012710272418005176
16336,-0.5924192852160098
16337,0.04125564739494002
16338,0.056135615953284944
16339,0.2535146089741145
16340,-0.030373388816515433
16341,0.8645918696137533
16342,0.02507457489965369
16343,-0.5960492432723141
16344,0.12232994108427364
16345,0.25350480653097135
16346,0.32505598780074824
16347,-0.6145206179520315
16348,0.4550339578594812
16349,0.9802716385307275
16350,-0.2529830185430252
16351,0.08027371027371961
16352,-0.9465225798460399
16353,-0.2221503264674426
16354,0.43605966374755456
16355,-0.04129344126436032
16356,-0.19069059964550025
16357,0.6628778163812498
16358,0.6316634901145062
16359,0.8879127640605805
16360,0.03519456855308998
16361,0.2624187640002463
16362,-0.5537757265009461
16363,-0.655858207234106
16364,-0.10126838546264184
16365,-0.4916784165946196
16366,0.7994071900656272
16367,-0.6678858607209507
16368,0.013852082366384274
16369,0.10089848467424756
16370,0.2575664453143599
16371,0.37888807329950575
16372,0.20970120551953791
16373,-0.6041178090840102
16374,-0.48670001199835045
16375,-0.6294391111807134
16376,-0.43657569478661096
16377,-0.7122440602671356
16378,-0.8368484354952903
16379,-0.2438772990127977
16380,-0.7549846937606571
16381,-0.46098245798159915
16382,0.7090838315051057
16383,-0.6516949604437148
16384,-0.12342778682671215
16385,-0.12311076521575698
16386,0.28826931690445934
16387,0.17182400682086846
16388,-0.6043538808578809
16389,-0.12871861695997625
16390,0.11142491504768273
16391,-0.396176853977049
16392,0.42773328090236684
16393,-0.3739810593180269
16394,-0.3644288138737731
16395,0.14636256718581614
16396,0.24790144405526635
16397,0.5124756629224823
16398,-0.4516064164851894
16399,0.5396553382557819
16400,0.4978053123303403
16401,0.059881755054999215
16402,0.16338843593769173
16403,0.395946385804919
16404,-0.7772901289352384
16405,-0.07505760281699754
16406,-0.35181076800148203
16407,0.6937928554317255
16408,0.5672023720693099
16409,-0.5485388101777144
16410,0.6966911941605756
16411,-0.9320175778513423
16412,0.4793977413961176
16413,-0.19583284809441123
16414,0.06404089595833035
16415,-0.4265012790140461
16416,-0.02191320019852838
16417,-0.14339707082605238
16418,-0.03369872280246193
16419,0.2475449327045591
16420,0.2151730749007792
16421,-0.07494058152267374
16422,0.5997354075475145
16423,-0.7393142273103037
16424,0.4061761664545122
16425,0.4358021741875294
16426,-0.7965973152208216
16427,0.5978509189349147
16428,-0.9636883737728358
16429,-0.6416727984713709
16430,-0.13240430307623646
16431,0.557834299764916
16432,0.6788841722904815
16433,-0.681234480082561
16434,-0.8124333961022778
16435,-0.754295878678326
16436,0.0845429291709086
16437,-0.5948172216319914
16438,-0.15860398663838896
16439,-0.9007501281807289
16440,-0.5172167221449689
16441,0.09410582058350321
16442,0.37626706392099607
16443,-0.45550867519676014
16444,0.12008975367498978
16445,-0.28989706487162764
16446,-0.5369154641296446
16447,-0.18790689600993118
16448,-0.46750299103657333
16449,0.38208864449218477
16450,0.17849863887264006
16451,0.24910752159106572
16452,-0.4676290265078501
16453,0.5257298448991571
16454,0.3617153248433974
16455,-0.3159598619461726
16456,-0.8083774843914325
16457,-0.2320698760522497
16458,-0.14951388937332488
16459,-0.4094452449042621
16460,0.16073636784712975
16461,-0.06089536204416473
16462,-0.6870996560108531
16463,-0.3418062834245078
16464,-0.8624471914654399
16465,0.33935519502592376
16466,-0.14665585338890502
16467,0.4769054265260062
16468,0.022401723207056624
16469,0.8326577120538168
16470,0.09588527882725698
16471,-0.37949040616577506
16472,0.5094517234034883
16473,0.7072946975983981
16474,-0.31195351765731266
16475,0.4339768608207213
16476,0.38818960063898506
16477,-0.30662213578233394
16478,-0.6007000578435966
16479,0.6260075316842303
16480,-0.4584771903783363
16481,-0.26629677032400256
16482,0.4838604773796259
16483,0.6330105486774943
16484,0.46794475183316453
16485,-0.3863030931849948
16486,0.1066419628466566
16487,0.052338343156488755
16488,-0.4531682120616916
16489,0.5737049953449896
16490,0.15144388887664162
16491,0.04828117553473384
16492,0.34945342959245096
16493,0.617062998284554
16494,0.2651565656254124
16495,0.7563946846468471
16496,0.8547680466893882
16497,-0.7241880699377635
16498,0.5432410936417504
16499,0.9061353849137672
16500,-0.6720123164656823
16501,-0.5337860031475311
16502,0.11464985007557915
16503,0.6276480383964981
16504,0.6379055577217696
16505,0.2713188244393302
16506,0.45917489497493286
16507,0.7771273580966344
16508,0.5954993637361409
16509,-0.01987580900804548
16510,0.06870285192259921
16511,-0.2055886240254532
16512,0.4286192620685723
16513,0.053768412459632674
16514,-0.9271465179067145
16515,-0.5204814988613196
16516,0.3029059312402792
16517,-0.27661641960498656
16518,-0.0033207473623136597
16519,0.6634992686972624
16520,0.8247528417442919
16521,0.5822605501628345
16522,0.2044358556080046
16523,-0.3987731049877497
16524,-0.061371204822653166
16525,0.07701506581809638
16526,0.30075839094609513
16527,-0.4982014944600424
16528,0.07160472012372703
16529,-0.8615887053849474
16530,-0.10409043286674716
16531,-0.8570687402172636
16532,-0.28724349109080327
16533,-0.6266129986710489
16534,-0.9238598307046821
16535,0.3145481882421441
16536,0.0025673643254547907
16537,-0.07470987628083728
16538,0.517897394588316
16539,-0.3903328816371354
16540,-0.1797075142938393
16541,-0.6829396004307201
16542,0.2798424031705636
16543,-0.05291590731857127
16544,0.6567654160098215
16545,-0.5115694077986357
16546,0.5416457497800308
16547,0.48760229917898434
16548,0.33174896297733736
16549,-0.49062817289742044
16550,0.5105807172663491
16551,-0.8006802059389977
16552,0.2737836352872272
16553,0.11017430994234345
16554,-0.7396205700043944
16555,-0.576157704939808
16556,0.3744710668216628
16557,-0.5146674610189378
16558,-0.37283843716857196
16559,0.27093292154106224
16560,0.6336744864918399
16561,-0.4909095492995088
16562,0.14170663404685707
16563,0.5378267562360043
16564,-0.6890412554722297
16565,-0.3230189176889753
16566,0.5923774989441193
16567,-0.5498839394153504
16568,-0.21578571196350765
16569,0.2159332091263813
16570,0.11759517737600123
16571,-0.11770612606356153
16572,-0.6209714678773757
16573,-0.0023118080741844137
16574,0.5845068118724093
16575,-0.4070850129489671
16576,0.3646157617244511
16577,-0.5239564244427657
16578,-0.5704297063810921
16579,-0.2744714867723722
16580,0.6080709996792727
16581,-0.2424793749308822
16582,0.27699329421610475
16583,-0.36024346045803723
16584,-0.4961558779669793
16585,-0.14831180581166037
16586,-0.6557960655202457
16587,0.018255687410545774
16588,0.008265005980001553
16589,-0.27150819155174855
16590,-0.2558561131483248
16591,0.11557813890732938
16592,-0.21356505330320227
16593,0.40766476074673347
16594,0.14092878036685713
16595,0.6112676351662992
16596,0.5687878057393645
16597,-0.5320438777497281
16598,0.9109167475380345
16599,0.2568738628333964
16600,0.34289075732822444
16601,-0.840270889565556
16602,0.019607159392034813
16603,-0.30365498537255947
16604,0.7041132172128873
16605,-0.18435465241480276
16606,-0.14396681877895923
16607,0.2248162579048523
16608,-0.09997105138576243
16609,0.7121248144513921
16610,0.13079996911682262
16611,0.21529329456268917
16612,-0.6321299260772492
16613,-0.09061033275109386
16614,0.037745155436289986
16615,-0.11265698714895768
16616,0.7423092962674137
16617,0.5772899641840287
16618,-0.3324339916784592
16619,-0.6840216768437106
16620,-0.16069858605677345
16621,-0.5752808994545169
16622,-0.7794402610250603
16623,-0.21832233110912028
16624,-0.5021201959859593
16625,-0.32703487845719154
16626,0.36092159289108977
16627,0.4721918818788148
16628,-0.6512332308599192
16629,-0.4656637008381891
16630,-0.6889121289236506
16631,0.43886110073512935
16632,0.738465617766244
16633,-0.3861972760348861
16634,-0.47458179023770103
16635,0.20749260033922384
16636,0.7314496583160839
16637,0.027997515158909306
16638,0.7558151415598566
16639,0.610040411265637
16640,0.09042897298629668
16641,0.9290064297761744
16642,0.6891291331056623
16643,0.13569509631457813
16644,0.3855938869774862
16645,0.4872278868768293
16646,0.012952300737528608
16647,-0.7006649495926186
16648,0.14963235979703576
16649,-0.6447081586285206
16650,-0.36887342691190217
16651,-0.38460129471813914
16652,0.5704903521986514
16653,-0.6406802720623297
16654,-0.37840994297814595
16655,0.36077675458710734
16656,-0.38518251873329645
16657,0.13526035140677756
16658,-0.2919029393067734
16659,0.15739845095822416
16660,-0.9659029420415476
16661,-0.6255548591910183
16662,-0.19706405237192898
16663,0.33819088577588774
16664,-0.07018462975542906
16665,0.06385603351234767
16666,0.0586416383338922
16667,0.5032302814877405
16668,0.030298340902057488
16669,-0.5169282726398979
16670,0.42358968874332675
16671,-0.32666822488114144
16672,0.7698313880227732
16673,-0.38002490329491656
16674,0.5937304169367567
16675,-0.7849535340609889
16676,0.10222174343096725
16677,0.3788961121760728
16678,-0.2968843912570264
16679,0.5052169147819242
16680,0.1939072160514643
16681,0.8575976370582732
16682,0.24838045520850682
16683,0.3480167636519376
16684,-0.3555409147675317
16685,0.3868846002867163
16686,0.713450080159001
16687,0.5004526777661743
16688,0.5115639396263203
16689,-0.19092600088865758
16690,-0.594221124960393
16691,-0.9122238583748239
16692,-0.5458212213200294
16693,-0.15727304298910746
16694,0.5153212681778954
16695,-0.530197436634126
16696,0.26340850901618307
16697,-0.21599937386030765
16698,0.7322186848890826
16699,0.09979550154787256
16700,0.4154114630852138
16701,0.26448353522036283
16702,-0.7842983914963829
16703,-0.31900685231839376
16704,-0.012560935481653355
16705,-0.20852036382473205
16706,-0.5539397942243586
16707,0.8730381624198521
16708,0.4545626548017929
16709,0.539903808007367
16710,0.7202702673938617
16711,0.5373161109604229
16712,-0.6924773996465386
16713,-0.36979006650995594
16714,0.05525810848492495
16715,0.21419097955695443
16716,0.6683094884083702
16717,-0.6333471585347497
16718,0.13231555152926353
16719,0.41907047012455934
16720,0.16566539848620718
16721,-0.14462162110835441
16722,0.43515136148676686
16723,-0.09612413087962125
16724,-0.2834876766301592
16725,0.21303326199064684
16726,0.4822297862554164
16727,0.6032523744380062
16728,-0.6074638099178274
16729,-0.32715691648732
16730,-0.6981171736282245
16731,0.8030145175958202
16732,0.7373231925626101
16733,0.31626102649965643
16734,-0.13694449031475056
16735,-0.6849094926260648
16736,-0.4385586047795828
16737,-0.20720377354608568
16738,-0.5006000585523938
16739,0.12928847413930658
16740,0.6183669723389662
16741,-0.30414971747428665
16742,-0.9744164222271419
16743,0.8166631248565578
16744,0.142568254366046
16745,0.2223216201358427
16746,-0.1444922462618896
16747,0.14934632902099237
16748,-0.6017929880801609
16749,0.7421192886884616
16750,-0.2703865656376498
16751,-0.20208906951285985
16752,-0.3571530451851708
16753,0.3748010955021256
16754,-0.030230132414344267
16755,-0.07383660363699872
16756,0.5955978960150852
16757,-0.6488105816926284
16758,0.05720068962461358
16759,-0.4959672534868127
16760,-0.8058652081307848
16761,-0.5528175580361884
16762,0.9763029521402399
16763,-0.44407401546738695
16764,-0.2653199327719224
16765,-0.2748018100730382
16766,0.9066750201078273
16767,0.5779902020194864
16768,0.3482661580974618
16769,-0.49368335450900763
16770,0.6193150307022391
16771,-0.44934361860352773
16772,-0.09451759948395391
16773,0.180177738949521
16774,0.20001983317787994
16775,-0.4980269291896449
16776,-0.8215037515704311
16777,0.6606514763779056
16778,0.5623830326344604
16779,0.6928934319952389
16780,-0.022674148505261865
16781,-0.7173682518608033
16782,-0.12892462296473636
16783,0.10933500468264704
16784,-0.7682840551190563
16785,0.731795698186111
16786,0.43436797758403856
16787,-0.6520134594689198
16788,-0.12978701500861525
16789,-0.364613394918383
16790,-0.9610903549096604
16791,0.5029296207849495
16792,0.38654961477920147
16793,0.26427214401656346
16794,0.6121960883901332
16795,0.26347074138433557
16796,0.7136240172071942
16797,-0.3303408978367336
16798,-0.09202339479725531
16799,0.3614752798166983
16800,0.6928590111342228
16801,-0.8600882380601603
16802,-0.1696360943790186
16803,0.38761740034041936
16804,-0.6903689286830761
16805,0.6932609491195502
16806,-0.06719623143100933
16807,-0.09533193199275052
16808,0.2655516005938982
16809,0.02762961874463238
16810,-0.47381109520036735
16811,0.100669570039113
16812,0.5978353348750315
16813,0.6810938562662087
16814,0.09290460790056462
16815,0.1214118371054985
16816,0.13345454169995144
16817,0.6938915037452097
16818,-0.2202979532003825
16819,0.056428258683239495
16820,0.6867809718875434
16821,-0.09917082232014987
16822,0.9181949572372714
16823,0.14202201959649258
16824,0.18589776527959573
16825,0.22438190980926145
16826,0.8993583346361693
16827,-0.8019437488823842
16828,-0.5415000384483489
16829,-0.7988662140420332
16830,-0.8545416557217251
16831,-0.008096169851691133
16832,-0.6416973056329118
16833,-0.12161591603964154
16834,0.3946943613430122
16835,-0.9215756266276914
16836,-0.0587350879145857
16837,-0.5211867557449744
16838,-0.22391298487940584
16839,0.46883641379545143
16840,0.10658505860730078
16841,0.2293747594293781
16842,-0.16971899734344506
16843,-0.45391526404189775
16844,0.46457092777569714
16845,0.46099112474487197
16846,-0.7882781144681944
16847,0.8110633151109835
16848,0.34058642637223707
16849,-0.2638851450106776
16850,0.5617786421453989
16851,0.19128978461546475
16852,0.11978829483148541
16853,0.41579551842616724
16854,-0.9407972796245414
16855,0.5997333061977677
16856,-0.1367013370460411
16857,-0.5278876103117444
16858,0.41441037576429657
16859,0.8860654211153932
16860,0.3793712852669356
16861,0.18813318227788722
16862,-0.012825331088069903
16863,0.30690701414483285
16864,0.04679865484237751
16865,-0.4624039397118542
16866,-0.9623319512119486
16867,-0.4234535638473122
16868,-0.36372523255773803
16869,0.6799834172090281
16870,0.027759023068318508
16871,-0.5512784118704842
16872,0.5623195767744515
16873,0.6082786402883916
16874,-0.22124408431262513
16875,-0.08569851845575638
16876,0.3470706641393028
16877,-0.43904440362745517
16878,-0.6467324167606929
16879,0.6334237991883598
16880,-0.9026418737729613
16881,-0.1501730203750083
16882,-0.016817158144991642
16883,0.3729240690598672
16884,0.15165207485173307
16885,-0.34912343862759543
16886,0.866498440656933
16887,0.7571593125560728
16888,-0.46445530684028824
16889,0.11745349198429814
16890,0.3068928401064853
16891,-0.45164396234740783
16892,0.8143723161242719
16893,-0.9499763355959571
16894,-0.5208674006447728
16895,-0.7863491820683055
16896,-0.208747300309832
16897,-0.8262273685231265
16898,-0.1460250545155624
16899,0.3514281532267953
16900,-0.4823039144126231
16901,-0.7903717227658975
16902,0.36072482617893203
16903,0.3074132027350221
16904,-0.4848230222024906
16905,0.0321795710706322
16906,-0.23327206846234122
16907,-0.14797762026447836
16908,-0.33578351144278856
16909,0.1981357315392292
16910,-0.4876256571108033
16911,-0.6347836344615232
16912,0.044525060178616904
16913,0.3318008399752607
16914,0.15818526750473144
16915,0.22662874467532454
16916,0.08508690993995635
16917,-0.1898668999086299
16918,0.7414712655516602
16919,-0.6635067854223736
16920,0.4069545384556071
16921,0.3754087417931697
16922,0.5958165746068432
16923,0.3786329890573255
16924,-0.3140400990819713
16925,-0.6425287513660211
16926,0.1719517464067378
16927,0.63693455268345
16928,0.33365391091010166
16929,-0.5800617036412888
16930,-0.35452658825169275
16931,-0.456802287439923
16932,0.09828270780363889
16933,0.3175162415142303
16934,0.15645333020859956
16935,-0.4695327370272366
16936,-0.32996830661533244
16937,0.3873588723796667
16938,-0.13865465679631558
16939,-0.17965164462180697
16940,0.3737261488910139
16941,-0.02346775102324453
16942,0.19270416378551236
16943,-0.19496773604545745
16944,-0.3617616326031576
16945,0.4156505107923118
16946,-0.6130250818869888
16947,0.14111202529414416
16948,-0.723915725241385
16949,-0.6557253112504607
16950,0.6553714890298233
16951,-0.03581444045291345
16952,0.37569738553445936
16953,0.7357117864840768
16954,-0.7555622859125772
16955,-0.2334148213285719
16956,-0.35949170260096575
16957,0.37967988251405804
16958,-0.8563313898299049
16959,0.1946390073184367
16960,0.008034839405155094
16961,-0.46340853055840375
16962,0.271191909112629
16963,0.12682560319405348
16964,-0.2874677526949456
16965,-0.3697643115177933
16966,0.5791683002020221
16967,-0.33694326134543906
16968,-0.010762700794012306
16969,0.46516519908649234
16970,-0.2224322596109427
16971,0.419116745943156
16972,0.5821938931983613
16973,0.18043020414457225
16974,-0.4979749002522794
16975,-0.6169185220262865
16976,-0.17816789073434727
16977,-0.38434585719580955
16978,0.7144827666408823
16979,0.025838994102848078
16980,-0.18939525095749188
16981,-0.09046616774645973
16982,-0.2456451752145219
16983,-0.7104237089608303
16984,-0.46880131515988704
16985,-0.28815649106762525
16986,-0.7487909862465201
16987,0.6855609790937653
16988,-0.28899341133501194
16989,0.7602081489982256
16990,-0.8688576738206689
16991,-0.37749691838949784
16992,0.1820242768088199
16993,0.7517442464447737
16994,0.19636563702436205
16995,-0.28959372970579894
16996,-0.5370025839494816
16997,-0.1688194341884239
16998,0.09966102039575693
16999,0.34759787661741637
17000,0.92221117526653
17001,0.7956917331155421
17002,0.4479398008726696
17003,-0.1322680356414334
17004,-0.7696400078622316
17005,-0.936924008963164
17006,0.37423388373910305
17007,-0.13450577194160532
17008,-0.6817311633254135
17009,0.04469928948018228
17010,0.25950229252636425
17011,-0.44443565200600016
17012,0.12013220650732538
17013,-0.23049006945954
17014,0.4505167229349066
17015,0.07558114764322814
17016,0.37639810958656567
17017,0.09688073880207113
17018,0.2846570992494295
17019,-0.24055635007811715
17020,-0.39720305429209957
17021,0.6271475423246682
17022,-0.2086657978007732
17023,0.5715913658493437
17024,0.6592384808040056
17025,-0.2326810361608184
17026,0.7661864957220286
17027,0.36595371049703374
17028,-0.010880932960776595
17029,-0.11248550433339483
17030,-0.8226496713989736
17031,-0.1608752183528588
17032,0.6663964841295832
17033,-0.17833802861790662
17034,-0.0012817929232508518
17035,0.6569171200924899
17036,0.3767687072816927
17037,-0.0913907286211819
17038,0.10135110179617192
17039,-0.0008330978689240847
17040,-0.3213961864176385
17041,-0.34829867222374583
17042,0.8996993454010582
17043,0.08505333420182574
17044,0.9491169916771898
17045,-0.9773937484239269
17046,0.3015708069146066
17047,-0.6282089940034731
17048,-0.025204774231404926
17049,0.514170183775844
17050,-0.6497969868632475
17051,0.15726880936661844
17052,-0.14723840423939757
17053,0.5177526583857626
17054,-0.336568394727549
17055,-0.43026379632174033
17056,0.43574501990949827
17057,-0.05614972871983809
17058,-0.18100227199271482
17059,0.8217628036813991
17060,-0.4995934975091095
17061,0.18233586855938844
17062,-0.04713393767184889
17063,0.6421999058319195
17064,-0.6505656122104954
17065,0.5307223193284926
17066,-0.41544643146023663
17067,0.1271112558237405
17068,0.10059880731424001
17069,0.7587187356382186
17070,-0.23444318328741579
17071,0.00770318784134562
17072,0.389814342004457
17073,-0.018430440901040714
17074,-0.5972571388325433
17075,-0.4187539990517129
17076,0.8795827280909521
17077,0.5046000779259141
17078,-0.6908189849418106
17079,0.2850911380582552
17080,-0.8365747412561303
17081,0.8534431828514462
17082,-0.14331654319488304
17083,0.049310795068334703
17084,0.3018335393056284
17085,0.04189513379830674
17086,0.7264688542068981
17087,0.527823903566752
17088,-0.45575538811301014
17089,-0.7301118851122814
17090,-0.040218303889724756
17091,-0.09465699891986382
17092,-0.23744627048310424
17093,0.1927422891006469
17094,0.7610807666188854
17095,-0.6173829544151053
17096,-0.49244948692909396
17097,0.3470045650461101
17098,-0.4269683572816083
17099,0.5344360120670263
17100,0.7240501092668344
17101,-0.8342099177730886
17102,0.5529686051788035
17103,0.27974132151800346
17104,0.02495482701370337
17105,0.8020948512381142
17106,-0.45344501493431977
17107,0.954736003246473
17108,-0.6422906609599975
17109,0.8258809305553517
17110,-0.6228799687274513
17111,0.7377066403766873
17112,-0.5530954272699506
17113,-0.14078486665489476
17114,-0.7728633254416762
17115,-0.6599818862164738
17116,-0.48531171422959385
17117,-0.5219596186506913
17118,-0.1503473904445825
17119,0.38569662950121525
17120,0.42746051307646366
17121,-0.6458927974770734
17122,-0.22569122831323774
17123,-0.21091909932243152
17124,-0.24744350959804456
17125,0.03851730293110664
17126,-0.01694429683849048
17127,-0.8722060490942639
17128,-0.07388263764058196
17129,-0.08073707083126927
17130,-0.16997554197921422
17131,0.5259995033762137
17132,0.9283488784468458
17133,-0.1307819293146362
17134,-0.7522110802038356
17135,-0.23125199913905325
17136,-0.25588145923424077
17137,0.7735894688380551
17138,0.46693744029268297
17139,0.9668298521282325
17140,0.14896277980829528
17141,0.29534576147222824
17142,-0.3767227417135347
17143,-0.11074888602756396
17144,-0.8885271826705475
17145,-0.3036227073672788
17146,-0.35036269364689593
17147,-0.39574043517081076
17148,-0.006497544790917848
17149,-0.4881028868262011
17150,0.07599753035616823
17151,0.017954341519772637
17152,0.15096958608135638
17153,0.0015098423453060016
17154,-0.3988726052341366
17155,-0.15198577159644283
17156,0.0676773689640068
17157,0.1745794479025602
17158,-0.30106920266036025
17159,0.7175955980119544
17160,0.19008710329357834
17161,-0.1182362600766286
17162,-0.15518327653307226
17163,0.29431802481639807
17164,0.7988604556867958
17165,0.8071779078477319
17166,0.6806712729492747
17167,0.767203457019215
17168,0.04081443340784497
17169,-0.6971070618794807
17170,-0.6782577988695312
17171,-0.7048724596451225
17172,-0.6223277674947584
17173,0.21670789981464397
17174,-0.672007714351818
17175,0.2956231925119324
17176,0.664685397443807
17177,-0.8781516509486018
17178,0.5211497416006343
17179,-0.5411157692704509
17180,-0.3287202646164939
17181,0.7134040285828598
17182,0.6991358103259098
17183,0.5318297908634133
17184,-0.20002342867876552
17185,-0.1482829400592259
17186,0.632303533165286
17187,-0.4395976679947071
17188,-0.8449122725351744
17189,0.29356199039867403
17190,-0.09417562118271203
17191,0.35575420513865
17192,0.3223644766076758
17193,-0.5378371434779416
17194,0.7364290909086547
17195,0.8096545955726773
17196,0.1254642431457151
17197,0.7557471037060441
17198,0.29905392656912055
17199,-0.2836646725059075
17200,-0.04649912463309923
17201,-0.2729522317886426
17202,-0.6347998473874502
17203,0.6807599004787291
17204,-0.39193874582898963
17205,-0.05936444560357009
17206,-0.4570951157406764
17207,-0.15857026724570564
17208,-0.7721329506505007
17209,0.6969609046648837
17210,0.626379646760873
17211,-0.3501093198954423
17212,-0.026123423596213932
17213,-0.9706907492548037
17214,-0.42183600877344807
17215,0.08180222303103973
17216,0.09093012045037575
17217,0.22734032920429673
17218,0.4936148580172762
17219,0.5221691372285419
17220,0.470271995284497
17221,-0.44948724245034516
17222,0.6232061725783044
17223,-0.4240956421253691
17224,-0.538593289115668
17225,-0.971097847569516
17226,0.2657180429836142
17227,-0.5336157143266564
17228,0.44816466658584003
17229,0.24094948301968325
17230,0.35206599773635583
17231,-0.1598786228992166
17232,-0.02893285239848433
17233,0.076886533181372
17234,-0.6104726094080114
17235,-0.03563512980190531
17236,0.1974818394478676
17237,-0.002224669319823532
17238,0.40186484695148544
17239,0.976739523112801
17240,-0.1211963268667122
17241,0.8304631131654802
17242,-0.05011901175086085
17243,-0.8220011937491899
17244,0.370269611619801
17245,-0.8561453655741831
17246,-0.5322919718837666
17247,0.008596238094086524
17248,0.898536448311487
17249,-0.2695362598136336
17250,-0.5503310797226757
17251,0.09774290366181919
17252,0.39025669810937585
17253,-0.7869340456311921
17254,-0.5651992509064252
17255,0.4393412321023468
17256,-0.41992858934285476
17257,0.45593713357248544
17258,-0.6076913942441426
17259,0.9604728994781923
17260,-0.524146397629572
17261,0.9131181233860199
17262,-0.8739848567938054
17263,0.10925373597015135
17264,0.9388990244993162
17265,-0.15035331940023505
17266,-0.09440335422151978
17267,0.039210071428672624
17268,0.5651460113352944
17269,0.06718744732897797
17270,0.29491837950442285
17271,-0.2342059921971864
17272,-0.4673046488838514
17273,0.08348533492161163
17274,0.01992219171712399
17275,0.11732344541056478
17276,-0.38233694343315483
17277,0.49845207887597653
17278,-0.9427617767571482
17279,0.16585719346219877
17280,-0.04694549037562422
17281,-0.10361864799505051
17282,-0.10443721167374546
17283,0.5648221939288603
17284,0.644607293449816
17285,0.9198802928389963
17286,0.23190440659825928
17287,-0.538516048667975
17288,-0.677210741358537
17289,0.8072877845916047
17290,-0.11646561360382415
17291,0.39331646580149604
17292,-0.23368078001770973
17293,0.13404030953666948
17294,-0.48822450207052503
17295,0.18241518505267026
17296,0.2287387585758509
17297,-0.8428249395380222
17298,-0.06334270301739282
17299,0.3651876196893113
17300,-0.4469228483522963
17301,-0.3656899441336329
17302,0.4910015187232717
17303,-0.16588751910222785
17304,0.4135055149545259
17305,-0.4222225823145048
17306,-0.49720162402717444
17307,0.09484578228856533
17308,0.3230329593602271
17309,0.867170887207826
17310,-0.46155165460877906
17311,-0.9975892060412802
17312,-0.9090090562669868
17313,-0.797767595207938
17314,-0.5968181899327495
17315,-0.03230780205349565
17316,-0.399486989045891
17317,0.8993268398584956
17318,-0.5977897674706457
17319,0.012758484119898229
17320,0.6737588230948689
17321,-0.2950610779967653
17322,0.41481993096258535
17323,-0.5487124876002542
17324,-0.7917359624102162
17325,-0.46902498132301496
17326,-0.8211845278174892
17327,-0.5270132219463839
17328,-0.5145849664180284
17329,-0.05239071998492499
17330,0.5496286547401259
17331,0.16984576072566335
17332,0.19038782363958953
17333,0.10822376164063546
17334,0.5893286776027115
17335,-0.5418758458228954
17336,0.8087050825635523
17337,-0.002469623088342488
17338,0.13531692398460202
17339,0.16946784774288448
17340,-0.4095905324482313
17341,0.20443866385926812
17342,0.20352722587958808
17343,0.589891250027737
17344,0.8037593764743967
17345,-0.1460318820346139
17346,-0.5519168766546976
17347,-0.2895372993885085
17348,-0.927933617426893
17349,-0.19734726328484603
17350,0.1626199753168715
17351,-0.33785397495347896
17352,-0.0453608962003834
17353,-0.5767113062477333
17354,-0.14756839585341996
17355,0.5080515005169122
17356,-0.13106015940419907
17357,0.10628210636538506
17358,0.7685196675514631
17359,0.06046252240026693
17360,0.0183281920620295
17361,0.5448523064389309
17362,0.2850577925706604
17363,-0.5506079781934105
17364,-0.6644088802553421
17365,-0.39171425268774596
17366,-0.30405069498100656
17367,0.47676929813549895
17368,0.1765771718158212
17369,0.22581141811288086
17370,0.7524023899451094
17371,-0.23132526828623015
17372,0.46494952666661266
17373,-0.49561193341143905
17374,-0.4666029067743842
17375,0.7562943448698844
17376,0.02460566262050674
17377,0.9477878932688426
17378,-0.22250611451411798
17379,0.06448162970510969
17380,0.03469557895470831
17381,0.2954978361407783
17382,0.47772838171997045
17383,0.2633818022452803
17384,-0.643359774443864
17385,-0.7212156802078737
17386,0.10966497923863765
17387,-0.3659151978349128
17388,-0.4158349389997811
17389,-0.6762509294692006
17390,-0.47304796732353005
17391,0.8235312009521673
17392,-0.37343853144355366
17393,0.16270290392280648
17394,-0.44599249982064576
17395,0.12267727891191466
17396,-0.27171016549384125
17397,-0.04432332979284158
17398,-0.34022508736738905
17399,-0.7268921529572009
17400,-0.4491729386245544
17401,0.6372287942000084
17402,0.22376637847933745
17403,0.3833283595880273
17404,0.027388945784309032
17405,-0.03074049149503704
17406,0.7437327833520614
17407,0.30043509962486503
17408,0.48856077492965705
17409,0.5923514599892683
17410,-0.28307796695912446
17411,0.1967333337729808
17412,0.6680538575947895
17413,-0.6864531728355046
17414,0.34941479007724224
17415,-0.5517835581613608
17416,-0.5735117397097921
17417,-0.5603579511591941
17418,0.41659600420843035
17419,0.744370236034461
17420,-0.32671969463494144
17421,-0.7884215160885227
17422,0.7183290135298258
17423,-0.9392207588739099
17424,-0.3994965098413252
17425,-0.37511949592851607
17426,-0.23571121931431346
17427,-0.17798217044629727
17428,-0.5705803566225784
17429,0.3870555225676671
17430,0.17672416343921607
17431,0.658049272870357
17432,-0.29884105338034855
17433,0.21411204580936258
17434,0.032987658504384634
17435,0.6264272657004157
17436,0.9939842916162643
17437,-0.26576397595085627
17438,0.16272764211241864
17439,0.587735429228849
17440,0.22200905503208943
17441,-0.9487323059165538
17442,0.8185919469147036
17443,-0.27464139029660534
17444,0.02857470080588621
17445,0.20487189024358635
17446,0.009688507666689565
17447,-0.41761434165634703
17448,-0.058650719763132436
17449,-0.017716667579883934
17450,-0.43181977245938974
17451,-0.6297636296472573
17452,0.8883240156236685
17453,0.12859375674099413
17454,0.18630077429948738
17455,-0.7460662824197615
17456,0.3640416062074679
17457,-0.2684351856539261
17458,-0.26891753211102004
17459,-0.26173290754654627
17460,-0.7692894804200162
17461,0.7982631368877587
17462,0.5742821141596498
17463,0.9420084282561799
17464,0.10317746327436529
17465,0.09177750106979836
17466,0.33518305304851836
17467,0.20164880655653633
17468,0.2918576839575349
17469,0.3383175414378367
17470,0.8795576501387513
17471,-0.5413694355464789
17472,0.1568600623658321
17473,-0.5340202996310438
17474,-0.2521403637918753
17475,-0.78490854743614
17476,-0.16083816970221024
17477,-0.4075165819528957
17478,0.15695227209414117
17479,-0.6807423294839284
17480,-0.45171829767737615
17481,-0.026345852692068544
17482,0.19352070273488856
17483,0.751859218390605
17484,-0.5698356571733398
17485,0.7935984436364838
17486,0.2522823376843374
17487,-0.5932239774463056
17488,-0.23459384078393977
17489,-0.06879722778066943
17490,0.04722545993992563
17491,0.5477258308885938
17492,-0.5018210328558373
17493,0.5388531273595482
17494,0.021493902800225142
17495,0.40014024892643646
17496,0.635400506592193
17497,-0.09050835754740413
17498,0.01049774299623582
17499,-0.057794436519399174
17500,-0.4013007044610885
17501,0.24982790686012496
17502,0.9367355619897684
17503,0.5120399181401158
17504,-0.7803890799009495
17505,0.2956284270012545
17506,0.35798526256437063
17507,0.04630790157272821
17508,-0.6474092933510033
17509,0.2717329696835859
17510,-0.6312027166036108
17511,-0.47845265251603725
17512,-0.21779469292890416
17513,0.9884121582355327
17514,-0.07048710165989093
17515,0.716325190221657
17516,0.3594872452073423
17517,0.12393355141746117
17518,0.11966594188110713
17519,-0.6396078587223344
17520,0.029992152362045235
17521,0.3139550441323472
17522,0.021411191398375835
17523,0.4220257750371045
17524,-0.9307924313092094
17525,0.16761468158140727
17526,-0.45885855977292683
17527,-0.7405284489136549
17528,0.1307825076006699
17529,0.7876751223991821
17530,0.4136880037213764
17531,0.06305154973071757
17532,-0.5696269170024577
17533,-0.6202774736044842
17534,-0.5002720092760418
17535,-0.05196345172569661
17536,-0.46401353742967955
17537,-0.29400285786369257
17538,0.7864390582475325
17539,-0.2066399744264384
17540,-0.4089747356568214
17541,-0.24905641010120397
17542,0.5607828024908863
17543,-0.3873160415383369
17544,0.09390721461931581
17545,-0.5856642617984785
17546,-0.4344189941931818
17547,-0.3400476444226133
17548,0.23622475408838642
17549,0.6883712883731826
17550,-0.27390551798525903
17551,0.7064746585250462
17552,-0.7913513528076299
17553,0.9826712446022918
17554,0.04765091278685274
17555,0.2735800969453487
17556,0.4361993571255081
17557,0.1909481055874452
17558,0.08366193557978921
17559,0.889142788552521
17560,0.521203978853591
17561,0.9632740826039046
17562,-0.4393555956747416
17563,0.1783356154579037
17564,-0.5466893469164305
17565,0.15643411457916367
17566,0.5053625197733363
17567,-0.7457795823103315
17568,-0.7530217707914038
17569,0.6824549121366905
17570,0.43451093321262213
17571,-0.7220417397030084
17572,0.8210986133129243
17573,0.5850004709360138
17574,0.1271960407943633
17575,-0.25345805144210704
17576,0.545512673142701
17577,0.40776555553140753
17578,0.40720605050876707
17579,-0.1154354308255638
17580,0.34271348660788253
17581,-0.40099643734870083
17582,0.46365748640701004
17583,-0.8594331135298403
17584,0.6991737763727052
17585,0.2689380248936324
17586,-0.021791456171066603
17587,0.6070283697544094
17588,0.2518065260433235
17589,-0.9650747903665875
17590,-0.125928245985974
17591,0.8768366930939943
17592,0.5249327233380615
17593,0.7214383570032391
17594,0.5484769878346573
17595,-0.12496427950269985
17596,0.22724390951341125
17597,-0.13820530089824284
17598,0.6333868598034866
17599,-0.34137885173681826
17600,-0.45490959268770376
17601,0.6620686322017107
17602,0.21177896922470996
17603,-0.16213378776238843
17604,0.7143305674400507
17605,-0.3336205545652666
17606,0.06439072026556042
17607,0.12725028263198618
17608,0.6972897171377989
17609,-0.3071307508104673
17610,0.07674226492833432
17611,-0.7655248777525697
17612,0.9346331384754818
17613,0.6403992771192822
17614,0.06472725373126535
17615,0.7178320477765601
17616,-0.21594600220328428
17617,-0.7626917697090468
17618,0.7166828907815161
17619,0.1095848514464246
17620,-0.6528717117477689
17621,-0.433014444538178
17622,0.722968685376664
17623,0.9080349247972961
17624,-0.3803869708594099
17625,0.22852039430643936
17626,-0.0007875800371454528
17627,-0.3568199812299004
17628,0.16833459533782283
17629,0.08403429151074032
17630,-0.4292566356391815
17631,0.4922639789363755
17632,0.9539141873634813
17633,0.5648656134456094
17634,-0.1338466620628281
17635,0.6159486245024801
17636,-0.6974690364759246
17637,-0.6204792017976453
17638,0.590446757787227
17639,-0.09288939994558809
17640,-0.1278095104012496
17641,0.2745707992433821
17642,-0.5065135544059294
17643,0.5633379545079292
17644,-0.2590317843051593
17645,0.5344926056252728
17646,0.6949814384694226
17647,-0.07325944871580224
17648,-0.18892945211232332
17649,-0.5145663852132482
17650,0.18500563856634106
17651,-0.15509292931992158
17652,0.5088486195247405
17653,-0.315901160721314
17654,0.13410248781217882
17655,0.19693493163522074
17656,0.09717157137442455
17657,-0.7417979481548082
17658,0.7199244230809615
17659,0.2950738690909219
17660,0.11787843494179721
17661,-0.5770764541749768
17662,0.91504381277927
17663,0.39992538347413487
17664,0.06151827986626585
17665,0.8238250858008287
17666,-0.09613262719810134
17667,-0.7486651274486092
17668,-0.5432837036976369
17669,0.27596077740454655
17670,0.8632498654958501
17671,0.24013252413524908
17672,0.8750589842266043
17673,0.7047764910775146
17674,-0.3510782433847013
17675,0.6325450390813501
17676,-0.13487497314503458
17677,0.5526697151620061
17678,0.21553248307363662
17679,0.3067155265411522
17680,-0.6912053291956602
17681,0.15832311620007575
17682,0.298411226771289
17683,-0.08637635089581278
17684,0.8392357886698775
17685,-0.5245451019224265
17686,-0.264288274921478
17687,-0.6143272948099284
17688,-0.2041726932300984
17689,0.6042290676129354
17690,0.4158909132480289
17691,0.8324920784726746
17692,0.19877880832429998
17693,-0.12627707414878794
17694,-0.06869834166359035
17695,0.24746550885075416
17696,-0.1654588175222904
17697,-0.812483300010758
17698,-0.16295288387527568
17699,-0.36697776432953705
17700,-0.2646641396138512
17701,0.11555586781965352
17702,-0.43135473005764186
17703,-0.35004467242866627
17704,-0.15688223969706383
17705,-0.4146842324551793
17706,0.003538938219924988
17707,-0.24108635115237545
17708,0.5804197726480809
17709,0.7476837795302083
17710,-0.11767489266377994
17711,0.08826598643917108
17712,-0.4643094796693822
17713,0.36541439424311367
17714,0.37780101063062566
17715,-0.12034913323499473
17716,-0.7801743250621643
17717,-0.0024576280242436365
17718,-0.253451456459264
17719,0.5233726526891761
17720,0.9131045834234465
17721,-0.7789509233891149
17722,-0.3937480311723278
17723,0.8342590623924915
17724,-0.8170793206744044
17725,-0.7174746725062391
17726,0.5766572702894969
17727,0.5462693679818111
17728,0.4453479848772912
17729,0.12296878073243467
17730,0.04166307465744027
17731,-0.04404165535018482
17732,0.34302596695571264
17733,-0.31648851040708564
17734,0.7615965075041705
17735,-0.10219238077518238
17736,0.10485483692042971
17737,0.18586420210708487
17738,0.32112501841050456
17739,-0.9060195582555525
17740,0.2526527021982798
17741,0.3174599457864797
17742,-0.06255743711612151
17743,0.3127962416688379
17744,0.2961961751998053
17745,-0.36042875950670855
17746,-0.017552799251647627
17747,-0.28529434859909625
17748,0.55792502602674
17749,-0.1427107729887573
17750,0.9065172102766501
17751,-0.7615459818046109
17752,-0.048982911911208356
17753,0.8387462015917723
17754,-0.5519791669479832
17755,0.7774779356108092
17756,0.5604607308128088
17757,0.15372797429427365
17758,-0.2468546719834351
17759,0.5855049646157635
17760,0.5498633014112052
17761,-0.03728153032896182
17762,0.2788850087091982
17763,0.17937064865755087
17764,0.6732045701008609
17765,-0.3973593234339491
17766,-0.8882739497257258
17767,-0.653575212066253
17768,0.6836722296643438
17769,0.26229453465538877
17770,0.005082737490876665
17771,0.7992114015541065
17772,0.1006720531132906
17773,-0.8537453187513754
17774,0.007512099074131093
17775,-0.15395021230061473
17776,0.06130630299709562
17777,0.23575908926795108
17778,-0.4294260729403879
17779,-0.5652361149013105
17780,-0.29483820816694
17781,0.42609670879670775
17782,0.11333930905980275
17783,0.046133312695866326
17784,0.09038112603733159
17785,-0.08262519752579559
17786,0.847735735976154
17787,-0.23612586160148027
17788,-0.46477246368097896
17789,0.7104317491643862
17790,0.4334595249822141
17791,-0.13415775373851463
17792,0.24489263659542973
17793,-0.7344332689071433
17794,0.7692755470092929
17795,0.07905828921775418
17796,-0.6051552830937083
17797,-0.21573472106159694
17798,-0.6539116578415873
17799,0.14688647008918068
17800,-0.792168001474954
17801,0.2605945140374497
17802,0.40134318332578617
17803,-0.6075837456434473
17804,-0.7875160646017602
17805,-0.03061900962988918
17806,-0.6106387309811845
17807,0.41953157178470346
17808,-0.4094030959209054
17809,0.1147527009493639
17810,-0.46651510996370327
17811,0.03416375215385663
17812,-0.005157372387175648
17813,-0.7060008191056578
17814,0.3471591756159873
17815,0.7820131142296228
17816,-0.43927065651434855
17817,0.42283499787503936
17818,-0.25224545803080306
17819,0.9518808620016243
17820,0.5620137883005225
17821,-0.4107432390462315
17822,-0.3666704749371269
17823,0.17055288380183126
17824,-0.9036511071852278
17825,-0.6422874863478738
17826,-0.10613653876030389
17827,0.8287886293780227
17828,0.12437326470287854
17829,-0.6441493666297519
17830,0.7345636252382849
17831,0.2547354781113306
17832,0.6327507861675059
17833,-0.3086285504206588
17834,-0.4679474452642086
17835,-0.022335921854300556
17836,-0.25717416071890364
17837,-0.7661924866944025
17838,0.29553167189694424
17839,-0.42843223753867354
17840,-0.002135633650162991
17841,0.7256753853091427
17842,0.33027104275968927
17843,-0.3194748446222758
17844,0.036193604192509894
17845,0.19294752845620067
17846,-0.17045197869284373
17847,-0.0416097603013382
17848,0.058543667243480584
17849,0.31065756437485814
17850,0.4561432567629043
17851,0.6990243380503787
17852,-0.5532875848207497
17853,0.2585145554724362
17854,-0.8642727885463969
17855,-0.4024843857091653
17856,0.10429907147773254
17857,0.03421365068186488
17858,-0.13226585932982676
17859,0.6719223879894175
17860,-0.3699933196088541
17861,-0.33185553516393773
17862,0.6443815496866523
17863,0.8599799649659132
17864,0.8341613129932895
17865,0.6536492347498267
17866,-0.8536772025772429
17867,-0.4605229879433332
17868,-0.07552611157786147
17869,-0.7720604721106988
17870,0.47106267232361565
17871,-0.4780878566522884
17872,-0.07683854186985169
17873,0.2832531722769315
17874,0.7432110235622753
17875,-0.8884135041761261
17876,-0.005556513553805491
17877,0.5081617705603887
17878,-0.4891781486888768
17879,0.40094327852903067
17880,-0.14305862063104538
17881,0.15997419682309913
17882,-0.013444377797607168
17883,-0.49810233075904714
17884,0.2571583050551027
17885,-0.7152449687817475
17886,0.011968466583488343
17887,0.8044001365252482
17888,0.3447430482382781
17889,-0.8027117835726787
17890,0.38381595517620654
17891,-0.7552895236687857
17892,0.14123726836498807
17893,0.07719899848561906
17894,-0.8512295018797925
17895,0.6841118660024886
17896,-0.09996553867633454
17897,0.8205378191160765
17898,-0.3610503474423151
17899,0.5306353325357065
17900,0.204984156907459
17901,-0.44158965780348375
17902,-0.6521542924654788
17903,-0.6812185845747188
17904,0.4522701959423764
17905,-0.5277902106810373
17906,-0.5464705187181458
17907,0.38449937466110645
17908,0.7952642331726077
17909,0.5989696231181443
17910,0.3852710074323495
17911,-0.04674629471332465
17912,-0.31623387038046424
17913,0.2051973080380381
17914,-0.09320861313503151
17915,-0.513130980540875
17916,0.6317533930400022
17917,0.3435314399873299
17918,0.33809608925193346
17919,-0.026492289188847398
17920,0.6813134110720211
17921,-0.6165690805242812
17922,-0.0682458713070265
17923,-0.4326822462994213
17924,0.5145489776724748
17925,0.2841507409259936
17926,-0.5936095758864347
17927,-0.7305692833277372
17928,0.25721167131309547
17929,-0.01383353030838681
17930,-0.03648876992570574
17931,-0.6746244649296903
17932,0.34856997730527955
17933,-0.33643922594874925
17934,-0.46291675452990594
17935,-0.5052468092846187
17936,-0.8690640036936919
17937,0.20524405976381013
17938,-0.511010916012474
17939,0.42271732651149835
17940,0.33843981983091304
17941,-0.17381815775867923
17942,0.5452903737091623
17943,0.33596790863594805
17944,0.09824482759476091
17945,-0.3377279013768419
17946,-0.11747583527606412
17947,-0.42699776606362544
17948,-0.43451552400944815
17949,-0.8446522730723872
17950,0.7766461961321477
17951,-0.4319609335119872
17952,0.7371451192114042
17953,0.1650848139074412
17954,-0.9368360671349193
17955,-0.7202451888606395
17956,-0.1507473664384215
17957,-0.4302800578324154
17958,0.2746855890248492
17959,-0.41975542517306724
17960,-0.8618634904804526
17961,0.24992722008590035
17962,0.2387994923946537
17963,-0.056925174555063206
17964,0.13357881952802356
17965,0.8987782137102045
17966,0.13659586825019548
17967,-0.19722110892553515
17968,0.4928221593506719
17969,0.8627308364189009
17970,-0.03422098406760919
17971,-0.4749596712166647
17972,0.6232180208462874
17973,-0.8304390269817141
17974,-0.7239426208774545
17975,0.45478450083773486
17976,0.16334346311070297
17977,0.40679031589084896
17978,0.11426737757196233
17979,0.5785189543259879
17980,-0.18542914025881363
17981,-0.2835705204705161
17982,-0.1980646443749371
17983,0.5853277306826378
17984,0.09728843912118416
17985,-0.8842670969470244
17986,-0.36739745472138935
17987,-0.0508067856058498
17988,-0.6877128732047351
17989,-0.9059892432104416
17990,-0.6083142672617778
17991,-0.05183024193614504
17992,0.28022319693705877
17993,-0.2578836752548126
17994,0.2707448536440607
17995,0.0031497893771648064
17996,-0.10173352787601704
17997,0.4346782981316201
17998,0.3238624702371036
17999,-0.08239582729233443
18000,-0.35087428771484636
18001,-0.4468782833138192
18002,-0.21590536767290208
18003,0.511375219167596
18004,0.9157595472903635
18005,0.37863848797113264
18006,0.7839453529950173
18007,0.12826580636030935
18008,0.1536829136870138
18009,0.14933747566342334
18010,0.12151824933113002
18011,-0.6488832197631389
18012,0.20744454551533023
18013,-0.5794345354503287
18014,-0.008706137974010202
18015,-0.8367375595330814
18016,-0.9144792872462217
18017,0.001888178703113472
18018,-0.14943810007239003
18019,0.5996099597328979
18020,-0.08757915389608945
18021,-0.6880621863467431
18022,0.1082418583484696
18023,-0.7297412266346603
18024,0.4094415299436931
18025,0.5255549935994386
18026,0.2190233228586027
18027,0.6788281733530142
18028,-0.41935705841557946
18029,-0.364556083125163
18030,0.25255519267703846
18031,0.20282618511218392
18032,0.5513030420567813
18033,0.70288777903782
18034,0.3157445959329686
18035,-0.29563064113712517
18036,-0.31973736056727003
18037,-0.23693729558524837
18038,0.2891721506385977
18039,0.8637768015558759
18040,0.716336471331821
18041,0.01953734877622183
18042,0.2095326418129093
18043,0.11358014236369036
18044,-0.19617880599794976
18045,-0.08872075461736341
18046,-0.5069539092791303
18047,0.8389775256310141
18048,-0.15367962068355498
18049,-0.42797193408047607
18050,-0.15504028415112633
18051,-0.39190536420826855
18052,-0.608514478454992
18053,0.02113848259313991
18054,-0.1292364769790974
18055,0.19244069151075366
18056,-0.0953391907978272
18057,0.4476246430777839
18058,0.6922038220822955
18059,0.8781494422475331
18060,0.7712316399752154
18061,-0.08830444073174387
18062,-0.13815319665243622
18063,-0.3326176356209747
18064,-0.4712815424634244
18065,0.7710241945441483
18066,0.4778838313288217
18067,-0.40558674791885735
18068,0.49291141514605213
18069,0.24738551727310057
18070,0.4889237449102538
18071,0.6236522827135688
18072,-0.6734503163292361
18073,-0.0563246175466621
18074,-0.9193173147266429
18075,-0.8580488091338532
18076,0.4495012764805566
18077,-0.502217343652734
18078,-0.37737101910081944
18079,0.47443771212427815
18080,0.2344001139589184
18081,0.6263671073184444
18082,-0.026928504946635175
18083,0.6859196529845358
18084,-0.5629110217905455
18085,-0.630819099675204
18086,-0.2670529854834353
18087,0.24314616132281858
18088,0.0427927862890096
18089,-0.18786760643579087
18090,0.3770257934578172
18091,-0.12027848174365591
18092,-0.5091305088089433
18093,-0.1353850938041831
18094,0.01038150607889241
18095,-0.6853234668289966
18096,-0.18912126414789565
18097,-0.5897570079356903
18098,-0.9622181312443401
18099,0.46730484169188624
18100,0.665066014471394
18101,0.04222385682046068
18102,-0.5277518303669693
18103,-0.0628831768233781
18104,0.7671211097026422
18105,0.31664125161145745
18106,-0.6771609205547006
18107,-0.5528789154820477
18108,-0.266499937000206
18109,-0.39207996305499604
18110,0.8520276473779843
18111,0.6834042031119544
18112,0.26502691477725415
18113,0.7938888584076139
18114,-0.7281470352215198
18115,-0.7536386305521418
18116,-0.712188207206019
18117,-0.9133600435022734
18118,-0.1950983332575379
18119,0.10262000304724408
18120,-0.3945333286926655
18121,0.9044926458744418
18122,-0.8361960071760517
18123,0.12057608591382521
18124,0.3453359133050347
18125,-0.4492706791286645
18126,-0.3796789503676815
18127,0.3986912360309853
18128,0.11218907979710145
18129,-0.588849493422827
18130,-0.7081547250493346
18131,0.1595930371650352
18132,0.9223132789121498
18133,-0.7141015336150487
18134,-0.23569539831228636
18135,0.2590723091375353
18136,-0.07395258431162138
18137,-0.5293507653030609
18138,-0.43271854171771534
18139,-0.3009980176258831
18140,-0.21412794544784786
18141,-0.004300038409220828
18142,0.2697307200936461
18143,0.19518961554020534
18144,-0.9214946905512198
18145,-0.42554829922515547
18146,-0.37811122036013384
18147,0.024546152006064186
18148,-0.450071828490482
18149,-0.10494620997901147
18150,0.4215756725162311
18151,-0.5913795686087376
18152,0.32022294742849267
18153,-0.5762756735126155
18154,-0.8123700986127584
18155,0.37838097837537393
18156,0.47030235805532605
18157,0.04755679706485921
18158,-0.36775931194892403
18159,0.24476337342438287
18160,0.2726406826489338
18161,-0.8883534960169541
18162,0.5559866475105095
18163,0.9477197570719984
18164,0.0015253040081371206
18165,-0.5102939733664826
18166,-0.632441025897178
18167,0.47720971065564494
18168,0.6554268103664127
18169,0.5399178231467322
18170,-0.7016369748481468
18171,-0.3413826492275814
18172,0.9727338611283046
18173,-0.3758908335151306
18174,0.862672976899034
18175,0.8370149061733708
18176,-0.7613341960614292
18177,-0.24659946310094152
18178,0.7008821754505252
18179,0.503716530736368
18180,0.518731156621137
18181,0.39315629907346267
18182,0.5882692000904461
18183,-0.1385836854176232
18184,0.6304076853173188
18185,0.5795253736701136
18186,0.4778816570898608
18187,-0.23640901028016734
18188,-0.31786433659183094
18189,0.15571079350055647
18190,-0.28399505311146495
18191,0.6314742160888505
18192,0.2488265353982543
18193,-0.08999864651292605
18194,0.7490122861941887
18195,-0.8531460670319805
18196,0.7775549771873933
18197,0.17114311069798036
18198,0.15674887210757452
18199,0.0380695111996158
18200,-0.5060695513789768
18201,-0.6867816100303766
18202,-0.08500653745955007
18203,0.2194142520479464
18204,0.2847486278691085
18205,0.3939497150098093
18206,0.08252028213653675
18207,0.35907173391749353
18208,0.8360619978710393
18209,-0.43674995376948933
18210,-0.39431515360954456
18211,-0.33670350203502347
18212,-0.40800141652208
18213,0.2073895258900997
18214,0.48597145496381083
18215,0.006840470926882374
18216,-0.4647774044821249
18217,-0.33112447317198573
18218,0.026142070977212335
18219,-0.06433655917440938
18220,-0.1377072333397264
18221,0.265002087042525
18222,0.2053390419383913
18223,-0.7094822831594162
18224,0.4278126747950308
18225,-0.8648396026193602
18226,-0.2644925821930507
18227,-0.12162281601305507
18228,-0.712386748567987
18229,0.6319838197467157
18230,0.19635633428169263
18231,0.39008621018358214
18232,-0.2250618388616782
18233,0.6119845709124325
18234,-0.6224606587119907
18235,0.1149803415324895
18236,0.6570350296219285
18237,0.29668962270599314
18238,0.1625732162669239
18239,0.173402065967308
18240,-0.7222330176364387
18241,0.43908758083349414
18242,0.7718070551373464
18243,0.13181098171893793
18244,-0.1508128809366027
18245,0.1620281226241979
18246,-0.6961983451462909
18247,-0.045022732503353806
18248,0.28054579481808145
18249,0.027984198027821074
18250,0.08352229681592976
18251,0.9129871046493573
18252,0.08853470965234042
18253,0.6212874457766927
18254,0.7546670820934163
18255,0.29387499227231906
18256,0.15588579297060695
18257,-0.6499203454408827
18258,-0.04029236686833417
18259,-0.39706886248448636
18260,-0.8502915447385972
18261,-0.6183155109928287
18262,0.8078407167672774
18263,0.5606244289400326
18264,-0.7618133741256928
18265,0.21321361304487757
18266,0.4187018032405963
18267,0.21286751055192785
18268,-0.16690006838321947
18269,-0.4295230794950485
18270,0.24518042614512886
18271,0.03714186583697618
18272,-0.8157979326105215
18273,-0.48049630482158356
18274,-0.20994965091126738
18275,-0.5704034931136813
18276,0.38356039602105757
18277,0.6006126341263742
18278,-0.2907503071880321
18279,-0.7601185756625944
18280,-0.1580298642095531
18281,0.8610713743035835
18282,-0.5113776324192906
18283,-0.27694074245965017
18284,-0.28340014151964676
18285,-0.1741880117687115
18286,0.336126442030914
18287,-0.44437565110960064
18288,-0.40836883974791305
18289,-0.22635847500861536
18290,0.264073258703396
18291,-0.38035865518094014
18292,-0.8272151975270214
18293,0.04499588532145482
18294,-0.3424128232674436
18295,0.47422879057620193
18296,-0.10017589602025233
18297,-0.5530440036743438
18298,0.9463465275618831
18299,-0.754264936547913
18300,-0.03232872983706986
18301,0.4232673967837192
18302,0.637082913446898
18303,0.8309455737776489
18304,0.9735012715505217
18305,0.6615854200020966
18306,-0.4524731833061682
18307,0.5133340846856187
18308,-0.22389241732675325
18309,0.025455735078794697
18310,-0.3527234587147729
18311,-0.6993647687351138
18312,-0.4998792751982041
18313,0.6674108515943924
18314,-0.45633181588312377
18315,-0.019190473442860737
18316,-0.23057612042029846
18317,-0.29077537078777266
18318,-0.11106439533139804
18319,-0.43872319070426824
18320,0.39649210729756285
18321,-0.1927864734757899
18322,0.2428528882706206
18323,0.06848562039072797
18324,0.05246753931005139
18325,0.02971627254107433
18326,0.020479940473032206
18327,0.27382538751676244
18328,0.49814980738827974
18329,0.19686797113429652
18330,0.47951809968243964
18331,0.24582252926195106
18332,0.021632202576406256
18333,-0.4943316709915916
18334,-0.3087641245002162
18335,-0.35845879326566576
18336,-0.5423637344186246
18337,0.04899265892509544
18338,0.24628295192142782
18339,0.9609950777387595
18340,-0.24872757261022785
18341,-0.7453958151428859
18342,0.657135540156967
18343,-0.6279253329711931
18344,0.9173689856590307
18345,-0.7776838807299014
18346,0.2099324638333938
18347,0.07620620027905145
18348,-0.318088080538525
18349,-0.04903941466286502
18350,0.0874524695665277
18351,0.8601054355949289
18352,-0.802521187198431
18353,0.5332082012766043
18354,0.5178085791555808
18355,-0.5981793460376207
18356,0.00915788062522164
18357,0.5938018213968472
18358,0.04578866578578482
18359,-0.6606323498695643
18360,-0.5574284461312458
18361,0.21897502150046197
18362,-0.1367903941715147
18363,0.4233232562667606
18364,0.4507531511715926
18365,0.8724454033155532
18366,-0.6595420999385453
18367,0.4969422735540477
18368,0.7891105387237278
18369,0.04772037438876398
18370,0.7616336649826209
18371,-0.2588863956661105
18372,-0.28949103477164967
18373,-0.1667475605253197
18374,-0.6548506215987283
18375,0.8699346355521742
18376,-0.010057689662071701
18377,0.08724637224264287
18378,0.6571164709551627
18379,0.8808488936978641
18380,-0.43956499216415834
18381,0.5793340632917204
18382,-0.4181404500033873
18383,-0.28849070472720745
18384,-0.39849240369715666
18385,0.9386789104468577
18386,0.03280244713446546
18387,0.0624877341964949
18388,-0.6512251163926813
18389,0.6225380835877427
18390,-0.37529555471331577
18391,0.6941855284898727
18392,0.702846614025549
18393,0.36062569373830156
18394,0.134328990217759
18395,-0.44554742694784
18396,-0.40203895311022664
18397,-0.1339428211453838
18398,-0.4875817697671933
18399,0.34165806967807194
18400,0.5346278591377831
18401,-0.05705009577595865
18402,-0.49249588129858074
18403,0.8267203261425567
18404,-0.1350816381303159
18405,-0.43677195528460244
18406,0.6169493499925008
18407,-0.4175069982511429
18408,-0.33042631193172795
18409,0.11403987550777615
18410,-0.21447058387896697
18411,-0.6242404551615737
18412,-0.1049196506559037
18413,-0.860035210934771
18414,0.32622202506547393
18415,-0.20052611605745202
18416,-0.5400397076041683
18417,-0.6475893483717057
18418,0.5268462658030271
18419,-0.7214750049748057
18420,0.11538046012312393
18421,-0.5510548103880748
18422,0.013621519172056762
18423,0.2924998773638964
18424,0.18970214843014535
18425,-0.2361668550739774
18426,-0.1357291157063335
18427,-0.8541153413898877
18428,-0.9075480443071701
18429,-0.4941484936217986
18430,-0.2621814170188182
18431,-0.6823464249118673
18432,0.3876358566375271
18433,-0.7454025500888979
18434,-0.20208109779998445
18435,0.5866473372333441
18436,0.10738744903632959
18437,-0.20521503352222964
18438,-0.75653354967063
18439,0.5794193323545037
18440,0.24776728129142714
18441,0.422195010125279
18442,0.8229813067900691
18443,0.512279329383103
18444,0.6482057582827752
18445,0.34550770705794215
18446,-0.23694565752336938
18447,-0.7130302893709165
18448,-0.46179008135349214
18449,-0.596562909854596
18450,0.009009549920922195
18451,0.44014196042174714
18452,0.6121672535645013
18453,0.5028055311470232
18454,-0.6198186705283825
18455,0.05148844314531898
18456,-0.13738173387052968
18457,-0.608597863646318
18458,-0.326289163105669
18459,-0.31733628141244763
18460,-0.2911626445870846
18461,-0.5280213959156786
18462,0.7921143967864452
18463,0.09354371855163744
18464,0.035843543054282265
18465,-0.02690238006120187
18466,0.01225679453031905
18467,-0.6415741468754642
18468,0.1485379854385086
18469,0.16442316320097417
18470,-0.05851629941797535
18471,-0.9092315665506269
18472,0.8303473307122878
18473,0.7876815122433112
18474,0.7889613282245433
18475,-0.006843489090608906
18476,-0.9365252338970663
18477,0.3847071834604392
18478,-0.5881051982346132
18479,0.4110639584261802
18480,0.5702733087925118
18481,-0.11309329568844777
18482,-0.5057253699994771
18483,-0.05505154393746777
18484,0.6752438944330381
18485,0.2706746108683775
18486,-0.31686274781350016
18487,0.7962130088186421
18488,0.9970555655385591
18489,-0.46566949777569644
18490,0.6917670298883356
18491,0.5778063328732762
18492,0.16475066293313823
18493,-0.23238518322441057
18494,-0.7347820431725037
18495,-0.919665103852659
18496,-0.7125752635208117
18497,-0.5940739072165644
18498,-0.31819670335750316
18499,0.3043013964987038
18500,-0.5597714969698556
18501,0.08055104154826029
18502,0.7131470794453533
18503,0.37301579985615774
18504,0.37804545261791567
18505,-0.28962569552929784
18506,-0.4297611266292034
18507,-0.26769232323957637
18508,-0.3244177099257404
18509,0.3285976538503628
18510,0.7236389301315019
18511,-0.49056993145259525
18512,0.15327621004484446
18513,-0.30172374869745033
18514,-0.861138153519869
18515,0.5960822716390514
18516,0.009186237757182676
18517,-0.0725563262879266
18518,-0.06298243555455779
18519,0.904816142902336
18520,-0.06437490247578165
18521,0.04037145975238915
18522,0.661472234887044
18523,-0.8909948506512385
18524,-0.6002575968747759
18525,0.1647921442948887
18526,-0.350711284307262
18527,0.259216176638071
18528,-0.03777657808707972
18529,-0.8092572336948776
18530,0.3682526068865244
18531,-0.4051616805108928
18532,-0.23981588367340054
18533,-0.6810769552234478
18534,-0.2995845495936552
18535,0.1605183141433323
18536,-0.3930923886143929
18537,-0.5882242197559212
18538,-0.4668965907783376
18539,0.016025321444048526
18540,-0.3721406776831436
18541,0.8904253715609415
18542,0.9561990565647706
18543,0.11509967760988703
18544,0.530905482069008
18545,0.2164527547943719
18546,0.9557781202624053
18547,0.9747591346619681
18548,-0.8306805599150345
18549,0.28197473104185544
18550,-0.9196881123299028
18551,0.7795576663857349
18552,0.17991554004066748
18553,-0.7982784140459122
18554,-0.733199697230384
18555,-0.6629782876405319
18556,-0.9195369647512678
18557,0.33248977451648104
18558,-0.564855406019576
18559,-0.41476877596834
18560,-0.10627114783425562
18561,-0.9694715756730892
18562,0.33812893443092573
18563,0.3458930210308975
18564,-0.32315227310159494
18565,-0.6039259376331098
18566,-0.6028952924977663
18567,0.008198094240190447
18568,-0.47115087673225764
18569,0.5536268869147585
18570,0.11156472049379859
18571,-0.5402210459871715
18572,-0.7436264370927969
18573,0.20246215968632403
18574,-0.9168294637553077
18575,-0.6385736803676931
18576,0.037216405507327806
18577,0.3008699679343246
18578,0.22089667136022595
18579,0.29601904123972567
18580,0.4208935521216454
18581,-0.6896789659812429
18582,0.16815604945512325
18583,0.27741859496177634
18584,-0.29361840383450094
18585,-0.5267243245717869
18586,0.801518034749257
18587,-0.5537876918966238
18588,0.5537766310317963
18589,0.6277095721398349
18590,0.5742196207046909
18591,-0.9832069569125405
18592,0.18849392274195043
18593,0.6110779971387054
18594,0.3411474025127403
18595,-0.11652856845977817
18596,0.7400104925457337
18597,-0.34114308765968976
18598,-0.6749052808613263
18599,-0.045594723676137684
18600,-0.01808929067546689
18601,0.20566823961962155
18602,-0.5171252747750601
18603,-0.27098528105777886
18604,0.6353104130388045
18605,-0.2237573123727435
18606,0.5892656468112341
18607,-0.2374374020665396
18608,0.4114043125917987
18609,-0.485737001172044
18610,-0.20250815477202908
18611,0.9139147755702626
18612,0.5487754062121394
18613,-0.2865522733015692
18614,0.46718408927732524
18615,0.6528982610578503
18616,-0.04070945918264454
18617,-0.6585352413556539
18618,0.3064199822402953
18619,-0.33227495409603125
18620,0.18076943322204134
18621,0.11657804838903775
18622,0.29492632792758094
18623,-0.4756189735244855
18624,0.318135705509888
18625,-0.2249977371479433
18626,-0.48447218831557654
18627,-0.5473436025529381
18628,-0.18393449282615776
18629,0.30091437316371616
18630,-0.39497142186322504
18631,0.28722576627208213
18632,0.5182008442490093
18633,0.7511552898728341
18634,0.5089500684898659
18635,0.15748301792265793
18636,-0.8487436705421287
18637,0.6961916253232691
18638,-0.8944861610537976
18639,-0.04269459855250018
18640,-0.8310261019494246
18641,0.3915411760232144
18642,0.6970056163851011
18643,0.1746221182107447
18644,0.024844871580896023
18645,0.8147497543217347
18646,0.7072774640456434
18647,0.3426884788908358
18648,-0.3493940352709184
18649,-0.8082716378365724
18650,-0.17780937416025439
18651,0.895398977093634
18652,0.26012438872510746
18653,0.177132244146419
18654,-0.5796187017393261
18655,-0.13303037714683646
18656,0.262505286926094
18657,0.31028171106047986
18658,0.25402708737120167
18659,0.5163165952631062
18660,-0.7577468432556181
18661,-0.8513529251799228
18662,0.7969655444265293
18663,-0.5168187755206185
18664,-0.5457267307971895
18665,-0.9499187457968048
18666,0.532073536850607
18667,-0.6096663136158295
18668,0.7856475113440288
18669,-0.09643302923615073
18670,0.7361785763558361
18671,0.20416057507404617
18672,0.12521822334963445
18673,-0.24220837858558558
18674,-0.016590235944223517
18675,0.45349539582291687
18676,-0.2709223220861571
18677,-0.34175469868599356
18678,0.8551445695111618
18679,-0.31142186837858826
18680,-0.503145385498658
18681,0.4522031467856524
18682,0.19794905051693198
18683,0.4810274880433339
18684,-0.28800968024979395
18685,-0.9238540685487153
18686,0.6062310912575147
18687,-0.601670786532692
18688,0.11913441035944447
18689,-0.5869898515061593
18690,-0.7821769549805649
18691,-0.8358080347152987
18692,0.7387746122521794
18693,-0.7065938823740147
18694,-0.2553315821477919
18695,0.43921114878682777
18696,0.16283576966308375
18697,0.4702054489974938
18698,0.9709112684625296
18699,0.49922312392453216
18700,-0.3540749088744504
18701,0.02099317441954227
18702,0.18630694157913777
18703,0.3268431985409008
18704,-0.4942713535722357
18705,0.44914429652919796
18706,-0.5241252800006424
18707,0.6247678930151702
18708,-0.4028388585108475
18709,-0.7970032753364652
18710,0.7278822620174926
18711,-0.12404371702293411
18712,-0.5841924470429968
18713,-0.24972586012329356
18714,-0.2919885389496266
18715,0.1048529970547825
18716,-0.4433220724565355
18717,0.6766660513838658
18718,-0.38713849995186866
18719,0.3081662093221997
18720,0.4678045076368288
18721,-0.5506434768185875
18722,0.1961103786900439
18723,0.5905005262808407
18724,0.26055677111568265
18725,0.5523340986773473
18726,-0.05548910712264566
18727,-0.22468537541778266
18728,0.01696020982703431
18729,0.03554225106737777
18730,-0.7896778132606781
18731,-0.9076057923018157
18732,0.8213263994958614
18733,-0.26721723471628644
18734,0.2671769550891168
18735,-0.7695558927589564
18736,-0.8284887954892342
18737,-0.13692780473556773
18738,-0.025219632316114543
18739,0.4619384239178609
18740,0.8740015566557338
18741,0.15578037350026408
18742,0.3120547021660056
18743,0.3588352517673231
18744,-0.6039473432053772
18745,0.07576300054655784
18746,-0.7576526357652188
18747,-0.5137526269052441
18748,-0.3404986907405774
18749,-0.02964681404401531
18750,-0.04197063095249795
18751,0.8279687603643382
18752,0.2244581359912227
18753,0.27240357343295857
18754,-0.12834859496012033
18755,-0.7065932352609734
18756,0.554781855618882
18757,-0.17455003933423757
18758,-0.24218567909960162
18759,-0.09164607248131142
18760,-0.03476509866207572
18761,-0.8059864800380564
18762,0.01354241261548622
18763,-0.0608488917078808
18764,-0.677132552582398
18765,0.5037801518773171
18766,-0.6919424936070551
18767,-0.5040941514946914
18768,-0.8302350773521757
18769,-0.06197433181171776
18770,-0.9047015352513049
18771,0.4945838456753464
18772,0.00333946397545952
18773,0.28740149658484565
18774,-0.7641999165793841
18775,-0.22470565987594832
18776,-0.7001731158673901
18777,-0.3487223236676984
18778,0.8269670752008388
18779,0.09028249128592301
18780,-0.7326336527692319
18781,0.050629327478734235
18782,-0.5894913861163721
18783,0.22272561005386668
18784,0.6480123892738359
18785,0.8856341622478792
18786,-0.8291796209408082
18787,0.8946763136869221
18788,0.014175393227398763
18789,-0.6765370583360184
18790,0.7781240421715275
18791,0.3111938529546421
18792,0.11259380524688081
18793,-0.3975587710788985
18794,-0.33209636829488137
18795,-0.7635474603314761
18796,0.21270797702516003
18797,0.8958420953785091
18798,0.902152293635069
18799,-0.5333707100619317
18800,-0.3533247534525905
18801,0.1808105526343737
18802,-0.5176891207296367
18803,0.47930049817428466
18804,-0.5658879062674327
18805,-0.42789067610808845
18806,-0.19964697523129987
18807,0.9621545934003458
18808,-0.47195851077830764
18809,0.37595103271350117
18810,-0.8012861106398655
18811,-0.8434295493083681
18812,-0.061163799728567475
18813,0.014284016284689229
18814,0.27838260486891314
18815,-0.44658146829555845
18816,-0.2537258831451774
18817,0.1262866464542861
18818,-0.7172579065521762
18819,0.1307079408438487
18820,0.1519922064166785
18821,0.1606067640284367
18822,0.9568057187433262
18823,-0.3772938423257963
18824,0.5471443491588032
18825,-0.5570709549121403
18826,-0.30056743360179594
18827,-0.76783328204324
18828,-0.32214644516990804
18829,0.19016457801429487
18830,0.017987843932999077
18831,-0.202451502882975
18832,-0.8923709204362105
18833,-0.3348249467091943
18834,0.005764448977637494
18835,0.09390741758326858
18836,-0.7346539520604705
18837,-0.4400619664862777
18838,0.8903611394309022
18839,0.012988214271901716
18840,0.011485526894606916
18841,0.5553427448626025
18842,0.14576965796819186
18843,0.4642104633347263
18844,0.29236277055714766
18845,-0.027254731078871098
18846,-0.02913255751267271
18847,0.7197739741668925
18848,0.363877462401363
18849,0.6469563925678381
18850,-0.43255541108874274
18851,-0.8526090216011153
18852,0.1767423246147217
18853,-0.3440005812293895
18854,0.3048437085775957
18855,-0.3537446364399295
18856,-0.9032405000944946
18857,-0.05591102625447749
18858,-0.4864692055414691
18859,-0.31919701713416415
18860,0.245074333818294
18861,-0.6023580356763725
18862,0.4233449953533677
18863,0.25998975609747343
18864,0.3138633270982981
18865,0.04362812820834418
18866,-0.5400455911401392
18867,0.5064677545254278
18868,0.4345234296884899
18869,-0.0369349853202322
18870,-0.8108021620331645
18871,0.5804225729907783
18872,0.022041391208752703
18873,0.6249127546396807
18874,-0.9144590204825859
18875,-0.17368148676811823
18876,-0.9653734046987682
18877,-0.7230407121662379
18878,0.10695594065516281
18879,-0.25605325720484184
18880,-0.6194937073008663
18881,-0.6025831339179536
18882,-0.5690704267923206
18883,-0.14317265126028766
18884,0.6806637381310308
18885,-0.30402743895834744
18886,-0.140649009668189
18887,0.5911305918236066
18888,-0.11669343571397751
18889,-0.711529463227077
18890,0.822014424771259
18891,0.23161153003102836
18892,0.4464782470870532
18893,-0.07995791993403546
18894,-0.5496477386834949
18895,0.8454106059167105
18896,0.6688924782804552
18897,0.7467828725470057
18898,0.4885178973856939
18899,0.19988352147545807
18900,0.7370297219784864
18901,0.7326377711632408
18902,0.6493906036797858
18903,0.32675039466908656
18904,-0.15001700091163403
18905,0.30231765768029345
18906,-0.6895062171834357
18907,0.28913654116620346
18908,-0.2896928987342511
18909,0.04190328470431787
18910,-0.0491286592764273
18911,0.8829312141476479
18912,-0.6902968245499717
18913,0.09590196072675074
18914,0.9937299101964491
18915,0.2533489549703845
18916,0.4604701676041846
18917,0.09417125001400271
18918,0.2519091282626262
18919,-0.583780207102338
18920,-0.6843831850612502
18921,-0.6670834270646403
18922,0.11762843392122775
18923,-0.5256300027953293
18924,-0.35108529716168996
18925,0.3789796751963415
18926,-0.22106375472110978
18927,0.4424693695520535
18928,-0.1844627744624839
18929,0.0800341824124449
18930,0.170043411881793
18931,-0.3860615347024424
18932,-0.15452321636745325
18933,-0.0526322803877266
18934,0.2030371181898046
18935,-0.11939691305745857
18936,0.35832549423444393
18937,0.9431414579065038
18938,0.518145296788879
18939,0.3964975659231753
18940,-0.49136510210880185
18941,0.6460932019631198
18942,0.1945255107077147
18943,-0.8196395240033583
18944,0.9210440693883375
18945,0.9052717114193782
18946,-0.3025110109856542
18947,-0.3845059100554558
18948,-0.17570581956577253
18949,-0.5127579579981953
18950,0.4563273584923871
18951,0.1641816304314362
18952,0.4017924226669526
18953,0.3309618116017401
18954,0.7473047849628238
18955,0.6850408272870375
18956,0.5572722319360562
18957,-0.03012125445474397
18958,0.9018811577024887
18959,-0.8917236175643857
18960,0.2306954642488299
18961,0.13368259359741935
18962,-0.21071157166300195
18963,-0.44484596208500743
18964,-0.21635837268508598
18965,-0.7487846827722603
18966,0.027206932850180443
18967,-0.49157609581584927
18968,-0.4302918543879796
18969,0.38019938208666315
18970,-0.8655654411096895
18971,0.4753814766183273
18972,-0.2645427416455865
18973,-0.9803203893592557
18974,-0.9422590657056064
18975,0.802492728281773
18976,0.3356986300390916
18977,-0.7473367622909884
18978,-0.034802620514853916
18979,-0.7150055925476662
18980,-0.5739240308086523
18981,0.6635937537822123
18982,-0.04489670592316926
18983,0.5606932403751078
18984,0.15400396721893944
18985,0.07012654289054486
18986,-0.47720934603817833
18987,0.3246405785069499
18988,0.6764033266319004
18989,-0.3855514747033626
18990,0.5735054892266658
18991,0.7553915918117974
18992,-0.02427466678141041
18993,0.5196432493163703
18994,-0.11668381526176597
18995,-0.5834007924582966
18996,0.3576747862481172
18997,-0.5359488049065655
18998,0.8000129526558238
18999,0.31347406556280594
19000,0.2619348444983099
19001,-0.5737612259624516
19002,0.023050709036071055
19003,-0.12049025981392796
19004,0.3779574236634952
19005,0.8740759427641941
19006,-0.42575629119617975
19007,-0.32307650074780714
19008,-0.0011685869523980971
19009,0.6020472200919239
19010,0.9054452844345867
19011,0.918475138872135
19012,-0.7059539994778521
19013,0.34806108760094884
19014,0.28895992984938496
19015,0.5792455036796446
19016,-0.09117656160108015
19017,0.921346934989099
19018,-0.03479334024600673
19019,-0.37490374588714637
19020,0.16119299316600746
19021,0.7239655213721996
19022,0.6656902767614761
19023,0.22715234910012683
19024,0.04547002009987131
19025,0.11565366932170205
19026,-0.9470075834772047
19027,-0.42157163773092327
19028,0.19171408208910862
19029,-0.11670075291558646
19030,0.5268132475749339
19031,0.116565443743791
19032,0.6488769916879622
19033,-0.5666583045526358
19034,0.9295504383635247
19035,0.06486495216462822
19036,0.5573330139654147
19037,0.6938801223237568
19038,-0.8383079204232997
19039,-0.731883888133409
19040,-0.09748207856485559
19041,-0.5729746200476997
19042,-0.45430603773097294
19043,0.9069971330953426
19044,0.6187548896798792
19045,0.07164638178025706
19046,0.4547883656148049
19047,-0.8031005340967933
19048,-0.5192543735128864
19049,-0.5715366222094399
19050,-0.07817240659644646
19051,0.5962339978871887
19052,-0.7716800932590362
19053,0.5696715183896717
19054,0.5198395468171997
19055,0.5713267502239369
19056,0.20384057888774024
19057,0.7409719514276726
19058,0.7628721649858842
19059,-0.3419880354653564
19060,0.1900885102241894
19061,-0.4955208422635028
19062,-0.13443215179213097
19063,-0.8796489329864566
19064,0.5269964029224239
19065,0.46160935586911506
19066,-0.22326563463602225
19067,-0.3772010256419903
19068,0.24225833363586913
19069,-0.852203589156215
19070,-0.9849479856396492
19071,-0.42257815055628123
19072,-0.6937443339038208
19073,-0.31304205621908826
19074,0.8356788326988844
19075,0.4097641285839603
19076,-0.1966356045435197
19077,-0.7848444545159361
19078,0.10454383850520531
19079,-0.20355376149517487
19080,0.1115992148706166
19081,0.742231668617109
19082,-0.057503288476993465
19083,-0.5059644808085454
19084,0.0444832230826608
19085,0.034196213260277185
19086,0.6420076583589244
19087,-0.2296257087332569
19088,0.6854087067699248
19089,0.8595183188293902
19090,-0.5931193241181658
19091,0.4721441704604533
19092,-0.5765763299684501
19093,-0.6789453383998406
19094,-0.6582655683605871
19095,-0.1045553203606969
19096,-0.4213353201568679
19097,-0.7808142195224559
19098,0.808023523004948
19099,-0.012243659816599455
19100,-0.24511803025301088
19101,0.5868934042019737
19102,-0.15669230493513633
19103,0.22463190412559525
19104,-0.1220230624949863
19105,-0.3971041291480133
19106,0.5969858801520487
19107,0.5787123677915753
19108,-0.4388262585767773
19109,-0.4362062160927893
19110,0.26494090103810913
19111,-0.05813081391786932
19112,-0.3135717632750274
19113,-0.6420937189478422
19114,0.5134273364066257
19115,-0.1360768345358867
19116,-0.027007057512847057
19117,0.7747841907504283
19118,-0.5072694992817015
19119,-0.7740862905959063
19120,-0.2963494089020274
19121,-0.6395047839131743
19122,0.39352819308608317
19123,0.5046618018453425
19124,-0.44769237500502906
19125,0.0016304042919250627
19126,0.351634452643513
19127,-0.48215240462152886
19128,-0.027807620196607465
19129,-0.46912481582251714
19130,0.15305623309383035
19131,0.353726966350352
19132,0.049366364301449764
19133,-0.5492033917917672
19134,0.8076763049286647
19135,-0.02079607126401238
19136,-0.9408830683638545
19137,0.20554606422701938
19138,-0.14937613475651357
19139,0.13478442258541784
19140,-0.17128744514305455
19141,-0.05683006613439969
19142,-0.10180310465880753
19143,0.07680090823299414
19144,-0.370653708611022
19145,-0.16769720881192987
19146,0.9092972039107406
19147,0.318795485262899
19148,-0.2870224359526517
19149,-0.0175656777305244
19150,0.28587522215191924
19151,-0.7983932084669281
19152,0.3961353368258305
19153,-0.02493353488616786
19154,-0.42952794615538165
19155,-0.4885900608735503
19156,0.35731269685667605
19157,-0.760470434662947
19158,-0.5288197768038672
19159,-0.7011380948789101
19160,-0.8047799005390162
19161,-0.859692166953652
19162,0.14888025505320263
19163,-0.46112027106788267
19164,-0.26146328577843797
19165,0.8823905009432275
19166,0.42232666425709214
19167,-0.721385532946417
19168,-0.5871520772306322
19169,-0.2008723502321125
19170,0.6870918960460258
19171,0.33494259271339616
19172,0.25295891681326677
19173,-0.33532380752972113
19174,-0.9345193728243044
19175,0.3907601268986276
19176,0.08381166629165593
19177,-0.2925217946298686
19178,-0.45866321093279994
19179,0.3027015047872864
19180,0.2722824407457028
19181,0.016073083222251913
19182,-0.8316167691794708
19183,-0.22165474105766692
19184,0.5262405137276079
19185,-0.8418667543104293
19186,0.4183315824888363
19187,0.6980115646185697
19188,0.27549431246857126
19189,-0.19267218338294415
19190,-0.5158955194138855
19191,-0.06113841912120794
19192,-0.14828628114768033
19193,0.48390522756809495
19194,-0.47415340393126904
19195,0.8133823653414394
19196,0.7276371191773472
19197,-0.16223319897661403
19198,-0.42717684851587984
19199,-0.47377594944455176
19200,-0.32873963812255896
19201,-0.7910449371421139
19202,0.6880521259339187
19203,-0.4935640911805637
19204,0.1469041517993309
19205,-0.1442600091354465
19206,-0.35701748801189087
19207,0.42917702650860107
19208,-0.7098580444987088
19209,0.31154782559464655
19210,0.24794457102510384
19211,0.15587677479894355
19212,-0.6098713790436084
19213,-0.06682569511882966
19214,-0.46029563943533447
19215,0.18594341184038332
19216,-0.8568514130603392
19217,-0.724130399208691
19218,0.26972239002997905
19219,0.08815739083831668
19220,-0.6529852012784212
19221,-0.08768351381243668
19222,0.4811320721238623
19223,0.22029775944270155
19224,0.17798449935641866
19225,0.140223205332955
19226,0.7151466210747596
19227,-0.0029964038194647117
19228,0.32659415856402496
19229,-0.6574101327163141
19230,-0.43263232267225293
19231,0.5096988258160107
19232,-0.5807042446165128
19233,-0.2494218776758739
19234,-0.5439702822624798
19235,-0.09047022896447103
19236,-0.3645091449792976
19237,-0.21643448635217405
19238,-0.5878689272585953
19239,-0.629027782023731
19240,-0.06765499180245335
19241,-0.4134084387910539
19242,0.24268803216635765
19243,0.7853377535046253
19244,0.010810054649131508
19245,-0.39480003823254584
19246,0.797548785658816
19247,0.7619248784075024
19248,0.759600964252065
19249,0.6153498619370393
19250,-0.18711070297009286
19251,0.01025561097389717
19252,-0.42436453575906224
19253,0.1628459146718727
19254,-0.9074927797034247
19255,-0.1821701324385024
19256,-0.49167492733711654
19257,0.5591410475157409
19258,-0.8501828941093561
19259,-0.20739533959635206
19260,0.17752444445677432
19261,-0.691235398327328
19262,0.4337897791332512
19263,0.7867367288762814
19264,-0.19417260948221157
19265,0.14850531466652198
19266,-0.007366583977500964
19267,0.0026411829334921544
19268,0.03250651001250096
19269,-0.1583213973638956
19270,0.12570686756287072
19271,0.7338517561764206
19272,-0.3404805834756202
19273,0.3098855015107861
19274,-0.6681235033527541
19275,0.46682233696682424
19276,-0.5448857704399913
19277,-0.48190770508476094
19278,-0.035582974529412774
19279,0.6239541957512762
19280,-0.8818786455499791
19281,-0.009894648519181731
19282,0.5504366777821178
19283,0.647493670101342
19284,0.22529681688941952
19285,0.017700455426192033
19286,0.16797060397173524
19287,0.5289588780003139
19288,-0.7208620759511524
19289,0.34832883773735196
19290,-0.5200566374871491
19291,0.5596379704052747
19292,-0.6904274726386728
19293,0.27376582227476903
19294,-0.1086122502214291
19295,0.06725495271103439
19296,0.47422092590834214
19297,0.25149334831511055
19298,0.10965405844520563
19299,0.552766851346509
19300,-0.6762000222848367
19301,-0.2514306462461528
19302,0.8269461840467105
19303,-0.9286893936223564
19304,-0.7020823274577334
19305,-0.9126678111219537
19306,-0.02959599076337312
19307,-0.08698267871226105
19308,-0.24424234035839232
19309,-0.19072399249087668
19310,0.3374874535764094
19311,-0.10957541806369969
19312,-0.25987314796156374
19313,-0.698051333568668
19314,-0.5591370875242471
19315,-0.9294626230326009
19316,-0.38502385477339773
19317,-0.018296070102221597
19318,0.6277265202323961
19319,-0.6027818797639746
19320,-0.7971980693255706
19321,-0.6881541174046344
19322,-0.07062371144148455
19323,-0.16422389245878613
19324,-0.05964407845419383
19325,-0.69499117817973
19326,-0.9045262400618899
19327,-0.5411443265032381
19328,0.052571391087482156
19329,-0.1597377767724042
19330,-0.01879989795414125
19331,0.26272529188344773
19332,-0.59900429878211
19333,-0.7368945133333545
19334,0.9446024993991698
19335,0.0036013083328838963
19336,-0.9087416375297078
19337,0.7679900378627916
19338,0.5630390163464036
19339,-0.09932376993749123
19340,0.3235240142805252
19341,-0.328934785717988
19342,0.6032179755377635
19343,-0.2358885950645178
19344,0.19862357740015144
19345,0.9327636433224554
19346,-0.1088005745315075
19347,0.6049897106921509
19348,-0.8146148569322345
19349,-0.5318918241451854
19350,-0.1427997562581837
19351,0.6128990450566685
19352,-0.4074192533695714
19353,-0.8593081834732285
19354,0.4448179688235231
19355,-0.7253193605070642
19356,-0.487676537443544
19357,0.6183079398056964
19358,-0.6915905974758997
19359,-0.47702771814124995
19360,0.36225266802871164
19361,0.6139800068918452
19362,-0.08038815376960959
19363,-0.21075959491522578
19364,-0.5133763627516018
19365,0.3237389723385554
19366,0.4328661927407432
19367,0.3637921027905048
19368,0.0795669767652002
19369,0.08786485371453757
19370,0.19796786193102778
19371,0.1344861312808993
19372,-0.7774115269646329
19373,-0.05596331128154982
19374,-0.21157240660645182
19375,-0.7063622482703023
19376,0.6918707028196864
19377,0.006916846737856491
19378,0.1640068026566381
19379,0.5080654763502581
19380,0.15010976091445155
19381,-0.47541669436139294
19382,-0.7324521493413079
19383,0.5004269977186379
19384,-0.10106682572235888
19385,-0.013966975601536476
19386,-0.6076974432926533
19387,0.017681627108266724
19388,0.512639012930084
19389,0.05941343025130413
19390,0.5431737695448193
19391,-0.6357503634603165
19392,0.6590497929125145
19393,0.7755463462726859
19394,-0.19106594222098583
19395,-0.19922506698550713
19396,-0.045391855381690584
19397,-0.1105483487645123
19398,0.5189923530782132
19399,0.3796543915809942
19400,-0.5676074830613835
19401,-0.2673904181154851
19402,0.9201735333436856
19403,-0.6103615064146134
19404,0.23042783596253977
19405,0.38538805364015316
19406,0.41313372249305624
19407,0.2564957051154087
19408,-0.30405986950730024
19409,-0.3818737145752537
19410,-0.9234556345091788
19411,0.07039363106482184
19412,-0.2313722979076116
19413,-0.6344014326348817
19414,-0.3491272996707611
19415,0.781946057151946
19416,0.17905042811025676
19417,-0.32511414059649957
19418,-0.7476289116662705
19419,-0.07392801902209148
19420,-0.19089739879702225
19421,-0.21010135455277945
19422,0.5199667307106394
19423,0.0759668320987217
19424,0.6738709032539214
19425,-0.4789528002802655
19426,0.6940444445961758
19427,0.7190572397552769
19428,0.008292766139409342
19429,-0.6018462338927144
19430,-0.21075211356665338
19431,-0.20802835537055253
19432,-0.7395213608832372
19433,0.380489799651547
19434,0.31930594192983863
19435,-0.9563895453103396
19436,-0.07185492560244562
19437,0.2272268008042461
19438,-0.2633895596749695
19439,0.11236553652804906
19440,-0.20008606015630961
19441,0.20125904351022778
19442,0.4476914183081878
19443,-0.7497030949036568
19444,-0.06564742229552539
19445,0.6218568337781774
19446,0.19909351694765626
19447,-0.7806952986511164
19448,0.5145243980751991
19449,0.7860493828430948
19450,-0.09998061941134366
19451,0.7688977274805749
19452,-0.10231699699167797
19453,0.3111867820129102
19454,-0.7021592180201373
19455,0.7272822619186695
19456,-0.9812467316817237
19457,-0.30937432963671607
19458,0.8563420928581117
19459,-0.3226367997412835
19460,0.7973619276697802
19461,0.8529727921196436
19462,-0.561663832867486
19463,-0.4041535848833747
19464,-0.2505374067748388
19465,0.49075778029032097
19466,0.4592798936315306
19467,-0.03597168090302484
19468,-0.1223634975199505
19469,0.12093903987275291
19470,-0.18612991920635075
19471,-0.5939700027678187
19472,-0.7890488130995503
19473,0.2782268381498623
19474,0.0940642728102227
19475,0.5073789955972672
19476,0.9661253239741835
19477,-0.5260811785532657
19478,0.30136560109503313
19479,-0.7179629423227154
19480,-0.058353141330248576
19481,0.2407413572289591
19482,0.6729138219615765
19483,0.8231808622943647
19484,-0.2372465299744154
19485,-0.11041837572511459
19486,0.23371555968583047
19487,-0.029303184094286738
19488,-0.5354305332828414
19489,-0.850641114360788
19490,0.6473951847595568
19491,0.46386478934801445
19492,-0.6383745976705802
19493,0.7202593588356262
19494,-0.6540983946314669
19495,0.7887943774499433
19496,0.675518844084036
19497,0.44810274380115783
19498,-0.2700985073446902
19499,0.08344404168811966
19500,0.5624363344791755
19501,-0.014006686776362454
19502,0.9523639375077978
19503,-0.3847666975663285
19504,0.746071059833479
19505,-0.5714431299571092
19506,-0.15866561716302885
19507,-0.8859388918368434
19508,-0.09458455149789102
19509,0.22295066132487246
19510,0.005745957100019068
19511,0.5009258250248045
19512,0.00898109135412098
19513,-0.28530093671951073
19514,-0.26436560569083545
19515,0.19852687249562728
19516,-0.2538728238847159
19517,-0.0514291739582326
19518,-0.06133560188926957
19519,-0.5912636055086675
19520,0.9229940445962441
19521,0.21298200400408254
19522,-0.05104233558622392
19523,-0.005858829011093603
19524,0.7555143561338059
19525,0.2636334961214398
19526,0.4734882380559801
19527,-0.549757384268402
19528,0.37379274574206367
19529,-0.37050103878532187
19530,-0.031691483124081175
19531,0.728478520794782
19532,0.49470581794302687
19533,-0.6352037756573413
19534,-0.5177869581075992
19535,-0.7188054628571837
19536,0.42848627025973895
19537,-0.6360405734616328
19538,0.25362668241094
19539,-0.08771220961690877
19540,0.8422009240429522
19541,0.7298986132788164
19542,-0.6419711175508006
19543,-0.7375808024359739
19544,0.18062457410178037
19545,0.7861136691999313
19546,0.010555241828745027
19547,0.8190302757539781
19548,-0.6032579795282148
19549,-0.8873939703850422
19550,0.6498912416274709
19551,-0.49036225408452255
19552,-0.605616288917573
19553,0.4248575936148922
19554,-0.02500103068161862
19555,-0.11444006976835394
19556,-0.9464715592962862
19557,-0.32723149880143265
19558,0.7419315754773341
19559,0.327413601012245
19560,-0.0013958896456293327
19561,0.2955177852550786
19562,0.052834595466883356
19563,0.6286406266036163
19564,-0.9222520882840302
19565,-0.9083130699904857
19566,-0.03962632126256236
19567,0.042690106258775014
19568,0.8493351341473805
19569,-0.2609576492911576
19570,-0.1934766937184368
19571,0.004312933197337774
19572,0.15801216932356457
19573,0.33179894947579536
19574,0.06456537150420731
19575,0.6180686603655288
19576,0.774819536736013
19577,-0.6657018502968786
19578,-0.18528758937059175
19579,0.012489103462434283
19580,0.21206467043293895
19581,-0.7211327535184693
19582,0.21864384758109565
19583,0.10745931303910083
19584,0.3365349366031058
19585,0.4645409948865119
19586,0.4660233313669308
19587,0.4330319448400334
19588,-0.23606510234875785
19589,-0.6548294594348518
19590,-0.11369801746522648
19591,0.35143580444772266
19592,0.9065768924342164
19593,-0.34776297181130617
19594,-0.0814725959233304
19595,0.13378347018934195
19596,-0.45727917095809173
19597,0.24288158615178632
19598,0.5095058758555968
19599,0.13436783845693082
19600,-0.6329144801793747
19601,-0.5045470955013
19602,-0.0019117338249507838
19603,-0.3017169828847341
19604,-0.1266187719214235
19605,-0.6115123997107372
19606,-0.8490418191144227
19607,0.8083634506219479
19608,0.5098278444152327
19609,0.06976330401681115
19610,-0.18337294962141745
19611,0.7866940242792605
19612,0.5635131235174916
19613,0.03230693556043334
19614,-0.8418511180072513
19615,0.8446248383708073
19616,0.12315934951392245
19617,0.35072979985076186
19618,0.0009086675449899173
19619,0.4085988026520131
19620,-0.14755575513479355
19621,-0.3571144623791141
19622,-0.44800899610316547
19623,0.24640110289915498
19624,-0.14152294424521522
19625,0.3229115284588798
19626,0.5887106182430445
19627,0.000604199853015631
19628,0.5750342042689144
19629,0.7932823288476751
19630,-0.28625795877736626
19631,0.3362156577708832
19632,-0.19898965498637342
19633,-0.3406136398190383
19634,-0.008634842910301846
19635,-0.7284816403955752
19636,0.2623499194095287
19637,0.3768558559954091
19638,-0.756042261919464
19639,-0.06341389304126856
19640,0.5365466004735671
19641,0.45978648371034336
19642,-0.25984455276410146
19643,-0.21770949350394242
19644,-0.3363842371236477
19645,0.6203626857341835
19646,-0.9343326300096123
19647,0.15051843346522373
19648,-0.502227361907587
19649,-0.004436005722809794
19650,0.08234948977730955
19651,-0.6545219581371076
19652,-0.3539071411770598
19653,-0.27212842225742817
19654,0.6719776606295967
19655,0.6982004624281418
19656,-0.40256105159118866
19657,0.2237006064424956
19658,0.37386548211497433
19659,-0.2748791994940955
19660,-0.21376778010868994
19661,0.8535223739952953
19662,0.5555127557795044
19663,-0.5082448722932864
19664,0.11613370487635763
19665,0.5574017415891488
19666,0.3057488807934193
19667,0.7642334380718921
19668,-0.26031977146830126
19669,0.5712827189731415
19670,-0.35167271241819925
19671,-0.4675448204530154
19672,0.9560680220631134
19673,-0.3442118905696661
19674,-0.010764222712363505
19675,-0.3316839467740481
19676,-0.2132217201980249
19677,0.9885042542596116
19678,-0.6951754970481901
19679,-0.05880469016612695
19680,-0.028036161997260237
19681,0.004832282354055382
19682,-0.1210798517435064
19683,0.40782918127109724
19684,-0.2900604493769964
19685,-0.6346408690829928
19686,0.021461931151093207
19687,-0.16900026998949155
19688,-0.3740571453984203
19689,0.6620442081233827
19690,0.4924803706270603
19691,0.5427936491099294
19692,-0.10097562500014262
19693,-0.7595305058053892
19694,0.1669662195561285
19695,-0.016988910924327034
19696,0.20072148291075473
19697,-0.41044189944791626
19698,0.6172502037411975
19699,-0.33990894107890707
19700,-0.3431509852338341
19701,-0.03233119834203235
19702,-0.23196083342027363
19703,0.6353423827939607
19704,-0.39887323097909794
19705,0.21936298009626545
19706,-0.7224953294667703
19707,0.3765091684606984
19708,0.19283181149195122
19709,0.19981155817848087
19710,-0.023716880996089647
19711,0.5046420987521097
19712,0.5491441476395698
19713,0.36056111949419284
19714,-0.18865383403950836
19715,0.3361797361273761
19716,0.6645531850018092
19717,0.39577412058064565
19718,-0.37082693381203824
19719,0.6143259574037709
19720,-0.592586893909035
19721,-0.3297148253570257
19722,0.4925661705284841
19723,0.20907795073770769
19724,-0.8517488272490645
19725,-0.12837838718895866
19726,0.5477006179665043
19727,-0.7407949237217702
19728,-0.2559486467923888
19729,0.3580335566473435
19730,-0.4340009118899507
19731,-0.549175887427383
19732,-0.29702027085697386
19733,0.06457384703904542
19734,-0.6542321685820514
19735,0.2511981526105364
19736,0.48128483465424376
19737,-0.042693347574968565
19738,-0.2472625941299162
19739,-0.6767132873661391
19740,-0.49494551067464926
19741,0.4793710392325384
19742,0.4069814654519727
19743,-0.06235159992146435
19744,0.4724898565600324
19745,-0.7562348437156143
19746,-0.9276217342143269
19747,-0.45852849715065036
19748,-0.9803021904957843
19749,-0.796506244439426
19750,0.28881678660444027
19751,0.27856244844897954
19752,0.3609909539397994
19753,0.31229024853175225
19754,0.9200586586084528
19755,0.606334160069755
19756,0.46439527443257966
19757,0.26018141737908523
19758,0.8055155754656301
19759,-0.564297831862275
19760,0.6050710824520005
19761,-0.92958314350302
19762,0.5552997941670564
19763,0.24577154694063183
19764,-0.09899194995099851
19765,-0.6418299491095346
19766,-0.039219012873166134
19767,-0.6488841550471828
19768,0.06397622426059367
19769,-0.4607684416493144
19770,-0.5753291619833455
19771,-0.2558945062136948
19772,0.01049105461430618
19773,-0.5980332168659002
19774,0.24215696956889743
19775,-0.09980981423962079
19776,0.88764860359415
19777,0.5136940211992955
19778,0.7136506427916779
19779,0.7198042963849514
19780,-0.037311910411327406
19781,-0.5392287276877249
19782,-0.15285866585627578
19783,-0.6859573238808119
19784,0.8536978668363241
19785,-0.22505628103259803
19786,0.6107889224958655
19787,-0.09770102786167482
19788,0.5823108900979308
19789,-0.04839039468348896
19790,0.08500307388217715
19791,0.5095560480691144
19792,-0.2752156528489849
19793,-0.007600027452312286
19794,0.4860133062768092
19795,0.22132235237026565
19796,-0.9297156805184102
19797,-0.1322310286572861
19798,0.26073415149339413
19799,0.8720967364802132
19800,0.5450605813405395
19801,0.010052499367089683
19802,-0.898443573902691
19803,0.6827876924667843
19804,-0.17474907549662877
19805,0.18728817273543832
19806,-0.6747819926175208
19807,-0.10364540180996905
19808,0.10403616852937003
19809,0.15825429279559303
19810,0.23445184592700297
19811,-0.3285784660699451
19812,-0.19176799116945056
19813,-0.09411604329168922
19814,0.010042372076447042
19815,0.6985625745481553
19816,-0.1305628782745999
19817,0.47326446231984753
19818,-0.7319752080180821
19819,0.16111939144394605
19820,-0.38029936524380775
19821,-0.268372383639915
19822,0.7576035314088202
19823,-0.7712825722477732
19824,-0.13701803568809803
19825,-0.18467892392823645
19826,-0.6213367821634477
19827,-0.4209451618330658
19828,0.27083171534746125
19829,0.2662442213260156
19830,-0.6332784558394947
19831,0.6274376932127667
19832,-0.3954260734379814
19833,0.4634906181179619
19834,0.37264030053193886
19835,-0.475951781612971
19836,0.4191279695532018
19837,0.8952918602378782
19838,0.5119985973686568
19839,0.7161266762581715
19840,-0.864189740440317
19841,0.005450821930728191
19842,-0.2467407750394979
19843,0.06762793344221359
19844,-0.5636972204048588
19845,0.37778513063636326
19846,-0.4556667049351
19847,0.731225344616003
19848,0.18556284570714282
19849,0.17180152458084386
19850,0.8050140566971689
19851,-0.21040987425911392
19852,-0.17824021353539277
19853,-0.9605003242292592
19854,0.48558797110578367
19855,0.09289418900143721
19856,-0.44561242023114134
19857,0.23921557885247471
19858,0.028192842520810266
19859,-0.8049176225777661
19860,-0.06681720024704914
19861,-0.6075275469338745
19862,-0.9474892391431506
19863,-0.164730138014476
19864,-0.37915927836887864
19865,-0.6197366614187463
19866,0.08792152411211779
19867,0.43565196375267223
19868,-0.43265421303717616
19869,0.08208407122449439
19870,-0.11449554523462786
19871,-0.3914639110389105
19872,-0.04178349449880089
19873,-0.5497131589969009
19874,0.6807127141270964
19875,-0.03931038376243721
19876,0.30990269724417263
19877,-0.38716790727706796
19878,-0.9702468185767319
19879,-0.7208080591682146
19880,-0.24019108583800147
19881,-0.3108963260981291
19882,-0.6633529269428365
19883,-0.4645845987139022
19884,0.1965284724933081
19885,-0.5918013612116991
19886,0.9182143228900563
19887,0.8887908096707196
19888,-0.7386938891251963
19889,0.5594859867151157
19890,0.2489902040448204
19891,-0.8561620549492228
19892,0.06844944055769164
19893,-0.33343243270615486
19894,0.19089764381208904
19895,0.0006816296992851093
19896,-0.16091872708584923
19897,0.2458851070087883
19898,0.28639263446524654
19899,-0.9297018411066896
19900,-0.10795195199072491
19901,-0.49217391582500924
19902,-0.8101907461168265
19903,-0.49408841797695735
19904,0.29479969320387434
19905,-0.3438006986493329
19906,0.4828190638622092
19907,0.46629598507181663
19908,0.3232132879585608
19909,0.5297248329761771
19910,0.557887526706962
19911,-0.4277825678137107
19912,-0.2074557354694984
19913,-0.4413786466514647
19914,-0.24963152344258535
19915,0.5747062389036086
19916,-0.6390080557168085
19917,0.1846079427702496
19918,-0.0356197984488703
19919,0.8525076234994916
19920,-0.11045293929923153
19921,0.06950480762394569
19922,-0.05576543608693642
19923,-0.3621127929349789
19924,-0.11489639825179383
19925,-0.09663537757244764
19926,-0.1966867981401625
19927,-0.2408680673008382
19928,0.044269101078637414
19929,0.4795526685057815
19930,0.32414373011881026
19931,0.30750000651225096
19932,0.31817431214986974
19933,-0.6423670680458997
19934,-0.588162592755739
19935,-0.5926458673851276
19936,0.621341357919446
19937,-0.4978827990729473
19938,0.7661453914483011
19939,0.92407162272032
19940,-0.3594377825327362
19941,0.18821855578722685
19942,0.15004509253019035
19943,0.19468490022348167
19944,0.09360398551976289
19945,0.3558849443361182
19946,0.44250803943803385
19947,0.36352854130565543
19948,-0.27447598047954336
19949,-0.7469363932371204
19950,0.666753563703895
19951,-0.6843921468272859
19952,0.17191883755643222
19953,0.9704082211539586
19954,-0.1750768737575689
19955,-0.4976809977646548
19956,0.29317925344391776
19957,-0.2615012969583815
19958,0.5216865078125298
19959,0.40842379713660404
19960,0.07138224643556028
19961,-0.5404976071528592
19962,0.01415692730670553
19963,-0.21148864225770092
19964,-0.4244083260560617
19965,-0.5271153793703423
19966,-0.627351638544327
19967,0.8254287079512237
19968,-0.5852839346218132
19969,0.24519269544350844
19970,0.6542892457345939
19971,-0.32370035855353474
19972,-0.7419000509434028
19973,-0.3628793871473802
19974,-0.15254747261456952
19975,-0.6409181546542188
19976,-0.07352883996676271
19977,-0.21286056625600047
19978,0.590576184577684
19979,0.4507651924407278
19980,-0.12403685644976971
19981,0.30989323805425517
19982,-0.5080301793042876
19983,-0.7984587971520128
19984,-0.7081107546678544
19985,-0.189328401423205
19986,0.27747312694063153
19987,0.17260900413304278
19988,0.25907882883582684
19989,0.10091444900205508
19990,-0.3013454023378267
19991,0.011992299943101296
19992,-0.5883491602831904
19993,0.23417264026025003
19994,-0.3064488756087196
19995,0.48432810972891005
19996,-0.8750542839549651
19997,0.6123984574437263
19998,0.7007469414751091
19999,-0.22124316608859712
20000,0.015379241145930053
