sample,scalar_trace
1,0.7925608784359978
2,0.4782861095571517
3,0.9049532364912951
4,0.24915596562504383
5,0.5396785241693126
6,-0.030484658115353464
7,0.11705008437962748
8,0.6905359939798721
9,0.13655473958028433
10,-0.7378423138071216
11,-0.9845535347373543
12,0.09348275923421685
13,0.9731943168813465
14,-0.3870713553799308
15,-0.12599596783718692
16,0.14144352424934525
17,0.6581155617570765
18,0.18661080613092187
19,0.8817167411388713
20,0.8339953810620387
21,0.870956259546809
22,0.2992118238093039
23,0.4432906069095764
24,0.2572521000683632
25,0.430353173456799
26,0.2881116120557782
27,0.7215823505625136
28,0.19788097001996555
29,0.6076247146730648
30,0.7143450034608206
31,0.11303485610756672
32,0.7386951362043348
33,-0.049984397283091966
34,0.2846584758435886
35,-0.39483815618613655
36,-0.3658352772324504
37,-0.6569512873029942
38,-0.3303257218844704
39,-0.6207319519617348
40,-0.41882805028706827
41,0.7726844223411402
42,0.8196704888878066
43,0.027066415500925606
44,0.11599394252012231
45,0.7152546424564433
46,0.7017564872899956
47,0.904936372650757
48,-0.3523162238568285
49,-0.6944380954352963
50,-0.20860948048078856
51,0.4224802875379755
52,0.7262946909086969
53,0.4504146816055869
54,0.44710487475971045
55,-0.24881519075563766
56,-0.17449783675299346
57,0.4769026587929751
58,0.24767928903140968
59,0.33756245460340345
60,0.47971061580576907
61,0.4104540472225367
62,0.601620558611278
63,-0.7180639527171788
64,-0.21253308913860497
65,0.21942584376863827
66,-0.5433452138346493
67,0.4623943889503238
68,0.5429186993042152
69,0.33336738899965523
70,0.6523899878814267
71,-0.5790601830157
72,0.71241888455668
73,-0.2890566080749136
74,0.7278468572043121
75,0.385134230366938
76,-0.052973153480785976
77,0.2647982669150873
78,-0.09114662587953017
79,-0.25718846605769397
80,-0.24387082067510754
81,0.46586511074939596
82,-0.4022754212910796
83,0.17169282635233574
84,0.257278747015208
85,0.9566623200879765
86,0.7295405066599193
87,0.5272436085705616
88,0.5839652663480609
89,-0.3913434305659372
90,0.7538776601192052
91,0.788161162232642
92,0.40354986326330217
93,-0.0845945014081423
94,0.6414702152073047
95,0.501246817460468
96,-0.47601559368939655
97,0.19155465365439017
98,0.4505345454223519
99,-0.5711000765321529
100,-0.41484916119256915
101,0.8032025815630532
102,-0.2242339928720727
103,0.7190278575829034
104,-0.10466965984858953
105,0.1392671269984731
106,-0.6597519219881023
107,0.8590914782033386
108,0.8313721719780618
109,0.7811389121947118
110,0.8834167603844864
111,0.09737480701353092
112,0.24415777537721478
113,-0.1648707743864516
114,-0.34473035541920366
115,0.06114267471485644
116,0.5071235855726702
117,0.20603012288363082
118,0.0981374952270371
119,-0.2148077576771544
120,0.44370500543457014
121,0.19722401210896665
122,0.7763728173053106
123,-0.811289243167375
124,0.7680991198645845
125,0.5734478820420157
126,0.37646824850093374
127,0.06519638580073024
128,0.060234252918428606
129,0.22235311464791047
130,0.5789384054778788
131,-0.8102406742064961
132,0.581508113948716
133,0.052546803506862805
134,-0.3816112669357436
135,0.751204998752569
136,0.3261604678410375
137,-0.03297950608802023
138,-0.001288935806998407
139,0.27869166139609874
140,0.7862336950866258
141,-0.5868633818394278
142,0.5857566956794873
143,0.47293788229045963
144,0.395174155362568
145,-0.1911449953163132
146,0.7301442505001761
147,0.7705443425547901
148,0.1984157320070855
149,0.19485747267126152
150,0.6291877999395161
151,0.8865396319076193
152,0.5084338114032625
153,-0.5564213471413434
154,0.5852991962233248
155,0.4147092372612198
156,0.502134307970283
157,0.06570779312549115
158,-0.6302934225318616
159,0.32032545406521234
160,0.9594923273631518
161,0.6186554041474794
162,0.12184749177565726
163,0.8430506787704689
164,0.08509448456820595
165,-0.7220927821082682
166,-0.49301025431475565
167,0.6407539762564898
168,0.4329806986724629
169,0.24922751197076107
170,0.8353631697017461
171,-0.20055030295587303
172,0.11923749646189222
173,0.08395095683638594
174,-0.2027841231971399
175,-0.35613339529417726
176,0.8159911649755885
177,0.5341382206107869
178,0.15583744707370387
179,0.5513649761396734
180,0.5503698314974956
181,-0.7318731903592417
182,0.8009340904405626
183,-0.07831972954134571
184,0.24497637169924327
185,0.2620530805198723
186,0.5964655146505031
187,0.6023879390002935
188,0.31597670584467047
189,0.6999893927474307
190,0.911147236311743
191,0.6095399278327839
192,0.5197233894971803
193,0.521575365606296
194,-0.5929175121350596
195,-0.7429630072997561
196,0.9742602283956616
197,-0.13281762454311755
198,0.3824251140526101
199,-0.13548887174494728
200,-0.7589607143043734
201,0.6668996769820478
202,-0.033993218439508345
203,0.6752355899487419
204,-0.22136342338110213
205,0.22839666783357115
206,0.5633513145312121
207,0.6388409328433389
208,-0.0741331709308439
209,-0.22831387358847213
210,-0.061908201516272986
211,-0.02568163804128535
212,-0.05314308689416331
213,-0.1998646204872879
214,-0.3154439017666975
215,0.6110689911971303
216,-0.11983386574965242
217,-0.5031213131735679
218,-0.16083674554213734
219,0.05306765497423575
220,0.8715330262935771
221,0.2105141786878972
222,0.8705978881343515
223,0.3914541527126072
224,0.20674095681194604
225,0.5076605421941731
226,-0.3658557087815756
227,-0.03540854282044697
228,0.6893893297213262
229,-0.10406565262508212
230,0.025596043403987065
231,0.10491128105206185
232,0.43801541010334494
233,0.12242131139443486
234,-0.3369382392445914
235,-0.1023161088037091
236,0.06697913231714102
237,0.29346306006809514
238,0.6866773208690408
239,0.6315150373362922
240,0.15695947085401826
241,-0.13201404042774137
242,-0.8622116004993098
243,-0.0321923671519132
244,-0.09236555963322939
245,0.16089152953762215
246,0.41345183883384656
247,-0.15643286032328277
248,0.742977082809176
249,-0.5987925241015554
250,-0.8598844369103388
251,-0.07195162431281003
252,0.763128046899348
253,-0.5857128996948722
254,-0.6966477327880184
255,-0.516086195192613
256,-0.6803335865314519
257,0.23429070628239168
258,-0.2179270663930509
259,-0.10716527696013622
260,-0.09324488105405719
261,0.9861325156796785
262,-0.1644533189990665
263,-0.6003936038281498
264,0.7909089369046336
265,-0.31389672363456844
266,0.5771413313462516
267,0.8746465493708704
268,0.6621582344291778
269,-0.33177326406927127
270,0.497915667485912
271,-0.02319756345810783
272,-0.3977978574691195
273,0.5773560984672484
274,0.6272239550464258
275,0.38908466569284234
276,0.4079992196891342
277,-0.005395580364215526
278,-0.2524122824361159
279,-0.18107332762175818
280,-0.4426968665774893
281,-0.11998725217044164
282,0.3654061848063602
283,-0.7182990812085643
284,0.6823787704683633
285,0.16814730930778582
286,0.5269541634854892
287,0.7365462859686993
288,0.3882920306918415
289,-0.8649570211174111
290,0.332129383537452
291,-0.6627967227082892
292,0.2894277469158887
293,0.9766986359711983
294,0.8074180273787619
295,-0.4148018772994647
296,0.4848271263649226
297,0.25986112694399144
298,0.9010280786509239
299,0.5839532267742651
300,-0.0408158775255843
301,-0.643058765087682
302,-0.5322963051189672
303,-0.07787621933344883
304,-0.17714269649931022
305,0.5665955642275908
306,-0.059670854971225595
307,0.20875210035172276
308,-0.6634560673822816
309,-0.34274702848082383
310,0.6768066669324284
311,-0.06464389927548032
312,-0.19980973729990947
313,-0.5311822458101623
314,0.1518204696993292
315,0.12652918674315014
316,0.5487594372623044
317,-0.02571827091329822
318,-0.27101002239529864
319,0.9679400369529011
320,-0.7018284807876833
321,-0.8507382643771826
322,0.4442968431478682
323,0.8756161950877487
324,0.4226161184496366
325,-0.07179333605931129
326,0.8979902378796523
327,-0.2912160440604905
328,0.29543082479233623
329,0.4618183152218244
330,0.12066424770179544
331,0.21177923728382692
332,-0.5525526567708324
333,0.19260092314290125
334,0.022824144802684392
335,0.35096268955283816
336,-0.3892965803884746
337,0.7807433408688038
338,-0.09274111760623427
339,-0.1583062354792489
340,0.03491371260810673
341,0.5849803098444948
342,-0.26420472101226616
343,0.8349682772375197
344,0.1428621270831106
345,0.7640024032369697
346,-0.006890664843103466
347,-0.9781633400228894
348,-0.5175763450638545
349,-0.12151007431142227
350,-0.7822286544773482
351,-0.17439371507175547
352,0.9204906682890619
353,0.222427942878564
354,0.14688389117374048
355,0.3069132083447533
356,0.3385122511597796
357,0.5112805450547321
358,-0.39775011764912094
359,-0.2585489386955314
360,-0.12787186333491396
361,0.5640813405447623
362,-0.031885191505472865
363,-0.8104469183968178
364,-0.7412186823606286
365,-0.9116381851307399
366,0.47631477318951015
367,-0.5311318012833888
368,0.06364006489568642
369,0.6145441195108768
370,-0.1516298639112874
371,0.16747178968083443
372,0.2232699706508997
373,0.10121880237598761
374,-0.40051175098068637
375,-0.003955914352873721
376,0.8542498715042937
377,0.39459213159933965
378,0.18909098326563772
379,-0.13234588955405197
380,-0.47423412590591224
381,0.19574383266646364
382,0.30059641545302096
383,-0.8176729324061738
384,0.22747878523342235
385,0.5774944841683294
386,-0.3952063397908705
387,0.2309196416174849
388,0.4973956026609691
389,0.2192734612202696
390,0.4983243278496054
391,-0.6143522350359775
392,0.40699411253195517
393,-0.8422929105906098
394,0.7297684738731756
395,0.463967446560771
396,0.3408432650820549
397,0.8296267201927097
398,-0.18443119181582415
399,0.40809756232402294
400,0.06840014305229292
401,0.30680544065973
402,-0.9825182766223491
403,0.3421604481729467
404,-0.18173005674759882
405,0.08643049176678154
406,0.10606542084072941
407,0.2809203732483885
408,-0.5832623012393003
409,-0.1560598544120693
410,0.5944007328385826
411,-0.7272471793827261
412,-0.4127671905160934
413,0.22118731247187923
414,-0.7510318327220049
415,-0.05103618991823253
416,-0.5340357374254313
417,0.4957369352533495
418,-0.7691734157929259
419,0.13482419924003378
420,0.8981624265625283
421,-0.09203459259779696
422,-0.4177921989694173
423,-0.005429548331224348
424,0.4205785427348807
425,-0.29899000291468697
426,0.32256421044257977
427,-0.6140559589327359
428,0.8003167817972149
429,0.6167223979249925
430,-0.0934438157456965
431,-0.7149818138128716
432,0.3500382490536153
433,-0.2697737822335839
434,0.2431961491592529
435,0.6897495887006729
436,0.6485930951665544
437,0.8570672496910096
438,0.4489046365129421
439,0.616125730325782
440,-0.4552725887738838
441,0.3914543298338713
442,0.594373474592265
443,0.6079165466679768
444,-0.4678842031482541
445,-0.2082894387101643
446,-0.8529217444503544
447,0.7044039861368938
448,-0.19281872372775696
449,0.5189723112310421
450,0.9108325265524512
451,-0.38828249521799973
452,-0.27230932939738506
453,-0.5442682561337606
454,0.8024633930509893
455,-0.0395023214036539
456,0.47417172083253345
457,-0.8855941386676633
458,-0.5392277480678487
459,-0.7147023834212837
460,0.9087213120410245
461,-0.2484970384297081
462,-0.8241252258476808
463,-0.5076276764780947
464,-0.34686578132804063
465,-0.5307858050678147
466,0.14743752821826553
467,0.3369668478939627
468,0.6011808641483136
469,0.51329171295238
470,-0.6490642508012617
471,0.35357144675194707
472,-0.038711048962987875
473,0.9350791346147915
474,-0.34465170390964023
475,0.18632506594376771
476,-0.4156924611571503
477,-0.3424442849333907
478,-0.4141454871455096
479,-0.11565669345256896
480,0.9688315767984395
481,0.28614733956652927
482,0.6587089715891972
483,-0.38760763818490557
484,0.49518442010300584
485,-0.5839665365981894
486,0.2287974374919019
487,0.8225685038001551
488,-0.7507755889860908
489,0.6879278755403501
490,-0.1536886672648771
491,0.132554086399069
492,0.33522221475581115
493,-0.4689721169354977
494,-0.5182560718646728
495,-0.6692008518684931
496,-0.004052312988723589
497,0.5862634517975458
498,0.4357153272143229
499,0.5846511834733987
500,0.13078092779926392
501,0.7130035647760936
502,0.35965959901041306
503,0.5030347267261428
504,-0.912073486432037
505,-0.590929473022117
506,0.23249293160818152
507,-0.2768917288465923
508,-0.21486854581272985
509,0.6743623506627671
510,0.05243368993714381
511,0.2108468606867615
512,0.8317097721629441
513,0.34149529882463403
514,0.4404070362822398
515,-0.7658519214918653
516,0.13639116435350776
517,0.6112819481922313
518,-0.21151783773897523
519,0.17403782662877007
520,0.35886223643992576
521,-0.280371271072302
522,0.5148202136848309
523,0.5612706485602682
524,-0.09852707306469234
525,-0.560906672655021
526,0.595986472412521
527,0.6311899685010036
528,-0.010856419152413872
529,0.5758990974715865
530,0.23300372835968514
531,0.014473393830093799
532,-0.824100341550796
533,0.2931426841483389
534,0.713195333063764
535,-0.5118555135030393
536,0.6007157925279443
537,-0.1803992830178693
538,0.30696765637417905
539,0.8238495251366025
540,0.5818590688667588
541,0.2921427667630045
542,0.9027334892555589
543,-0.10636145762725105
544,0.9121205008114938
545,0.049353319713246746
546,0.5678824544235612
547,0.23521629804740415
548,-0.12386978746546218
549,-0.7392797863124961
550,0.76100930766113
551,-0.14692569011809922
552,0.1326513021773807
553,0.42910383997322465
554,0.7600943702242954
555,-0.08428444843665185
556,0.7181940748747427
557,0.8159517500610666
558,0.4201083331799889
559,-0.12786399249615918
560,0.5008756937289295
561,0.2154685426113005
562,0.16063595335703099
563,0.46896750086038935
564,-0.21584378442714008
565,0.22309729097870193
566,0.6399463085446875
567,0.20873630587247516
568,0.26735281577851605
569,0.07137229355042515
570,0.06948263759737842
571,0.6094767580924976
572,0.1945480100340542
573,-0.18401350460446475
574,0.6581908044891073
575,-0.710907967002373
576,-0.028909389895331532
577,-0.20328110649606618
578,0.022329491048384845
579,0.8968772678498315
580,0.11801461850119936
581,0.4660697606651634
582,0.5732309585526387
583,-0.52953478446339
584,-0.14237302876851762
585,0.24329767224803636
586,-0.8953551876815081
587,-0.5177948214925332
588,0.3375509752076902
589,-0.3337665903023911
590,-0.6417375452491895
591,0.15993593062456896
592,0.3716933210518744
593,0.03346458089710907
594,0.3201358081217317
595,-0.7569456620350167
596,0.003525387595515556
597,0.6411966734338257
598,-0.896316742987715
599,-0.25167682946634573
600,0.4521780497525843
601,-0.37126072699981316
602,-0.08222867237244177
603,0.010785760903243345
604,-0.35106008445097037
605,0.4741088947259876
606,0.9178872364554773
607,0.8027174816933267
608,0.47328702203437617
609,0.6942021611418187
610,0.49322400710661707
611,0.6188337760662612
612,-0.5142778813636261
613,0.46040755541736855
614,0.35839822950966876
615,0.22250592879537948
616,0.4258039995960334
617,-0.09410205331308179
618,-0.1597876783329091
619,0.9222855030656527
620,0.2950594964591643
621,0.22764735453328938
622,0.5115703806453294
623,-0.2749477214266523
624,0.9536168386188175
625,0.14078822970565266
626,0.7126028259928535
627,0.19202033080866485
628,0.49017254889724
629,0.6686384345976819
630,0.8559097998302657
631,0.5853164484856216
632,-0.018735178829957268
633,0.3950470344029589
634,0.0810340185872956
635,0.35499833285142657
636,0.647676648281385
637,-0.34594067845588766
638,-0.2551155278458371
639,-0.35955649565321546
640,-0.3627045584643152
641,-0.3343399419882621
642,-0.10418314341463086
643,0.298571488154788
644,0.02589716333956282
645,0.7238399851866887
646,0.37822657631377166
647,0.7768147117832728
648,-0.016332248803915848
649,0.8050451015515173
650,0.21342652343559437
651,0.3194128807902917
652,0.5015436825850028
653,0.6163899666889892
654,0.8972208890383491
655,-0.5280536319131703
656,0.2190774293761021
657,-0.13567691804267878
658,-0.19399218175898725
659,0.7892777094477749
660,0.44459902696973724
661,0.5845241492142271
662,0.20633748991304934
663,0.23667356279996477
664,0.6943306357092143
665,-0.10937124690907338
666,0.28103010381604504
667,-0.8737108464189914
668,0.11289236661830199
669,-0.2763960914136137
670,0.539245174843893
671,0.6335988207991369
672,0.4396843124859279
673,0.4416947656940984
674,0.27244142429453816
675,-0.5211470019554303
676,0.7829396851440573
677,-0.2773527345913013
678,0.1891312937629891
679,-0.4964109037231649
680,0.3382705108351132
681,0.42439411585723935
682,0.04100191519135082
683,0.21407731592051646
684,0.1473260666799233
685,0.8384690964559541
686,0.8267526570456857
687,0.39765899120267084
688,0.7580363033824495
689,0.3124495003711465
690,0.453066127076287
691,-0.033878360244440166
692,0.6830116291940921
693,-0.5876162584844894
694,0.24439282183775976
695,0.7973431308084719
696,-0.5880283331542121
697,-0.17569720462114657
698,-0.20758298525953153
699,0.6134763230765299
700,0.16553160722233978
701,0.12251258355100707
702,0.38886653243033015
703,0.2077747849892417
704,0.7263232261756248
705,-0.6674893614071906
706,0.9027879803942176
707,-0.04440862623081241
708,0.1495598759612755
709,-0.5711066404009322
710,0.07571440610530572
711,-0.2855516574029835
712,-0.5100069036214916
713,-0.016498810715037567
714,-0.2698554816753571
715,0.8676355490579396
716,0.3823184060205266
717,-0.8867819923531712
718,-0.02676759883967802
719,0.556598326948438
720,0.8489838672622165
721,-0.7447656361241988
722,0.5556364586879751
723,0.030804808207493664
724,-0.7144338538223736
725,0.13763922818996024
726,0.058201755371341514
727,0.706407805834859
728,0.6463778323560281
729,0.622542378755431
730,0.8153370782043678
731,0.4952108287241706
732,-0.12942080995531485
733,0.40390862515712117
734,0.37670692427241054
735,0.31825420396779525
736,0.2514563325954332
737,0.3205306128150568
738,0.39616147716228
739,-0.777658295526051
740,-0.14723096168200106
741,0.8053580634584696
742,0.35111680830521186
743,0.45878434380252475
744,-0.5801887796457615
745,0.9384886873987921
746,-0.517013824915914
747,-0.1705855765101767
748,0.38819101455900745
749,-0.06782805148177987
750,-0.43647224533082774
751,0.6332371192140029
752,0.6154245755312093
753,-0.3323190880545766
754,0.5246403349043841
755,0.4270737767229703
756,0.30816971849938296
757,-0.01092628756028054
758,-0.0035010051501373598
759,0.5268638992923895
760,-0.14016848989416208
761,-0.12988635217743863
762,0.13655196844096915
763,-0.0005448462490108688
764,0.3490690693437755
765,-0.7454979229309676
766,0.03614307420009906
767,0.8023427580042936
768,0.06538696177158754
769,-0.4472816855718719
770,0.03817110959016288
771,-0.4661449085740137
772,-0.7695456528313537
773,0.4460522118478277
774,-0.20048200039449515
775,0.9588813709915414
776,0.6049843364635367
777,0.7538715246121152
778,0.3970969480363839
779,-0.13585152332238334
780,0.7002001517754639
781,-0.6629619036329554
782,-0.5480958457850227
783,0.7116561270326415
784,0.45163908235764516
785,0.8513289988736779
786,0.8706506139067417
787,-0.5326349508845489
788,-0.3111339596144181
789,-0.1411962461267386
790,-0.005356893216751803
791,-0.17981511261275024
792,0.2729616167735418
793,-0.9842358965705545
794,-0.8049522218738165
795,0.7882812865859894
796,0.39856975171425046
797,-0.22845915423711144
798,0.3004627862094084
799,0.45420971699356727
800,0.8192275813582163
801,-0.5528119708057078
802,-0.7218226013005565
803,0.6981621290232061
804,0.6819543697892638
805,0.8095205406985626
806,0.6045854975372896
807,0.8728533403215907
808,0.5296396754222104
809,0.18373372657226536
810,0.7372788080432298
811,-0.002528129439545064
812,-0.4036476901369597
813,0.949057684749185
814,-0.08046181672388548
815,-0.14072937288706328
816,0.6920234251688693
817,0.7229838931964234
818,0.34155211687959924
819,0.09618662070333937
820,0.20777379136264645
821,0.6401382732924411
822,0.43978608773470035
823,-0.00515396244489529
824,0.16415110197231414
825,-0.5433712362113053
826,0.8099325014482724
827,0.5238756542145256
828,-0.03524878466671621
829,0.015604175631050774
830,0.7414921666288324
831,-0.8988214323560498
832,-0.7215526841848311
833,-0.1449232075038612
834,0.6471453058347219
835,0.7015150532090355
836,0.8570361386109697
837,0.09864528475784178
838,-0.5976315740246121
839,-0.885556384106514
840,0.7171061245123513
841,0.8973284608729561
842,0.38652144212907436
843,0.7761327800628853
844,0.3559848877594344
845,0.16067517342255466
846,-0.008645590793958475
847,0.7679633387036704
848,-0.8945996290362929
849,-0.15027171985360455
850,-0.6241643150125366
851,-0.11387496486105095
852,0.9038701761000103
853,0.2070881553305109
854,-0.28420588968741883
855,0.00682499178595248
856,0.008104836179672035
857,0.5803051744539558
858,0.21495905600740842
859,-0.3631670099176962
860,0.4708775571566693
861,0.9463945518948487
862,0.2305661025371988
863,0.3857165338565244
864,-0.02893531555198699
865,0.5372230446170692
866,0.7612875820190989
867,0.3773739114819665
868,-0.8492357135925985
869,-0.9448215833701993
870,0.33745657211778507
871,0.25292192442913075
872,-0.05006307636243567
873,0.3989347770939281
874,0.1996764655345481
875,0.1413856721206827
876,-0.5840129601604069
877,0.6071508389264698
878,0.6629080629484161
879,0.5393243640590936
880,-0.2130315138427857
881,0.8058269082658647
882,0.3159292835627572
883,-0.3498215132262399
884,0.8068096796635872
885,0.45521012487628576
886,-0.4466686668351954
887,-0.241800275614784
888,0.651507264471215
889,-0.4954672724197176
890,-0.4658121261259938
891,0.6071221324631766
892,0.7864692712907847
893,-0.3115207959671912
894,-0.008801364495292572
895,0.008803784610079779
896,0.19033097488018585
897,0.12013062552527189
898,0.0871990157551784
899,-0.5708489262732419
900,0.7905152409472391
901,0.27566033648238714
902,0.8803386598247972
903,0.30476485204427733
904,0.2783738273666583
905,0.5299394572464916
906,-0.04269498517691675
907,-0.23415046637517298
908,-0.10599242948010029
909,-0.2552930633790766
910,0.3848800203313304
911,0.6808909967123058
912,-0.9688719902719759
913,-0.619411286562561
914,0.9143616788787908
915,0.6081409121364966
916,0.5192966288729216
917,0.1707570581936348
918,0.8020104377107955
919,-0.2325809663877069
920,0.6827321355185025
921,0.5222972669890261
922,0.11911899692030221
923,-0.32571743262484665
924,0.8021883557287054
925,0.7846015667841342
926,0.7470911831791495
927,0.12581993965230215
928,-0.011204396278211862
929,0.6947109797623586
930,-0.45959260327708623
931,0.7282761733684097
932,0.46591167774566616
933,-0.2798930987620423
934,0.12477305990543813
935,0.9367611816974298
936,0.910951420029852
937,-0.5536269447648521
938,-0.005496313052067402
939,-0.514767768812643
940,-0.07058454197874635
941,-0.46462789285478584
942,-0.5452065453629702
943,-0.7486375913499956
944,0.6590937949072889
945,-0.8853578403210414
946,-0.0658378697685782
947,0.411774217378927
948,-0.14109631434630038
949,-0.4921324890127331
950,0.6036782353936389
951,-0.34640419483887114
952,-0.015079202318530592
953,-0.5078117611803745
954,-0.5872171543658726
955,-0.24675361481806418
956,0.5380441480353174
957,-0.23038673799206955
958,0.02602546497569011
959,-0.209160054917156
960,0.5185144117134148
961,0.5066956729791713
962,0.2556994375102773
963,-0.5298728916254539
964,0.039079248434500474
965,0.02315169262060293
966,0.22498037179064817
967,0.7253027667532624
968,-0.3415861785051931
969,-0.7497329356097963
970,-0.22130457232691297
971,-0.9383446944713622
972,-0.12361607842905246
973,-0.6702169113591379
974,0.5811246508369101
975,0.36690161025533363
976,-0.789818163312724
977,-0.0160548878152511
978,0.7013060544789744
979,0.016340374506102814
980,0.161413933772787
981,-0.3734799420846942
982,-0.9078536564165139
983,0.08149042321761751
984,-0.02832818423522167
985,0.8828912009368437
986,0.7528703304624371
987,-0.44798594278414916
988,-0.5859064583579464
989,-0.4597692520011022
990,0.4664420034827481
991,0.24303857473591056
992,-0.21754789765342905
993,0.6866688991763903
994,0.8134511617493169
995,0.5184486875783041
996,0.7588052213989305
997,0.24878989843096053
998,-0.062465522123241995
999,0.7091885634552636
1000,-0.09995138812259494
1001,0.27228335845636925
1002,0.17306522157760193
1003,0.030815650658490415
1004,0.02279289158788273
1005,0.17975384871371122
1006,0.019409895096147885
1007,0.2053530057553413
1008,-0.2190351784940217
1009,0.21056900445415072
1010,0.1858904299458563
1011,-0.7728786131219322
1012,0.5815728793391304
1013,-0.034660758636033066
1014,0.10473417399058135
1015,0.4615931363999198
1016,-0.5745909563787978
1017,0.35629305570465414
1018,-0.9601734923833309
1019,-0.4125081312010924
1020,0.31958872161772434
1021,-0.19096433290990072
1022,0.37823061465827207
1023,0.8275951262691049
1024,0.12692604494573317
1025,0.44403826815793085
1026,0.24172075141784666
1027,-0.8580490636375357
1028,0.3164000477543693
1029,-0.10682233776764453
1030,0.22625182926760468
1031,0.7629686603248238
1032,0.6487024433553668
1033,0.46464416896047084
1034,0.2361236506848183
1035,-0.01391913090424842
1036,0.981727533428981
1037,0.6872233500787582
1038,-0.3710267792405694
1039,0.7537541290259058
1040,0.8997933702556941
1041,0.5190873729916311
1042,0.3769578262460301
1043,0.5209190507786259
1044,0.42372102308745935
1045,0.31659232289580486
1046,0.3169690061480306
1047,-0.05857719713536588
1048,0.12225231973425651
1049,0.010062775950736598
1050,-0.9111524592587102
1051,0.27605388768242817
1052,0.016893167263377043
1053,0.014611653307705941
1054,-0.1527275443912377
1055,0.2494780966966205
1056,-0.08064883997164325
1057,0.47871586446115
1058,0.6084737293069585
1059,-0.6050791162145289
1060,0.24254410721706246
1061,-0.9261140285049467
1062,0.5864667380636872
1063,-0.10427855807733985
1064,-0.660130409337048
1065,-0.14454718351899035
1066,0.5131931934904936
1067,0.6693203268176374
1068,0.8922851856186769
1069,0.688049832155058
1070,0.4269443997485386
1071,0.23859469479392947
1072,0.1667853570519518
1073,-0.3412042677285085
1074,0.15625913836088517
1075,0.8004105945716813
1076,0.33223257473240975
1077,-0.05033292017435316
1078,-0.9056830409774371
1079,0.7301140917001909
1080,-0.6849449042307557
1081,0.34421390184228146
1082,-0.1598048350427157
1083,-0.30211595951581893
1084,0.32454388281456387
1085,0.9824062464671203
1086,0.04754593787753948
1087,0.16343049657134878
1088,0.34478169157975225
1089,0.21726347556873402
1090,0.4432425225270927
1091,-0.19282677367955575
1092,-0.4169718202397308
1093,0.6522103716785255
1094,0.4301072256550077
1095,0.2685820473395411
1096,0.5919101352334863
1097,0.8382742896268673
1098,-0.2510770027604564
1099,-0.22640297132561465
1100,0.23757822943420984
1101,-0.7006176810342492
1102,0.034580516619256915
1103,-0.4834308358601949
1104,0.3650255936717305
1105,0.5015419778796743
1106,0.63677878042036
1107,0.4731990439059555
1108,-0.5026957415246233
1109,0.24186638676836136
1110,-0.7552586152551363
1111,0.20745081724358289
1112,0.2724942570715693
1113,0.6824062259662694
1114,0.47502157415509394
1115,-0.3451953015677361
1116,0.9507595950658058
1117,0.44361496790964355
1118,-0.28287609583659007
1119,-0.40127389585184436
1120,-0.041655340856363535
1121,-0.07760162578021015
1122,0.7634076268022185
1123,0.3914517448703942
1124,-0.46938721040418846
1125,0.4966964608105348
1126,-0.2104680873414783
1127,0.43147371585162014
1128,0.8311335432985046
1129,0.5598338201387464
1130,-0.39658300806098606
1131,0.9579497992632732
1132,-0.21011027249707095
1133,0.47980802547591705
1134,0.03892300840156375
1135,0.14210721368785434
1136,0.4882020933139524
1137,0.04063576424422844
1138,0.9325719133276466
1139,-0.5252898711769519
1140,0.38511403594484106
1141,-0.5517597177460968
1142,0.48583910869186436
1143,0.4463368069498883
1144,0.012922771671181119
1145,-0.8015737871158078
1146,0.45746706545171595
1147,-0.5916952971434093
1148,-0.5682298930368207
1149,0.9366862743171391
1150,-0.018941113970173208
1151,-0.7352395701419572
1152,-0.4220639668567222
1153,0.2897989620103495
1154,0.3045870745115402
1155,-0.8054114355013616
1156,-0.1598927033292135
1157,-0.39014332328424794
1158,0.437866635177983
1159,0.5976757512310001
1160,0.39417847874610984
1161,0.03515415936889691
1162,0.5841126160184443
1163,0.1051139842653781
1164,0.5918484351398773
1165,0.26138865181817694
1166,-0.06644557655806842
1167,-0.9362788095576934
1168,0.8319658101244837
1169,-0.496524044921235
1170,-0.17545989717199578
1171,-0.617156793071978
1172,0.6271101735473289
1173,0.45066843114793886
1174,-0.8562778627112435
1175,0.13771744691915971
1176,0.01798656909890675
1177,0.8545768210958704
1178,0.04086438401057891
1179,0.508992392632985
1180,0.17370218579717944
1181,-0.12286534407667545
1182,0.617267034882985
1183,-0.035034060059655245
1184,0.29749338510373197
1185,0.13289558261802634
1186,-0.5973215084490352
1187,0.6311257967598547
1188,0.10576947480630997
1189,0.4721025494463146
1190,0.4239982778543198
1191,0.17392397422107458
1192,-0.40128565845509806
1193,0.6306187305906364
1194,0.8812334512765706
1195,0.5993506318388445
1196,0.2926952243559208
1197,0.4710763222860218
1198,0.7155002783964196
1199,0.5565474238328288
1200,0.43156983386489506
1201,0.3198763978787496
1202,0.9488635756285858
1203,0.3988889085335889
1204,0.3585133298929702
1205,0.49498865512944035
1206,-0.013266424938647154
1207,-0.411603199293961
1208,0.3085883930724347
1209,0.12719508266162682
1210,-0.7877058951484418
1211,0.2189497196532495
1212,-0.05911150968788213
1213,0.27164477067960363
1214,-0.26915820104322613
1215,-0.2540464890225174
1216,-0.09714545265801072
1217,-0.042042617526872
1218,0.39495098249599436
1219,-0.7282024889576736
1220,-0.48309688086886937
1221,-0.2363263655635513
1222,0.2460058738787311
1223,0.35318469990676166
1224,-0.7213209458053955
1225,-0.753439350309296
1226,-0.7394890723376362
1227,0.7383650515619302
1228,-0.31515510586918816
1229,-0.16518858952664553
1230,0.2995618425312103
1231,0.19007898426167125
1232,0.7358095427506092
1233,-0.49642484078885796
1234,0.06401908033954448
1235,-0.31294659743629183
1236,0.5327889763368517
1237,0.5283951132517365
1238,0.34623167207238364
1239,0.6046779161293794
1240,0.44918877442245403
1241,-0.16064720737775187
1242,-0.2173434771168152
1243,0.005972242551007888
1244,0.6032253716914003
1245,-0.17831054287575251
1246,0.261365345455128
1247,0.27821809701128986
1248,0.2439480587783437
1249,0.5088131239866331
1250,0.0392045253908665
1251,-0.6578284670765128
1252,-0.4798617148423303
1253,-0.8352143293191606
1254,-0.32742957038557136
1255,0.40396963793651836
1256,-0.16580952738145957
1257,0.3247981534222389
1258,-0.2805652878633529
1259,-0.0790814532688737
1260,-0.5899134060670698
1261,0.03340062773243102
1262,-0.15366256703182177
1263,0.33750736560484573
1264,-0.10762859148660578
1265,0.3273821200756291
1266,0.3883871059345015
1267,-0.13567116617841612
1268,0.045383192465380126
1269,-0.1503683098537191
1270,0.612985650165446
1271,0.2548249533723044
1272,-0.27318076657469403
1273,-0.27165238670368735
1274,-0.23636909633188377
1275,-0.7624312884388711
1276,-0.1976149002058728
1277,0.796972893032283
1278,0.2748538664670594
1279,0.8121030420041954
1280,-0.30978877276425404
1281,0.5867464127817686
1282,-0.25811913709625034
1283,0.8501816919318139
1284,-0.5347285308764511
1285,-0.04025488243468305
1286,0.5910664333332383
1287,-0.3822776634018715
1288,-0.3773815727891521
1289,0.5089511822715462
1290,0.19477035829260295
1291,0.5566526306780784
1292,-0.35320179941953045
1293,0.8264646646928797
1294,0.16803810445190914
1295,0.4731095585165684
1296,-0.30641532573527724
1297,0.5043625247217605
1298,-0.8712651579611601
1299,0.7827721975317402
1300,0.9307228824811165
1301,0.17936393616066632
1302,0.8630655447044706
1303,0.4553298200468713
1304,0.35497072600626656
1305,0.3175199681030346
1306,0.24763517879863456
1307,-0.8165759525048126
1308,0.7518644766921239
1309,0.5474621610465458
1310,0.3408104515121741
1311,0.5108560144994763
1312,0.5236827532290379
1313,0.9037712427255549
1314,-0.9686701342133825
1315,0.6117466449212267
1316,0.3922398897823564
1317,0.4253226468388187
1318,-0.19104136920013248
1319,0.3215748414914294
1320,-0.4373812059967414
1321,-0.6767149317911575
1322,-0.20043050004175123
1323,0.3881525368700821
1324,-0.029282349250401782
1325,0.23329977434732213
1326,0.835828469794756
1327,-0.5007126087351191
1328,0.6305063582832667
1329,-0.2587566100497513
1330,-0.43870705907949775
1331,0.182048285378835
1332,0.16736944240714047
1333,-0.9434458804708598
1334,0.3441550959706093
1335,0.20838122515635218
1336,-0.21137043619220552
1337,0.21238442227648408
1338,-0.6501226097063357
1339,0.016936508146601668
1340,-0.11933328827575894
1341,-0.019468257542821162
1342,0.4844844086397965
1343,-0.5014149242893479
1344,0.6619421587653247
1345,0.3151135499565706
1346,-0.467435846137715
1347,-0.28913896694886126
1348,-0.8608574298916066
1349,0.7901779988317311
1350,-0.5194064517289343
1351,-0.5648315350429937
1352,0.6100430817432779
1353,-0.7111792255511025
1354,0.4382097545055631
1355,0.17487319593129688
1356,-0.28219739648007713
1357,-0.6639347044437393
1358,-0.030562300424536774
1359,0.14680808844005658
1360,0.17514381556155426
1361,0.1715247062381679
1362,-0.6317480355494202
1363,0.031803196906625454
1364,-0.2721932499884026
1365,0.5985264658879078
1366,-0.16865624786040137
1367,0.3785156877965517
1368,0.31833269055288316
1369,0.3632650765993431
1370,0.25931744400848294
1371,-0.6137027761574543
1372,0.7260471012726725
1373,-0.9187836072107806
1374,0.026511311619432525
1375,-0.20292199412822332
1376,0.20018081555986272
1377,0.09800211144059964
1378,0.4581370109688061
1379,0.2486613056452789
1380,0.6158940071328054
1381,0.9600025682749219
1382,0.4902239142206573
1383,0.1412515292168777
1384,0.8389714410040552
1385,-0.09020827015517184
1386,-0.08648808003140525
1387,0.005831266155827621
1388,0.6919018061617086
1389,0.45896889877514335
1390,0.13336517471484016
1391,0.053267526219719266
1392,0.1316460010258029
1393,0.5435950912871942
1394,-0.20420924558947462
1395,0.37546872270722187
1396,0.24039716082104842
1397,0.1735876844009452
1398,-0.06363352419322317
1399,-0.1885836602188353
1400,0.08350626925501646
1401,0.41837258292431817
1402,0.6232033842025311
1403,-0.535841832777326
1404,0.8681869178737585
1405,0.5862723210909823
1406,-0.5708154989349041
1407,-0.5737997000044517
1408,-0.9355534099909016
1409,0.02217948223850382
1410,-0.4189178475701057
1411,0.009001695474723301
1412,-0.05495064313899217
1413,-0.022835305294147824
1414,-0.9018336153033022
1415,0.4982018418357934
1416,0.3667887573097812
1417,-0.11251553415237728
1418,-0.510387804225536
1419,0.712569855655034
1420,0.8834610614674152
1421,0.4762140012949693
1422,0.5092000230274595
1423,-0.3716033444597984
1424,-0.14030613185729754
1425,-0.03756213363650582
1426,-0.24845783096911386
1427,-0.4832896588180691
1428,0.2824395419074914
1429,0.25231026548512686
1430,0.9379303461771865
1431,-0.8295949908466195
1432,-0.06457908640402395
1433,-0.7780979661525645
1434,0.1991068938688226
1435,0.2223082056871356
1436,0.014713009030948132
1437,0.7505481278815094
1438,-0.3541323084700497
1439,-0.81970025044609
1440,-0.3493155401962462
1441,-0.6443434355818451
1442,-0.2545023637564917
1443,-0.38261053191705646
1444,-0.3562692537123556
1445,-0.5327307989904515
1446,0.6322448914384807
1447,-0.6469805911284092
1448,-0.09443635488246982
1449,0.7226049568209876
1450,0.05658557384693657
1451,0.5802455682616965
1452,-0.1269246898786217
1453,0.817907680042368
1454,-0.8649357265162595
1455,0.29320098088653296
1456,0.48232026199680145
1457,-0.6387376789910788
1458,0.15066419340211012
1459,0.27108953815966863
1460,0.1921706885247567
1461,0.23453657133148922
1462,0.035421983153728166
1463,0.5065172128355248
1464,0.47603310826694606
1465,-0.571038199856492
1466,0.7369053642099739
1467,0.41733711662194295
1468,-0.29403242413839
1469,-0.0902791010471889
1470,0.26863898523927654
1471,-0.732549081813068
1472,-0.578534023321927
1473,0.04090788966212134
1474,-0.4047778493375356
1475,0.1471149131429964
1476,0.6602662846346911
1477,-0.2837033654715328
1478,-0.39969319148398047
1479,-0.6565605901974451
1480,0.758458064840199
1481,-0.5051009645357064
1482,-0.3637994898048738
1483,-0.02307910440096548
1484,0.9574658434990589
1485,0.12885191047724404
1486,0.7213558435077337
1487,0.42651691410675513
1488,-0.38810488182114683
1489,-0.5707343249102141
1490,0.05371425639721786
1491,0.45183388293867943
1492,0.7713034970449435
1493,-0.5041514294495538
1494,0.5587133292930597
1495,0.42862663505516585
1496,0.058417272064143724
1497,0.26940367898531314
1498,-0.2025598999884473
1499,0.20285412175035816
1500,0.11470125889183108
1501,-0.008738223877317578
1502,0.4587382814379759
1503,0.415676585477737
1504,-0.3258797939285591
1505,0.19874899436312804
1506,0.4202368787152943
1507,-0.8133434529658965
1508,0.6011212724711332
1509,0.17873431092503236
1510,0.8397147958300262
1511,-0.588687534418884
1512,0.015305607536737717
1513,0.7457409586021942
1514,-0.47735124453788136
1515,0.418806463162382
1516,0.280292261842106
1517,-0.12756232728272474
1518,0.43468663361260784
1519,-0.6720914616474886
1520,-0.03305615513209303
1521,-0.8290675224839756
1522,0.04834304854274399
1523,0.6980872906568915
1524,0.5515137118774751
1525,-0.24222272471979087
1526,-0.2731129448189177
1527,0.41398545125502545
1528,-0.49988056433601424
1529,0.0055028618555188515
1530,-0.46578511875360756
1531,0.32978720127928474
1532,0.8564342830038022
1533,-0.10965624690758512
1534,0.3269833419188324
1535,0.6632572806783869
1536,-0.46048492023113446
1537,0.175734623292369
1538,0.6389418678476781
1539,0.9030520618780143
1540,-0.6157902253973399
1541,0.34540093308177905
1542,0.5135206932932544
1543,-0.2685587298712908
1544,0.7996414384601632
1545,-0.8536049747177897
1546,0.33973060659672083
1547,0.26243871599551344
1548,-0.004170083123223811
1549,0.42645557962910574
1550,0.36615705648952646
1551,0.43377193462125363
1552,-0.18061386160219156
1553,0.3396473450253402
1554,0.9242587621351114
1555,-0.27023596132853345
1556,0.755882535759757
1557,0.20867740654103256
1558,0.5651347984946902
1559,-0.43483559127118865
1560,0.013202193362325051
1561,-0.03591034202145126
1562,0.36652298937012284
1563,-0.4877769060893531
1564,0.09212969224830132
1565,0.45184343078606365
1566,-0.8132580631010496
1567,0.5038054909990232
1568,0.03456437749803801
1569,-0.4623576176655665
1570,0.03599210444089978
1571,-0.12584011131152437
1572,0.34220577372644784
1573,-0.12898166624523166
1574,-0.07477036590810328
1575,0.46526953570253615
1576,0.6700065567435399
1577,0.718443107333021
1578,0.0879904219953418
1579,-0.6365716683412687
1580,0.12852093843934623
1581,0.06915917599167364
1582,-0.6403510851011605
1583,-0.4418466587453684
1584,0.7160172603407376
1585,0.5459401775205652
1586,0.05198344061446341
1587,0.868256919303442
1588,0.8202405367199909
1589,0.4248846718062263
1590,-0.23222498360843538
1591,0.4205227460073164
1592,-0.9819085347761659
1593,-0.01848945511746972
1594,0.6183065368395275
1595,0.6153425932489192
1596,-0.5444552344939682
1597,0.11005569126891775
1598,0.1725399120283841
1599,0.4971912381615004
1600,-0.6684721082139397
1601,0.8282377240937637
1602,-0.4160155069463292
1603,0.6415802605209802
1604,0.4349893427170407
1605,0.2573003183941016
1606,0.16078808107893516
1607,0.009280824562064952
1608,0.273027616022964
1609,0.7122721247920157
1610,0.802377129673915
1611,-0.592385531848532
1612,0.03597118917411912
1613,0.6965854171982698
1614,-0.44563033835625593
1615,-0.046212989159632206
1616,0.4784697201481235
1617,0.8381227915765523
1618,-0.614561534648033
1619,-0.6642817019175901
1620,-0.825671363920577
1621,0.15747989239718538
1622,-0.4988522672024288
1623,0.7334520391490438
1624,0.9285139361988187
1625,-0.08371918401148237
1626,0.47486104218155467
1627,0.39227510379346053
1628,0.24605562135349604
1629,0.45656493573117657
1630,0.3984352267070388
1631,0.12393617074096493
1632,-0.13872045978144976
1633,0.9005230792312364
1634,-0.07898764881464744
1635,-0.5167625548773279
1636,-0.3618757774781
1637,0.2643615930423616
1638,0.9008980880410468
1639,0.9244085797059781
1640,0.42646617244043555
1641,0.4793394353887194
1642,0.7728472975984041
1643,0.03556752071617375
1644,0.4094178243476478
1645,0.47612835271433196
1646,0.15219996720284484
1647,0.7964214911202749
1648,-0.5919643954994046
1649,0.34423710612791725
1650,0.42510009454396314
1651,-0.21818128833284742
1652,0.8306256988340543
1653,0.06814348024849264
1654,-0.3459561989170408
1655,-0.5002436724771763
1656,0.33972231678438697
1657,0.13503597896466696
1658,0.646571504415821
1659,0.5117984623182786
1660,0.3491568647662537
1661,0.2036456279173063
1662,-0.16471717253310658
1663,0.9656808607223075
1664,-0.17549059214156945
1665,-0.09595497962364033
1666,0.5135218204053318
1667,0.7575303789848286
1668,-0.753473229201172
1669,-0.49393216447199995
1670,0.39032163154106464
1671,0.4272744741799553
1672,0.5329729118127159
1673,-0.8297456163917948
1674,0.6763777284429873
1675,0.5230720388438312
1676,0.500420789957879
1677,-0.06328361936996839
1678,0.7942392916767965
1679,0.4340046218923505
1680,0.11636836983110999
1681,0.20141696712881582
1682,0.7823604391704478
1683,-0.5834211464868221
1684,0.08412508856089301
1685,-0.12596289163342486
1686,0.25477329543941285
1687,-0.3881828075474085
1688,0.6073325767501281
1689,0.3963876055897677
1690,0.7155714894042459
1691,-0.9939998875299536
1692,0.22468074827104828
1693,0.34842617620022864
1694,0.31233652829662145
1695,-0.8483698457789377
1696,0.45580078315713934
1697,-0.3436176278807218
1698,-0.14834755034411856
1699,0.4694007357627526
1700,-0.20363949744344076
1701,0.7535030752618079
1702,-0.2473625134930532
1703,0.6812271180111503
1704,0.43434138734744504
1705,-0.45539333397156384
1706,0.22109368797899318
1707,-0.8528684047254123
1708,0.5052094601551098
1709,0.11158219560853397
1710,-0.15673975730751324
1711,0.27760595254429626
1712,-0.2777146924037833
1713,-0.42470486742366254
1714,-0.12293315505589346
1715,-0.060251999849766945
1716,-0.0677594448061141
1717,0.10628724280078951
1718,0.34594254494141774
1719,0.7792110374559493
1720,-0.5675967842142183
1721,0.12547344821572462
1722,0.7362917283995849
1723,0.03352559558268477
1724,0.34599210991575463
1725,-0.07916822104126287
1726,-0.6191378955992933
1727,-0.9221180188622602
1728,-0.7072527316987025
1729,0.136928532927998
1730,0.7181049386820774
1731,-0.7002380517820967
1732,0.2140675206362543
1733,-0.04919725844429935
1734,-0.6778254712783525
1735,-0.6338303423303858
1736,-0.07912935196076494
1737,-0.010952698084242965
1738,0.5127775588544355
1739,0.35286836673429484
1740,0.009560686365884573
1741,0.35991064555266095
1742,0.3036372154560834
1743,-0.16538688807182328
1744,-0.2323155510839944
1745,-0.3094891318630655
1746,-0.05704031342176849
1747,-0.7026344475334199
1748,0.48461895212281675
1749,-0.5037930447487583
1750,0.32456676720088173
1751,-0.2542016580241527
1752,0.26920064950270084
1753,0.37371428235444243
1754,0.33371951448779597
1755,0.5782761675174015
1756,-0.2893148293594365
1757,0.7647368997400753
1758,0.19553903733223799
1759,0.36274990505609855
1760,-0.7190419339301979
1761,-0.19665674012608758
1762,-0.9454311100997459
1763,-0.019177281100356894
1764,0.4137909473555035
1765,-0.7668976760142359
1766,0.24028858220780605
1767,0.21610031022897017
1768,0.6037017513214251
1769,0.8563429923571825
1770,0.258170063134062
1771,-0.6833082594779896
1772,-0.3848015849378659
1773,-0.673393414070107
1774,0.5431550554207033
1775,-0.12033656302078714
1776,0.6057139894332153
1777,-0.3028923863644283
1778,0.8796403055813611
1779,-0.8459709315773025
1780,0.15115249330572822
1781,0.2631736115220655
1782,0.28965081585573327
1783,-0.5686496459257918
1784,-0.03880248246546329
1785,0.2835017522581065
1786,0.007970276423334382
1787,0.02172139189787531
1788,0.7332834191355815
1789,-0.5090618187731962
1790,-0.022123386210219684
1791,0.26577751401003025
1792,-0.7201936397325021
1793,0.2397197893224315
1794,-0.5931571341905325
1795,0.8059272050522482
1796,-0.9107136615691573
1797,-0.46244858224679225
1798,-0.022767103754675964
1799,0.05850913110289871
1800,-0.06807593930271642
1801,0.1868703551245021
1802,0.3529320772329616
1803,0.34359158261726014
1804,-0.602328759678409
1805,0.16906354252832348
1806,0.6295164968349387
1807,0.5656900887753453
1808,-0.585829714394852
1809,0.45853268441717604
1810,-0.276647443644682
1811,0.5798283829897826
1812,-0.38490364220659795
1813,-0.43146461386463236
1814,0.46467661567412066
1815,0.24245372785861086
1816,0.15721269540777363
1817,0.14569198090533977
1818,0.09204490907920776
1819,0.6683662202152448
1820,0.3460245972638097
1821,-0.14730417661784342
1822,0.9093144442316188
1823,0.7091919984438961
1824,-0.08930965848763561
1825,0.15409021201096973
1826,0.933460183788765
1827,0.1425031672378566
1828,-0.07404015120275045
1829,0.44220265008350873
1830,0.3078305276981929
1831,0.4062673373616937
1832,-0.3191828369140252
1833,0.8566072241769916
1834,-0.30602578610710085
1835,-0.422486276757974
1836,-0.14026403102264773
1837,0.46346828709916105
1838,0.48775622677729696
1839,-0.22455328176154704
1840,0.1741383767125784
1841,-0.40583146744576126
1842,0.6494279627446138
1843,0.9001142417420062
1844,0.37255128744337473
1845,0.9547033643360863
1846,-0.3194000396666592
1847,0.6592018371872458
1848,-0.9720773826294552
1849,-0.20774467933739604
1850,-0.07392851252573826
1851,0.11580229893558662
1852,0.7877660025398243
1853,0.1683142521848693
1854,-0.0054820398984523466
1855,-0.22322775885083754
1856,-0.11415805696374873
1857,-0.42887765242196185
1858,0.6040678207731563
1859,-0.2540674087190689
1860,0.6331177902314761
1861,0.5475093427956549
1862,-0.22158605535009937
1863,0.009086735278086884
1864,0.4979705554004864
1865,-0.4271588258624806
1866,0.9978301140355729
1867,0.8731700400734012
1868,-0.6256729205148428
1869,0.017185905010892153
1870,0.1223190939418877
1871,0.3866266067069138
1872,0.30017843469100136
1873,-0.16431794542853126
1874,0.9611964111009967
1875,-0.9173204371174549
1876,-0.13674513201244573
1877,0.7995879289012144
1878,-0.17790932725874486
1879,-0.014585527476567666
1880,-0.32810580880997586
1881,0.44587564700869126
1882,0.15047653918769358
1883,0.5484691114957216
1884,0.322126148165031
1885,0.705588573158425
1886,0.45060886760557095
1887,-0.16517483772055142
1888,-0.48823564518442386
1889,0.8418349960643104
1890,0.8130250233631271
1891,0.26422837741073346
1892,-0.4794026621461533
1893,0.5837299425809531
1894,0.754334244615781
1895,0.07178384484998912
1896,-0.16724419176524266
1897,0.21856961346356554
1898,0.6237161981380536
1899,-0.2793932616411881
1900,0.8074319126596204
1901,0.7859989783209408
1902,-0.9031210280783462
1903,0.18111704358879105
1904,0.21485025310729253
1905,0.8866139234963512
1906,0.8917531942867212
1907,0.8934171359706033
1908,-0.5104984656762234
1909,-0.22844790832625944
1910,-0.6468929539248657
1911,0.38796638621932816
1912,0.9412691246680784
1913,0.22021922290708537
1914,-0.16679672673757182
1915,0.30275758856258383
1916,-0.6315654052713815
1917,0.09439247294208422
1918,0.7182236740493042
1919,0.27468119743212366
1920,0.2145407597488678
1921,0.21265972926913015
1922,0.46596521181966966
1923,0.8166601019256831
1924,-0.03194151493429666
1925,0.7528477694919232
1926,0.6647992356829743
1927,0.5073470823331125
1928,-0.3421918008336555
1929,0.4374545525382904
1930,-0.08363880227242898
1931,-0.9362245321603684
1932,0.790570872665672
1933,0.6793033817245021
1934,0.2656733751766672
1935,0.06338667307213096
1936,0.704356499955411
1937,0.6093057367108426
1938,0.13130936313342056
1939,-0.07066427522322906
1940,0.18266325268422892
1941,-0.24003393509049792
1942,-0.9258472840212891
1943,-0.5169258257482002
1944,0.08621074399208593
1945,0.2650616953043775
1946,-0.09179173122326355
1947,-0.37196462348106907
1948,0.5003843102688477
1949,-0.11903230601403712
1950,0.8035327779596784
1951,0.44456573270229666
1952,0.8459891112265645
1953,0.06569156757448676
1954,-0.29047730714338227
1955,0.3818176115604008
1956,-0.12379309676573874
1957,-0.4047880500060796
1958,0.7854235485684818
1959,0.010740232369289941
1960,0.4766051865031154
1961,-0.2968367226795172
1962,-0.2537196033106018
1963,0.7335738448666976
1964,0.7650665051143763
1965,0.7507929592242419
1966,0.6023290710104705
1967,0.48320651123310565
1968,0.3230015685182565
1969,-0.4245698769255399
1970,-0.024275464511169468
1971,-0.7948405615925269
1972,-0.7234322073724418
1973,0.5535370799485019
1974,-0.5163484675276961
1975,-0.4827824340346562
1976,0.36618070675792835
1977,0.8376008057571975
1978,-0.6283980799463794
1979,-0.016092995333729872
1980,-0.2377635717869146
1981,0.49918019797605717
1982,-0.6206653702119075
1983,0.24898456665389512
1984,-0.3580464151467282
1985,-0.47452349623982915
1986,0.10649421468087125
1987,0.7070627478882778
1988,0.15930056364871756
1989,0.8590846912420762
1990,-0.5137551585779098
1991,-0.5112413780943377
1992,0.48636514384660195
1993,-0.1762043281980951
1994,0.5320765920314693
1995,0.2418490717180768
1996,-0.9684324219358513
1997,0.7866575435024434
1998,0.6887360276971508
1999,0.4616424856122132
2000,-0.5760193729850153
2001,-0.5539304792028785
2002,0.48133450760633695
2003,0.5717783268885124
2004,-0.8612610560343011
2005,-0.34231312313752976
2006,0.8388341284333733
2007,-0.48466715008227734
2008,0.32289164410019094
2009,-0.32001959518370465
2010,0.27124907940831683
2011,-0.7654537668364693
2012,0.6316509352091733
2013,0.46877570986561307
2014,-0.43655843289129587
2015,0.8800318719787392
2016,0.3272541482374547
2017,0.7369368696736283
2018,-0.1826310262051592
2019,0.8673607583901563
2020,0.9658175972766457
2021,0.24244828431736906
2022,0.6514286572324663
2023,0.4580316580823766
2024,0.6008944481827214
2025,-0.6721860472594223
2026,-0.5506409957447529
2027,-0.32392812804941956
2028,0.6988837106623892
2029,-0.24059406884656753
2030,-0.2702059327529769
2031,0.27341914647344756
2032,0.4923804615214888
2033,-0.11862960391926447
2034,-0.6139094103580482
2035,-0.4866723675128228
2036,0.8204931129146281
2037,-0.29325051294101084
2038,0.5358619970970145
2039,0.4053834007490798
2040,-0.19044904310780386
2041,0.6239014667513729
2042,-0.4450947236383436
2043,0.48415634355042997
2044,0.2377794476172463
2045,-0.9232553647404925
2046,-0.6123184496097658
2047,0.017724299745606794
2048,0.7490229564852349
2049,-0.6244320570080899
2050,-0.001125586601052336
2051,0.7447907463101917
2052,0.6369819642712219
2053,0.9588102447980429
2054,-0.7578635938067637
2055,0.4878905432418502
2056,-0.3891879356077035
2057,-0.3748684941201843
2058,0.10071608589174799
2059,0.36762170950789796
2060,0.9319235284982635
2061,0.4706112344888268
2062,-0.39769698829159783
2063,-0.09896544051504995
2064,0.0039843148086436695
2065,0.17411289284473483
2066,0.15271515692267124
2067,-0.1337593860099581
2068,-0.19650746369331287
2069,0.3979589263517206
2070,-0.07812671064738964
2071,-0.429436277992841
2072,-0.10700495690961853
2073,0.43545591084657037
2074,0.7187085772437117
2075,-0.13312188924786048
2076,0.5931650687407322
2077,-0.5202580101333353
2078,-0.14226486025209129
2079,0.8748724111271075
2080,0.5844929264912415
2081,0.2964889264115811
2082,0.09816057708907017
2083,0.5693926805621723
2084,0.026068786111836592
2085,-0.7750176894252063
2086,-0.5343328720550146
2087,0.1779007455071907
2088,0.2128369275759633
2089,0.06862723088051521
2090,-0.16578645656060056
2091,-0.547841716819702
2092,-0.9003624147932549
2093,-0.4337123646864764
2094,-0.7740292090172873
2095,0.3219158904779887
2096,0.4559373771979584
2097,-0.7435199929009187
2098,-0.15966857850926924
2099,0.18736532405372114
2100,0.3062607478221023
2101,-0.1681511262913833
2102,0.3715751384176967
2103,-0.3100986682876213
2104,-0.016268907909205647
2105,0.5469751687112239
2106,-0.006733485340517916
2107,-0.27487328821376994
2108,0.4700997019973823
2109,-0.9266510423141311
2110,-0.20936044549256996
2111,-0.9082594653491155
2112,-0.5671076564423811
2113,0.07673800470618404
2114,0.8439128390879848
2115,-0.5383269520560776
2116,-0.32173964086486495
2117,0.1802310648665581
2118,0.5025707998538943
2119,-0.06126064860158211
2120,0.06507654594181424
2121,0.7920806793893741
2122,0.26145882400179193
2123,0.006677754752387929
2124,0.7123252567296021
2125,-0.022552174692969402
2126,-0.8818104465800414
2127,0.3216954684018664
2128,-0.393644312388722
2129,-0.41182104980175815
2130,0.6781134437093734
2131,-0.5813068613806743
2132,-0.3333382018982439
2133,0.759028444791572
2134,-0.07076287118842643
2135,0.03420597662830138
2136,-0.524318957808738
2137,0.48914959916383716
2138,-0.6109720729570915
2139,0.6067854846196193
2140,0.2329140827822389
2141,0.9062966841960961
2142,-0.0024981280201297057
2143,0.44232954259795454
2144,0.05478910507931957
2145,0.2385354858411477
2146,0.8947728197371242
2147,-0.12454791666233946
2148,0.46071819360605804
2149,0.23705212457620414
2150,0.290138128543679
2151,0.1873294002328243
2152,0.00652758272318363
2153,-0.8387932089423631
2154,-0.2231251367404052
2155,-0.8722223783022673
2156,0.8767795873844783
2157,-0.422456800041599
2158,0.3460025842437308
2159,0.2671328276815363
2160,0.47026652463536434
2161,0.4433002179167127
2162,0.5950091902220559
2163,0.7479503982232342
2164,-0.6883118265953175
2165,-0.5231645979816781
2166,-0.2537853571900104
2167,0.00036249787036721865
2168,0.7821237385471084
2169,0.9753995123736313
2170,0.45751094216151544
2171,-0.41448161755717794
2172,0.8783886923034753
2173,0.26253917042661257
2174,-0.45421328276500234
2175,-0.929948011719076
2176,-0.29203343162142653
2177,-0.6144572231163393
2178,0.8306704289674244
2179,0.1818105246465858
2180,-0.6559005736154073
2181,-0.12352426411810537
2182,-0.14069164517664587
2183,0.7265727916677067
2184,0.27623004607180496
2185,0.29447202697829766
2186,0.5920984436196828
2187,0.5816884832520673
2188,0.5426395955021809
2189,0.2659717011595584
2190,0.5316039981170003
2191,0.9028941552634745
2192,-0.44221024572344
2193,0.3315679810826686
2194,0.2563032011073131
2195,-0.5829999553963937
2196,0.13702429265128577
2197,0.8398712206294718
2198,-0.0657502283991612
2199,0.5787371827783861
2200,-0.5324378277181335
2201,0.2887024438888942
2202,0.09362839931290562
2203,0.48467926812147566
2204,-0.6369960899532874
2205,-0.4375416309974989
2206,0.13161701031951178
2207,0.7870628467156663
2208,0.3316222101807462
2209,-0.1858442409330888
2210,-0.694628016643631
2211,0.29401672589347644
2212,0.4615403465051698
2213,0.8168434726357725
2214,0.4690527080852
2215,-0.3922945166331238
2216,-0.76392320834452
2217,-0.19024565506007907
2218,0.5384991478717225
2219,0.39317699456902705
2220,0.21778691469719763
2221,0.5217418749300241
2222,0.13234871964977535
2223,0.7130159892628528
2224,0.2019801159173946
2225,-0.6380559846239398
2226,0.7804868627393658
2227,0.5221206617359893
2228,-0.2092852587376567
2229,0.7663880708010241
2230,0.8337327658657873
2231,-0.6980727267906897
2232,0.8914052349203553
2233,0.5643267766230196
2234,0.2864897781807585
2235,0.31811141350503813
2236,-0.2930514156582796
2237,0.7329458209322192
2238,0.11338973436195363
2239,-0.677864768198598
2240,0.2031593496864451
2241,0.3974886129302089
2242,0.19794301767550346
2243,-0.364198538966077
2244,0.7654826892213057
2245,0.6669278414637754
2246,0.950121952197081
2247,0.3123979787697664
2248,-0.7538206968426991
2249,0.05928011933499062
2250,0.6462525617054338
2251,-0.47886162583471725
2252,-0.384438923988077
2253,0.34084675021175825
2254,0.5106389219361911
2255,-0.6318422184767457
2256,-0.13524540260547943
2257,-0.7503798685735545
2258,-0.7125794363745739
2259,-0.6326818653346233
2260,0.6805892678678893
2261,0.5006279040806539
2262,-0.4528784495396163
2263,0.7359932249889373
2264,0.07322288887847643
2265,0.7250230145432522
2266,-0.8705316233598778
2267,-0.20578446406037584
2268,-0.4918901846818549
2269,0.9662521110749058
2270,0.7005411941656047
2271,-0.6574611285906555
2272,0.29968648506680534
2273,0.47755667025002385
2274,0.02229155122988618
2275,0.5709380374137986
2276,-0.685342393022537
2277,-0.7546057076613731
2278,0.7463514850441408
2279,-0.3817789659933634
2280,-0.1373825644705093
2281,-0.7512306255801063
2282,0.7683765960131209
2283,0.6631329585947959
2284,-0.4913235840179235
2285,0.5587021133320192
2286,-0.24388186144222798
2287,0.100230852414862
2288,-0.03827869518297537
2289,-0.05208363465839336
2290,-0.5840140874300114
2291,-0.05402421361858541
2292,-0.3347990310165282
2293,0.1958823793324487
2294,0.012842503327490495
2295,-0.259992930137437
2296,-0.14306596020553589
2297,0.5329088569659254
2298,0.6712310622765568
2299,-0.17810784355449438
2300,0.3687101116612797
2301,0.21860885532492716
2302,-0.5545756339561965
2303,0.45840530189308587
2304,0.14218626927827396
2305,0.5269026031215988
2306,0.007023817902770847
2307,-0.040017561181088596
2308,-0.7441804933105584
2309,0.43419914887101985
2310,0.3329464889346778
2311,0.04705243540998899
2312,-0.19272017100186947
2313,0.7174936933837527
2314,0.6687094596316594
2315,-0.0445890880290537
2316,0.6056858500176162
2317,-0.20416585550549668
2318,0.14578775230552343
2319,-0.9090870489928741
2320,0.1726923697892602
2321,0.6774861607129115
2322,-0.6181806238481065
2323,0.22555602427879198
2324,0.17128956530814277
2325,0.8693950224550162
2326,0.5766923598666363
2327,0.9344896535250551
2328,-0.0858526756682745
2329,0.3212205131241869
2330,0.7086326151370069
2331,-0.2643604062301644
2332,0.5768406767494333
2333,0.28480225779773144
2334,-0.9421953452255972
2335,-0.0976525863224599
2336,-0.3586554400489643
2337,-0.23337112096057464
2338,0.3663601009540294
2339,0.6500142156922897
2340,0.3371049460308944
2341,0.021860738352246896
2342,0.6213213416599823
2343,0.07695036119530951
2344,-0.634031597891308
2345,0.3635266137985239
2346,0.1882524168059533
2347,-0.18668393548396728
2348,0.13275219428571475
2349,0.030045234308285724
2350,-0.6990390317666483
2351,0.017050789082304736
2352,0.08464623128187622
2353,0.6774519130909807
2354,-0.2819048728500367
2355,-0.46232710972358
2356,0.10801253499816643
2357,-0.3094053382573766
2358,-0.29021060566656454
2359,0.3820531005534881
2360,-0.26471060057506546
2361,0.009274582114095528
2362,0.5780327053724496
2363,0.7120157605782932
2364,-0.7401312423426644
2365,0.21412950301241454
2366,0.12100588346105486
2367,0.47325220160798764
2368,-0.7889696891829079
2369,0.3079089425979648
2370,0.9058910410684804
2371,0.870521592367968
2372,0.5373541090025299
2373,0.08463063116577951
2374,0.12790895477233097
2375,-0.4720732918265206
2376,-0.02452732657554873
2377,-0.15277967235991344
2378,-0.2271022753741957
2379,0.6577838640008926
2380,-0.02648167015522974
2381,-0.12043416459422668
2382,0.6894759640156871
2383,0.31186517813079034
2384,-0.07531834700611266
2385,-0.6454024326631637
2386,-0.7728840807871259
2387,0.1525510912527865
2388,-0.5175016017228311
2389,0.7518883572389851
2390,0.27027004482363776
2391,0.4018006175450233
2392,-0.7895619233378867
2393,0.578679160282936
2394,0.7430948654553273
2395,0.23978914997727424
2396,0.2875833197069031
2397,0.8898492527919029
2398,0.8965780672415724
2399,-0.4411423410773554
2400,0.1682328434244956
2401,0.03441520348555817
2402,0.7319477590075216
2403,0.5411648059991095
2404,-0.6854210749391502
2405,0.17380061964613505
2406,-0.5589431731706425
2407,0.02910724006390054
2408,-0.0825339078078606
2409,-0.14142897467867563
2410,-0.200993594106109
2411,-0.33825361255221037
2412,0.04151431126766473
2413,0.7786130279265104
2414,0.1742779264296433
2415,-0.3207629800984452
2416,-0.25234746949119047
2417,0.46716607082658523
2418,0.8140758464067147
2419,0.5802443637561806
2420,-0.6385567195720596
2421,-0.4939211600152041
2422,-0.0909102049119131
2423,0.2215885352169919
2424,0.06770722442019737
2425,0.621754950133711
2426,0.2393912887027403
2427,0.8175955445294829
2428,-0.054131957431895646
2429,0.302841359366689
2430,0.6214920841019677
2431,-0.42605847253625057
2432,0.3961463839909806
2433,0.3179514787415829
2434,-0.6303804481054883
2435,-0.8706348768115615
2436,-0.014411982662407723
2437,0.38478429316555307
2438,-0.03427138244949984
2439,-0.3978607260225827
2440,0.2572147095606195
2441,-0.4382372935123735
2442,-0.48821279290155467
2443,-0.532789994711158
2444,0.9740695882101384
2445,-0.03190536775804758
2446,0.7970608115504236
2447,0.03139916015012049
2448,0.4461071332149823
2449,0.3544017714755744
2450,0.06364731142281448
2451,0.20664525790014013
2452,0.4330444303008149
2453,-0.06625499096098855
2454,0.162717766747343
2455,0.33045353397655386
2456,0.6664244527694756
2457,-0.04307680145176494
2458,0.5974270758357944
2459,-0.683236437062942
2460,-0.3409580652789208
2461,0.5962742004218607
2462,0.1589986626619126
2463,-0.13133471273968586
2464,0.12393350430572721
2465,0.6274005443064141
2466,0.8143626138853565
2467,0.7927849136450892
2468,0.42567623055329734
2469,0.85384985268961
2470,0.22680802129809186
2471,0.027953825812758785
2472,0.9527316286137258
2473,0.46354073524804096
2474,-0.4535191267322815
2475,0.7559697013442549
2476,0.5608052558376246
2477,-0.08540928719253181
2478,0.20990150911281544
2479,0.6584591884428659
2480,-0.3696938107757781
2481,0.6916536289220342
2482,0.40242620497101633
2483,0.44104670663835716
2484,-0.39428648066034744
2485,-0.9358911702543392
2486,0.05070206720758965
2487,0.46684144414769285
2488,0.14677631508159295
2489,-0.28060882545197513
2490,-0.970787867713614
2491,-0.40025186582327804
2492,-0.45345605961684826
2493,-0.7463169490045425
2494,0.851194924544283
2495,0.0029879754388248453
2496,0.801599920702094
2497,0.41850054427912853
2498,-0.10639807218106609
2499,-0.017251022761838496
2500,0.34705944665555216
2501,0.003395181928938157
2502,0.14156196861346074
2503,0.38283631500795734
2504,0.7042050584839751
2505,-0.24225510590553956
2506,0.454570620604083
2507,-0.5108218576564174
2508,-0.5830413729817695
2509,0.2538092899084277
2510,-0.6870339408834216
2511,-0.18048446416676384
2512,0.4118132013290937
2513,-0.18692786387982702
2514,0.141296926801478
2515,0.8347695968404198
2516,-0.736052730769073
2517,0.9102612142956145
2518,0.10007963881357895
2519,-0.7775179420645785
2520,0.10069918976356435
2521,-0.21769131025679112
2522,0.21245637418990634
2523,-0.34117203926036077
2524,-0.05874702692051695
2525,0.2977065500172995
2526,-0.6031313767434651
2527,-0.12214746296727097
2528,0.31701371157191566
2529,-0.8457706560755577
2530,0.36932698837504174
2531,-0.08540160746772944
2532,-0.4652426420501359
2533,0.03545377472608939
2534,0.5192650405841738
2535,0.3852711615547178
2536,-0.0898563882952302
2537,0.15241757942532397
2538,0.4347222767429243
2539,0.597640730952483
2540,0.7823000252243262
2541,0.4690562782815896
2542,-0.498750763124394
2543,0.00016302391456938346
2544,0.5449778627310081
2545,0.4052484377953816
2546,-0.1148235156343213
2547,-0.05657821064562286
2548,-0.16041992156573773
2549,-0.42362888442913216
2550,-0.6316514305847567
2551,-0.5162402078562325
2552,0.10258677155589799
2553,-0.044148309316913915
2554,0.7737329761797512
2555,-0.35844401358443667
2556,-0.042238848965543765
2557,0.40293308630371266
2558,-0.19972739578927162
2559,0.5747582981996876
2560,0.8932070635399479
2561,-0.2996092680143795
2562,0.4440870721109447
2563,0.8910811204056723
2564,0.4445672369239056
2565,-0.3775988684992314
2566,0.9246286091716115
2567,-0.3215910014403799
2568,0.7913410888434279
2569,0.7805059078879126
2570,0.6229877955357943
2571,-0.09737431561874073
2572,0.009596750652862689
2573,0.8569447006378955
2574,-0.10084790216694978
2575,0.41034121098807835
2576,0.43022232985872505
2577,0.5180160043373558
2578,0.666472491410107
2579,0.8631543599780888
2580,-0.33910025002904004
2581,-0.03027862341617615
2582,0.3448702007365353
2583,-0.042993881021121554
2584,0.3152953527359102
2585,-0.36013625201757515
2586,0.1024363778744163
2587,-0.1787123660894036
2588,0.9035068158354691
2589,-0.8158935730302698
2590,0.5542258503188024
2591,0.46216399414328013
2592,0.16005222613307207
2593,0.5354302992733412
2594,-0.0077404157288931685
2595,0.17048964294639754
2596,0.6282371845388505
2597,0.4442968162794088
2598,0.5423024752066994
2599,0.8172250748621829
2600,-0.8206012320214429
2601,0.22666959399954698
2602,0.4580624740040833
2603,0.9211639353736565
2604,0.9185437153433869
2605,0.18220954268342301
2606,0.4190783469823713
2607,0.5430121091785067
2608,0.8885365494225749
2609,0.8966097576283326
2610,-0.11513421482865233
2611,0.03409156762458055
2612,0.885269995061081
2613,-0.9110374738309301
2614,-0.37531901879659274
2615,0.960609257322273
2616,0.8715001724699689
2617,-0.3986244029142025
2618,0.20437925732472195
2619,-0.7012217740375192
2620,0.20848357998856798
2621,0.033512382917472536
2622,0.7238220409865436
2623,-0.0784959011778926
2624,0.6365518387562679
2625,0.8280088857928769
2626,0.3005493300859241
2627,0.2526185868954891
2628,0.723679535068035
2629,-0.11734098876284423
2630,0.03356154543313289
2631,0.6730540502626075
2632,0.14931217376415995
2633,0.5279475959540092
2634,0.16996356889500985
2635,-0.32273351211311124
2636,0.29022787088046165
2637,0.7410718755257466
2638,0.044021162357800195
2639,-0.09243533740162695
2640,-0.03371787581751983
2641,-0.611728535567261
2642,0.678571934094115
2643,-0.13199345984291383
2644,-0.06582386598157226
2645,-0.6837636765820327
2646,0.7011346445983615
2647,0.8220066107838934
2648,-0.7956273772411738
2649,0.8169147856886142
2650,0.4621839490537991
2651,-0.5066779304177522
2652,0.2595209657754428
2653,-0.03870865199804058
2654,0.10166226294406928
2655,0.35555202895145055
2656,0.17241421880297234
2657,0.3306641679087645
2658,-0.5799511687256584
2659,0.5642959430994182
2660,-0.19564247035096266
2661,0.36385165445623935
2662,-0.28751322088921866
2663,0.4767070508360773
2664,-0.37372478666978304
2665,-0.1906500391936027
2666,-0.4794710895882822
2667,0.6245723322112873
2668,-0.16815838230822255
2669,0.10796732768684149
2670,0.5474319040853074
2671,0.28560479459561133
2672,-0.02285521727364231
2673,0.22598152919080466
2674,0.3119981254800911
2675,-0.15522045362247575
2676,-0.41853406206664195
2677,0.5580651217149871
2678,-0.3461820589892065
2679,0.0021114768095999424
2680,0.8709215696700464
2681,0.39925270891132486
2682,0.0394133518124516
2683,0.14044368891952266
2684,-0.11225393313378107
2685,0.11300452720492644
2686,0.7412515162695779
2687,0.46913992118468734
2688,-0.8062972953281206
2689,0.28305081978723495
2690,0.8196471283811679
2691,0.8545300264768503
2692,0.303583650045904
2693,-0.3019200739176007
2694,-0.24088587876356746
2695,0.40875363910052953
2696,-0.72858705630016
2697,-0.2291234316037947
2698,0.2141327686337027
2699,0.7921377863288888
2700,0.023743900751719622
2701,0.7173704644146993
2702,0.042616976209876506
2703,0.03412409208109215
2704,0.6766932284504461
2705,0.3096274920474124
2706,-0.7445221808748392
2707,0.6729313455050703
2708,0.8355341184415789
2709,0.21382035995725174
2710,-0.6231488072259053
2711,0.7387052844824036
2712,-0.5786881525820482
2713,0.1333775158212563
2714,0.25730365691265594
2715,0.27541306944206023
2716,-0.4267083087963758
2717,0.7925316662886773
2718,0.46726903086725713
2719,0.29379175449292977
2720,-0.33128397266398757
2721,0.6049830035058489
2722,-0.4278416147315676
2723,-0.5288076459444913
2724,-0.759432399080969
2725,-0.5527977894658074
2726,-0.9463647393570245
2727,-0.6321119577912772
2728,0.6265277902641843
2729,0.3526323782101463
2730,0.5826486083511071
2731,0.5771473521864269
2732,0.017256553355235658
2733,0.841607905746073
2734,-0.12998417186248093
2735,-0.06703776076326459
2736,0.13017467081938833
2737,0.7362445011395797
2738,0.4310555109023675
2739,-0.02953827766588726
2740,0.4094265041017395
2741,0.45344492647775747
2742,-0.5206456784591981
2743,0.22075031473892512
2744,-0.16857688018418118
2745,0.6362826737810208
2746,0.848794227646602
2747,0.5643469317711594
2748,0.1711038008605764
2749,0.0010337325809581552
2750,0.8450223800453244
2751,0.4052438024821536
2752,-0.06578673280203565
2753,-0.04865981246994612
2754,0.5883713126697944
2755,-0.14161290905032786
2756,0.529935713447677
2757,-0.2855577194754329
2758,0.06061991954474892
2759,0.3804089747704796
2760,0.9566765038960469
2761,-0.11972480517312183
2762,0.09082946265238448
2763,-0.8683491453006955
2764,-0.6072022876969663
2765,0.5692136262183031
2766,0.04231735786896317
2767,-0.017241138306156124
2768,-0.2655096581379178
2769,-0.15857557122724114
2770,-0.2730611387065375
2771,-0.09799184208060427
2772,-0.6299986800371264
2773,0.7579291208959869
2774,0.3585515685408859
2775,0.24723899120508216
2776,0.1753812918394894
2777,0.5271385798157555
2778,0.6153114675588702
2779,0.5336546203145005
2780,0.048775385020967954
2781,-0.4238642709560323
2782,0.4676889471222279
2783,0.12431090970864916
2784,-0.45079677827313286
2785,-0.20601884626799588
2786,0.7617808104532814
2787,0.17604307955957768
2788,0.011802389685245883
2789,0.6353791282374383
2790,-0.3523860445385084
2791,0.38388190686016793
2792,0.7126532645533649
2793,-0.09970223787897632
2794,0.6198895264082814
2795,-0.5792351413831548
2796,-0.6855506949951
2797,0.1174821130209667
2798,0.8801366525587593
2799,-0.2742377740913109
2800,-0.6200306959807461
2801,-0.5157349771849592
2802,0.5025956372114884
2803,0.47246216792163964
2804,-0.3490762731792554
2805,0.5325559726332688
2806,0.5353659483394492
2807,-0.012219446898257484
2808,-0.9321507056366362
2809,0.7634680913469689
2810,-0.22603106608258972
2811,0.13452966471102062
2812,0.12538888195719075
2813,-0.5959182165613635
2814,-0.5045732085008371
2815,0.12986781907712885
2816,-0.033136482292191925
2817,-0.09327367076690649
2818,-0.0383565629319622
2819,0.418997722252609
2820,0.20810810137342312
2821,-0.44788958152512776
2822,0.2848056394759547
2823,0.515553656367785
2824,-0.5812979245602026
2825,-0.49704944303499643
2826,0.34483183464795736
2827,0.4583209238102936
2828,0.563598007930366
2829,0.2850792737285545
2830,0.10645680994924654
2831,0.22931893257100025
2832,-0.03757223601207348
2833,-0.7116527410325513
2834,0.04374800989073832
2835,0.6875215299175774
2836,0.9618247938190486
2837,-0.22839290230093434
2838,-0.6965513849353112
2839,0.516108420797427
2840,0.692566442910633
2841,0.8402979187951781
2842,0.49769246148970286
2843,0.026259892819970043
2844,0.21841911079765103
2845,0.14628209437999018
2846,0.865261862433871
2847,-0.7362692145845475
2848,0.10287148847547344
2849,0.48290727447940957
2850,0.27877150013422436
2851,-0.5849904746605107
2852,-0.16152257130802491
2853,-0.11247023171376778
2854,-0.14755498703829137
2855,0.013108505588822709
2856,0.22721908539216207
2857,-0.31292244552935866
2858,0.9558878151394561
2859,0.10584886125504935
2860,-0.4985913075418635
2861,-0.709691847159363
2862,-0.5386661254046288
2863,0.07077966300192677
2864,-0.04837574725730428
2865,0.04724917122808841
2866,0.17651079498102437
2867,-0.1678965121274172
2868,-0.1437724249920678
2869,0.06903507065268924
2870,-0.34223486750818827
2871,0.4726146099056328
2872,0.7077531999711307
2873,-0.30578602888403533
2874,0.4120190053947558
2875,0.9541042859857103
2876,0.4518674921958929
2877,0.3990670022064479
2878,0.905319989821557
2879,0.9074966591733249
2880,-0.4620727649421803
2881,0.8455163337179644
2882,0.29744382276586234
2883,0.2780466121516327
2884,-0.14080730041151449
2885,0.4769416381860755
2886,0.8490175026136205
2887,0.49379164445854556
2888,-0.6765065002913344
2889,0.6138618016187034
2890,-0.3980698970251955
2891,0.07196166435023536
2892,0.7441646156628295
2893,-0.4936570340359683
2894,0.8006824519987589
2895,0.3422082034857091
2896,0.8239414190544205
2897,-0.36070101000261034
2898,0.08537369986051857
2899,-0.5348864335743151
2900,-0.19131555249641524
2901,0.6321256328802266
2902,-0.410490908568387
2903,0.02849530753692604
2904,-0.3129369545575433
2905,0.14704605138977303
2906,-0.8460316280976633
2907,-0.6294960760948748
2908,0.5840311692870424
2909,0.10417006607535798
2910,0.6295013866273051
2911,-0.32870805878299814
2912,0.07186133594796289
2913,0.37145602442773207
2914,-0.2263156499189731
2915,-0.5790500481144816
2916,-0.2547700805462449
2917,-0.461637368054172
2918,0.343137058366023
2919,0.27573116360642747
2920,-0.29125721350229056
2921,-0.08715492903870335
2922,0.7519343438747984
2923,0.207749734115621
2924,-0.7603763591637795
2925,0.079480002960842
2926,-0.8190885553183582
2927,0.12428399444706138
2928,0.031321240107315934
2929,0.8075778585565644
2930,-0.41185390108785913
2931,-0.48143184780803316
2932,0.6436913012224169
2933,-0.19270880844706728
2934,-0.3024531651842179
2935,0.4643996966415131
2936,0.5886400214930566
2937,-0.3416502352749212
2938,0.2685552033719761
2939,-0.4845771954912476
2940,-0.21644893432856627
2941,0.8304514223896513
2942,-0.011871658639011082
2943,0.3271573062437195
2944,0.8167117076092327
2945,-0.3789348879258512
2946,-0.06927133914603266
2947,-0.04322614892674959
2948,0.49438021060307746
2949,-0.6402412631982815
2950,0.7602932152431922
2951,-0.19458923831264383
2952,0.1921282994015625
2953,0.00205714173369317
2954,-0.09626255020365718
2955,-0.23856720918861388
2956,0.13958809760597088
2957,-0.3832731424492742
2958,-0.08662015386197199
2959,0.6228333130817109
2960,0.7234483720418512
2961,-0.2596349361262239
2962,-0.5679066810203874
2963,-0.4771638703301496
2964,0.3511076070507899
2965,0.10365901517323717
2966,0.43197087598650874
2967,0.0848631793296278
2968,0.5328546587238807
2969,0.4074456734392875
2970,-0.09614501215844401
2971,0.43676982831574385
2972,0.28775017856516877
2973,-0.3093945908025602
2974,-0.4514321851642662
2975,0.5030066106722573
2976,-0.7830391615583563
2977,0.36324195676415266
2978,0.3611883564662089
2979,-0.23485598625842272
2980,-0.023847262679278284
2981,-0.43529894763695626
2982,0.2568272868170088
2983,0.20650397576391238
2984,0.15646157144059242
2985,-0.3691360370148994
2986,0.5963514327674946
2987,0.15096954137035543
2988,0.3240592295635962
2989,0.420136333846207
2990,0.28864282181563927
2991,-0.1140365386095337
2992,0.07761498021308556
2993,0.13757274540920422
2994,-0.2828198939109295
2995,-0.2844206495959205
2996,-0.35928219340658774
2997,0.03062284773028012
2998,0.6028667016776422
2999,0.5402193527590015
3000,0.08885618930146476
3001,0.7295443637741287
3002,0.505606711879739
3003,0.5688973836698674
3004,0.2091786568919221
3005,0.042834511302945126
3006,0.7617097133551395
3007,0.3027568295234261
3008,-0.17755521365614288
3009,0.5569655211494228
3010,0.3275566224536756
3011,-0.19605129445159084
3012,0.4251655740274289
3013,-0.7479769225105475
3014,0.01435334530660793
3015,-0.39577146869461277
3016,-0.28276858226143836
3017,-0.2744832139299539
3018,0.46470283951497077
3019,0.647088213791062
3020,0.2610946620919608
3021,0.10130224242680154
3022,-0.5790786439470473
3023,0.025383954444465714
3024,0.04200848328419436
3025,0.34247552942513515
3026,-0.15287780628254935
3027,0.7395987037834885
3028,-0.0633054542698207
3029,-0.6004090967418227
3030,0.6848265917808256
3031,-0.5581960834954971
3032,0.15534510254838177
3033,0.091020311281556
3034,0.31469620016826555
3035,0.4940255541731081
3036,-0.8299365829486992
3037,0.4949798715939148
3038,0.32946641575661173
3039,0.30492572774384913
3040,0.7750422201662056
3041,-0.28260272064246644
3042,0.1349515775360282
3043,0.30317004018265736
3044,-0.23595866694164558
3045,0.6635333871081083
3046,0.13841609452675027
3047,0.5565942880597601
3048,0.7058448947299608
3049,0.29653037551844597
3050,-0.5634838709644375
3051,-0.18885082609576426
3052,-0.01079242441072621
3053,0.33767193109730365
3054,0.33042611109912157
3055,0.794420175520227
3056,-0.13708543979981297
3057,0.7787238267176598
3058,-0.4766837107275716
3059,-0.9647593472522528
3060,-0.26846519691358517
3061,-0.20631365161112541
3062,0.42897040697913663
3063,-0.2778870385645606
3064,0.04890583410529184
3065,-0.2473678784305556
3066,0.2345395922258751
3067,0.9749072490401436
3068,-0.5916356706265196
3069,0.7694766269553013
3070,0.7169557754152492
3071,0.03849119658525473
3072,0.28153892231154376
3073,0.1653988248206364
3074,0.8862420473336515
3075,-0.1737415343229776
3076,-0.9314878339363936
3077,-0.8976495353011863
3078,-0.1200236451774596
3079,-0.10203379710483822
3080,0.2173074529062441
3081,0.1597054968434652
3082,0.8179069096109521
3083,0.03241292354311696
3084,0.3431678270069771
3085,0.5288820762747269
3086,0.6962566095901752
3087,0.3697402283138956
3088,0.9665254467024966
3089,0.12239434844206444
3090,0.6002197494888913
3091,0.06826065821105476
3092,0.029874487272868254
3093,0.42520958086609817
3094,-0.0006280841097339051
3095,-0.00044143075623359265
3096,-0.8110195086106702
3097,0.035540433654922966
3098,0.31995486973574566
3099,0.35153702773599366
3100,0.4339366616269773
3101,0.800267447556976
3102,0.27441504288461366
3103,-0.08703973657764771
3104,0.31559304091028745
3105,-0.09803168253435217
3106,0.431216297334223
3107,-0.1821808510563399
3108,-0.11908394859916697
3109,0.06249391569853075
3110,-0.3882112782067853
3111,0.2842161381286271
3112,0.24559836638472488
3113,0.4102206728921185
3114,-0.3151480321593738
3115,0.16481822126726695
3116,0.8764048393197156
3117,-0.3940645426309096
3118,0.2483239380334018
3119,0.0015792832521208805
3120,0.5944553975060796
3121,0.003959651652369805
3122,0.8015244768813132
3123,-0.39403959242442854
3124,0.08207903421253968
3125,0.5393429698429182
3126,0.16285177172218546
3127,0.6142354916094609
3128,0.8668978186479303
3129,0.8546471902535208
3130,-0.9809309720097953
3131,0.5919125704847013
3132,-0.7183852947443956
3133,0.4198937137343491
3134,0.7219303552974228
3135,-0.9026763787894425
3136,0.8069423170053148
3137,0.20183966102765588
3138,0.043361939515660336
3139,0.9604337077214298
3140,0.5990325084781827
3141,0.6099745187370352
3142,-0.7654282914623614
3143,0.8981958173253258
3144,-0.19702909680712466
3145,0.16902637011788102
3146,-0.5455456653365669
3147,0.015189892402983941
3148,-0.17976576358768312
3149,-0.29164522406372634
3150,0.9078187918091477
3151,0.09851567702853842
3152,-0.14237120148471175
3153,0.6423009611728284
3154,0.34953956949780196
3155,0.9640644971155771
3156,0.36951090546157445
3157,-0.21008693338819198
3158,0.9196278784261894
3159,-0.4763397763704637
3160,0.3096966732528838
3161,0.24560857236304315
3162,-0.6819880131479205
3163,-0.3208963674192701
3164,0.7109854255171512
3165,-0.24983591628727148
3166,0.9315608138386833
3167,0.6214572488400317
3168,0.61054237987123
3169,0.6268800200535565
3170,-0.2351768433858686
3171,0.6916886061208022
3172,0.40137757733100077
3173,0.5906575856768145
3174,0.21547398223070913
3175,0.19941505547936517
3176,0.2683427103809106
3177,0.27039760425639087
3178,-0.7285625284689847
3179,0.27585189233841456
3180,0.2193960680040529
3181,0.42850032465552307
3182,-0.5791923674968769
3183,0.8062716304036385
3184,0.5842294400681292
3185,-0.7211322696921448
3186,0.11384020570262177
3187,0.5392455223259576
3188,-0.17055135652059733
3189,0.6726417963800208
3190,-0.19090074704671714
3191,0.8052161412847574
3192,0.08042270526125744
3193,0.1816701631911919
3194,0.37767688546023337
3195,-0.1477022179772169
3196,0.9071140693519121
3197,0.01777588548988287
3198,0.6887787594977401
3199,0.8237704828728546
3200,0.6634907933810138
3201,0.4630479866348857
3202,0.6863500229947767
3203,-0.8447733174739439
3204,0.8422779906131022
3205,0.44169967303262686
3206,-0.0667446593470613
3207,0.3023041915086103
3208,0.7700909664684885
3209,-0.024552937735646437
3210,0.517058277739026
3211,0.6280507754931901
3212,-0.261729802952856
3213,0.7633121724109099
3214,-0.2577615728046322
3215,0.194050682905645
3216,0.18037905721229708
3217,-0.6384221645952327
3218,-0.4155394301186021
3219,0.8953387559400606
3220,0.41002678268970166
3221,0.48758231546078373
3222,-0.09224560894821235
3223,-0.42416745245196685
3224,0.08907014791101671
3225,-0.09961352434007387
3226,0.7741559214294668
3227,-0.22802578985589933
3228,0.8521249170500126
3229,-0.4228460475629909
3230,0.38587730814154725
3231,-0.151420077865729
3232,-0.7639056031208145
3233,-0.6768061604348026
3234,-0.36464497785636046
3235,0.2765903941333879
3236,0.037866517862085704
3237,-0.34001197082231477
3238,0.6582072308308227
3239,0.8287155090764101
3240,0.6235925455025574
3241,-0.038810537887722346
3242,-0.4691120175360885
3243,0.858079837812928
3244,0.5548208552444632
3245,0.3418535188226281
3246,0.10603079530948935
3247,-0.20336387738833414
3248,-0.5364572288232263
3249,0.38062805989045434
3250,-0.43243622924456837
3251,-0.2287216320565509
3252,-0.191297044403034
3253,0.21556003923578768
3254,0.7934857052084767
3255,-0.010533855199482344
3256,0.1033989195043403
3257,-0.21788665060193677
3258,0.4190047835378211
3259,-0.10253993898164282
3260,0.7652825645038251
3261,0.5322931532478539
3262,-0.4627188735387031
3263,0.8658433218971713
3264,0.18026875214148586
3265,-0.11868474803942872
3266,0.8710577353609658
3267,0.031888241834979694
3268,0.23369262617835646
3269,0.21861365979420794
3270,0.3829600944301725
3271,0.44832041909551806
3272,-0.6491795076616399
3273,0.13206138019018263
3274,0.29835366987847384
3275,0.42022747128404075
3276,0.09098791812969319
3277,-0.2786024259464386
3278,0.5997505474050562
3279,-0.04708683901149463
3280,-0.8272222750678938
3281,-0.185516006871937
3282,0.4199585978706661
3283,0.12483860317545074
3284,0.6606534031240168
3285,0.06083069508477736
3286,0.12683954922383625
3287,-0.11208945571038814
3288,0.9618451590169443
3289,0.29947781825236947
3290,0.07727822667672983
3291,0.5274777309690443
3292,-0.12961582310521919
3293,0.5177251629954978
3294,-0.16240981927258902
3295,-0.5816941462384796
3296,0.19506298959410776
3297,0.786647872068118
3298,0.48265136242899065
3299,-0.5010877604339434
3300,0.21418040539848973
3301,0.07058573567268268
3302,0.02481126732619115
3303,0.3739539684061133
3304,-0.4052715897377666
3305,0.629026217814467
3306,0.4735644970670358
3307,0.32811983905653497
3308,0.2812574957682663
3309,-0.6444583289182647
3310,0.44189403568872154
3311,0.038808286742252736
3312,0.7745778498654502
3313,-0.8340668382957408
3314,-0.10517308087638969
3315,-0.13458899860670165
3316,0.10905815914404972
3317,0.5538598164391306
3318,-0.01588100739249277
3319,-0.6839932863364475
3320,-0.8937106416055869
3321,0.6322509195175307
3322,0.9582424571953274
3323,0.051554459209750755
3324,0.824668774032038
3325,0.18027628685777608
3326,0.6216261491188043
3327,0.9023973317574866
3328,-0.7285570188217239
3329,-0.43781616221786823
3330,-0.08433434400473565
3331,0.35119370319209575
3332,0.019805508613720508
3333,-0.23092515696438085
3334,0.44797743725286066
3335,0.6304764741615897
3336,0.5835063481696424
3337,-0.663641526994374
3338,-0.07065888145147849
3339,-0.2132569845988355
3340,-0.7746843341307884
3341,0.275890133476111
3342,-0.7324959745101053
3343,-0.49568090899054673
3344,-0.2246166909371478
3345,0.8211901655347658
3346,0.011416508959917174
3347,0.8398232448580675
3348,0.9819975261714833
3349,-0.8020825788998647
3350,-0.4988441768064714
3351,-0.5064051508549482
3352,-0.5405447728842734
3353,-0.6700266367853759
3354,-0.7361301033809017
3355,0.3419089652631209
3356,0.040255261707109365
3357,0.55312585291918
3358,-0.43286176852182384
3359,-0.5550272672090639
3360,-0.715840985439083
3361,-0.4934526103174146
3362,-0.08054249826654172
3363,0.969582500848197
3364,0.4525763708426551
3365,-0.03464546669291872
3366,0.4950752514425572
3367,-0.5421724405249554
3368,0.7531717738526691
3369,0.5968870119481332
3370,0.49752690760600154
3371,-0.3714064179179626
3372,0.4261650931188093
3373,0.9677008914919758
3374,-0.6743785445686462
3375,0.09808979534029298
3376,-0.2701416455661883
3377,-0.7927048049783139
3378,0.47060781035113103
3379,-0.383749105886882
3380,-0.032341178435804016
3381,-0.8704432304656827
3382,-0.8575600236839536
3383,0.3255952487534856
3384,0.8071193340969178
3385,0.511781997818368
3386,-0.4685881021065851
3387,0.8955528806332687
3388,-0.1677822563862182
3389,-0.2064493682116663
3390,0.2209573931820959
3391,0.1712554528357489
3392,-0.5792336796256372
3393,-0.22707722959298135
3394,0.8255119091743126
3395,-0.027326648396061113
3396,-0.42381371597610995
3397,-0.6981900194246143
3398,0.7430858483797853
3399,0.6687252684925463
3400,-0.4945357768796422
3401,0.11944296984548686
3402,0.09250157338693689
3403,0.5595567303549492
3404,0.5594058143093406
3405,-0.23582767644211117
3406,0.06673524792909409
3407,0.7508957059690243
3408,-0.009279182598699023
3409,-0.09995236698255834
3410,0.47243124058538766
3411,0.6382776677313544
3412,0.26169105809971455
3413,0.8377705731115636
3414,0.6555866246086438
3415,0.5048686110069593
3416,-0.10430918774988995
3417,0.7480616282202308
3418,-0.24852860015266365
3419,0.7782741391337253
3420,0.5985862802226242
3421,0.0005997654533574703
3422,0.5231626151198315
3423,0.6206782536775227
3424,0.1071115720462106
3425,-0.5586065617155044
3426,-0.6397076525913272
3427,0.7719889809948581
3428,-0.5319210118987475
3429,0.30074552937970345
3430,0.4795421467399558
3431,0.6316271736841603
3432,0.34755404986960164
3433,-0.8222154551354288
3434,0.619556835011446
3435,-0.11773709256653746
3436,0.9749276208817358
3437,0.4501141029671849
3438,0.24139954235175906
3439,-0.27816515744291065
3440,0.08259672927704077
3441,0.5178062522106354
3442,-0.8577439819167737
3443,-0.4154812678077111
3444,0.3551527010533135
3445,-0.4105966501717756
3446,-0.48248862982589513
3447,-0.30525184407844996
3448,0.3700048269504367
3449,0.43270732380166627
3450,0.862089342076095
3451,0.8853282837146849
3452,0.3417873279952458
3453,-0.14465045932689555
3454,0.6190815769588176
3455,0.32563598477776634
3456,0.2777941113694138
3457,0.6985630310722191
3458,0.80163474888379
3459,0.8041415744503407
3460,0.04110704080429033
3461,0.10610162196042457
3462,0.22324186690945688
3463,0.033782577907988005
3464,0.3910726786219974
3465,0.7621596443564007
3466,-0.6153271109977126
3467,0.12375958742739551
3468,0.9287968363054437
3469,0.51127097620729
3470,0.603460968164505
3471,-0.24127325705021463
3472,0.709353776431521
3473,0.8611389581183562
3474,0.6174107024081924
3475,0.6227786171590619
3476,0.46915722778159913
3477,0.26821441613043895
3478,0.2217266049491656
3479,-0.6719783396125956
3480,0.5795526793926848
3481,-0.4223771067457268
3482,0.8143602211325286
3483,0.4635613212734766
3484,0.49143310058055595
3485,0.8300932652792959
3486,-0.12746076379756582
3487,-0.08708975787815368
3488,-0.12476240512759995
3489,0.8281218762761074
3490,0.673699169419798
3491,0.7992417307188461
3492,0.8948770391628403
3493,-0.13872768110551262
3494,0.4460322923802378
3495,-0.33593285350744295
3496,-0.9303324259410312
3497,0.1996298541236867
3498,-0.28441720403463006
3499,0.7376874134344585
3500,-0.8467483683188086
3501,0.9794394805815083
3502,0.4952146818419767
3503,0.5473646787934727
3504,-0.15534352365417764
3505,0.5963989159755724
3506,-0.8431572257519047
3507,-0.6887850381207098
3508,0.002752764520582632
3509,-0.06830854266174918
3510,0.4909811395894323
3511,0.6372253543650703
3512,-0.4052491672877929
3513,0.6697650427163668
3514,0.45878785947553413
3515,0.04052774955179557
3516,-0.6275734217371383
3517,-0.41131678428735724
3518,-0.3840325845106308
3519,0.3394299562022466
3520,-0.5684747398535448
3521,0.04090992490620921
3522,0.30794029170316567
3523,0.7950173833888227
3524,-0.8609266244530817
3525,0.4359759506716223
3526,0.3216223897454169
3527,-0.01180741489035609
3528,-0.5265183913447612
3529,-0.21341374404595814
3530,0.4824429119374363
3531,-0.1112543288001891
3532,-0.19522649116011814
3533,-0.009372936713151038
3534,-0.5375245523810877
3535,0.08034252852481642
3536,-0.983369825838125
3537,-0.22537514400275183
3538,0.8924674648077472
3539,0.25397471231498797
3540,0.6340455076026483
3541,0.07080997310028618
3542,-0.18916326717169296
3543,-0.08870441151982714
3544,0.028324035458491485
3545,0.8264398042069008
3546,-0.7649326006415198
3547,-0.2543878487552841
3548,-0.6055486787108941
3549,0.5492705982198209
3550,-0.2964474342303751
3551,0.306967159527863
3552,-0.2114448943539933
3553,0.567078566647779
3554,0.10695710892763638
3555,0.007880526303911877
3556,-0.2376239536328537
3557,0.7022645520642181
3558,0.9787848735689909
3559,0.38305799110301264
3560,-0.30602303037323814
3561,0.6786454718569199
3562,-0.0896328266334158
3563,0.036013636683334835
3564,-0.3661614174106981
3565,0.5819213773742785
3566,-0.4624713070085163
3567,0.34816526872914144
3568,-0.8478959020157611
3569,0.7366668389433729
3570,-0.29592082574805395
3571,-0.028664062541974594
3572,-0.07192014111510665
3573,0.36116998765080144
3574,-0.38661150289473756
3575,0.13498662499808475
3576,0.1332790941591831
3577,-0.29147047222294226
3578,0.7899811011181819
3579,-0.5992791550404155
3580,-0.5000223484383591
3581,0.23326144071444685
3582,-0.17030619797613875
3583,-0.2946574285570253
3584,0.23372330956976356
3585,-0.6131608543091916
3586,-0.21375052363197664
3587,-0.2764836345339747
3588,0.37187413930368235
3589,0.6534853604435391
3590,-0.12880419876783913
3591,-0.44854711543053444
3592,0.6379032977040809
3593,-0.2378190458204844
3594,-0.1777136945517815
3595,-0.4489589572261728
3596,-0.0683394172605032
3597,-0.3406457631783864
3598,0.417577522546521
3599,0.07380150278507022
3600,-0.3067027138895454
3601,0.026341886285739097
3602,0.33632338989733107
3603,0.5938778799029577
3604,-0.3380612290726065
3605,-0.46010180809484486
3606,0.11675370586757083
3607,0.5509942245628716
3608,0.27265898199047617
3609,-0.029654574389649607
3610,0.5169341957545265
3611,0.04817673765400121
3612,-0.18068909846398196
3613,0.03351442314236405
3614,-0.49850063738528083
3615,0.4959453217541036
3616,-0.43138264280181887
3617,-0.15906779837799692
3618,0.5658866183965173
3619,0.642078076217601
3620,0.8739082139110315
3621,0.8363393831314941
3622,0.7750492976093386
3623,-0.025040517132373374
3624,-0.25563819231837714
3625,0.9192864486808159
3626,0.7572256389942594
3627,0.8552746698099937
3628,-0.4201302446868449
3629,0.633853394398834
3630,0.5091082329812159
3631,-0.4006353261631691
3632,-0.47043946842651907
3633,0.16538205723708488
3634,-0.6000690680925993
3635,-0.6662246023098493
3636,0.1323171387503697
3637,-0.5855939555288493
3638,0.021733794759065922
3639,0.6323994282071237
3640,0.2547283963436256
3641,-0.222461511569981
3642,0.3445217956070383
3643,-0.9666721050649034
3644,-0.6553879958941374
3645,0.04400515358555977
3646,0.8759924636059453
3647,0.31755548085189456
3648,0.16230987610824357
3649,-0.19813574392374877
3650,0.16843155166683427
3651,0.0024139093664399722
3652,0.3599170200106741
3653,-0.3113141380898075
3654,-0.2493615235005162
3655,0.30146176025029187
3656,-0.38866591341920254
3657,0.3938628989692954
3658,0.7220469055455692
3659,-0.6683094593038559
3660,0.36534683396070017
3661,0.8236737995671892
3662,0.389532529320546
3663,0.9739100586202237
3664,0.6175287266133039
3665,0.5600865625189769
3666,-0.8174933747862257
3667,-0.5129580669959197
3668,0.45267000617155845
3669,-0.6350847175806122
3670,0.5226975971480001
3671,0.7924386035446906
3672,0.8467301964076771
3673,-0.41292282909214184
3674,-0.0007868103963847432
3675,-0.013665132721612218
3676,0.1130244739132353
3677,0.5505808138615181
3678,-0.8170864679648925
3679,-0.17481333140808397
3680,0.34108373103034145
3681,0.18639283512456645
3682,0.45765248255528285
3683,-0.6599581991042541
3684,0.4759313109244846
3685,-0.01768032297593714
3686,0.7252572612721837
3687,0.5870748376335311
3688,0.37730958585729585
3689,-0.12220745719609961
3690,0.4304601012115517
3691,-0.05780876309053603
3692,-0.002346538761131747
3693,0.6587926251670332
3694,-0.049242363316809486
3695,0.9098949669435666
3696,-0.029464750584217884
3697,0.12278028804073984
3698,-0.30336471074763455
3699,0.491230217828055
3700,0.54259210342545
3701,-0.9351170514925071
3702,-0.8884384197504843
3703,-0.8337380204893632
3704,-0.05791119373191858
3705,-0.1346228479265484
3706,0.47708368833076253
3707,-0.03215394101268325
3708,0.21678023943281127
3709,-0.5352292344572551
3710,-0.33112603355443126
3711,0.16211756417883508
3712,0.8215298676650028
3713,-0.06009176282433564
3714,0.12607304407301687
3715,-0.5060726382521891
3716,-0.33092855573683283
3717,0.15705652672425657
3718,0.6037900069548091
3719,0.6316757009744004
3720,-0.44791390721294355
3721,-0.2952931175017187
3722,-0.3170759694482023
3723,-0.5301411133370497
3724,0.3265227897004856
3725,-0.3506677305872444
3726,0.3884170355444597
3727,-0.31543377884811374
3728,0.44050367634518645
3729,0.3356770473243168
3730,0.9867330947609964
3731,0.283787957993892
3732,-0.6538079382524608
3733,0.3116199694909789
3734,0.37340629531249353
3735,-0.5213842609400383
3736,-0.14788400205879754
3737,0.927874260664667
3738,-0.30817406018249166
3739,-0.287210686127353
3740,0.7458193662819714
3741,-0.4547568353748842
3742,0.4894876896558205
3743,0.9421271204299023
3744,-0.35210157257539154
3745,-0.15623970517704655
3746,0.5111087781696478
3747,0.21901453362770887
3748,0.4775602784425059
3749,0.9165751957915202
3750,0.5594993860517002
3751,0.3790741131976209
3752,0.2232830786015852
3753,0.36479641951606584
3754,0.2985242977034861
3755,0.24091906229552654
3756,0.46903692285142734
3757,0.34225303596507184
3758,0.6464882788112315
3759,0.8874151157486828
3760,0.3593457350271005
3761,0.24065318055259755
3762,0.7836827036085066
3763,0.5745182304528024
3764,0.4567963811275322
3765,0.3084820452719337
3766,-0.6271987083316299
3767,-0.018942105377439435
3768,0.26278887202794293
3769,0.8502010717937906
3770,-0.12386436334830511
3771,-0.04298222307880142
3772,0.7563948337558273
3773,-0.31957960858478457
3774,-0.30314014915976417
3775,-0.10649955600811532
3776,-0.12983797057713473
3777,0.2227023419887912
3778,0.021459191325454898
3779,-0.2744127366542792
3780,0.3402581728175624
3781,0.2340129091802481
3782,-0.511383447838145
3783,-0.9412788887874179
3784,-0.5280206258336686
3785,0.8500554679592304
3786,-0.006117738984855931
3787,-0.04130477568767472
3788,-0.820444768555851
3789,0.43950869237515233
3790,0.5178393337705965
3791,-0.8268847747987472
3792,0.19195005717417263
3793,0.39843497816931533
3794,-0.5860383456033452
3795,-0.517256807826022
3796,0.13324748446649712
3797,-0.3617549189015441
3798,-0.1301290629461433
3799,-0.9926310831506321
3800,0.4722879182203431
3801,0.03133548962071116
3802,-0.7054271304689639
3803,-0.8452113193452138
3804,-0.5338055089577461
3805,-0.03500185665740505
3806,0.6411572452059398
3807,-0.1536249896948956
3808,-0.9999418109586974
3809,0.8872422489827156
3810,0.8751509270537181
3811,0.023730709430671532
3812,-0.43342624792064294
3813,-0.11396096443798263
3814,0.02679956318532832
3815,0.4662352043727089
3816,0.7103338612050504
3817,-0.3695391460585425
3818,0.5988362495109736
3819,0.8434854288848712
3820,-0.15561734119483275
3821,-0.15873944032166623
3822,0.37393293082630896
3823,0.36350016351106296
3824,-0.4711453163357015
3825,-0.25622678087347567
3826,-0.5289573415999477
3827,0.7870515731247568
3828,-0.43986457172582594
3829,0.5630019522358346
3830,-0.1027169459508065
3831,0.060241505896573316
3832,0.8695700854884808
3833,-0.6763562327045789
3834,0.9373874218668753
3835,0.5651063033088596
3836,0.38151340589742405
3837,-0.4121167337841116
3838,-0.8752173191950481
3839,0.8766422541091806
3840,-0.2908480283572826
3841,-0.043899257814821444
3842,0.9442797178674295
3843,0.5634350275746145
3844,0.681122586709477
3845,0.22326595040918845
3846,0.817245057994183
3847,0.9350273467859719
3848,-0.5620581165881193
3849,0.6463684578544966
3850,-0.03830890310715043
3851,0.015933679739402608
3852,-0.0008261512743535672
3853,0.7206788753097862
3854,0.35858558910986066
3855,-0.07074500287372845
3856,-0.22303493080682557
3857,0.9093573998448382
3858,-0.4196508995806218
3859,-0.6294996437110324
3860,-0.22910349680819142
3861,0.6202136850525737
3862,-0.20711950815235475
3863,0.3841902936432199
3864,0.5380127083796987
3865,0.6601366818600628
3866,0.7195687320316347
3867,0.6284309629261031
3868,0.875559822724659
3869,-0.057054257312781166
3870,-0.27921447606397465
3871,0.707009796896277
3872,0.7153438212829728
3873,0.22791465940842093
3874,0.8671362905232478
3875,-0.91707209885235
3876,0.6113985232223305
3877,-0.8140680323906354
3878,0.8194469089462572
3879,0.3101412448449577
3880,-0.9124997536038303
3881,0.923176449088919
3882,0.8638302058648198
3883,0.5298844148527239
3884,-0.21405017456197337
3885,-0.3633773323929631
3886,0.46710421482634673
3887,-0.690140738078257
3888,-0.5289758630028112
3889,0.5476388762523638
3890,0.6855374999277912
3891,0.8492524993493419
3892,-0.8533280875461909
3893,0.3933629312411266
3894,0.24821316881826935
3895,0.44692932472379365
3896,0.8168340077483893
3897,-0.23984073958068242
3898,0.6245479620977692
3899,0.41961983248111173
3900,0.49940910977310576
3901,0.7460261082330565
3902,-0.8712688413865469
3903,0.5165006380023178
3904,0.5689870156965742
3905,-0.8538470044186046
3906,-0.27924217103852034
3907,0.733705787961452
3908,-0.5700186337291956
3909,-0.37136337292794364
3910,0.3660558034264562
3911,0.5015933941227534
3912,0.6550997085766146
3913,0.6946436498242654
3914,-0.4411067048903827
3915,-0.120703433651323
3916,0.5714212921232187
3917,-0.1696772230973579
3918,0.6575317995201595
3919,0.16511901255477293
3920,-0.7996733056362864
3921,0.7943073434398791
3922,0.39578927471257286
3923,-0.4803386213745366
3924,0.7007178171291867
3925,-0.21225203613513016
3926,-0.27256857878437685
3927,-0.40515052802090407
3928,-0.6392630447138733
3929,0.41996300325406644
3930,0.9340407668711035
3931,0.21282986559399197
3932,-0.026340727768948902
3933,0.29735089448454705
3934,0.6698747981703326
3935,-0.3069720531134625
3936,0.14389124414431223
3937,0.5602195841063746
3938,-0.5366493786548295
3939,0.6937513284796551
3940,0.2333032229016425
3941,0.6393826185069683
3942,0.378033429463993
3943,0.5279205248967825
3944,0.7989708101490344
3945,-0.47235502803627444
3946,-0.27770207336771463
3947,0.9106986705737593
3948,0.6464734060025767
3949,0.5661237579804496
3950,-0.37850644589048166
3951,0.09374241216387466
3952,-0.3799259701439977
3953,-0.026346139507686862
3954,0.5087586404641524
3955,0.5956295409373489
3956,-0.19260370838570873
3957,0.7881442469710348
3958,0.8879449982271282
3959,0.5189058726244405
3960,-0.3307280269040761
3961,0.41822183826186654
3962,-0.09864936902811719
3963,0.597483666685744
3964,0.7932398529865408
3965,0.6620606870223192
3966,-0.7376172874172602
3967,-0.458258279139291
3968,0.5422390541109169
3969,-0.25540825591609906
3970,0.45026807931682533
3971,-0.17305973284580575
3972,0.874726158674698
3973,0.8940166763559532
3974,0.6778866681632064
3975,0.7674513107791502
3976,0.4120827684012451
3977,-0.8169543182642881
3978,0.21656545417925013
3979,0.8238341481570549
3980,-0.4343980217479475
3981,-0.1597932450162044
3982,-0.1196657609403904
3983,0.8626259990956597
3984,0.884382085521078
3985,0.9137230896528374
3986,-0.4497274271687321
3987,0.7684123252063337
3988,0.5313223333201559
3989,0.8773825581673323
3990,-0.8410672858898389
3991,0.7086339577337466
3992,0.3442578543615338
3993,0.7538308404759243
3994,0.14368755095343244
3995,-0.4893270327990475
3996,0.7334962709638141
3997,0.3424407039115641
3998,0.8677657809074835
3999,0.4676555166385975
4000,0.6202843908632563
4001,-0.7908984383163016
4002,-0.6346549701666464
4003,-0.4509079230485098
4004,0.7574130688338483
4005,0.1536474329132712
4006,0.08989207259200878
4007,-0.9315200736466196
4008,-0.2380919559829721
4009,0.6767475222214084
4010,0.4590731217747331
4011,0.4998164082981768
4012,-0.5764811257628161
4013,-0.08311383657719433
4014,0.048501136271263096
4015,0.7779061109283257
4016,0.8625752149347845
4017,-0.9003973833088867
4018,-0.6176786685265502
4019,-0.17493925885886205
4020,-0.7348468482625694
4021,0.6232859696665165
4022,0.41919787032907446
4023,-0.3079315892944216
4024,0.4266168191836118
4025,0.6508281685651477
4026,-0.03715825484924048
4027,0.10548742590856798
4028,0.2652460930401936
4029,0.593693965329431
4030,0.7604294388667626
4031,0.9576949873338367
4032,0.6821469677732773
4033,-0.4473158100081729
4034,0.8587621932253591
4035,0.5322648164591021
4036,0.5542992802596872
4037,0.4148130404039895
4038,0.03079153192624499
4039,-0.35867709406228226
4040,0.6877739332348883
4041,-0.4463628980675161
4042,-0.14447329947454826
4043,-0.3773080485783289
4044,0.617927791755439
4045,0.29386979089920556
4046,0.21972258617160811
4047,0.08346169351518211
4048,0.4648242533109396
4049,-0.35528412163668327
4050,-0.48160018553866274
4051,0.3968284349106183
4052,0.7274778588973937
4053,-0.4674085688968762
4054,0.4788121093464838
4055,-0.579154535287484
4056,-0.28902673945092766
4057,0.9586753893605336
4058,-0.23431054918083424
4059,0.8655467925577808
4060,-0.6298281021424602
4061,0.4352570516368899
4062,0.8218316980782825
4063,-0.8587184640644413
4064,0.7608529526024722
4065,0.46500584151757085
4066,0.3155290966322136
4067,0.20585683782118305
4068,0.8034110365965194
4069,0.6403528006733523
4070,0.7967903650925928
4071,0.12404488892707093
4072,-0.906205155461055
4073,0.7525923943769772
4074,-0.2557808455690053
4075,-0.05855264027051409
4076,-0.7784933917781252
4077,0.7535524028152926
4078,0.6550807675624412
4079,0.3670790701490509
4080,-0.11905398907344604
4081,-0.2865778825692794
4082,0.4430817069308072
4083,-0.10636508188505245
4084,0.7056813063985236
4085,0.8830310924257531
4086,-0.7862282758021684
4087,0.2042862255484465
4088,-0.04411775943886493
4089,-0.7649210022774239
4090,0.7789816868803575
4091,0.16239450735939875
4092,0.7825483285646315
4093,-0.1677309729385203
4094,0.6940597968772636
4095,-0.5431245676299642
4096,0.3719211753105298
4097,0.8923356977147033
4098,0.6256939817043947
4099,-0.12585992884465386
4100,0.5144698214280813
4101,-0.18348959182436367
4102,-0.0673122047058781
4103,-0.491328721321594
4104,-0.45439957986511836
4105,0.7021279503762354
4106,-0.03871547507455964
4107,0.5960104292303264
4108,0.4955096775861912
4109,0.7326661285597088
4110,0.6035517669050523
4111,0.3934941965248319
4112,0.3598939896288879
4113,0.30888339568103573
4114,0.5042121025873922
4115,0.39807370751442644
4116,0.024674281624767636
4117,0.281294571049468
4118,-0.0928149228635209
4119,0.15538562596627517
4120,0.25736327061030734
4121,0.5370436424550017
4122,0.4819915732087965
4123,0.3487246985616492
4124,-0.7246951884558611
4125,0.3213862758117368
4126,0.4277236147894489
4127,-0.8789742435979409
4128,0.6008564780046078
4129,0.2791301330619464
4130,-0.19504074553047115
4131,-0.18350460793200143
4132,0.7001709886032879
4133,0.3209996367897836
4134,-0.6524046897941066
4135,-0.8763943767855444
4136,0.06148363159987623
4137,-0.3360956057029045
4138,-0.41334633835077544
4139,-0.7435780548346052
4140,0.46870203147078804
4141,0.7510027348606239
4142,0.3753598667363684
4143,-0.36875476396525425
4144,0.7648441403007906
4145,-0.6307272066020433
4146,0.7819462631900439
4147,0.49620965967699704
4148,0.6089778172885365
4149,-0.7210949143636571
4150,0.7888714668869956
4151,-0.5313600437374661
4152,-0.5010386272246096
4153,0.7920093867542602
4154,0.4415673810200629
4155,0.3901536418166126
4156,0.7685047559230699
4157,0.08766449468776286
4158,-0.6465707961666614
4159,0.10094490030147224
4160,-0.060510665942216664
4161,0.16730033442369063
4162,0.5068915304714694
4163,-0.5314498647731386
4164,0.16864598507663034
4165,-0.4365656185924691
4166,0.532058783699178
4167,-0.014415485001267403
4168,0.21948944930898304
4169,-0.049403484867464174
4170,0.8965584443688123
4171,0.8577368887040835
4172,-0.25321923122915885
4173,-0.7615435719303425
4174,0.18451485223060227
4175,-0.7020304289075933
4176,0.6680494036317052
4177,0.6982411321574438
4178,0.052509279159755
4179,-0.326144853705326
4180,-0.13217481292114916
4181,-0.29746940549743306
4182,-0.752034058997537
4183,-0.010722979537801491
4184,0.11559323503987783
4185,-0.1521191082275329
4186,-0.9007767418780374
4187,-0.794416749983104
4188,0.4893303604118199
4189,-0.7981217159308002
4190,0.33217313223326805
4191,0.39491489536530994
4192,-0.03428997233943033
4193,-0.7248475819391591
4194,0.010401089373714456
4195,0.03453071436339919
4196,-0.6681351379126099
4197,-0.2826111264185759
4198,-0.6465823856222185
4199,-0.24370945326111237
4200,0.29721001098106464
4201,-0.5179688552176797
4202,-0.3912700891634463
4203,-0.0581584622922274
4204,0.9043565037970055
4205,-0.4687183883102617
4206,-0.7871201106651793
4207,0.08177649112988664
4208,0.2679705792769429
4209,0.4247861073458701
4210,0.15539104668708284
4211,0.06217497137589082
4212,0.23698022483239317
4213,0.9348060707999652
4214,0.18877874744948914
4215,-0.25182317656958075
4216,0.6701602972810755
4217,0.8308115772016388
4218,0.15065493337052097
4219,0.9049598716643917
4220,-0.4298289980923942
4221,0.8475718666967277
4222,0.3700281547392386
4223,0.6050545432135486
4224,0.5609391059233909
4225,-0.6977460480389012
4226,0.4628018902470232
4227,0.9834920758553457
4228,0.1289341645164819
4229,0.7997983090529867
4230,0.8454636709409918
4231,-0.9614235514229282
4232,-0.1033446525887489
4233,-0.009679151728605213
4234,0.9184931032039891
4235,-0.244150403140304
4236,-0.5083971884252986
4237,0.5800257148746017
4238,0.0387148930637445
4239,0.31759990630895074
4240,0.7401240694393111
4241,0.33257118734430635
4242,-0.3441427274658202
4243,0.05864151800659008
4244,0.7497918011699037
4245,0.6856807885485446
4246,0.11909762697070538
4247,0.448220949351315
4248,0.5064943958994604
4249,-0.2491376340863557
4250,-0.4251791885854929
4251,-0.05933780386686626
4252,0.7135233132572214
4253,-0.7785313280673719
4254,0.5772807197158889
4255,0.018427125283881622
4256,-0.7512880530703371
4257,-0.9063148694029802
4258,-0.6971458299572166
4259,-0.19894394117194733
4260,-0.007682536512057413
4261,-0.22462331431280363
4262,-0.33543220972451976
4263,0.4086914163727898
4264,0.17859328149681777
4265,-0.2747972947128817
4266,-0.2435433568828624
4267,0.6522842764234369
4268,-0.019839791329702816
4269,0.33885209275088307
4270,0.2793839633741968
4271,-0.1491113058579686
4272,0.3726209260294486
4273,0.10668465892726174
4274,-0.558571218516502
4275,0.2273990561711546
4276,0.5331618091568372
4277,0.6275637255579622
4278,0.23585493156569456
4279,-0.7747460031193341
4280,0.988629382645274
4281,-0.3931078511966974
4282,0.6535228629262276
4283,0.09954472001115143
4284,0.3239146197337865
4285,0.8265627566566986
4286,-0.2753977433094905
4287,-0.10424376775635795
4288,0.09314917272150515
4289,0.7626431098686736
4290,0.5692056967770801
4291,0.20073079976988079
4292,-0.544497342920307
4293,-0.40475866083772033
4294,-0.2157120840389754
4295,-0.31689385177797813
4296,-0.7791181960474055
4297,0.7477836503956424
4298,0.6630807196814087
4299,0.18425822521618368
4300,-0.708957595914254
4301,-0.010607237651102832
4302,-0.9087467246077251
4303,0.1323394817646094
4304,0.5593035120933507
4305,0.5007464905008451
4306,0.7579532407064081
4307,-0.37266953985398926
4308,0.31938596500845307
4309,-0.2870226096621089
4310,0.37637483712152753
4311,0.37634968499112886
4312,-0.1534875244309392
4313,0.7010447201202418
4314,0.4625057470210113
4315,0.6946541763905495
4316,0.06811900770330087
4317,-0.38767422733372686
4318,-0.5684913948687649
4319,0.4548110465799419
4320,0.01870632180867934
4321,-0.04924877262204025
4322,0.5804786293793792
4323,0.6295177255304681
4324,-0.47977257810242513
4325,-0.038069277870311946
4326,-0.3084521141571644
4327,0.5267537086752316
4328,-0.34049194286261103
4329,0.2045271198758972
4330,0.7441824071741521
4331,0.12070788040965309
4332,-0.667050869107644
4333,0.7575582652263866
4334,-0.2976746065688895
4335,-0.597877928415415
4336,0.8790421302712764
4337,0.5607309832778165
4338,-0.13828811613856884
4339,0.6979335243316641
4340,0.6972345629225879
4341,0.2399510136574413
4342,0.7078323368182714
4343,-0.1414276475037058
4344,0.7018247063670762
4345,-0.6319182133917386
4346,0.09559255256605079
4347,-0.010612522099597742
4348,0.8534571254184777
4349,0.16898277827814334
4350,-0.33816744520119524
4351,0.8553295247036494
4352,0.3832850855606944
4353,0.11113501443171324
4354,0.5903544547415152
4355,0.11427836211238905
4356,-0.7944638157066118
4357,0.32316797341280473
4358,-0.03746259496788596
4359,0.6312389692250113
4360,0.04864061967156318
4361,0.6677096140920866
4362,-0.4035749994127951
4363,-0.0812803583253542
4364,0.9453095629776852
4365,0.7312232450897711
4366,0.021091852925998304
4367,0.3613132776373463
4368,0.1317997787551126
4369,0.6250851783368548
4370,0.3640756466276697
4371,0.20187053052154547
4372,0.393663515770574
4373,0.5829736450369576
4374,-0.7832625407979524
4375,0.33563519690630844
4376,-0.1701219729831505
4377,0.4845009354515772
4378,-0.37871734702752574
4379,-0.011262154380638378
4380,-0.3213730199199036
4381,0.08216974722924786
4382,-0.05369112138757961
4383,0.6769739734363454
4384,0.47665171029938186
4385,-0.17155144068502756
4386,-0.33392438999222934
4387,-0.9631429925227067
4388,0.3689966737792282
4389,-0.1041032865208527
4390,0.4907674455047641
4391,-0.7142288709983396
4392,0.19414777919254209
4393,0.8385482195808968
4394,0.9049041290933727
4395,-0.2272683033128015
4396,0.234238362180024
4397,0.846651602726431
4398,0.796475281825913
4399,0.8554451581453266
4400,0.7138290322633969
4401,0.25490569901508187
4402,-0.0013292357284817634
4403,-0.12210053246944524
4404,0.7028116906041142
4405,0.885387432506459
4406,0.6604418780240298
4407,0.5096660034832639
4408,-0.644708534519041
4409,0.45141949022050815
4410,0.3578737394764976
4411,0.12896320158035127
4412,0.41491109670873816
4413,0.7334233851425531
4414,0.738885187819524
4415,-0.5540154873561884
4416,0.7538240300574173
4417,0.15522921097084072
4418,-0.5833794851783396
4419,-0.27272055058285416
4420,0.46257121461462086
4421,0.7284843808746668
4422,-0.15039524576424174
4423,0.13635271036657284
4424,0.8068014530115122
4425,0.939534205278034
4426,0.42520514651328073
4427,0.22395431263020088
4428,-0.04531793435337681
4429,0.02878460899183494
4430,0.7772555995163114
4431,-0.750827358001507
4432,-0.44563779444327506
4433,0.37691912128450206
4434,-0.17341660447076537
4435,0.8697392152454905
4436,-0.28538048711189173
4437,0.51251779898741
4438,0.21798908145400087
4439,-0.544816671999879
4440,0.5557944357693632
4441,-0.7306055930815711
4442,0.3605198941058922
4443,0.47663866281926787
4444,0.024937511993309396
4445,-0.38500694603643787
4446,-0.1711599227114084
4447,-0.7478980800520013
4448,0.10915956658738611
4449,0.7397550015812902
4450,-0.43948954624953485
4451,-0.14592663656487767
4452,0.5632059469114111
4453,-0.6441445174565201
4454,-0.1962180983447376
4455,0.7819046938796946
4456,-0.8685111794595537
4457,0.21139853152653781
4458,0.5607153763191184
4459,0.004845829684582871
4460,0.9616961569660599
4461,0.1655988322614605
4462,0.4622779366149626
4463,0.9694867883302837
4464,0.21227628189044145
4465,0.9047762491410384
4466,0.3260529470959598
4467,0.95931337919775
4468,0.7634117874675894
4469,-0.04661277696757932
4470,0.445482984022134
4471,-0.6520677176969673
4472,0.4161782805169868
4473,0.009486087022030491
4474,-0.6836409505388652
4475,0.30736964929919536
4476,-0.25671406942592995
4477,0.647493969897412
4478,-0.14117267419796112
4479,-0.7472265231661731
4480,0.48735578915139677
4481,-0.6917489018662711
4482,0.34084894224140083
4483,0.12198088154904008
4484,-0.3442595229707144
4485,0.5301508201398917
4486,0.5008244112891121
4487,0.39768162599309065
4488,0.3869380406402613
4489,0.39154913181277035
4490,-0.029687969451303746
4491,0.01880314143684751
4492,0.40758454821471035
4493,0.4251250943046837
4494,0.7487064510586813
4495,-0.5598624382362538
4496,-0.6949715330061611
4497,0.21256020607105128
4498,-0.014183609932116582
4499,0.6554437986944222
4500,0.27894432842628103
4501,0.16788957539512225
4502,0.9378593707737579
4503,0.38770346400306
4504,0.18259473798606404
4505,-0.15461038846815672
4506,-0.36171258777057924
4507,0.3727037729637556
4508,0.7519845583688547
4509,-0.22002382175931118
4510,0.37246132820014316
4511,0.42479063763063685
4512,0.47518194476847403
4513,0.23091184190564518
4514,-0.6309064462323672
4515,-0.3053900596881137
4516,-0.37849076073894644
4517,-0.866495849638468
4518,0.16143815932818292
4519,-0.8054432323851309
4520,-0.323439705947997
4521,0.5432007556176186
4522,0.8470101845728162
4523,0.3359175501734564
4524,-0.573290891419391
4525,-0.037701979323411954
4526,-0.3291038025831762
4527,0.2570012351438249
4528,0.0013075954296817751
4529,-0.6214844242570605
4530,-0.6593258074092582
4531,-0.18112790778188417
4532,0.2506692627117508
4533,-0.5230406369751036
4534,0.2775998197242491
4535,-0.5979819632021307
4536,-0.18089942258512384
4537,0.589215526354894
4538,0.582957841877883
4539,-0.6914714229323924
4540,-0.004331446089301926
4541,0.34703860078968624
4542,-0.7541667069379123
4543,0.9990870211804697
4544,0.11293949011284522
4545,-0.361445053367205
4546,-0.6302118724078587
4547,0.738689859513238
4548,0.21113517616272653
4549,-0.7191969948272888
4550,0.5009810221527384
4551,-0.548311981589872
4552,-0.05206903931236382
4553,0.7199306465591384
4554,-0.8666129750837853
4555,-0.009612134288309997
4556,-0.7467284097562602
4557,0.2732349150998927
4558,0.43381595060751615
4559,-0.47649569255340213
4560,0.7840360013660663
4561,0.6266515724924754
4562,0.7630862262897892
4563,-0.9643681126627879
4564,-0.187717008201546
4565,0.056820960586978615
4566,0.2896242822531244
4567,0.019807182110237936
4568,0.040611246231234154
4569,0.39130186822894975
4570,-0.5633506022625485
4571,-0.24660641880752948
4572,-0.5054788714497483
4573,0.8279237272461596
4574,-0.1028931500800859
4575,-0.03833641132097689
4576,-0.14672048930813253
4577,0.027643355294444564
4578,-0.25744209146466684
4579,0.8038852809657467
4580,0.9791034738099259
4581,-0.630964481224145
4582,0.9239343614426125
4583,-0.07854001113095875
4584,0.7099484481507601
4585,0.6890160796143288
4586,-0.5580438209128871
4587,0.18857495334713248
4588,0.7879479718487754
4589,0.3077570895771805
4590,0.735714415896246
4591,-0.06448123438821984
4592,0.4010038731338689
4593,-0.6654418133562492
4594,-0.33124066383594847
4595,0.5579754163103193
4596,0.3162931070512937
4597,0.8096918324976957
4598,0.26686618352111763
4599,0.5157443355987059
4600,0.2547572010345861
4601,-0.4546725604866631
4602,0.3430201763909206
4603,0.4522107484377055
4604,0.1804189005936589
4605,0.6736007886074389
4606,0.2739727220852147
4607,-0.16751096522968392
4608,0.053404573542456334
4609,-0.20698215437967657
4610,0.711417599307439
4611,-0.015131003302168097
4612,-0.5834260321007183
4613,-0.06676062801268896
4614,-0.5352036615641693
4615,-0.32643741476334986
4616,-0.6932457749126771
4617,-0.11721353342147195
4618,0.8210101473067278
4619,0.8534162668831167
4620,0.04609299233547222
4621,0.042382905308152856
4622,0.9131219533044885
4623,-0.04983965603202307
4624,0.2075957091153306
4625,0.26353873161338454
4626,0.6717845574014774
4627,0.279416541822162
4628,0.4321158570039467
4629,-0.022156181088439274
4630,-0.3922649274740696
4631,0.7448428409996278
4632,-0.8388744707335952
4633,0.0699935168983925
4634,0.4447332524368292
4635,0.6214062325091937
4636,0.5096087663199271
4637,0.3635252790868185
4638,-0.09393095670116637
4639,0.8496785356127236
4640,-0.04018011439697299
4641,-0.26822097699737585
4642,-0.4680885960907389
4643,-0.6884728293738716
4644,-0.4415512172915544
4645,0.6498242787795837
4646,0.8627417722804607
4647,-0.6028858117049636
4648,0.6434022831555046
4649,-0.09543894394807907
4650,-0.6523167817356312
4651,-0.05241149273319079
4652,0.9086813369698572
4653,-0.40207681762726066
4654,0.42353949182201456
4655,-0.27640358414499616
4656,0.2650483386954929
4657,-0.0011129585366123017
4658,0.4412455437688078
4659,0.1773708066937337
4660,0.04763384989911783
4661,0.18862712521253686
4662,0.7640435340352728
4663,0.1083239713778519
4664,0.49871645394298864
4665,-0.28664537279102903
4666,0.534358573498104
4667,0.027948739420030774
4668,0.13745641725668742
4669,-0.011861888894416658
4670,0.37850276647026937
4671,0.7318221625883391
4672,0.6719157674715319
4673,0.046411499736496775
4674,0.48807219836592397
4675,0.4411136596345567
4676,0.17795598076051494
4677,0.23390104975738793
4678,-0.6726165284611605
4679,-0.6173410137105038
4680,-0.46567368015024097
4681,-0.4599951959421188
4682,0.7453965215726039
4683,-0.05306269188734629
4684,0.165112054419314
4685,-0.24419949784205267
4686,0.8623587636571156
4687,0.30444097537032355
4688,0.9683726268806545
4689,0.5901328936610173
4690,-0.0968652881381465
4691,0.1651366015531109
4692,0.9980294301857012
4693,-0.7331333075018678
4694,0.165725564326795
4695,-0.9300175089493335
4696,0.03827360166680879
4697,-0.9252733662917828
4698,0.8518661238715599
4699,0.7292302644254569
4700,0.13845016964918527
4701,0.17701815126803505
4702,0.34876832053672596
4703,0.35387428832663875
4704,-0.4003903364239989
4705,0.12194759022971847
4706,0.5876014314600321
4707,0.5331902923840828
4708,0.7966447009244602
4709,0.9010111591730493
4710,-0.4402762380392782
4711,0.6290913045219945
4712,0.2870093473232944
4713,0.19607146510503515
4714,0.17412220424777675
4715,-0.046688636222053215
4716,-0.32379375999558285
4717,0.4309581303816565
4718,-0.6441856527801332
4719,0.5568140439416757
4720,-0.3555057058501495
4721,0.8027656147588365
4722,-0.34886929757596363
4723,0.34337882245148466
4724,0.17087362066293954
4725,0.43457580229214615
4726,-0.7691608501881942
4727,-0.7877377392265649
4728,-0.5759714665250306
4729,0.39454083681926355
4730,0.9371001624139474
4731,0.4003570545691104
4732,-0.2578082225183755
4733,0.8630313176544425
4734,0.6682426677748833
4735,0.21713548473987007
4736,0.06457301713094797
4737,-0.31635646448843147
4738,-0.701496631573475
4739,0.8367821257158401
4740,-0.18011888438661344
4741,0.6451312678801451
4742,0.0876078149149384
4743,0.003023796852139473
4744,0.3077139161804215
4745,0.0007645489563210328
4746,-0.04754241537952497
4747,0.28030669940107017
4748,-0.7794871829363027
4749,0.6938058901145556
4750,0.44466654188855786
4751,-0.4619768179876785
4752,0.3231473006151535
4753,0.6802495233187085
4754,-0.847866657136058
4755,-0.513321124277149
4756,0.3303272471181454
4757,0.009611542303557154
4758,-0.4911423420055801
4759,0.044916109321462554
4760,0.10595098764705654
4761,0.6276172942252415
4762,-0.054023452321985944
4763,0.46192412711629105
4764,-0.18099407677113474
4765,0.4615404747110534
4766,-0.035593102576570744
4767,-0.28069004894152677
4768,-0.31016458537971703
4769,-0.7971554364474249
4770,0.05944282282351437
4771,-0.2823109050298831
4772,-0.17083106305093543
4773,0.037236313610326616
4774,0.2634141054689803
4775,0.2508353734452046
4776,-0.44725929255988134
4777,-0.7295680958722929
4778,-0.5099068717582298
4779,-0.4390051002494382
4780,-0.1371860498993005
4781,0.6545120284616455
4782,0.6032876049594263
4783,0.21248211436384543
4784,0.1177680904515152
4785,-0.5440761284397538
4786,-0.29062095786427405
4787,0.2038483751076995
4788,-0.27062899341947316
4789,0.7624256157549081
4790,0.33360742045081887
4791,-0.4581544632711645
4792,-0.26430925554769125
4793,0.26747417217841496
4794,0.08813195608052508
4795,-0.34772167577869856
4796,0.5982268437324706
4797,-0.2762067136885163
4798,-0.40012537381371627
4799,-0.6355247453336907
4800,0.4693949066813017
4801,0.909471596086314
4802,0.03359457639104964
4803,0.46900571757665294
4804,0.19308318942639735
4805,-0.07566855264294478
4806,-0.03989081622136459
4807,-0.23637221806250933
4808,0.5450181905632389
4809,-0.612795885853237
4810,0.5330042920920326
4811,-0.07464477396759696
4812,-0.06360678833569909
4813,0.3840159217381425
4814,-0.5604659586478059
4815,0.829738363603498
4816,0.06887048411763862
4817,-0.17405240481178935
4818,-0.5808999012241405
4819,0.12218604267415986
4820,0.5677891243372478
4821,0.2417996062887941
4822,-0.2712992218850028
4823,0.589528176270846
4824,-0.7171256446480899
4825,0.8301821076312625
4826,0.464178208450609
4827,-0.7873673457199455
4828,-0.4613815889019192
4829,-0.3462217984016602
4830,-0.5128032873697494
4831,-0.21585731643930656
4832,-0.6327086687636173
4833,0.3752512268523348
4834,0.6562642028512968
4835,-0.7194026318150532
4836,0.10457622576419831
4837,0.7010055288240513
4838,-0.2757926620305206
4839,-0.5526786986755514
4840,-0.7094938689618415
4841,-0.5794246274380253
4842,-0.6569115376612915
4843,-0.05510966212839172
4844,0.08160620411767859
4845,0.5910883355649394
4846,0.4815066501533403
4847,-0.2299796780718289
4848,-0.30065306876030323
4849,0.283963560234706
4850,0.21976796034614524
4851,-0.554890516474191
4852,-0.14274062563816556
4853,0.455987840426667
4854,-0.6807808927595735
4855,-0.24248937354567987
4856,0.22412209970825175
4857,0.24550639860078222
4858,0.9475883533165694
4859,0.08527259096713105
4860,-0.31506711495063605
4861,0.7760270486257849
4862,0.7843409907156093
4863,0.8787270055390213
4864,0.500572757940522
4865,-0.19371488446866217
4866,0.8367253421699211
4867,-0.5112111015606032
4868,0.6449469101814291
4869,-0.35972897430359657
4870,0.888443936884182
4871,-0.7054624343486148
4872,0.40130460585180044
4873,0.09255218249132627
4874,0.10284782971249963
4875,-0.7273007269371101
4876,-0.00847956609106402
4877,-0.24944685056475477
4878,0.7047833568771352
4879,0.9407860481667535
4880,-0.1751676150029363
4881,-0.5975915899222108
4882,-0.13326443902957588
4883,-0.25095233219286217
4884,-0.5303085616535388
4885,-0.05856405828433251
4886,-0.982006303982863
4887,0.4811028482423315
4888,-0.01656427800981634
4889,0.2543643629958709
4890,-0.4186682684577261
4891,0.4126878145232216
4892,0.2807048567085459
4893,-0.09813788081722681
4894,0.10583692102629502
4895,-0.2428495185845011
4896,0.7112686570181282
4897,0.15317730043866326
4898,0.4541988963036419
4899,0.6439174218787161
4900,0.721560697443851
4901,-0.0031729164760418605
4902,0.4513854748457089
4903,0.040730816493585405
4904,-0.8907709504737042
4905,0.8458058530620334
4906,0.23409911078903028
4907,0.8054084477008996
4908,-0.636225758594585
4909,-0.1789425537390289
4910,0.21045885810575282
4911,0.9815759091069286
4912,-0.34048880268854204
4913,0.24969796162460808
4914,0.7903075803480137
4915,-0.20340235280639643
4916,0.6211726312308371
4917,-0.9198674701453684
4918,0.00727636966143827
4919,0.32456762939914563
4920,0.34376385534751047
4921,-0.7999324535051435
4922,0.5581613890336916
4923,0.22076657162408592
4924,0.4901284706861824
4925,-0.12050111665549999
4926,0.33987493261414864
4927,-0.629678623329952
4928,0.10351616104174435
4929,0.4093658262194758
4930,-0.17756185525173782
4931,0.4608824047749886
4932,0.3703063296983195
4933,-0.6414865301338415
4934,-0.19645974919896073
4935,-0.31904444130177734
4936,-0.4611613617873576
4937,-0.4658674539054629
4938,-0.44535840836697493
4939,-0.28229294156801016
4940,0.08554509240253372
4941,-0.5479810399400774
4942,0.16699098879875574
4943,0.5451873475079994
4944,-0.05678772817679899
4945,-0.4209602527956319
4946,-0.18321191819581947
4947,0.020793032604745597
4948,-0.9166443089538545
4949,0.04495854205376668
4950,-0.4494152575229581
4951,-0.4977005743643535
4952,0.8878877549138913
4953,0.46164319166254747
4954,0.40753665281227824
4955,-0.3695459484794203
4956,0.5245179728355915
4957,0.7174413484541184
4958,-0.21035085605120954
4959,-0.1991703336755566
4960,0.26029849565994917
4961,0.4355953774755849
4962,-0.061393312914656634
4963,-0.10737736969981668
4964,0.5619165089944079
4965,0.1876165183912384
4966,0.7680222150998774
4967,-0.6067027338666552
4968,-0.6267724771433273
4969,0.4181080024191822
4970,0.33444683408105663
4971,-0.7112769197810602
4972,0.5514814270432264
4973,-0.1122193022094894
4974,-0.873866350956595
4975,0.4704193388064989
4976,0.31285005327697124
4977,-0.2735625453049328
4978,-0.010690680072601653
4979,-0.1082343024900767
4980,-0.3635846672790687
4981,-0.5219810133717269
4982,0.38366306833634817
4983,-0.7419591749116551
4984,0.6521952757911751
4985,0.43196224335612043
4986,0.8014647715824785
4987,-0.7326500080672109
4988,0.6113350663564844
4989,-0.06776122565558103
4990,0.4155459003659902
4991,-0.656993903539191
4992,0.15002725392653163
4993,0.7644617104772081
4994,-0.18889957919831987
4995,0.43384912301942324
4996,-0.021383672013694312
4997,-0.5873620997401071
4998,0.36427052449128194
4999,-0.26428301505798496
5000,-0.503647287589689
5001,0.3651921673513464
5002,-0.06236827020973812
5003,-0.7798398972579791
5004,-0.38949676918461257
5005,0.4403392115482198
5006,0.25920918408658533
5007,0.3489555373773414
5008,0.4357137721879383
5009,0.9417784924101744
5010,0.7092776834567097
5011,0.7988636493834361
5012,0.5066223945351864
5013,0.2901204923926877
5014,0.22560717988013784
5015,-0.15219413179637906
5016,0.4874897485545925
5017,0.4209745857296153
5018,0.08798185983995573
5019,-0.31704163972545296
5020,-0.23898706337330555
5021,-0.8692142365458058
5022,0.32357967174327446
5023,0.33449637893735373
5024,0.1492879744347645
5025,-0.021546010898777463
5026,0.1675937148509652
5027,0.33836463268550065
5028,-0.11405284539670169
5029,-0.6144675774117391
5030,0.36439060804247597
5031,0.15211186289430112
5032,0.744095971040748
5033,0.0023941036634364697
5034,0.256340567873384
5035,0.6748957906513452
5036,-0.24779449710026516
5037,0.37110899612841197
5038,-0.6169813579253243
5039,0.67152420300904
5040,-0.17605006693607866
5041,0.20899228683148177
5042,0.7351870109741365
5043,-0.14336532515157685
5044,-0.42326831667009807
5045,-0.01409854728927503
5046,0.7597601506052111
5047,0.7530777753515582
5048,-0.08879470367036041
5049,0.22266271762029288
5050,0.832826333628016
5051,0.4302150561129998
5052,0.32865786442169886
5053,0.1694479775445271
5054,-0.09945427690631199
5055,0.5919821283476083
5056,-0.2223299591758301
5057,0.628170507454304
5058,0.18145584177910096
5059,-0.30105506474597193
5060,0.4788271882939873
5061,0.9232288973500524
5062,-0.42783102398732636
5063,0.2710721902410375
5064,0.28130041319139115
5065,-0.032855666994448536
5066,-0.34291502909351795
5067,0.38768370248814654
5068,-0.24443907852673175
5069,-0.71766172001582
5070,0.046762658544659025
5071,-0.3726858733459152
5072,0.7902668689033783
5073,0.4813204159612844
5074,-0.9088732712089663
5075,-0.7865907384877894
5076,0.7530095390549251
5077,-0.446833104887594
5078,-0.3908793345674775
5079,0.8209182865412913
5080,0.11708699867269286
5081,0.9790269837088139
5082,-0.03520812037302467
5083,0.4847132737881567
5084,-0.1703865394252056
5085,-0.12964697976774459
5086,0.7350548325051225
5087,0.8663694201270697
5088,-0.19317667264741245
5089,0.013770824532387087
5090,0.8256279191659398
5091,-0.1465827955637428
5092,-0.5807843074183265
5093,0.4375194778517113
5094,-0.13221510555463997
5095,-0.7067589519158289
5096,-0.27489340681555297
5097,0.34268836090630805
5098,0.27654888967260666
5099,0.7103996344741639
5100,0.6999444695936577
5101,0.7622879269338154
5102,0.39711463268851754
5103,-0.7616444846349497
5104,0.3713566451235183
5105,-0.4621960425535957
5106,-0.8891558850089368
5107,-0.8201071628915323
5108,0.08533055605453244
5109,0.1676003671930944
5110,-0.29224942177182345
5111,0.701835783065316
5112,0.5838967966086392
5113,0.22861804568743863
5114,-0.6854891546481996
5115,-0.7325796623863574
5116,0.515397190880346
5117,0.3917645175533525
5118,-0.011180981067609166
5119,0.2915301933688463
5120,-0.15558820960142367
5121,0.4732050308496083
5122,-0.28497175563519933
5123,0.2913660954852067
5124,0.5136370709405454
5125,0.951448614405968
5126,-0.4669609035185176
5127,-0.6871529363436577
5128,0.33072849866473064
5129,0.8483536721020632
5130,0.7378203524015069
5131,-0.7555126857874914
5132,0.7491262476104465
5133,-0.8113618782320291
5134,0.6608572521622177
5135,-0.3441718456850577
5136,0.853776188494237
5137,-0.8584106339691683
5138,-0.6860410681195275
5139,-0.13452174750469523
5140,0.20460423799403185
5141,-0.3987716590807719
5142,0.05700364068964067
5143,0.7970461679220731
5144,0.4192204145302505
5145,-0.6661312680253534
5146,0.4670997351116641
5147,0.6745142546423708
5148,0.7036839007531448
5149,0.5427645556201064
5150,0.6559719038661534
5151,0.4657342546087678
5152,-0.0890006414217863
5153,0.5923591718761998
5154,0.2405544756711134
5155,0.011299557127479104
5156,0.2114466102618395
5157,-0.931406232025072
5158,0.8649550117146303
5159,-0.2665118272319654
5160,0.3929862941512765
5161,0.7944644002418361
5162,-0.26404867441422475
5163,0.4881626638143277
5164,0.6080835498641185
5165,-0.28204112611316934
5166,-0.6792141145055595
5167,0.37089587066452206
5168,0.1575627021791661
5169,-0.24051797347601653
5170,0.5111630757616267
5171,0.564370024181104
5172,0.20209515583785234
5173,-0.2635385169056567
5174,-0.055845493918560404
5175,0.08291134169629602
5176,0.6407329833069151
5177,-0.6831407192350144
5178,-0.4138443367750073
5179,0.35513292301377125
5180,0.7562233981965116
5181,-0.26768068126221184
5182,0.38545002864292804
5183,0.18372980151367904
5184,0.851327041759835
5185,0.04917312278761344
5186,-0.9234872601525765
5187,0.32652186834129826
5188,0.09909244768938053
5189,0.14559554676757186
5190,0.14697638559591922
5191,-0.47335364909096583
5192,-0.04807693211428626
5193,0.6457663079360201
5194,0.1350470972825817
5195,-0.18172084848195666
5196,-0.27943005274517824
5197,0.6054156453611571
5198,-0.2223366556037632
5199,-0.6091500534885147
5200,-0.6461747640137285
5201,-0.07458318005856976
5202,0.5984588017516614
5203,0.37339779939981815
5204,0.4658163168773901
5205,0.5600968877573388
5206,-0.06745994126952426
5207,-0.13773823650158762
5208,0.13048238774254642
5209,0.3878164801305877
5210,0.8705098744373532
5211,0.3363376566541576
5212,-0.04850896647844375
5213,0.3170822481485796
5214,0.24898256783324532
5215,0.4766440456094061
5216,0.48838107608398706
5217,0.8500314832310448
5218,-0.2939599612734516
5219,0.2998555085513075
5220,-0.4180833875278782
5221,0.577490347353935
5222,0.6461316939822069
5223,0.38083039433766536
5224,0.3354181652304307
5225,0.04517084792132137
5226,0.4615125739162588
5227,0.2662664342517817
5228,0.3066334780698749
5229,0.15773015520382686
5230,0.26900450426518707
5231,0.00535473218218564
5232,0.09236219166415108
5233,0.2670306261872374
5234,-0.5650284064119516
5235,0.5513928314881337
5236,-0.12239920650173197
5237,-0.5347819067551512
5238,0.7900440296385747
5239,0.21884904465703486
5240,0.12600656695175155
5241,0.43375081821226175
5242,-0.2306605101651376
5243,-0.9126081430532557
5244,-0.39129060357832696
5245,-0.15800946572780056
5246,-0.09304163365285387
5247,-0.12413525488358422
5248,0.760883929261772
5249,0.7410797222954487
5250,0.40584749209717824
5251,0.4589237118270505
5252,0.40113560125530967
5253,-0.6974063018546426
5254,-0.019959964051758216
5255,0.20020751514239912
5256,0.8412538664800655
5257,0.2838096303150991
5258,0.19459361246975898
5259,0.0947016908731144
5260,0.49583707876181
5261,0.10723079608837038
5262,0.5670092229803794
5263,-0.572859041497432
5264,0.5290494025918108
5265,0.041454260203333045
5266,0.2791986129059101
5267,0.2486552212648345
5268,0.5669072621326957
5269,-0.7310430447488762
5270,0.17772548288494916
5271,-0.11909557683433769
5272,0.06302106105252532
5273,0.7529698069089437
5274,0.012659934326273294
5275,0.2725998249013791
5276,0.05637469689940665
5277,-0.5329763642510155
5278,-0.002655829338947264
5279,0.09201855990887428
5280,-0.33494260769802964
5281,0.6407666959483318
5282,-0.6011013896500264
5283,0.8504784973652626
5284,-0.029264726703589157
5285,0.20998551496318688
5286,0.836957945675792
5287,0.0757958842188278
5288,-0.483486780944021
5289,0.023377803079693817
5290,-0.18026673739231117
5291,0.1145335719830519
5292,0.8184489582981482
5293,0.24534243351602508
5294,-0.03206905351121891
5295,-0.8007131826779632
5296,0.09953293097114001
5297,0.13894159701551903
5298,0.7710387401719982
5299,-0.7458458331356844
5300,0.5628785296250235
5301,0.4577594056255265
5302,0.6459348035554691
5303,0.3177072449729612
5304,-0.699480723629806
5305,0.4798485475291703
5306,0.6982759040136102
5307,0.21953978397702756
5308,0.8585719456703486
5309,0.6437855525073012
5310,0.31557300602579436
5311,-0.6083701602224727
5312,0.7184877790025285
5313,0.4956126354322069
5314,0.9043426060066103
5315,-0.1742788829205225
5316,0.7396087907242475
5317,-0.34405409316682384
5318,-0.1910313859987268
5319,0.19844487435418426
5320,-0.09981142761927518
5321,0.10751371604133352
5322,-0.11256808992836402
5323,-0.07699961108049005
5324,0.36067430206806395
5325,-0.2956351161456218
5326,-0.7556817744506316
5327,0.8947315962326177
5328,-0.6855857662218773
5329,0.3879657440515104
5330,-0.49140856642122943
5331,-0.25535281836966917
5332,0.22728953273208685
5333,0.5257771958448868
5334,0.08995280513410425
5335,0.5160969596447522
5336,0.8342473170256095
5337,0.7627455507849458
5338,0.009694710147982729
5339,0.6389176259654761
5340,0.7704016046369004
5341,-0.008471338488721444
5342,-0.3751699567533748
5343,0.886832870859933
5344,0.22883987446891682
5345,-0.29405596157217945
5346,-0.02020869340238273
5347,-0.6298146602396383
5348,0.07040578458768332
5349,0.2660671551393384
5350,0.7797192991300479
5351,0.8819318107473855
5352,0.6228462565780536
5353,-0.22335748262304617
5354,-0.5238000512689767
5355,0.4130833204684793
5356,-0.16176428593994768
5357,0.0850334306891103
5358,0.7065249551153268
5359,0.16997758059345516
5360,-0.2537115100794031
5361,0.20756051505358916
5362,0.4934572359436925
5363,0.38286278180255817
5364,-0.4413959959703753
5365,0.517289253363411
5366,0.8951535216695845
5367,0.5736876214091107
5368,0.19394065676187278
5369,-0.2717495533837939
5370,0.73471177976555
5371,0.6148579270966794
5372,0.3514632143974094
5373,0.4726541948646201
5374,0.6248339853127272
5375,0.6119226611078964
5376,0.7455844662946791
5377,0.8743888607475606
5378,-0.11992304536416624
5379,0.6994079807457219
5380,0.08407498914482145
5381,-0.3373457956660049
5382,-0.4001061157764935
5383,0.3765154326796969
5384,-0.23250655909459858
5385,0.43337404694746956
5386,-0.18596609146055593
5387,0.37132813904126
5388,0.4159191012150651
5389,0.8431504002071641
5390,-0.21194117611649532
5391,0.8135659574010302
5392,-0.6086355521621224
5393,0.35470446574171766
5394,0.05256116920377335
5395,0.5699982449584602
5396,0.2766163061634874
5397,0.7357773595817915
5398,-0.7357052630785993
5399,0.4232948898910214
5400,-0.48826718937233804
5401,0.37537477669992175
5402,0.6243628444431052
5403,0.03873530859686242
5404,0.8818407675468177
5405,0.8868745608834678
5406,0.35355271652904535
5407,0.23025243490094238
5408,0.3168175847275543
5409,-0.11689688204584792
5410,-0.08643591672759056
5411,-0.853856697935682
5412,0.7396622572627763
5413,-0.04314803906393929
5414,0.4638038697932392
5415,0.6634371760117102
5416,-0.4144498300671074
5417,0.2643587264730885
5418,-0.1640818936872587
5419,0.6947986336346793
5420,0.6539511763254506
5421,0.422623150469313
5422,-0.6162582565985918
5423,0.21125208207716228
5424,-0.9369946197643119
5425,0.29707466552034667
5426,-0.23397272869274038
5427,0.45955438275517135
5428,-0.46867838785609095
5429,0.5520392718808832
5430,0.2015211223350343
5431,0.5109701817222341
5432,-0.11379205036334278
5433,0.43020923433186864
5434,0.6375651014308898
5435,-0.19515010009492198
5436,0.6642294309338863
5437,0.4794279024955216
5438,0.6724068774977501
5439,0.19215802174192928
5440,0.8737005651532103
5441,-0.552248856346589
5442,-0.840901428670723
5443,0.6423350241542405
5444,-0.8302389351597397
5445,0.2225074297407014
5446,-0.6240269661290496
5447,-0.0712655298067363
5448,0.9316486526286265
5449,-0.7238742541771793
5450,-0.09326605586241299
5451,-0.531044804648803
5452,-0.6612546776681361
5453,-0.22620261620814663
5454,-0.02191908409324546
5455,-0.8057699689300152
5456,-0.13940683096205334
5457,0.30961335788874844
5458,0.6886910584859146
5459,-0.3239610579817606
5460,-0.2246003229993758
5461,-0.08108857923438555
5462,0.8981899378762446
5463,0.08000789169761612
5464,0.7108646121353717
5465,0.9384664169521447
5466,0.33051300089596986
5467,0.6224128719373434
5468,0.8676455052291935
5469,-0.07993965057197264
5470,0.9154359208382596
5471,0.14592317665205587
5472,-0.34028967344137273
5473,0.8755463798905047
5474,0.2948325518000387
5475,0.4232935296823813
5476,0.44118423038854493
5477,0.5282044884179375
5478,-0.3267499176667636
5479,0.4082907967709499
5480,0.33528869027822183
5481,0.1154127505736563
5482,0.002905005546033677
5483,-0.7355077752386094
5484,0.2905254794247121
5485,0.7175795756010567
5486,0.29774085504030595
5487,-0.5603315438572911
5488,0.44539092883042064
5489,0.03566554736478965
5490,0.41302713411922365
5491,-0.889037984092805
5492,-0.028908248934106533
5493,0.16060677413088628
5494,0.36693562411517056
5495,-0.1568625162696946
5496,0.9107119714142539
5497,0.486233242617467
5498,0.40420603472440386
5499,0.6680105438279164
5500,0.5987580968524016
5501,0.34802702296651106
5502,0.6486573225178408
5503,0.8084298395127908
5504,-0.8306130404647355
5505,0.6893620528931065
5506,-0.38484933185124437
5507,-0.90270761302827
5508,0.3894258356038598
5509,0.3625370736751933
5510,0.37428161145570427
5511,0.4122118560974165
5512,-0.5150079967493398
5513,-0.2828659824573505
5514,-0.3351865937857691
5515,-0.40318715057892174
5516,0.3273617022240368
5517,-0.20551465008767716
5518,-0.37599510605759623
5519,-0.21830731085784985
5520,0.8722594353447695
5521,0.541049903961928
5522,0.17166261664338836
5523,0.4445126114159443
5524,0.46489740407967034
5525,-0.307034849761372
5526,0.3244548171974041
5527,0.40627534336193033
5528,0.4576303639076481
5529,0.36016900468317725
5530,-0.17877212080394078
5531,0.9193439815445922
5532,0.5149157738916776
5533,-0.2355982076551223
5534,-0.023379919247280254
5535,0.5167352978560967
5536,0.6306283582749551
5537,0.49433564765487864
5538,-0.15976350317356924
5539,0.9030840137116755
5540,-0.5507937734616256
5541,0.6622816541409394
5542,0.9214947809312766
5543,-0.4301971256417198
5544,0.060332798660199236
5545,0.08742209577395545
5546,-0.43115204288987297
5547,0.013378386629288893
5548,-0.055408802014767666
5549,0.7920286828768174
5550,-0.3007766379597118
5551,-0.2824209617819328
5552,0.8732073722219557
5553,0.3154085246360984
5554,0.8557386620972945
5555,-0.023006905533604946
5556,0.31292616208881724
5557,0.48339944031057214
5558,0.5989770738483567
5559,-0.6582329913677145
5560,0.5891847404922234
5561,0.8550884961342462
5562,0.05451663765900064
5563,-0.6684065628778424
5564,0.9519463216856576
5565,-0.08978894109942716
5566,0.6048341231225951
5567,0.4342790499262586
5568,0.012447863846928005
5569,-0.8329395709192919
5570,-0.0858127728725426
5571,-0.08782967443688017
5572,-0.9021219816611215
5573,0.699771656384382
5574,-0.7325907354663403
5575,0.4431216166209453
5576,0.5788945562464253
5577,-0.046278993465826264
5578,0.2287082968909864
5579,0.07628298140454012
5580,0.9309727556311264
5581,0.08493816792951969
5582,-0.9133291439087463
5583,0.24100982475912439
5584,-0.14064528651718933
5585,0.47464703108071843
5586,-0.021216629573559232
5587,0.3208882583579059
5588,0.9615448509819855
5589,0.42083769446140895
5590,0.6022913230773956
5591,0.29677546454424
5592,0.4758917385114508
5593,-0.8679688074686811
5594,0.882572994479063
5595,-0.31393924519007815
5596,0.3388220658230525
5597,-0.975477382939518
5598,0.4918516296884719
5599,0.5421076717942589
5600,0.5921489068026046
5601,-0.5733912280278602
5602,0.6522098804667992
5603,0.007943047076013886
5604,0.7927332355343565
5605,-0.9422924816720857
5606,-0.7343362466991623
5607,-0.8044389472767294
5608,-0.306923568587875
5609,0.43368597606750386
5610,-0.5348337434166078
5611,0.24731902095924205
5612,0.5318945162230464
5613,0.2763299643031793
5614,0.2069528618303996
5615,-0.28411133348233525
5616,0.07207429915641407
5617,0.19784130055687096
5618,0.6713760497015355
5619,-0.28039651525409465
5620,0.9076161054956365
5621,-0.03159488181667591
5622,0.9148055548765835
5623,-0.634260492363619
5624,0.5312164091009022
5625,-0.45875463599830174
5626,0.2734256650404276
5627,0.28988478457885203
5628,-0.5404618570017113
5629,-0.5138290211306378
5630,-0.5087925974706572
5631,0.06968367593933487
5632,0.5519840083052957
5633,0.2089365772351444
5634,-0.06967103600064035
5635,0.3948107694237919
5636,0.2879406687776256
5637,0.9526493023544753
5638,-0.2575811620457888
5639,-0.349552822200101
5640,0.6233650736415677
5641,-0.06641702085710673
5642,0.7664565972651
5643,-0.686926046685978
5644,0.29847247008132194
5645,0.10701489182675127
5646,0.8986119202935856
5647,0.43129861428079064
5648,0.8417024698822526
5649,0.3718945378229926
5650,0.29627325965963763
5651,0.3177058626705885
5652,0.37538436419466487
5653,-0.15701973107365738
5654,0.5570042104374605
5655,-0.4432604194503369
5656,0.3540576386014123
5657,0.7341259127173235
5658,-0.6101265138045737
5659,0.6600534864864082
5660,0.09773985673291025
5661,0.6737894044445323
5662,0.6638483333218406
5663,-0.2659450822182494
5664,0.21692240651526662
5665,-0.9097437321791991
5666,0.10217706263190661
5667,0.2903120885622568
5668,-0.035765885964218445
5669,0.8992818969427363
5670,-0.24379272686153533
5671,0.2329715011502065
5672,-0.2424648137351185
5673,0.4925309119337579
5674,0.27106395259550203
5675,0.6781657775995014
5676,-0.5022212286001
5677,0.15177419250034832
5678,0.36438326130107784
5679,-0.10246849549325909
5680,0.1300468841572188
5681,-0.2599815706253505
5682,-0.15826743653624842
5683,0.08259443415389306
5684,0.11217627924759108
5685,-0.034484384650551494
5686,0.7854169498418067
5687,-0.21637223034046407
5688,0.4203625396987074
5689,0.4321079731127673
5690,0.5491794308661433
5691,0.5419462945158797
5692,-0.1493606924870854
5693,0.5040127427778482
5694,0.5998930504798512
5695,-0.0030020332087241468
5696,0.59545193663004
5697,0.32019759756832944
5698,0.20551381675452146
5699,-0.29393176813023075
5700,0.35271904111494295
5701,-0.2487778791807717
5702,0.11376452160568336
5703,0.8092573520961699
5704,0.8903478449129869
5705,-0.02054233513153653
5706,0.6431276981381803
5707,0.5784927107210066
5708,0.7409339486327571
5709,0.23400914229676475
5710,0.16731983946594647
5711,0.5191034327640487
5712,-0.45369431657747483
5713,0.4132616067762562
5714,0.10214044789747548
5715,0.8021767508852574
5716,0.113389010138164
5717,0.28760735106892776
5718,-0.4675602215749889
5719,0.5874442339649085
5720,0.013252867600033842
5721,-0.31357253905290605
5722,0.36450718865939974
5723,0.35045208246916854
5724,-0.03422488517279285
5725,0.43109276432177795
5726,0.3631358244330615
5727,-0.7043527393636958
5728,0.12795676509360188
5729,-0.018566749921464322
5730,-0.4191681676955501
5731,0.2623126984245583
5732,-0.40600772983398875
5733,0.8101429090582751
5734,-0.35686414466961436
5735,-0.052168936256176156
5736,-0.4976138999833742
5737,0.3590887637743629
5738,0.9263352354947642
5739,0.611391975849031
5740,0.169438864265729
5741,-0.5187735329149975
5742,0.23076019345580884
5743,0.5587405128807456
5744,-0.217169332285692
5745,0.22604363412873096
5746,0.40941321024869276
5747,0.09436038182813537
5748,0.32712656572604976
5749,-0.4762674076355283
5750,0.8984650394968667
5751,0.7404838492257215
5752,0.3292607443953968
5753,-0.3753150357112158
5754,-0.1520588335787634
5755,-0.03343124209583807
5756,-0.34416245334190804
5757,0.5461368982833518
5758,0.07586382535918075
5759,-0.9146172175331729
5760,0.8216090095387865
5761,0.5238070648898555
5762,-0.26609092141377133
5763,0.08927320175315066
5764,-0.23156366526999594
5765,0.2941574487172308
5766,-0.6198388441482725
5767,0.8588319486913263
5768,-0.6055738745210538
5769,-0.04821097844102959
5770,0.5425260889670513
5771,0.2206684895419719
5772,-0.3101108921701231
5773,0.1929083232958169
5774,-0.34026013328877747
5775,-0.27131275504716973
5776,0.7537169747364653
5777,0.5535926060732484
5778,-0.58869712661551
5779,0.34875005915178925
5780,-0.1263748153414647
5781,-0.22878082345997489
5782,0.6072404335551781
5783,0.3806808438024674
5784,0.228684058366609
5785,0.6844884549380249
5786,0.08660201695320185
5787,-0.4506409075289791
5788,-0.8627062643472023
5789,-0.10865328447866782
5790,0.3808766049824316
5791,-0.576809632684565
5792,0.3256931565588602
5793,-0.8245933406104486
5794,0.38445013743675543
5795,0.7023688818671128
5796,0.31360447894707544
5797,0.40210106098046433
5798,0.23044961702207448
5799,0.6223155052601763
5800,0.03487285113618356
5801,0.8872061489918228
5802,0.8010877316321049
5803,0.4449730824104732
5804,-0.1454735929120572
5805,0.33986159118802434
5806,-0.5289690920256328
5807,0.06775621753189032
5808,-0.07809923165658282
5809,0.4601771621153629
5810,0.38555939120331056
5811,-0.3306367105291826
5812,-0.7006545479195492
5813,0.33952876904719187
5814,0.12702256503533957
5815,0.6013367771476471
5816,0.2719774596717397
5817,0.539779704675318
5818,-0.15662527982367047
5819,0.696311240698165
5820,-0.6000513742170384
5821,0.36906850829937654
5822,0.19135585186097243
5823,-0.23887898880012717
5824,-0.35711009952261935
5825,-0.17620370474113498
5826,0.7091273582336598
5827,0.2583618346239904
5828,-0.6467080589373657
5829,-0.702888351219116
5830,0.11778835022931158
5831,0.4823842802769186
5832,-0.9072799129072634
5833,0.22183611688122096
5834,0.006347175258475028
5835,-0.26991583874428077
5836,0.4005635649799349
5837,0.2102450474963712
5838,0.6662002447508668
5839,-0.857343636824206
5840,-0.3894612228780011
5841,-0.3522315695262606
5842,-0.4157633137218731
5843,0.9166199753334455
5844,0.37504541436040645
5845,0.26123379711905104
5846,0.880243120075767
5847,0.09677117894410697
5848,-0.4272357567309321
5849,0.0833160527769912
5850,-0.6083428495529198
5851,-0.0414119806494994
5852,-0.3661661172581648
5853,0.6455632601394391
5854,-0.5023216401321285
5855,0.7819445387135229
5856,0.22049278938118322
5857,0.41747206069533077
5858,0.7628044445733683
5859,-0.6961850897745903
5860,0.8113005943549845
5861,0.9164093762117351
5862,0.2870706612558016
5863,-0.5601666624316437
5864,-0.05486299837553699
5865,0.690216555949643
5866,0.4577171152426098
5867,-0.9255070446677878
5868,0.9838919143127639
5869,0.8814154153408023
5870,0.3167166011327344
5871,-0.015237660995919073
5872,0.8337099114739254
5873,0.01792405838919949
5874,0.7206223718273637
5875,0.3735430194921854
5876,-0.724142374779628
5877,-0.5556741371246886
5878,0.35006820835605895
5879,0.3624859827811962
5880,-0.14748882605296199
5881,-0.4271183233346661
5882,0.7771708561453113
5883,0.5067969419794046
5884,-0.5644694245323705
5885,0.31423880067969284
5886,0.2299728157736701
5887,0.9166393266184587
5888,0.060202719534556685
5889,-0.7756850705261514
5890,0.07051900302458705
5891,0.11725612742147086
5892,0.38041998523940884
5893,-0.38466397485016207
5894,-0.257195918663305
5895,0.07660168643617209
5896,-0.6797279770749703
5897,0.13186021955520555
5898,0.5485557361019863
5899,0.5814457434674084
5900,-0.1764540984139893
5901,0.7452240927126045
5902,-0.3805043485084103
5903,-0.07515145007283024
5904,0.4855475647061148
5905,-0.20352252431877485
5906,-0.40804868401813355
5907,0.6239257493392862
5908,0.06196506204200647
5909,0.39129298028744497
5910,0.7496883411023206
5911,-0.4282154597846998
5912,-0.19644253437398126
5913,0.7215517969727391
5914,-0.5102694578070722
5915,0.10091180322427934
5916,0.5337177450900948
5917,0.3718169792651277
5918,0.26140464131514274
5919,0.4975234383296393
5920,0.7501290457895309
5921,0.8399992116106841
5922,-0.1778624363506165
5923,0.26089550467213374
5924,-0.6757529284709287
5925,-0.5957726313602275
5926,0.8703126867870554
5927,-0.074328771974699
5928,-0.4588929111105307
5929,-0.5846457862879452
5930,0.6034969446996127
5931,-0.45171217972581523
5932,-0.19109727482191396
5933,-0.1732507307513343
5934,0.17266150696001162
5935,0.5952506950308296
5936,-0.022539291495172278
5937,0.5705800296206613
5938,0.570156343836152
5939,-0.7463833683926555
5940,-0.029562475150424074
5941,-0.5962689649679282
5942,-0.9297423082197803
5943,0.00018595156073098707
5944,-0.5652852399591969
5945,0.7639600817709978
5946,0.9759048370513146
5947,-0.04562315332771302
5948,0.23124357539724621
5949,-0.7860377523987223
5950,0.9018503375304391
5951,0.13800031804023288
5952,0.3582638673846574
5953,0.19871331239228052
5954,0.15617760746100948
5955,0.3278687494648393
5956,-0.6131713585609175
5957,-0.5144650039171451
5958,0.527904243867355
5959,-0.2917953753580718
5960,-0.44868418663404347
5961,-0.03567156380876305
5962,-0.12396168799790681
5963,-0.07157709427230237
5964,0.8665269094874085
5965,-0.2930508030983195
5966,-0.5554840086280265
5967,0.5063478787966641
5968,-0.9121144427826872
5969,-0.20881384782738685
5970,-0.27361249376972324
5971,0.21255109592255078
5972,0.6867700384758171
5973,0.10247999036903885
5974,0.48091931834196233
5975,0.33610672248275636
5976,-0.1553358266847894
5977,0.9884397436253425
5978,-0.30461882946047064
5979,-0.36940545634153193
5980,-0.5294578231984545
5981,0.16560534159286866
5982,0.5571015475679449
5983,0.42980849965061146
5984,-0.15067938172699927
5985,0.21758300827287247
5986,0.13530133223294638
5987,0.390335614800698
5988,0.06498475732114979
5989,-0.49886605267533113
5990,-0.06993585789872529
5991,0.24964180860158128
5992,0.2506438990149594
5993,0.4048255511233086
5994,0.3913870652823855
5995,0.8384709242146174
5996,0.54091479903303
5997,0.7719605489195672
5998,-0.318900664261448
5999,0.009171362789346318
6000,0.33877092729947506
6001,-0.22860003804798879
6002,-0.31676048544863566
6003,0.8646227119926213
6004,0.42948944519925747
6005,0.6977361097062038
6006,0.21967234350611056
6007,0.6046117221721519
6008,-0.2553256531667299
6009,-0.21412604571344343
6010,-0.0774583779590976
6011,0.3462774159546483
6012,0.20939981973622634
6013,0.7738618602046753
6014,0.6801966064892354
6015,0.30157157150585195
6016,0.8316714993427042
6017,0.6666894258474251
6018,0.9284772299999331
6019,0.30554405597647877
6020,0.6041365781355019
6021,0.8211790793778062
6022,0.37436686554131926
6023,0.536629999557374
6024,0.3604444471752462
6025,0.48925191901965603
6026,0.8664772803552847
6027,-0.6571299235414252
6028,-0.21937661833034178
6029,0.5341730212398466
6030,0.0711660432422304
6031,0.4151635259606091
6032,0.8870410339709762
6033,0.26374943555105124
6034,0.6225316774961361
6035,0.69017029374091
6036,0.4773323852563904
6037,0.22679008463178987
6038,0.28088564995593474
6039,-0.3496196211600866
6040,0.6661137505653926
6041,0.6912296215151963
6042,0.7210338686836681
6043,0.7446111787070453
6044,0.19294307591305965
6045,0.3929087757340941
6046,0.6440785019300048
6047,0.9440616770952196
6048,0.2396790002053947
6049,0.11396762407569444
6050,0.6191841185350541
6051,-0.3805151660806213
6052,0.701350641594749
6053,0.9288661102832761
6054,0.90701908640268
6055,-0.21970150809939681
6056,0.5583592050909183
6057,0.9677496993602616
6058,0.5484569618692506
6059,0.04315788853834012
6060,0.7639798982809035
6061,0.6932897118621519
6062,0.4263019146691076
6063,0.5886955064758731
6064,-0.15667366655146023
6065,0.4722497357588867
6066,0.9099466643246689
6067,0.6956605598215766
6068,0.6659103363670656
6069,0.30553357152760674
6070,0.7072172449796907
6071,-0.8648629721413515
6072,-0.4509969090692882
6073,-0.22297212542494857
6074,0.3758019177138525
6075,0.409538239087368
6076,-0.7446732438628743
6077,0.19839131895175832
6078,0.4696894429741864
6079,0.4266766996879532
6080,-0.3856981109146167
6081,-0.463351559663953
6082,0.07264757636609238
6083,0.11879380406180823
6084,0.3060107774542613
6085,0.16195911144590922
6086,-0.6148250018918263
6087,-0.1213565677630469
6088,-0.8433988445849274
6089,-0.09100836818203449
6090,-0.2510714205437301
6091,-0.17977830739776482
6092,-0.08213665101592453
6093,-0.4813720398958222
6094,0.09323860745560866
6095,0.2909198223057406
6096,-0.4805998330865007
6097,-0.7197310260838568
6098,0.8061571485582063
6099,-0.15219834238417104
6100,-0.3202763449795795
6101,0.48603520622672636
6102,0.5203210024752629
6103,0.05623249902334247
6104,0.44338491851060574
6105,-0.5593616358252331
6106,0.5442487344176243
6107,0.1963867443673829
6108,-0.7314288216244282
6109,0.8874508690730012
6110,-0.7161041224078647
6111,0.5187797201384846
6112,0.08061535620145506
6113,-0.35235989976156484
6114,0.08738311609393566
6115,-0.12329816598044784
6116,-0.33884300652132143
6117,-0.23353795077926015
6118,0.17698146788074168
6119,-0.32883867120685445
6120,-0.6104177105773072
6121,-0.30252609249078033
6122,0.570064701978282
6123,0.6002895888485407
6124,0.42457635647471875
6125,0.47531945380274826
6126,0.5752907209456009
6127,-0.37128335511459104
6128,-0.4624374967989485
6129,0.7206817477767378
6130,0.7831767834531934
6131,0.21170645521402126
6132,0.572836600788291
6133,-0.4533584132032037
6134,0.5489872663041978
6135,-0.9277388332644058
6136,-0.31538552462411557
6137,-0.37227199888511103
6138,-0.3952806401516939
6139,0.3199033651721461
6140,0.1440542159369789
6141,0.6616806276044064
6142,0.22215006832950288
6143,0.6890628335474726
6144,-0.05118905299647331
6145,0.5955456678242309
6146,0.3161339086536308
6147,0.710521742640135
6148,0.4818022487503076
6149,0.5158096731250266
6150,0.023076495378238176
6151,-0.290244920661951
6152,-0.163140639752131
6153,-0.6449053001475336
6154,0.01753844790281134
6155,-0.6266794865865513
6156,-0.07712618561517866
6157,-0.863663891637467
6158,-0.0484124738159999
6159,0.07334649092636293
6160,-0.14910159672086018
6161,-0.5895034577074716
6162,0.8378475817675562
6163,-0.20211659853505845
6164,-0.08827514684243101
6165,0.22240193137239883
6166,-0.867594468355183
6167,-0.054263803016593413
6168,0.7053244418847513
6169,0.04732680083398088
6170,-0.4941863747917775
6171,0.11495645438012482
6172,0.0351709903192885
6173,0.47852940109786174
6174,0.18535911632432897
6175,-0.22131169551542454
6176,-0.10415220085708367
6177,0.05030451082933291
6178,0.29518049880671005
6179,0.44812137678309605
6180,0.23791074631921907
6181,-0.058782228322226064
6182,-0.45042722303995025
6183,0.6093172156458018
6184,0.27438484604743923
6185,-0.19299517250290565
6186,0.2698238428408519
6187,0.6857097922865476
6188,-0.016439613799600072
6189,0.6289565650421625
6190,-0.16793742987822205
6191,0.450850734537624
6192,0.9255184131412129
6193,0.18522379243744289
6194,0.34019347636082986
6195,-0.5708222454813348
6196,0.9119618318992583
6197,-0.6474998569516026
6198,-0.6666502339431861
6199,-0.481513247537111
6200,-0.4974918411165876
6201,0.9294626479220399
6202,0.06002596970320126
6203,0.288580315519929
6204,0.04786088461074044
6205,-0.07385192312792888
6206,0.8485541491088338
6207,-0.009403040795085655
6208,0.8688416800445199
6209,0.11182281609201804
6210,0.09733723041550053
6211,-0.24070333958467002
6212,0.4362344924587866
6213,0.005108289847930234
6214,-0.14444101959761133
6215,-0.5425972406724798
6216,-0.7054808300830158
6217,0.7422950836067974
6218,-0.42772053120795783
6219,0.5529038155341696
6220,0.7817145888788537
6221,0.07810817041305078
6222,0.8856015998439636
6223,-0.3475156188151724
6224,0.3641422179943576
6225,0.03390573493720768
6226,0.5789073261622186
6227,0.8845995070770244
6228,-0.3453093313042217
6229,0.28862543474208435
6230,0.503084229053901
6231,0.49305028103888554
6232,-0.1453952489052849
6233,-0.7682685337514291
6234,-0.09354678736138941
6235,-0.12104002129709078
6236,0.44292104762145734
6237,-0.18970791546162247
6238,-0.3647010884317316
6239,0.36462937844123555
6240,0.15171881948529398
6241,-0.14286014074907272
6242,0.04809318050260335
6243,-0.10644325951897893
6244,0.3297170500933158
6245,0.05184226987053179
6246,0.4209875537923296
6247,-0.3799733935821378
6248,-0.2241268932557764
6249,0.06473984437750167
6250,0.09592700145422277
6251,0.1932392103935407
6252,0.39155927350476494
6253,0.4475165513237288
6254,-0.30690024686525386
6255,0.33251705252919755
6256,0.2642996643279711
6257,-0.09090065117244725
6258,-0.1944763326878617
6259,-0.3612059469110913
6260,-0.6453344569618595
6261,0.16687788346999477
6262,0.45967525078895427
6263,-0.5273235845064074
6264,0.6211225663314951
6265,0.7807087373034803
6266,-0.12696608587605251
6267,0.5733858639004245
6268,0.01909700212062059
6269,0.7113247351833731
6270,0.538829006051909
6271,-0.6432973517517697
6272,-0.14209262592816024
6273,0.809511133870061
6274,-0.73209379589975
6275,0.2639884557696393
6276,-0.373950709983734
6277,-0.711642797333031
6278,-0.45097000553024946
6279,0.4296665190893041
6280,0.7859177340084417
6281,-0.28725778239633254
6282,0.6856229739934316
6283,0.8362146642223617
6284,0.8759902346026421
6285,-0.36406321037670974
6286,-0.46415603605401
6287,0.06812868901828645
6288,-0.44034045391953397
6289,0.9178789577890611
6290,0.8038281421410016
6291,0.6495695046455177
6292,0.5172130961809147
6293,0.9375251283931321
6294,-0.3016563193291122
6295,-0.3641018841629341
6296,0.9439678498702159
6297,-0.28675514388062207
6298,-0.2420118493517626
6299,0.2644525660718256
6300,0.6025965707484542
6301,0.7275631189599667
6302,0.2177786884155173
6303,0.7032816603332145
6304,0.20256475473828878
6305,0.4675211695650631
6306,0.45269434175822404
6307,0.7901775451639025
6308,-0.07764898339532654
6309,-0.4345558399585774
6310,0.28371213793063715
6311,0.4559655180026884
6312,0.9469177935500802
6313,-0.2784403122557064
6314,0.44825926081679307
6315,0.03527769675894936
6316,0.8740474297085353
6317,0.7112644797649605
6318,-0.9729482811559079
6319,0.41345108918305185
6320,0.5162182155560237
6321,0.8177411360522662
6322,0.19124384212932385
6323,0.026859684565578846
6324,-0.5635521258884332
6325,0.35124585392974716
6326,-0.39837131614700294
6327,0.8732072101343366
6328,0.7981489673476311
6329,-0.024933039441637175
6330,-0.6025541523402431
6331,0.7655032813927688
6332,-0.26195031322170986
6333,-0.14724889635210409
6334,-0.15584121494812037
6335,0.35112927829477303
6336,-0.13895634348147193
6337,0.11071282314761545
6338,0.31196343351863326
6339,0.4040376847076965
6340,0.7891058261181098
6341,0.13425408388303772
6342,-0.35261383931072454
6343,-0.4363338911253864
6344,0.6329216478841574
6345,-0.3491055148727437
6346,0.8128110196647532
6347,0.9903543429714515
6348,0.747638539625656
6349,0.23014326909814664
6350,-0.3230082241731263
6351,0.6107256937724238
6352,-0.344065229283497
6353,0.3908196321868131
6354,0.12356574528826557
6355,-0.37446405142506356
6356,-0.08251501842521819
6357,0.6759236019324416
6358,0.8581434051745054
6359,0.24976610241220165
6360,0.35558370998825195
6361,0.8118672132277567
6362,0.6470340466328356
6363,0.22141407381500341
6364,-0.6984329068843658
6365,0.947288306588368
6366,-0.5916919479972891
6367,-0.28471481036489543
6368,0.2901887996787206
6369,0.8163036250430145
6370,0.2591246446740766
6371,0.01771721953020463
6372,-0.015551394007486313
6373,-0.8304088825075352
6374,0.5671277962598361
6375,0.5197888323838366
6376,-0.48347502357322125
6377,0.17891548212750566
6378,0.6831270407241755
6379,-0.4720705330584656
6380,0.20753879940583872
6381,-0.4303767712322852
6382,-0.9599872061058987
6383,-0.7443997733501584
6384,0.6991310460362091
6385,-0.4831535508300588
6386,0.7399767828653404
6387,0.09517363852966015
6388,-0.06281894418857635
6389,0.4582160917289327
6390,0.454656229890373
6391,0.5169313422226289
6392,0.09164197703048103
6393,0.5566494414052016
6394,0.41765914907662793
6395,0.6680278721588406
6396,0.9546729454285116
6397,0.3177544591806349
6398,0.3499598092562526
6399,0.5533889823994754
6400,0.05049828336540539
6401,-0.7622447810021781
6402,0.8795189944863095
6403,-0.8076098038540266
6404,0.6311208317759197
6405,-0.8181059547118521
6406,-0.48219431043575883
6407,0.4459616813075896
6408,-0.9517572036886981
6409,0.6341165634265535
6410,-0.8593905770280298
6411,-0.7250753906368694
6412,-0.27023666993297474
6413,0.18838667993608935
6414,0.15044792846063754
6415,-0.10695229165543714
6416,-0.08614312614256488
6417,0.22414639436928394
6418,0.39508452717370623
6419,0.830543303549978
6420,0.0894530636432084
6421,0.10673411316701646
6422,-0.405618179121118
6423,0.5629608372145636
6424,0.11418921433383696
6425,0.8450011367045998
6426,-0.43874446484147983
6427,0.5451127001183015
6428,0.6936320609638185
6429,0.9016723351051511
6430,0.8292777128987453
6431,0.6161962020996112
6432,0.07587400892661877
6433,0.7571493347858513
6434,-0.3605819811005218
6435,0.5214304031462648
6436,0.3112161370548996
6437,-0.18395006254481
6438,0.5715446922841451
6439,0.4533372307118924
6440,0.37939642186902695
6441,-0.24175343996117837
6442,0.4981682818170022
6443,-0.2447884607493689
6444,0.039100562199269
6445,0.8037493868608462
6446,-0.28700669642602594
6447,0.6745618504717645
6448,0.49394358169803654
6449,0.6303305612147745
6450,0.9403657811933418
6451,0.3822402347685404
6452,0.00460095894380276
6453,-0.06735607708261925
6454,0.30849537893086715
6455,0.7627356680578462
6456,-0.27023530082088093
6457,-0.09708497343046535
6458,0.35436309607011957
6459,0.3820068828162749
6460,-0.5039650788488899
6461,0.8341419614239715
6462,0.8037637061993752
6463,0.5950476550368323
6464,0.08024230377516503
6465,0.7420864787705774
6466,0.8709929966748667
6467,-0.20035138138484102
6468,0.19554932105414402
6469,-0.3028108098027432
6470,0.7351311807062537
6471,0.8478126422565739
6472,0.3205992771149372
6473,-0.5804464926500877
6474,0.7211412486936057
6475,0.802768646812379
6476,-0.044535906464145236
6477,0.08181166146353118
6478,0.6553971619883856
6479,0.8964186792642378
6480,0.2583726556195232
6481,0.4167747780925133
6482,0.511068675878417
6483,0.5632484129432518
6484,-0.061720777550926545
6485,0.22373600563770277
6486,0.16416038774120303
6487,-0.009456392817830138
6488,0.43807825531417216
6489,0.6767555587326255
6490,-0.5883268951240429
6491,0.5408071467162822
6492,0.5335644917739167
6493,0.6611455915544555
6494,-0.6686142516066476
6495,0.9498357502393572
6496,0.6157510889146867
6497,0.6320150295793995
6498,0.14403731948471335
6499,0.4913579844715252
6500,0.7745494129102708
6501,0.7326725458767095
6502,0.44335212135673036
6503,0.5262889471029583
6504,-0.47548397456143243
6505,0.12585851269923728
6506,0.7670022411477597
6507,0.413252215024315
6508,-0.19108525880277727
6509,0.8639703278255982
6510,-0.1015920076470213
6511,0.3666523744096282
6512,-0.3634042603834111
6513,-0.02295852607991096
6514,0.17389758054612467
6515,0.5848228362201782
6516,0.018786803789607884
6517,0.3436587522048371
6518,0.4422667343385482
6519,-0.3948068156604693
6520,0.13810204077953844
6521,-0.1356720456927388
6522,-0.2471716823470004
6523,0.6098430266828009
6524,0.5698692083716281
6525,-0.8125010802718025
6526,-0.3801683068144741
6527,-0.15285373228551027
6528,-0.9023262786982478
6529,0.38708425303891075
6530,0.8094127211257164
6531,0.6192450585093581
6532,0.3057835237716961
6533,0.6098279503537504
6534,0.15966508061432144
6535,0.4583392970457712
6536,0.9171941370180016
6537,0.7788215216884591
6538,-0.0047170569221087495
6539,0.6656215755896404
6540,0.41105291233829455
6541,0.4066438681576075
6542,0.3175301545735008
6543,-0.6571206862504412
6544,-0.7938387993062614
6545,0.06044165495616984
6546,0.5145668028492993
6547,-0.6216332782909804
6548,0.44895916127118346
6549,0.021264886381147485
6550,0.18728733743503376
6551,-0.16277281934086668
6552,0.6002051157624994
6553,-0.7704177107699548
6554,-0.27518728566004663
6555,-0.5779527628804247
6556,-0.6346018829577992
6557,-0.6754236307504022
6558,0.5727335485790106
6559,-0.3272143829198311
6560,-0.7681377847771944
6561,0.29030397440198263
6562,0.5040937703347498
6563,-0.9801036462836649
6564,0.41094057960599484
6565,-0.23073339779943003
6566,-0.3036933115349287
6567,-0.7121613482423567
6568,0.581211474804237
6569,-0.05400999908806473
6570,0.4281494783565133
6571,0.6846250299425708
6572,0.9238481067217236
6573,0.35646222624957485
6574,0.07061275570632618
6575,0.6136313503146119
6576,0.8968172849403572
6577,-0.37090064474002093
6578,0.5285145054343962
6579,-0.33908123071755636
6580,0.3747457771555293
6581,0.19661080976123677
6582,0.1306347265550116
6583,0.04802383939300109
6584,0.6594665565750463
6585,0.5989442207683745
6586,-0.603330399970884
6587,-0.19785626557932298
6588,0.5910449182677486
6589,-0.39891953468098756
6590,0.5394003764878209
6591,0.9434482354936031
6592,0.46199521263192017
6593,0.18415168225771122
6594,-0.7922159393310297
6595,0.06417965019446854
6596,0.8942007227093962
6597,0.5885182653585747
6598,0.5081999202104839
6599,-0.1571122317129747
6600,-0.08781448205673997
6601,-0.38422573888083394
6602,0.3133336534034751
6603,0.8015797734641644
6604,-0.020350072805060116
6605,0.5804175118612903
6606,0.5773381918091159
6607,0.4351142606350713
6608,-0.2956442744500178
6609,-0.053561856671123
6610,-0.6195417060878765
6611,-0.36660509893860455
6612,0.34989978768610946
6613,0.6129707531433134
6614,-0.878411147813638
6615,0.846876536096266
6616,0.5358295467097999
6617,-0.8183899672760757
6618,0.7256230904893062
6619,-0.8743499655600527
6620,0.20384321179978748
6621,-0.13294763280998056
6622,-0.032572415913260565
6623,0.8436000870528189
6624,-0.3366554810884709
6625,0.9273270826473937
6626,0.27721532151317263
6627,0.33491463920311465
6628,-0.29725808842780826
6629,0.3702449405629887
6630,-0.408022282843366
6631,0.009795383508369568
6632,-0.5031340770623225
6633,0.42403993284587266
6634,-0.21643789038645037
6635,0.9914268410798077
6636,-0.13973414782734975
6637,0.3722240778612878
6638,-0.7157739771624381
6639,0.6578864686204721
6640,0.6065683228809098
6641,0.6443732139594596
6642,0.47416080115031717
6643,0.18427827787930828
6644,0.5194272020606887
6645,-0.7618928219173681
6646,0.28822054249106377
6647,0.4844102833137273
6648,0.3916101516564951
6649,0.8984619470270518
6650,0.07909067607326502
6651,-0.1945865120063546
6652,-0.46925929595085497
6653,0.4700128316704652
6654,0.14101947488278674
6655,0.9959432713167929
6656,-0.21051977351408546
6657,0.43613069375015984
6658,-0.7010044840038276
6659,0.7171893778330205
6660,0.30205943315079326
6661,0.8827509575145135
6662,0.10060916767936098
6663,0.6468216796056571
6664,0.008114686163297913
6665,0.7191836482147262
6666,-0.22094887125216608
6667,0.424026354301589
6668,0.7644013758278172
6669,-0.553132167773144
6670,0.3983959135552529
6671,0.5581137493481277
6672,0.04450697358161655
6673,0.24927317682405767
6674,0.3418831198341171
6675,0.5246819558233328
6676,-0.23543907032999095
6677,0.43317071969692195
6678,-0.31257586069608584
6679,0.20397951707087494
6680,0.763554574717886
6681,0.537009101263686
6682,0.9512466450167661
6683,0.3620606927593531
6684,0.9393071949842788
6685,0.3136408313666984
6686,-0.3276916423439777
6687,0.7227969947806809
6688,0.2316268509823735
6689,0.8913816052305777
6690,0.614626023137936
6691,0.8285424537585884
6692,0.50303966786804
6693,0.2893022784085877
6694,-0.20166292656777343
6695,0.3138350136988596
6696,-0.40962154840671716
6697,-0.2801275796954133
6698,-0.40036027090087567
6699,-0.2418703723567899
6700,0.6876757041717667
6701,0.3673724522807779
6702,-0.21250580241503614
6703,-0.00019382492634006078
6704,-0.21765559017928143
6705,0.4533792450090368
6706,0.78350520382044
6707,0.6247468041524916
6708,-0.7328294843899094
6709,-0.3997564151067052
6710,0.7775440808229637
6711,0.11577986272780703
6712,-0.8648859297262814
6713,-0.8118414780282099
6714,-0.7227294277204775
6715,0.5270084430119054
6716,0.08604534236196222
6717,-0.07902613506136444
6718,-0.39611458323047816
6719,0.21618121789340317
6720,0.9371645445177088
6721,-0.05018068616429723
6722,-0.25319345554782524
6723,-0.9186763628545135
6724,0.8441488330647277
6725,0.44132076550814875
6726,0.7426480512067875
6727,0.15590139266931435
6728,0.0325744456490295
6729,0.010119285488046028
6730,0.7641889118632685
6731,-0.30745618549405024
6732,-0.13213970059672603
6733,0.6043803764969433
6734,0.9006093035850343
6735,0.16155302462427468
6736,-0.1224526219408039
6737,-0.5727593239439368
6738,-0.3648602074340244
6739,0.7076796594052371
6740,0.8489512406194087
6741,0.1349211999815565
6742,-0.29739487510320584
6743,-0.1220099248707594
6744,0.050299298653130986
6745,0.4755412430967438
6746,-0.18824942441537684
6747,0.2741707338641678
6748,-0.01994182874059349
6749,-0.4826562906561446
6750,0.2563721435215595
6751,0.44674883223282025
6752,0.37289438354251897
6753,-0.016402799428169874
6754,0.6815550646312006
6755,0.1253284729898087
6756,-0.07703669116728086
6757,-0.12597358683006868
6758,0.9285305475708532
6759,-0.07437466302888583
6760,0.5983099617156062
6761,-0.6446710836937929
6762,0.15980823438994793
6763,0.510259448908746
6764,-0.48123750902251683
6765,0.5369646743442786
6766,0.7852727296299888
6767,0.7023024032456574
6768,-0.14253372679158863
6769,0.25131661616970674
6770,0.09891639284694284
6771,-0.029759176363161957
6772,0.675456504825379
6773,0.14194728381273577
6774,-0.18210209117501958
6775,0.080246149881571
6776,0.26630774047481154
6777,-0.1166123135320956
6778,0.11606431527970575
6779,-0.1855891735724581
6780,-0.8288697894595535
6781,0.8514111912562897
6782,-0.6410758083006146
6783,-0.44148110998216605
6784,0.6642435755141105
6785,0.8274519068386293
6786,0.22733298021429982
6787,0.5949003253778754
6788,0.4267356026533684
6789,0.9533811301034607
6790,-0.32202313451051123
6791,-0.13414191466867226
6792,0.22135382742532198
6793,0.5451369218166824
6794,0.8673224701517062
6795,-0.6502048751433743
6796,0.24420801255998195
6797,0.5955650756489224
6798,0.12175956392316663
6799,-0.07184955884613266
6800,0.8630553177790515
6801,-0.25590080123944126
6802,0.17242349354410091
6803,0.22840329188210684
6804,-0.3148193857259112
6805,0.2758273117098989
6806,0.5951301509698266
6807,0.675697502856281
6808,-0.6678725200535373
6809,0.08564631770323504
6810,0.35594887045685547
6811,0.5045559637428686
6812,-0.17921488431644222
6813,0.44372554137446835
6814,-0.10422485104890648
6815,-0.372271705139689
6816,-0.1204756648146686
6817,-0.5820356323904462
6818,0.44258667968499515
6819,0.39980271063306094
6820,0.8033474686999924
6821,0.2788021005097709
6822,0.663565223502459
6823,0.3376912305473955
6824,0.26137485294147833
6825,0.6138904730690519
6826,0.8770364044008949
6827,-0.4124083929125687
6828,-0.1318530677301002
6829,0.7026974344266708
6830,0.9652327219697133
6831,0.39130296738715353
6832,-0.5455591754843546
6833,-0.5310501225137116
6834,0.42104012174437566
6835,0.18155581540216736
6836,0.028554927282702865
6837,0.8762503126940356
6838,0.08354199540340967
6839,0.7716075651324041
6840,0.024990603157824753
6841,-0.44595147406034563
6842,0.5136274401466177
6843,0.3318677380987409
6844,0.43468597659946917
6845,0.2058325273756081
6846,0.9020655452991
6847,0.762207870553212
6848,0.8224416389265538
6849,-0.6070229553981503
6850,0.794114775823155
6851,0.6569975837847931
6852,0.31907202926149325
6853,0.5711665842235963
6854,0.6535822131515924
6855,0.3001234501157101
6856,0.07258273301301534
6857,0.5028785521567632
6858,0.8902363173335317
6859,-0.47199503981781193
6860,0.750317451126071
6861,0.4289494997065862
6862,0.42439031113093806
6863,-0.05197836989181385
6864,0.0562291481780442
6865,0.49687335416464146
6866,0.7473888135984496
6867,0.3927259050088967
6868,0.21534534253178286
6869,-0.5381101056397891
6870,-0.37098612330464037
6871,0.3976875880029184
6872,-0.9452763297554129
6873,-0.5001830560326883
6874,0.29893071992092823
6875,0.09590398863572756
6876,0.33504467494859685
6877,0.14867139568524176
6878,0.2238789195024543
6879,0.19300440741752903
6880,0.12244805898638725
6881,-0.4306512554947819
6882,-0.06347382153167755
6883,-0.3387486971361784
6884,-0.26753019657240984
6885,0.02936337293237199
6886,0.6946458149663353
6887,0.4044976633989722
6888,0.46314247178850676
6889,-0.5474166210321856
6890,-0.5597484180543796
6891,-0.8107520190457289
6892,0.8133578788355607
6893,0.5828256896938109
6894,0.03626411610147989
6895,-0.8139126938845427
6896,0.40063272429597646
6897,0.9530128355723767
6898,0.34765076336051187
6899,-0.11086347799579095
6900,-0.1050075459874848
6901,-0.3093251079746199
6902,0.8972576603005293
6903,0.6858765750051956
6904,0.9830081649122825
6905,-0.2276146488987095
6906,0.4498233590012244
6907,-0.1197991423047879
6908,-0.14973850721192672
6909,0.5574241274506194
6910,-0.5464719675421645
6911,0.5778659042148502
6912,0.6512573397115707
6913,0.3136500313235039
6914,-0.4171862125494864
6915,-0.7167658016697397
6916,-0.5763053275348793
6917,-0.4058395351262823
6918,-0.2892171369609655
6919,0.3913274754612503
6920,-0.3861424374228131
6921,0.10716538695545501
6922,-0.041132781416683126
6923,-0.915333645878999
6924,0.5202294412924513
6925,0.3840119108301463
6926,0.022596932308024772
6927,0.05510245455211876
6928,0.134973143736268
6929,0.27760020158187504
6930,-0.750775131042241
6931,-0.006400682160683759
6932,0.6320349225585784
6933,0.10161545735632914
6934,0.42799963555689435
6935,0.3115678034838365
6936,-0.29805486402031284
6937,-0.20493638620326926
6938,-0.8097762697762002
6939,-0.33319140614618425
6940,0.2661740345719185
6941,0.6331645586202925
6942,0.5821669894876268
6943,-0.6688239291684797
6944,0.4311523819309251
6945,-0.5235665835806753
6946,-0.6987274469671683
6947,-0.04377079458280143
6948,-0.3721384800620945
6949,-0.10186987859055126
6950,0.30066005179590444
6951,-0.02365847412798488
6952,-0.42286614448003945
6953,-0.6673690699213306
6954,0.6514633322584619
6955,-0.4878188557743564
6956,-0.11278372917349752
6957,0.33861936494874534
6958,-0.4940231040116414
6959,0.9341289136419749
6960,0.6801572830044023
6961,0.9385536329185504
6962,0.5962944943699624
6963,-0.03404501525370861
6964,-0.7810643291322954
6965,-0.6364408467419235
6966,-0.02901544330872319
6967,0.3559754122184307
6968,0.9617990620605384
6969,0.7290715665114257
6970,0.46488239170531576
6971,-0.2596992030301256
6972,-0.09282027530442719
6973,0.5048108626149888
6974,0.7934852469140072
6975,-0.8417049809716602
6976,-0.00747389145495895
6977,0.7626097276580385
6978,0.6964943967018407
6979,-0.7523577379931111
6980,-0.32456965595841336
6981,0.06670464504951079
6982,0.6248405891144994
6983,0.8144370906553052
6984,0.06030900646825604
6985,-0.7571309905739044
6986,-0.912691512050358
6987,0.7865133736713809
6988,0.5662390121298266
6989,0.7406112347277932
6990,-0.9007061364884674
6991,-0.8449362673700666
6992,0.1279565183748843
6993,-0.4449847876563193
6994,-0.7455164749990852
6995,0.3916446781031738
6996,0.323151182151749
6997,0.5320245105945215
6998,-0.5313218938349572
6999,0.4952072158008154
7000,0.542443281500829
7001,0.737931517669991
7002,-0.27213307969917133
7003,-0.0006954198230246538
7004,-0.2722726304758
7005,-0.6432721769857619
7006,0.9490549886513108
7007,-0.30860741293514915
7008,0.6447177851523327
7009,0.9687250260853042
7010,0.7007455714979434
7011,-0.02960677197965656
7012,-0.5026065562919548
7013,-0.40678936715030267
7014,0.47774374961167065
7015,-0.264793963200001
7016,-0.6716880520446269
7017,0.7373942545149352
7018,-0.7155518416825808
7019,0.7132245648507183
7020,0.7650798705058376
7021,-0.2507974667988534
7022,-0.618390386651507
7023,0.5989957818100249
7024,0.7563379251869159
7025,-0.136648532105579
7026,0.2084078782641583
7027,0.20132821680828655
7028,-0.12445253152502585
7029,-0.3802966219358272
7030,0.1002483115515378
7031,0.7318726425013558
7032,0.521512547143516
7033,0.823276221959755
7034,0.8163236578318063
7035,0.7536654557717757
7036,0.6130453813657475
7037,-0.7615956159980177
7038,-0.3269987880896031
7039,-0.44022459300935607
7040,-0.5703115476810617
7041,0.35349611989466934
7042,0.32777484918018646
7043,-0.26984773821230756
7044,-0.6383797233779047
7045,0.015210866974256509
7046,0.68817194864952
7047,-0.07329253136728203
7048,-0.47356634873704023
7049,0.0967007515291672
7050,-0.3638585886845016
7051,0.1279698099420231
7052,0.6076294611147781
7053,0.1859889693914083
7054,-0.5288157080099455
7055,0.6751254572049167
7056,0.11744407466520047
7057,-0.23628245739621212
7058,-0.13766584018570402
7059,0.23263142013978252
7060,0.385843080491991
7061,0.4797626506604898
7062,-0.14598403684127917
7063,0.5743721501718304
7064,0.9118133949845258
7065,0.12356438006137858
7066,0.5339544736169034
7067,-0.13084532836734533
7068,0.8224607064555264
7069,-2.3177277860191705e-05
7070,0.12276715644692558
7071,0.47761091393927035
7072,0.9748950684656476
7073,-0.5081981130045723
7074,0.219208437384745
7075,-0.027145015448774755
7076,-0.26000962812998724
7077,0.4856243948533578
7078,-0.7133843981517481
7079,0.5365507088064929
7080,-0.13897957841362046
7081,0.7388817547770956
7082,0.4517766372618936
7083,0.4788859023970666
7084,-0.13319239785683962
7085,-0.8575944666072518
7086,-0.6131325040712474
7087,0.5165829956693687
7088,-0.10343170168099201
7089,-0.07419200219564268
7090,0.6265962221456813
7091,0.12187960547375484
7092,0.7289904103384584
7093,-0.07729866650137904
7094,-0.6036423293278039
7095,0.6922568719961865
7096,0.6035623473823124
7097,-0.18798536670946808
7098,0.2222101362200949
7099,0.5846071698494895
7100,0.48950776738478213
7101,-0.25921009088376584
7102,0.09170939117708628
7103,-0.5936021060668799
7104,0.3916053025139557
7105,-0.33655954705143903
7106,0.9538018335274724
7107,0.4666185507472753
7108,-0.028903361654612138
7109,0.880441498827824
7110,-0.4452799303351788
7111,0.4557839188463553
7112,-0.3698417053728084
7113,0.4333983345915244
7114,0.7290261682868293
7115,0.5279794833201633
7116,-0.5187623051889506
7117,-0.11362946687594346
7118,0.7452372646664422
7119,0.3486396248266094
7120,-0.6364522434686429
7121,0.4477666001021977
7122,-0.1609255547303915
7123,0.7230214524386995
7124,-0.8272084021422963
7125,0.7041023811251912
7126,0.09594145698369265
7127,0.47396512888313064
7128,0.05928745233899577
7129,-0.009109359310909358
7130,0.6014299590214851
7131,-0.6810503942689945
7132,0.013457672447069979
7133,0.30822887480790456
7134,0.7338009320345497
7135,0.5830987810268821
7136,-0.3691824771856134
7137,-0.23054054778861832
7138,0.412294422190464
7139,0.375551989186298
7140,0.10797756168923038
7141,-0.27533431626598925
7142,0.330175744419519
7143,0.9155650792850211
7144,0.36600968679430806
7145,0.18615072825836423
7146,-0.04131472612513202
7147,0.7643068002271043
7148,0.1287828352921528
7149,0.6416426282179302
7150,-0.40576369919952815
7151,-0.24161030362628239
7152,0.7536667342771386
7153,0.4427369305888752
7154,0.9552827271927332
7155,-0.008976802731678125
7156,0.6021035259702321
7157,0.4916454074465968
7158,0.37259738744213056
7159,0.36648847725583317
7160,0.5714529012900994
7161,0.41923982672507193
7162,0.6014594123444635
7163,0.6565521168701629
7164,-0.6251985686761105
7165,-0.7175794174426178
7166,0.10976856402962198
7167,0.2754731270712318
7168,-0.07259750038358591
7169,0.8239120413664237
7170,-0.6182217302821666
7171,0.9802739701383133
7172,0.7510963243725902
7173,0.7169151853605453
7174,-0.09759022271617016
7175,0.91170584359482
7176,-0.09728445041740297
7177,0.23611045712171408
7178,-0.17723647719315802
7179,0.1471559176712536
7180,-0.3896429207613315
7181,0.9428967833196262
7182,0.2875684009029392
7183,-0.23992185948315112
7184,-0.5956615420218013
7185,-0.14202879147628428
7186,0.36336951748695867
7187,0.8700166251823636
7188,-0.12284625423663367
7189,0.6581034760435485
7190,0.3427350480104208
7191,0.7105813611188748
7192,0.5398005492988215
7193,0.3906708600410188
7194,-0.04690753134877945
7195,0.14438438627120143
7196,-0.05646816192741426
7197,0.5740068021626465
7198,-0.7576668813550503
7199,0.3473576983870207
7200,0.25367710185260467
7201,0.8392524420523056
7202,0.3164723714286193
7203,0.5081723808409716
7204,0.6939238167491849
7205,0.6430435787846204
7206,0.3209843649763535
7207,0.4689826830049682
7208,0.46226923194988734
7209,0.596896983532198
7210,0.16741694888571948
7211,0.5870198382305721
7212,0.7082018636479106
7213,-0.17432589427285136
7214,0.5182630516826701
7215,0.6899994120009056
7216,0.43325165715422476
7217,0.28904308077080454
7218,-0.5750508903502328
7219,0.7584507654862545
7220,0.31592168299557394
7221,-0.008137978586449627
7222,0.7945015909664739
7223,-0.31075215488461555
7224,0.20934873193396705
7225,0.027780392904070833
7226,-0.7821374511410488
7227,0.49912777830593025
7228,0.07365709300256072
7229,-0.6194172491047509
7230,0.0640939359394352
7231,0.5124795827944187
7232,-0.8533966447804272
7233,-0.14217879857965462
7234,0.762948209880993
7235,-0.08286810309659609
7236,0.3498409119345486
7237,-0.6687325184578364
7238,0.6580332042911795
7239,0.4607562874268588
7240,0.5684429035578051
7241,0.34934076259297486
7242,0.03877965052625899
7243,-0.6436328034506745
7244,0.7499350625097022
7245,-0.0794997794698327
7246,0.7538008846902948
7247,-0.26346388338673477
7248,0.06411091186511417
7249,-0.006768621438950041
7250,-0.8216243625966629
7251,-0.4496490464620507
7252,-0.7720342564150335
7253,0.17015444435880606
7254,-0.4661345634540573
7255,-0.09857185461853656
7256,-0.2848838611633581
7257,0.5998850446878052
7258,0.4268072713755825
7259,-0.1916731214689258
7260,-0.2103801201311726
7261,0.7049057116240446
7262,0.3809219811802296
7263,-0.40718317520551256
7264,-0.3304417998700898
7265,-0.4598619905531356
7266,0.806916309943444
7267,0.6636551642310358
7268,0.1176157799023967
7269,0.760532838486709
7270,-0.25215454131772624
7271,0.3419396761676929
7272,-0.3922728485782332
7273,0.6339769729465157
7274,-0.12075967876974719
7275,0.8670733063639499
7276,0.6804142782048056
7277,0.04488363181838899
7278,0.5885905250529049
7279,0.5554863910639074
7280,0.44034001708591186
7281,-0.4164537479965386
7282,0.22169943591662158
7283,-0.5652912659258831
7284,-0.2681893527327794
7285,0.2615842167609611
7286,0.16127045365133794
7287,0.8621592629133443
7288,0.40764217718024115
7289,-0.9819426820146563
7290,-0.5460955953324614
7291,0.852749160712803
7292,0.3139887097829551
7293,0.040620330528216814
7294,-0.37037198857670167
7295,0.9687826613383419
7296,-0.48957589032157234
7297,0.7648445670031818
7298,0.44057530422781915
7299,0.4008355849421929
7300,0.9551946243420137
7301,-0.06115723326859396
7302,0.034677764936091884
7303,-0.31846584981190595
7304,-0.057928726589747286
7305,0.5908281495898032
7306,0.3681871102427632
7307,-0.4116221535829617
7308,0.4347035730042407
7309,-0.08672673436684278
7310,-0.3728281321477017
7311,0.7616819603209546
7312,0.9931577308106375
7313,-0.9074841440171736
7314,0.28434606963899256
7315,0.2877294549101301
7316,0.3473307811554298
7317,0.935617421525243
7318,-0.5004161003332194
7319,0.7800483172100564
7320,-0.795525986635099
7321,0.3384949233278926
7322,-0.40192739664093063
7323,0.48883744216728536
7324,-0.8908516264567617
7325,-0.9488756713510401
7326,0.36453909595847506
7327,0.4238081949903176
7328,-0.46896112162035464
7329,-0.37020212034542443
7330,0.3379254570989438
7331,0.6157190454933608
7332,0.83067607390465
7333,0.12468288629216166
7334,0.03705020750824598
7335,-0.16505929735007302
7336,0.26043958634577724
7337,-0.4303309094980001
7338,0.7584266719733839
7339,-0.32988979972474847
7340,0.14710991201388776
7341,-0.0030109534888558835
7342,0.27591697510199253
7343,-0.48210871695003377
7344,0.34125539030130086
7345,-0.623938515990805
7346,0.14711218943063353
7347,0.9036926646816551
7348,0.9026769564998741
7349,0.17540777098583962
7350,-0.31326939473632365
7351,0.27918677675146303
7352,0.2754213531074492
7353,0.5211333999590213
7354,0.19229064704789378
7355,0.5984949353049154
7356,0.34271544909177604
7357,0.5275522836749368
7358,0.25295711962606166
7359,-0.27599457435045416
7360,-0.292414991375015
7361,0.614649016200265
7362,-0.6578869514404976
7363,0.6114740246045315
7364,-0.5295614961352267
7365,0.6097330347562996
7366,-0.30476155479659633
7367,-0.08292753026398982
7368,-0.273990104154145
7369,-0.5650590140437558
7370,0.5568013043456798
7371,-0.7730514315100947
7372,-0.5769765564140866
7373,-0.5388310371801238
7374,-0.09394751272503718
7375,-0.3928083107748268
7376,0.022800021063238852
7377,-0.8810339167742125
7378,-0.20695809921085304
7379,0.1833831099615633
7380,0.009181421493358355
7381,0.6696758499753095
7382,0.01411391038176713
7383,-0.7611375867359972
7384,-0.8817420836003512
7385,-0.3554888143186272
7386,-0.1215137184785223
7387,0.9051533633954663
7388,0.8291598653327037
7389,-0.14351786963013163
7390,0.4882900429013022
7391,0.2108687948538244
7392,0.44951466446274435
7393,0.10760968418155681
7394,-0.4986723145333063
7395,0.0491336154736931
7396,-0.8074695055812293
7397,-0.35128571460481467
7398,-0.4487574910196182
7399,-0.9651098353373668
7400,0.14736250870667758
7401,-0.5245392321453015
7402,-0.554028808477861
7403,-0.15636321297214323
7404,-0.8951746978454552
7405,0.43084745005727826
7406,0.2620445003667905
7407,-0.06214642905134198
7408,-0.2967672276871627
7409,-0.15039099983595305
7410,0.4252546153647835
7411,0.7400598320388841
7412,0.34720081728015817
7413,0.021196341302200924
7414,0.28849412509626915
7415,0.3101053643964413
7416,0.5671809798943332
7417,0.3139790862451678
7418,0.1305278705906155
7419,-0.18338940517613825
7420,-0.24183186268481366
7421,0.2171760446993421
7422,0.5408532477182606
7423,-0.25337415070508057
7424,0.75504730869698
7425,0.5086795745869186
7426,-0.5825059029825844
7427,-0.07983703583827713
7428,0.05276641993953484
7429,0.3324718946676511
7430,0.5345963103411443
7431,0.8609903016136731
7432,0.4669372589832263
7433,0.09878589304550303
7434,-0.05634527860962498
7435,-0.34530464172634273
7436,0.4404162239840323
7437,0.2389941572587136
7438,0.4754271362380785
7439,-0.08068823961893634
7440,0.3631486799362483
7441,-0.340725337475053
7442,-0.4310548523860964
7443,-0.05008130981435952
7444,0.21796715755916207
7445,-0.7156766754292386
7446,-0.21348232813447265
7447,-0.23416873473967953
7448,0.10356845534192677
7449,0.7598742310955265
7450,0.18563368578871856
7451,-0.4627588655113156
7452,0.14948982012350615
7453,-0.3853033472070795
7454,-0.23170259204693913
7455,0.1669484923749981
7456,0.004272485569582927
7457,0.45916375117141
7458,0.4254881058405227
7459,0.5412690308814778
7460,0.15488397168233298
7461,0.3627670440754285
7462,0.3213322981043554
7463,0.3666431838097406
7464,0.13133395128417563
7465,0.16483701834292722
7466,0.25775241211088
7467,0.49075683556296135
7468,0.38519522092061553
7469,0.4798715774202328
7470,-0.05756366624573834
7471,0.30749368993244025
7472,-0.5177496307401402
7473,-0.32333091202499836
7474,-0.04309326716743363
7475,0.18694292602771698
7476,-0.7669031758876896
7477,-0.6170455520477555
7478,0.7812487537474524
7479,-0.8158291553544836
7480,0.43645450953143033
7481,-0.08452449781930968
7482,-0.48569384917239994
7483,-0.047842430179031836
7484,-0.2389910692239671
7485,-0.5143723243499021
7486,0.39089988466136993
7487,0.502122796606197
7488,-0.48778848188401597
7489,0.5550770048872711
7490,-0.39547239492700637
7491,0.7234970278590003
7492,-0.83991170230135
7493,-0.4354226777696858
7494,0.39358987428924574
7495,0.9315053791306388
7496,-0.11619721944257523
7497,0.5925352076809317
7498,0.713812224604493
7499,0.5089970650987683
7500,-0.23465844399646604
7501,0.43576716273803123
7502,-0.08432110086572575
7503,0.11982132305942211
7504,0.0836090417392162
7505,-0.4794683699954119
7506,0.008746988453703607
7507,0.38620278327031277
7508,-0.5801179447545216
7509,0.6835560453545038
7510,0.7195910989110735
7511,0.4088879719467895
7512,0.49708603799702866
7513,-0.3285270494708781
7514,-0.044677614807318834
7515,0.5500447781565332
7516,-0.12833157368910833
7517,-0.24176879660090717
7518,0.1849096636634986
7519,0.3674653199502443
7520,0.8931393402939115
7521,-0.7045838508682916
7522,-0.7601026877202308
7523,0.42941502653173985
7524,-0.2614087518339272
7525,0.4109811766172617
7526,-0.04763956990798798
7527,0.08240594614230767
7528,-0.45291298667786
7529,0.5036928711293126
7530,0.032264305852001664
7531,0.21861602726254917
7532,-0.22008462936104553
7533,0.8341359658841061
7534,0.6171046436623359
7535,0.32419307668501496
7536,-0.11007284549564762
7537,-0.4245949139846554
7538,0.5488254677518318
7539,-0.28532460317526664
7540,0.17337616302542874
7541,0.020667520032064412
7542,0.38376198227885966
7543,-0.0882393387335275
7544,0.16700332063078172
7545,0.2846066314464314
7546,0.15031437218726346
7547,-0.35503626237877683
7548,0.5807377594068908
7549,0.8402899201357484
7550,-0.23803077026528696
7551,0.0007029218511829794
7552,0.024105306236196253
7553,-0.6945668000305484
7554,0.4944329082838184
7555,0.6423066185416165
7556,0.4947184494436475
7557,0.5773494763144804
7558,0.2799790124060507
7559,0.3324866579783994
7560,-0.005818904024750217
7561,-0.11797310378293037
7562,-0.36088322731501243
7563,0.5159493542074867
7564,0.010528264370901246
7565,-0.289737742480669
7566,-0.09414884293370485
7567,0.050459838355006274
7568,-0.3878219425191578
7569,0.10014235978678863
7570,0.750641785352706
7571,-0.6576685733488956
7572,0.7957598061489286
7573,0.530006291940432
7574,0.8328131831298192
7575,-0.3770759119274628
7576,0.10221471841968756
7577,0.22444864285995594
7578,0.003487891434985798
7579,0.4067998882965474
7580,0.4124021415336702
7581,0.955410622495514
7582,0.5224798000676737
7583,0.014413397349590755
7584,-0.2946924072165223
7585,0.30765028223826557
7586,-0.36861882626490183
7587,-0.30267328024145723
7588,0.3367322860631534
7589,-0.13619633954493568
7590,0.026731749224288694
7591,0.15039139209298352
7592,0.5637816673251289
7593,-0.316165423129352
7594,-0.15391514957298244
7595,0.15991986212818243
7596,0.47218780383893477
7597,0.16692420670301633
7598,0.8419434561222864
7599,-0.37743699077603254
7600,0.804849041216251
7601,0.9180428894232107
7602,0.7277350434762244
7603,0.22533688221063067
7604,-0.42127168610357624
7605,-0.020012818988736306
7606,0.002541058699348063
7607,-0.30213614006775036
7608,0.13551545829547762
7609,-0.41213771352569084
7610,0.027836055953112296
7611,-0.2825510461755545
7612,0.03264185413269381
7613,0.03009681149634601
7614,-0.04164546013591851
7615,0.42458995086053186
7616,-0.5087717503812624
7617,-0.8452772074089656
7618,0.2473388976231884
7619,-0.020470547868328567
7620,0.961319350524047
7621,-0.14212983296607912
7622,-0.36467189466032246
7623,-0.405169332136869
7624,0.16125484788756214
7625,0.6274083553866003
7626,-0.22966611414665908
7627,0.023127555474315456
7628,0.7098265198473257
7629,-0.6802569119410702
7630,0.07936969856240614
7631,0.6134272415434691
7632,0.798349721452696
7633,0.7827446647959541
7634,-0.20517071126083544
7635,0.8855857448175218
7636,0.40969582471055394
7637,0.20907992855716237
7638,-0.010761494281858712
7639,0.5721127179204263
7640,0.31982900489928934
7641,-0.7654727785430085
7642,0.6641171318881525
7643,-0.6602760077094257
7644,-0.8120059159572814
7645,-0.573345441004391
7646,0.7998861067892897
7647,0.5471116588991843
7648,0.06295274368757221
7649,-0.03821057506911878
7650,0.7465711180963843
7651,-0.1674118054568478
7652,0.6779778246745071
7653,-0.15050776336276028
7654,0.546739770175729
7655,0.43087101308188
7656,0.7078695079622456
7657,0.4523936179138877
7658,-0.4479718166700939
7659,-0.18758274221903706
7660,-0.14927801448443542
7661,0.4125037920683909
7662,0.7572106669340489
7663,0.2968520156179123
7664,0.6122380673015381
7665,-0.030380524173012687
7666,0.3955801169422033
7667,-0.09390510874984175
7668,-0.43065102831185625
7669,-0.5800112393110666
7670,-0.013936077722503841
7671,0.3975934701786569
7672,0.6625321191727913
7673,0.8408921419739598
7674,-0.9745276421768128
7675,0.6608223243654491
7676,0.18594956185273437
7677,-0.7862713179227949
7678,0.7024270053024667
7679,-0.7201454254040963
7680,0.6963859463954074
7681,0.367198564711771
7682,0.7404669516190465
7683,0.8146357015746629
7684,-0.48242817020472883
7685,-0.5531270309048563
7686,0.05799918433431223
7687,0.6520531726177701
7688,0.8857822015001969
7689,0.05853886540429151
7690,-0.19900474086016792
7691,0.4690295480515673
7692,-0.32917196538734433
7693,0.7231761252700727
7694,-0.5739073863336002
7695,-0.7387306555083348
7696,0.21931214573918323
7697,-0.7209662650556472
7698,0.638231765786855
7699,0.44483439172302836
7700,0.28946651525418626
7701,-0.18387237274509496
7702,0.19242619463691626
7703,-0.5478152758690771
7704,0.6755745387556024
7705,0.6833991739298597
7706,-0.414200678963057
7707,-0.39721519606371086
7708,0.38178077790958137
7709,-0.08301312218910563
7710,-0.21824988598296893
7711,-0.9709991970756856
7712,-0.2307807185275646
7713,0.8993365975692259
7714,0.5613392974155347
7715,0.13097954711058618
7716,0.2719198007986542
7717,0.5663879798648166
7718,0.6494552217094494
7719,-0.26589007826132594
7720,0.9206925432579005
7721,0.7315201301176317
7722,0.3022613179739338
7723,0.582530516872339
7724,-0.4438674580308397
7725,-0.13052580963073465
7726,0.1680566472467495
7727,0.8141916352782639
7728,0.5408366680312138
7729,0.24862002103360398
7730,-0.11751439999499017
7731,0.9582154964224108
7732,-0.043999903206447914
7733,-0.2529689131499556
7734,-0.08285578103584319
7735,-0.16310900489580107
7736,0.23517201622471257
7737,0.42981910840522386
7738,0.09070348677141601
7739,-0.7177049551786824
7740,-0.771138881084747
7741,0.12656578036760405
7742,-0.29048012329720757
7743,-0.3655236921506821
7744,0.1700208758493008
7745,-0.2776524015650915
7746,0.9236512643205926
7747,-0.39626808785566736
7748,0.06958705040132544
7749,0.1569507128552201
7750,0.8967216415925372
7751,-0.6128797403519365
7752,0.5332925441900963
7753,0.878874367210314
7754,0.8079892228374485
7755,0.6600952456527122
7756,0.5489251414469906
7757,0.5104856303024153
7758,0.0683326719311577
7759,0.640235998249002
7760,0.5896500137248333
7761,0.8876534057862614
7762,0.48514150852638305
7763,-0.2740351664523526
7764,0.7799528490479999
7765,-0.14422206669110438
7766,-0.4089602969249565
7767,-0.6059369469718526
7768,0.25280898853174394
7769,0.840426246466714
7770,-0.5173751766429917
7771,0.4530399026734719
7772,-0.32323117572149285
7773,0.061009953669658945
7774,0.225337164943744
7775,0.927105893253114
7776,-0.12425777147304393
7777,-0.2597348249402004
7778,0.8120196104488742
7779,0.8810199867559353
7780,0.6834272979391796
7781,0.8492396829668472
7782,0.6565729227820188
7783,0.36526169744911785
7784,0.14145940435335083
7785,0.8145627421067431
7786,0.6474901270607764
7787,0.11199388746060726
7788,-0.011211062266458108
7789,0.5002076244515221
7790,0.05342556173671091
7791,-0.19034319254226043
7792,0.8212416697738237
7793,-0.628997403094037
7794,-0.28637639540908066
7795,0.2801625333441455
7796,-0.33781989408328505
7797,0.36182342388554584
7798,-0.2090495480291024
7799,-0.17510261623875736
7800,0.4600861913553381
7801,-0.7274934363338618
7802,0.2172794959008872
7803,-0.690830409622807
7804,0.3264586850770713
7805,0.769140181792612
7806,0.2889990361703275
7807,0.43856592911999054
7808,0.10881398522583233
7809,0.4375440119960192
7810,-0.06201522405939416
7811,0.4473269338507075
7812,-0.4329230095575192
7813,0.2239731126561008
7814,-0.30240514800085866
7815,0.8974839883660858
7816,-0.039541340578543444
7817,0.155927444746829
7818,0.4313395615698496
7819,0.8032417714338341
7820,-0.46771877397772715
7821,0.5952587773345622
7822,-0.27173080087248164
7823,-0.3618637836109882
7824,-0.26570966561588416
7825,0.26594110089456774
7826,-0.14953690719811324
7827,-0.32343163539346376
7828,-0.46916185693194173
7829,0.3614352429298611
7830,0.9246866204717138
7831,0.8997461141839017
7832,0.2172325003696715
7833,0.2834959292544188
7834,0.4653267467155827
7835,-0.3763226203270644
7836,0.6747373227729221
7837,-0.7825154447807433
7838,0.55502302233424
7839,0.02009955935830339
7840,0.5929678904958957
7841,0.240924548510088
7842,0.06866737782171543
7843,-0.7339934990600779
7844,0.7612116508918052
7845,0.6295016472110079
7846,-0.04424801944564821
7847,0.034590738543213366
7848,-0.23163259448796383
7849,-0.8302329799943035
7850,0.7379163168151336
7851,0.609250121499187
7852,-0.16184390319615868
7853,-0.49088887510227164
7854,0.7207348423529281
7855,0.8049337781008767
7856,-0.7148817829547983
7857,-0.3995024407742769
7858,0.8903989262396986
7859,-0.3750057545380537
7860,0.17853615692326769
7861,0.7995536219845278
7862,-0.5246911632218144
7863,0.62969736748216
7864,-0.44123111787268293
7865,-0.03606485601137612
7866,0.3559616745908351
7867,0.7664014820288312
7868,-0.7328362663810235
7869,0.046065804276124604
7870,0.6149103255836904
7871,0.7247669341646766
7872,0.1649447360513353
7873,0.15511992122056328
7874,0.6018131438964651
7875,0.26209859829673493
7876,0.7083939964252235
7877,-0.24532867613333925
7878,0.6022611056230448
7879,-0.37382217079132773
7880,0.37036092420671196
7881,0.4806745025254745
7882,-0.04101023259391047
7883,0.8257324841082373
7884,0.6074979430505356
7885,0.7733065675338956
7886,0.8393537238859403
7887,-0.08083512706278322
7888,-0.01182702395244277
7889,-0.07074958351100034
7890,0.06773600605903068
7891,-0.6259562720764434
7892,0.4368451522704783
7893,-0.11543048236507418
7894,0.6268695600693035
7895,0.6691153765827232
7896,0.5549091433155733
7897,0.6535647656685168
7898,0.5138303863948639
7899,-0.5173921160812941
7900,0.7292230597302848
7901,-0.5782411221606232
7902,0.20150636895214352
7903,0.17443608156216805
7904,0.5621553701834899
7905,0.9285573219145818
7906,0.9569009827548405
7907,0.3924748647701031
7908,0.8157106364087807
7909,0.13680934871474357
7910,0.5845246774496888
7911,0.775409625335537
7912,-0.25437853793509474
7913,0.26563271568775365
7914,0.4600587513131999
7915,0.26240354456520615
7916,0.5798568188404406
7917,0.24383041520674884
7918,-0.21404504373645142
7919,0.2764773932071515
7920,0.5881070338930384
7921,0.07287003768821969
7922,0.8710166611450094
7923,0.744451769507293
7924,0.3698562761587425
7925,-0.2528676259566704
7926,0.5465918828260563
7927,-0.4859271559136483
7928,0.0854199959221577
7929,0.0887756079395234
7930,-0.08750470176600639
7931,0.008249945556463531
7932,0.3197009380403556
7933,-0.2161769572065936
7934,0.5910634131006209
7935,0.6816605838943981
7936,-0.23468098247948138
7937,0.33421705804359103
7938,-0.028298682360497044
7939,-0.8993086665441401
7940,-0.2073054122510832
7941,0.9243687192549881
7942,-0.12021482762276982
7943,0.5154754668834277
7944,-0.41067688913322503
7945,0.38221475565262236
7946,0.5362314711849148
7947,0.8902948815536422
7948,0.1526672671485094
7949,0.5831058505285298
7950,-0.6184024462241555
7951,-0.3859429015315236
7952,-0.16350228376017228
7953,0.4060493718138107
7954,-0.2048025293264103
7955,-0.806133352236994
7956,0.4564076386241726
7957,0.76712534537125
7958,0.7635201674021503
7959,0.27758397883196084
7960,0.702133276035856
7961,0.8290031194102653
7962,-0.1942283307869827
7963,-0.6586249885671884
7964,-0.7335746122090693
7965,0.2905435335939576
7966,-0.5482970024555889
7967,0.0747993265985988
7968,0.1882867569713164
7969,0.11706401893193391
7970,0.2219756760097653
7971,0.4830215174812831
7972,0.7719615954339243
7973,-0.18981989796184767
7974,0.8334583464946458
7975,0.6397002581171047
7976,0.05155586235496348
7977,-0.00642180530574805
7978,-0.06661572017741241
7979,0.3282417108555964
7980,-0.31760423625505096
7981,0.6097250912209734
7982,-0.040886875956381456
7983,0.25651822396111174
7984,-0.2600799804960742
7985,-0.29151318786705926
7986,0.09262552040930036
7987,-0.1725927120685646
7988,0.6723094461373342
7989,0.3974131529002874
7990,0.7548319734844885
7991,-0.6327180902226383
7992,0.1276480780093129
7993,0.3111930743583883
7994,-0.006380290644491424
7995,0.6871382966941992
7996,0.17061799500108993
7997,0.3936171762417224
7998,0.543062996529122
7999,0.04463141598234304
8000,-0.26825559360799006
8001,-0.35320789148591486
8002,0.14613881470748277
8003,0.5675728652451251
8004,0.4344253507839737
8005,0.8360503380187491
8006,-0.835467083381928
8007,-0.27644717557559106
8008,0.33710112179214025
8009,0.1099725413212962
8010,-0.6121684691018795
8011,-0.7294627069661188
8012,-0.4735451269324549
8013,-0.17241131654575853
8014,0.009155100318099806
8015,-0.6709094184583911
8016,0.4667475581597357
8017,-0.967091406054205
8018,-0.19384115587580678
8019,-0.8043487866155489
8020,0.0624232597945608
8021,0.4390111061640196
8022,-0.6976093666343984
8023,-0.4347791215015838
8024,0.5486653762950863
8025,-0.028881277167890705
8026,0.5400813796833072
8027,0.9877993323520499
8028,0.00974865053477572
8029,0.14990365422146204
8030,0.6849033046359138
8031,0.746695251678285
8032,-0.4787349603771517
8033,-0.7251207259027548
8034,0.164564207457959
8035,0.3012350836124941
8036,0.170207494760267
8037,-0.7103915335155285
8038,-0.011881657458385814
8039,0.3181626147196474
8040,0.20986893738319623
8041,0.13422318099938704
8042,0.1081821037654381
8043,-0.13644605807735938
8044,0.80695023239747
8045,-0.09940590662501866
8046,-0.9283595182634329
8047,0.1894268155390102
8048,0.031833159708749316
8049,0.8397968115229664
8050,-0.3497925339030353
8051,0.4511377342264128
8052,0.8787734343095066
8053,0.22027266213110794
8054,0.2611609488655959
8055,0.45906617388226784
8056,0.596022728007239
8057,0.700878290565408
8058,0.5274488479686723
8059,0.3913529310991918
8060,0.9495701521438208
8061,0.5608724755779164
8062,-0.7173835089169082
8063,0.20370790336896055
8064,0.6431118181605794
8065,0.8580295408714006
8066,0.779513419505185
8067,-0.43800535322956746
8068,0.36945983122405895
8069,-0.8025103029705978
8070,-0.37974031450610024
8071,-0.1229112063359726
8072,0.5110167321581099
8073,-0.23044914386043552
8074,0.021166085188524395
8075,-0.3938851510235068
8076,0.9171099777418943
8077,-0.19275798852315143
8078,-0.1740569663948631
8079,0.5851861055119293
8080,0.5506699543348792
8081,0.7027548217517402
8082,-0.39478194888419027
8083,-0.7434139375389502
8084,-0.26151240885701743
8085,0.246266075757697
8086,0.2053860161223094
8087,-0.1189033704960186
8088,0.23553055578637125
8089,-0.013956128727263682
8090,0.7803502629088499
8091,-0.17912814513270273
8092,-0.42441595521636744
8093,-0.907092179345513
8094,0.6775570863590403
8095,0.7695191295463324
8096,-0.7237023472934937
8097,0.5218354327194612
8098,0.33771741438105035
8099,0.2885177130639765
8100,-0.26286239102308456
8101,0.1354647547009075
8102,0.47164323065695535
8103,0.7002011094534502
8104,0.915803466210691
8105,0.4537649641496836
8106,0.6905799700367282
8107,0.5355189900816032
8108,-0.1399964038049955
8109,0.1607237085851196
8110,-0.5403235869847574
8111,0.9193511684315997
8112,-0.3750879117827207
8113,-0.1324388845990194
8114,-0.3889293380091543
8115,-0.38802892716367965
8116,-0.21183747060038574
8117,0.4964898421410834
8118,0.7486655184633546
8119,-0.5478269576468521
8120,0.6613968648731477
8121,-0.4394198144398685
8122,-0.5677047363039869
8123,-0.1912166823710321
8124,0.30853115100769074
8125,0.4253026777484145
8126,0.7708707069331204
8127,-0.47148160796190947
8128,0.7278512799837338
8129,0.24060941359809151
8130,-0.14663991950275418
8131,-0.45091524505928193
8132,-0.34429900201394015
8133,0.7828756461453488
8134,0.17783916386449614
8135,-0.5182056190291296
8136,0.7991336309941823
8137,-0.7259234174041613
8138,0.5960976840532284
8139,-0.027011150035457756
8140,-0.22539434295349997
8141,-0.8091239290936533
8142,0.3960344159840911
8143,0.4131732812281221
8144,-0.08134875740699096
8145,0.0025895829176553315
8146,0.6428449669733274
8147,-0.07544134922670036
8148,-0.5503315073493773
8149,-0.019276333727602995
8150,-0.4831671723903462
8151,-0.4886739595150339
8152,0.9889829475419075
8153,0.07161708944549432
8154,-0.35025482594008905
8155,-0.1915848844758476
8156,-0.5384755615125151
8157,0.8927759599253712
8158,-0.6837440670818203
8159,-0.9646923481072462
8160,-0.6677157160375573
8161,0.4454545365816644
8162,0.43462601142239254
8163,-0.6170801931375962
8164,0.7188630311228172
8165,0.1034185083527113
8166,0.3833057641214723
8167,0.38797199259856113
8168,0.32798840275625263
8169,0.6649252964788717
8170,0.6668411599667433
8171,0.46129564573674986
8172,0.6834209761273482
8173,0.8394696861187583
8174,-0.33254700570338547
8175,0.46795509305410415
8176,0.3701160873029824
8177,0.4865756126995724
8178,0.025000811903224465
8179,0.27647570608598615
8180,-0.36685980030429377
8181,-0.4555608406348369
8182,-0.7552361296381389
8183,0.7065563757063723
8184,0.8728322181341062
8185,0.5912784468530855
8186,-0.6915687255473622
8187,0.4403560387431208
8188,-0.1317468132407327
8189,-0.39089210926390516
8190,0.43767771215650275
8191,-0.4784128662553475
8192,0.43935861470957116
8193,-0.1806366480076084
8194,0.2664198887987143
8195,-0.9862388619587196
8196,-0.08999863990315018
8197,0.7375364434924605
8198,0.8070406418752383
8199,0.42176138259179435
8200,0.2543228979550484
8201,0.11828750955097836
8202,0.6626086985756714
8203,-0.03655204950122785
8204,0.19590372798712324
8205,-0.3157507554625944
8206,-0.08605085343281284
8207,-0.09178230833851625
8208,0.7333597269725414
8209,-0.6357689450298257
8210,0.1796007677068353
8211,0.10922951706830697
8212,-0.31077689731154473
8213,0.5468827828122813
8214,0.8991535203655391
8215,0.5500077065113198
8216,0.23531734316831707
8217,-0.18796769008014333
8218,-0.5934915697281522
8219,0.4383812361274788
8220,-0.5841460380645752
8221,0.7725243820560644
8222,0.8399843522838227
8223,0.41869255498899216
8224,-0.16038428934794602
8225,-0.8797548727138041
8226,-0.2689427182851005
8227,0.3243146056975183
8228,0.7543951338257864
8229,0.03420466162792192
8230,0.3036998445557626
8231,-0.7564488068850725
8232,0.7616796512384388
8233,0.891412440051895
8234,0.1941704712249864
8235,0.9895984256791498
8236,0.3085849356776657
8237,-0.22796653827213256
8238,0.8856842289546065
8239,0.15969713806813635
8240,0.9146588349655861
8241,0.4167104917812693
8242,-0.9064969844765272
8243,0.0836954521019714
8244,-0.7117900238087446
8245,0.7634052908481994
8246,0.4734283024363445
8247,-0.77273116550373
8248,0.8396436039854981
8249,0.49210710118563356
8250,-0.4227479636072419
8251,0.7487005743197749
8252,0.4186527902755426
8253,-0.615679886295879
8254,-0.27266909348801227
8255,-0.09758588151535978
8256,-0.025629022496919472
8257,0.67608815514509
8258,-0.6551568234791277
8259,-0.1073035857111696
8260,0.057575064821296915
8261,0.8599504967174609
8262,-0.34538254964239784
8263,0.8596114253182606
8264,0.058637100209412284
8265,0.1295151511340381
8266,-0.305518364274039
8267,-0.30858438969062435
8268,0.6298297377055101
8269,0.17787418335354147
8270,0.5042240990092411
8271,0.43072410261244304
8272,-0.22075340393190465
8273,-0.37546846666877526
8274,-0.4283995547722441
8275,0.6269519674426408
8276,-0.7219089758761377
8277,0.49923831929545326
8278,0.024619802077811285
8279,0.47950437013883535
8280,0.6686415772549962
8281,0.14713369936992896
8282,0.4597536061732564
8283,0.15208918295687712
8284,0.4620146486420952
8285,0.5964569456135389
8286,0.046498994998099744
8287,-0.23172586459202116
8288,0.7468731341862216
8289,-0.03064252064662237
8290,0.4065714058008445
8291,0.49315322848216964
8292,-0.6661492174436683
8293,-0.31521653490943036
8294,0.14704221508948567
8295,0.0758775112596312
8296,0.6336784324791662
8297,-0.371590216112295
8298,0.6121571415785487
8299,0.19571496599251367
8300,-0.5044796537340378
8301,0.6672319766342275
8302,0.7976509814917375
8303,-0.6652202761917437
8304,0.1032702301968024
8305,-0.0002958082443046835
8306,0.5933789365991756
8307,-0.615670312557596
8308,0.0729410418627064
8309,0.6368189081191155
8310,-0.10668300041084436
8311,-0.4094000877756793
8312,0.544147441318956
8313,0.10913247154877731
8314,0.7981144819899546
8315,-0.3185510589240773
8316,0.147805249925651
8317,-0.5704343841685244
8318,-0.7169431966600466
8319,0.7536101259252006
8320,-0.4948103286051487
8321,-0.31865893996517836
8322,-0.2175915684482886
8323,-0.14972612530042775
8324,0.738699217179751
8325,-0.37111480676035496
8326,0.42610198669291316
8327,-0.25329115026762566
8328,0.4432229857100815
8329,0.9030998594054088
8330,0.8492087061417553
8331,-0.15999120129889616
8332,-0.2484344281981738
8333,0.22678530115197226
8334,0.2879024221435908
8335,0.025786284735854585
8336,-0.6790978159008899
8337,0.44004028158211655
8338,0.16587966061731452
8339,0.11350956598542254
8340,0.7626628808817186
8341,0.739132250802321
8342,-0.7759280748138441
8343,0.16624527800375286
8344,0.5520339772712354
8345,0.5027595460636894
8346,0.7530443424081417
8347,-0.1669407876017057
8348,0.6130197738935229
8349,0.2021305601310603
8350,-0.04265365546123461
8351,-0.4408173026303963
8352,-0.007657996130910332
8353,-0.01489179075356467
8354,0.8952894129644535
8355,-0.11907902706585631
8356,0.491755193711898
8357,0.4354418126683392
8358,0.2644007059070953
8359,-0.4929096435020939
8360,0.5401312270824479
8361,-0.28764637159755735
8362,0.058745847193585984
8363,0.4612723819678297
8364,-0.03698065739894313
8365,0.2407289578227303
8366,-0.2587182076789045
8367,0.04043347317258744
8368,-0.7457050605503467
8369,-0.8480929984863222
8370,0.5934132479265559
8371,0.3917645596557988
8372,0.2870348065619828
8373,0.5240580758711874
8374,-0.5735118484960459
8375,0.5367894169888102
8376,-0.06904487485627234
8377,-0.7255735871711868
8378,0.28353123175446737
8379,-0.17404980781818788
8380,0.9281424331838856
8381,0.19650550687356158
8382,-0.8221249097001667
8383,-0.26392069333710805
8384,0.941566903951042
8385,0.5406851730437229
8386,0.21554870083278535
8387,0.945721845862891
8388,0.3880025079296702
8389,0.18251156878057437
8390,-0.6316002124038109
8391,0.857262545499301
8392,-0.263223607710531
8393,-0.6946448834280462
8394,0.30479209537321034
8395,0.40523590774423773
8396,0.09439367375594516
8397,-0.7415585724952694
8398,0.6817160578204099
8399,-0.8918313509042359
8400,-0.604529260853016
8401,-0.7271566603743196
8402,-0.5099076211822376
8403,-0.2741998935523435
8404,0.6054193594843729
8405,0.7054993769923396
8406,-0.24315130071989233
8407,0.5985638654098441
8408,-0.42636352213751716
8409,0.1664568928282714
8410,0.5040014326858621
8411,0.7816119480507909
8412,-0.2593655873053202
8413,-0.07740392047568652
8414,0.6759769793454958
8415,0.6045289561742497
8416,0.7210978124937091
8417,0.5894089721814145
8418,-0.04654320200063796
8419,0.523820650040706
8420,-0.26698181810255445
8421,-0.2559909568519755
8422,0.5245485299923811
8423,0.42488605580527944
8424,0.8555356926888493
8425,-0.7356551832119511
8426,0.09074902983018326
8427,0.6783388790814463
8428,-0.11902016057029907
8429,-0.7686528675055149
8430,0.019765271720312387
8431,-0.7238852283600492
8432,0.4427505491771195
8433,0.8031018947602738
8434,-0.20593178271664914
8435,0.613767053537066
8436,0.6810686527780332
8437,-0.5478127267588938
8438,0.8739736213385283
8439,0.761185398000047
8440,-0.3263473004618165
8441,0.3013223492371032
8442,-0.14867671247308933
8443,0.16792308893155378
8444,-0.6897601434089045
8445,0.36960552941167035
8446,-0.7930852086974012
8447,0.5461582453106103
8448,-0.011216236039283543
8449,0.6584529088173244
8450,0.21940391600526385
8451,0.5030938865286836
8452,0.26452660704893527
8453,0.4089154603666351
8454,-0.15221129064608946
8455,0.6488797756975608
8456,0.930244415943259
8457,0.8547300234380619
8458,-0.8197331590886606
8459,0.972084487945136
8460,0.5605508052763208
8461,-0.6698891453582642
8462,0.060256518309312175
8463,0.43405703463726625
8464,-0.34167091100392727
8465,-0.46624973737257996
8466,-0.928673295179175
8467,0.4709078881165118
8468,-0.07523967258311111
8469,0.15907751674406662
8470,-0.2756432991327528
8471,-0.2596373663521231
8472,0.5721561316176674
8473,-0.24445204096158996
8474,-0.7847233302339155
8475,-0.1417101778136739
8476,-0.46767068991771504
8477,0.22498336767275826
8478,0.25039111873474845
8479,-0.5201713658781574
8480,0.39865139524611
8481,-0.8401397058606728
8482,0.33723814742389224
8483,0.31010031574068087
8484,-0.10786953404566008
8485,-0.45511766024959244
8486,-0.6776145954294411
8487,-0.8962150335227279
8488,0.08815457099249495
8489,0.06600795920925123
8490,-0.0871632081248185
8491,0.4085962646667063
8492,-0.359316610495695
8493,0.8435101534204986
8494,0.15838916720684854
8495,-0.448199228174155
8496,-0.8017801153774663
8497,0.31916487242754354
8498,0.1739040359826662
8499,0.8007870595638671
8500,0.9011386787068585
8501,-0.5388539321212109
8502,0.14687555782972575
8503,-0.2683561492193225
8504,-0.045370574137913657
8505,0.3761939352347564
8506,0.07718741912915782
8507,-0.46392516628335584
8508,0.439956329411776
8509,-0.7411236048455395
8510,0.06559933644688674
8511,0.9491844808513328
8512,0.33291124752305407
8513,0.07948474479806998
8514,0.8341301930155282
8515,0.5726746543520864
8516,0.7520127500170379
8517,-0.7848439030745067
8518,0.4213583358770037
8519,-0.6479013146351634
8520,0.3042080005579709
8521,0.4390205111865713
8522,-0.6957133671640107
8523,0.4936965181852832
8524,0.37923667825414215
8525,0.5825421046063911
8526,0.7329265842532703
8527,0.8746152012153973
8528,0.9330725198182166
8529,0.08450326656952128
8530,0.521031904595821
8531,-0.042575130900384554
8532,0.3860613993706516
8533,0.49152396845153595
8534,0.32049256382128577
8535,0.26466083125958184
8536,0.2837178860913018
8537,0.6722249820830866
8538,0.5994802317292497
8539,0.865335327188767
8540,-0.7030173692454087
8541,-0.9640736643414648
8542,0.8262418244493623
8543,-0.896521379248014
8544,0.8594001612705279
8545,0.8631350606003895
8546,0.12186834653363791
8547,0.5349768650604874
8548,0.847500989306744
8549,-0.16017013839266203
8550,0.5259941223347565
8551,0.591390478959422
8552,-0.10893945288469223
8553,-0.29324396845155676
8554,0.4789028114796596
8555,0.43492616642979315
8556,0.6786515184466889
8557,0.12663539338046248
8558,0.9484191889856984
8559,-0.5673789504570038
8560,-0.11285243287722972
8561,0.9212687083664547
8562,0.2633897594680714
8563,-0.6420008010495634
8564,0.12087026719829672
8565,-0.6459210197391856
8566,0.6993346586290388
8567,-0.1585391343845315
8568,0.9830496537952578
8569,0.24937506904245335
8570,0.7618228835991625
8571,0.8837929663084315
8572,-0.04802591625654628
8573,0.07185590574626913
8574,0.9382947660380346
8575,-0.1502902337401473
8576,0.7584871914775081
8577,0.1906281964956699
8578,0.3259943095816923
8579,0.7879555512820576
8580,-0.517692889048571
8581,0.6456506398006997
8582,0.2150511909902974
8583,0.3728355239881059
8584,-0.4328190899030251
8585,0.117593931319077
8586,-0.800647747550646
8587,-0.25503601601162845
8588,0.3345973867167429
8589,-0.6475261550633754
8590,-0.64512848541742
8591,0.5571463445491394
8592,0.5507701716717299
8593,-0.90003453068743
8594,-0.06072632289990348
8595,0.4139582256357576
8596,-0.4682857078734175
8597,0.3907423772676006
8598,-0.5325648570846813
8599,-0.9252001214886044
8600,0.5211463757821705
8601,0.3279888542775443
8602,0.7886588199844821
8603,0.616838081933277
8604,-0.6396582148854031
8605,-0.5643389301797952
8606,0.09371433228514917
8607,0.69024349124489
8608,0.4857561455807105
8609,0.8258129685850865
8610,-0.2500712950177653
8611,-0.14351829148826303
8612,0.20789025523004878
8613,-0.10507313422736007
8614,0.8331089677708233
8615,0.4335987157321424
8616,0.3727525603854494
8617,-0.922374635490164
8618,0.10694495864480524
8619,-0.07845337609836212
8620,0.538786930300289
8621,0.18745062302925328
8622,0.6886847286619043
8623,0.13089008138367375
8624,-0.4808962978052973
8625,0.29817500426384186
8626,-0.21307969295686902
8627,-0.5692608727808415
8628,0.7186404041935688
8629,0.31444668026610767
8630,-0.6091813823319675
8631,-0.5792220036777658
8632,-0.26546355856986686
8633,0.8692413539378864
8634,0.7296011052663806
8635,0.7559760808978678
8636,0.677189363289622
8637,0.21227085352311487
8638,-0.07966536547421858
8639,0.06300650564007099
8640,0.7921647011590456
8641,-0.2847513132151517
8642,-0.18610213547915797
8643,-0.40643815819294565
8644,-0.6671891752948934
8645,0.04016625198360043
8646,-0.2659870143638245
8647,0.8137535258514162
8648,0.46807227199459017
8649,0.7684440194801629
8650,0.587755772153745
8651,0.5786610226055905
8652,0.5392311053945998
8653,0.39354575915437084
8654,0.7779532447528402
8655,-0.7393148159763637
8656,-0.12484276505894217
8657,-0.6314653763754774
8658,0.47851513591687844
8659,0.22337952842648387
8660,0.3789100018693722
8661,0.29144618323949767
8662,0.2892308841207695
8663,0.3051484613957793
8664,0.9452046016967172
8665,0.06103367899916922
8666,-0.6890726581520074
8667,0.7553040116436441
8668,0.6524540607256651
8669,-0.4992456408188661
8670,-0.5253930805458643
8671,0.3155312148227389
8672,-0.32574479326916794
8673,0.8701074119562016
8674,0.20904089939897708
8675,0.2868344035572834
8676,-0.23340407812573719
8677,0.4893296562599384
8678,-0.37188577933834593
8679,0.28138547136323505
8680,-0.3641817610230801
8681,0.7175900439602501
8682,0.8315395983239391
8683,0.33394873688157656
8684,0.2770975235892154
8685,-0.05496830586407524
8686,0.8652358820032272
8687,-0.5519350458368737
8688,0.2026637937579171
8689,0.37974648320315446
8690,0.2046942613670261
8691,-0.05793559190869151
8692,0.5478384617963367
8693,0.581451256999053
8694,0.13655753398586165
8695,-0.07396419349252925
8696,-0.37752030643275253
8697,0.6612774200881624
8698,0.39750056016562707
8699,-0.14781830769557602
8700,0.7742808798312397
8701,0.6790314116079242
8702,0.7290606944322655
8703,0.6909281731753425
8704,0.34578232209266374
8705,-0.40333566780651275
8706,0.7371824160796454
8707,0.2698345209557345
8708,0.6313552777520671
8709,-0.44009388555817847
8710,-0.8044703800008595
8711,-0.2058568596366396
8712,0.7502356179161562
8713,0.45493787715010714
8714,-0.3099821205172562
8715,-0.7034872738229218
8716,0.9160173194355762
8717,0.04402138884453733
8718,0.04741403527191486
8719,-0.5056094243214149
8720,-0.838009871835987
8721,0.1259373273670231
8722,-0.11773580251250614
8723,-0.26878005593109866
8724,-0.1083093252326966
8725,0.7823869085034879
8726,0.23145277114745166
8727,0.6242406420452901
8728,0.633897067361576
8729,0.533741186474078
8730,0.08075239089208593
8731,0.6280634911050081
8732,0.7534412429783167
8733,0.04947520786363204
8734,-0.9247564335625909
8735,0.5370689006633798
8736,0.2547196347218601
8737,-0.4236899512236525
8738,0.7156275174381199
8739,0.6046047815685552
8740,0.5620491865791923
8741,-0.40025722164381744
8742,-0.48594819966681835
8743,0.02527712085598515
8744,-0.134343168225824
8745,0.33782774016367817
8746,-0.16673695444028871
8747,-0.426942004103899
8748,0.5442843325470659
8749,0.18288856325225972
8750,-0.5297829942815215
8751,0.6892346135083186
8752,0.2789927282163431
8753,0.03706293390181945
8754,-0.574443167052001
8755,0.8561872561319632
8756,-0.17286672265429798
8757,0.8700519215084258
8758,0.8083269537015256
8759,-0.41502331606349036
8760,-0.78436469291629
8761,-0.03349710194971013
8762,0.2816843570330309
8763,0.3967726026372454
8764,0.712506673750759
8765,-0.6156410326716927
8766,0.7010381101333081
8767,0.32764450469195067
8768,0.4418851133895609
8769,0.09928358816822537
8770,0.3845440150868072
8771,-0.40504131799558823
8772,-0.2570795490131103
8773,0.25533096283610063
8774,-0.42695605470173736
8775,-0.2288256861149192
8776,0.5067091612447069
8777,0.50641536243213
8778,-0.1532447937757535
8779,0.4062017405716548
8780,0.13884142421770485
8781,0.4857064556414073
8782,-0.7484698565861616
8783,-0.4003022511173973
8784,-0.3085312392545666
8785,-0.24718726195238175
8786,-0.5841304884707775
8787,-0.3542467968524312
8788,0.7199154099992746
8789,0.053697513569131085
8790,0.7428626071909938
8791,-0.12706979849472955
8792,0.072814049678702
8793,0.849659803853537
8794,0.31897786887385227
8795,0.8029980079900071
8796,0.04360835936609049
8797,-0.878873392873915
8798,-0.8805373401489498
8799,-0.23320551123475738
8800,-0.19819913310393777
8801,0.1420868659976915
8802,0.8822400310537343
8803,-0.3652938379408434
8804,0.45205277659815013
8805,0.39051021757023385
8806,0.7949745884552047
8807,-0.44107274091937765
8808,0.04456176976574451
8809,0.14566588906938208
8810,-0.5706961293376461
8811,0.5925256688396586
8812,0.17603861412522534
8813,0.5331059250928036
8814,0.5022475062091017
8815,0.3984645021859124
8816,0.7357990679227533
8817,0.7561692687485211
8818,-0.2088847660757343
8819,0.11314670519262575
8820,0.32829665216889575
8821,0.28755231861619557
8822,-0.9704728055403643
8823,-0.6700490943759565
8824,-0.8653270398060697
8825,-0.34498795902680407
8826,0.9040337180655817
8827,-0.026738943891712122
8828,0.32779493567768864
8829,-0.27605184085662926
8830,0.7425896600572591
8831,0.19961686537201248
8832,0.5299821050660017
8833,-0.17155398405137123
8834,0.011263846394521498
8835,0.3685252699812826
8836,0.2804423968478931
8837,-0.4589638407525941
8838,-0.5564834089904779
8839,0.2332703397469706
8840,-0.6125657431197639
8841,-0.8260919087728275
8842,-0.1602541763463856
8843,0.5848916214345911
8844,-0.3038050795972743
8845,0.5697647760412367
8846,-0.34833750883254005
8847,0.15749781004630622
8848,0.5622622442011869
8849,-0.21567114369703838
8850,0.21451125198030058
8851,0.22760671237236005
8852,0.189542281370211
8853,-0.23660658677266952
8854,-0.45843486332658057
8855,0.22786229841777564
8856,-0.3407005341939375
8857,0.3754171652394487
8858,-0.21518894113724318
8859,0.9007512733797883
8860,0.27038102820906773
8861,-0.10742493084074572
8862,-0.46643909363834035
8863,-0.06886529697757997
8864,0.23799848353491979
8865,-0.09329159638827085
8866,0.11752942685389177
8867,-0.12682507360325146
8868,0.8117269938828471
8869,-0.18653227520391616
8870,-0.004818437753309265
8871,-0.9434103779793825
8872,0.060853555520312935
8873,0.7691798396896677
8874,0.5180656347125334
8875,-0.0003892888711896672
8876,-0.5717295284551546
8877,-0.13520681282796707
8878,0.5758713983580688
8879,0.18336353748819875
8880,-0.05006296306069345
8881,0.8396331391300383
8882,-0.3189007577652728
8883,0.9169575911486111
8884,0.1360351254855173
8885,0.16778185426166972
8886,-0.6063062875874994
8887,-0.4796215265646329
8888,0.6351694973505257
8889,-0.34330675654165843
8890,0.7341666877898376
8891,0.8758099463281478
8892,0.9338500335384609
8893,0.22195155677072112
8894,0.704151336875264
8895,-0.8280154708478673
8896,0.2528677211558085
8897,0.22344794107660976
8898,0.5400905842134648
8899,0.47291551882602584
8900,0.20175690632412005
8901,0.6694391121140445
8902,0.23339042136537602
8903,-0.18501004950599836
8904,0.0031513775177256947
8905,-0.0744732397135077
8906,-0.3054957961973299
8907,0.35946235192580256
8908,0.04746356877851039
8909,-0.23048541482808027
8910,-0.305569723802375
8911,-0.16718900678731083
8912,0.7971855732626183
8913,0.04216970824423976
8914,-0.6683667356375881
8915,-0.8275325896058201
8916,-0.42647411752954584
8917,0.09263242897238055
8918,0.1680798344781251
8919,0.014966648104301889
8920,0.054160089239270376
8921,0.33871939606595614
8922,-0.3174577727797043
8923,0.39859287329004517
8924,0.6153425599491785
8925,0.005380709150250782
8926,0.7577484542129568
8927,0.37644081168453186
8928,0.046383654167783776
8929,-0.5659112161493105
8930,0.7463302385481881
8931,-0.9778363880655897
8932,0.6025878099407513
8933,0.5753293683982713
8934,-0.4725011551459985
8935,0.6466243329639562
8936,-0.6195639134592371
8937,0.106022094194482
8938,-0.7532840065896714
8939,0.605430027793552
8940,0.5474558284078009
8941,-0.47656501375819266
8942,0.054122287728614285
8943,0.21319339395317374
8944,0.9228133450381363
8945,0.8872410826246806
8946,0.21134294347251317
8947,-0.54157495173168
8948,0.10729831498760989
8949,0.4307439653097053
8950,-0.6447390297317416
8951,0.6171920732004039
8952,0.18538992169391336
8953,0.26652521521515526
8954,-0.749977141382278
8955,0.35139450197577154
8956,0.6556719786333721
8957,0.5397134696255783
8958,0.39250732589066895
8959,-0.1301932157699359
8960,0.4828852683723639
8961,-0.5333358630082202
8962,-0.0032090892399452664
8963,0.6778411522784726
8964,-0.0030958453773473438
8965,0.6824465510719228
8966,0.3420267900681263
8967,-0.3150824042216307
8968,-0.3730046715219092
8969,-0.6608993115308545
8970,-0.49555723922227923
8971,-0.5120584507281554
8972,0.6751780178721192
8973,-0.3247741844475556
8974,-0.6937943186341493
8975,0.3772376969385639
8976,0.44546172542468865
8977,0.7375661483768678
8978,-0.20679673469667267
8979,-0.9186557745850591
8980,-0.03497981619610135
8981,-0.031010164486205624
8982,-0.6026734777029622
8983,0.9629771423718256
8984,0.12730251209228627
8985,-0.28868677318816016
8986,-0.4112909848291027
8987,-0.14740357561597617
8988,-0.35599891346844675
8989,0.712023250430593
8990,-0.461406352445869
8991,0.0014645413419456296
8992,0.3021964622645075
8993,-0.5233268863990971
8994,0.5420874979335426
8995,-0.5695703694011466
8996,0.29243432950929704
8997,0.5651681167315349
8998,0.43638326755901097
8999,-0.6655193326511656
9000,0.5454174585118843
9001,0.48305415633477455
9002,0.49253870649175835
9003,0.6471441076480662
9004,-0.3768156054143561
9005,0.3440821500081472
9006,-0.5706934180167567
9007,-0.30357362504180746
9008,-0.4109865982548021
9009,-0.6608167628616167
9010,-0.24223414654108072
9011,0.2890182529991639
9012,-0.2508156084817909
9013,0.10190862420492736
9014,0.6598373883985493
9015,-0.4454568918342904
9016,0.4994184762782601
9017,-0.09053156780187509
9018,0.14544280307136032
9019,-0.0227940040826253
9020,-0.8564853899559972
9021,-0.29507931442755864
9022,0.7322626309212836
9023,-0.5660828264241248
9024,0.06938387924222442
9025,-0.5477866567700821
9026,0.37046634029031894
9027,0.9853241731840126
9028,-0.47286834455935417
9029,-0.4929377145689943
9030,-0.22332877443107826
9031,0.30855206943843994
9032,-0.36708983891391417
9033,-0.5736444090701595
9034,-0.2434030365301684
9035,0.3805249033534232
9036,0.16994826168074045
9037,0.5373645542099899
9038,0.32509261958752306
9039,0.8585041593861157
9040,-0.25742195409189506
9041,0.7555325297520493
9042,0.6219708259412058
9043,0.4439716726123417
9044,0.02096037925793392
9045,0.9147412189992966
9046,0.25701065944145585
9047,0.7537450679762764
9048,0.3942716959825371
9049,0.951215615674904
9050,-0.120942110505466
9051,-0.3531397528350326
9052,0.817607355028908
9053,0.5063094211406576
9054,0.16668160470547622
9055,0.1716645175438285
9056,-0.929961986579843
9057,-0.23708212327393977
9058,0.367641009368968
9059,-0.1019741332480035
9060,0.5694632738669524
9061,-0.05774915813821027
9062,-0.40333240476024845
9063,0.2982033341710513
9064,0.7518043713864341
9065,-0.6678675611715874
9066,-0.40437727334092427
9067,0.02665911058184018
9068,0.7614651733018297
9069,-0.04770364101299814
9070,0.2688733561473225
9071,-0.2280599924096269
9072,-0.6015449488975929
9073,0.12149063308819887
9074,-0.47969413662092225
9075,0.9445235908755425
9076,-0.12296737962389118
9077,-0.9155674344121367
9078,0.6573295488295817
9079,0.19568295757477527
9080,0.11270711590228695
9081,0.7704900977233747
9082,0.32703797556115743
9083,0.1944737374397472
9084,-0.9587607374292005
9085,-0.194582614100498
9086,0.7326038543298034
9087,0.2558613729943051
9088,-0.22888126581293525
9089,-0.09496169702753054
9090,0.5637607332267204
9091,0.5120813032302654
9092,0.699737075304804
9093,0.22626521068420846
9094,0.15130664251585066
9095,0.2273104782766951
9096,0.7058696434418047
9097,-0.8893761655806601
9098,0.13684328910909388
9099,0.8918858167804621
9100,0.342430420607779
9101,0.12819197157069387
9102,0.026361438801708967
9103,-0.8128091774733536
9104,-0.6722883960708557
9105,-0.44498776266278034
9106,0.4287572679665986
9107,-0.2968878817022903
9108,0.21112534206122852
9109,-0.2544409089041363
9110,-0.7021708791388916
9111,-0.8578690728886207
9112,-0.10123345272269318
9113,-0.029110511863956162
9114,0.6841478719583455
9115,0.5017118539520897
9116,-0.6199465632109322
9117,0.5766321474998674
9118,-0.23958825789878493
9119,0.6132297414385951
9120,0.6007913938184223
9121,-0.1618848585709157
9122,0.31049020135246647
9123,-0.311453360239086
9124,0.5320468169592809
9125,0.11009478905240867
9126,0.6823757513397503
9127,-0.6074996692650674
9128,-0.12065380828747153
9129,-0.30116285069713405
9130,0.06434334964445805
9131,0.864738293536279
9132,0.12167388563244327
9133,-0.39905958454637086
9134,0.011326035550351627
9135,0.5154348643961252
9136,0.8899693738334699
9137,0.4080766397564002
9138,-0.698287145281203
9139,-0.2673558704250623
9140,0.8527252002029614
9141,0.6429310993492314
9142,0.5950590571471831
9143,0.45807140503893135
9144,0.6825775421316328
9145,-0.4081094330085254
9146,-0.043503591644520175
9147,-0.20493126023224764
9148,0.16315747167959896
9149,-0.9079410355293765
9150,-0.4819413155980063
9151,0.07101911057013732
9152,-0.5591258102122597
9153,0.3985396112803364
9154,-0.3017618467685761
9155,-0.5011260946221594
9156,-0.6234362809313998
9157,-0.21386825394314526
9158,-0.7020097927729728
9159,0.2371805759384453
9160,0.9537314308674232
9161,0.8312477237293999
9162,-0.24484640149612266
9163,-0.36900221207339495
9164,-0.16670907331310808
9165,0.5979888684833156
9166,-0.05843318727054329
9167,0.03598373719092585
9168,0.16430842029934636
9169,-0.319546694745821
9170,0.6256714531727195
9171,0.6536662885232439
9172,-0.6342129409849601
9173,0.2990780730387922
9174,0.7658552480568133
9175,-0.7024592590680135
9176,0.7845240925911802
9177,0.6980936489296521
9178,0.31017287519629955
9179,-0.08490117523146588
9180,-0.05777685465069924
9181,0.3491456509103665
9182,0.4985640477368901
9183,0.5635208989884379
9184,-0.013777930523544075
9185,0.4092865137861252
9186,0.6570125261974661
9187,-0.22831850568889828
9188,-0.17132283086300476
9189,-0.8361204909319938
9190,0.13891269274592288
9191,0.09272807897730491
9192,-0.09970841460232276
9193,-0.13722275692237154
9194,0.7774579203467514
9195,0.7700723388238534
9196,-0.20751660262863525
9197,-0.14955671242830332
9198,-0.7761559314966965
9199,0.1567777057293675
9200,0.19456325658708506
9201,0.15151940982979686
9202,0.6561007667156104
9203,0.012297601052360182
9204,-0.9372186902912546
9205,0.8497502738089874
9206,0.6620663822401827
9207,0.24661481261165868
9208,-0.6503070667982688
9209,0.2750121287080434
9210,-0.19391709119892608
9211,0.8265837267516867
9212,0.38507950669640395
9213,-0.1373733033806914
9214,0.17457197341596525
9215,-0.5912037160041683
9216,0.38607115869679975
9217,0.4972598931307932
9218,0.49559682029702146
9219,0.852516806013588
9220,0.27309543298635097
9221,-0.13146674269767444
9222,-0.5704468013734499
9223,-0.06066673231360854
9224,-0.18317902878159636
9225,0.2350323652565417
9226,0.4109172335425665
9227,-0.6953283223662617
9228,0.49682143425341324
9229,0.41572699599658397
9230,-0.1002458209962538
9231,-0.7955150704166719
9232,0.8169067532312688
9233,-0.039185434791377746
9234,0.45490263296749484
9235,-0.3286495298016448
9236,0.6221526428908959
9237,-0.20903847078505083
9238,-0.8210132072504587
9239,0.03154267460859578
9240,0.030584671494179684
9241,-0.018501766155097802
9242,0.050329275734679595
9243,0.7729223354443534
9244,-0.4587548869108196
9245,0.38682341594787667
9246,-0.0010851088981574985
9247,0.1383187575402318
9248,0.7426047623034224
9249,-0.6389086871433106
9250,-0.3824573929173016
9251,0.9870067206765989
9252,0.006073001440520266
9253,-0.4355898285200568
9254,0.28375277289495904
9255,-0.10187684275243748
9256,0.8215381090334887
9257,0.27868788890446905
9258,-0.5826033589779762
9259,0.020711720277760727
9260,0.024949174404977396
9261,0.6149875548201463
9262,-0.06529330604243738
9263,0.8520058503980316
9264,-0.1883178984431445
9265,-0.5877899386810232
9266,-0.5984344141291219
9267,-0.3215376097043105
9268,0.14445567996162093
9269,-0.19437452847317122
9270,0.41719358553596064
9271,0.012149735286770873
9272,0.11996939732021902
9273,0.24324222279804483
9274,0.35696808215368137
9275,0.6874620480706548
9276,0.1666834680283396
9277,0.5426030929521957
9278,0.254699403134252
9279,0.7670718598033509
9280,-0.5456481578081561
9281,0.9410611808235742
9282,0.4206591560365007
9283,-0.20706555202644122
9284,0.7809587051549384
9285,-0.6989658686054939
9286,0.5347658379603211
9287,0.9688609002937939
9288,-0.9342612595723224
9289,-0.1296125317641837
9290,-0.4744677544457148
9291,0.03783008960270317
9292,0.39819116297496326
9293,-0.30853520840674825
9294,0.4687737695721457
9295,-0.04713537425087401
9296,-0.22784137836429114
9297,0.026492272051864448
9298,-0.018320108679619574
9299,-0.4051607251427402
9300,0.74849760180036
9301,0.778649068233511
9302,-0.1428919878465575
9303,0.5491943542936798
9304,0.2044120064167577
9305,0.9328174813059393
9306,0.3165111166629968
9307,-0.3208206516123482
9308,0.385794496856879
9309,0.6525458280297491
9310,-0.045346863275867004
9311,0.8658387985206752
9312,0.07846600175371723
9313,-0.11596427740772808
9314,0.8714331909343619
9315,-0.5695221726194699
9316,0.737047913031408
9317,0.49547937428627364
9318,0.17168695143263288
9319,0.8357443892330992
9320,-0.1466302755176563
9321,0.42976773990148853
9322,-0.22815031277221165
9323,0.04579296983023687
9324,0.09580081473215864
9325,-0.15453435209647798
9326,0.9727675897732474
9327,0.25959226568912924
9328,-0.2648591014661886
9329,-0.8477930504809488
9330,0.5335257930025472
9331,-0.11364474776421396
9332,0.2506177888146305
9333,-0.04362241451921489
9334,0.8619010376131578
9335,0.5940064937919006
9336,-0.20658149709803167
9337,-0.02681697144143759
9338,-0.549128781750526
9339,0.02046318799607847
9340,-0.23195822028177845
9341,0.5407655489962551
9342,0.76453908738774
9343,-0.2720697928233537
9344,0.8515708138564135
9345,0.9035217385641278
9346,0.5125595615623443
9347,0.0697518543869318
9348,0.3364476216800104
9349,0.3732382892047132
9350,0.3148740840054281
9351,0.42694168682773037
9352,-0.8385154796817781
9353,-0.7621222434721302
9354,0.47204528969649207
9355,0.6480943202373469
9356,0.05351532898623006
9357,0.7130327259599395
9358,-0.204122466981403
9359,-0.4910537708970538
9360,0.9637250361293118
9361,-0.32414054109660645
9362,0.3047661698950006
9363,0.7631789853703845
9364,-0.16297328473057698
9365,-0.13378574012772199
9366,0.2197911274418445
9367,-0.5314130013767242
9368,0.6562491022825725
9369,0.2644765295041881
9370,0.7792663468026555
9371,-0.5504554364291142
9372,-0.5670968425057046
9373,-0.8318510373130238
9374,0.19910239387602457
9375,0.6975011028598413
9376,0.9480488542592204
9377,-0.07885440265274106
9378,-0.20682769138345822
9379,0.382537394051596
9380,0.5435236223068144
9381,0.4894679597023067
9382,-0.05587367994607585
9383,0.4118518064820031
9384,0.4625274450999566
9385,0.5736726963451443
9386,0.009438086131192042
9387,-0.04232822963019972
9388,0.32311099036579477
9389,-0.6360146138752903
9390,-0.6219184413894462
9391,0.24860867371807016
9392,0.03802673848488956
9393,0.20686248820718253
9394,0.6233315152277947
9395,-0.14163937423410217
9396,0.4865717641198481
9397,0.9341044518497486
9398,-0.395109569784709
9399,-0.9299909256766888
9400,0.3533683818564598
9401,0.027337456742818404
9402,0.17874156991923923
9403,-0.05948841165617349
9404,-0.12292250690730257
9405,-0.17410813972356623
9406,0.729311022553621
9407,0.5533338397065878
9408,-0.6176826640842805
9409,0.9245272350939904
9410,0.5898230494923251
9411,0.6234563163050161
9412,0.9736265484077306
9413,0.22249221946136225
9414,0.8898612043729294
9415,-0.8594397202416909
9416,-0.19579377152033023
9417,0.5581829930037996
9418,0.19208300678930748
9419,0.5704197363325342
9420,-0.03810333589984157
9421,0.46933804041072186
9422,0.3039232144191316
9423,0.7730743175855826
9424,-0.038556400787092535
9425,0.3709201900819286
9426,-0.09073347206877544
9427,-0.2649357415167776
9428,-0.11120831961277636
9429,-0.96188754935385
9430,0.34016065073624857
9431,-0.5022923066899083
9432,0.528149304740976
9433,0.6468546047772402
9434,0.6507256149501087
9435,0.15785938445617834
9436,-0.08821565717604685
9437,0.12601038472108286
9438,0.27498898546123085
9439,0.6708115123569189
9440,-0.015305267951131024
9441,-0.12229147374957794
9442,-0.38625612822486566
9443,0.12781297702151329
9444,0.15726607926465694
9445,0.013426520129235857
9446,-0.5746276410812308
9447,0.5139914156609565
9448,-0.4875661423153959
9449,-0.24124785873575397
9450,0.8716729866594871
9451,0.5295524175292382
9452,0.37329755062242637
9453,-0.7753515416599953
9454,0.19858687980441125
9455,0.6356176283227976
9456,0.3266111759040495
9457,0.3515037200136289
9458,-0.5345918661869661
9459,-0.5647270964157926
9460,-0.1487754451340061
9461,0.8268641510869236
9462,0.45637985772988576
9463,0.7846529490633769
9464,-0.07000372223853987
9465,-0.5439559251282533
9466,0.8087710556923993
9467,-0.7612834555080973
9468,0.7756860329102298
9469,0.10231045190709834
9470,0.5353650302724179
9471,-0.5844471231361629
9472,-0.9333199847214079
9473,0.3581237442230174
9474,0.033669650147149476
9475,-0.661183454295781
9476,0.09785040111818337
9477,0.2369950310232805
9478,0.10720508955450907
9479,0.12581249627069427
9480,0.5360855071868633
9481,0.02188713516788144
9482,0.43088890633829763
9483,0.4030247843658147
9484,0.6385157780204672
9485,-0.15909137513353291
9486,0.5866119811173598
9487,0.30029498970390534
9488,-0.04194132721233369
9489,0.578839596927637
9490,0.09205012579874382
9491,0.6487916459835877
9492,0.9071093304471103
9493,0.30419133890503464
9494,-0.485804660215493
9495,0.09617403691207353
9496,0.5685207234551416
9497,-0.2637623543219275
9498,0.8898860196668507
9499,0.2234833626304995
9500,0.7342019039706285
9501,-0.7321051529712864
9502,0.08680690440200298
9503,-0.2893118119211268
9504,-0.8078139224215259
9505,0.3528310322508122
9506,-0.2330221647513835
9507,0.32893188578933896
9508,-0.28883938125822295
9509,-0.17779748400368403
9510,-0.7370764238135293
9511,-0.3717852853335483
9512,0.971354788284932
9513,0.5857267786194684
9514,-0.6385402940955363
9515,0.4680644861889795
9516,-0.6995258328561598
9517,-0.33927997673761934
9518,0.033158947470076555
9519,-0.09459874096393932
9520,0.07398375076016847
9521,-0.38726892658017004
9522,-0.04942822511845692
9523,0.4673155987849182
9524,0.13753435803209677
9525,-0.7833597647406944
9526,0.4418753175434297
9527,-0.24870675861330788
9528,0.6416819818105611
9529,-0.4501446440576778
9530,-0.1532238741424089
9531,-0.14330487199818212
9532,0.7919972125542181
9533,0.0038836440529164103
9534,-0.532261545665367
9535,-0.3855222163014759
9536,-0.08584356762963287
9537,0.14131162637329808
9538,0.45304195198458574
9539,0.4979397950835865
9540,-0.6185252657406387
9541,0.41455666804998154
9542,0.8573703513212054
9543,-0.8089212493355953
9544,-0.5489430595554523
9545,0.7598346661709183
9546,0.062060866369898215
9547,0.4530397644918493
9548,-0.6251083002940231
9549,0.7359364586527825
9550,0.3388452688406732
9551,0.1521850885389516
9552,-0.12053267038589453
9553,0.6048453761723714
9554,0.7547889711702004
9555,0.6947370917723341
9556,0.22691551710105548
9557,0.3456924676875347
9558,0.4002578044790822
9559,-0.041342431646944636
9560,0.4654021704712323
9561,-0.08200627783028139
9562,0.007019252332979474
9563,-0.4435768280938254
9564,0.7666475087112461
9565,-0.6285472212871023
9566,-0.44163627716878134
9567,0.5860969787358516
9568,-0.11526157808491166
9569,0.7597554673451112
9570,0.72602425415006
9571,-0.12565406017760913
9572,-0.3393069776586412
9573,0.10683179154393943
9574,-0.12127094053041206
9575,0.7945156966091577
9576,0.7770897195301171
9577,0.7838133041242217
9578,0.5323685136974968
9579,0.6757139306433305
9580,-0.19282889406954573
9581,0.7295736184586953
9582,0.36197486159097103
9583,-0.9364730632103414
9584,-0.8434201587001366
9585,-0.5574345601176233
9586,-0.9215598961292384
9587,0.8649992276969929
9588,0.9695567231181298
9589,0.4559793267361132
9590,0.17927442147876865
9591,0.4613168805271529
9592,-0.5104717332496342
9593,0.6373220351421586
9594,-0.24648969833305148
9595,0.40020638903082695
9596,0.5096867523337525
9597,0.2689348219682028
9598,-0.2200454348465882
9599,0.5640454453865513
9600,0.1536331107112328
9601,-0.12137987409405335
9602,0.18317090236772376
9603,0.16477677579767783
9604,0.43749822328468907
9605,0.536406826400151
9606,0.44267286252386323
9607,0.15761952266726312
9608,0.6175183253082578
9609,0.5190115636078521
9610,0.8775436530265958
9611,0.03094042762077414
9612,-0.10298045463712183
9613,-0.04917630003674209
9614,-0.8988349805646406
9615,0.17712719318592932
9616,0.09473544713736338
9617,-0.3134111708794963
9618,-0.03966196390142932
9619,-0.5402719087968708
9620,0.6131358255182231
9621,0.1477310393221213
9622,0.6827745086213303
9623,-0.38349039964631015
9624,0.40942355459411267
9625,0.8259401089371258
9626,0.7246440998607216
9627,0.7484947861295468
9628,0.0011963439972405895
9629,0.8339913093859627
9630,0.5413238750719598
9631,0.4492649375076681
9632,0.4812463534507799
9633,-0.7940377938713168
9634,0.2947759798384715
9635,0.7653328270526409
9636,0.6703759945703821
9637,-0.0885237557466769
9638,0.6860696289597852
9639,0.026936630002277608
9640,0.5316032403908116
9641,0.0315076194964616
9642,0.3716062874234996
9643,0.001484898201191276
9644,-0.18939106001090986
9645,0.16404471509268428
9646,-0.38154579245872466
9647,-0.4721701976101211
9648,0.46618237178060584
9649,0.36501965242261075
9650,0.5156191562002915
9651,0.8921118461308366
9652,-0.9186287320479267
9653,0.3869424884587032
9654,-0.742354344699682
9655,0.7012709404876333
9656,0.914059650618179
9657,-0.46026189053889216
9658,0.7204031571704597
9659,0.4878093211459945
9660,-0.5840523148874628
9661,0.28962117146997735
9662,-0.12478827619862327
9663,0.933184509014905
9664,0.3483249725592976
9665,-0.853310091790591
9666,0.27365331490235567
9667,0.88661549669386
9668,0.5585864862563708
9669,0.7110701894613678
9670,0.3532144548407941
9671,-0.022061594153331872
9672,-0.40178637490052294
9673,0.392354636113895
9674,-0.07195043792129721
9675,0.6997008609883741
9676,0.1644376049228539
9677,0.5098360039810594
9678,0.8502668422156998
9679,0.3334877852938555
9680,0.7760793371973465
9681,0.2806578402541469
9682,0.2759648857897295
9683,0.2681189144045855
9684,0.6499872810517777
9685,-0.20479114059063433
9686,-0.19259264858554592
9687,0.15545086288232512
9688,0.9514896833828571
9689,-0.2139979553193403
9690,-0.7597790018513318
9691,-0.5104444738119212
9692,-0.36916247387581075
9693,-0.2619823758964556
9694,-0.3995697135893338
9695,-0.3689634139309055
9696,-0.6875804782750791
9697,-0.256522719438259
9698,0.6510136872712396
9699,0.010098032787209927
9700,0.4647435690967704
9701,0.39863775242052724
9702,0.13702774833412368
9703,-0.12563252516837975
9704,-0.7337582679623643
9705,-0.02812368031105154
9706,0.5781811184629938
9707,-0.8525937994933362
9708,0.494904615493795
9709,-0.20968846826433324
9710,-0.551936889761382
9711,0.5611382644058258
9712,0.2732543734033047
9713,0.6944092085052923
9714,-0.375277533156013
9715,0.9157436191398938
9716,-0.5828394723545055
9717,-0.5817210993351357
9718,-0.04492696580597098
9719,-0.25320741606273933
9720,-0.41343773940325457
9721,-0.6086932981972422
9722,0.6701004292917708
9723,-0.4515626203173797
9724,-0.7825732789387565
9725,-0.28642672612008974
9726,0.6480843584010342
9727,-0.5884015693887846
9728,0.7343109767926606
9729,-0.24348805097034057
9730,0.8780899195693384
9731,0.12462635525900277
9732,0.5216529980794162
9733,0.26051083228458827
9734,0.4660982188985377
9735,-0.1816146130143589
9736,0.46164872135116397
9737,0.742705856569561
9738,-0.5183952416639427
9739,-0.5260419642180261
9740,-0.2801696877666678
9741,0.28050804708214794
9742,0.3175076155832145
9743,-0.6128397439148134
9744,0.20516229925993823
9745,-0.787058486490617
9746,-0.05020514170767354
9747,0.4390340723993115
9748,-0.6729173402849972
9749,-0.16384184797092127
9750,0.504650473864555
9751,0.18677771399200954
9752,0.5102408313113509
9753,0.6693081421530247
9754,-0.3432151877727412
9755,0.9136603506541194
9756,-0.11463581664949914
9757,-0.744857086193674
9758,0.8738970228732826
9759,-0.14745777601122592
9760,0.8956297408410953
9761,-0.5413446290219311
9762,-0.08967155328273228
9763,0.9619565010652806
9764,-0.01052317320625081
9765,-0.6301576951569103
9766,0.2783367390585506
9767,0.2727840176659497
9768,-0.3057990826598024
9769,0.29430302846139494
9770,0.6303429109281722
9771,0.6173001281782108
9772,0.25133872484620956
9773,-0.1376212306959556
9774,0.5727003861397968
9775,0.614221790561426
9776,-0.06734264823962027
9777,-0.522389982440452
9778,0.3604331780783865
9779,-0.7696313026973651
9780,-0.019997734180318378
9781,-0.5409827714912567
9782,-0.0611552593234494
9783,-0.08739728144975756
9784,0.46837247727115683
9785,0.01727983302815176
9786,-0.9192357907170782
9787,0.8108698264407181
9788,0.8453863451780516
9789,0.46742823740230577
9790,0.2126527699010951
9791,0.6644024788379691
9792,0.4817298036697512
9793,-0.3483066464020329
9794,-0.6717810255221512
9795,0.943242786958283
9796,0.8928228390597925
9797,0.8303917437486051
9798,-0.41019893864371976
9799,0.16986387581297058
9800,-0.3080409389908689
9801,0.37787473955886147
9802,-0.2709266586829006
9803,-0.35335499423701666
9804,-0.3950063993279639
9805,0.9018780352914108
9806,0.7997508109354913
9807,-0.050985782845730354
9808,-0.2708153877376327
9809,0.23217776794019043
9810,-0.07991120859165549
9811,0.91553375760067
9812,0.7895102456315028
9813,-0.4173725249671752
9814,0.593527490037079
9815,0.12188113569514554
9816,0.02826245331924905
9817,-0.7650738308803886
9818,-0.6476111158366774
9819,0.44669838020498126
9820,0.5836064454154258
9821,0.9803659806014793
9822,0.37571960914509217
9823,-0.02896469820201375
9824,-0.15547342111049417
9825,0.7979651632905188
9826,-0.48164470228718637
9827,-0.657334280964909
9828,0.15882983774017934
9829,0.9798474918332335
9830,0.18389793802675578
9831,-0.28891923055176316
9832,-0.8339988550868176
9833,-0.8671236879107055
9834,0.48147575738422854
9835,0.44269143587963244
9836,0.8465469280427024
9837,-0.45679308753734066
9838,0.7628344464858823
9839,-0.08000687314900384
9840,0.22455302257242393
9841,0.8269179012096974
9842,-0.03236047139690472
9843,-0.3305092916053
9844,0.5032417014138115
9845,0.5667265865022721
9846,0.45182174099375144
9847,0.8162472028545595
9848,0.28754993801030376
9849,0.9683254257509769
9850,-0.11483050719546552
9851,-0.3348297790053446
9852,-0.5307215811920835
9853,0.9297449017229427
9854,0.8812770026133856
9855,0.026100560984063558
9856,0.6854582321667942
9857,-0.3580506422224786
9858,0.3567556839193489
9859,-0.13244795825358444
9860,0.7538916775205527
9861,-0.9104294739625407
9862,0.6268876118929444
9863,0.06566073130446554
9864,-0.01492875731106835
9865,-0.10316785648959376
9866,-0.908752239825285
9867,0.7720865687397231
9868,-0.4303389569685747
9869,0.4787197199732317
9870,-0.049240646217110697
9871,0.8127235722229148
9872,0.9803324382714438
9873,0.8832063448116244
9874,0.5068059980678814
9875,0.8682021192777281
9876,0.5441551856388344
9877,-0.26554137120733584
9878,0.2551879807724767
9879,0.332126383956663
9880,0.3503052826315303
9881,-0.5753060271386211
9882,0.9550636031512428
9883,-0.5660167881784283
9884,0.03855459429216437
9885,0.4978602306899862
9886,0.4937203810198882
9887,0.35584800597038574
9888,0.49550626690440674
9889,0.6627259474714012
9890,0.7551482307087708
9891,0.2739529082037438
9892,-0.9301676704018611
9893,0.4908782201226156
9894,-0.8568088635218825
9895,-0.25232631981379844
9896,-0.7174138776648652
9897,-0.40652893779052407
9898,0.49028534795781675
9899,0.17246101794457616
9900,-0.013970689090924703
9901,-0.009886925995596629
9902,-0.5391722603968634
9903,-0.7788589840322345
9904,-0.0026747754136083293
9905,0.940861696760794
9906,0.2660039534394527
9907,0.1098156605983629
9908,0.5271030890433341
9909,-0.15680748909534212
9910,0.338973586077507
9911,0.6133942550700239
9912,0.7706637438903653
9913,0.17208182882716516
9914,-0.08370733780031989
9915,0.3240731795069706
9916,-0.21683985236306494
9917,0.4926174127833039
9918,0.5436013346654179
9919,0.4724079554482719
9920,0.7106345943079259
9921,0.6716452209196984
9922,0.3293248293360626
9923,-0.5854601718536485
9924,-0.2926680491742249
9925,-0.9178322381890485
9926,-0.26822434343212576
9927,0.4507292092795609
9928,-0.7348602862058077
9929,-0.4034739394616845
9930,0.16148215994658244
9931,-0.06302983652280306
9932,0.42574589151851727
9933,-0.4856052692320665
9934,-0.29305926577774477
9935,-0.2963535592220451
9936,0.25464733448933097
9937,0.9225260294494877
9938,-0.44394040915759164
9939,-0.29576948057133234
9940,0.4484367269736737
9941,0.41956510153526144
9942,0.7352104034015602
9943,-0.06926553628975636
9944,0.5421578812245116
9945,0.7498667723116542
9946,0.154583622665669
9947,0.7651765365984694
9948,0.23051093087330432
9949,-0.09808324541861642
9950,0.8355447816149661
9951,-0.9116691359199146
9952,0.34061861849251573
9953,0.05938276580931582
9954,0.7847206484852629
9955,0.3330537167156981
9956,0.3915057425248814
9957,0.5457365667679692
9958,0.6335548790751155
9959,-0.07730107689356937
9960,-0.11270687412078126
9961,0.21596768024314167
9962,0.8501788876375979
9963,0.5477958658395443
9964,0.18022232794494808
9965,0.9457191265375452
9966,0.7558462484733937
9967,0.6802035996239488
9968,0.06406744103796841
9969,0.34460775144207323
9970,0.7730382556852479
9971,0.8077796794995169
9972,0.7456816460684969
9973,-0.18260690263465088
9974,0.5756088497518835
9975,-0.632313291293672
9976,0.34599320078933665
9977,0.7189190027121016
9978,0.25498191461439196
9979,0.8144134206657131
9980,0.6810592788650647
9981,0.052101852349354105
9982,0.03594571868270264
9983,-0.7856526710072707
9984,0.2878253194635911
9985,-0.10306864278425522
9986,0.0169164822777787
9987,0.4465789618171393
9988,0.2875081646884294
9989,-0.054687320752593575
9990,-0.29780291096874706
9991,0.5263349701901849
9992,0.5489902214339135
9993,0.07038593713187768
9994,0.32508160245621376
9995,0.37081284657119956
9996,0.5496429371553478
9997,-0.14659439201001956
9998,0.3164777731066033
9999,-0.0684264603683297
10000,0.1868824230479209
10001,-0.5279236548575599
10002,0.8116900714139699
10003,-0.37274020614421577
10004,-0.12400209152666196
10005,0.2691617850702618
10006,-0.8270584701297469
10007,0.8016939667403806
10008,-0.06129183717162977
10009,-0.026076626954478637
10010,0.3376683465645967
10011,0.5384499648196934
10012,-0.6760885377542096
10013,0.2477784048172968
10014,0.8808596339034209
10015,-0.7714021477972364
10016,0.8524394683403491
10017,-0.6863434896725173
10018,0.6997786519602779
10019,-0.3124766224872895
10020,0.1349385011920864
10021,0.30726856276163306
10022,0.41851192375428764
10023,0.4600888488822003
10024,0.8231873845766946
10025,0.981482007239184
10026,0.8227719129274346
10027,0.6157655161724072
10028,-0.26432505595124334
10029,0.5157057521741805
10030,0.3143284724044173
10031,-0.3205314794845078
10032,-0.17647123086691446
10033,-0.2524717482205151
10034,-0.06777422934346013
10035,0.373437589585032
10036,-0.7790230223368191
10037,-0.8961181367524429
10038,-0.7519110638444585
10039,0.7489933094152106
10040,0.5795562974759578
10041,0.7751277853826746
10042,0.1523167688421287
10043,0.30711380471850935
10044,-0.34960357896885597
10045,0.6923732008176852
10046,0.9146280802349851
10047,0.7001000679380714
10048,0.6911718363135072
10049,0.3122794301758601
10050,0.9040649930852099
10051,-0.5196859535122319
10052,0.9474063585236172
10053,0.8891865982725384
10054,0.6568898789730249
10055,-0.6387272450791226
10056,-0.7847213630029963
10057,-0.20894686657891937
10058,0.46527487263022343
10059,-0.15510523879136767
10060,0.12795989729794932
10061,0.5040164391704937
10062,-0.009696837401735735
10063,0.4426181814655303
10064,-0.21522408728289177
10065,0.4736135113308649
10066,0.14642104934441474
10067,-0.029399404795243198
10068,0.8525522129451287
10069,0.2626273427621194
10070,0.3628492269284053
10071,0.3461564306796086
10072,0.6270418848588964
10073,0.2153166730596616
10074,-0.45321592537368066
10075,-0.054632420247652184
10076,0.9258257433978745
10077,-0.18123135947476032
10078,0.6682508528125627
10079,0.17985815724906476
10080,-0.9040757228724908
10081,-0.8108410869057258
10082,-0.1585671217409218
10083,0.6624691301392445
10084,0.61623805812317
10085,0.31886436789467587
10086,0.8357032743122259
10087,-0.48809197632266377
10088,0.6023471068961942
10089,-0.47474186904083754
10090,-0.5226908091273742
10091,-0.19708541606307395
10092,0.5106085182075988
10093,0.16483349502349076
10094,-0.19210951436870258
10095,-0.8077926112618226
10096,0.20108360684527368
10097,0.9476893167628925
10098,0.6072039966321747
10099,-0.7212435874896983
10100,0.08623638311723336
10101,-0.09734218191919557
10102,0.3484536610922123
10103,0.6257472445466379
10104,0.4487175724391146
10105,0.2179143675971371
10106,0.541412362149645
10107,0.819817382366205
10108,0.5634321883951059
10109,-0.22922976598329212
10110,-0.38042736251772746
10111,0.24285180146926316
10112,0.7201911402776024
10113,0.042598229154723416
10114,0.2645347008034663
10115,-0.30251005456992663
10116,-0.16665473986826676
10117,-0.5880947785413374
10118,0.05328100128892982
10119,0.43342311995830624
10120,0.28546272250548327
10121,0.4969949156869368
10122,0.8795505102333776
10123,0.5973685423050256
10124,0.2505384349183279
10125,0.18947907418830742
10126,-0.01638147145550192
10127,-0.6073871150785995
10128,-0.3200651209232271
10129,0.9217548606967602
10130,0.6933204625222757
10131,0.7518113380480541
10132,0.8262634453318933
10133,-0.8541330920955322
10134,0.2616494742781474
10135,0.42001326502099257
10136,0.3794006875944793
10137,-0.5485831228210465
10138,0.4911252886175265
10139,-0.418949913761927
10140,-0.3710008908234482
10141,0.31285173157794777
10142,0.5684473394934607
10143,-0.08541331807750219
10144,-0.7216943252118171
10145,0.12750232884319318
10146,0.544277808442385
10147,-0.4141699761381912
10148,0.3317150069224549
10149,0.20803046399477437
10150,0.4469772729413678
10151,0.7167137619009883
10152,-0.45584124855178515
10153,0.7896398000970037
10154,0.6487081655030723
10155,-0.028828647516559742
10156,0.35443366525045117
10157,0.19670905141797573
10158,-0.26809951626471745
10159,-0.2249688087677932
10160,-0.23461655635171247
10161,0.761069530606347
10162,0.11057806105093963
10163,0.47627362605623047
10164,0.07776662653468717
10165,-0.24605848830437446
10166,0.1992831619659548
10167,-0.3346860979675167
10168,0.03990077582751918
10169,-0.1363499655027854
10170,0.11725161879951201
10171,0.7543177274544943
10172,0.5259883015162731
10173,0.7604031216209052
10174,0.8624513868577643
10175,-0.40775176942074376
10176,-0.42776938853692215
10177,0.5118716761466411
10178,-0.5553307269402945
10179,0.9185029799815769
10180,-0.009822462459456751
10181,-0.13376528656806239
10182,-0.0032414426267919206
10183,0.3469154367386371
10184,0.48182933750363793
10185,0.2287821120089928
10186,-0.6305642299734507
10187,0.3411127517357886
10188,0.4623588064719843
10189,0.11966318377585279
10190,-0.3731234913899396
10191,0.11648956202239728
10192,-0.14293412419870566
10193,-0.27261080020456757
10194,0.2588458617400181
10195,0.5479811521108874
10196,-0.3986300046195469
10197,0.19517895241705974
10198,-0.4301384898798611
10199,-0.6739238596084709
10200,0.4876874873951367
10201,0.13929498746161242
10202,0.7350340057716208
10203,-0.09662370535856957
10204,0.6953017430937233
10205,-0.41471112647102887
10206,0.6800541535321486
10207,0.45969502259865286
10208,0.5632676382141638
10209,0.6873386398563484
10210,0.030794980785653427
10211,-0.7053397972379856
10212,-0.6225360602122122
10213,0.24070383101306025
10214,0.4644131614068563
10215,-0.02130824649761932
10216,0.7440854729922338
10217,0.621090064173964
10218,0.2372863946774472
10219,-0.5606644737416513
10220,0.34266966282961686
10221,-0.44589271107190626
10222,0.7590849178176604
10223,0.0969821195713311
10224,-0.014991752211499561
10225,-0.3747516682425821
10226,0.4639897190312626
10227,0.41969599341418273
10228,-0.6479490139525731
10229,0.38623580053829115
10230,0.5109029549715725
10231,0.8901824796109549
10232,0.4782390230959989
10233,0.23486407529474265
10234,0.12301465065109674
10235,0.10433745165320314
10236,0.802325758363541
10237,0.37887386262993344
10238,-0.43107576397945563
10239,-0.16171971522068682
10240,-0.1617247007388824
10241,-0.04222509868499007
10242,-0.27616716438883504
10243,-0.4678956259972891
10244,0.6848998553747453
10245,0.47649381056882284
10246,0.5902520890336923
10247,0.5833038166805998
10248,0.6710281774465741
10249,0.38691028830136726
10250,0.8256226050880968
10251,0.31820997839661563
10252,0.38151306719376216
10253,0.5754041121281676
10254,-0.018909218431707998
10255,0.5789652703938919
10256,-0.788836825939586
10257,-0.7441725240033829
10258,0.3528559583386028
10259,0.7387057667564468
10260,0.09046013871301714
10261,0.5137894306165215
10262,-0.25889453275330326
10263,0.6132509164193108
10264,0.6458275689085131
10265,0.3912305515250864
10266,0.4944945480963281
10267,-0.8964758687721592
10268,0.470958131219917
10269,0.47738031601912917
10270,0.7553040026584611
10271,0.03412961166547099
10272,0.5712512353864343
10273,0.16909146258900032
10274,0.18068220080015063
10275,0.87901251745935
10276,-0.6134874079763575
10277,0.3973103903080905
10278,-0.6256762958500622
10279,-0.11349971259442396
10280,0.7921965095007734
10281,0.6338323483191501
10282,0.06936011627309108
10283,0.39716814471988804
10284,0.7446438544945366
10285,-0.21132709744686295
10286,-0.4900190416371092
10287,0.584119483555347
10288,0.22379113507836984
10289,-0.6797631774317262
10290,0.3471835355427283
10291,0.32124165614763317
10292,-0.049998985388206144
10293,0.4591022697731387
10294,0.510751667511867
10295,0.3779317932138757
10296,-0.49120422817050874
10297,0.7446263916598048
10298,0.6681475451144459
10299,0.15102600533138874
10300,0.0669034574994122
10301,0.7619513828775514
10302,0.6977686170868964
10303,-0.46365642876838103
10304,-0.08901084836686159
10305,0.38434711047576614
10306,0.23879044691204437
10307,-0.0365292713123126
10308,-0.1836580669291626
10309,0.6201628872148106
10310,0.07747837557833384
10311,-0.17955026790464157
10312,-0.6402905257287062
10313,-0.015262783982024597
10314,0.37463643963362586
10315,0.3032645888570774
10316,0.6250457149686584
10317,0.07577109836937791
10318,0.5821947275229801
10319,-0.48390344498195775
10320,-0.18222725924214087
10321,0.47454002684675456
10322,-0.827388066315087
10323,-0.9004104879420717
10324,-0.11739332107542735
10325,-0.021193495454199022
10326,0.556673638261351
10327,0.9139956179813307
10328,-0.3886457486163665
10329,-0.0868430660590082
10330,0.3936360999157838
10331,-0.15194165759866043
10332,-0.3095602717610365
10333,0.6590548067094656
10334,0.4363125107267616
10335,-0.8000936994098135
10336,-0.096046760554433
10337,0.27798953361498535
10338,-0.5855553786340514
10339,-0.6536336556102151
10340,0.9674567495653825
10341,-0.7800707520512044
10342,-0.37973470919536945
10343,0.4807707535252397
10344,-0.9314345639770795
10345,-0.6495203507288604
10346,0.22785842688526267
10347,-0.787519743888735
10348,0.48106940802240955
10349,0.33522592389560085
10350,0.05017249138309319
10351,-0.41058272484296926
10352,-0.5014709308489201
10353,0.9708102899263895
10354,0.5083583043251972
10355,0.8929868797080092
10356,0.36731706304560313
10357,0.6354015154933546
10358,0.14769577937282233
10359,-0.4429604387427701
10360,0.009189459292978906
10361,0.5215636271669073
10362,0.6414508291538112
10363,-0.7683489007464536
10364,0.5720589406785392
10365,0.4691952948828923
10366,0.29230352739847665
10367,0.4657366941706091
10368,-0.3053727405995545
10369,0.20765316730218258
10370,0.5459293145539015
10371,-0.04708701054761375
10372,0.5355707085299937
10373,0.7013388736448473
10374,0.2552147870273618
10375,-0.3687837749540713
10376,-0.2869227871428946
10377,-0.5472200251889366
10378,-0.3451254277437182
10379,0.8918545875081565
10380,-0.3114638359113932
10381,0.5170888434375771
10382,-0.3366510719246827
10383,-0.5591325479994608
10384,-0.30671256438602823
10385,-0.14571877572005318
10386,-0.6268537137980738
10387,0.054024210359076716
10388,0.1918089736258052
10389,-0.08925506028566842
10390,-0.898626678884643
10391,0.5436111225102586
10392,-0.47707512981420996
10393,-0.09332332780754195
10394,0.4697129394980832
10395,-0.4642106025522238
10396,-0.10310526620935216
10397,0.22916957203061472
10398,-0.11312485063776745
10399,0.5414035826483602
10400,0.7478635619998982
10401,0.03134959140746904
10402,0.43914731853203676
10403,-0.29043791364853977
10404,-0.2017137386156818
10405,0.8500024738767246
10406,-0.21883818399631197
10407,-0.31817375361770484
10408,0.42191603704385944
10409,0.16124585332491154
10410,0.06240509249515003
10411,0.7601071844440416
10412,0.5174876962544183
10413,0.5432404468545725
10414,-0.6062103077389179
10415,0.9797476854909709
10416,0.47990233633515006
10417,0.4181000648265635
10418,-0.16017236509466987
10419,0.30807723676694465
10420,-0.07521042544275144
10421,0.20768661317797527
10422,0.47233856263074153
10423,0.40103427355930654
10424,-0.5735792150973026
10425,0.8405186305261689
10426,0.2989053736855153
10427,0.7991000350920697
10428,0.13547761063766106
10429,-0.83562200849618
10430,0.588186970954541
10431,0.7624263829707605
10432,0.22211931483333755
10433,0.2866319161507288
10434,0.626593136874682
10435,0.1066921874141787
10436,-0.4549566083843294
10437,-0.06402428527545762
10438,-0.14903047825297197
10439,0.06331083061477746
10440,0.07790358547200998
10441,0.3025473846317134
10442,0.6395156398926494
10443,-0.026362647331316477
10444,0.6829263069353044
10445,0.05475844048639078
10446,0.084609323230216
10447,-0.11400067668846724
10448,-0.5208711757398086
10449,0.41750021319425
10450,0.13053405140144023
10451,-0.9067296665307427
10452,-0.07330425352363723
10453,0.3376047176156153
10454,-0.4151398443614131
10455,0.9666579507585152
10456,-0.19133496958790405
10457,0.0777828976427045
10458,0.4386630465322029
10459,-0.019387057018301297
10460,0.5055787598995759
10461,-0.25811484253793726
10462,-0.26749662596210616
10463,0.5047295443099514
10464,-0.6818059475521722
10465,0.3104768944516173
10466,-0.24899955314492528
10467,-0.21815545381331428
10468,-0.08730672145130028
10469,0.06406892194454403
10470,0.9026932844494951
10471,0.05587907824591123
10472,-0.02426621016639426
10473,0.13504933460716265
10474,0.3457484427544064
10475,0.032732184358854714
10476,-0.30130225308686653
10477,0.00326698122269831
10478,-0.1315165825146248
10479,0.8806314909974228
10480,-0.11596039596103479
10481,0.6612129087475876
10482,0.5316866756719929
10483,-0.25763967833268797
10484,-0.0011130453082108499
10485,0.032031931663880554
10486,-0.14122594676182573
10487,0.3043449744854398
10488,-0.031404582470370104
10489,0.26521193899629364
10490,-0.6672534615849929
10491,0.2590449511116759
10492,-0.49208375627800877
10493,0.6810429043721624
10494,0.24651651939781263
10495,-0.28778697881371945
10496,0.2444361901407138
10497,-0.1895111151883016
10498,0.07843926109507796
10499,0.4806158121315974
10500,0.5594789490896956
10501,-0.012801457971812202
10502,-0.24551019847332056
10503,0.7765283779859787
10504,0.9213341699448401
10505,0.29931382842133847
10506,-0.5016199248606155
10507,0.9391334702401775
10508,0.7738037989525143
10509,-0.06315732510266243
10510,0.9352484816346992
10511,0.33542842655340577
10512,-0.9126143840293484
10513,-0.28545603593834334
10514,-0.8642044861819362
10515,0.47658013629399615
10516,-0.17023000174883673
10517,-0.10117709514254926
10518,0.5735849821796273
10519,-0.25006004508543006
10520,0.18017206886759954
10521,0.749655859688098
10522,0.6795163113032137
10523,-0.6453884993281319
10524,0.07047671055363348
10525,0.3552273627214315
10526,-0.13287781710299165
10527,0.5688350777830783
10528,0.027879983901324328
10529,0.8751706284052165
10530,0.1237539516387082
10531,-0.22371209198526076
10532,-0.6973155397610273
10533,0.8833794727134934
10534,-0.536362039749321
10535,-0.14353407756043943
10536,-0.6170354328090809
10537,0.4700044486553211
10538,0.2064062991728854
10539,0.09302879438329037
10540,0.12081138568331207
10541,0.08349219125743464
10542,-0.6539703885669522
10543,0.8486057627916264
10544,0.7724460640264159
10545,-0.7761903186964337
10546,0.6065632589958536
10547,-0.6142600944917574
10548,0.10430840629011436
10549,0.5398954854600142
10550,-0.20034059301308357
10551,-0.3236790512334979
10552,0.39186013031919525
10553,0.5106237272396627
10554,0.20991687745527687
10555,0.3059400248455484
10556,0.07497183095774902
10557,0.4794195031338925
10558,0.5356861247779234
10559,-0.7408334948167516
10560,0.7339567013287953
10561,0.16666852510794838
10562,0.2905967841810379
10563,-0.15978005460743516
10564,-0.4720032918684124
10565,0.21028111922345685
10566,-0.7490415881228963
10567,-0.4628218338661027
10568,-0.21743156432446206
10569,0.4150571948976413
10570,0.9094912594387907
10571,0.03568971784659203
10572,0.7060749555492832
10573,0.23321164594301125
10574,-0.060137431847291936
10575,0.6149767571956938
10576,0.8135270579291771
10577,-0.04554953798221067
10578,-0.3222780466351697
10579,0.7799388306323956
10580,-0.18796840161962622
10581,0.775752841869377
10582,0.34376777257191005
10583,0.764910904813645
10584,0.4119873973105686
10585,0.40449427428061335
10586,0.6239825996150264
10587,-0.6884794213895062
10588,0.5921083089071648
10589,0.2485233905130178
10590,-0.5753858655796406
10591,-0.2080731736082549
10592,-0.7934277574865007
10593,0.48493959932041525
10594,0.4311929223242206
10595,-0.38940623518073514
10596,0.005355084297174698
10597,0.28894915500180895
10598,0.5667160712779327
10599,0.5573787242163933
10600,0.5214288524898827
10601,-0.23558809023167507
10602,0.24437296532631494
10603,0.5325544193801847
10604,0.3695212338817249
10605,0.07604357228840408
10606,0.2182354594116623
10607,0.3196587025565996
10608,0.9685932591900916
10609,-0.21900504413262017
10610,0.199615837941403
10611,0.5704772921792326
10612,0.5481533169711438
10613,0.23666008717669898
10614,0.5583537586698171
10615,-0.6351091353831732
10616,-0.024492732386032855
10617,-0.053066894036836676
10618,-0.470418168290624
10619,-0.28511323047333337
10620,0.7567948623454964
10621,0.8626363021654088
10622,0.31064739298991745
10623,0.7398582925399004
10624,0.6107004460448106
10625,0.849864897015581
10626,0.2686784429093821
10627,-0.40722506679081005
10628,-0.626058862970182
10629,0.06650805331192391
10630,0.17302708409815099
10631,-0.07191935095321503
10632,0.4004116740889707
10633,-0.349174633680023
10634,0.8214593381030875
10635,0.5911624320877286
10636,0.842438437307692
10637,0.5441526253928602
10638,-0.7416291727089218
10639,0.8373978519671212
10640,0.39212470377906194
10641,0.09005215941220825
10642,-0.7783807540828799
10643,0.28517521658992545
10644,0.49245075887202333
10645,0.5920528630321535
10646,-0.6226841194294094
10647,0.13846472829850676
10648,-0.20399716085765418
10649,0.41551638659014983
10650,0.34841814521350367
10651,0.37180271417332156
10652,0.7439840272379908
10653,0.3690987256722323
10654,0.6002934178829658
10655,0.33138776960247174
10656,0.4919794394364689
10657,0.5055090884100998
10658,0.5016402358512619
10659,-0.5730414188058773
10660,0.7285388432189338
10661,0.5885130780188574
10662,-0.31094215477262027
10663,-0.4898490775207306
10664,0.042915343302462945
10665,-0.27708488939766746
10666,-0.879149864483731
10667,-0.6861795217479421
10668,-0.37417598510074374
10669,0.6571768308921441
10670,0.34701490509906824
10671,0.43878011979929205
10672,-0.9203369729992003
10673,0.13304254774321908
10674,0.854904823208742
10675,-0.2881989250893853
10676,0.14684339408609534
10677,-0.7949732281093176
10678,-0.33009952146009197
10679,0.6107670026936963
10680,-0.1259834750896796
10681,0.4802320580038919
10682,-0.5258868006937415
10683,-0.31896592986165234
10684,0.38234822400337265
10685,-0.9385680954723205
10686,-0.049106629330094916
10687,0.6751662735525699
10688,0.3907904101958321
10689,0.713748286931298
10690,-0.7087119358232644
10691,0.45090353997368754
10692,-0.7889524119854703
10693,-0.8023308249985249
10694,-0.9120330387514332
10695,0.7159529827508953
10696,0.6852979059777351
10697,-0.31747035992068207
10698,0.09259830961055626
10699,0.9051891077610612
10700,-0.16199100807898126
10701,0.2462231957332232
10702,0.20571668411648264
10703,0.4607039529263651
10704,-0.3128526053588334
10705,0.2717729611019042
10706,0.44085234339691726
10707,0.4809588672050006
10708,0.6112298284200046
10709,0.07586773395680596
10710,-0.2638343736880522
10711,-0.026908196441906798
10712,0.9006158306068652
10713,0.49182971515638735
10714,0.4862109104854802
10715,-0.5410510530717159
10716,0.0021675402077803215
10717,0.10857488236105019
10718,0.5949031827564281
10719,0.6739924092723336
10720,0.06425759295228663
10721,0.3963445696472138
10722,-0.4871621483361856
10723,0.10617031222751609
10724,0.4486317143815262
10725,-0.4249566017484733
10726,-0.605623422143297
10727,0.5897296701506951
10728,0.5654024413431981
10729,0.6011554109100653
10730,0.30250122806933366
10731,-0.6034210354203705
10732,-0.33140723133348876
10733,0.10418255834542275
10734,-0.036796220021478795
10735,-0.2878663884157088
10736,0.38320704246432696
10737,0.27503245048514974
10738,0.4485189657504106
10739,0.5799600731923629
10740,-0.2741929635821633
10741,-0.6458999952920753
10742,-0.7025425858257031
10743,-0.39081318664589687
10744,0.4967512285166487
10745,0.8733570062025766
10746,-0.1263864347951669
10747,0.0791546408797634
10748,0.6150577489027139
10749,0.9082131830339347
10750,-0.652496611870346
10751,-0.0971131680302805
10752,-0.06043855927396421
10753,0.3602136656897094
10754,-0.5626124791602228
10755,0.5518419784317682
10756,-0.0784020520300671
10757,0.9904166023766365
10758,-0.39096354280011497
10759,0.6535517043383389
10760,0.3718521511761882
10761,0.8115175179091605
10762,0.6601676093764441
10763,-0.26754231061293116
10764,0.8346311220729643
10765,0.10513921913194914
10766,0.6666922239304768
10767,0.44280485524479374
10768,0.04901779237025029
10769,0.6331414167110995
10770,0.2641953051475199
10771,0.5604210386466469
10772,-0.4014096727398133
10773,0.6711544752074398
10774,-0.8621336696722895
10775,-0.499928572641081
10776,0.5439234361621079
10777,-0.27210905278482467
10778,-0.02236692027556127
10779,0.8237679889515549
10780,-0.008526131774319629
10781,-0.05786985924391158
10782,0.9739609661996043
10783,0.1176638527171298
10784,0.39958348562316703
10785,0.254456030607954
10786,-0.25874611884503973
10787,0.2067192477416032
10788,-0.6795229097789618
10789,-0.23196261178778985
10790,0.15541544553057407
10791,-0.7475798686256089
10792,0.7306348301402003
10793,-0.21435163749080902
10794,0.08162572313167074
10795,-0.924608380872028
10796,0.10849467224419697
10797,-0.8364428727777504
10798,0.494591746613983
10799,0.7428572287209603
10800,-0.8111643650558866
10801,0.5583197737463457
10802,0.12539056058302334
10803,0.6908564653533711
10804,-0.022902756212054922
10805,0.5841325014330242
10806,0.27109022965570595
10807,0.6789856057351651
10808,-0.6481204041182458
10809,0.2991620893229794
10810,0.7781585607418282
10811,0.7133507078974592
10812,-0.720458782700279
10813,0.4897313696528188
10814,0.4110095233996757
10815,0.19938563623806807
10816,-0.6887596334209185
10817,0.7834579203058853
10818,0.47654099868140537
10819,-0.036461531730100596
10820,0.27517469673761624
10821,0.18731709337296037
10822,-0.1931425166145341
10823,-0.7895595560937849
10824,-0.08096131577574696
10825,0.6973712373760366
10826,-0.013087493576176834
10827,0.414590209427302
10828,-0.2069868063426937
10829,0.353490594064777
10830,-0.6282762346046784
10831,0.19155183222930608
10832,0.01988087112997523
10833,0.25737522866579604
10834,0.38498148866145876
10835,0.5714753160067388
10836,0.4752234775144606
10837,-0.46266684403566033
10838,-0.20845945914287745
10839,0.4607539531671019
10840,0.7495976195379386
10841,0.710993907634911
10842,0.8871380444992197
10843,0.6801117515074724
10844,0.4105042548508182
10845,-0.8869251513729451
10846,0.7862008178034677
10847,-0.3575166212302171
10848,-0.7813562318849037
10849,0.5486005055593146
10850,0.8649632886397289
10851,0.34536463652836563
10852,0.3460868577528316
10853,-0.561945639109675
10854,0.5980108900663442
10855,-0.05680392679832984
10856,0.7778506797857228
10857,0.4692642353856722
10858,0.2966789071056859
10859,-0.46211012017129727
10860,0.026060567067690776
10861,0.8464297442028996
10862,0.323960731487434
10863,0.7273104681267901
10864,-0.5708281100019382
10865,-0.3151158131349934
10866,0.29768799359920767
10867,-0.48407023522851306
10868,-0.0945271431962299
10869,-0.6002726784988681
10870,-0.5097443325382182
10871,0.31749174539228203
10872,0.49248639728947513
10873,0.6804542341940559
10874,-0.013796711190821629
10875,0.8626444358144267
10876,0.2868676109844943
10877,-0.2908386939887231
10878,0.7515881642927277
10879,0.5568519799328219
10880,0.9641813463387325
10881,-0.4239796492513793
10882,0.7654800494002885
10883,-0.5925344787262742
10884,0.08123964921771991
10885,0.19208612176298642
10886,0.4874329766442988
10887,0.8659910389096707
10888,0.21200494903644915
10889,-0.2949840752440404
10890,-0.33186268216503795
10891,0.25791420036433993
10892,0.46686748959127394
10893,0.3384858972472067
10894,-0.2362747051788476
10895,-0.484980176625419
10896,0.4603933218466275
10897,-0.15439596978332226
10898,-0.0546105169174247
10899,-0.4563050135649321
10900,0.6990399582112795
10901,0.45404941345695227
10902,0.3597622995539481
10903,-0.25736142369973675
10904,-0.21855952509766557
10905,-0.7044533349159113
10906,0.30710806546339725
10907,0.31216210292845903
10908,0.962197324337242
10909,0.3810358181069557
10910,0.4111499890313785
10911,-0.1386204180556838
10912,0.2417930354441412
10913,-0.1182275340986088
10914,0.06724356801060467
10915,0.549389362519323
10916,-0.17051785233906963
10917,0.8545988629698933
10918,0.20036304265281354
10919,0.41611049532506045
10920,-0.5872849925569048
10921,0.5598225331388987
10922,0.11108691078123219
10923,0.4930163941599245
10924,-0.7565129316237249
10925,0.14318453351952376
10926,-0.432344771060174
10927,-0.04614059647972838
10928,0.6908431171562043
10929,-0.46191557806966105
10930,-0.3542088077056702
10931,-0.9260497837964523
10932,0.17917728382347384
10933,-0.1829044378842702
10934,-0.5939965558838669
10935,-0.9867246388984582
10936,0.6803451660403823
10937,-0.18949234063832585
10938,-0.2251472857283915
10939,-0.845032339538686
10940,-0.634842283995923
10941,0.7843986932180979
10942,0.03618200444378257
10943,-0.6038599138262132
10944,-0.73478103995503
10945,0.7543724401251685
10946,-0.6687797880401603
10947,0.3445238209631197
10948,0.3154252431849403
10949,0.17867551429018244
10950,0.8801298854879003
10951,0.7871034836282763
10952,0.8993862108253052
10953,0.7412504693052694
10954,-0.895799754953161
10955,-0.22942232869004814
10956,0.01621732819210325
10957,0.2911499283050398
10958,0.2028848180566266
10959,-0.32438885190140965
10960,-0.33849629882595517
10961,0.12692876072175252
10962,0.6218207627063741
10963,0.6156257877467168
10964,0.8251887235527083
10965,0.9922097633091853
10966,0.2878492532271546
10967,0.015198615032178397
10968,0.6351088774412842
10969,-0.23668360416009201
10970,0.5945810474217481
10971,0.19033694743154586
10972,0.5180021087602613
10973,-0.47973396863748907
10974,0.615742689567255
10975,-0.8287329413497191
10976,0.2563541043140635
10977,-0.03745837175379983
10978,0.4080770704237594
10979,0.4672095163498699
10980,-0.46456711074680707
10981,0.8675729409013945
10982,0.7661473499398391
10983,-0.06147095126723386
10984,0.8155499309817963
10985,0.5372904881951333
10986,-0.10605224522476406
10987,0.7028322808494664
10988,0.14985172161556298
10989,0.6639333889279803
10990,-0.029896830575284108
10991,0.03787825261179716
10992,-0.6035633410656509
10993,0.5160987846212087
10994,0.24414863529309458
10995,0.4407195616106875
10996,0.44794363295445305
10997,-0.2700578109521822
10998,0.4662105432191405
10999,-0.36984528584654985
11000,0.4162771345098361
11001,0.7189725596841331
11002,0.3992723093844664
11003,0.5947324217275407
11004,0.26241419870033894
11005,-0.44254004016711324
11006,-0.4868271350253525
11007,0.8085324066217816
11008,0.6477596806845909
11009,-0.23417655745909158
11010,0.23619535012881507
11011,0.46735333979295857
11012,-0.5209887643377721
11013,0.6745285922514843
11014,0.5060122357354336
11015,-0.4705283181589915
11016,0.2395470820431635
11017,0.6655304091231755
11018,0.04346766050655993
11019,0.4533733397451956
11020,0.6852771479526032
11021,0.26741311199721385
11022,-0.03934104988792269
11023,-0.6926063161511813
11024,-0.0016919582211051072
11025,-0.123995129373934
11026,-0.2578633808142346
11027,-0.09507977288028731
11028,-0.37573121676477805
11029,-0.820068078369057
11030,-0.9768683224037714
11031,-0.44200241319029787
11032,0.24457142607454624
11033,0.28328791132076875
11034,0.6847104289223649
11035,-0.16942307917329646
11036,0.4535175301818719
11037,-0.7119654697159528
11038,0.383630676441652
11039,0.8520407947540495
11040,0.30612738562829134
11041,0.8358476624471904
11042,0.4787711572500318
11043,-0.6262560449462767
11044,-0.2415018923004405
11045,0.20227760887662238
11046,-0.1771483986551407
11047,0.6272742544426281
11048,-0.4745357905743115
11049,0.5598544471524104
11050,0.7685927291919848
11051,0.7393172619510934
11052,0.23972493102278408
11053,0.29726689847312693
11054,0.1278565967035187
11055,-0.050085976146523895
11056,0.70856340443769
11057,-0.396259247834467
11058,-0.0710337632604857
11059,-0.06542895215187096
11060,-0.2647565551706471
11061,0.3542275932424943
11062,-0.2993345031250381
11063,0.5435412718102458
11064,0.14057295035287534
11065,0.8204232934115476
11066,0.7269476928563756
11067,-0.2966794774030569
11068,0.26847876419299715
11069,-0.3896213331601617
11070,-0.5037320088528104
11071,0.7330473653742299
11072,0.4998150904916975
11073,0.6603840801583152
11074,-0.4120860834546523
11075,-0.6319676824476633
11076,-0.5387047103946851
11077,-0.31660231229922303
11078,0.1822755854649585
11079,0.024836365150547306
11080,0.7520087902895777
11081,0.4958427189470783
11082,-0.11572713241982117
11083,0.11643459507932494
11084,0.5900759446026858
11085,-0.5015685954056738
11086,0.5670277025923236
11087,-0.9857897369069641
11088,0.11016652647501596
11089,-0.4006471996473682
11090,-0.7477632895055327
11091,-0.04737495873209538
11092,0.15273362535673504
11093,0.4279438257378989
11094,-0.25010694557415836
11095,-0.32098333875803503
11096,0.18305005956600015
11097,-0.06479484445398266
11098,-0.7842398156907968
11099,0.4322077445022445
11100,-0.17774197836221933
11101,0.06091396182826658
11102,0.07804441874292906
11103,-0.2894252406895797
11104,0.32628322202971527
11105,-0.38033394764487033
11106,0.016627465117903945
11107,0.22282969028631622
11108,0.19757788804475523
11109,-0.13554166864261352
11110,-0.6042802705367039
11111,0.7177701602521996
11112,0.569747261791593
11113,-0.3370225600434591
11114,0.7284556040649303
11115,0.2829224746526756
11116,0.5794828404346277
11117,0.30584533910970535
11118,0.13619195327497735
11119,0.5376838959412229
11120,0.3563889635036167
11121,-0.436622838875479
11122,-0.6732798313541724
11123,-0.082801124261989
11124,0.08752599968993496
11125,0.4609432120918824
11126,0.6564362407401938
11127,-0.23260403360717166
11128,0.23669454799506665
11129,0.17974641371298236
11130,-0.9568080790480562
11131,-0.7833441139572764
11132,0.017245782890791036
11133,-0.8911008793274251
11134,0.74150769063503
11135,-0.1476952745328652
11136,0.20593761438839048
11137,-0.110777882348605
11138,-0.5131516507595266
11139,0.45468024465197604
11140,0.6947191809776662
11141,0.6286262507506432
11142,0.9004568759400604
11143,0.11158807589383062
11144,0.7840585138698524
11145,0.7815748828069742
11146,0.3384944619850516
11147,0.5849988733645529
11148,-0.1993620789014754
11149,0.444146039951482
11150,-0.3268859268068077
11151,-0.6112854585650346
11152,0.0583127282736733
11153,0.2615680689002029
11154,0.7261504995566952
11155,-0.30506709296531087
11156,-0.7335129313348248
11157,-0.04812925073546617
11158,0.24126436632494275
11159,0.3951529537013457
11160,0.11553902572952936
11161,0.2736312440636637
11162,0.7746387197737801
11163,0.47602913375142236
11164,0.9674222410002943
11165,0.46159944139316994
11166,-0.13650716943520552
11167,-0.4593019634355475
11168,0.4485261596702571
11169,0.17647879421244625
11170,0.17410337235303022
11171,0.5110443695320588
11172,-0.7312193962104888
11173,0.6137547808525116
11174,0.6296125726848565
11175,-0.38347044701246163
11176,-0.9294321316310494
11177,0.4106119363535387
11178,-0.03521378283756019
11179,-0.6155198784397979
11180,0.19414717164815756
11181,0.8137300574648518
11182,-0.6189827746239336
11183,0.4762587689372448
11184,-0.8268501439713747
11185,0.9194067941886652
11186,-0.35950092463604494
11187,0.44189473262350426
11188,0.8775836894885034
11189,0.5623872240673656
11190,0.12904704545681284
11191,0.6973220356817499
11192,-0.16484090905156804
11193,-0.49753544420352824
11194,-0.06675066098075386
11195,-0.10002959125987983
11196,-0.10881287687904422
11197,0.7278184062594947
11198,0.10182810791724384
11199,0.47626854222634035
11200,-0.37131394164119935
11201,0.08941804857631325
11202,0.09307448000251012
11203,0.17059034764241326
11204,-0.8263813591618865
11205,0.538394505403346
11206,0.8253617875706618
11207,-0.0724806075840766
11208,0.9342839118365168
11209,-0.31647987043785375
11210,-0.144892577554273
11211,0.08781834554904232
11212,0.2444232105828056
11213,0.6839353961991659
11214,-0.14094808451491672
11215,0.1899542343445641
11216,0.23343331550271795
11217,0.12613113861700592
11218,0.5400064846876337
11219,0.1023562123206952
11220,0.6474047481015884
11221,0.1610725105842384
11222,0.9037289272904647
11223,-0.6435611588251999
11224,-0.9681780186753254
11225,0.3014477062987367
11226,-0.23711708992093736
11227,0.6047467628000118
11228,0.8530031487409067
11229,0.9100753216531734
11230,-0.7482189482772243
11231,-0.27830015630471877
11232,0.14976926153319417
11233,-0.1453184470248206
11234,0.9308520801878202
11235,0.11295802775663091
11236,-0.3954337236716685
11237,0.34374186271478396
11238,-0.5083665047845068
11239,-0.14754777969634528
11240,-0.781716351921874
11241,-0.9721528206615975
11242,0.8852569554200667
11243,0.3774813382932821
11244,0.3564900868962121
11245,0.8650237820038154
11246,0.7726176586229384
11247,-0.24697677487181033
11248,0.9519131997309461
11249,0.3406088943623941
11250,0.49294982272335774
11251,-0.5119740745477855
11252,0.08455511829777242
11253,-0.21507052982089866
11254,-0.1309034528658224
11255,-0.587730093453023
11256,-0.4367080392790751
11257,0.5002570223062829
11258,0.5277969052819184
11259,-0.3059605777986928
11260,0.42868321865059
11261,-0.6055751188032007
11262,0.6584000285169653
11263,0.7655633875692438
11264,0.07630799416772516
11265,0.36717657993911956
11266,-0.7830442507877806
11267,-0.49896531142771733
11268,-0.028217942816003403
11269,0.3342224220841336
11270,0.3946525852561804
11271,0.19437947699154953
11272,0.20818132326403047
11273,-0.919423549653038
11274,0.7123594113528304
11275,0.13935201247605797
11276,0.934367725402305
11277,0.5764953364752776
11278,-0.26782089403376197
11279,0.6040818883335674
11280,0.04118546832960434
11281,-0.6354275473149539
11282,0.5991034167577131
11283,0.8335959091788743
11284,-0.10071162235565015
11285,0.5306822787683128
11286,-0.38414062813507194
11287,-0.7413173592213865
11288,0.06362190660350527
11289,0.038735746466869204
11290,0.8477680203773634
11291,0.5120004511493241
11292,-0.3055119384284691
11293,-0.7170638449747777
11294,-0.5773909063631301
11295,0.43639260169561356
11296,-0.9707749708804084
11297,-0.5355108185425634
11298,0.7902919483719367
11299,0.36908042362994625
11300,0.2636647085973308
11301,0.11817354842461472
11302,-0.43284480810519843
11303,0.24099568360477677
11304,0.14303162590368373
11305,-0.20217109897973962
11306,0.5611666408852963
11307,0.16349498064246779
11308,-0.15852019151119393
11309,-0.6501488462800409
11310,0.6398848357905815
11311,-0.9287703125141248
11312,0.09475967293202174
11313,0.698106691811291
11314,-0.15451620796144525
11315,-0.5708543736934991
11316,0.19340607089375955
11317,0.8490139383365101
11318,0.2498405827998428
11319,-0.08236297027398705
11320,0.5099572095861298
11321,-0.13564508711905013
11322,0.15360218447637444
11323,0.31381948190980974
11324,0.43410702515148036
11325,-0.3219867249998186
11326,0.5763859875092456
11327,0.18507567616816084
11328,0.7541132656472869
11329,0.2826540853644711
11330,-0.3461044929807996
11331,-0.7619316580349995
11332,0.4420585422781622
11333,-0.1134059720771028
11334,-0.5468831947748828
11335,-0.5648346633407633
11336,-0.015527935262312376
11337,0.7057983413059449
11338,-0.8017779650080245
11339,0.25193715213235396
11340,0.75507832471428
11341,-0.11129663447738344
11342,0.43759961146746074
11343,-0.5378487107151674
11344,-0.1162820584234391
11345,0.3568534008048597
11346,0.5420878762140257
11347,0.21183174789795253
11348,-0.1642569792692196
11349,0.3210596621690661
11350,0.28352723219104
11351,0.19394192037189295
11352,0.10113037125937374
11353,0.5022529830085464
11354,0.4264128438995638
11355,-0.047952799678133096
11356,0.5821984256375755
11357,0.0485746402495876
11358,-0.7568086396614035
11359,0.39823818502974945
11360,-0.42672263444786984
11361,0.42223738465494565
11362,-0.48290582199976867
11363,0.12016956502664566
11364,-0.5441083421529953
11365,0.0891385097703999
11366,0.8539574464691606
11367,0.7431574381402194
11368,-0.5655079046152452
11369,0.2974258528314212
11370,0.3672131127898173
11371,0.8619683628790351
11372,0.29220912166599267
11373,0.8795587210094733
11374,0.0013222109570901928
11375,0.05656997063249958
11376,0.07649244394677625
11377,0.15728004756453423
11378,0.26038620581493976
11379,-0.23165779983178494
11380,0.34033407572980906
11381,-0.12833631793955094
11382,0.8507918496346932
11383,-0.7462289544956838
11384,0.5003287233525606
11385,0.27151878142798686
11386,0.28979804155460753
11387,0.5951829881106765
11388,0.8593397824328315
11389,-0.11672005463561394
11390,0.9018691603578473
11391,-0.6736873961951508
11392,0.8875681537304021
11393,-0.7330778565174351
11394,-0.2043643952230221
11395,0.758309066847725
11396,-0.1678669182557269
11397,-0.4721060766292876
11398,-0.4460315373673079
11399,-0.27766759574344946
11400,-0.16646041933914116
11401,-0.6154789649552737
11402,-0.26347435480218007
11403,0.5182333381233657
11404,0.38249151317230407
11405,-0.210778907873124
11406,0.4483474658928353
11407,0.10494568417572127
11408,0.4693071314973093
11409,0.4773073905960655
11410,-0.028847384522277746
11411,-0.9515367357235428
11412,-0.587355918598908
11413,0.8456055396016785
11414,0.8644699641756632
11415,-0.3660529898552661
11416,-0.08319634709623337
11417,0.7638588742507649
11418,0.26461829276496746
11419,-0.9820406713843556
11420,-0.5190463421360941
11421,0.046440571860816675
11422,0.13869498472927
11423,0.3466640737032951
11424,0.19671077113415278
11425,0.22110956895374126
11426,0.720509077994854
11427,0.5069488497971545
11428,-0.13947724304629283
11429,0.5362542030045793
11430,0.14761073382763218
11431,-0.2741251853460806
11432,0.7570646738293904
11433,0.16883513731261282
11434,0.24494617471200933
11435,-0.46926907587976685
11436,0.015100943361636723
11437,0.617187904999592
11438,0.5261265304117154
11439,0.4494841765444726
11440,0.2228283415342478
11441,0.33960300314352876
11442,0.05610392502720542
11443,0.9561679541683619
11444,0.8422839479818676
11445,0.49745384207693166
11446,0.016708828278906417
11447,0.3078850569798937
11448,0.24468280987928162
11449,0.0999550503462728
11450,0.3365498532585033
11451,-0.8436278722321786
11452,-0.3569715864463675
11453,-0.5643063117505125
11454,0.22310953082862212
11455,0.8693382391085932
11456,0.013162873418325094
11457,0.8103722668783754
11458,-0.7722952620600753
11459,0.5294918619363828
11460,0.5891077343602847
11461,0.06174835661685487
11462,0.33213340007787595
11463,-0.15558646824778297
11464,-0.6345435205247499
11465,-0.11355816836794369
11466,0.8734934165601422
11467,0.5319882022923084
11468,0.17007075980062203
11469,-0.15507476209112778
11470,0.17009392415554614
11471,0.3046136161042899
11472,0.013558962727596088
11473,-0.4469650739674654
11474,-0.7140245503414138
11475,0.07822162058427244
11476,-0.8640067273208166
11477,0.17420146218491378
11478,-0.4794282970153754
11479,0.4982593899337875
11480,0.627125826290363
11481,0.5341339864182685
11482,-0.6754502421832889
11483,0.05273699637457719
11484,-0.44999954910434986
11485,0.5760797335780479
11486,0.7939696698999352
11487,-0.22208822994258606
11488,0.6224526921944848
11489,0.9328888498106946
11490,-0.6694869068632335
11491,0.17542450314453192
11492,0.8280786662284549
11493,-0.44426666149298305
11494,-0.8393365422970044
11495,0.811531387570218
11496,-0.49929021782667415
11497,0.4346202072513032
11498,0.4264688174524178
11499,-0.31219525913366997
11500,0.09897359681518543
11501,-0.4125381174429598
11502,0.5452114979601108
11503,0.7307817382464474
11504,-0.632779091650695
11505,0.29685925350748515
11506,0.9637181348307406
11507,0.4301190330145998
11508,-0.5960492200197288
11509,-0.009460784497467383
11510,-0.015262777303550766
11511,0.7744581499195649
11512,0.11438386145593386
11513,0.8928503442906686
11514,-0.5640789710038542
11515,0.7605396991045883
11516,-0.9470380445024884
11517,-0.3407745797450376
11518,-0.13944278369511579
11519,0.20853163182582551
11520,-0.29692472743010107
11521,-0.29735226929646247
11522,0.2800985141353526
11523,-0.5370857200158592
11524,0.3875825618764358
11525,0.026010982015376573
11526,0.716106304011343
11527,-0.09367021490984756
11528,0.19121585755764373
11529,0.6784367720449892
11530,-0.10255947940074166
11531,0.6289442706528042
11532,0.6767666182128174
11533,0.22096545246345395
11534,-0.6258005256672108
11535,0.9088302746200214
11536,0.36576145002182703
11537,0.5455398859388474
11538,0.7803440626647166
11539,0.30834151779407715
11540,-0.04958042804877637
11541,0.13386985731886614
11542,0.6363047054460986
11543,0.010867398863885167
11544,-0.2169926479316744
11545,-0.7220121604980783
11546,0.6313620354061498
11547,0.596088935854911
11548,-0.6355691967584257
11549,0.4065934342901679
11550,-0.6495963921195207
11551,0.16439662129903465
11552,-0.09867701740160303
11553,0.7603480703804063
11554,-0.4312051094874197
11555,0.29026248414896866
11556,0.14125389647470143
11557,-0.2648970832307619
11558,0.564322246503992
11559,-0.6530002466702771
11560,-0.09726727590275668
11561,0.563801756390215
11562,-0.14592126815413928
11563,0.07252364638520027
11564,-0.18465567266556246
11565,0.4888599951639003
11566,0.277126372979955
11567,0.23088786490649352
11568,0.10901390716038459
11569,-0.7081275473398896
11570,0.010222844261347175
11571,-0.05752032835019351
11572,-0.5833120858114177
11573,0.46460781587979366
11574,0.34207166234749053
11575,0.023791973159608747
11576,0.1996606507678936
11577,-0.6604993947374869
11578,0.37055868860541086
11579,-0.08164628668471591
11580,0.7271424493395521
11581,0.5464383203517333
11582,-0.34493083533234464
11583,-0.37394233953080214
11584,0.03130909092490999
11585,-0.4082007496678883
11586,0.6429348550613961
11587,0.4126038557774799
11588,0.7965038257040841
11589,0.07377922574738514
11590,-0.7916853505273023
11591,-0.00912280106069824
11592,0.24804047196800857
11593,0.4738299951696864
11594,0.09816790083464214
11595,-0.7769843145256312
11596,0.45643597553951043
11597,-0.33468079183084676
11598,-0.7406548651970665
11599,-0.3508686154921871
11600,0.5220847509563141
11601,0.8463571371849727
11602,-0.11142431487644423
11603,0.6865615601771466
11604,-0.16601519605308218
11605,0.7824474949391893
11606,-0.3190245673777214
11607,-0.20580907436739587
11608,0.4146273427394912
11609,0.27242313397323153
11610,-0.4084209801967657
11611,-0.6723981564703668
11612,0.10042715843213243
11613,0.31035248629547846
11614,-0.47873363170582206
11615,-0.8330042080497385
11616,0.6859232855364022
11617,-0.35484158729592774
11618,0.5821928620713451
11619,-0.716725724432259
11620,0.9113662792510008
11621,-0.39861119333032446
11622,0.2934418596525373
11623,-0.03248827808313004
11624,0.12171547901129352
11625,0.9184657876739895
11626,-0.388519681109374
11627,-0.6249979149335463
11628,0.5821342706057478
11629,-0.17518006247229653
11630,0.31634617888686356
11631,-0.14206268788960474
11632,-0.48520046103853254
11633,-0.4826704590503029
11634,-0.9075230755307234
11635,0.534336850605863
11636,0.6796719535868694
11637,0.8248301520607112
11638,0.8047023273163727
11639,0.9584849630709675
11640,0.47032102461288644
11641,0.21946076141788678
11642,0.14151036466056804
11643,0.5060278927374483
11644,-0.6197411941992083
11645,0.7545374164111848
11646,-0.09592827191522374
11647,0.43861999637233157
11648,0.6310253978489683
11649,-0.15766277102168552
11650,-0.04674197430049841
11651,0.22101051547990042
11652,-0.807995044290599
11653,0.776034146773975
11654,0.03192171628372199
11655,0.047865099711900456
11656,0.07564129455138992
11657,-0.35027379779635415
11658,0.41052979583063726
11659,-0.53636442384224
11660,-0.10740182426231994
11661,0.9629339008350059
11662,0.3286187138296671
11663,0.5520329977462591
11664,0.0884375788063938
11665,0.5689280614693965
11666,0.5341634387117438
11667,-0.7338147251566549
11668,0.5891349956391296
11669,-0.16268342289409643
11670,-0.5462845853717022
11671,-0.010233757772166391
11672,0.7912339170654078
11673,0.04208931256940142
11674,0.3411885021994772
11675,-0.57636378678778
11676,0.05518411272739901
11677,-0.36354402739182284
11678,0.6612170780295602
11679,-0.0806451004241212
11680,0.6215703841168608
11681,-0.3692422925854789
11682,0.5453625978886847
11683,-0.8080199032015457
11684,0.9636095697568658
11685,0.9465338490704456
11686,0.6228592174426498
11687,0.15758958473563905
11688,0.6637694212476252
11689,-0.2156649306426047
11690,0.9145778822464021
11691,0.5943782602010693
11692,0.14873446555727857
11693,-0.27720832632422343
11694,-0.5662976314277096
11695,-0.3006645444998797
11696,0.6189947076941844
11697,0.7054865773642153
11698,-0.09994844389682542
11699,-0.48110958115800256
11700,0.5889709275759933
11701,-0.4793686058867335
11702,0.2397350104627271
11703,-0.19458594657380746
11704,0.3831191854578365
11705,0.7376278364845009
11706,0.6176297422353892
11707,-0.30441737433965393
11708,0.0802508420553855
11709,-0.5476835846101735
11710,-0.584658072985186
11711,0.8290165623551435
11712,-0.05211809356479068
11713,-0.5306177034437638
11714,-0.14880103734304873
11715,0.6960510519782952
11716,0.2392547094704398
11717,-0.3895846319549328
11718,-0.5916048968010633
11719,-0.11483301822664735
11720,0.09748420806653622
11721,0.556966692491482
11722,0.04775962070517609
11723,0.2219294127098688
11724,-0.7504796405823146
11725,-0.7242226782000664
11726,0.3304861563156683
11727,-0.0029125702622397
11728,0.6525118588084023
11729,-0.6142604878889013
11730,0.6095524219036336
11731,0.950572951080213
11732,-0.6963970810437834
11733,0.4077282919472622
11734,0.4486564077748388
11735,0.3181610594284657
11736,-0.12369608943928563
11737,0.6359210839776409
11738,0.6131332119209159
11739,-0.10257980522212347
11740,0.8068531474836672
11741,0.15271070049111
11742,-0.4483438977402797
11743,0.3688622340942995
11744,0.6428544054224098
11745,0.24653491064568453
11746,0.46763634136384924
11747,0.05933481480342965
11748,0.028067722550934662
11749,-0.41178444848625717
11750,-0.4631881719182569
11751,0.557805868211005
11752,0.08362073701656675
11753,0.7513494526335168
11754,0.14236754785120662
11755,0.6285853269469563
11756,0.31608281123709386
11757,-0.5763391515280579
11758,-0.28339737803152326
11759,0.6745719162163111
11760,-0.1838482519798437
11761,0.5787547849884952
11762,0.6725646557136783
11763,-0.1776293788337294
11764,-0.10321994536970147
11765,0.3098604532423894
11766,-0.46924587677521734
11767,-0.9670611238776098
11768,0.8877696869916076
11769,0.13265123376321758
11770,-0.07534233862764214
11771,-0.031041149998526165
11772,0.8278858035632034
11773,-0.415822984774201
11774,-0.19869322878856066
11775,0.6768560553892821
11776,-0.4825089870066676
11777,-0.09670577448815394
11778,0.2728156329776854
11779,-0.48412338113847453
11780,0.18909914165630007
11781,0.05331848160001335
11782,0.31760634013909
11783,0.8340104622255139
11784,0.9548403057245805
11785,0.6915545446877405
11786,0.5909154998545667
11787,-0.12713674873645256
11788,0.47179483422380425
11789,-0.0921910220673064
11790,-0.3814220536771606
11791,0.21700703754759237
11792,0.5619229733291067
11793,0.1250971353742244
11794,-0.4552213250199179
11795,-0.37005675731798826
11796,-0.6592768989687141
11797,0.4707220043866215
11798,0.48306569225257445
11799,0.5710920237195484
11800,-0.46136250752624763
11801,-0.3871514493067754
11802,-0.28910652497790323
11803,-0.0869594871402568
11804,0.46311568749180865
11805,-0.03863134607985555
11806,0.795327712354114
11807,0.8587356770681878
11808,-0.761192290260356
11809,0.10215246552610244
11810,0.7429378182672999
11811,0.6103216085340214
11812,0.2768381337615576
11813,0.4989410611048205
11814,0.2606813397421165
11815,0.8631047862924548
11816,0.055678006062461954
11817,-0.6380486891824889
11818,0.4897487800962652
11819,0.336750751831991
11820,-0.13406997594598502
11821,-0.6044373558935836
11822,0.2515336973468297
11823,0.7891350145557707
11824,-0.07574242501727366
11825,0.1531024858012173
11826,0.3557408291606377
11827,0.05701343700931994
11828,-0.24978228244058395
11829,0.7376027242517739
11830,-0.5314512004573317
11831,0.5617528261163114
11832,-0.4308907869246981
11833,0.8505318025001507
11834,0.15810077368688738
11835,0.4311636628300564
11836,-0.6962951037663102
11837,-0.5421743676474001
11838,0.7110068512377914
11839,-0.006975105250334577
11840,0.1556832031490034
11841,0.38896884890164807
11842,0.8035480127436672
11843,0.7095671672846235
11844,-0.5319160333714957
11845,-0.10516858113075311
11846,0.16162465062077772
11847,-0.30869047565635294
11848,-0.32027907338012473
11849,0.15518464796636505
11850,0.45781327945694184
11851,0.40011551967271325
11852,-0.2746162050543622
11853,0.08779222096197854
11854,0.07454993820942439
11855,0.8197916600374259
11856,0.895213865301152
11857,-0.19026006484762206
11858,0.27354958015621783
11859,0.16793776590273019
11860,0.7898353703039782
11861,0.45450714946093834
11862,0.4345180715466327
11863,0.1541186691571154
11864,0.4686262020048105
11865,-0.641540955990032
11866,0.6010422345996772
11867,-0.6832704732328033
11868,0.3898749592670977
11869,0.7982804265986094
11870,0.21570283290768585
11871,0.6252017177653653
11872,0.20097989233998298
11873,-0.4559440595027096
11874,0.020698248519956945
11875,-0.6335419652546439
11876,0.32226180860642606
11877,-0.2575238050153954
11878,-0.451783912295744
11879,0.5150171231139187
11880,0.7693681601058026
11881,0.022253795201389287
11882,-0.16109866703673031
11883,0.4752054420974697
11884,0.48509483000306114
11885,0.1792226697594691
11886,-0.11107312047233985
11887,-0.7837766827951353
11888,-0.017690471093054088
11889,-0.6629990674528702
11890,0.056930143071148256
11891,-0.058798715181125234
11892,0.422323090481505
11893,0.3053698187862554
11894,-0.018688869668830738
11895,-0.8783344069341457
11896,0.055588675571320856
11897,-0.47906205539012175
11898,-0.27531888498094387
11899,-0.7141448492947637
11900,0.3740403500917532
11901,-0.023417651808085617
11902,0.4525318827690234
11903,0.46269647045888795
11904,0.6600800681853356
11905,-0.7121342256013553
11906,0.4685997473403219
11907,-0.22261727623538388
11908,0.6260626189982711
11909,-0.07635853550674306
11910,-0.6105429803505132
11911,0.5908106572795994
11912,-0.1006632105739767
11913,0.3351010674992746
11914,0.7752189851408543
11915,0.44706402910447335
11916,0.5492908324906226
11917,-0.44807582850831906
11918,-0.58042784299148
11919,-0.33910792569614134
11920,-0.6104847330455395
11921,0.731897839639178
11922,0.2905702668410159
11923,0.6491670382134763
11924,0.34350521905132614
11925,0.2849821044838166
11926,-0.15215434972016895
11927,0.8219151694930801
11928,0.031158802819307174
11929,-0.37915598447371934
11930,0.8021913438877127
11931,-0.40511152999256694
11932,-0.7074043759776418
11933,-0.5671508404468465
11934,-0.35741605090365997
11935,-0.57972613782922
11936,0.48055245791531015
11937,0.6465887030618457
11938,0.1564040789785721
11939,0.5814676522220468
11940,-0.9021978577052866
11941,0.16850194155785705
11942,0.4508791694204004
11943,-0.4463767415446316
11944,0.7590877104597286
11945,0.5992873686470267
11946,-0.3305383191727595
11947,0.3027163555723973
11948,0.08104529629398136
11949,0.9046850630821802
11950,0.11482889620095225
11951,0.8128323100853634
11952,0.4404478231393686
11953,0.39301184846530923
11954,-0.11896352016391208
11955,-0.11729681572306193
11956,-0.17983742773426825
11957,-0.3140610869916669
11958,-0.7826050763565603
11959,-0.011076247573375044
11960,0.36324432068145585
11961,0.3613165173542201
11962,0.08181389808855666
11963,0.7040035031692805
11964,0.7546722226537882
11965,-0.4891481755892831
11966,-0.5811202318793643
11967,0.8039202414884531
11968,0.2066732331443478
11969,0.014616548439041517
11970,-0.1948898231963522
11971,-0.48482549074524284
11972,0.15393350078005305
11973,0.027656800310904006
11974,-0.11095329484113065
11975,-0.011062563022365421
11976,0.004712625187251845
11977,-0.01661237907748219
11978,-0.006771009294192617
11979,0.33335385843024273
11980,0.20799182786801743
11981,-0.5471423211906243
11982,-0.3435866463715929
11983,0.1861688452544789
11984,-0.018583178975642767
11985,-0.7032470986350186
11986,-0.5765881362815468
11987,-0.2620880793218634
11988,0.5254130946686926
11989,0.9695170672744339
11990,0.6023370433149806
11991,0.11020627132629916
11992,0.26959298986103014
11993,0.847259209425284
11994,0.8581234526986263
11995,0.7113865837073983
11996,-0.3625207991799348
11997,-0.3656235656198446
11998,-0.7744965408996407
11999,0.21157118765966582
12000,0.22963007687192077
12001,-0.6170922839277053
12002,0.33139694166675826
12003,0.46870480112757135
12004,0.7622909970460576
12005,-0.372715712308274
12006,0.619609739855199
12007,-0.0021478726067628595
12008,0.4272178027097105
12009,0.1800531151220827
12010,-0.12277133972265772
12011,-0.42970977156603657
12012,0.5269888814555597
12013,0.24171654064692985
12014,0.23940708339288416
12015,-0.16554047833690083
12016,-0.19826765937204205
12017,0.41842584453407966
12018,0.8290243268609229
12019,0.08202163942024816
12020,-0.4641396885925518
12021,0.6213729499301234
12022,-0.42655885832849055
12023,-0.3686644478834694
12024,-0.7822146831961603
12025,0.1290095448550268
12026,-0.060471881505793
12027,0.046515602005117264
12028,-0.5029312504182634
12029,-0.05252654617075476
12030,0.4631781485479764
12031,-0.24869972398377058
12032,-0.5184575258186226
12033,0.06132604028469378
12034,-0.3219947409050548
12035,-0.1834388932202517
12036,-0.4630433168932278
12037,0.7942000103302845
12038,-0.5084422800584774
12039,-0.48584225154420385
12040,0.5665378392843984
12041,0.8944479328925435
12042,0.7557296626157588
12043,0.4590621969514126
12044,-0.08212986091546333
12045,0.6320818563966342
12046,0.27666372325329897
12047,0.935894442070023
12048,0.19676112873230017
12049,0.20344444928604125
12050,-0.21006806319422341
12051,0.2611057509079634
12052,0.6726294835859437
12053,0.766023961975323
12054,-0.6516815954139779
12055,-0.00040642127048686497
12056,-0.21281877009394282
12057,0.15601271556694513
12058,-0.8172912366015019
12059,-0.14788234907278522
12060,0.9249835394040785
12061,0.32481881422642345
12062,-0.5801885111136124
12063,0.49643074106742174
12064,0.2619357835682696
12065,-0.7304861453717144
12066,0.5382323741361362
12067,0.5410216714943795
12068,0.8771755713691769
12069,0.3756353147705358
12070,0.6112922610230033
12071,-0.12837538041899574
12072,-0.18368766315830926
12073,0.6175301951485768
12074,-0.5891406311880933
12075,0.279131098845134
12076,-0.13269308456865686
12077,0.6721843767490284
12078,-0.1335511208628508
12079,0.48170483884714005
12080,0.03754682133398375
12081,0.6782015480458502
12082,0.05324112501550159
12083,0.6838620679875715
12084,-0.7937325726573606
12085,0.03406334909054243
12086,-0.8185620324199491
12087,0.12483704053127409
12088,-0.01839377034060492
12089,-0.2704828789043029
12090,0.8021320147403423
12091,0.4614192997690092
12092,-0.46212815277661184
12093,0.7338746754139871
12094,-0.24201113087689066
12095,-0.14698502024680338
12096,0.5946729498975664
12097,-0.2171379022781988
12098,0.6324291729093015
12099,-0.08555208437797783
12100,0.6307411598226257
12101,0.76030188699823
12102,0.0730559982115042
12103,0.34601657427556043
12104,0.5992448499831835
12105,0.3987591880667826
12106,-0.30398722436944703
12107,0.2820824591782785
12108,-0.1965050220014994
12109,-0.6577733591217085
12110,-0.5564728634364269
12111,0.18976105247553013
12112,0.42810631330961807
12113,0.2280186275387499
12114,0.27902299779741796
12115,0.6088580045098162
12116,0.7604135164909611
12117,0.4413941014581413
12118,0.4443483141640853
12119,0.2335300885034935
12120,0.13987139341432767
12121,-0.8645776766808163
12122,0.38363033989289674
12123,0.1772401762002852
12124,-0.43650251541993296
12125,-0.22985655892807152
12126,-0.08150948447902646
12127,-0.9617629449132843
12128,0.06496354910303191
12129,0.4798612571744707
12130,0.39060928959822905
12131,0.5569318334556215
12132,-0.362050355223384
12133,0.833870890564279
12134,0.020226052792420866
12135,0.6278522024006903
12136,0.13193713202556578
12137,0.829680891261123
12138,-0.0493364263726158
12139,0.9393857626241078
12140,0.2006377143460754
12141,-0.9526651607141037
12142,-0.4725517554980208
12143,0.29472696505064383
12144,0.7363258146559526
12145,0.8133697008873592
12146,0.09623811633398419
12147,0.177078583567056
12148,0.2590511021173107
12149,-0.38149967266796037
12150,0.6605108831772468
12151,0.8356086707795246
12152,-0.6527940342437201
12153,-0.25494833798211136
12154,-0.07470045797192196
12155,0.8484965650653825
12156,-0.36800784506061895
12157,0.8503790853987839
12158,0.7804528123896667
12159,-0.281370383332878
12160,0.3221630414631391
12161,0.07019981514661491
12162,0.3568093867451416
12163,0.741167631728449
12164,0.6063129045712079
12165,-0.6998754176731754
12166,0.470448300369995
12167,0.794118178229318
12168,-0.46694172120743993
12169,0.7539050580011648
12170,-0.6805296416778129
12171,0.37997495760018535
12172,-0.04864043927301407
12173,0.3978393147898742
12174,0.39664439104936344
12175,-0.29539071358942304
12176,0.5089350097193245
12177,0.7298658374367815
12178,0.8203784487561059
12179,0.3398196229513126
12180,0.04925418493487431
12181,0.5645964050656029
12182,0.21773668769290364
12183,-0.48548764887092244
12184,0.8893744633430508
12185,-0.6439036611677815
12186,0.3360667972695736
12187,-0.04250203442812462
12188,0.8282515364092545
12189,-0.47149156682934606
12190,0.8281645216128589
12191,0.6441133910860753
12192,-0.3812865350048829
12193,0.17516723293618697
12194,0.7540065614982868
12195,0.6358991411022898
12196,-0.43683012414435207
12197,0.7728435349348798
12198,0.8240502131238702
12199,-0.4022064217297169
12200,-0.10443697580101712
12201,0.53930153288077
12202,0.7838213249558351
12203,-0.732166736369652
12204,0.24859914419443668
12205,0.14370380264258847
12206,-0.48167100258714896
12207,-0.19233493850901187
12208,0.7498097993222935
12209,0.39443745464510965
12210,-0.2442070743980241
12211,-0.4175527362674493
12212,-0.182998576528095
12213,-0.5575006507828892
12214,0.8139860045237556
12215,-0.25250420742366386
12216,0.5380886434202364
12217,0.4196796920384972
12218,-0.22109250073864228
12219,-0.1955992312869348
12220,0.07874099165815603
12221,0.22775392187201776
12222,-0.14898232803547054
12223,-0.529312724861779
12224,0.1466183954244241
12225,-0.07895113388401252
12226,0.4751144513689453
12227,-0.01969056463002578
12228,-0.102049633445439
12229,-0.2585217045900221
12230,-0.5564502472674182
12231,-0.40077061340598696
12232,-0.5100724369108166
12233,0.34093245628675645
12234,-0.2208244212262571
12235,0.7549611739707616
12236,0.028976335892036218
12237,-0.04823230962280387
12238,-0.5301025808583989
12239,0.31043065522307145
12240,0.00861874465455472
12241,-0.15793762313882673
12242,-0.817773418288082
12243,-0.05768646558943976
12244,0.8083201611758997
12245,0.3519042397887567
12246,0.1124288648333788
12247,-0.8065232691929684
12248,-0.49021796566323894
12249,0.039959701293151795
12250,0.09871708016082968
12251,0.37671440078130786
12252,-0.6229605180032364
12253,-0.5913456042233792
12254,-0.3528270627357701
12255,-0.24892983667559399
12256,-0.019613524140054277
12257,0.6206365961751026
12258,0.021330646351068454
12259,-0.43723327597244926
12260,0.14966429942137616
12261,-0.5854432568289456
12262,0.5848613380140567
12263,-0.39371833243865606
12264,-0.3834322433294109
12265,-0.2984751201369256
12266,0.4900947283562165
12267,0.6122597266301657
12268,0.7287714669540616
12269,-0.01315942532890034
12270,-0.8445493773624886
12271,-0.3793366832570109
12272,0.37945512160861133
12273,-0.11626893164029467
12274,0.10645397785935655
12275,-0.12835954519125972
12276,-0.0016216212267138102
12277,0.9709604586223312
12278,0.043150041852185336
12279,-0.3257980016396073
12280,-0.2408321761104677
12281,0.10025450674543199
12282,0.05073587075222931
12283,0.662518154623299
12284,-0.24181960320779822
12285,0.216521626342516
12286,0.07472545800330516
12287,0.32156753017989215
12288,-0.0045911957658337785
12289,-0.25894800989363753
12290,0.3198380830550661
12291,0.9817349943368092
12292,0.7633755162639391
12293,-0.9425270208105392
12294,-0.7096807551782197
12295,0.7540639348354347
12296,0.20825550649870656
12297,-0.8220635795031122
12298,-0.588361707399558
12299,-0.7776284653788
12300,0.6240378900712152
12301,0.04525306711166321
12302,-0.25599967909685556
12303,0.190075407917899
12304,0.6975004631657905
12305,0.5451588775270642
12306,-0.2204521635648786
12307,0.7296217307499878
12308,0.4971772790714036
12309,0.6581502456315499
12310,0.8927232186894721
12311,0.46843623913105
12312,0.5603769169280619
12313,0.45151237119652377
12314,0.1243114650411222
12315,0.5459557696051897
12316,0.4754612641060992
12317,0.38571809615266645
12318,0.16892341121050666
12319,-0.6053391908870093
12320,0.48865258612788504
12321,0.28186416467145453
12322,0.7326761233275115
12323,-0.2232811089329756
12324,0.2738517625742697
12325,-0.2179927102136763
12326,0.43398216765178493
12327,0.05384143458231059
12328,0.7106614450446241
12329,-0.6629229320570484
12330,-0.12087982419692914
12331,0.14342497630268022
12332,0.5284309207615054
12333,0.5568687818361714
12334,0.05452394503034292
12335,-0.8136615512401963
12336,0.18658528983467634
12337,-0.1885940000953873
12338,0.10577194537568138
12339,-0.4296889237511014
12340,0.5585431698935259
12341,-0.7874396754691252
12342,-0.5025315257431141
12343,0.7540757964224742
12344,-0.227351030041942
12345,0.4466527956812163
12346,-0.5932972554428992
12347,-0.7053837563077588
12348,-0.26288975116211105
12349,0.4639883837727282
12350,0.28640731949352793
12351,0.7294244000449632
12352,-0.746845268629315
12353,0.1508315107327484
12354,0.02792506733500795
12355,0.5167062590445695
12356,-0.5002745319532211
12357,-0.666850244411105
12358,0.8749410431917796
12359,0.3088037562321141
12360,-0.34218458004148866
12361,0.05672638227474195
12362,0.23850364573251767
12363,0.0029170046840973187
12364,0.30345600370669096
12365,0.22942060758746516
12366,-0.650272305891652
12367,-0.05696811094729341
12368,0.7452571118237218
12369,0.8184803753147211
12370,0.9855545586216905
12371,0.13008930697521803
12372,0.4744378502192184
12373,0.31660504128585043
12374,0.27951713319125315
12375,0.6170874488869528
12376,-0.623781166016179
12377,0.9467168927102199
12378,0.4848719674305322
12379,-0.3117561025835809
12380,0.07595719247666291
12381,-0.7084278735753028
12382,0.8995706825411657
12383,-0.5451682395207641
12384,0.6973433112302984
12385,-0.08037776730826342
12386,0.4430070710383853
12387,0.6385355165839515
12388,0.25870775555862086
12389,0.7573815971716279
12390,-0.21929931879444692
12391,-0.5942081245951977
12392,0.41599547376008567
12393,0.062366933930776206
12394,-0.22875517314840785
12395,-0.4453907071164733
12396,0.08661972754537574
12397,-0.3994085261007189
12398,-0.11792898343363813
12399,-0.6489595032677423
12400,0.8230952702184203
12401,0.7240068484457867
12402,0.08649002627670176
12403,0.19581083119545198
12404,0.8577037415222402
12405,0.6816752874589853
12406,0.6965273850359447
12407,0.1701356133197002
12408,-0.527404354522344
12409,-0.20085838731531652
12410,-0.5556117447480285
12411,-0.9006394781757763
12412,0.5153628700612247
12413,0.000987031297072856
12414,0.4331784755010086
12415,-0.11088033900430914
12416,0.45887425359801176
12417,0.9273467774288088
12418,0.251578305155242
12419,0.2308849495741817
12420,-0.43574312108298957
12421,0.28869489371505186
12422,-0.036109008363217274
12423,-0.8756392020638832
12424,0.7143011333141129
12425,0.052596249449684315
12426,0.8074364585971161
12427,0.5788731522655575
12428,0.20857147855500716
12429,-0.41336586939775855
12430,0.04656582385486737
12431,0.25975134253112875
12432,0.3123681318532818
12433,0.1811936771663249
12434,-0.18504264247891244
12435,0.245561149914264
12436,-0.06251728416612608
12437,-0.14664575014851333
12438,-0.5629430443142087
12439,0.6338128428917691
12440,0.8229971929660657
12441,0.6087407678060379
12442,-0.7728519801459438
12443,-0.00036136739166936705
12444,-0.8139052905252973
12445,-0.26323001831237763
12446,-0.7342348103734466
12447,0.04952864724157496
12448,0.11845616518780612
12449,-0.07855724065893929
12450,-0.7327899726878574
12451,-0.22916532185111063
12452,0.8632411314491977
12453,-0.9262643456602545
12454,0.29437733223091833
12455,0.315291140038907
12456,0.14710350048335283
12457,0.7658848888406032
12458,0.977080780650107
12459,0.8102265420903841
12460,-0.21918899127093824
12461,-0.12183022194695524
12462,-0.631251131980739
12463,0.5549249790524377
12464,0.4021010320236852
12465,-0.05151563283182824
12466,-0.6103472846966268
12467,0.16052541157556452
12468,0.670862794887048
12469,-0.3376751634667234
12470,-0.847116948802683
12471,-0.24579876833882017
12472,0.6309803714292859
12473,0.7532142608535661
12474,0.6103341076202651
12475,0.06946227115505425
12476,-0.09494550627554707
12477,0.1601178705844901
12478,-0.2287068104006073
12479,0.9714829263633906
12480,-0.674372806531209
12481,0.7196171496952468
12482,-0.8605425308597298
12483,-0.7307034657156553
12484,-0.4755609424073751
12485,-0.5272874636314863
12486,0.1976078776503609
12487,-0.08181147096310416
12488,0.33788639574180607
12489,-0.5219505598385876
12490,0.3254539769399428
12491,0.2046558450793892
12492,-0.3435552218445574
12493,0.882757155107028
12494,0.558297106276299
12495,0.23665104966227143
12496,0.49337973717363715
12497,-0.06624275793004535
12498,-0.03392085679764266
12499,-0.8179984813141133
12500,0.6407420379308274
12501,0.5294187906869894
12502,-0.7275362630830707
12503,-0.47679252299260455
12504,0.35217838954472724
12505,0.575895263358238
12506,-0.555222712209663
12507,0.4077387921323922
12508,-0.061224706457052386
12509,0.5034354672199367
12510,-0.031236507547585782
12511,-0.6334864580421424
12512,0.12231524320962991
12513,0.1546967597776433
12514,-0.4967375057179672
12515,0.8635667851520995
12516,0.8084499668033914
12517,0.6845165140382528
12518,0.34657173149490994
12519,-0.19249449107356398
12520,-0.6386032830785088
12521,0.4218675650176312
12522,0.5270185513126415
12523,-0.5438189748611936
12524,-0.006104880694885194
12525,-0.7658640336826267
12526,0.7753979204930159
12527,0.2622594905219308
12528,0.36062159413942685
12529,-0.09437125427138142
12530,0.35619689088772044
12531,0.9640433688018297
12532,-0.8958512903977434
12533,0.4952017749499833
12534,0.9796360080582949
12535,-0.37470367045074326
12536,0.5879128377152637
12537,0.30020262058690683
12538,0.8183346004368709
12539,0.24872074038452957
12540,0.3748795441246486
12541,-0.8888834218184354
12542,-0.12563314776742635
12543,-0.4036068435115515
12544,-0.3549101716695098
12545,0.15350363492940897
12546,-0.8798763859498706
12547,-0.49308542896817487
12548,0.8269905527904889
12549,0.24977165559748313
12550,0.11550148778484641
12551,-0.03914013596481268
12552,-0.08347024573271787
12553,0.3888696221434343
12554,-0.6338631918768546
12555,0.8453881274227723
12556,0.4056431831969493
12557,0.5433246389758578
12558,-0.4942345762842247
12559,0.4049941285868118
12560,0.03190834695052278
12561,-0.2989917658434885
12562,-0.7983021510383344
12563,-0.030230164691258127
12564,-0.06396745938767477
12565,-0.33069429497923236
12566,0.41482337962800847
12567,0.949469009250552
12568,-0.27254305932546846
12569,0.41575102560040306
12570,0.7731475376776822
12571,0.09347061678503375
12572,-0.8696084461670295
12573,0.44042767607071326
12574,0.9902877814437496
12575,-0.3886294716745226
12576,-0.20845221196613176
12577,-0.060688458878946486
12578,0.7198646494718758
12579,-0.1329006745935708
12580,0.26704932146165455
12581,-0.39912418061750893
12582,-0.2504938631305193
12583,0.7316671780828404
12584,0.6005914525140453
12585,0.41612612200484533
12586,-0.27910550003541945
12587,0.28353717406650264
12588,-0.27954902973383633
12589,-0.5091098889148032
12590,-0.04998759672851485
12591,0.027103759702607103
12592,0.33623447741538065
12593,-0.4089122579577617
12594,0.7579911219440894
12595,0.14013104928314055
12596,0.7633010256118177
12597,-0.40136063217642365
12598,0.03189081185224538
12599,0.6429909322780771
12600,-0.2608738013351945
12601,-0.3049174316147457
12602,0.7585861137887674
12603,-0.2686426046856127
12604,-0.503016427963056
12605,0.1553516733968057
12606,0.2941855184803456
12607,0.3909172702088233
12608,0.29259379239574324
12609,-0.8604423095735393
12610,0.11722832447919858
12611,0.025063167208210724
12612,0.520736472683373
12613,-0.04004744636796258
12614,-0.1892407137563824
12615,0.9046965542936914
12616,0.09280061117960337
12617,-0.7634222195510011
12618,0.1688369239573666
12619,0.18879532765993165
12620,0.6765790640382139
12621,-0.2935646415940142
12622,-0.020736000294219844
12623,0.7071718884277864
12624,0.19684241414221615
12625,0.4974291904727371
12626,-0.23654487373480834
12627,-0.4385084797143921
12628,-0.11991048564124573
12629,0.1870099038924363
12630,0.13151024085007387
12631,0.21014871415047637
12632,0.23036929914299412
12633,0.051426797082147965
12634,0.7558019362987264
12635,-0.15725549574320924
12636,-0.15358089537701333
12637,-0.6933454241421428
12638,-0.23530093331366359
12639,0.5319092478921011
12640,-0.2044339018116302
12641,0.957048381916585
12642,0.5193537775186391
12643,-0.07632465223479888
12644,-0.28562064085220484
12645,-0.42739586001512564
12646,-0.5258201530357138
12647,-0.46986126791898014
12648,0.8023125259869498
12649,0.5304593768904258
12650,-0.08797989845730815
12651,0.9381653104721609
12652,0.297316325804086
12653,-0.7154068101536959
12654,0.060064538213942524
12655,0.350602663123559
12656,0.02898450815446979
12657,0.2159618803090493
12658,0.6810086523816349
12659,-0.07396302033730162
12660,-0.26351182142099383
12661,-0.25408616315481547
12662,0.1572830823294873
12663,-0.15600090921937282
12664,-0.7388502600745367
12665,-0.7780430525494906
12666,0.39941539115112673
12667,-0.9645076860296165
12668,0.5996257125302404
12669,-0.6660137229746694
12670,-0.348115134066571
12671,0.4353014076887655
12672,0.7455352157288101
12673,0.24155274967023138
12674,0.4893776869857989
12675,-0.3813161082083551
12676,0.8052476820356445
12677,0.8102201164351229
12678,0.5647045503602927
12679,-0.16523418089626812
12680,0.2865790299522832
12681,-0.4971038469104461
12682,0.026118158531227887
12683,0.4426251100372704
12684,0.5076112045613594
12685,0.906949442725237
12686,0.4062810386480176
12687,0.5721749839852674
12688,-0.7763215455488144
12689,-0.247173539278966
12690,-0.04786270839707017
12691,0.10353396113496606
12692,0.4910942668742409
12693,0.2148666204513073
12694,0.31324991067897046
12695,0.5814756791941845
12696,0.5399111991360418
12697,0.2838743498158447
12698,0.8043386049810494
12699,0.6851619282196667
12700,-0.3655379261432343
12701,-0.14526633413372603
12702,0.5439695669061424
12703,0.39029007531929194
12704,-0.4608769387632091
12705,0.6944974263479382
12706,0.19698998523211078
12707,-0.6532386189113624
12708,-0.03445189185599967
12709,-0.3596984946438158
12710,-0.4838415322600826
12711,0.3064616723385286
12712,-0.24399510212283498
12713,0.796589529953546
12714,0.8246890288397751
12715,0.6377610187071587
12716,0.185956300490882
12717,0.8310333402048622
12718,0.8085337750443086
12719,-0.2670039690135399
12720,0.8242623353793439
12721,0.36292891955549905
12722,0.13360574841156106
12723,-0.4793138100300848
12724,0.2763557471527792
12725,0.21622553452765622
12726,0.02546796422806149
12727,0.3053593404313178
12728,-0.09545514452261589
12729,0.605013629019416
12730,-0.4675503637171777
12731,-0.03841639261762628
12732,0.7943718467106972
12733,0.4355788942096032
12734,-0.17802295075464095
12735,0.23652061056746768
12736,0.7539956333545611
12737,0.6512022527833562
12738,0.21091864568391608
12739,0.38834151853714133
12740,-0.18603469224508734
12741,0.9486499787077877
12742,0.9087439488573127
12743,0.7175153143136782
12744,-0.1194735712257723
12745,0.304472132593464
12746,-0.4080058473538029
12747,-0.6107542169215067
12748,-0.06302196571525023
12749,0.07855047925961321
12750,-0.2710119039913203
12751,0.20501040332962103
12752,0.13303866482829607
12753,0.6134622701452115
12754,-0.20027354692714108
12755,0.2118081997688124
12756,-0.19233460026367835
12757,0.10656510111162086
12758,0.15412353634356457
12759,0.6400544845697099
12760,0.7720578299832288
12761,-0.7751655608274385
12762,-0.5797798664699715
12763,-0.5634990054775497
12764,-0.36187853858296487
12765,0.10671704261441653
12766,-0.18826787450209312
12767,0.36949831606418443
12768,0.46874281595047423
12769,0.709347822823571
12770,0.7320327584086996
12771,-0.0806745332577491
12772,-0.07082642360291441
12773,0.2720496842558471
12774,-0.05472733057500737
12775,0.38203854107044943
12776,-0.5177060214977638
12777,0.40435844357046385
12778,0.3470449097233242
12779,0.011909269707450593
12780,0.5322617196560453
12781,0.6329114575435107
12782,0.2892552297572662
12783,0.04069312178568797
12784,-0.8912368456522648
12785,-0.09068576684991468
12786,-0.03344193357491003
12787,-0.46996975139937597
12788,0.2804261764974877
12789,-0.9643091398443381
12790,0.7839297841564817
12791,0.48838448620353814
12792,0.3277415882649571
12793,0.7254227234261564
12794,0.3705601057989185
12795,0.1746049622597881
12796,-0.5914845920484478
12797,0.8829805289333446
12798,-0.32474510619677854
12799,-0.291729902875833
12800,0.31834729565857595
12801,-0.20044255043569167
12802,-0.30251229980602456
12803,0.040749476551748355
12804,0.4358293526038066
12805,0.4412162245286227
12806,0.7887102608204888
12807,0.8036957146084658
12808,0.19595997851823332
12809,0.6114185277556775
12810,-0.8172265614947881
12811,0.08737050353656632
12812,-0.8638028861057377
12813,-0.2902557759764848
12814,0.38561697414449153
12815,0.8610135064649774
12816,-0.8914770461123117
12817,0.43632106521031866
12818,0.804612515042378
12819,-0.17972419735819836
12820,0.16718953021123498
12821,0.3526545725633539
12822,0.573023987814508
12823,0.8350922833715138
12824,-0.5483269705311792
12825,0.5323072256369815
12826,-0.4884452666126766
12827,0.8117642102802362
12828,0.880443162360494
12829,0.526311132380815
12830,-0.6544012287224082
12831,0.5741419888219319
12832,-0.09059779719475404
12833,-0.039660508886698344
12834,0.14475836896950492
12835,0.624942140134786
12836,-0.19009774676130722
12837,-0.6185554182333647
12838,0.8245564239049488
12839,0.5923189911779752
12840,-0.40252967063983347
12841,0.2558972379539062
12842,0.23344931994041862
12843,0.2595028546597044
12844,0.06306504293954245
12845,0.17241888751597406
12846,0.6343304335818031
12847,0.33446628045067667
12848,0.5733659326659453
12849,0.17796346927298465
12850,0.5166255009053826
12851,0.016668759197746717
12852,-0.6991855622096106
12853,-0.28002356388370664
12854,-0.348905038860778
12855,-0.7403376689065696
12856,0.7191466691688135
12857,-0.47075364359968574
12858,0.6675130269025359
12859,0.2686880762334691
12860,0.5197440863216749
12861,0.261034337277258
12862,-0.16466459146514234
12863,0.7169748369633816
12864,0.2613967407971098
12865,0.7520533057534327
12866,-0.34032602334896256
12867,-0.4556833641153547
12868,0.6057448284035911
12869,0.7544213628980169
12870,0.37449427428043197
12871,0.7564396982044397
12872,-0.26516881858424374
12873,-0.04430871152835028
12874,-0.7232041089729058
12875,-0.7384558734686084
12876,-0.27727037091959505
12877,-0.8904610710013074
12878,0.02627379985361424
12879,0.5678777615551998
12880,-0.6260044006924044
12881,0.24170190964556734
12882,0.46555535695571465
12883,0.9144677399667269
12884,-0.22548537206213054
12885,0.09085553031864288
12886,-0.7271798784342002
12887,0.004245469067198919
12888,0.4480105098855096
12889,0.740109244308459
12890,0.5252915650751027
12891,0.40063671707061804
12892,0.08660858571050957
12893,-0.143346381445921
12894,-0.12240649614997548
12895,-0.6251212634802014
12896,-0.5120818016626634
12897,0.1010466332045393
12898,-0.5377172254741241
12899,0.7079162773881373
12900,-0.5204814194154503
12901,0.1569328879979502
12902,-0.7753636005283223
12903,0.2648381314869773
12904,0.5912253234767932
12905,-0.2783262420552551
12906,0.39404105355898567
12907,0.8026405712075083
12908,0.5853365399910327
12909,0.4121058875466981
12910,0.29413845567420455
12911,-0.03001695164512507
12912,-0.41442244927477895
12913,0.5406302866270563
12914,0.9866249699860888
12915,0.35231727056502604
12916,-0.8109358345519857
12917,-0.48569740716720955
12918,0.6059920046359882
12919,0.3917087332054601
12920,0.134375301293725
12921,0.33031027192399215
12922,-0.14303914691959407
12923,-0.07850453177349073
12924,0.6330272301497667
12925,0.820949555329861
12926,0.9029079318715392
12927,0.2399562129385452
12928,-0.37336602885530323
12929,-0.07098233433290378
12930,0.06693492549603704
12931,0.16458569432185405
12932,0.8406304133476079
12933,0.3616653906491565
12934,-0.7660845056024521
12935,0.5780087371792778
12936,0.2973078231840664
12937,0.06900781274722523
12938,0.7931461693199553
12939,0.2081825468857987
12940,-0.030626753038626494
12941,0.4742041543524299
12942,-0.7478452994037766
12943,0.05953664845223491
12944,0.34600959255940716
12945,0.289068639775265
12946,-0.5063461318510677
12947,0.7669692505321176
12948,0.8750888331583935
12949,-0.9588038888656821
12950,-0.49022478808519
12951,-0.19351214695179128
12952,0.4059534493693297
12953,-0.36046119903727625
12954,-0.9746081737750656
12955,-0.8413764692859776
12956,-0.3044242570164281
12957,-0.019662033496724574
12958,0.27259519993217995
12959,0.5464797117807498
12960,0.20659020405263068
12961,-0.7795609442891088
12962,-0.5790455431704847
12963,0.22593579218061152
12964,-0.4733242321521829
12965,0.37509901740345275
12966,-0.72342793058931
12967,-0.6659803671035073
12968,0.2472522343805175
12969,-0.7455100222076606
12970,-0.6534279106585525
12971,0.7860407117011864
12972,0.15306304193401898
12973,0.4235602461579829
12974,-0.6526734618988292
12975,0.3000293482450807
12976,0.1909014514989647
12977,-0.6496852767971599
12978,0.5989248496686769
12979,-0.3167149440444996
12980,-0.31777262494446595
12981,0.7902232415999711
12982,-0.2967607359165942
12983,0.21083921536995703
12984,-0.38716040475093183
12985,-0.09344412689894149
12986,-0.44600297048877324
12987,-0.03794595652977037
12988,0.28705823339776243
12989,0.531552114392946
12990,0.39541545475776396
12991,0.3613582771510166
12992,0.09426808615126302
12993,0.4395107752135758
12994,-0.2980676235368987
12995,0.9930564127501633
12996,0.026693733485629336
12997,-0.20657665073046605
12998,0.505327109032377
12999,-0.3081678016880454
13000,-0.24754337681842364
13001,-0.42584745441894517
13002,-0.8633597581065868
13003,0.5527387872312576
13004,0.894234685519898
13005,-0.17208549604617865
13006,-0.1956546381873768
13007,-0.1703113848563671
13008,0.3895955832260496
13009,0.6280207515240256
13010,0.894934804639028
13011,0.29269859125371206
13012,0.4248337261707084
13013,-0.3411002551744088
13014,-0.057730565584693576
13015,-0.019329913983669168
13016,0.8470812890108488
13017,0.5696045732730417
13018,0.6349408941563894
13019,0.6275989721675709
13020,-0.22892266224810015
13021,0.033959805361246265
13022,0.3269732366584936
13023,-0.06431401756203406
13024,0.4732085799743833
13025,0.3106065484940208
13026,-0.04752120617049308
13027,0.08047105428732221
13028,-0.621719823408426
13029,-0.5733600869877535
13030,-0.5841637842387922
13031,0.47752414399602616
13032,0.6295146236599054
13033,0.14678652958989483
13034,0.779648883183244
13035,0.25604240602917844
13036,0.5503340371053996
13037,0.08797255486933259
13038,0.40368724782935433
13039,-0.3540256918328382
13040,0.8391309930230662
13041,-0.07572744459031207
13042,0.7422033426021922
13043,0.7667507924438708
13044,-0.12308301167946012
13045,0.48829032568980574
13046,-0.4756753782864264
13047,-0.7873860287787566
13048,0.8123054614162022
13049,-0.4676356910525387
13050,-0.11539813852359046
13051,-0.3660852399611673
13052,-0.1923674173425184
13053,0.4648552236573203
13054,-0.327327705371908
13055,0.6729468977950487
13056,0.37968103262263503
13057,0.5726649137330655
13058,-0.3727400416011108
13059,0.5220745838969738
13060,0.0060290323928119055
13061,0.5625608846469897
13062,0.49696412338222223
13063,0.6600215258963996
13064,0.2725891368066265
13065,0.5889446974594156
13066,-0.12160378637734566
13067,0.6816082714438335
13068,0.5981959568476787
13069,-0.04880746081920462
13070,-0.02866039022825311
13071,0.2416050148653039
13072,-0.24593466030589042
13073,0.5341453757186366
13074,0.9033990155501903
13075,-0.1995954895072556
13076,-0.750280436022339
13077,0.316177772321679
13078,-0.8111141473805998
13079,-0.018598566757839215
13080,-0.8821655849037574
13081,0.1835614616200018
13082,-0.5625886344910468
13083,0.5692995175179676
13084,0.27789853937792003
13085,-0.8900561942257545
13086,-0.5623328186632334
13087,0.7366720083035208
13088,-0.13886957859708712
13089,-0.6943827988035846
13090,-0.5638861838908941
13091,0.4828828480994026
13092,0.3236838522049526
13093,0.5714104502333349
13094,0.7761198648051644
13095,0.5001543564150641
13096,0.5646814405998996
13097,-0.28776181313516286
13098,-0.1371738568532233
13099,0.5423208578576806
13100,-0.4903431461320814
13101,-0.4053527601397893
13102,0.5251371174212562
13103,-0.45909164122426244
13104,0.48764878689146224
13105,-0.09120704079014336
13106,0.6692453904430352
13107,0.6397093517477874
13108,0.7591609110982522
13109,0.5155761930626024
13110,-0.3744537977406152
13111,0.756628490063266
13112,0.5415015081759329
13113,0.3567241318793913
13114,0.5861331883577969
13115,0.4569742913164528
13116,0.5952229431426668
13117,-0.29072793013493814
13118,0.2888636629176653
13119,0.8831824802181586
13120,-0.4093780097637636
13121,0.6863083099637471
13122,0.5032509137664815
13123,-0.07521274560161059
13124,0.19406907701343795
13125,-0.5766313116916775
13126,-0.8036349111527699
13127,-0.8605267466404136
13128,-0.6453341060796649
13129,-0.050143371214841165
13130,0.37968264111721556
13131,0.6308247459191885
13132,0.3210591621748938
13133,-0.36102774448915775
13134,0.45386209346296275
13135,-0.08178260524430683
13136,-0.8002308906196792
13137,0.3345766762473941
13138,-0.4719661702163611
13139,0.8629735092760964
13140,-0.2872249785603704
13141,0.023491654416630713
13142,0.240269000891869
13143,-0.7702005012542937
13144,0.3935754056713993
13145,-0.05154695700440959
13146,0.4260368124231341
13147,0.7950128362738776
13148,0.3448697354001183
13149,-0.38615362335514564
13150,-0.27939350126894896
13151,0.775336140680818
13152,-0.0890274788843202
13153,-0.7891178539530562
13154,0.5696480215100729
13155,0.21298047080314167
13156,-0.39557972123147267
13157,0.05980467199977178
13158,-0.1486281154569717
13159,-0.5241490359256984
13160,-0.04745237774013157
13161,0.21956244474319267
13162,0.0009611986940988405
13163,-0.4341240667951722
13164,0.48949877893007
13165,0.6205896860806962
13166,-0.9310413579652276
13167,0.004781870703113526
13168,-0.6045992355052248
13169,-0.2943293534890332
13170,0.5526581120420743
13171,0.6048495350119826
13172,-0.7719227556944442
13173,0.05922337629210323
13174,0.16428121391614178
13175,-0.6180577669805833
13176,-0.6037670396085923
13177,-0.34770228107759804
13178,-0.679678878164435
13179,0.040931488807823775
13180,0.7330905151240217
13181,-0.15102515146691325
13182,0.9389919563629339
13183,0.6150902716647273
13184,0.5126847894253121
13185,-0.3706635387668917
13186,-0.5403361227175218
13187,-0.2794121536706789
13188,0.16691870263985487
13189,0.3285283561423591
13190,-0.21367228818458503
13191,0.17214098950652415
13192,0.12599662382204
13193,0.6709238941446966
13194,-0.2965228853277845
13195,0.8648078206568569
13196,-0.5455140279064733
13197,-0.03745910194189839
13198,0.0612570938276702
13199,0.26215904776333177
13200,0.5269344697531585
13201,-0.26934822788390544
13202,0.049545904562955996
13203,0.1651340420301891
13204,0.26559876996460297
13205,0.14016969584911468
13206,-0.11193818278215108
13207,-0.6428248816393713
13208,0.5996918694893416
13209,-0.3437671651668406
13210,0.060884693331532076
13211,-0.5290207719742483
13212,0.8445346026067293
13213,0.655165942033696
13214,-0.5724596328134279
13215,-0.25364239512038245
13216,0.5226339797925237
13217,0.22320360876324186
13218,-0.6643088238975415
13219,-0.2162240373799944
13220,0.7338015360210083
13221,0.6832930742434359
13222,0.6054120976265934
13223,-0.08397907005926065
13224,-0.35600691972343823
13225,-0.791623061906227
13226,-0.10493979984090838
13227,0.06755941589221812
13228,-0.9597573589535536
13229,0.657366234132759
13230,-0.19977156079440192
13231,-0.3327301236561499
13232,0.5783559639135122
13233,-0.4871527442893674
13234,-0.6225990604899896
13235,0.10867503899735986
13236,0.6803322959978438
13237,0.5608709597680661
13238,0.7446938397184315
13239,-0.578805171895614
13240,0.21302933599132695
13241,-0.726202407394915
13242,-0.38302311593892807
13243,-0.4840202137880953
13244,0.3315373996436405
13245,0.5665938561221571
13246,-0.0728866951983861
13247,-0.5110415688319221
13248,0.6027473226360578
13249,-0.5014678836397395
13250,-0.7703227000781785
13251,0.3727841000518409
13252,0.6726885868411784
13253,0.5832115652498838
13254,0.41673913161176296
13255,0.5779744123123931
13256,0.09676514621498983
13257,0.8369020647909154
13258,0.4416897150663811
13259,-0.2273256413618608
13260,-0.6789731384902569
13261,0.3848898946444015
13262,0.419713220600854
13263,-0.01911811773240199
13264,-0.5294216909047407
13265,0.4325022454692371
13266,0.8586941202786109
13267,0.6932179941056011
13268,0.28017021236891715
13269,0.2217230132811217
13270,-0.8466413655636297
13271,0.36317262459998473
13272,0.504918080453149
13273,-0.48608280080824795
13274,0.5379572455116836
13275,0.8083467039024586
13276,-0.37295681568224354
13277,0.21319697897314094
13278,0.7851859255881043
13279,-0.0063120180389914324
13280,0.3738822151191626
13281,-0.04269629898459673
13282,0.3050789625922734
13283,-0.5526995933853103
13284,0.22327768102393955
13285,0.5452372525652466
13286,-0.286014037225476
13287,0.4503196848221132
13288,0.44279904180223495
13289,0.5571971520200063
13290,0.140635986790538
13291,0.9112612926777736
13292,0.30481631933217684
13293,-0.1896924776982791
13294,0.43167027600435226
13295,0.8757831577920373
13296,0.6731791029594244
13297,0.44523676780827487
13298,-0.48082516882052184
13299,-0.5499889295214843
13300,-0.10259922884618011
13301,0.5599320414167348
13302,0.600258597929296
13303,0.26435700176909727
13304,0.14889841275996518
13305,-0.7815873581690446
13306,-0.2820038428674829
13307,-0.5151506365274553
13308,0.08479789394102583
13309,0.40486070698784893
13310,0.33400532378655945
13311,0.19836084917165386
13312,0.5366558457000434
13313,0.15299131359301038
13314,0.7247338930414032
13315,0.8915031961029852
13316,0.3248640509210461
13317,0.04780473838258954
13318,0.34561832264257997
13319,0.7636384318025965
13320,0.733107924110886
13321,0.24157201770125789
13322,0.16022010990343746
13323,-0.5745167105114812
13324,0.8396699357499752
13325,-0.017376995413347168
13326,0.39529874389074926
13327,0.5251062181915225
13328,-0.1696904782231405
13329,0.7958367096068679
13330,-0.6884819465131005
13331,0.10631110433959558
13332,0.5754991753561164
13333,0.1214158909035502
13334,-0.09832486632282054
13335,0.6311426691484289
13336,0.5018872540356614
13337,-0.5197715764597091
13338,0.4438064176714521
13339,0.48401043308465425
13340,0.9623571928526048
13341,0.10024572206752749
13342,0.8828160941361194
13343,0.17727821245851821
13344,-0.9670432406273246
13345,0.13584065262210573
13346,0.7347632757007754
13347,-0.4348357576885873
13348,-0.11276055757792518
13349,-0.738820043755377
13350,-0.5056193806761984
13351,0.4100673797022189
13352,0.9368096750702926
13353,-0.895864070030381
13354,0.7193347616911913
13355,0.7043146415995502
13356,0.6768147682961715
13357,0.2910175516664009
13358,0.1216904557063226
13359,-0.6756661742747132
13360,0.6159061764044954
13361,0.5629487367520266
13362,0.31605443763124824
13363,0.2854894292636312
13364,-0.2842407271592948
13365,0.44487792995562775
13366,-0.6363896275667016
13367,-0.3306910234693255
13368,0.38665334242915755
13369,-0.17408644432877396
13370,0.1961658167217508
13371,0.06898121600007265
13372,0.28292791087414937
13373,0.8222363051460003
13374,0.7391517069889891
13375,0.20255375802076503
13376,0.006508583436002784
13377,-0.24875269710649206
13378,0.4130709185919848
13379,-0.07832220763147299
13380,0.3026921306836387
13381,-0.18268075813362378
13382,0.8408581624398213
13383,0.8724004609167471
13384,-0.15344449292966883
13385,0.5752704679633746
13386,-0.6790789635419008
13387,-0.052481218660556425
13388,0.8564235489870764
13389,-0.5521753574253245
13390,0.3088767229136263
13391,0.3296889437989422
13392,-0.5668901156866945
13393,0.3029658799728958
13394,-0.4963356357172583
13395,-0.794608553655054
13396,-0.527400645191953
13397,0.6376232144193114
13398,0.028744175962624883
13399,-0.8920559385880408
13400,0.22028247920641564
13401,0.2890348438067043
13402,0.45931951937388243
13403,0.18352447137935612
13404,0.19152080036138436
13405,0.07645385810981627
13406,0.39530847740102504
13407,0.28190912720484207
13408,-0.6328186457716412
13409,0.824265214326263
13410,-0.30762973933950116
13411,0.7322171079393764
13412,0.7145447493146494
13413,-0.2234309817721948
13414,0.7420712835269095
13415,0.02968029536721402
13416,-0.4652820086006539
13417,0.2425357440102518
13418,0.10556488715854173
13419,-0.8331370437916336
13420,-0.1348040278324119
13421,0.9295329418525976
13422,-0.882058040523999
13423,0.8342991687796186
13424,0.18746763850954032
13425,0.2731539960913322
13426,0.2936745099277192
13427,0.2766168963066801
13428,0.38623706644813943
13429,-0.46855656684080155
13430,0.592121392375649
13431,0.0033271713752936927
13432,0.5981774117872819
13433,0.26317169354344194
13434,0.2072581756978093
13435,0.5453506378076466
13436,-0.02804473967226219
13437,0.8104692479062405
13438,0.4641020742519851
13439,0.6906889049417773
13440,-0.14050887354367775
13441,-0.2535908687458492
13442,0.6175939285027457
13443,0.2541242916994969
13444,0.3712497220041132
13445,0.3921499951034467
13446,0.5294822918344103
13447,-0.3972636704678919
13448,0.801848981619095
13449,0.21309589628725256
13450,0.8913992680626281
13451,-0.16014224706785832
13452,-0.33749035145395795
13453,-0.5877544776398363
13454,0.22835324948252791
13455,-0.7516771928131682
13456,-0.4506041265497787
13457,0.022794381982701423
13458,-0.6078210365008913
13459,0.29133157406602966
13460,0.6562896461635973
13461,-0.13993106369381952
13462,0.6765724366267893
13463,0.1981883159487156
13464,-0.28909158293137094
13465,0.303442377392623
13466,0.7997143644239012
13467,-0.08033840116156725
13468,-0.047709914539859906
13469,-0.48221560834797383
13470,0.20664864901063834
13471,0.5579238517788927
13472,0.5776051310954476
13473,0.7791609363119547
13474,-0.8848077236944719
13475,0.4568772053374144
13476,0.5312906219025221
13477,0.19681299122027768
13478,-0.09815247820284995
13479,0.2116322376492867
13480,-0.19538649351473986
13481,-0.544679375029517
13482,0.7817460663872421
13483,0.6582769854075501
13484,-0.1957213655270009
13485,0.4279987979675901
13486,-0.5601846223317439
13487,-0.27854378896443616
13488,0.16984571684018646
13489,-0.8780585927922641
13490,0.037422601067372184
13491,0.06452533334709959
13492,0.8301753959973882
13493,-0.5364588613481279
13494,0.6073543821868507
13495,-0.82353229050784
13496,0.38046662981106727
13497,0.9098180933634076
13498,0.35549738871835274
13499,-0.36706601919161413
13500,-0.1784526964649805
13501,-0.7948421794894953
13502,0.5667195745904151
13503,0.6645268861854223
13504,-0.43172867902007633
13505,-0.47138084129101
13506,0.03761942818165071
13507,0.2249960781362666
13508,0.4832215902499379
13509,-0.5170310508882898
13510,-0.6535373329873804
13511,0.9087801899663864
13512,-0.3550278413411606
13513,-0.400439524382485
13514,0.8493976761305491
13515,0.20683889691521265
13516,-0.6629057223813816
13517,0.711888391133288
13518,0.8650109784069194
13519,0.19211476228622507
13520,-0.5193574498834803
13521,-0.8594202513497101
13522,0.35260903985939807
13523,0.21047410266353628
13524,0.012269181055618158
13525,0.8861344914662671
13526,0.16958186059144048
13527,0.5491400806090537
13528,0.08611286275359295
13529,-0.631456770699169
13530,-0.8505977843193744
13531,0.4058471700049847
13532,0.8933647663692863
13533,-0.1309640772116158
13534,-0.033016732326673175
13535,0.10390503213213459
13536,0.36445951781834074
13537,0.3759398515372649
13538,0.9046374529156446
13539,0.804621782989761
13540,-0.15193957461934793
13541,0.7113354616898738
13542,-0.030099573809421725
13543,0.5071626101206834
13544,-0.3796128784006418
13545,0.5951024546913527
13546,0.668175623464098
13547,-0.16035200113861853
13548,0.8248253664993802
13549,0.004795445703309872
13550,-0.48902639243195883
13551,0.18067415663575892
13552,-0.08180479696395083
13553,-0.5073242121981845
13554,0.841451698449349
13555,0.543091093450248
13556,0.29229847220264993
13557,0.6625661476266723
13558,0.6604530491782433
13559,0.14237018553016553
13560,0.6070205074962506
13561,0.40301529530678376
13562,0.0562599696908141
13563,0.32896936762117696
13564,0.4891234019214075
13565,-0.23486690724309334
13566,-0.4529100652351992
13567,0.7056330609557989
13568,0.7904877526637661
13569,0.8729022122863861
13570,-0.5775301395773268
13571,0.8827744400716072
13572,0.6015012994210566
13573,0.19039451121943532
13574,0.4030567834930097
13575,0.6816167432332063
13576,0.46591214550581783
13577,-0.8610863343131541
13578,-0.832045043633964
13579,0.8882668606748644
13580,0.03714013611483776
13581,0.8106355087008045
13582,0.4941719435082121
13583,-0.7312163675011814
13584,-0.04523145346514729
13585,-0.5726918742199075
13586,0.3641226117905864
13587,0.2588165477493101
13588,-0.008254664220007583
13589,-0.24589969413990004
13590,-0.4091711313054575
13591,0.7186834505684495
13592,-0.2589176211143245
13593,0.46916513394530707
13594,-0.3816067217253407
13595,0.31877179830843516
13596,-0.5108687810952487
13597,0.7462230150798144
13598,0.7818309429783717
13599,-0.6360490372053028
13600,0.23742483192377828
13601,-0.8836257224944059
13602,0.5645240592545046
13603,0.23027772980096278
13604,0.34627413514320693
13605,-0.11962504283164249
13606,0.36734141808877935
13607,-0.392848777638809
13608,0.441779419927918
13609,0.5529301416459437
13610,0.10021578581048678
13611,-0.13714130653958173
13612,0.12944785954864813
13613,0.10296967725607345
13614,0.31153809831742013
13615,-0.2597925409140715
13616,0.1668117710619624
13617,-0.08657349911293337
13618,0.8346138820056567
13619,-0.4431434073425167
13620,0.34538225871107014
13621,-0.3885257045479899
13622,0.2821802021544409
13623,-0.2464635607374719
13624,0.9225501232917467
13625,-0.28900939226404676
13626,-0.5478526442375061
13627,-0.03411883243877364
13628,0.2783029914861148
13629,0.5407463258666854
13630,0.19888149119971607
13631,-0.4160722082174083
13632,0.21087074870351274
13633,0.7610320296553181
13634,0.4771104879751823
13635,0.5979245009564859
13636,0.7600591883521689
13637,0.10945228292260548
13638,-0.6498384657906696
13639,0.36953700525196354
13640,0.4190561239430474
13641,-0.5747883466223327
13642,0.9864052730473968
13643,0.2632970203532619
13644,-0.2713186420860093
13645,-0.6277568871727625
13646,-0.3642722847131688
13647,-0.7079313093183893
13648,0.7476273580341186
13649,-0.4346453608202563
13650,-0.924242269738634
13651,0.9036158061566538
13652,0.11817759696344306
13653,0.495488558310707
13654,0.24101074014629326
13655,-0.12341463131353604
13656,-0.5307048253562567
13657,-0.4220506138482806
13658,0.2678726555377289
13659,0.305196150763282
13660,0.24032901446083837
13661,0.6900869024773364
13662,0.894429774501965
13663,0.012893630406107567
13664,-0.1541474621207858
13665,0.9331820279303632
13666,0.5763610763673483
13667,0.48888346494793616
13668,0.4755802057248864
13669,0.3600222203354385
13670,0.39348450168551413
13671,0.5015693523738028
13672,0.8330841232230292
13673,-0.1664316634930319
13674,0.8996283077251079
13675,0.7814153549895704
13676,0.6070989265228293
13677,0.6341794196177304
13678,0.11017943052298187
13679,-0.7680016373591686
13680,0.8291388027810354
13681,0.4320603821919624
13682,0.4550880433216479
13683,-0.47401408670712436
13684,-0.09321116933518572
13685,0.8248262813701804
13686,0.5755139679118548
13687,0.4188141074338327
13688,0.8281425032110283
13689,0.9702878377439101
13690,0.09740956065910411
13691,-0.42971814681872333
13692,0.7022797491523228
13693,-0.0906887453615927
13694,-0.11260607986822994
13695,0.6109548544796205
13696,0.18396286909325818
13697,-0.5352423061801694
13698,-0.8947562902051405
13699,-0.1051170344134716
13700,0.847680301105376
13701,-0.353147691276512
13702,0.6388948061394276
13703,-0.6328895716307252
13704,0.7104898118031591
13705,0.3122300513322044
13706,-0.3261163669093245
13707,0.6550334141919432
13708,0.11097308870147657
13709,0.5515402683635642
13710,0.38796404377711075
13711,0.22260206750191325
13712,0.21097756496445957
13713,0.3906904019867945
13714,0.29507805290221234
13715,0.5150910596109918
13716,0.13995201649239852
13717,0.2574335991419066
13718,-0.7044222383398795
13719,0.625458754442062
13720,-0.38306715553916676
13721,-0.26187246623450156
13722,0.4632399402207987
13723,-0.36693758226199913
13724,-0.822062880067079
13725,0.523272602748949
13726,0.5352635675535222
13727,0.050496059773292565
13728,-0.9584820145195191
13729,0.40096241658104037
13730,0.5167153327988085
13731,0.7056329296385578
13732,-0.08518235688217073
13733,0.5938000146330984
13734,0.15314851856874406
13735,-0.23708803541234846
13736,-0.9755963322760826
13737,-0.7901547227781746
13738,-0.6554497249673942
13739,0.6953241060371026
13740,0.6801516432959906
13741,0.39958399138484996
13742,-0.358982354762487
13743,0.1959478890289511
13744,-0.7681232491317087
13745,-0.7474160702894236
13746,0.9041416195380547
13747,0.5327026144593494
13748,0.5307988342104215
13749,0.6232898526329883
13750,0.5671994884500546
13751,-0.2222858664340771
13752,0.23023968952294294
13753,0.7431860968286478
13754,0.5584203791028709
13755,-0.2014128555782855
13756,0.8217873764877505
13757,-0.11739682224312806
13758,-0.7156012045650536
13759,0.874571326506624
13760,0.5399552310154958
13761,0.571923373946714
13762,0.9009134972545817
13763,0.28516201561560184
13764,0.6106475594425439
13765,-0.39135833014185323
13766,-0.7972118064623828
13767,-0.5489976296026354
13768,0.8253675260089628
13769,0.5969096534060168
13770,-0.6934410372568495
13771,0.4597265506676759
13772,-0.3499965634625723
13773,-0.7257455181012166
13774,-0.6482830295747567
13775,0.7843867545308871
13776,-0.5704893511644407
13777,0.2233612027230225
13778,-0.19810657486215308
13779,0.6991930365570976
13780,-0.4359810497134669
13781,-0.6278205600156854
13782,0.8133216206019346
13783,0.00663426155093655
13784,0.4723889663215325
13785,-0.7412147834114844
13786,0.07019604599631928
13787,-0.6969726866427033
13788,0.6641151209998153
13789,0.36770809181680825
13790,0.5098663741981376
13791,-0.4075504223334452
13792,0.8564462226176544
13793,0.6369471982379825
13794,-0.166939424181109
13795,0.1512266917715584
13796,-0.31243929597976866
13797,0.4794083992784667
13798,-0.079311336201272
13799,-0.5205262555880084
13800,-0.7586563486995197
13801,0.42624095937136997
13802,0.9742878183276309
13803,0.1741083387962387
13804,0.8517477190396117
13805,0.2442259826467857
13806,0.10969037711187367
13807,-0.06386914268539953
13808,0.41417092621778295
13809,0.5103369837874718
13810,-0.1926036134358644
13811,0.5762744726422268
13812,-0.2845930553762388
13813,0.12883701700610353
13814,0.8841171934849936
13815,-0.2535477394707414
13816,0.8693369275267744
13817,0.1600310380130214
13818,-0.34860500293590185
13819,0.5736707139916296
13820,0.11546016677583729
13821,0.9707770641721031
13822,-0.36270281983230435
13823,-0.44106021064203105
13824,-0.31845384227691015
13825,0.26551634755471676
13826,0.8191594428223958
13827,-0.5706270218482652
13828,-0.8520862564159221
13829,0.23710636391756734
13830,0.21127586724153655
13831,-0.19446919928832093
13832,0.7297103879372039
13833,0.937656487403698
13834,0.9176846912224788
13835,0.6987183979085675
13836,0.31373656804141464
13837,0.17149008609771846
13838,-0.5787704087935038
13839,0.6029164453029874
13840,-0.06035342570639743
13841,0.3399660050766171
13842,0.17370958956944896
13843,-0.7386929817844753
13844,-0.5755062377738785
13845,0.8265346041530499
13846,0.5498157406780454
13847,0.7374144228336016
13848,0.7859661045591632
13849,0.7534967545078147
13850,-0.5556145128663561
13851,0.31946078682613305
13852,0.5029830839062329
13853,-0.6348210053852651
13854,0.3299056786172117
13855,-0.6367083906656956
13856,-0.39168035515705374
13857,0.22400140227722512
13858,-0.7480690865684974
13859,0.4895076355254426
13860,0.7433300521746543
13861,0.13462774564162464
13862,-0.545530410760098
13863,-0.8682420807992735
13864,0.5620640507064197
13865,0.426062572741486
13866,-0.08700107432930636
13867,0.10998811455458733
13868,0.060935805202669446
13869,0.1641463542325109
13870,-0.8921335837439207
13871,0.7784157604352171
13872,0.5987998517841507
13873,0.9452595718647195
13874,0.6971660579749058
13875,-0.8804912216289609
13876,0.2426402994626745
13877,-0.290737296957433
13878,0.48188958572788676
13879,0.08853112598047622
13880,-0.4235568575918844
13881,0.8397689282417369
13882,0.26845961165159565
13883,0.17690848742170845
13884,-0.7320068021264872
13885,0.2513651949021636
13886,0.1712701275814718
13887,0.08794973027195256
13888,-0.34392362188286457
13889,-0.2927262767537632
13890,-0.3684458636345571
13891,-0.21756946338228828
13892,-0.11267894597305896
13893,0.02988371568730096
13894,0.48223280654884204
13895,0.5119036439245828
13896,-0.1138567189073562
13897,0.1198654928595024
13898,0.6352672164608295
13899,0.7050682876951397
13900,0.14039192095010963
13901,-0.6784274995603815
13902,0.27288945013173405
13903,0.35418774934683933
13904,-0.002943952005933655
13905,-0.1326216855726114
13906,-0.14815561996513676
13907,0.6661370976026895
13908,0.33909736381172245
13909,0.0659325829842858
13910,0.1641752914373878
13911,-0.8523101633128579
13912,0.4463854179810244
13913,-0.015193501713020975
13914,0.4608327028393315
13915,0.13828553982412042
13916,-0.06950952671464189
13917,-0.0882946060168654
13918,0.2652175702489269
13919,0.117992069633307
13920,0.19739989714832049
13921,0.6391031215576986
13922,0.6111419210283512
13923,0.32631840034502757
13924,-0.19209431965331372
13925,0.5273178120658845
13926,0.6893031700139207
13927,-0.20793333958493357
13928,0.4496397835424415
13929,0.3209708172967151
13930,0.7275630778517677
13931,0.8516821967948546
13932,0.10048536355749153
13933,0.7839454809614802
13934,-0.3605336762661538
13935,-0.48862678219294725
13936,-0.45571154864951646
13937,0.01157033109570872
13938,-0.3936045934090078
13939,0.8671739014298199
13940,0.5600710037060772
13941,-0.3529786884672157
13942,0.9359757958710443
13943,-0.6578410184404138
13944,0.22227955181375658
13945,0.6959174988630906
13946,-0.5556757208789184
13947,-0.5497346780507584
13948,0.7101952096701103
13949,-0.018036926991956033
13950,0.32497873297886254
13951,0.3245770758794365
13952,0.7900908396556985
13953,0.2713259333274638
13954,-0.2969185444843105
13955,0.5908235518451431
13956,-0.045616437362556
13957,0.13201445701383333
13958,0.28169694637207227
13959,0.32898337417972395
13960,-0.2450635484908522
13961,0.45586153118546036
13962,0.21176220209720495
13963,-0.7194863190199129
13964,-0.5610908597764779
13965,0.34620235014751977
13966,0.4660702931440107
13967,0.7549330086830321
13968,0.5109126143781302
13969,0.28932355341724497
13970,-0.16818069585465897
13971,0.15556721844331986
13972,0.39787272450298516
13973,0.21458495732299807
13974,-0.7751395268248007
13975,-0.06390616590576294
13976,-0.44077381765488316
13977,0.5251370176322108
13978,0.7087379548743199
13979,-0.5646829814903231
13980,0.1103402646716333
13981,-0.07602635810163788
13982,-0.37818463174662154
13983,0.1370672996316424
13984,0.6857554212572078
13985,0.2893948024230982
13986,-0.41574094998199956
13987,0.1765529128373079
13988,-0.5023612135285594
13989,0.5957268835670311
13990,0.5344628819942676
13991,-0.40375505880574164
13992,-0.01761567645162009
13993,0.6265606108523482
13994,-0.7829469442974961
13995,0.27203623911714764
13996,-0.7898681194678442
13997,0.4183233403369323
13998,0.7579178490420128
13999,0.5751526167218428
14000,0.2347844108462763
14001,-0.4113508404580976
14002,0.21533082102092402
14003,-0.5960616677292144
14004,-0.8380591365625664
14005,0.8154773423563587
14006,-0.16800723834240422
14007,-0.4226318924100173
14008,0.005528338494654821
14009,-0.09722276621554567
14010,0.4811845456330887
14011,0.6401371164685042
14012,0.7198254735285419
14013,0.8702798150494072
14014,-0.272210239261954
14015,0.47232934941475047
14016,0.013394160410823143
14017,0.5345756443672783
14018,-0.030032249343224196
14019,0.917009089870762
14020,-0.9457344708116389
14021,0.4383784457936915
14022,0.7055026998977177
14023,0.8498780929007693
14024,0.8520455730066714
14025,0.7154115042569759
14026,0.10010549956584132
14027,-0.31850406195654496
14028,-0.17954936254257736
14029,-0.8599572444207638
14030,-0.7804329064030757
14031,-0.3492038845854826
14032,0.566136425828214
14033,-0.3851350300268184
14034,-0.337138636172068
14035,-0.18328137769099728
14036,-0.6636278327695295
14037,-0.5602659929081928
14038,-0.5845636287731217
14039,0.4764802135360544
14040,-0.34196925659081845
14041,0.42678650816521707
14042,-0.6123158287673639
14043,0.3204332840596708
14044,0.20096861285671636
14045,0.1650206455719297
14046,-0.9369680958779601
14047,0.6387935491552174
14048,0.6650229861558792
14049,-0.4337771838062545
14050,0.6763318320870858
14051,0.5779574741520266
14052,0.5085328150968822
14053,0.39082467734411896
14054,-0.08653510404109416
14055,-0.07775995540466285
14056,-0.8564076801977432
14057,0.6258758453187605
14058,0.34040945522338395
14059,0.6151833526077394
14060,0.802053840987855
14061,-0.5200121946433451
14062,-0.08603714654216543
14063,0.5960220619197716
14064,0.5532922714231245
14065,0.47681519562133606
14066,0.4521256534981263
14067,0.32358991683296146
14068,0.0730338836402642
14069,0.5384457254729297
14070,0.03770527118202416
14071,0.7259809479522423
14072,0.12835835995527303
14073,0.4392338363983992
14074,-0.09152842835960055
14075,0.04970424347989851
14076,0.7616638667069013
14077,0.20881317955230436
14078,-0.32585393509817406
14079,-0.08164910900955699
14080,0.1037622855799728
14081,-0.5524918016006908
14082,0.23772119769949382
14083,0.9422789102750938
14084,0.2962630316180284
14085,-0.3202437604009304
14086,0.9367008104381941
14087,0.3655076016284991
14088,-0.35863474743845875
14089,-0.5158135759410561
14090,0.6503379793897989
14091,-0.5654376689399254
14092,-0.30658706830238525
14093,0.6653069185083822
14094,0.6782120493687072
14095,0.23377989460396126
14096,-0.9518539509980979
14097,-0.9170915665264823
14098,0.9698645090645419
14099,0.2779222630177337
14100,0.20807720745767008
14101,0.2983770293125103
14102,0.39408756507821285
14103,0.5024779343948679
14104,0.7940063413728354
14105,0.2934660842650734
14106,0.4860678321165941
14107,-0.7427047889725591
14108,0.8231812148893551
14109,-0.29603825851632837
14110,0.7551641707257442
14111,-0.23832213070013133
14112,-0.17634797035573405
14113,0.11257906853695868
14114,0.6133609033829613
14115,-0.1026911043816299
14116,-0.8359702012315681
14117,-0.0033753017059696706
14118,-0.319527880220969
14119,0.2823147448626938
14120,-0.6907547568535902
14121,0.28109203746130496
14122,0.8297261795162804
14123,0.9118568365101927
14124,0.4949185239405084
14125,0.19355102487759265
14126,0.576844403039089
14127,-0.25730583426079306
14128,-0.16373193585678958
14129,0.0754019792461214
14130,0.9468056049145324
14131,0.8642794956999955
14132,0.6779065239226082
14133,-0.46982367293752225
14134,-0.7737275978547329
14135,-0.05034593519843875
14136,0.596039308820826
14137,0.8394484695084682
14138,-0.5797406954304903
14139,-0.001080667252969677
14140,-0.5485419593347107
14141,-0.30094151878690417
14142,0.3782339285200997
14143,0.4010690343897562
14144,0.796717756373873
14145,0.8020196408605001
14146,-0.5156376257749613
14147,0.9453930544845272
14148,0.49180651332289477
14149,0.11363254060475975
14150,0.18098383194930634
14151,-0.04103997291913376
14152,0.053076937139831804
14153,-0.5473482964116203
14154,0.436388016775829
14155,0.2616314804599489
14156,-0.006107136032889814
14157,0.45661540657277266
14158,0.665443642664586
14159,0.08582485261908043
14160,0.72221441270538
14161,-0.9088284551965997
14162,0.8796439493275576
14163,0.2208137669749867
14164,-0.798400923750356
14165,0.08512616638448801
14166,0.15076329984644324
14167,0.7221342098471988
14168,0.36416513544320533
14169,0.4454777820949001
14170,0.8189648652504066
14171,-0.6567491522152099
14172,-0.5640219652081417
14173,0.2966840312234419
14174,-0.7749461947141988
14175,-0.7250075197282609
14176,-0.9359004705760168
14177,-0.2713816413684961
14178,0.09429014164146977
14179,0.38661298966468605
14180,0.1225966092425114
14181,0.803492434388545
14182,-0.5155814170495935
14183,0.1785936826793578
14184,0.4836931869418931
14185,0.39805605973450175
14186,0.25251819979308326
14187,0.26020854495414125
14188,0.042905741618458004
14189,-0.6949254320432934
14190,0.8226949028049693
14191,-0.30246853054098355
14192,0.45228055547936735
14193,-0.5263485467520393
14194,0.6235803709317477
14195,-0.7722374448449061
14196,-0.07474912936325918
14197,0.9218749233120119
14198,-0.5007558732516839
14199,0.7345700367427654
14200,0.024264320031746896
14201,-0.17314698714758106
14202,-0.6781245186645767
14203,-0.4411935103690145
14204,-0.33312691601354755
14205,0.3731640583072718
14206,0.7982310753644196
14207,-0.01125999188639026
14208,0.7229896783752783
14209,-0.40875837957034356
14210,-0.2468954504844082
14211,-0.05232754392957
14212,0.615742402555343
14213,0.7469041609120411
14214,0.11558037724922561
14215,0.5414922858282443
14216,0.5543676644786697
14217,-0.08530488583523704
14218,0.25866609302825755
14219,-0.7806480718898885
14220,0.3343178209452089
14221,0.15244341518269924
14222,0.16182347828023833
14223,-0.2058990531738382
14224,0.19151686004273405
14225,0.19575560509467055
14226,0.3639048116368168
14227,-0.31371290811038516
14228,0.3710366813580638
14229,-0.5351604022181158
14230,0.14734478072508628
14231,-0.13853024790678703
14232,0.8136985528014452
14233,0.2731747418493195
14234,0.7251918397874842
14235,0.028660076841637294
14236,-0.4846591290246393
14237,-0.4592737588735611
14238,0.19351497710011306
14239,-0.35900128482861
14240,-0.7146829002777675
14241,0.9227987777498922
14242,0.6414272658240545
14243,-0.38650747267120333
14244,-0.35651956311311317
14245,-0.49241910439274056
14246,-0.45815743753848975
14247,-0.0862492674618312
14248,0.24043869950462476
14249,0.6368498822932188
14250,0.5183095688905581
14251,0.6016286569052943
14252,0.3132001266084886
14253,-0.032618204642508704
14254,0.6737486248641688
14255,0.33647123904817894
14256,-0.44233225533496656
14257,0.7163483449349674
14258,-0.15324380832631776
14259,0.34171940952150814
14260,0.7430839282584972
14261,0.5553262936389647
14262,0.9876095871741442
14263,0.7310797855777537
14264,-0.5156180903874077
14265,-0.006316258555151217
14266,0.1807667416751743
14267,-0.18506114860607847
14268,0.8792401979222967
14269,0.5070624228964129
14270,0.5795406591774015
14271,0.7608787605419783
14272,-0.8279253120781274
14273,-0.7876853983649134
14274,0.3262953567929723
14275,-0.7877703845651498
14276,0.5148775971130348
14277,-0.6408814441497267
14278,0.04483480208446461
14279,-0.6328867731112277
14280,0.8436440883714671
14281,0.26519959913704594
14282,-0.3158977039371722
14283,-0.8448888635903608
14284,0.18451792065620448
14285,0.26874758430190154
14286,0.5160762209188684
14287,-0.12949110148393894
14288,0.0813088779876208
14289,0.05960508202704571
14290,0.031438314845787164
14291,0.07945387125369154
14292,0.3013617982697565
14293,0.15688195646479655
14294,-0.8991511035447802
14295,0.46612991760983463
14296,-0.4501540397702544
14297,0.3748735192716403
14298,0.3552478002556328
14299,-0.045161807786704124
14300,0.4392750835353963
14301,0.6769427155864525
14302,-0.19441921903372023
14303,-0.5907176065086659
14304,0.22786581765299327
14305,0.8784903327401866
14306,-0.9277694577076167
14307,0.48884699159893097
14308,0.519547073745838
14309,0.516412579260782
14310,0.1213377297189656
14311,-0.09122251036207667
14312,-0.27457967076390916
14313,0.7888811280070033
14314,-0.24437776199376657
14315,0.46004356651622336
14316,-0.5097379328015911
14317,-0.7688600980816007
14318,0.5357537854216604
14319,0.46307302777377396
14320,-0.2926338481445859
14321,0.789839948696335
14322,0.844639651244946
14323,-0.14128115903676644
14324,-0.06556422305104773
14325,-0.052351780818243925
14326,-0.3659446092986495
14327,0.5084641658800715
14328,0.9770880399585092
14329,0.7271933581690889
14330,0.4900322192353337
14331,0.7451664361355306
14332,-0.21739429127669238
14333,-0.8231717334989213
14334,0.4486914476544262
14335,0.18356390902850334
14336,-0.23827960142782564
14337,0.38830171607836644
14338,-0.149518542461489
14339,0.9164030445352512
14340,0.6520315343411711
14341,-0.5733659396784256
14342,0.66089306886906
14343,-0.05436653433848196
14344,0.48298110359825963
14345,0.49253312896935453
14346,0.35210515457328473
14347,0.8103233704303161
14348,0.5542129040511503
14349,0.4645717465036329
14350,0.4478372609896991
14351,-0.44559623100661205
14352,0.48130544843911466
14353,0.35404554177855196
14354,0.22308134630615795
14355,-0.6373530123144125
14356,0.8927900415432496
14357,0.2330788327786637
14358,0.46470290030072686
14359,0.837883373494024
14360,0.5837077359927043
14361,0.5469656423804276
14362,-0.2232938891206466
14363,-0.8685379172679911
14364,-0.22633495911050835
14365,0.8281080224530472
14366,-0.45663758744393784
14367,-0.2672214419544295
14368,-0.8505450527991618
14369,-0.30735599165047545
14370,0.39162660864903964
14371,0.1791761482180796
14372,0.9444540567241049
14373,-0.7747877863155668
14374,-0.3061091298651646
14375,0.3872643710131567
14376,0.6664941008855593
14377,0.9007420251551767
14378,0.6272594745448218
14379,0.1416474028632674
14380,0.5107774402698898
14381,0.5013051466136188
14382,0.28011370243633066
14383,0.6287371459383295
14384,0.08758082180832909
14385,0.3549081654587577
14386,0.11696599654683894
14387,0.38953949215025024
14388,-0.4587493884612315
14389,0.7357522085007003
14390,-0.8297709508003573
14391,-0.694874920279008
14392,-0.37196301523538794
14393,0.5312692891883117
14394,0.471994413557778
14395,-0.18288929375591684
14396,0.2742386655400111
14397,-0.04126073090332704
14398,0.17862013321546147
14399,0.44561211382186805
14400,0.3819319782276199
14401,-0.17552910419190132
14402,0.7551363279922959
14403,0.5160133638744829
14404,0.03633677255157355
14405,0.12414114704883963
14406,-0.2644980527261072
14407,0.07535120200393124
14408,0.5850053378858572
14409,-0.3620994211877755
14410,-0.040800591485275546
14411,-0.7061890944533886
14412,0.9327732917363941
14413,0.4685413952594257
14414,-0.312083472019138
14415,0.05342818857605606
14416,0.5051872878868122
14417,0.8000079354061955
14418,0.2753244061375412
14419,-0.4697173109909766
14420,0.19838629165048272
14421,-0.17135602133386446
14422,-0.5661556130023296
14423,-0.15293758764790924
14424,0.7447443605583972
14425,0.5311210855559318
14426,0.12579574068656538
14427,0.10401871008048892
14428,0.7396270195623972
14429,0.4255334942226501
14430,0.6635517136713172
14431,-0.5053556703762652
14432,-0.9212186681137415
14433,0.7521556103140848
14434,-0.4093013513705717
14435,0.7817154647354285
14436,-0.6308893151448935
14437,0.25885581954205994
14438,-0.6032685789422529
14439,-0.31753206787309074
14440,0.6327771274765034
14441,-0.3008533400722392
14442,0.3804145556760098
14443,-0.2987775021234246
14444,0.666306184259999
14445,0.6287918736160798
14446,0.7313983412057282
14447,0.7594841356095912
14448,0.5323242492173396
14449,-0.1741739674534405
14450,0.36242102970796325
14451,0.1748315520545023
14452,0.10249996567502803
14453,-0.6446544959548585
14454,0.010127612975780662
14455,-0.30658816490434704
14456,0.5900603249541327
14457,-0.1800018138856662
14458,0.29631326468570274
14459,-0.7925172558395545
14460,0.6380556024516848
14461,0.525219858264356
14462,0.023970372480603453
14463,-0.32519443212395666
14464,0.062279155392589186
14465,0.32681935425405406
14466,-0.30830363462974486
14467,-0.7725404089656301
14468,0.6471265076440613
14469,0.9330494780532171
14470,-0.14421374410003734
14471,-0.803887585496833
14472,0.6404187370012027
14473,0.8417916822619391
14474,-0.5377937749131243
14475,0.6352622317964111
14476,-0.10346204059291075
14477,-0.21196116603762674
14478,0.2664722198006743
14479,-0.15575666524092335
14480,0.5825236253240073
14481,-0.6426838401647541
14482,-0.06121438510135803
14483,0.8990297579913911
14484,-0.30681070352242373
14485,-0.43643186711481935
14486,0.6480528609918815
14487,-0.1210534052898631
14488,0.10736002106594078
14489,-0.6573181599389887
14490,-0.46864862024417836
14491,0.9835927639644994
14492,0.46660714392341357
14493,-0.29919603510118237
14494,-0.7381095243590658
14495,0.43477546602116984
14496,-0.6933574298991327
14497,-0.07499190785885133
14498,0.9600777374615838
14499,0.6888329250236315
14500,-0.48513080510467865
14501,0.04124127875882589
14502,-0.034831533851179
14503,0.8896074557581288
14504,0.37100396963654864
14505,0.9208768801006249
14506,-0.7016323169293798
14507,0.906759096864273
14508,0.24337188422807965
14509,0.032145221994253494
14510,0.24592569054178798
14511,0.6064053671230374
14512,-0.13724508247072473
14513,-0.25601520071041145
14514,0.41226046498360897
14515,0.4543665824476165
14516,-0.45639897971577065
14517,0.4285654535515555
14518,-0.5347272211950594
14519,0.7491231183398174
14520,0.582244401270698
14521,-0.6052297248837204
14522,-0.2938137354211669
14523,0.45731306188615095
14524,-0.5202248141161211
14525,-0.737455036257368
14526,-0.42275965774342733
14527,0.8138831444920801
14528,0.013858156978577897
14529,-0.06006110281627816
14530,0.45372672515762885
14531,0.6286605337901279
14532,-0.5920064563725875
14533,0.3200681537088889
14534,-0.40394722986140347
14535,0.4143998241184433
14536,-0.07243583478569758
14537,-0.34558282866723145
14538,0.4542379603545811
14539,-0.3185985380505119
14540,-0.48641610109689526
14541,-0.3829057440711993
14542,0.07917199613193558
14543,0.6187834065546981
14544,-0.6525267458066893
14545,0.4217248044567955
14546,0.18613839254544687
14547,0.6987302128682719
14548,0.9573695312210758
14549,0.13469185890867802
14550,-0.5613391829524887
14551,-0.2513022619363941
14552,0.30587441412277583
14553,0.1342135865879879
14554,-0.2331605064009191
14555,0.5515425394656466
14556,-0.020622539389303203
14557,0.8418388746367754
14558,0.03942579189547546
14559,-0.050574200418037486
14560,-0.3729990316639184
14561,-0.15342442343205723
14562,0.00835947733861769
14563,0.42106546690026486
14564,0.4520938019544893
14565,0.10046781605818506
14566,-0.6183927051424936
14567,-0.7399277199490029
14568,0.010455942940448599
14569,0.19543278145587212
14570,-0.06054563686135277
14571,0.2294099174989104
14572,0.3638174162662013
14573,0.5323690703925738
14574,0.7820175142029063
14575,0.3619093717780844
14576,0.6134416882847019
14577,0.9781993731441015
14578,0.6429132758675263
14579,-0.33780799446289667
14580,-0.11547294321893344
14581,0.24962339287512883
14582,-0.4155310248095379
14583,0.2532769703737571
14584,0.17584588742505838
14585,0.17757691280619586
14586,-0.0007138597691989756
14587,-0.26034084253422096
14588,0.4338880680771397
14589,0.25440299592895266
14590,0.5489054308814472
14591,0.19295090617733118
14592,-0.7725457426892167
14593,0.11319169322986551
14594,0.17711304361023533
14595,-0.33701867416504516
14596,-0.5640005876164602
14597,-0.8084273967968917
14598,-0.6430180772259653
14599,0.6761127077688406
14600,-0.08773772895630885
14601,0.7163360329743986
14602,0.5963000649070371
14603,0.7650245711616187
14604,0.6184051552986265
14605,-0.3034673808379397
14606,0.29297172186212106
14607,0.4051999503646205
14608,0.19009083966587734
14609,0.26050333572542234
14610,-0.1721221323836628
14611,-0.8681880420854092
14612,0.7044444166664897
14613,-0.9174698980961862
14614,0.9650478317859429
14615,0.49669579639644085
14616,-0.5691040161020683
14617,-0.843974127905244
14618,0.9498670185234184
14619,-0.012840356994263608
14620,0.6513706886547111
14621,0.33597329620854605
14622,0.8636394325652007
14623,0.0871199102749271
14624,0.37948234191443536
14625,-0.7700760312557803
14626,0.881362011126468
14627,-0.015138135852874256
14628,-0.15900264635534767
14629,-0.4212058600686266
14630,0.4043462532000994
14631,-0.3381753509196888
14632,0.40765985375426433
14633,0.5598130262691197
14634,0.10172406230033311
14635,0.7761037450576885
14636,-0.1988966788309645
14637,0.37611838461925684
14638,0.7172644232094739
14639,0.5432617496438119
14640,-0.41387650466717485
14641,0.5234295219404214
14642,-0.8287514119132046
14643,0.18455115392911298
14644,0.7378961447929577
14645,0.28712573073082964
14646,-0.08265195187648836
14647,-0.11314063952612263
14648,-0.11456727819273237
14649,0.1634240096425918
14650,0.3535529279263094
14651,0.7529723359186765
14652,-0.5308576500044594
14653,-0.29681117940449975
14654,0.8377666481807671
14655,0.07322597024299679
14656,0.5709700087735361
14657,-0.08400059436105262
14658,-0.6475952096769297
14659,0.7287491324126635
14660,0.5583961012810402
14661,0.6759882837842913
14662,0.40500722105441944
14663,0.6437478994744656
14664,0.4686694234641988
14665,-0.2985020006581984
14666,-0.4623061723625838
14667,0.18772625651553704
14668,-0.07645919270003845
14669,0.4987329215497584
14670,0.5208952475746585
14671,-0.7746601120421686
14672,0.5308564516101771
14673,-0.23804119050925973
14674,-0.3696247378406179
14675,0.6755539922887198
14676,0.16182789022378796
14677,-0.3557689581447344
14678,0.4662831109308922
14679,-0.2678449008342894
14680,0.7418210426334152
14681,0.3378309157514946
14682,-0.07631269259482884
14683,0.06956772788723146
14684,-0.5857670975645826
14685,0.7254773905895221
14686,-0.9583351786561561
14687,-0.5984516489071433
14688,0.5613771992540906
14689,-0.008886470761604148
14690,0.7521108990926151
14691,0.8094979336664171
14692,0.3884665226647942
14693,-0.6824785023874131
14694,-0.3494674612070067
14695,-0.7651690271962232
14696,0.4628242810201964
14697,0.7015538253394314
14698,-0.9688993741404139
14699,-0.13456943352618772
14700,0.3767502528758646
14701,0.5490654566195781
14702,0.5411277783347549
14703,-0.39058926510598235
14704,0.5318019322929453
14705,0.09986493420415034
14706,-0.4902317458202152
14707,0.4734772512863847
14708,-0.20910124087310464
14709,0.8428860638862478
14710,-0.44976844701264485
14711,-0.12893609837739314
14712,0.5674264868622596
14713,0.21369974556527777
14714,-0.4191202375947953
14715,0.24035170809331213
14716,-0.6541088668469842
14717,0.5215099257719529
14718,0.05984755420606259
14719,0.24581456620991926
14720,-0.2017298682335579
14721,-0.15295725991426562
14722,0.34452334273083174
14723,0.387437848843669
14724,0.7290780016110394
14725,0.013540666638819282
14726,0.19922247616262123
14727,0.8756533040995887
14728,0.9606974278730238
14729,0.11037772043191589
14730,0.24085430921066664
14731,0.4572004152416023
14732,0.19788540109869168
14733,0.032443684745501286
14734,0.18586647141019713
14735,0.776939255069106
14736,0.043194766230585185
14737,0.2053517252728183
14738,0.21844095283460685
14739,0.7697010900923177
14740,-0.29980066776975234
14741,-0.09076435935545603
14742,0.4053932998809514
14743,0.90249601651768
14744,-0.5798565970311419
14745,0.28798735945898446
14746,0.7789249109019408
14747,0.5016344131460212
14748,0.26478218089617683
14749,0.12488216622969987
14750,0.3762609519714199
14751,0.20992291059946921
14752,0.058841280785026324
14753,0.9633116394196544
14754,0.14077304288604514
14755,-0.5257266762370855
14756,0.4535636085120002
14757,-0.3838093386171043
14758,0.6583568375253668
14759,0.41501732832387944
14760,-0.6830358084452229
14761,0.31726977935374706
14762,0.16234127301570303
14763,0.6796276344387027
14764,-0.6193906775602449
14765,-0.6882163660573843
14766,-0.7706938416776925
14767,0.9313338002308416
14768,-0.812830780130508
14769,-0.06144206031409742
14770,-0.3930939429622702
14771,-0.24705824941145452
14772,0.7279360206587596
14773,0.11925365928116907
14774,0.5790057799521869
14775,0.3974773247048809
14776,0.059592755686814436
14777,0.46123221605372516
14778,-0.6608790571641752
14779,0.42229697294817
14780,0.6247359957336819
14781,0.10389538768691686
14782,0.39629768915913943
14783,-0.29027423333758196
14784,0.3856870604270881
14785,0.43673353105617296
14786,0.3374848839737683
14787,-0.4791781905490417
14788,0.4259227087392565
14789,-0.7978956492328437
14790,0.47348444892118025
14791,-0.048158027688769346
14792,0.3616185660883616
14793,-0.4949570564617022
14794,0.15158516777512202
14795,0.2886502659148114
14796,0.6306649914395294
14797,-0.4606028963224362
14798,0.8060994799944563
14799,-0.4446103265389527
14800,-0.12812804341613432
14801,0.9322073179698324
14802,0.4449334963584041
14803,0.12337786480122027
14804,0.18948498123859123
14805,-0.6289355607790873
14806,-0.4887914293566019
14807,0.17715312348549572
14808,-0.009489278149331887
14809,-0.48647237837174884
14810,-0.42968425347316286
14811,0.5215839009730754
14812,0.22119924037008673
14813,0.6829146752930458
14814,-0.43694234506540686
14815,-0.2560658433930899
14816,0.786094865516089
14817,-0.2059673987066532
14818,0.8452491891370726
14819,0.8381863827910845
14820,0.44529894893894595
14821,0.4838693335967738
14822,0.08616274498866335
14823,0.30815376133375544
14824,0.8315956634061529
14825,0.2828571108798683
14826,-0.43193156843986913
14827,-0.4710468497084348
14828,0.0681244742254906
14829,0.6139307320676893
14830,-0.5211567842740785
14831,-0.3340680072958036
14832,0.005523010801410063
14833,0.6279404794815225
14834,0.5268292861693374
14835,0.5589059997348405
14836,0.04923808505674589
14837,-0.5265198591052619
14838,-0.2424957866915268
14839,-0.4288635340643544
14840,-0.5372612089283672
14841,-0.5317378990530064
14842,-0.8887676113151901
14843,0.7152073051265312
14844,-0.9086338832671159
14845,0.022765000242805446
14846,0.2932186121871371
14847,0.14304583315593783
14848,0.9544185148007037
14849,-0.3596069524648967
14850,0.763698831151105
14851,-0.0111441429935624
14852,-0.12237942403125365
14853,0.7239082064242762
14854,-0.6495941514951985
14855,0.4292049910538274
14856,-0.8125833968887233
14857,-0.4623977453521022
14858,0.4312345247433137
14859,0.6553854344783304
14860,-0.3617483560027657
14861,0.18269605368809638
14862,0.6601017952350373
14863,-0.18785496348465755
14864,-0.23888956661328395
14865,-0.14279433067565586
14866,-0.12924540217788155
14867,0.45142272919523657
14868,0.8664758300321292
14869,-0.1641908198423501
14870,0.6523595662821495
14871,-0.8504425497932772
14872,-0.06413686088601042
14873,0.2696093590150437
14874,0.3917317166323053
14875,0.8458001963541127
14876,0.5755334069676444
14877,-0.09957000151527352
14878,-0.5719317426502663
14879,0.15388453171391037
14880,0.49396740393705185
14881,-0.5735315572849935
14882,0.719980315353657
14883,0.038657082979144525
14884,0.6638531928518826
14885,0.21006215327263852
14886,0.3440787348767672
14887,-0.5708297016666112
14888,0.38208914041500674
14889,-0.134479106463892
14890,-0.7157826053953833
14891,0.7418991049625965
14892,0.6855931176284626
14893,0.637492512596403
14894,0.6398444643853931
14895,0.44014955085379054
14896,0.24957746502694542
14897,0.0685272414968756
14898,0.7763084445658051
14899,0.7841154937151034
14900,0.01954036507521349
14901,0.28395935901661634
14902,0.15156232318113527
14903,-0.21518241321225884
14904,0.19428058745979337
14905,0.858218870263816
14906,-0.05441047884455182
14907,-0.2742035829154056
14908,0.05340717909255108
14909,0.1737718435534381
14910,0.9904035855207458
14911,0.5942418559631983
14912,0.5107066248394501
14913,0.46739594105953647
14914,0.8714865928986958
14915,-0.38338131565283107
14916,0.28899495513984175
14917,0.5464400377471637
14918,-0.07157548878410802
14919,-0.716385077615388
14920,-0.5945740702480301
14921,0.011383525139001965
14922,0.0519387809707224
14923,-0.5178544141761443
14924,-0.1148222222404625
14925,0.36343042078119614
14926,-0.4642034022746018
14927,0.6844357500024335
14928,0.6757914853121832
14929,-0.5034611540344173
14930,0.9903205630238022
14931,-0.34538477347183066
14932,-0.863904015447996
14933,0.9166551349647523
14934,-0.7226549868786039
14935,0.07969501289381747
14936,0.7316964051971186
14937,0.3218023613641959
14938,-0.7838316602003498
14939,-0.45121107800362154
14940,0.4651953957179279
14941,0.6193681993599491
14942,0.8947498914090019
14943,0.2993735962213438
14944,-0.639870787050717
14945,0.14415303155924497
14946,0.6994672558037228
14947,-0.37108902766583385
14948,-0.014076687601154577
14949,0.4218752558291866
14950,-0.7604313233103327
14951,-0.18608152589834612
14952,0.6222667068978558
14953,0.7702477280654536
14954,0.7655100534576128
14955,0.41739451776852876
14956,-0.32234385073543154
14957,0.4627428630971478
14958,-0.7814637723585742
14959,-0.22833477642328268
14960,-0.12601744987722732
14961,0.17616059412911897
14962,0.3706461182221666
14963,0.7260422644339233
14964,0.020989226778719706
14965,0.47959127894808395
14966,0.882597476243074
14967,0.09645570590248058
14968,0.19867193923925533
14969,-0.5462208563714679
14970,-0.32092765673491586
14971,-0.07554620927780373
14972,0.3832932746389495
14973,0.5442971861937713
14974,-0.1301629643509439
14975,0.6833433860207657
14976,0.11413935675055341
14977,0.2471124877160489
14978,0.574763533010176
14979,-0.6994253285572783
14980,0.43651723497998696
14981,-0.36586694213020826
14982,0.5729318835799517
14983,0.14979335987915723
14984,0.8475995091471151
14985,0.1467962777445071
14986,0.2825656169394471
14987,0.8785891167121326
14988,0.3156477738442289
14989,-0.2945927486946491
14990,0.01546754768329502
14991,-0.848940528796379
14992,-0.06706644628666611
14993,0.8502199822437787
14994,-0.4370356827450901
14995,-0.6293524505607548
14996,0.09546745046107415
14997,-0.12543080022880837
14998,0.8346878986668329
14999,-0.30824304694860905
15000,-0.21344026944007571
15001,-0.39983833583232187
15002,-0.20923492639317007
15003,-0.5936155056792374
15004,-0.5667301338932613
15005,-0.5390984077130447
15006,-0.3786010380140496
15007,-0.5821423628087636
15008,-0.7564133021327762
15009,0.5700083996228565
15010,0.00011099069893731108
15011,-0.7817840444173847
15012,0.2039125070517138
15013,0.628259930345988
15014,-0.6203356197386007
15015,-0.6201237379775177
15016,0.7958570599021036
15017,-0.31610097684162036
15018,-0.07050473691640675
15019,-0.3575072240673578
15020,0.3972686885965008
15021,0.21814007082329537
15022,0.06006814264199732
15023,-0.48068873803596174
15024,0.9409379818854293
15025,0.354276782229934
15026,0.347188160015438
15027,0.22896299873329515
15028,0.7709441860924245
15029,-0.432402913853839
15030,-0.2646631721080452
15031,0.5633329135682621
15032,-0.011084571975625105
15033,0.3476857427725657
15034,-0.3422044659652098
15035,-0.7997441580976107
15036,0.4751021262694219
15037,0.07842608119511991
15038,0.8597592536567673
15039,0.5479079942447564
15040,0.2938204551496838
15041,0.38092561328293145
15042,0.1556174691413312
15043,0.24606028105743621
15044,0.382388632387874
15045,-0.04198842025238456
15046,0.20244762921924486
15047,0.5333586942344565
15048,0.2115808752446182
15049,-0.12152209291678953
15050,-0.921636306478308
15051,0.6082876682639159
15052,-0.07601075847830248
15053,-0.1888223709257694
15054,-0.15002143537371126
15055,0.9813445577274666
15056,0.09870562547036499
15057,0.3545735574536613
15058,-0.4521745823602116
15059,-0.15729696150186023
15060,-0.8887119470478007
15061,-0.6472997463298549
15062,0.8590499372311068
15063,0.63405751706643
15064,0.45045577946411763
15065,-0.23904604631930984
15066,0.5020367585136086
15067,-0.8413388259129837
15068,0.12122667226517594
15069,0.7732349155581539
15070,-0.7747666597084687
15071,0.2745645686968994
15072,0.9814191026972056
15073,-0.9270656727570309
15074,-0.2521530292423526
15075,-0.6377006014792672
15076,-0.2153428809368857
15077,0.0005894092227105479
15078,0.5537588267425101
15079,0.33861373397985745
15080,0.4677790834906641
15081,0.7867399323792248
15082,0.6602108640722613
15083,-0.371799783754578
15084,0.2771806838356936
15085,-0.37932825843536383
15086,-0.029187936536028736
15087,0.30152516107109906
15088,-0.2261901192516698
15089,-0.773819694187134
15090,-0.007061049942116234
15091,0.7303045165556026
15092,0.3701282067444412
15093,-0.4091274568972672
15094,-0.2853225027491801
15095,0.06607026307088809
15096,-0.6573231326398058
15097,-0.10377411586329145
15098,0.32474732542984214
15099,0.47257903770180026
15100,0.3589110597056501
15101,-0.019083691108953978
15102,-0.11813909957022731
15103,-0.19487630029965297
15104,-0.05539444698260729
15105,-0.46661710121663286
15106,-0.13812872098436815
15107,0.2788578023061377
15108,0.558293935258473
15109,-0.23815537906372938
15110,-0.45226257294714217
15111,0.353490513935801
15112,0.5987498378887264
15113,0.13940411725614554
15114,-0.5195156877024714
15115,-0.05799288018525819
15116,0.25650258809589405
15117,-0.21257254138317172
15118,-0.5801698063992994
15119,-0.261052980692152
15120,-0.09200165998079891
15121,0.5871932267095433
15122,0.24784199195641793
15123,0.4409696679160946
15124,-0.5082590904574412
15125,0.7371430648098564
15126,-0.02148786943431955
15127,0.963197766197099
15128,-0.17391562615639267
15129,-0.016030611938170805
15130,-0.4087081004294676
15131,0.5593305202068435
15132,0.9315011822001932
15133,0.11074131309390817
15134,0.9021619527831474
15135,0.3121279714047226
15136,0.5697430492621759
15137,-0.33371635888750567
15138,-0.6040740562296011
15139,0.6580145935747489
15140,0.600299072037341
15141,-0.7385114438719617
15142,0.6735651082747782
15143,-0.6616705087315653
15144,-0.011133438394115097
15145,-0.1146783423712674
15146,-0.6697476695416262
15147,-0.3111118030899299
15148,0.5043528760684128
15149,-0.7172462941645346
15150,0.4081545114277351
15151,0.03806082664051964
15152,0.3471306148124754
15153,-0.015816508510487645
15154,-0.4652863089460261
15155,0.4292737947542556
15156,0.20247982522068747
15157,0.19098462106028527
15158,-0.16621616454582297
15159,0.16612924749668362
15160,0.0507098180345214
15161,-0.2604203061090844
15162,-0.25652474141311266
15163,0.837390811713308
15164,0.5484585796816336
15165,0.33451166211831407
15166,-0.18280340566709097
15167,-0.05554473826860837
15168,0.7503134512567956
15169,0.3144098307357817
15170,0.10568663340312404
15171,0.3376122178073202
15172,0.4459526711850788
15173,0.5773523578727783
15174,0.5504108433854488
15175,0.8836812155358734
15176,-0.825523043490922
15177,-0.5913861984789678
15178,-0.709939870175134
15179,-0.04622809223555133
15180,0.3788311969026422
15181,0.7540439539449817
15182,-0.3812699926597016
15183,0.08953220940339478
15184,0.31689500431033246
15185,-0.2619467264517271
15186,0.6292876881220077
15187,0.37660902322062856
15188,-0.5340707430018583
15189,-0.46481315620750047
15190,0.21177122168463414
15191,-0.3069525314530159
15192,0.16102323761145626
15193,0.5800699382348928
15194,-0.040933056074641726
15195,0.6634828966944772
15196,-0.02087153977910777
15197,0.09113793962102992
15198,0.07543760493608527
15199,0.2130959836576849
15200,0.541659263602958
15201,0.7203079022479995
15202,0.32809198527873173
15203,0.9164641426653887
15204,0.4153927735918313
15205,0.8872612360521999
15206,0.20605721773884603
15207,-0.6862012666911449
15208,-0.14177380103801954
15209,-0.6393271955259445
15210,-0.8529170691194025
15211,-0.5112216440712415
15212,0.05228673593014117
15213,0.38505531914902225
15214,-0.2241839282888893
15215,0.4117935337213555
15216,-0.12544613520603792
15217,-0.18440291328086547
15218,0.12115951512419726
15219,0.5319542172165108
15220,0.7862855950857458
15221,0.6727611967652393
15222,0.21912850570529377
15223,0.5359873258600085
15224,0.4906145740826881
15225,0.228570706192314
15226,0.6204705497791158
15227,0.8096769711360426
15228,-0.18821619674140047
15229,0.4202894945240956
15230,-0.10087871210414136
15231,-0.45037146909182396
15232,0.5510746100133043
15233,0.051984894735749874
15234,0.5482313567666155
15235,-0.4735422466194076
15236,0.49062774978436074
15237,0.3039448555936152
15238,0.18853444542690825
15239,-0.8103316742586957
15240,0.6838340215339862
15241,0.18361737957688595
15242,0.019319174403738072
15243,0.15264450578058353
15244,0.7381853698283835
15245,-0.45850444888583053
15246,0.19675054969885014
15247,0.3118655249002783
15248,-0.43089133204907915
15249,-0.7271341919858593
15250,-0.009000679220779496
15251,0.5864258620482242
15252,-0.8213860036479184
15253,0.3399701830553676
15254,-0.46416541326354244
15255,0.9180039326274916
15256,-0.7025692103573611
15257,-0.6836697001178863
15258,-0.39710210122378653
15259,-0.7575148805107783
15260,-0.1279891670641438
15261,-0.0785487082591282
15262,0.2712266237641573
15263,-0.708894434348875
15264,0.7599225575676933
15265,0.11195240446074903
15266,-0.0564770790965977
15267,-0.07086865232719755
15268,0.010528541341602743
15269,0.03719888409178797
15270,-0.40211591747080205
15271,-0.6969607681827895
15272,0.605808210281545
15273,0.8231432167518759
15274,0.5169084697791817
15275,0.6508609601480283
15276,0.6647384545670351
15277,-0.34737722509370556
15278,0.5197963740237507
15279,0.5918842742635547
15280,0.3926506294504229
15281,0.7232925684518898
15282,0.03652924450312173
15283,0.6727246702754962
15284,-0.932431077946224
15285,0.7897278918018414
15286,0.10313132672558564
15287,0.3222222312728076
15288,0.13460321240113743
15289,-0.7808364364976399
15290,-0.14348265780303823
15291,0.7648475534333761
15292,0.3969070062709508
15293,-0.34658593610635147
15294,0.40894736698691125
15295,0.20215843326804364
15296,0.7261004875627861
15297,-0.316011359414301
15298,0.5947026294874568
15299,0.49995150217473555
15300,0.07256957781225859
15301,-0.7229343324045014
15302,-0.020684543883088137
15303,0.9748124596175024
15304,-0.28663371602514026
15305,-0.25020479100323706
15306,-0.5463368101976309
15307,0.4300405878295228
15308,0.20795127950252834
15309,-0.34567765918878673
15310,-0.4303255092529936
15311,0.7337292992080604
15312,0.7692548823774118
15313,0.08689555996287653
15314,0.2525970664617963
15315,-0.08169757979180657
15316,0.11048545283792019
15317,0.15199871338357554
15318,0.5077170762928298
15319,0.2230291077356721
15320,-0.17147469508329766
15321,-0.3801075235640162
15322,0.45273159636150473
15323,0.7521281493114027
15324,0.18898631851433262
15325,-0.32273887096888254
15326,-0.18258092417619864
15327,0.16757995193404734
15328,0.6075317458280991
15329,0.290380672568568
15330,0.3231448128447797
15331,-0.3648568700709141
15332,-0.02016769687433765
15333,0.4045861666857368
15334,-0.4797973935949065
15335,-0.31293478102302413
15336,-0.910148182830285
15337,-0.09754094895026803
15338,-0.7420371847758575
15339,0.2792207651582173
15340,0.5104324155127946
15341,0.09478754370651563
15342,0.5495294236776722
15343,0.4453644325064617
15344,-0.19806032038536694
15345,0.21488747116668785
15346,-0.21709622724942584
15347,0.7434995410339807
15348,0.6743542053329326
15349,0.33222373349662576
15350,0.9503886331530905
15351,0.45482834828306057
15352,0.2569423591909348
15353,0.27900180274308467
15354,0.543511075384994
15355,-0.42494902488018615
15356,0.6593234068679394
15357,-0.2949666999032068
15358,0.15287582563666577
15359,0.37236296372652283
15360,0.4885994355834612
15361,-0.12206076259459568
15362,0.004354551639430223
15363,0.5070966103811463
15364,0.7288653700342813
15365,0.4803317832159137
15366,0.7879131138784181
15367,-0.21668228420412053
15368,-0.8098457919750965
15369,-0.7031121961314086
15370,-0.8115637177971622
15371,0.2830865374798034
15372,-0.2942753997127659
15373,0.32651860204680144
15374,-0.33073704197431747
15375,0.8668240028952743
15376,0.2239037848019698
15377,0.45364160766992806
15378,-0.5543741721715361
15379,-0.3383068636693957
15380,0.4725948088912659
15381,0.02682170021576166
15382,0.5922300573383303
15383,0.1082974299950395
15384,0.6924943781336232
15385,0.2054970001755383
15386,0.42715333467383515
15387,0.5583090152377135
15388,-0.7920333917913615
15389,-0.2599395362796468
15390,0.35503645235324344
15391,0.5300589878500511
15392,-0.1504351963255195
15393,-0.4358860104136454
15394,0.7770265048258123
15395,-0.15494022669620644
15396,0.51090621219832
15397,0.9678273779463679
15398,0.8463837892716106
15399,0.08769833616938333
15400,0.7106775031238578
15401,0.478928146565047
15402,0.4658470651615385
15403,0.17267019357256008
15404,-0.1845635810710166
15405,-0.5053408499571614
15406,0.8306040329150125
15407,-0.746277821651208
15408,0.08727733921861863
15409,0.4636947322610814
15410,0.8725268335837426
15411,0.21340786637348041
15412,0.2229113384126568
15413,0.8221524906945626
15414,-0.30527762341878995
15415,-0.4977187359319902
15416,-0.16809362872094347
15417,-0.1301309240046224
15418,0.9848433751470949
15419,-0.4809942452072508
15420,-0.28911837029564275
15421,0.3778348506391338
15422,-0.10176129127836196
15423,0.2964361319057328
15424,-0.3541442769989258
15425,-0.5782473040525626
15426,0.6162726518036538
15427,0.8652649684652819
15428,0.6995202886431966
15429,0.3668941306680282
15430,0.4381238950104888
15431,-0.8881972263493478
15432,0.34766515832636957
15433,-0.6099320695174008
15434,0.7616897162996343
15435,0.6003996708133631
15436,-0.16331946360666783
15437,0.9877258545458747
15438,0.3137584718806668
15439,-0.05973250206613779
15440,0.9140149639485405
15441,0.6812302291444582
15442,0.4408294981457167
15443,0.24150482069922158
15444,0.7881867394712215
15445,-0.5162525997542805
15446,0.4929847744466088
15447,-0.3436596505705295
15448,0.18628819169146543
15449,-0.9851483865486362
15450,-0.46127994054862026
15451,0.3650700570471724
15452,-0.40483256203405615
15453,-0.60934680094551
15454,0.23779401114254256
15455,0.2917897474550893
15456,-0.7833449301795654
15457,0.599984665239834
15458,0.2961362948243721
15459,0.7350450301023209
15460,0.4248093953011026
15461,0.9671951495871456
15462,-0.6894730498755685
15463,0.25521973598925013
15464,-0.00149516648940056
15465,0.6036330941289062
15466,0.4170515606380842
15467,0.5472723449659628
15468,-0.49459120088574987
15469,0.2668311718717699
15470,0.3249612802947073
15471,-0.8972498003951271
15472,0.1630436704970031
15473,-0.31939453292574893
15474,0.4311996896216403
15475,0.060417768651980265
15476,-0.6198389956618857
15477,0.4795977364842602
15478,-0.22228444593633392
15479,-0.6322532053488041
15480,0.7749361520380534
15481,-0.15210209691435367
15482,-0.11443630137748119
15483,0.006125373767352837
15484,-0.18859837542448207
15485,-0.8779534344559222
15486,0.48246650144679676
15487,0.021586885845257874
15488,0.0785753180866066
15489,0.9874799121849281
15490,-0.6042099301542648
15491,-0.206009659460261
15492,0.25531099821160014
15493,0.3898527697519478
15494,0.285971545836102
15495,0.19240381307710822
15496,-0.7244908308849003
15497,0.40449649279319344
15498,0.908705516931533
15499,0.1884732232501324
15500,-0.6090550072507496
15501,-0.7872995432988427
15502,0.7103872458553414
15503,-0.6134611494361448
15504,-0.7250511174861902
15505,0.8842777267855688
15506,0.5313174428499677
15507,-0.13759748197642535
15508,-0.5573215090850068
15509,-0.06757056844530393
15510,-0.3275355021584973
15511,-0.20341024853996198
15512,0.7984526771495739
15513,0.8342993656654577
15514,-0.11535777494536342
15515,-0.1866550650081012
15516,0.5830339945790586
15517,-0.01953666519840809
15518,0.4475687232836678
15519,0.914147850584107
15520,-0.6244859092412636
15521,-0.7071488300802525
15522,0.7387079028847463
15523,-0.2635352746799715
15524,0.2779748362381805
15525,0.20726818447889692
15526,0.25220651598512633
15527,0.401820656366448
15528,0.09941578677644845
15529,0.4190722443752017
15530,0.920140876558086
15531,0.4735400436296243
15532,0.64106003139233
15533,0.07632383071013996
15534,0.6215179849443494
15535,0.703517796747705
15536,0.16395235948507383
15537,0.07109102143512881
15538,-0.5624274538979219
15539,0.10760497290106164
15540,-0.6600210026377731
15541,0.5223288714536612
15542,0.4892835191819379
15543,-0.2847174742802512
15544,0.7673041578247154
15545,-0.49903003619683917
15546,-0.13004082302668948
15547,0.15876977280936463
15548,0.5883115220284689
15549,0.8055064504325586
15550,-0.45101670053095166
15551,0.3197659646912249
15552,-0.6846976227597404
15553,-0.3056190490761412
15554,0.4388614081923958
15555,0.13622209076085517
15556,0.6357726648678774
15557,0.1144743900715283
15558,0.7862783235479968
15559,0.19517873295558114
15560,0.32444222242605897
15561,-0.12528575230748595
15562,0.7713353597881211
15563,-0.46573051836953144
15564,0.8484473505954406
15565,0.7116320804226179
15566,0.4695096193799327
15567,0.6438927317812311
15568,0.3744552238531111
15569,0.09731089382877788
15570,0.645043468510359
15571,0.1340184144828979
15572,0.7604314663776542
15573,-0.6453264514745429
15574,-0.2824052858297198
15575,0.6365190039531977
15576,0.771120811677447
15577,0.07947861758684922
15578,0.6990302582359429
15579,0.7161276441845311
15580,0.5484630046572028
15581,0.13551432997771695
15582,0.6802162801863795
15583,0.10429839343994733
15584,0.4650690064647272
15585,0.8488711963624083
15586,0.20207284523627217
15587,0.9191505527233663
15588,-0.037194688644297674
15589,-0.029027828563230707
15590,0.48125813363732983
15591,0.8998452683878372
15592,-0.4218343745695348
15593,0.6950655064841573
15594,0.015525887745504594
15595,-0.34110961670494344
15596,-0.12829646067587708
15597,-0.2508328590118547
15598,-0.6372641361383975
15599,0.4813400712544836
15600,0.9301025866971034
15601,0.6312413291365925
15602,0.6809833169411851
15603,-0.150747672102126
15604,-0.2683159133722395
15605,0.3205077304575737
15606,0.4221778425162683
15607,0.7719889069739532
15608,-0.09527180621426173
15609,0.0319184115236214
15610,-0.6826176979800724
15611,0.9543476168312155
15612,-0.1844261856618672
15613,-0.1305210627666934
15614,0.453271894407501
15615,0.1571125125895154
15616,0.8122318754610794
15617,0.5480474275416058
15618,0.6255781487236053
15619,-0.5697194279185839
15620,0.7760137209282114
15621,-0.23308727903292153
15622,0.8459531759529865
15623,0.05574502360670757
15624,0.6134331434204024
15625,0.7946625976456031
15626,0.26296227839945036
15627,0.6301117219442782
15628,0.900841833008108
15629,0.3930843379041607
15630,0.6573841938763189
15631,0.34288741006874657
15632,0.012654301781248323
15633,0.5961693232890035
15634,0.5118364906357913
15635,0.2919808875867502
15636,-0.009219205408440801
15637,0.22777189888511734
15638,0.6940506016112917
15639,0.4803045871765503
15640,-0.0682695913559298
15641,0.9034716150499635
15642,0.14989265185302175
15643,0.6408819283462376
15644,-0.01790332023806312
15645,0.5830211131020848
15646,-0.3156806469170311
15647,-0.07886585479790408
15648,0.7666998590515967
15649,0.9783077035932064
15650,0.7204490369993982
15651,0.1364234523640765
15652,-0.04200450856805092
15653,0.005935581269778513
15654,0.14582840270154027
15655,0.49514053073543407
15656,-0.49758375969098145
15657,0.6927851102650415
15658,0.1018477258634541
15659,0.08703892454410339
15660,0.4367305355107109
15661,-0.10011899417816286
15662,0.00151843058527844
15663,0.5437421283135998
15664,-0.7404961316247333
15665,-0.2705653646663791
15666,-0.6633289103643109
15667,0.16590170165067672
15668,0.11974356333095089
15669,-0.4091476085310648
15670,0.8065489395578931
15671,0.20410564520925267
15672,0.2662351187963964
15673,0.8388088388419718
15674,0.692553372799235
15675,0.561963700420141
15676,0.6969682900411008
15677,-0.03845448940196176
15678,0.4594588197822584
15679,-0.1755506102519882
15680,0.1050402311179744
15681,-0.22639583807258198
15682,0.16031767737425753
15683,0.7364965041201751
15684,0.5883956547406857
15685,-0.10567396279461741
15686,-0.6619448364854631
15687,0.563649763577705
15688,0.8686116274483999
15689,0.6035318225902814
15690,0.46023352139793317
15691,-0.41436411443506743
15692,-0.37962937529192997
15693,-0.6326069090079853
15694,0.6241380517527513
15695,0.4060103204759471
15696,-0.34869684945588514
15697,-0.29771649560170194
15698,-0.4591179574626926
15699,0.9063622991745613
15700,0.693355118682065
15701,0.5935365660086681
15702,-0.3079117987965583
15703,-0.49621518073572224
15704,0.6376107168590547
15705,-0.2131558856803489
15706,0.2133297816995312
15707,-0.0699610801330817
15708,-0.09202820592719024
15709,0.1248871527800784
15710,0.4667813125995045
15711,-0.35039411981447294
15712,0.20303228951461563
15713,-0.12801074448430189
15714,-0.03144669883878564
15715,-0.031554275906191115
15716,-0.8205206393746023
15717,-0.8434476477741294
15718,0.5740339570908738
15719,-0.7845935064769894
15720,-0.32817875568585625
15721,0.07459250610998532
15722,0.6771309233401052
15723,-0.15770405126706047
15724,0.5771878897504141
15725,-0.16908373380016684
15726,0.8084424465667416
15727,0.14045774780355683
15728,-0.3331503152338805
15729,0.4656164095264709
15730,0.5460148687803676
15731,-0.1385963173890671
15732,-0.10214465192551235
15733,0.603974639647118
15734,0.0886688579298895
15735,-0.27105225135787
15736,0.8401688285595965
15737,0.44127272256945754
15738,0.12412148499912086
15739,-0.7091863612417506
15740,-0.30466303465115985
15741,0.3470332098811461
15742,0.9524968709331405
15743,-0.548875018697176
15744,0.0009284551046298618
15745,0.3958378129644475
15746,-0.884919372316624
15747,0.16988383832983692
15748,0.9490280324353836
15749,-0.14264119568961162
15750,0.8394440724664413
15751,0.28863075254678056
15752,0.6427261333418444
15753,0.18945777285735707
15754,0.5127499125030002
15755,-0.8390394675515563
15756,0.6093185717854229
15757,0.9187240132843113
15758,0.9276012968886465
15759,0.9068063337350984
15760,0.14916875993531295
15761,0.9001257375132946
15762,0.3527999255650589
15763,0.30243312883108503
15764,-0.13835901040766
15765,-0.35703545607737963
15766,0.8869736012025851
15767,0.3566802658024437
15768,-0.31045476092141505
15769,0.2761323474360871
15770,0.739711619000423
15771,0.20107064382350626
15772,-0.5756756492957167
15773,0.7699370353965286
15774,-0.6820858451200384
15775,-0.32092070708044407
15776,-0.7387651409269578
15777,0.1534960300079992
15778,0.13305500680249707
15779,0.02688659739547701
15780,0.6343395072138934
15781,0.9565808818825331
15782,-0.59664105842218
15783,0.5825855567179273
15784,-0.8171725669928318
15785,-0.18738517793097295
15786,-0.04674256889578589
15787,-0.11494848351315025
15788,0.7365908119616104
15789,0.22816859303752454
15790,0.5277254722311489
15791,-0.8728534423328682
15792,-0.6574939826627486
15793,-0.15804769951336273
15794,-0.1356544219645589
15795,-0.9472775260011608
15796,-0.06152820886995742
15797,0.7840471214861208
15798,0.5821728645962602
15799,-0.21710077849620937
15800,0.5873707813895552
15801,0.8363261484457997
15802,-0.19315434778200585
15803,0.7329527086054435
15804,0.1772780008308304
15805,0.8018172680554735
15806,0.36977416630509297
15807,0.30145203406892834
15808,0.15134987734604105
15809,0.5020816389039205
15810,-0.1801527751894429
15811,0.1288531070862213
15812,0.562856423358102
15813,0.6051613296145811
15814,0.2696265597312561
15815,0.2916428629892194
15816,0.5656217010684539
15817,-0.09125957690317105
15818,0.07760406759122404
15819,0.010594391219958423
15820,0.07376971972877068
15821,0.3527412127802631
15822,0.3274449652057962
15823,0.426518390821081
15824,-0.7085383558428839
15825,0.15801762008330844
15826,0.3435062469043595
15827,-0.2634513731775076
15828,0.7110077516702397
15829,-0.18595649653173033
15830,0.6052840685545424
15831,-0.74925678688815
15832,-0.5183994833177976
15833,0.2817502315038061
15834,0.7519520322538203
15835,0.6484470092089861
15836,0.43611526822935176
15837,-0.27570922687529986
15838,0.5552391752850745
15839,0.5229515846614211
15840,-0.38653981267433507
15841,-0.39564446526692876
15842,0.708792900991145
15843,-0.1832324883409193
15844,-0.9198986053183533
15845,0.9533019698164029
15846,0.8455293588430988
15847,0.5774209918084731
15848,0.23850743253800047
15849,0.6832920792289618
15850,0.4357220625975133
15851,-0.8101669798034655
15852,-0.6344064698823415
15853,-0.4558004091948778
15854,0.4036232026283422
15855,0.781174788539206
15856,0.4040150775564187
15857,0.21960421523063645
15858,-0.44554635283637406
15859,0.8377839326783644
15860,0.3343033626070513
15861,0.6397917794617148
15862,0.5315123297397026
15863,-0.17547119755607368
15864,0.5401733924376775
15865,0.1385787020321668
15866,-0.13030373484914662
15867,0.6298832634483781
15868,-0.8597087610424056
15869,0.6117096721758367
15870,-0.10926005473188367
15871,0.02845497895928716
15872,0.36028711730528395
15873,0.5955479271180578
15874,0.13894269239585622
15875,-0.14916893169378712
15876,0.3611321883479346
15877,0.32061526663407436
15878,0.60931539675186
15879,0.767375303300122
15880,-0.1582138658946553
15881,0.6222549535239437
15882,-0.7857981835279823
15883,-0.37855301585913825
15884,0.38837616867054026
15885,0.6720994662384568
15886,0.01133402070955938
15887,0.6944247013516961
15888,0.7241978490254946
15889,-0.17534022220217502
15890,0.9639722993765534
15891,-0.1689501661253671
15892,-0.524352333940142
15893,0.02048241057908177
15894,0.22486275834544756
15895,0.9008687908659773
15896,0.563888821582663
15897,0.34192494255403005
15898,0.7825957417979765
15899,0.36221992994466967
15900,0.07490786354355236
15901,0.24239398748390864
15902,-0.11690186482611069
15903,0.7998684679411943
15904,0.09085270511828152
15905,-0.3471690639887665
15906,-0.0958181308701139
15907,0.4365220019815038
15908,-0.24213419473354764
15909,0.8048602775977882
15910,0.3330055799421641
15911,0.2612609297494062
15912,-0.227987473228364
15913,0.2619172277577151
15914,-0.23916285804841325
15915,-0.059139184288267636
15916,0.8576140988409419
15917,-0.845078607876456
15918,0.5008111113373611
15919,0.47039350321056245
15920,-0.44129239041113005
15921,0.21221658274568436
15922,0.3537854423927719
15923,0.18863289520683585
15924,0.09128506000380254
15925,0.3800246347849421
15926,-0.07276787824848739
15927,0.6989737111053426
15928,-0.47289866232236644
15929,-0.8386195878987222
15930,0.3421020258620961
15931,0.18103289790838378
15932,0.05613686106955921
15933,0.11960508749038445
15934,-0.6147038746923563
15935,0.02643382691926831
15936,0.6934114176620041
15937,-0.13614634400897854
15938,-0.11034943990356572
15939,0.2610292835512275
15940,0.8544649937627898
15941,0.9096581134272028
15942,0.491521004974736
15943,-0.7501073978675831
15944,-0.8401233151328193
15945,0.4534001435247896
15946,0.48525660348818817
15947,0.2006501701562782
15948,0.4213625298762902
15949,-0.2579456871311062
15950,0.9495581330016211
15951,-0.24857169777491916
15952,0.2130363555912897
15953,0.27821840672927706
15954,-0.5482994813685359
15955,-0.6069664720539281
15956,-0.6991532146812579
15957,0.6188429024684017
15958,0.13071683610232535
15959,0.9940652585168562
15960,-0.1179598082597633
15961,-0.5369561861031878
15962,0.36530453674120783
15963,0.47318912670622326
15964,-0.15199741330457966
15965,0.7022231661485225
15966,0.4902595475971416
15967,-0.13493295652769083
15968,0.38079398612270415
15969,0.004030043199586348
15970,0.6225682854817304
15971,0.7200466824492252
15972,0.8089251506107326
15973,-0.11380635662399814
15974,0.9133455401725141
15975,0.05679807482403079
15976,-0.6430467238398362
15977,0.9806775032920423
15978,0.35337625013249674
15979,0.17961310903587618
15980,-0.2435463447639359
15981,0.3306666709361854
15982,-0.02194134343796952
15983,-0.26370078174192163
15984,-0.38340216364225865
15985,-0.12333830821589042
15986,-0.05378670730757437
15987,-0.36998661085556034
15988,0.5779801570682654
15989,-0.08797718933044121
15990,-0.8908418077440213
15991,0.8479167048351941
15992,0.43012370363162716
15993,0.09791623406500007
15994,0.3855506175903076
15995,0.1994227802979029
15996,-0.5789653955983644
15997,-0.47258258351485366
15998,-0.2460663216024723
15999,-0.1590367637416996
16000,0.7234058202143587
16001,0.16843415298555062
16002,0.6328163994748424
16003,0.5910922249669421
16004,0.8811740769496061
16005,-0.49879223687517177
16006,0.7629571714755023
16007,-0.011718482498210652
16008,0.3067427516699704
16009,-0.5713935624325641
16010,-0.48010933576028103
16011,-0.05062985750884642
16012,0.7835724016934293
16013,0.19880552104513008
16014,0.36064879832212726
16015,0.6162208252450584
16016,-0.1963712296291217
16017,0.5343742576379538
16018,-0.21274867469826908
16019,0.7336860534298136
16020,-0.23271874690671018
16021,-0.8114578593789094
16022,-0.26979702527021276
16023,0.5892987409860366
16024,0.2991632596724533
16025,0.3128691993688886
16026,0.9398424488856335
16027,-0.8744968826263408
16028,0.37361848130457753
16029,0.7513939364710311
16030,-0.40146329049741697
16031,-0.16071918947084413
16032,-0.10374467067439139
16033,-0.6596577966761721
16034,0.03234132883796817
16035,0.4426230332823087
16036,0.8195836759640354
16037,-0.2115422907236043
16038,0.33282841231205584
16039,-0.365062840483572
16040,-0.23696540279950856
16041,0.5999839667541542
16042,-0.15366280552888015
16043,-0.27599143794054015
16044,-0.5969413779488614
16045,-0.029497701922643376
16046,0.7779135437650201
16047,0.014659916593575134
16048,0.11900809530283923
16049,-0.2965008132222423
16050,0.9322357538990534
16051,-0.5441920359973325
16052,0.735200369541862
16053,0.5522005044898468
16054,-0.5832516064388746
16055,-0.005671141439342655
16056,0.776299782530836
16057,-0.3650955976174079
16058,-0.3681602329052326
16059,0.34351798240028325
16060,0.9203689822534992
16061,-0.6894204070149714
16062,0.8734638023467859
16063,0.3131544132480048
16064,0.7941442066809834
16065,-0.7258352447782294
16066,0.13938985629752337
16067,0.7428498121177315
16068,-0.8653755892018853
16069,0.35121122888614137
16070,0.5279686744649669
16071,-0.911800766482859
16072,0.8626841074966631
16073,0.2550463215820224
16074,-0.8842884881252014
16075,-0.44362966129276654
16076,0.7497625292036519
16077,0.7824530550418473
16078,-0.3023124569740135
16079,-0.8378765418561029
16080,0.7615414324816364
16081,0.4797750074958246
16082,0.15615932708599622
16083,0.8890772568974558
16084,-0.1495320709827317
16085,-0.7528631033958949
16086,-0.5224354329822509
16087,0.043937941117666135
16088,0.6352593051284063
16089,0.9005706821550009
16090,-0.33190170703848687
16091,0.6105104471572339
16092,0.6111027220855858
16093,0.23256777256127908
16094,-0.4127829610197824
16095,0.506929619918581
16096,0.530355355263192
16097,0.9153261570789536
16098,0.5362765902133635
16099,0.6405358967702642
16100,0.142778774000401
16101,-0.45529572281322733
16102,0.11155170460362766
16103,-0.46894595421961116
16104,-0.8679090542408043
16105,0.79139215642109
16106,0.22711435699252536
16107,0.41333926498958645
16108,-0.23042366510142276
16109,0.21925676449221818
16110,0.8730644075679952
16111,0.9298056665614782
16112,-0.15796934336811075
16113,0.913323932664688
16114,0.8542720364194755
16115,-0.5171446768798947
16116,0.14651448780283474
16117,0.5597123211203294
16118,0.3137301602336571
16119,-0.9460109965361574
16120,0.013490560342958377
16121,-0.08859075318935557
16122,0.776829880514142
16123,0.8461068995623695
16124,-0.32505276220944057
16125,0.5683781408592518
16126,-0.597406919830192
16127,0.7668286231415242
16128,-0.7467279157628351
16129,0.25231552629710263
16130,0.2837047472553772
16131,0.4463257642378195
16132,-0.5420483315831758
16133,0.4876943629163895
16134,0.30034816273656345
16135,-0.7156216840355037
16136,-0.15625879782241095
16137,-0.30142192232285203
16138,0.8047205501767131
16139,0.6583507265074618
16140,-0.47701666390625413
16141,0.8137983660925702
16142,-0.29105346222393225
16143,0.24701810706085842
16144,-0.36205933056347855
16145,0.8442099195054751
16146,0.8006832014131589
16147,0.5925936700988265
16148,-0.36224766020028715
16149,-0.01099014061275622
16150,-0.5396682895869158
16151,0.5205886267043538
16152,-0.21620018854442646
16153,-0.34728559582951496
16154,0.6268355052476907
16155,-0.8078387628208671
16156,0.05020188603914789
16157,0.8234792061575105
16158,-0.1708892213350423
16159,0.47277234193634576
16160,0.7095310708365103
16161,0.09459883363008971
16162,0.010961869830326897
16163,0.9020590958225908
16164,-0.8179890238915345
16165,0.8062313286895574
16166,0.43455866088584416
16167,0.8977399525522677
16168,-0.2759752104709416
16169,0.3620560239769836
16170,0.12226539613964595
16171,0.8220149481711118
16172,0.6145914000512633
16173,-0.576280964469109
16174,0.07758595209874579
16175,-0.025183361158797064
16176,0.5913114543615308
16177,0.16863533683037876
16178,-0.023076471270978265
16179,0.7278383416238959
16180,-0.04510872221557695
16181,-0.37242058509242726
16182,0.8922868873689794
16183,0.2577646674638823
16184,0.8393233203940429
16185,0.013850276266850314
16186,0.7048238808347292
16187,-0.3945712307082746
16188,0.42234658514716067
16189,0.40140040862243986
16190,-0.6113610583431857
16191,-0.07139845606547963
16192,0.455793651413903
16193,-0.7172966285289898
16194,-0.18664925484337994
16195,0.3802328451965522
16196,0.5337653402168896
16197,-0.7069889828330775
16198,0.40835588190154876
16199,0.40400760471256325
16200,-0.7391309048148035
16201,0.007096550389002945
16202,-0.15051988039121653
16203,0.3110205978268243
16204,0.7951553318133489
16205,0.6722402253553852
16206,-0.979718912898671
16207,0.7408454706071442
16208,-0.13226963918226473
16209,0.26625056534966074
16210,0.013494702195978136
16211,-0.31954146346026396
16212,0.8306440353986909
16213,-0.6854221489274342
16214,-0.18563969148434456
16215,0.6939640053133539
16216,0.7381102318257473
16217,0.5796073731899565
16218,0.7356419572859565
16219,-0.46322992989115286
16220,0.5262370741484222
16221,0.8021141782620839
16222,-0.7317864556805798
16223,0.31313972774916277
16224,0.68390813635075
16225,-0.06678494628598107
16226,0.7972725706604846
16227,-0.4090575621917107
16228,-0.07097105942941076
16229,0.5971086670377632
16230,-0.0674949648282898
16231,0.6881161719895054
16232,0.4496910921249995
16233,0.24099510763465906
16234,0.3857437920203832
16235,0.6545213109551457
16236,0.4592455351572727
16237,-0.04728284695101443
16238,-0.3848265712609474
16239,0.1328115159020138
16240,-0.15846171819477592
16241,-0.03733508168834063
16242,-0.9794616760462609
16243,0.17942476266637788
16244,0.4766167865028854
16245,0.43860488647467577
16246,0.4433448159446859
16247,0.7516318915593653
16248,0.20426912460070196
16249,-0.49547220044646606
16250,0.21838611952694045
16251,0.1993966312634846
16252,0.6513509486207442
16253,-0.5292379663835172
16254,-0.6463091321745933
16255,0.35682542189217153
16256,-0.641548260329678
16257,0.32281751967128564
16258,0.1925307734879071
16259,-0.4741104342534015
16260,-0.560511272855335
16261,-0.38540742256830857
16262,-0.5722254794115315
16263,-0.07725561212992799
16264,-0.19038502004417535
16265,0.6046334073206475
16266,0.5285498609769654
16267,0.5236091186450214
16268,0.6944612390671422
16269,-0.45924799179125775
16270,-0.18878923721339214
16271,-0.5963659160518537
16272,0.5812873464910465
16273,-0.41631418807239334
16274,-0.25484132566986367
16275,0.6173391504057562
16276,0.8025164094811696
16277,-0.030157213480840887
16278,0.5745850502095959
16279,-0.10341760850135429
16280,0.6043316599196102
16281,-0.29521962669232127
16282,-0.017442247557852744
16283,0.37795379427604414
16284,-0.09548567246299487
16285,0.4059821677872317
16286,-0.01720275278281066
16287,0.5844542525415153
16288,-0.24883884093870526
16289,-0.11839534488850507
16290,-0.7841286483452261
16291,0.5513765828782166
16292,0.7276747314267958
16293,-0.3706946951786937
16294,-0.7414321992737258
16295,0.2414846772397962
16296,-0.2389856172067559
16297,-0.2047702591603631
16298,-0.38911406946930727
16299,-0.06830452036123129
16300,-0.6927086698965524
16301,-0.30050532791743423
16302,-0.30927611382765896
16303,0.10205266606300559
16304,0.35249576092948354
16305,-0.2935852470186293
16306,0.480190224633748
16307,0.5830524532520999
16308,-0.7418339291326905
16309,0.39358898051692565
16310,-0.0012580552773882976
16311,-0.23677676332008712
16312,0.29162918983592656
16313,-0.37045734244330825
16314,0.04738683113229339
16315,0.45046485354858307
16316,0.2698138040691803
16317,0.06984969185274578
16318,0.7515708737175465
16319,-0.2517676579400821
16320,0.22583836942278707
16321,0.29463419105128114
16322,0.8684995468349959
16323,0.3580525968635394
16324,0.07416174492200447
16325,0.5943217965767049
16326,0.310875875373477
16327,-0.7151928324420483
16328,-0.04381182377690347
16329,0.22459231039668615
16330,0.0924892067859245
16331,0.47241898382922215
16332,-0.42087446734331085
16333,-0.15342535941734015
16334,0.7446280313674113
16335,-0.3506987719237414
16336,0.5901679632907002
16337,-0.9393951724910751
16338,0.7125772731188582
16339,0.7736070174632613
16340,-0.23416342247077152
16341,-0.8635855868756561
16342,-0.5324783940989841
16343,0.33356154004116795
16344,0.3809644023664983
16345,0.27306456622811626
16346,0.03634733152564959
16347,0.5191335767250113
16348,0.5463797191512764
16349,-0.36251146328928757
16350,0.9349199225329784
16351,-0.3761638392506074
16352,-0.056090719332097125
16353,0.9683507666560295
16354,0.8137141812484123
16355,-0.6482096422341259
16356,0.06495978701375775
16357,-0.23464000310149152
16358,-0.09053053876322353
16359,0.11664742309151681
16360,-0.24172910102988793
16361,0.5976322742868135
16362,0.42539010160609336
16363,0.6615095767679979
16364,0.1917003450841612
16365,0.8997062663353678
16366,-0.5722869849290378
16367,-0.17647416464523696
16368,-0.03843550268614191
16369,-0.5208036307533193
16370,0.7100734183003269
16371,0.7799201034370925
16372,0.5408191114792527
16373,-0.245869760419387
16374,0.9206050793716302
16375,0.008350586748931736
16376,0.4534233941869069
16377,0.5384264190353077
16378,0.803832736970276
16379,-0.20944314160208063
16380,0.7811534057884737
16381,0.6676257718444736
16382,0.2845939078540647
16383,-0.0032740530063435722
16384,0.7614428768698452
16385,0.8063195207148094
16386,0.1379689324760502
16387,-0.29448019446778434
16388,0.04934183494600536
16389,0.7035891232619027
16390,-0.2079877414685189
16391,0.8881835606469932
16392,-0.6677993166962899
16393,-0.9029732363615305
16394,0.12321185586716216
16395,-0.28138026398757526
16396,-0.11113827883220012
16397,0.0442307537861951
16398,-0.49858813949434294
16399,0.5795547953991184
16400,-0.512291352908885
16401,-0.9586362081782891
16402,0.6406127034586041
16403,-0.18620080037553186
16404,-0.6667769602172643
16405,0.9024076070682064
16406,0.36294338237959867
16407,0.13164332021964006
16408,0.429211000733382
16409,0.6947036920734078
16410,-0.04796050611177967
16411,-0.05430297676179978
16412,0.7611252143617431
16413,-0.40987827997258186
16414,0.6896337402386038
16415,0.33698944028061323
16416,-0.723738608331509
16417,-0.8971792072719335
16418,-0.7780160331648416
16419,0.2724542663652735
16420,-0.15708046105528378
16421,0.19308964883938473
16422,0.39023557868241165
16423,-0.3004401292963226
16424,-0.9030642254470271
16425,0.48155376545922723
16426,0.1914758735251652
16427,0.8403729089514074
16428,0.16005912045791804
16429,0.35373528361512946
16430,-0.5692028177828974
16431,0.069717867471324
16432,-0.6816981133930329
16433,-0.5353099505686688
16434,-0.7403519969105201
16435,0.6185999461762582
16436,0.7873525208928657
16437,0.8149562213491691
16438,0.15247337676327616
16439,0.9098516842060345
16440,0.7701119263638709
16441,0.7148675038253104
16442,0.2518616281533352
16443,-0.5210837391614219
16444,0.20809457954971403
16445,0.6433502598917459
16446,-0.04026392975982664
16447,-0.7628068988205952
16448,0.22238551757187255
16449,-0.3894771763450508
16450,-0.46666599144930254
16451,-0.6559793026678677
16452,-0.39581978109416194
16453,-0.22005574539266673
16454,0.5540849840822121
16455,-0.44591580584550755
16456,0.6533240431859558
16457,-0.7968744668108605
16458,0.2959734870849479
16459,0.012562192007420057
16460,0.4238468446941195
16461,-0.5900117145338692
16462,0.4893271706558842
16463,0.4017695470010843
16464,0.19477919882526334
16465,0.5315944483735754
16466,-0.02976164972457673
16467,-0.26386044738609316
16468,-0.1082062518785924
16469,-0.027930132609938728
16470,0.12123565560492894
16471,0.8729875070351806
16472,0.28123175629352654
16473,0.76564580651784
16474,0.42783355626631164
16475,0.5516104751279602
16476,-0.14093995991964287
16477,0.8010254059022363
16478,-0.3616861290650911
16479,0.6645261014359646
16480,-0.006508786141978847
16481,0.3384117169656924
16482,0.5655780056060784
16483,0.5234157306204128
16484,-0.5112259024558617
16485,-0.5969568397611911
16486,-0.7195807810905643
16487,0.7101226875772615
16488,-0.6392020445407035
16489,0.6237452725221199
16490,0.8590650231558985
16491,-0.2914123140045565
16492,0.011076515665173736
16493,-0.620055971157716
16494,0.6595897494622002
16495,0.04517386409560767
16496,0.6799938262402732
16497,0.07238769381745842
16498,-0.782028123163291
16499,0.3296850761719707
16500,0.5956345447289626
16501,0.48239419862617705
16502,0.9027817067924006
16503,0.008518962922391514
16504,-0.7217580472376035
16505,0.8035197127766319
16506,0.6086400755362392
16507,-0.8465639092465391
16508,-0.016016113709829475
16509,-0.4353521954612856
16510,0.6319268363241135
16511,0.5066978535802272
16512,0.23742056372267278
16513,0.21549226064918348
16514,0.8510368480451711
16515,0.3246701440060082
16516,-0.8123046283961383
16517,-0.352042360031904
16518,0.6667878383388756
16519,0.8857936571117998
16520,0.9133926576201273
16521,0.5386933449291409
16522,0.4791957316538788
16523,0.5431964959166445
16524,0.7331323450999093
16525,-0.386372958717115
16526,0.6018986089065234
16527,0.15872352810505083
16528,0.18409334761998306
16529,0.9251488556204095
16530,-0.4382159612984017
16531,0.8614341864405601
16532,0.5068040919473932
16533,0.8312350156891841
16534,0.9955621306457337
16535,0.41617846291182015
16536,0.05968373040411782
16537,-0.5565833996789415
16538,0.7178362086225624
16539,-0.06592254799819539
16540,0.513249555104519
16541,0.7001022031628028
16542,0.7547945212685621
16543,-0.4215973722967714
16544,-0.6542390723788356
16545,0.3854798058078133
16546,0.31085141025600815
16547,-0.05424651469887684
16548,0.859163882074219
16549,0.9172394800104928
16550,-0.36105042582502245
16551,-0.17705900466149402
16552,-0.03712979308129043
16553,-0.798993288761916
16554,0.0745202739195243
16555,0.06450725246994439
16556,0.9724215325201843
16557,0.259124920378893
16558,0.2191342107195948
16559,-0.15441867274672708
16560,-0.6100034619555699
16561,0.44468240224378425
16562,-0.2663403014780712
16563,-0.004965706224938985
16564,-0.9426108927160783
16565,0.05776611509089308
16566,-0.7142803303838228
16567,-0.6254382110802442
16568,0.06880069058470595
16569,-0.24545213215717113
16570,-0.3517447631381782
16571,0.5662779137132367
16572,0.6507441891518164
16573,0.7768273958844187
16574,-0.1113053370514101
16575,0.5601739822495408
16576,-0.35932270750075845
16577,0.6072587033404685
16578,0.4719803404608207
16579,-0.41099587969365486
16580,-0.7178992797082745
16581,0.486420811614552
16582,-0.7118929987120085
16583,-0.09726342839670683
16584,-0.20702827560724055
16585,0.5488991416016497
16586,0.8067356019409229
16587,0.29578453748659544
16588,0.08325853716918791
16589,-0.32360350193598264
16590,-0.6692269886148591
16591,0.14098336409030474
16592,-0.7821021364885541
16593,-0.6142451198593057
16594,0.3462363562346004
16595,0.05177103792293302
16596,-0.24126399160940537
16597,-0.15081048472438408
16598,0.8918374924667771
16599,0.04811245105338424
16600,0.08452207156147584
16601,-0.37465710749192993
16602,0.8263875621314387
16603,0.3655699484105878
16604,0.420445677561907
16605,-0.029849671941923287
16606,-0.24469322135614086
16607,-0.37883531380145774
16608,0.7595066004395958
16609,0.3263903321653401
16610,-0.8616827389804974
16611,0.9090615210879872
16612,0.15498624014520707
16613,0.4890309818555115
16614,-0.558689038311955
16615,-0.37146943744279426
16616,-0.5982696805482107
16617,-0.010626971412947937
16618,-0.8548018294153095
16619,-0.1454656382290899
16620,0.6962103458445892
16621,-0.10826529519748161
16622,0.4970422280462998
16623,-0.4257369149435596
16624,0.3797304421853844
16625,0.40298796629331507
16626,0.3856557381505804
16627,0.9652018462357258
16628,-0.23356860225682666
16629,0.5046713496104511
16630,0.9314014893516097
16631,0.4008625498536475
16632,-0.7670696838218377
16633,0.5896078158455065
16634,0.9342331802213885
16635,0.2236681385093607
16636,0.39640196384303455
16637,0.3520042577671665
16638,0.2636884915448358
16639,-0.03901457752693601
16640,-0.07100544744439263
16641,0.721243744939427
16642,-0.3174604648593152
16643,0.5447234853420595
16644,-0.32763493605548705
16645,0.22992618329384873
16646,-0.2874755204557847
16647,0.4387058765264475
16648,0.39225263518383885
16649,-0.3741894770370909
16650,-0.27151193357267367
16651,-0.20209378829881633
16652,0.6368204066450937
16653,0.016248832898597552
16654,-0.3290270152123573
16655,-0.17060318301131416
16656,-0.38725918879274773
16657,-0.018213060970498258
16658,0.45608392642311746
16659,0.0976313091501783
16660,0.22365647974871722
16661,0.7235142011735035
16662,-0.20731668940377337
16663,-0.35562948316629633
16664,-0.2546747211481319
16665,0.057425098795871245
16666,0.41189635093732113
16667,0.6612209825357885
16668,0.9278676111823595
16669,-0.11354606225629352
16670,-0.14576892172966013
16671,0.59999782932429
16672,-0.07523914646095571
16673,-0.5994599172103187
16674,0.10231495900386149
16675,-0.020640438090837807
16676,0.38589303512449435
16677,0.4535778441369863
16678,0.1172006303861114
16679,0.40168422888800176
16680,0.23871962108264774
16681,-0.20600220430508634
16682,-0.7919395098018444
16683,-0.4013560748978048
16684,0.277557206421486
16685,0.5967670202846798
16686,0.7020440057546332
16687,0.47442847689667933
16688,0.5133374017408138
16689,-0.39055461946008935
16690,-0.73419257276434
16691,-0.4440461947819209
16692,0.24563525080244772
16693,0.49290789619933323
16694,-0.07557475108450395
16695,-0.06048952438420158
16696,0.31983642741246665
16697,-0.17200605511217862
16698,0.5615293339399287
16699,0.7072735894514135
16700,0.4327220928647856
16701,0.5459755085875648
16702,0.31719134952377626
16703,0.33724492523634725
16704,-0.26321394082758903
16705,0.12536991252523158
16706,-0.6178372507682404
16707,0.31938207341135755
16708,0.6417401267599064
16709,0.5149375304774643
16710,-0.06531366497370264
16711,0.5060491856233291
16712,0.4436946916896852
16713,-0.8978019161935274
16714,0.17252710774617033
16715,0.7827032557624567
16716,-0.03147848870839693
16717,-0.8609481027339282
16718,0.49500388101142845
16719,0.46632237484181255
16720,0.25839979577754485
16721,0.5039705302523996
16722,-0.2617508359712149
16723,0.7057695931787724
16724,0.24903979294929124
16725,0.15838923160556267
16726,-0.8396738601123794
16727,0.5499693012984812
16728,0.7769840128861408
16729,0.29666907864840175
16730,-0.33126178623206726
16731,0.6898938824318959
16732,0.8035802684303134
16733,-0.29107117695409057
16734,-0.4575900155177187
16735,-0.5722350754011746
16736,0.599188976047687
16737,0.2868757556018479
16738,0.19655650502328123
16739,0.2067355218787714
16740,-0.5775863021054742
16741,-0.26726300805830067
16742,-0.26786764924606554
16743,-0.42794298081378257
16744,-0.5064500250232712
16745,0.332063431844932
16746,-0.4273222799158866
16747,0.9242215683430958
16748,0.38411810620091036
16749,0.5403888359257039
16750,0.5210304499159468
16751,-0.06441314745276198
16752,0.027873097969269973
16753,0.4424536297154674
16754,-0.5903142726296777
16755,-0.08809507860306272
16756,0.7319365743093854
16757,-0.5241778678599538
16758,-0.3333151725777136
16759,0.8731406353183934
16760,0.4923536946371756
16761,-0.40744935563594675
16762,0.68634476640521
16763,0.047568848786372006
16764,0.16443637388164065
16765,0.5064108418820236
16766,0.5356456724772034
16767,0.7362137679791236
16768,-0.7098046136061552
16769,0.5542313547050525
16770,0.3068753663045922
16771,-0.4603333353178636
16772,-0.3660611258522758
16773,0.32122378755641995
16774,0.6132859453667782
16775,0.22144178941099607
16776,0.7026223867066946
16777,0.1632056846403103
16778,0.7168612514680238
16779,0.6380151440543536
16780,-0.5141012720817905
16781,-0.6365148789494922
16782,0.7576114102723425
16783,-0.14006336813595052
16784,0.25492983699535526
16785,0.8399713950758336
16786,0.17308859378548103
16787,-0.9366443493144462
16788,0.7370281884153682
16789,-0.46035517171837137
16790,0.7271160915486252
16791,0.1135575653242286
16792,0.4474324909558238
16793,-0.6367788672818914
16794,0.7614830938046624
16795,0.04465587153377834
16796,0.6940432932378972
16797,0.01761986061421963
16798,0.8400138934133086
16799,-0.24050876280910463
16800,0.4068844420398191
16801,0.7134154568979648
16802,0.6397385807283087
16803,-0.13389277907164027
16804,0.5343308042163669
16805,0.443981751000912
16806,0.5903332308711642
16807,0.9963955989139419
16808,-0.6940839171518199
16809,0.23719800156509385
16810,5.460117987890456e-06
16811,0.829875394571505
16812,-0.7245831181953767
16813,0.09169346538092411
16814,0.1124947129317596
16815,0.40287352831449347
16816,0.6624061945138554
16817,0.49075863097855055
16818,0.8591426770033611
16819,0.7784213921518544
16820,-0.40752841708196846
16821,0.5446694440470929
16822,0.007597699522802083
16823,-0.5304025863638471
16824,-0.7033021494957777
16825,-0.3356781693583285
16826,0.843767020457842
16827,0.8368102600174133
16828,0.20561934117033942
16829,0.0549143685544068
16830,0.9171942357220072
16831,0.9016530719511816
16832,0.04051883253850956
16833,0.14035098780953767
16834,0.47990170974982
16835,0.7973896584961397
16836,0.03051735831584865
16837,0.043900168366919734
16838,0.24598675237086293
16839,0.09216676197889574
16840,-0.11808223407979652
16841,-0.350298973393276
16842,0.4633730597586694
16843,-0.09014490010818556
16844,0.6973453874201079
16845,-0.05184080732898854
16846,0.3891512117159636
16847,-0.16307935963260262
16848,0.694602637989218
16849,-0.7755411368229957
16850,-0.683970168295811
16851,-0.6668074110913205
16852,0.4396529198310964
16853,0.02729934043602164
16854,0.6190101194964014
16855,-0.21614917376037257
16856,0.715753249669267
16857,-0.48679484620017766
16858,-0.9321480037399779
16859,-0.11105601027336205
16860,-0.9916078782733067
16861,0.49303167688326516
16862,0.44325332887740937
16863,0.15317460405342664
16864,-0.2051785416257775
16865,0.4566684518081981
16866,-0.02813314990848848
16867,-0.23507401407561523
16868,-0.27766425890738233
16869,0.48287815523530314
16870,-0.41660919366139076
16871,0.16855440096744395
16872,-0.31788426404604314
16873,0.42304267472830687
16874,0.17406561819477337
16875,0.8197612270644018
16876,-0.0002785761341397329
16877,0.533089641987807
16878,-0.019314615167525143
16879,0.3542918573656953
16880,0.05373970730011765
16881,-0.552569145717328
16882,-0.3834513116697646
16883,0.09557255479798529
16884,0.31975962485083637
16885,-0.8692046872308725
16886,-0.6004756148101857
16887,-0.43592413074103037
16888,-0.1051721070990076
16889,0.6124384065572976
16890,0.37841943456354243
16891,-0.3758566179676124
16892,0.4226286376609558
16893,-0.4147173022165846
16894,0.10637288014374138
16895,0.8773024709603118
16896,0.4906840571757105
16897,0.6116148202147229
16898,0.7587421164945014
16899,0.3750110441830624
16900,0.4040620134030844
16901,-0.4802670097714776
16902,0.8464739794470204
16903,-0.2593950701409262
16904,0.5816501663542821
16905,0.6136647809727233
16906,-0.724884969416254
16907,0.9024387105073363
16908,0.7564514784169437
16909,-0.1454525291097392
16910,-0.9598853038211813
16911,-0.6367228419525074
16912,-0.09427446721831775
16913,-0.993104583111568
16914,0.06353282527338422
16915,-0.16614088346592346
16916,0.4442312437532891
16917,0.4140877277197872
16918,0.896446353841056
16919,-0.6140155283120169
16920,0.41691964581217195
16921,-0.7833604560961857
16922,-0.2460231527543889
16923,-0.958616280117519
16924,-0.07232509777796378
16925,-0.5986999333932773
16926,0.7098658776335469
16927,0.7983266264135348
16928,0.8985078127076537
16929,0.488355874454572
16930,0.7067253463715049
16931,0.914095943212716
16932,-0.19710662327967018
16933,0.004874500764043343
16934,0.6636511503175136
16935,0.7045073588828966
16936,0.8753819449832357
16937,-0.37289999937055285
16938,0.5865112554600488
16939,0.7963099134473036
16940,-0.28380358283817986
16941,0.8028460362667927
16942,-0.27269448870903984
16943,0.17408814885485374
16944,0.401818900197501
16945,-0.016135940414420437
16946,0.813235647184234
16947,0.09606473022512516
16948,-0.78316521021569
16949,-0.7949574179983336
16950,0.3696513167608648
16951,0.875092402455815
16952,0.03956427373175739
16953,-0.6158804993381262
16954,0.03923482103563899
16955,0.46922128675267166
16956,-0.8863470544636575
16957,-0.14928514107181445
16958,0.25221825446575225
16959,-0.002354446208106123
16960,0.7005720336390083
16961,0.5301868295724415
16962,-0.22354379258917764
16963,-0.21237657296363888
16964,0.8474535830194656
16965,0.2698850097448946
16966,0.8575047647194258
16967,-0.8534502661963631
16968,-0.007718725756742103
16969,0.13724500051939295
16970,0.6874233745877592
16971,0.6417827692671263
16972,-0.023645562415850814
16973,-0.112628459645056
16974,0.3000738534496099
16975,0.46480909699427475
16976,0.6694580474850961
16977,0.2490549840485491
16978,0.4798463252879989
16979,0.26196353445978837
16980,-0.04419175165847385
16981,0.4083044350413759
16982,0.4863441192734709
16983,0.7528102880405994
16984,0.41613423880962314
16985,0.780663447455673
16986,0.09715133351068775
16987,-0.13750443118081113
16988,0.776760849316825
16989,-0.179985203060606
16990,0.7835411609288223
16991,0.15905537026329203
16992,-0.4654404320386036
16993,-0.730564847860595
16994,0.8589136010743734
16995,-0.3134296047551271
16996,-0.7599763217434101
16997,-0.7624169582112463
16998,-0.4113396117651288
16999,0.1896174650290229
17000,-0.20325567727816318
17001,-0.1757073033784994
17002,-0.6096915713564701
17003,0.6025869129903461
17004,-0.031171197739687653
17005,-0.4565517880710492
17006,0.8302398240075815
17007,-0.373703376319312
17008,0.8223483456530041
17009,0.32767461454898217
17010,-0.14162833462419389
17011,0.544042360349783
17012,-0.3488167140670044
17013,0.5882806077023363
17014,0.31250227781679196
17015,0.09561064570139874
17016,0.8967491084276041
17017,-0.3876756584275127
17018,-0.6269963996344099
17019,-0.30567739848811987
17020,0.2858987474068692
17021,0.8264351706756661
17022,-0.9372370950436054
17023,0.835107032200522
17024,-0.18718653297611937
17025,-0.1031656847453063
17026,0.8482881473806253
17027,-0.3893370951590209
17028,0.7065677452090123
17029,0.6065091062723089
17030,-0.8783438734515899
17031,-0.10978093812520394
17032,-0.5401105245665264
17033,0.12541429359091147
17034,0.024401797946572917
17035,-0.18554092972641842
17036,0.1970370216614482
17037,0.32708443728880354
17038,0.16233592233374766
17039,0.33852382594317215
17040,0.8033185501563122
17041,0.5150740257317635
17042,-0.8704810149745483
17043,-0.15831390685640392
17044,0.10385240172728138
17045,0.31526262063729527
17046,-0.22340940762914827
17047,-0.7357284370085979
17048,-0.5860303745095987
17049,0.3577975055241692
17050,0.33435880677272695
17051,-0.20609790750849555
17052,-0.3296521585232028
17053,0.11572965518009523
17054,0.9386770573476321
17055,0.652024778523762
17056,0.6643617504733184
17057,-0.010296335605694906
17058,0.26534770386036916
17059,0.6604350364243634
17060,-0.08676128675104078
17061,-0.28143806714794917
17062,-0.6510828103446219
17063,-0.5295842533049071
17064,0.8180043557948403
17065,-0.07363878763004486
17066,-0.9723368968481408
17067,0.5054375273682992
17068,-0.7347861454659658
17069,0.4190447928707993
17070,0.6582140818873297
17071,-0.8230168161436743
17072,0.7660220125597003
17073,0.8890624080205936
17074,0.21961289529247102
17075,0.2682310587981274
17076,0.7348382333413909
17077,0.8842822280512664
17078,0.7404514131332085
17079,-0.3871154149142935
17080,0.8445796375387649
17081,0.1383420166214734
17082,0.018323198129884873
17083,-0.3494946983513804
17084,0.0811779067832358
17085,0.05153550342931513
17086,-0.47647676902236535
17087,-0.3650497174812499
17088,-0.09131448048367886
17089,-0.6605499776711814
17090,-0.3143626412145784
17091,0.34493764896440365
17092,0.47726558306366007
17093,-0.23797866533934764
17094,0.06625507006180488
17095,0.6378502187398296
17096,0.8994993280855427
17097,0.8185914981871544
17098,-0.10690878964398777
17099,-0.8595616579125059
17100,0.6010772817981965
17101,0.3947741043255202
17102,-0.2369439851462152
17103,0.8468146124113942
17104,-0.5247391492419906
17105,0.41366748332490255
17106,0.8192113545417774
17107,0.06871262152328869
17108,-0.8035576656447649
17109,0.6446204401099178
17110,-0.11034763115628365
17111,0.38923718183521555
17112,-0.6702080187813634
17113,-0.5786619975751554
17114,0.05531519247526856
17115,0.4368468340985034
17116,-0.2415677527451541
17117,-0.8467564327419891
17118,0.6172888617544239
17119,0.4310828189097867
17120,0.8698529102684058
17121,0.29765752439990933
17122,-0.21096699984829761
17123,0.4945324409657135
17124,0.17142473356175336
17125,0.8714787749846442
17126,0.6534569559200278
17127,0.9188120722263244
17128,0.3268934056767408
17129,-0.08739826772288131
17130,-0.4631763259543938
17131,-0.07983325074858107
17132,0.48324748030286174
17133,0.010398523456224152
17134,0.5089284876596712
17135,0.6930589878849612
17136,-0.5171879977713265
17137,0.260113151028348
17138,0.07317633624231978
17139,-0.6219667719379787
17140,0.42923070972648364
17141,0.2521000276278643
17142,-0.47737275065522017
17143,0.3951921813742783
17144,-0.4191671326481681
17145,-0.7569903802567209
17146,0.9216596034175082
17147,-0.3020221895052931
17148,0.0673271622304291
17149,0.3205532444778596
17150,0.5967558333621859
17151,-0.21223401826912905
17152,-0.2804388838477859
17153,0.03450000354584424
17154,-0.8692018662489385
17155,0.6128166753872767
17156,0.48178567222616536
17157,0.0016692974297916982
17158,0.7043107867105235
17159,-0.20943499918568045
17160,-0.2807007149372803
17161,-0.2590694251979072
17162,-0.6369317685750937
17163,-0.3705341577504267
17164,-0.09447663536546576
17165,-0.5333826961867438
17166,-0.4041310558128992
17167,-0.016915372869709292
17168,0.15274974118450468
17169,0.7627100116779353
17170,0.8794685837991423
17171,0.19352391404241856
17172,0.5972506071083786
17173,0.630189280730419
17174,-0.3851138567680369
17175,-0.06202036159458295
17176,-0.23542699171332948
17177,0.4399545386709575
17178,-0.767053920750642
17179,0.5887657807249289
17180,-0.5991808458298477
17181,0.6123879090033605
17182,0.0907659860759772
17183,-0.9880787220864076
17184,0.5658418345703814
17185,0.18346971160492725
17186,-0.15212644541481163
17187,-0.7986733182482093
17188,-0.26266761099330405
17189,0.48626731281914637
17190,0.7555126761069278
17191,-0.2013117407878054
17192,0.06218502118536235
17193,-0.5680012113587226
17194,-0.08537010035915768
17195,0.1306782972720667
17196,-0.3436366276182801
17197,0.06931429610861956
17198,-0.3822960031902705
17199,0.7791749835113319
17200,0.7986680398497503
17201,0.9690800997895712
17202,0.4354084583115579
17203,-0.3252333758549085
17204,-0.2235468870456318
17205,0.710702088072139
17206,-0.20391021933939088
17207,0.7679182376885736
17208,0.6053637254114242
17209,-0.28920643239312716
17210,-0.862331377799248
17211,-0.4249246031674817
17212,-0.5917463413232588
17213,0.6811296218014672
17214,0.07889674789947164
17215,0.19768307337369376
17216,0.3474529407932712
17217,-0.8601349656296622
17218,-0.009769269676972126
17219,0.3987034523703816
17220,-0.02104648718004844
17221,0.7955703236198218
17222,-0.3464681786589618
17223,0.31022816342499787
17224,-0.37996169121073675
17225,0.29603753994178
17226,0.5105545243491866
17227,0.702892028289414
17228,0.22968037771834238
17229,0.5043959296961029
17230,0.4842925280054814
17231,0.772316423698737
17232,0.6987318957535408
17233,-0.12447944105676938
17234,-0.0935081876469099
17235,0.2673396609199892
17236,-0.1380209238675956
17237,-0.02751296249419095
17238,-0.22395765410848062
17239,0.1293174691069894
17240,0.07105917127405569
17241,0.4084000921827139
17242,-0.8916934941539698
17243,0.6669994554013708
17244,0.6075601750286439
17245,-0.7536175563647414
17246,-0.26002887279932496
17247,-0.287746647471193
17248,0.3617086997574568
17249,0.9757244937147017
17250,0.025902500176705666
17251,0.24853172208651111
17252,-0.9283096461713446
17253,-0.20939993256671066
17254,0.7652208030434078
17255,-0.9082405044499751
17256,-0.3415497469224657
17257,0.40653627383735397
17258,0.2575078981483924
17259,0.3809252787533395
17260,0.8147950310685604
17261,-0.010902924990652919
17262,0.2071408167823684
17263,-0.5089684730983586
17264,-0.04030719877536009
17265,0.20207088353957925
17266,0.3785393853758147
17267,-0.5715072400828852
17268,0.09128289399600109
17269,-0.586464988394569
17270,0.5550390582722402
17271,0.09643633130788976
17272,-0.9020706555710682
17273,0.7841688997121802
17274,-0.454422107417925
17275,0.4954774180625962
17276,0.4427410244152384
17277,0.10579028118741668
17278,-0.23239997759628273
17279,0.5634849828350921
17280,-0.14420708610260724
17281,0.4998576837609162
17282,-0.8106278787733243
17283,-0.7958880229749682
17284,0.6993830723941064
17285,0.7109753294420895
17286,0.48557322020072907
17287,-0.13282046635958034
17288,-0.14176292639482832
17289,0.018928472702700802
17290,0.888051943918045
17291,-0.6607367848254517
17292,-0.440002673487162
17293,-0.16387301361458467
17294,0.7195584224160134
17295,0.4134545241277884
17296,-0.7940044800105452
17297,0.7109232346587404
17298,-0.5001780856920672
17299,0.19680211606325576
17300,-0.5549516127488012
17301,0.8751736829599112
17302,0.2960896211739714
17303,0.7313589606304072
17304,0.7919671083636566
17305,-0.21037747017620603
17306,0.521464060126193
17307,0.6681413541005814
17308,-0.1195435576626639
17309,-0.048934929485168296
17310,0.10162895470770213
17311,-0.08978291850200477
17312,-0.3279038553499972
17313,-0.3834801560379373
17314,0.46274417801380235
17315,-0.12348165932309764
17316,0.8073387911050953
17317,0.10942913932209326
17318,0.5211121387956131
17319,-0.41733731885315734
17320,0.572891801439698
17321,-0.013586229378401411
17322,0.7480284898233681
17323,-0.26962328758797277
17324,-0.14034206231903892
17325,0.5498561257053504
17326,0.19587907257658252
17327,0.81034872032416
17328,0.03768065930740392
17329,-0.15733702908159752
17330,-0.26604807297498995
17331,-0.08095795508624991
17332,-0.5236753855700597
17333,-0.14310278659164063
17334,0.9880670144229339
17335,0.9059448881578609
17336,-0.15112561505184405
17337,0.672595395661158
17338,-0.5048155344744897
17339,-0.11109533942398041
17340,0.28285206291038045
17341,0.2063467858435226
17342,-0.06882164439170357
17343,0.8415181033027739
17344,0.5076521793731693
17345,-0.040104564140940595
17346,0.055604738686823016
17347,-0.6758721395779578
17348,-0.6248366047067963
17349,-0.5067214671366989
17350,0.16307010866570185
17351,0.5068843644768893
17352,-0.9054355568436931
17353,0.14370022564437485
17354,-0.10023535349066655
17355,0.6884542164170027
17356,-0.1585586208624317
17357,0.7817509595844796
17358,0.2984907394037045
17359,-0.10703530463266049
17360,-0.680460490136181
17361,0.2527623890728
17362,0.3904169873274916
17363,-0.3820829034474652
17364,-0.5612050242902143
17365,0.8856587289994292
17366,0.8058305238673235
17367,-0.8242325191402118
17368,0.4175380362801406
17369,-0.8929217814817453
17370,-0.26686603498882827
17371,0.09019777143655755
17372,-0.8526871129035861
17373,-0.47415864036830546
17374,0.47324303612817825
17375,0.5014242371097403
17376,0.5055436500690931
17377,0.895089064797877
17378,0.6443289326505109
17379,0.01344156132632382
17380,0.1773448115496028
17381,0.24626755312377005
17382,-0.5376747576515643
17383,0.6440407789958773
17384,-0.1361005154335251
17385,-0.6483008950113898
17386,0.20611212781911467
17387,0.5949987423052377
17388,0.051062316545604315
17389,-0.7423972940088093
17390,0.09539169218245347
17391,-0.5480196678308393
17392,0.4275205673196343
17393,0.3100698078688916
17394,-0.9218962765078952
17395,0.25668414292398295
17396,-0.11863767604266182
17397,0.6957562425064926
17398,-0.01832657674699427
17399,-0.34194441713745216
17400,0.869369558318192
17401,0.052215682679738355
17402,-0.49881455013345033
17403,0.24182384973348228
17404,0.6121209216154609
17405,0.8391342722359372
17406,-0.22203320705732377
17407,-0.04205776939246385
17408,-0.6663431716894631
17409,0.4332689916111316
17410,-0.21160943239783125
17411,0.39909090071298536
17412,0.6196260811980749
17413,0.6268034902202609
17414,-0.5537629163210981
17415,0.17185295248401236
17416,-0.08776894174735671
17417,-0.07662761109090137
17418,0.0005207597334482486
17419,0.0007630531379920665
17420,0.026837480598361482
17421,0.8515276650041185
17422,-0.5796175729114281
17423,0.8609797804344992
17424,-0.4572239790186969
17425,0.21934664001352597
17426,-0.34122084199872665
17427,0.9133288743648976
17428,0.6718664705739358
17429,0.5603180525993666
17430,-0.16027167875821177
17431,-0.6664823758305555
17432,-0.2351265766276386
17433,0.7221944320847318
17434,-0.3618834155196957
17435,-0.7593963435836536
17436,-0.35240835551098276
17437,0.22667833398123788
17438,0.8100387366037424
17439,-0.4104340810162014
17440,-0.3630550372427381
17441,-0.8747228551576988
17442,-0.2159329665125733
17443,0.7542325917287254
17444,-0.590242044151446
17445,-0.08415170315506114
17446,-0.2530341253220139
17447,0.5444956199167836
17448,-0.23512568609960302
17449,-0.528837385591673
17450,-0.33948887832414704
17451,0.2697654529517569
17452,-0.15673856924875004
17453,-0.7888038923399455
17454,-0.05216750506105225
17455,0.3054005344875649
17456,0.08558524218998091
17457,0.7666648333493842
17458,-0.07883074590786873
17459,0.6007549081310795
17460,0.6566337989527559
17461,0.8140276353086571
17462,0.13152328091546042
17463,0.5051014168301643
17464,0.32613830867988597
17465,-0.07972046263981067
17466,0.7604962992060122
17467,0.15944829756040754
17468,0.5255649160754302
17469,0.9651821049028109
17470,-0.16067700330521145
17471,-0.7934902320442169
17472,0.805970254475941
17473,0.10832893900060614
17474,-0.7925285529811349
17475,0.6756233659007552
17476,0.38078742284690986
17477,0.41578362132643504
17478,-0.16268495351084536
17479,0.49901082810620984
17480,0.35743720637986415
17481,0.13656095117285585
17482,-0.11292120064149165
17483,-0.04543060898933935
17484,-0.35827655023651817
17485,0.38747960394613357
17486,-0.9468383621290033
17487,0.8311901081997559
17488,-0.6186344227160265
17489,0.6863684915884533
17490,0.5768616719536993
17491,-0.5247009998031044
17492,-0.14259757560098446
17493,0.4664245573638805
17494,-0.07364822116576414
17495,0.38344590235320936
17496,-0.07402061978756208
17497,0.4089852184779236
17498,0.10571416468431638
17499,0.28147799351222164
17500,0.5104840109243646
17501,0.030132208484872195
17502,0.7903683064328317
17503,-0.06969931464867479
17504,0.4170680744580878
17505,0.7101537541406534
17506,0.33750456089078823
17507,0.015545593844642328
17508,0.7345644537574804
17509,-0.16545978542900858
17510,0.6383637419058374
17511,-0.39581241395291755
17512,0.9375222676866157
17513,-0.794119432235846
17514,0.5513721423873404
17515,0.6502418688632234
17516,-0.57854228935296
17517,0.586398300254166
17518,0.8224576624599034
17519,-0.2861432819821379
17520,0.8953780757420321
17521,0.5528554274466345
17522,0.09470054525197595
17523,0.3559316862532914
17524,0.4762000297939875
17525,-0.6021584649069252
17526,0.9282283781868297
17527,0.3339711072136699
17528,-0.7148655444591376
17529,-0.9616898938667497
17530,-0.06248711282918093
17531,0.8110903499226515
17532,0.6260325423934462
17533,-0.6150910707300654
17534,-0.497731838572897
17535,0.4246028367113334
17536,0.33649768180060174
17537,0.5624881909933693
17538,0.30223869763868155
17539,-0.9245204022730839
17540,-0.24647161500733458
17541,-0.20845485711433065
17542,0.30025863025642957
17543,0.5223018380417496
17544,-0.011502950543642724
17545,0.1651256793334735
17546,0.8527155090474107
17547,-0.6770068453179906
17548,-0.6203969941894475
17549,0.05900328877495601
17550,-0.27106586449100983
17551,0.5662867200123807
17552,0.8891882254443775
17553,-0.6610988930225113
17554,-0.10874436673770392
17555,-0.17003071818727908
17556,-0.6878832901653865
17557,0.5531766226150302
17558,0.20953620158487557
17559,0.2898502314323328
17560,-0.3000069962682627
17561,-0.5957327525489003
17562,0.4593017952661296
17563,0.0742981997603873
17564,0.6273582447148199
17565,0.30765315435618457
17566,0.5796956847421766
17567,0.47781847489612067
17568,0.628983349066133
17569,0.22389176102871408
17570,0.02677532528686721
17571,0.12207499045428064
17572,-0.7793031809092362
17573,0.31300309284110717
17574,0.9043312945712955
17575,0.2855416249191701
17576,-0.7864717786818923
17577,0.10206150153463935
17578,0.46825004683469373
17579,0.29762799437883103
17580,0.88558867143355
17581,0.17779777900294477
17582,0.4590884405791605
17583,-0.18403601664545208
17584,0.6559461955765407
17585,-0.6956559420980154
17586,0.8093133331122712
17587,0.1647899126369464
17588,0.710504753138636
17589,0.5099481793015034
17590,0.7376979660761538
17591,0.3190337171256643
17592,0.2642013075132993
17593,0.19382224134928056
17594,0.8324788113835431
17595,-0.8559197544643105
17596,0.01698005333335321
17597,-0.11783240167730123
17598,0.7849240142324685
17599,-0.10481285501753244
17600,0.12484338117035677
17601,-0.6999683740359862
17602,0.6906611720155909
17603,0.3582656939691982
17604,-0.7370881546414643
17605,-0.48427088615582614
17606,0.3236264723391618
17607,-0.20626511041033485
17608,0.13123569495455648
17609,0.7545957031785625
17610,-0.45903682517881067
17611,0.6508177706481812
17612,-0.11296712412418437
17613,-0.4958618805312679
17614,-0.37323220222682146
17615,0.7628663842093724
17616,0.7095210600403113
17617,0.43747075112958084
17618,0.2688054463098115
17619,-0.2726367701661089
17620,-0.23403891675166516
17621,0.7887465287902647
17622,0.9500095479699692
17623,0.4624972294712342
17624,-0.7355392331668374
17625,0.5223883343026643
17626,-0.2574858413232993
17627,0.10910666174457387
17628,-0.5894288687338534
17629,0.6385836819206474
17630,0.34848402242343035
17631,0.3510745101662958
17632,0.7809394704862916
17633,-0.31485952719149507
17634,0.44334535199805986
17635,-0.25451626370937874
17636,-0.4708911128025766
17637,0.1937546931442129
17638,0.6567491609304282
17639,0.8487740759033066
17640,0.09460673007686633
17641,-0.6813017066599936
17642,-0.24304549182409171
17643,-0.3459096667263852
17644,-0.3149210321144815
17645,-0.31944700117626695
17646,-0.05052234749460306
17647,-0.02992535844768707
17648,0.06864395147757203
17649,0.6938372166335723
17650,-0.22599351537078652
17651,0.15598838594823475
17652,-0.6537831846004405
17653,-0.09880683892474108
17654,0.6129907724006921
17655,0.634342338896209
17656,0.2997925179705983
17657,-0.1207502989951109
17658,-0.07043740803459936
17659,-0.060211383246113935
17660,0.5246018248558801
17661,0.09427798907404289
17662,-0.14264482119861926
17663,0.545796193215696
17664,0.1961307101319088
17665,0.53110893209559
17666,-0.16094121394855493
17667,0.6886340435508713
17668,0.2642771486798485
17669,0.04266353460232251
17670,-0.8958531398838792
17671,-0.29546097156532664
17672,0.05064770485329155
17673,-0.3035336662381663
17674,-0.17453489098031455
17675,0.03784350909890548
17676,-0.5895890269128582
17677,-0.07615274165633011
17678,0.13719500832446843
17679,-0.24225606917002904
17680,-0.013703022957246895
17681,0.1551026629024228
17682,-0.1771981940300769
17683,-0.3135819310289708
17684,-0.43823191932467537
17685,-0.06332467807577646
17686,-0.3262893359713512
17687,-0.4084973318037062
17688,0.49621265674339543
17689,-0.09691581670390323
17690,-0.302693179362845
17691,0.6149698643888581
17692,0.42898272102961144
17693,-0.2519479202896137
17694,0.019666599004267277
17695,-0.6022891193258625
17696,-0.1844229994436112
17697,0.2684915275212048
17698,0.4270751607017012
17699,-0.8995083933136456
17700,-0.04757043022682498
17701,0.9438675761648049
17702,0.6166296914473335
17703,0.03411204639946715
17704,0.2856850505644654
17705,0.6305661109156833
17706,-0.95913974294855
17707,0.03408758277685308
17708,0.7817147380495931
17709,0.7426807370034596
17710,0.8723757373134053
17711,0.27324846078245363
17712,-0.8033175506980342
17713,-0.222896886755092
17714,-0.27710555732929587
17715,0.8479515884904852
17716,-0.506515808787521
17717,0.24215244131603877
17718,-0.2874242479859158
17719,0.32339241740030084
17720,0.8744706198190695
17721,0.08102675769834584
17722,0.16495319089254198
17723,0.7226748908422881
17724,0.26385870833873615
17725,0.6478951287863672
17726,0.7894995306353928
17727,-0.5310463483725069
17728,-0.3062322451465657
17729,0.26463260165773755
17730,-0.0956862705062535
17731,-0.07360898847389936
17732,0.1890799426208498
17733,0.027384867111355193
17734,0.2635883931491025
17735,0.915063679323754
17736,-0.39935827261818324
17737,-0.6946811221527299
17738,0.7279489393790555
17739,0.9081776700368278
17740,-0.13390680949652872
17741,0.05007542129868176
17742,-0.4127979431783611
17743,0.5863763162128777
17744,0.636803965095247
17745,0.6330302902930769
17746,0.14075394225141558
17747,0.2213175229096157
17748,0.6228752715941269
17749,-0.03122630811902935
17750,0.5535659630591752
17751,-0.6277974945257138
17752,0.35993462415337485
17753,0.06407258550711518
17754,0.11370536847842752
17755,0.6549219849123286
17756,0.37616591554455703
17757,0.20759757777970822
17758,0.26204473883458795
17759,0.06141344020209915
17760,0.6347170431530332
17761,-0.03242786420732156
17762,-0.006992526441646171
17763,0.8708363959494431
17764,0.7847267976406538
17765,0.46189169531745217
17766,0.07453015224378583
17767,0.2455450481785961
17768,0.30011536600752053
17769,0.0836352519027756
17770,-0.49490635673373135
17771,0.6602683139556057
17772,0.16564057512134556
17773,0.6827225769612421
17774,0.34083425650199795
17775,-0.05362353836195586
17776,0.9187819296266176
17777,-0.13655887730600547
17778,-0.9481562994017791
17779,0.7473105661502565
17780,0.5526867258704342
17781,0.15242685032476033
17782,0.7912831803388831
17783,-0.226289717810539
17784,-0.4043604344225462
17785,-0.11552883719456807
17786,-0.016373580008270557
17787,-0.31393519839246314
17788,-0.3937303731814944
17789,0.5213437113671157
17790,0.9459452780968728
17791,-0.46525494038174514
17792,0.05322745746789804
17793,0.5132880260985003
17794,0.6947212397426151
17795,-0.096993784442149
17796,0.08264064242057935
17797,-0.19355781421176593
17798,0.08221000798057304
17799,0.19205714169824473
17800,-0.3921706861609715
17801,0.203917287297405
17802,-0.1342346786825424
17803,0.32734721043074066
17804,0.666118902124461
17805,0.7265866125297026
17806,-0.2534309332632066
17807,0.015178514577073815
17808,0.3048901221986058
17809,-0.2635024390098569
17810,-0.007490780904408282
17811,-0.3247915098325372
17812,-0.017353044897784168
17813,0.8239184958453819
17814,0.4942649715690063
17815,0.9309908332630611
17816,-0.2575739958734267
17817,0.7491499747675108
17818,-0.36072245977693634
17819,0.03132362389127965
17820,-0.04248923213031488
17821,-0.30807462622588405
17822,0.040057516696511836
17823,0.6409787371323554
17824,0.35905821315016484
17825,0.2972678629813399
17826,-0.39601678989173544
17827,-0.2872697252617337
17828,-0.6509155655844616
17829,0.37429306756268893
17830,0.40735731542306963
17831,-0.2301729655410921
17832,0.43846711254614684
17833,-0.21637048271131198
17834,0.7105584392266621
17835,-0.4892443824058744
17836,-0.02115138224839011
17837,0.125498673014221
17838,0.6295245147795226
17839,0.6398397617208068
17840,0.469749469852657
17841,-0.04788090199477912
17842,-0.6778823705230521
17843,-0.8738536102494473
17844,0.2861092423273092
17845,-0.1272397860037596
17846,-0.40546611196002014
17847,0.7220493917741452
17848,-0.1843479184559636
17849,0.4881600113519501
17850,-0.7887535887958794
17851,0.1696104281609911
17852,0.3829396781636803
17853,-0.20879277712599917
17854,0.10998057434326952
17855,0.31226764868200196
17856,0.726041481876893
17857,0.3194319225366738
17858,0.7739220960733871
17859,0.24984864767959855
17860,-0.24459327928992178
17861,-0.12605022812150704
17862,0.6438795387191738
17863,0.4972101439156087
17864,0.39693186536636343
17865,0.705734036836646
17866,0.20795480403782643
17867,-0.014254670624258678
17868,-0.3340614551035278
17869,0.060923898972338776
17870,-0.868620324523974
17871,-0.08702112655672165
17872,-0.3730094522369523
17873,0.600099796031778
17874,0.744784984936281
17875,0.07630070112088473
17876,0.2377652894940054
17877,-0.2049428168389304
17878,0.5055996911625941
17879,-0.1107431189995852
17880,0.38247760824940297
17881,0.7654531839195565
17882,-0.9384633293319322
17883,-0.8148651217907601
17884,0.7729474046229298
17885,0.9889429133042649
17886,-0.30461610933958255
17887,0.8284661732912761
17888,0.069001473213245
17889,0.6536230527148701
17890,-0.16145414722529075
17891,0.41552919502194646
17892,-0.7834205638617813
17893,0.19675916533602789
17894,0.16448775564128282
17895,0.765835741074557
17896,0.6219925198424262
17897,-0.07191962129306233
17898,0.2674387240762967
17899,-0.6978317667990456
17900,0.19526070271446871
17901,0.664124654534183
17902,0.3608074872641641
17903,0.39549394486181605
17904,0.2471420286142701
17905,0.5521684862710604
17906,0.40501473062508087
17907,-0.13307629863463355
17908,0.047571262688406155
17909,0.1845925006409263
17910,-0.8601694273038886
17911,-0.4480764616812599
17912,-0.024348795039529973
17913,-0.21511116552277598
17914,0.9196376964678729
17915,0.24066653412732716
17916,0.6178810366530343
17917,-0.269159032330464
17918,0.36985151484600515
17919,0.34767163424804554
17920,0.12750906589847982
17921,-0.17957667323175458
17922,0.6115061846052348
17923,0.6730972714367812
17924,-0.718705723105864
17925,0.04874932992126537
17926,0.7763792129350442
17927,-0.30390194550416
17928,-0.45503750495793543
17929,0.15841548344323136
17930,0.28836729582339105
17931,-0.293324304227154
17932,-0.6332014113179788
17933,-0.09509988434347258
17934,0.6837341341332924
17935,-0.6704836284980268
17936,0.1302465806949027
17937,0.6525960270085547
17938,0.19575837451383304
17939,0.6026557992084085
17940,-0.6469198015827334
17941,0.018935980601314455
17942,-0.390580428860481
17943,0.2010105814990824
17944,-0.11643591554761636
17945,-0.2923978558140877
17946,-0.5809894186660983
17947,0.5574453637031775
17948,-0.4386134069128533
17949,-0.00529281971210395
17950,0.31947673559406153
17951,0.3613327852838344
17952,-0.06322366337338958
17953,-0.5162428261903236
17954,0.7716722248730552
17955,-0.056499489383231086
17956,0.25460144065717244
17957,0.4362577304968831
17958,-0.03135655022208189
17959,0.1586886296405407
17960,-0.03718237966639484
17961,0.25546268151300167
17962,0.8249808029473987
17963,-0.1991706807866432
17964,0.2583139137295827
17965,-0.1633763411601799
17966,-0.3371890285319287
17967,0.04205247708186432
17968,-0.07199815716112307
17969,-0.11689100886170485
17970,0.408881498775921
17971,-0.24120075333124963
17972,-0.23314783249417867
17973,0.09265150376186267
17974,0.1319690399420685
17975,-0.3029596909701645
17976,-0.403338419348177
17977,-0.3053491501648488
17978,-0.6216027965625595
17979,-0.24800805698557188
17980,-0.5933518591416149
17981,-0.3001657554301851
17982,-0.10567780727898154
17983,0.6185931018418185
17984,0.5978810837365469
17985,0.6485550881872337
17986,0.42811597590078226
17987,0.9484329859585051
17988,0.6438473749541122
17989,0.026035194513149573
17990,0.6197764762218947
17991,0.5780267402150824
17992,0.029696791431502882
17993,-0.045181229766237216
17994,0.7042535382664227
17995,0.47996186517921663
17996,0.6576848429417536
17997,0.6545836903138674
17998,-0.6445737037357712
17999,0.08627770398140698
18000,0.3832662450222468
18001,0.9488491296336757
18002,0.8841309658604936
18003,-0.36223661956208847
18004,0.1442336273802322
18005,-0.12248828262189727
18006,0.42888689876380504
18007,-0.45073691721039955
18008,0.5401976412632777
18009,-0.6115697884801224
18010,-0.4384564629308877
18011,0.7038523555825026
18012,-0.7339949852223313
18013,0.910637852093555
18014,-0.08288682475255821
18015,0.2616049609699065
18016,0.38218106925874046
18017,0.7944672857797103
18018,-0.11518495880839653
18019,0.564594152405088
18020,-0.2241394313887174
18021,0.13597617470430728
18022,0.28440282950054163
18023,0.4724177350062525
18024,0.6349500174060341
18025,0.12169749982786093
18026,0.11893575903627053
18027,0.08720020809471067
18028,0.2940593409073981
18029,0.7869355054136455
18030,0.2675838598383557
18031,0.8313817691298817
18032,-0.09420902687409788
18033,0.39791107292813394
18034,0.4413440277748685
18035,0.3918720818418816
18036,0.11812387540143472
18037,-0.26072941536725547
18038,-0.8001415311506687
18039,0.2618191980083221
18040,0.2774916975398287
18041,0.9318222800128482
18042,0.26786965603546087
18043,0.7371869906512694
18044,-0.41692014101947455
18045,0.4693515692530877
18046,-0.4666983735082132
18047,-0.5113722058251924
18048,0.2472778897320192
18049,0.4707245462298927
18050,-0.5634105972491917
18051,0.8115613799208947
18052,-0.6986027204026904
18053,-0.36511729655357145
18054,0.871315066748211
18055,0.8886883279683693
18056,0.8023035848877368
18057,0.8510757674913906
18058,0.8765784020698995
18059,0.15630073644102185
18060,-0.15566825961097408
18061,0.15755350336765514
18062,-0.8864945513988678
18063,-0.3353240929894698
18064,0.2659046544363434
18065,0.5510165590192321
18066,0.8828290252114807
18067,0.11897223212209332
18068,-0.4672034836670253
18069,0.4695729394243462
18070,0.7960177169539235
18071,0.8706600072530164
18072,0.6503603695404394
18073,0.5670127966954492
18074,-0.2699958120270693
18075,0.6968138478184553
18076,-0.22884863552143864
18077,0.6931399686633791
18078,-0.6844486497413429
18079,-0.5923439729631877
18080,0.22077916231508837
18081,0.7248573927806181
18082,0.2452392137901346
18083,-0.12903569069584128
18084,-0.8238872671724605
18085,0.05801205527311052
18086,-0.3459555612732169
18087,0.8361292734446275
18088,0.33869152903515376
18089,0.4980643193113732
18090,0.7416958872756453
18091,-0.09299865141926315
18092,0.6977894381854579
18093,0.2322922640004493
18094,-0.3492744331325455
18095,-0.718563450028097
18096,-0.4389106977434488
18097,0.7554435569322567
18098,0.5352962818816654
18099,0.6193556415035434
18100,-0.46089234805893875
18101,0.8125758558346184
18102,0.4713351543456372
18103,0.47484590273855315
18104,-0.5438438054542518
18105,0.8928733200536932
18106,-0.5178186488251411
18107,0.46561766990196823
18108,0.05175148750024331
18109,-0.07823946910117104
18110,0.5669835792881562
18111,0.40821912133479615
18112,-0.7783312967124218
18113,0.5970766082264726
18114,-0.4566718688226971
18115,-0.16463558403457498
18116,-0.5504017501055741
18117,0.6753583386270293
18118,-0.7878783404945019
18119,0.28846278519153806
18120,0.8498599619971241
18121,-0.7369557935642101
18122,-0.11785493397743409
18123,-0.7931887396868451
18124,0.11546122479418731
18125,0.13372500647013827
18126,0.6522516635352106
18127,0.08600333997112425
18128,-0.009833138748988838
18129,0.45040840853468544
18130,0.25367048321242536
18131,0.5501538114322178
18132,-0.18666884692418623
18133,0.13711655181108992
18134,-0.017984403879622603
18135,0.28015569265627416
18136,-0.29839558378684183
18137,-0.09797288460892431
18138,-0.33075248863048695
18139,0.8180882137242019
18140,-0.2901930980945539
18141,0.3392206526439716
18142,0.4338610417704666
18143,-0.2625003880987457
18144,0.4816474095218624
18145,-0.395869521153078
18146,0.9352066623737392
18147,0.07222270433521043
18148,-0.5577563294836911
18149,0.45085633195086483
18150,-0.15840548126378187
18151,0.38555486954999685
18152,0.004709460413577492
18153,-0.12454236150379111
18154,0.03715575315114057
18155,0.558126966146
18156,0.11090521346867842
18157,-0.4076727305248166
18158,-0.11322519866049052
18159,0.6101129877841623
18160,-0.3775301890182947
18161,0.5473630324264455
18162,0.3941369116680622
18163,0.7506127959476667
18164,-0.14479675845166928
18165,0.17302037600622525
18166,0.8115115525602746
18167,-0.49168502904156997
18168,-0.22269491408112402
18169,0.48182385892172985
18170,-0.3262800478547
18171,-0.8889636793287033
18172,0.4179895398937394
18173,0.8844349847430849
18174,0.22178379083051505
18175,0.25675418551408885
18176,0.6087663195045941
18177,0.6072081211354508
18178,-0.2814062588872982
18179,-0.6526997988052332
18180,-0.8026886720231637
18181,0.09208289188450584
18182,0.7269240928835191
18183,0.060928872291102006
18184,0.5313111972185762
18185,0.7835845384533937
18186,0.31018455503873765
18187,0.6654409055044916
18188,0.6756598238834903
18189,0.6486646798265214
18190,-0.458518538020152
18191,-0.12038887742830365
18192,-0.32297650706314235
18193,0.09145893282433343
18194,-0.7685692963968983
18195,0.6888874456384881
18196,0.5158453165880549
18197,-0.9032341717584437
18198,0.8938699132858393
18199,0.24337377990581893
18200,-0.3319355902377377
18201,0.8314424629546775
18202,-0.05284598382850932
18203,-0.7413805699277335
18204,-0.4121761055760145
18205,0.20644861387316385
18206,-0.3195896163137825
18207,0.5405438368210207
18208,-0.3591550901759637
18209,0.30656882817943754
18210,0.2911265022144806
18211,-0.09896555776689685
18212,0.42933463037766306
18213,0.4430495295917633
18214,0.3503092498850165
18215,-0.4807031266994441
18216,0.8419056262629676
18217,-0.2310709441374392
18218,0.032058883921618576
18219,-0.27188829031670014
18220,0.35512337336007166
18221,0.28388725495533046
18222,0.4175024572907756
18223,-0.8173314558282853
18224,-0.467667787411983
18225,0.05001139929307664
18226,0.9303983203446851
18227,-0.485810423098785
18228,0.5693404339861698
18229,0.3186767500458901
18230,0.3141763755855511
18231,-0.6604833767566117
18232,0.6731273186618382
18233,0.3304929894633619
18234,0.6084606555915523
18235,0.393514238547691
18236,0.051022802432623866
18237,0.031537677204689786
18238,0.1427346154927969
18239,-0.7349090903369969
18240,0.5911540066614629
18241,0.19869270072865824
18242,-0.057092526954156626
18243,-0.8338538835032073
18244,-0.25540447287986284
18245,0.4667373778627755
18246,-0.5037442452386406
18247,-0.319324525618883
18248,0.49970082212923594
18249,0.906656097902162
18250,-0.940472688514351
18251,0.3956803178673008
18252,-0.8353366574574093
18253,0.11721872778462317
18254,0.546399092191556
18255,-0.5842662860309334
18256,-0.45177508262917154
18257,-0.5008575748783763
18258,0.24851122702264528
18259,-0.26244974823901146
18260,0.08295506976435722
18261,0.5916342290666262
18262,0.3832000606145148
18263,-0.3000576212940185
18264,-0.4355194298306659
18265,-0.20934995222183309
18266,0.49863624216294417
18267,0.5098793653536848
18268,0.16891359250493237
18269,0.7115950100299123
18270,0.08174423630840576
18271,0.9364040263721445
18272,0.6600288622623749
18273,-0.18354886802830436
18274,-0.09573191900333394
18275,0.7992876328062016
18276,0.4794626712409822
18277,0.19823294684101755
18278,-0.1765643467060203
18279,-0.40600695983758994
18280,0.7123359708719963
18281,0.8814035739951772
18282,0.13355484852631086
18283,0.1617051418840791
18284,0.7947859663291718
18285,0.4822670076166775
18286,-0.14911325915021387
18287,0.5114076647898452
18288,-0.9536332455786756
18289,0.11267403185209268
18290,-0.2676458982360884
18291,-0.06409197552755812
18292,0.06589645940913888
18293,0.7321944553956145
18294,-0.012538187239233237
18295,-0.7345275630283368
18296,0.6157400706123674
18297,0.23735558241237031
18298,-0.19175075877409292
18299,-0.5488195903715395
18300,0.23599703407536327
18301,0.5753223161834312
18302,-0.3473561076307795
18303,0.008297184990700208
18304,0.07254950938026437
18305,0.5017102883831895
18306,0.899833803841047
18307,0.6713841842573877
18308,-0.47751571998998166
18309,-0.1719652864253985
18310,0.4721852478937174
18311,-0.31888211296233265
18312,0.49938573688322496
18313,-0.3353600693672822
18314,-0.02159329850570355
18315,0.21578553061219216
18316,-0.38781547075311973
18317,0.44221558511302256
18318,-0.7953061256066151
18319,0.7208347421921178
18320,-0.3412858969875633
18321,-0.1494668003106429
18322,0.6184072306707935
18323,0.40529660430493064
18324,-0.35021652147897997
18325,0.3575638461828724
18326,-0.2965401375623659
18327,-0.9094569199861592
18328,0.20908801720378986
18329,-0.007506435752847696
18330,0.8750461739669637
18331,0.7299528101263616
18332,0.8101650628241355
18333,0.03096766924870501
18334,0.20049723202941772
18335,-0.886784646636202
18336,0.2688671184495692
18337,0.9508844722711209
18338,-0.07504781176515495
18339,-0.12983426495297548
18340,0.9577081473575705
18341,-0.26025956251695265
18342,-0.04306561903000967
18343,0.26084813131670087
18344,0.3170252053761066
18345,0.7392092836800286
18346,-0.16063801148108534
18347,0.26297809411051676
18348,0.8241950659281778
18349,0.3455737085598179
18350,-0.7917053160725867
18351,-0.37669592518738754
18352,-0.3652504809502399
18353,0.9529688050068019
18354,0.740857854665694
18355,0.43923105447079064
18356,0.2239658108944443
18357,-0.23431456609818038
18358,0.8459338211848448
18359,0.7945685340646349
18360,0.02034538890784426
18361,0.09973190808475615
18362,0.12084017445612391
18363,-0.4774400607465156
18364,-0.28484772579860496
18365,0.4840294088405598
18366,0.31280785099089853
18367,0.3891094982140182
18368,-0.11221206060132934
18369,-0.2730246318949512
18370,0.599366629476086
18371,0.3479619171336568
18372,-0.46627287554015495
18373,0.0023929979366241693
18374,-0.3389945321157684
18375,0.47194697566421717
18376,0.5887608253333066
18377,0.2779835706721911
18378,0.21656177043377728
18379,-0.10543455971015234
18380,0.8764304404314864
18381,0.7615227090434405
18382,0.5998359630996565
18383,-0.2860752664987359
18384,0.5112190461587744
18385,0.804910936612738
18386,0.7048426974356012
18387,0.3314518442425794
18388,0.24898041398610454
18389,0.8051713740122269
18390,0.5817907857044443
18391,0.6593436783425927
18392,-0.4383409419837596
18393,0.09842656087859145
18394,-0.4577530261240078
18395,0.5348133565977767
18396,0.7594552497313191
18397,-0.381638253103308
18398,-0.5789112834121952
18399,0.0753671696096326
18400,0.11362751098675913
18401,0.724033164995781
18402,0.5489871215546384
18403,0.5263604902315125
18404,0.457391862680493
18405,-0.04624065044530279
18406,0.49569952694591357
18407,-0.22130363908007125
18408,0.10423108229703672
18409,-0.214349950115537
18410,-0.12310625815123524
18411,0.09977120466369706
18412,0.07173419163944672
18413,0.3268904552773886
18414,0.2303690441397563
18415,-0.5700266697158888
18416,0.57189535289564
18417,0.490367530475951
18418,-0.3137997966262523
18419,0.046570508795553814
18420,-0.7446583856286156
18421,-0.4851786572519599
18422,0.12161547493379178
18423,0.4150943983567932
18424,0.6487112859167483
18425,0.1349579125567911
18426,0.004415699157354106
18427,-0.7939359047681294
18428,0.7188674089093847
18429,0.7772253604937531
18430,0.4157707968096343
18431,0.42253046630952706
18432,0.8992500596291443
18433,0.626334115669713
18434,0.09543739693755844
18435,0.12622528907563868
18436,0.8961251376327635
18437,-0.5103474252190986
18438,0.7837311695620298
18439,0.1243711186916405
18440,-0.16559042337636912
18441,0.3607366238779819
18442,0.9609258170976326
18443,0.2501021793018616
18444,-0.8079649610993153
18445,-0.9022607819949895
18446,-0.6371817789319412
18447,0.2864753318230538
18448,0.06400099331674025
18449,-0.5412425353312258
18450,-0.025964416408589937
18451,0.47096091552187835
18452,0.08442557257757743
18453,0.05601752082005959
18454,0.6598042442949339
18455,0.7528261300692172
18456,0.8463826517274557
18457,-0.001543919186862169
18458,-0.41844645088040944
18459,0.368975479935628
18460,-0.8835189889017482
18461,-0.4600001378651943
18462,0.9247212994413666
18463,0.06472222895262782
18464,-0.5409340490611328
18465,-0.7263576630668424
18466,-0.19063258370894107
18467,0.7101731079771989
18468,-0.48879454616323464
18469,0.3821165281739313
18470,-0.5092907729964813
18471,0.32816914767248045
18472,0.26637149991614223
18473,0.4755645445136941
18474,0.05107321384022948
18475,-0.1439411533949555
18476,0.7311314268748419
18477,0.4010547520883014
18478,0.7670571316546545
18479,-0.26610086196731475
18480,-0.49373909561058754
18481,0.3528764884740481
18482,0.8526821164507986
18483,0.991222173643966
18484,0.7231838838965251
18485,0.5629853283573946
18486,0.2216198565325823
18487,0.51038396415504
18488,0.3624389155845039
18489,0.9254618432623908
18490,0.26014989283282164
18491,-0.29633197229365366
18492,0.8258797078947823
18493,0.433612497162062
18494,0.45627533983990143
18495,0.21987534988821755
18496,-0.592225206835257
18497,-0.2084383781763271
18498,0.8939334587458233
18499,0.20761278207708728
18500,0.9992217365881306
18501,0.003849979434198769
18502,0.1563777521117506
18503,0.5049616399568461
18504,0.47380046639717555
18505,0.7521343196804829
18506,0.5681748036036458
18507,0.008320677435428055
18508,-0.2199371962362532
18509,0.2559566266818219
18510,0.5511598719045804
18511,-0.2728852884516056
18512,-0.030233939911530124
18513,-0.7054816745811507
18514,0.11223124442454444
18515,0.725476915356943
18516,-0.5066213593162033
18517,0.04850543962483304
18518,-0.07411743235035766
18519,-0.8896394267392033
18520,-0.3836992938841195
18521,0.44509531343338465
18522,-0.15254070232715952
18523,-0.4183665048433893
18524,-0.3298037364212082
18525,-0.09856567740500684
18526,0.9213020454966785
18527,0.26486817205796653
18528,0.3243684372836143
18529,-0.12493856362294611
18530,0.6849638183196483
18531,0.2163931013004839
18532,0.12925414190046763
18533,0.5322715985316548
18534,0.005492025639857539
18535,0.06397493525648885
18536,0.45952117460934155
18537,-0.7039903881198384
18538,0.3688252445207845
18539,0.4531862524353801
18540,0.5008827116416482
18541,-0.5082060179296248
18542,0.8865189132377291
18543,-0.45316615966133444
18544,0.49718850249624424
18545,-0.1313400787565467
18546,0.8048259201000623
18547,-0.6429222131274908
18548,-0.04943962393972577
18549,0.4768236520577704
18550,-0.19371306279442327
18551,0.030759673355788626
18552,-0.03665162433206247
18553,-0.0004744150610355225
18554,-0.4402999112185094
18555,0.11574773603007689
18556,-0.6928247777047952
18557,-0.7598847109057837
18558,0.5088435138237934
18559,-0.4627359336408137
18560,0.3860473478484797
18561,-0.45657087640339933
18562,-0.8826690549313743
18563,-0.012672695563591303
18564,-0.578423070224099
18565,-0.7624109914259056
18566,-0.5581832730317458
18567,-0.021695512878631116
18568,-0.42751927417030916
18569,-0.5974138340901454
18570,0.04276605686938188
18571,-0.7397283251004018
18572,0.36561820539464085
18573,0.5694280582296212
18574,-0.3151258917608349
18575,0.997332203126869
18576,0.41961307264307757
18577,-0.5466913578007624
18578,0.009770782420135746
18579,0.32781055029263456
18580,-0.9638379522960708
18581,0.5790992787595182
18582,-0.9213399999295454
18583,-0.058748783278005076
18584,0.7535442940660738
18585,0.9535695631735718
18586,0.6521669258988831
18587,0.5140013061785454
18588,-0.46055944090219364
18589,-0.24321483768614682
18590,0.3081318260608541
18591,0.49532154997764555
18592,0.7118060957756177
18593,0.913816108067605
18594,-0.5065754067952593
18595,0.03505999453118719
18596,0.6126055365529514
18597,0.6222612351538764
18598,0.4205359843074241
18599,0.5834827180137655
18600,-0.5252517711758965
18601,0.6725339784776699
18602,0.45024349789934004
18603,0.5965850534564623
18604,-0.5855057861120204
18605,0.31008439180962427
18606,0.035899883928235274
18607,0.022366990464277932
18608,0.688744643576307
18609,0.49615519446712364
18610,0.6586873974011306
18611,0.9297376896883804
18612,-0.47132728937660284
18613,-0.1301783891896234
18614,0.38229185699083124
18615,-0.45107195277584916
18616,0.33919154912876864
18617,0.6197683955341539
18618,0.9502875520267235
18619,-0.47226625512211307
18620,-0.1911149963306355
18621,0.6383424827602754
18622,0.4172095443888166
18623,-0.7558967543308026
18624,0.7124773072046994
18625,0.48312474871416583
18626,0.4477572550884823
18627,0.27241298124534385
18628,0.7465501632476994
18629,0.4483540451032764
18630,0.02827439004038989
18631,0.03741113935640662
18632,-0.1736496141120444
18633,-0.190382999243954
18634,-0.40651951190860713
18635,0.6096341422152569
18636,0.8468840652850429
18637,-0.48264726213047227
18638,0.47163359162181806
18639,0.5696769835601997
18640,0.7831626098029275
18641,-0.8006953066653237
18642,-0.36388025612239716
18643,0.09456752174885434
18644,0.3601982528210215
18645,-0.5694433752862603
18646,0.6643132055654514
18647,-0.1096175150540892
18648,-0.3196008556428392
18649,0.41010152333417577
18650,0.859952166883911
18651,0.6036440802960963
18652,-0.4355211338680425
18653,0.02203196346884367
18654,-0.5306758218928811
18655,0.2527298760911228
18656,-0.054290002112680646
18657,0.8870826291103784
18658,0.9167256304036873
18659,0.519748267422754
18660,-0.8054925339915345
18661,-0.13190995208741194
18662,0.15836579809672688
18663,0.6686345845426598
18664,0.2886087868052625
18665,0.41946552835183404
18666,-0.337947189151026
18667,0.8497640127959281
18668,0.7101109869238366
18669,-0.6436040049358394
18670,0.28619500848430257
18671,-0.25325681896207114
18672,0.24901829435136594
18673,0.5949301721241034
18674,0.17076334898158096
18675,0.554103807040558
18676,0.09028478567747394
18677,0.03433906987227944
18678,0.67890983726582
18679,0.3000300012363934
18680,0.03688253660058626
18681,-0.7238000088977105
18682,-0.8378792144934085
18683,0.9038895501004477
18684,0.17032844233357172
18685,0.6635677476019212
18686,0.40162279784725485
18687,-0.6278789457417294
18688,-0.08467511319452685
18689,-0.7836703342068815
18690,0.2822423278159298
18691,0.4353869339720214
18692,0.4353376363981364
18693,-0.04802185293527768
18694,0.573212386220412
18695,-0.0657822593727283
18696,0.6356899053684228
18697,-0.9191674500915591
18698,-0.005075377909073371
18699,-0.15368319689215865
18700,0.8550687437391918
18701,0.6411568091879521
18702,0.6643128370019553
18703,-0.37303586845183334
18704,-0.2582827698662509
18705,0.3596269336313133
18706,0.921509409675632
18707,0.7439124588727566
18708,0.25287944176138416
18709,0.1901916826431197
18710,-0.4611938318838213
18711,0.5415831671299912
18712,0.8625491070928575
18713,0.24091816408094704
18714,0.6250412497238742
18715,-0.8341091529563232
18716,-0.04500326264211467
18717,0.43295855919118525
18718,0.6925439061167971
18719,-0.08787941377778408
18720,0.6823779109597657
18721,0.5669687967073975
18722,-0.4882066210717299
18723,0.5934065948421278
18724,0.8204730849286431
18725,-0.03906013795420688
18726,-0.05584933102267226
18727,0.4254068518551761
18728,0.33991874033659236
18729,0.7592017621916195
18730,0.35305023674349717
18731,-0.2535845853905392
18732,-0.46856940501721034
18733,0.4344403244446136
18734,0.7621779478756362
18735,-0.9081045720245355
18736,0.08762035337030823
18737,0.49222383944479425
18738,-0.6821736784328846
18739,-0.47512557182124326
18740,-0.3037587051840739
18741,0.7709208701237178
18742,0.21421376803433845
18743,0.7996519656145794
18744,0.5432966591192789
18745,0.6650417267851242
18746,0.30181227752712964
18747,0.5680367945578207
18748,-0.4203643452993459
18749,0.5945944700182805
18750,0.7106234021830251
18751,0.2440743026506928
18752,-0.19684461542844753
18753,0.08804434662130507
18754,0.2469328537445225
18755,0.5738464931913065
18756,-0.38353955419748365
18757,0.47829996281392156
18758,-0.20695635212156502
18759,0.5283340894339584
18760,0.22838615070610507
18761,0.5898314618000652
18762,-0.8848903777857295
18763,0.5945219645288528
18764,0.8301348609794005
18765,-0.14509931940688842
18766,0.5775244191496781
18767,0.889745491016973
18768,-0.5526398263047001
18769,0.23825205896865304
18770,-0.12120838118909683
18771,0.9821230984406505
18772,-0.6876412815357049
18773,0.8578344882564048
18774,-0.3150894793896853
18775,0.2881918340958944
18776,0.5574477713934911
18777,0.5036083577423318
18778,-0.21280779787847334
18779,0.5154152914090341
18780,0.42173049525589257
18781,0.26717840571123147
18782,0.33928969869752484
18783,0.10417778816198701
18784,0.2990905197586436
18785,-0.698650088374772
18786,-0.4316343263030309
18787,-0.06867134871010962
18788,0.4831470991149509
18789,0.5328787104969935
18790,0.33025482609762125
18791,-0.7240793840955624
18792,-0.5239516174756778
18793,0.9691586378548378
18794,0.29603893003764414
18795,-0.9718455981852121
18796,0.20728370327896448
18797,0.6627649071019414
18798,-0.11531606385534489
18799,0.33637558353969804
18800,0.5662741355627526
18801,-0.6579718010010204
18802,-0.2198003828428731
18803,0.3008867880599895
18804,0.17481921562248473
18805,0.6824482801473641
18806,-0.3771733374583856
18807,-0.16069766515252212
18808,0.6864598569466196
18809,0.37467772698754165
18810,0.29872225978751693
18811,-0.23977607200599874
18812,-0.3539239171477364
18813,-0.6834738003698833
18814,-0.5050212394680318
18815,0.2410326556932062
18816,-0.770130458839884
18817,0.804025842804518
18818,-0.4249900647899969
18819,0.23630353319717382
18820,-0.5714427081050488
18821,0.5093792088521633
18822,-0.5507175543406475
18823,0.3484809265208732
18824,0.4702386532594472
18825,-0.2992071642550529
18826,0.014333918067446204
18827,-0.5704117317590713
18828,-0.3785721168450134
18829,0.07977490155792917
18830,0.6009492358513372
18831,0.42011338298642453
18832,-0.681557573662037
18833,0.7354670070330124
18834,0.134923674481487
18835,0.12287753096117153
18836,0.02801522005400254
18837,0.15247168614768442
18838,-0.20921754755731464
18839,0.06565731821465288
18840,-0.30188023206882514
18841,-0.31948511020039994
18842,-0.8787864013584501
18843,-0.40845481639420655
18844,0.309225906586427
18845,-0.44747280825560154
18846,-0.7446767330950416
18847,0.7397852709880044
18848,0.41760644657817525
18849,0.2393145376616861
18850,0.15053438170772518
18851,-0.7216741180687385
18852,-0.5433634472584468
18853,0.4677855283232586
18854,-0.427285367191677
18855,0.5637357800433023
18856,0.5576330523953563
18857,0.02746784795471572
18858,-0.11528186194155755
18859,-0.11132861389935611
18860,0.4620163909343191
18861,-0.2736482950135716
18862,-0.04888207106905171
18863,0.6244616169522405
18864,-0.10646594383297027
18865,0.5540917579959483
18866,0.047653601786161084
18867,-0.7586833711272767
18868,-0.8199453740273347
18869,0.12315081453070818
18870,0.039350106095288606
18871,0.7801200145962149
18872,0.22972681264570963
18873,0.4240940125840885
18874,-0.12025089013619368
18875,0.33224163570570187
18876,0.23112804379351787
18877,0.7868833594273278
18878,0.5841311976264218
18879,0.20545748033226258
18880,-0.28518036014639847
18881,0.24453609221359102
18882,-0.35075136530575063
18883,-0.2122343741936826
18884,0.05990638446151987
18885,0.15560506566685636
18886,0.04816826618533408
18887,-0.3057592270674359
18888,-0.5473977465472653
18889,-0.27613196665978323
18890,-0.49990261347851117
18891,0.08299767591796278
18892,0.25150934158628396
18893,0.7663245542674488
18894,-0.9028452921076133
18895,0.7869516259280279
18896,0.2945031027701718
18897,-0.8786299374996298
18898,-0.53783537815592
18899,0.16892925661763677
18900,-0.053253515538279526
18901,0.6537212071225457
18902,0.7766598320889253
18903,-0.9194194077603127
18904,0.069897098409709
18905,-0.15095275599488978
18906,0.7010270345790488
18907,-0.7596393426065011
18908,0.3642166031978514
18909,0.8198489067472303
18910,-0.2720437971052849
18911,-0.12240228039698073
18912,0.19714987899273984
18913,0.6638096726949594
18914,0.7559388890774437
18915,-0.1480117566210531
18916,0.9749805446664825
18917,-0.5574328345930645
18918,0.7230671749271749
18919,-0.894950137305898
18920,0.1998672039484848
18921,0.16031144320890275
18922,0.08710780352002777
18923,0.010035818800997385
18924,-0.45881526041007703
18925,-0.25557011956734654
18926,-0.12315481175740703
18927,-0.39276318506773605
18928,0.27820573423638056
18929,-0.3700424503346566
18930,0.7978376076792919
18931,0.7774454337426097
18932,-0.5721332044634694
18933,0.7216427683934369
18934,-0.35647848156799156
18935,0.4172140743870237
18936,-0.9017974339505275
18937,0.3330397053656207
18938,0.22374339367597876
18939,0.8192500984359639
18940,0.030712685371327698
18941,0.6729380202829194
18942,0.10557109632677465
18943,0.4403512261277046
18944,0.062078800376503145
18945,0.3691269121660622
18946,0.3003027295205534
18947,-0.06379266402670222
18948,0.7218627102148051
18949,-0.6280531963977452
18950,0.2191769532125169
18951,-0.039783027682116744
18952,-0.7394257818358313
18953,0.22646959130788538
18954,0.48831409563808686
18955,0.6851843452662228
18956,0.9877424418478973
18957,0.6770789061954919
18958,-0.15631016435490744
18959,-0.6863206339862027
18960,0.3364570018263176
18961,-0.7610857864326033
18962,0.15942062891754058
18963,0.46530128391038195
18964,-0.0635872834588162
18965,0.6699910495694875
18966,-0.5495674793489104
18967,-0.31258280555853935
18968,0.8868496282006687
18969,-0.7363169250143746
18970,0.4299642605343647
18971,0.0634412523184766
18972,-0.11643096178838863
18973,0.8767488702894178
18974,0.4069600996300721
18975,-0.0504625148244128
18976,0.5430431076531044
18977,-0.4389482719967658
18978,0.49012926896497316
18979,0.25967415754898604
18980,-0.3239628320166515
18981,-0.438369351774204
18982,0.8701181432542531
18983,-0.4276142215742346
18984,0.6164012907879838
18985,0.2731446397984145
18986,0.34954737587950996
18987,-0.6424885544643635
18988,0.4243912770417667
18989,-0.3156481678215419
18990,0.24170502360271776
18991,0.3918795996533261
18992,-0.8088788117843063
18993,0.21157529400037534
18994,-0.6824871630624144
18995,-0.3555299980165884
18996,0.35477821160325024
18997,0.6003794553954123
18998,0.6343204920982629
18999,-0.4282599797060084
19000,0.4766524215814039
19001,0.8900233824557469
19002,-0.17185355983399778
19003,-0.3565467729760386
19004,-0.2696545691272151
19005,0.17539782259853176
19006,0.8117642293258858
19007,0.8759627907385471
19008,0.3777766636739494
19009,0.7906191411871569
19010,0.3073604573723646
19011,0.07373287425418293
19012,-0.6629010060459307
19013,-0.33756928906957356
19014,0.6888925903305929
19015,0.19134983626990854
19016,0.34137812797412
19017,-0.6962851226761617
19018,0.12498909237996875
19019,0.5394941400284848
19020,0.07727219705283014
19021,-0.31490478972406133
19022,0.5655686845496088
19023,0.036283952671717745
19024,0.1622744880982888
19025,0.7391400006216579
19026,0.7177083533379202
19027,0.48791375962729006
19028,0.2354684641910589
19029,0.6454146785845628
19030,0.6298234544309803
19031,0.18954835456302618
19032,0.9248618919843296
19033,0.9268836120182923
19034,0.2403659387692973
19035,-0.615852308263925
19036,0.26870202759403
19037,0.3477741786735577
19038,0.6263460566103938
19039,0.9298606111092882
19040,-0.31946157322311675
19041,0.1411424014670928
19042,-0.6864873296067864
19043,-0.492712433151189
19044,0.2959030318222202
19045,0.7499118068195431
19046,-0.757169888706169
19047,0.03733963269333626
19048,0.16965477770980672
19049,-0.734085406912297
19050,-0.59413713998434
19051,0.06603935457038868
19052,-0.4088872203523388
19053,-0.9206464823508751
19054,-0.13005007951177386
19055,0.3406324430383724
19056,0.9480643162837196
19057,-0.34166086720928823
19058,-0.15097106795487047
19059,-0.07176462321968986
19060,-0.2396707893477794
19061,0.629256817296795
19062,0.010624010576019272
19063,0.29234715895570423
19064,0.38459199100601826
19065,-0.15867751094473367
19066,0.5732065746582518
19067,0.449976400283212
19068,0.4726736943708876
19069,0.2661182754798892
19070,-0.5234282675454751
19071,0.16316373852248162
19072,0.4415784984476175
19073,-0.5382515514449687
19074,0.5567190411251155
19075,-0.5175794269416807
19076,0.8173548479305055
19077,-0.5518478401040637
19078,0.8386394549694698
19079,-0.0647886596555371
19080,-0.7739276037515157
19081,-0.6540088147076554
19082,0.11922647340213191
19083,-0.20653554211105218
19084,0.5414393918693415
19085,0.44031190536494763
19086,0.8092402047181826
19087,0.5034677355147182
19088,-0.396691933770148
19089,0.2495716548809746
19090,-0.05685591947058753
19091,-0.35788765474438755
19092,0.16633565522928787
19093,-0.25181503415870166
19094,-0.9023954076561109
19095,-0.7345614657674631
19096,-0.7620342566585387
19097,0.10872453880785303
19098,0.7337145620361066
19099,-0.5073549213390939
19100,0.7624884546055857
19101,0.9035524853400997
19102,-0.40712346845007324
19103,0.5488648036404595
19104,0.3712682039775325
19105,-0.08770830230835851
19106,-0.015598514908702196
19107,0.38495132893803435
19108,0.19659010522783907
19109,-0.6534131881827401
19110,0.12580170370150784
19111,-0.901462577010786
19112,-0.5604953801881362
19113,0.1470423355428142
19114,0.692574660081009
19115,0.6195820648611022
19116,0.31191851348517885
19117,-0.8375328005466566
19118,0.4603282567778445
19119,0.9752830486349561
19120,-0.05558366217098905
19121,0.46742534655908907
19122,-0.2657117036890148
19123,0.5287924715519076
19124,0.9115466270626946
19125,0.18155328438833113
19126,-0.2473563048725645
19127,0.21292793738023377
19128,-0.014897074603691106
19129,-0.4378706638249398
19130,-0.4906219811622851
19131,0.7871831609309775
19132,0.7749197999344261
19133,0.44784150496517044
19134,0.766810227788729
19135,0.23748148943859357
19136,-0.031200292555105383
19137,0.6273373950485455
19138,0.693121431456612
19139,-0.12012878136383544
19140,0.44058918584515927
19141,-0.8524382617289422
19142,-0.49606627386377167
19143,-0.30648764732846995
19144,0.5006783238373725
19145,0.6259135521751692
19146,0.2517661939597366
19147,-0.8978066879333199
19148,-0.7048573252020559
19149,0.11419500808010957
19150,0.25655798938402435
19151,-0.25094781662725507
19152,-0.6488357554753876
19153,0.1770573122700301
19154,-0.4684978581455456
19155,0.7270478074848384
19156,-0.1324123552392358
19157,-0.5635280998063594
19158,0.23892078196379993
19159,0.8091655988181213
19160,0.16281175714687005
19161,0.762499388405849
19162,0.03856125047980031
19163,-0.6519614659213687
19164,-0.09584615335897731
19165,0.016984909493882153
19166,0.31795935173111234
19167,0.7516664674019344
19168,-0.3328800533213959
19169,-0.5264692118406611
19170,-0.6813468345783052
19171,0.36165560218759013
19172,-0.4218479340527725
19173,-0.676475196674126
19174,0.770426985208912
19175,0.12169553730490856
19176,0.790339278438837
19177,-0.5667375420636317
19178,0.16195755392574882
19179,-0.5997003339065442
19180,-0.6077625554133563
19181,0.2601484254600515
19182,-0.6586433967968816
19183,-0.20115029261164932
19184,0.2668086409573045
19185,0.144387014174016
19186,0.3764958676152175
19187,-0.06947331915615522
19188,0.49128222948504796
19189,0.9148706910797176
19190,0.19228498096572366
19191,0.1354329696613999
19192,-0.8887846184110263
19193,-0.411109581277794
19194,0.33410804245474907
19195,-0.09094108194252766
19196,0.08466069041756882
19197,0.87564350555711
19198,0.1967497068801074
19199,-0.5862496140540259
19200,0.015006669727455419
19201,0.5801579401133944
19202,0.03577244959784221
19203,-0.13725503168475114
19204,-0.7820948244643167
19205,0.488284659512419
19206,0.5437865569587651
19207,0.17306929131244392
19208,0.09379319251813818
19209,0.14294336752228332
19210,0.34357859078495584
19211,0.5923631979444968
19212,0.0902899432078276
19213,-0.93876257535647
19214,-0.2880465329886773
19215,0.7981474470819764
19216,-0.01427622979723475
19217,0.08302696921161809
19218,-0.5228695315234559
19219,0.7022318950186903
19220,0.23346717222731259
19221,-0.09228243429060166
19222,0.9698346628423071
19223,0.18296908318881444
19224,-0.4473927555659094
19225,0.049108441006002035
19226,0.5278153218653122
19227,-0.0685558054152039
19228,0.34569718374647124
19229,0.8331044143501218
19230,0.09336336022826427
19231,-0.11301484789515685
19232,0.5056670099763863
19233,0.18616952657382554
19234,0.863628261581556
19235,0.6714729234011374
19236,-0.1754839824965588
19237,0.16482595684283355
19238,0.47724494474076584
19239,0.10103911797639839
19240,-0.17975465556620712
19241,0.09619909422705591
19242,0.13018661390114336
19243,0.0826238147430024
19244,-0.3944912525240687
19245,0.2639137309792426
19246,-0.07918251481781016
19247,0.05166066798389614
19248,-0.7475968708337344
19249,-0.017103396966674324
19250,0.6802382646754468
19251,-0.1545718559369428
19252,0.34329655864600683
19253,-0.26054730745847743
19254,0.6295836527451663
19255,-0.8550535090974537
19256,0.5567136828645454
19257,0.35774794028144835
19258,0.6827433537184069
19259,-0.1720252985729577
19260,-0.726320111406642
19261,0.6665143985508789
19262,0.9059771590832753
19263,0.8443001391559998
19264,-0.794068367668691
19265,0.43473744732789166
19266,0.9532751107034856
19267,-0.42777805676473357
19268,-0.17482037364776098
19269,0.577934957177548
19270,-0.2838979489447454
19271,0.5266348032949861
19272,-0.4285228799401582
19273,0.6840914722027318
19274,-0.5768564934080201
19275,0.3840395068430939
19276,0.6991080733546732
19277,-0.48014129628805685
19278,0.016201118190476486
19279,-0.8108784894138429
19280,0.31132231394000504
19281,0.09927518446864762
19282,0.21461180252630277
19283,-0.7321195763869575
19284,0.22022861543030123
19285,0.028274769385448786
19286,0.10090470922462637
19287,0.7089334873768204
19288,0.2794655838035576
19289,0.2784271442858003
19290,-0.1726319688670444
19291,-0.11643166565606954
19292,-0.18773201642357923
19293,-0.7304983962285442
19294,0.39917022616166886
19295,-0.39018117950753156
19296,-0.051873627080638265
19297,-0.3602262020250491
19298,0.9060267524349567
19299,0.37951139166821996
19300,0.155473923285252
19301,-0.5395489370515185
19302,-0.7737877948530806
19303,-0.39998834959178564
19304,0.11889707450591622
19305,-0.6520360007047327
19306,-0.38463630603342924
19307,-0.10798840941569297
19308,0.47779123653608513
19309,0.4258055232417149
19310,0.495060898157495
19311,-0.21994987193511245
19312,0.8485016822259857
19313,-0.7572864864298202
19314,0.059497670868432086
19315,0.7700645460277613
19316,-0.3150468928733191
19317,0.4233572800725731
19318,0.823000952035591
19319,0.19683026303810186
19320,0.7977119449509328
19321,0.259748100665644
19322,0.9313955700674137
19323,-0.2162820864325137
19324,-0.10293020872827965
19325,0.3583872440832641
19326,0.48391274370427967
19327,-0.3683375898011341
19328,0.7982937248364248
19329,-0.773592891659491
19330,-0.540247750654381
19331,0.567984105142942
19332,-0.7905012992909601
19333,0.008859868259229714
19334,0.010628730064329444
19335,0.3042208635198683
19336,0.6657006526272535
19337,0.7940541921014768
19338,0.955199037512263
19339,0.16223473702118474
19340,-0.7309631760908305
19341,-0.6071280328623012
19342,-0.1610680839904287
19343,0.1292626573720155
19344,0.30645083054825184
19345,0.6059245141589349
19346,-0.2744979290236858
19347,-0.4757201073050728
19348,-0.2464928468262459
19349,-0.4716283643091836
19350,-0.03625013436459684
19351,0.18918163499724555
19352,0.13586640562842975
19353,-0.7255181785035442
19354,0.32566475550004076
19355,0.9477745975882824
19356,0.4467897461150092
19357,-0.33593907814467516
19358,0.6995102623628157
19359,0.46105913513426766
19360,0.729193553237813
19361,0.334283700560584
19362,0.3766486451293371
19363,0.09502914678933727
19364,0.7878380005888366
19365,0.6522066489840522
19366,0.11123366085760812
19367,0.25450183609675675
19368,0.930314732384172
19369,0.03263252635690295
19370,-0.17772870423107323
19371,-0.7160840681899701
19372,0.035612442046490715
19373,0.7063156728929852
19374,0.7188547348500713
19375,-0.40036635504470275
19376,0.08921774088088837
19377,0.293303629289984
19378,0.8796385494653063
19379,0.8616265297152134
19380,0.9721633762285141
19381,-0.20356761377851199
19382,0.36224503871281916
19383,0.003478939239246999
19384,0.7119301279483492
19385,0.15202763141142336
19386,0.4307536583521886
19387,-0.38449126717475246
19388,-0.3431065608361104
19389,-0.36745698064606347
19390,0.25425455121949575
19391,-0.2528716245781018
19392,0.4945941825148928
19393,-0.507537201100127
19394,0.02806317539665559
19395,-0.4918835165902699
19396,0.5420418265487208
19397,-0.6186959042044866
19398,-0.5505985737403027
19399,0.1037933367762037
19400,-0.5954018095315592
19401,0.5368917510251019
19402,0.33369769972177443
19403,0.6506106862955275
19404,-0.06811522838359106
19405,-0.1971156092288988
19406,0.8102238793569956
19407,-0.28880453191023636
19408,-0.6246362998408096
19409,0.1327967276970422
19410,0.11945562739243522
19411,0.41594685003211973
19412,0.3859554073574492
19413,0.4365639309566328
19414,-0.1734109952831829
19415,-0.44806130672605704
19416,-0.3996665867983049
19417,0.6244058729560756
19418,0.4394518877513716
19419,0.16174871267496943
19420,0.7979803829626075
19421,0.18083131353685117
19422,0.8054475121821896
19423,0.8784243473240732
19424,0.7464672571779104
19425,0.09054185688543163
19426,0.19323192328427224
19427,0.4551842366235992
19428,-0.36096529256705717
19429,0.6859645436230047
19430,0.03329496809211981
19431,0.01287195687646065
19432,0.018946638220927358
19433,-0.8291707257230656
19434,-0.865269388148252
19435,-0.9030951238123591
19436,0.20635913424896768
19437,-0.5446690203981766
19438,-0.10124611974024288
19439,0.6571123823584526
19440,-0.05795880451808772
19441,0.7750103271537817
19442,0.08559130177204728
19443,-0.6606337889840262
19444,0.9614663569479012
19445,-0.7900764054633471
19446,0.2828915606262699
19447,0.6832472128157264
19448,0.6672442826356364
19449,-0.2990646862140491
19450,-0.45224057616063973
19451,0.1296805139664739
19452,-0.20054297478154165
19453,-0.10519374380312461
19454,0.18889918049563142
19455,0.4809699331224771
19456,-0.28479091993307726
19457,0.15144012906879567
19458,-0.004108761784991634
19459,-0.7338037660991766
19460,-0.3947793814369372
19461,0.9506166757442623
19462,0.7119512614523832
19463,0.17895289581698187
19464,-0.28811598994811777
19465,-0.19737951283658337
19466,0.5111962216256762
19467,0.23015581216776826
19468,0.5682927327089856
19469,-0.4864215355697721
19470,0.49045930653828934
19471,0.15796685601261864
19472,-0.34841367573585297
19473,0.2700941531381564
19474,-0.13092799809706063
19475,0.5116249343621528
19476,0.5684367963002537
19477,0.25931619669186406
19478,0.6272477336969913
19479,0.16015151993194954
19480,0.3078947586280519
19481,-0.5928503471245455
19482,0.8926333603206694
19483,0.28625603831947233
19484,0.911977277079806
19485,0.28841445339320615
19486,0.25322381944286865
19487,0.6793309044414438
19488,0.7202889875950986
19489,-0.12259417927865937
19490,-0.6930524725712632
19491,0.33649348945967067
19492,-0.21796883948488482
19493,0.0054397144531981015
19494,0.638738632026636
19495,0.769036270342722
19496,0.07615307778002962
19497,0.5398299738013222
19498,0.4053439206302475
19499,0.9220295702953886
19500,0.5570173296010195
19501,0.3831819514764378
19502,-0.24551127898062192
19503,-0.1347502847726705
19504,0.6210966502052618
19505,0.03424836086951422
19506,-0.17537486765899238
19507,-0.40858116191800686
19508,-0.03628277583182147
19509,0.4547206171611351
19510,0.5858014150471589
19511,0.8614837348280493
19512,0.2207318585306334
19513,-0.4234662896044859
19514,-0.4242085030930467
19515,0.18096414733946659
19516,0.3736245472467606
19517,0.18966967131119208
19518,0.7227557097895234
19519,0.3881565947861602
19520,-0.3900744009446499
19521,-0.7949637485973104
19522,0.27016978379671586
19523,0.5657419459339933
19524,0.35618511721445045
19525,-0.06263206478525056
19526,0.11833027088857863
19527,0.00207702963281922
19528,-0.3117052344728258
19529,0.5329892689861322
19530,0.7658018595227385
19531,-0.455341314193051
19532,-0.26265660620374937
19533,-0.4637724987800832
19534,-0.7305090492025395
19535,0.3006639366657169
19536,-0.13512187178308543
19537,-0.356910035913334
19538,-0.4617738771825968
19539,-0.184774690178308
19540,0.01177117222942664
19541,0.7016896740785049
19542,-0.2323175171178464
19543,-0.046612057678572925
19544,0.21076566873586905
19545,0.8109512293915283
19546,0.9992549765077666
19547,0.5528584207414853
19548,-0.8200394930376902
19549,-0.6690393322351588
19550,0.00706766047562453
19551,-0.44571697677116767
19552,-0.5853235530044602
19553,-0.25647443253544555
19554,-0.865739693949266
19555,0.30064117856552386
19556,0.3233337152144572
19557,0.4825300328804551
19558,0.7310417486432985
19559,-0.08045073921211009
19560,0.08640100265322521
19561,0.5008359150688548
19562,-0.4550105268573064
19563,0.6696261453073635
19564,-0.7588381762854947
19565,-0.5946444859234161
19566,-0.2708144781133001
19567,0.27178065144095975
19568,0.5300052505283176
19569,0.6072056539365318
19570,0.7135313823456573
19571,0.02104227120264084
19572,-0.059899248942259654
19573,0.6304683897427997
19574,0.31866942119193264
19575,0.8073059726136006
19576,0.9544699073938394
19577,0.15238158649215786
19578,0.524715344027632
19579,0.676670189312196
19580,0.5775376467400177
19581,-0.2165437556376063
19582,-0.8511856377296845
19583,0.45250456875890815
19584,-0.0961522242882724
19585,0.24290125774449864
19586,0.7379132799363142
19587,0.011648252779313882
19588,-0.03827098090848618
19589,0.37574143150902284
19590,0.36943193769949545
19591,0.17862304194612777
19592,0.003284015652183048
19593,0.790105976778892
19594,-0.41450962832586935
19595,-0.5137219939509454
19596,0.6538630558576336
19597,-0.7119828529870667
19598,0.45212979027852834
19599,0.4383213816713333
19600,0.23205288322118245
19601,0.3698969218752902
19602,-0.3009250982998838
19603,-0.12767675951803942
19604,0.6582202502376789
19605,0.3625692457166568
19606,0.45902218727862293
19607,-0.591380083853199
19608,0.46512835939953107
19609,-0.04127359456171004
19610,0.11271825756216944
19611,-0.09448644174541557
19612,-0.5206565368563045
19613,0.7662930188714754
19614,0.44948730112935903
19615,-0.19164818122040378
19616,-0.165537465786727
19617,0.641813875696855
19618,0.18499285892626136
19619,0.9789189017144236
19620,0.18954799593535446
19621,0.9464640581263006
19622,-0.2736930896041626
19623,0.5276389798004658
19624,0.28629315576907877
19625,0.3583703104890682
19626,-0.6515498654086223
19627,-0.652404639852551
19628,0.7568017119727408
19629,0.9356256636256073
19630,0.41831245341686074
19631,0.20506298242947235
19632,0.2855329593167772
19633,-0.45436292742506135
19634,-0.1860674553680772
19635,-0.8687466938120603
19636,-0.1256784296242436
19637,0.21243795387357742
19638,0.22539211541276205
19639,0.09413205519073091
19640,0.14342409010276042
19641,-0.7922065185693088
19642,-0.22608306980328946
19643,-0.27021738525756317
19644,0.6070976500292424
19645,0.48196821355381836
19646,-0.0898476148371678
19647,0.9896497053198263
19648,0.6148640647037867
19649,-0.3231507942834387
19650,0.9512435794082513
19651,-0.3302808859822473
19652,-0.15147308430569575
19653,-0.29618814392875914
19654,-0.5130682604869773
19655,-0.5330739815790326
19656,0.9573484072874952
19657,-0.2983984547110019
19658,-0.6774688954978164
19659,-0.481147534739836
19660,-0.01708618650297495
19661,-0.21877545754296948
19662,0.2074607542548478
19663,0.35987165985054353
19664,0.05246777273070325
19665,0.3398020366458892
19666,0.14233828613244784
19667,-0.6207266190350973
19668,0.3633465435908368
19669,0.22181533346673354
19670,-0.42959612371631334
19671,-0.7505670451086396
19672,-0.23719349373743412
19673,0.7763223063946544
19674,-0.1670746838931123
19675,0.6551420800723158
19676,0.1607394385320731
19677,0.4467179461690085
19678,0.8697339835552583
19679,0.4441892543702477
19680,0.24523510741787585
19681,0.7340452066315754
19682,-0.6194135039199838
19683,-0.3494590263550837
19684,0.5620835570980598
19685,-0.020402989903034133
19686,0.5629460084428075
19687,0.12871275966357654
19688,-0.25993816782354173
19689,0.5232477562163501
19690,0.434411521813634
19691,0.5746559586098526
19692,-0.2575084114838571
19693,0.6042598099042895
19694,-0.531125725978783
19695,0.6144804249515706
19696,0.8387249126032373
19697,0.7540862184974085
19698,-0.6727868169357744
19699,0.22397665759115185
19700,-0.3718754307040424
19701,0.1643074662001077
19702,0.659605957244069
19703,-0.554385900049157
19704,0.029729044169043817
19705,-0.5349407918511055
19706,-0.36531692892222556
19707,0.8972833610588078
19708,-0.3852964995662354
19709,0.44940896079160975
19710,0.7848346955619891
19711,-0.5123841483026795
19712,0.41268945854559386
19713,-0.8551989698784785
19714,0.4525799763128424
19715,-0.7052740348669676
19716,0.46123624542422226
19717,0.8436319086989232
19718,-0.24709401735669706
19719,0.9738679605677827
19720,-0.007598385679553893
19721,0.8235183346935541
19722,0.4925711705715705
19723,0.17023665433431118
19724,-0.3096341620361801
19725,-0.7913587237116877
19726,-0.3721595228894211
19727,-0.3204087428025771
19728,-0.09817800168999825
19729,-0.17299458711010146
19730,0.5168228381669489
19731,0.06522279500680336
19732,0.24792954020236005
19733,-0.1283900959977876
19734,0.8980753432876462
19735,-0.3416960830427653
19736,0.3605522822799587
19737,0.26749747870977003
19738,0.2685379107557793
19739,0.13027629230045
19740,-0.031393216251963896
19741,-0.09176449721624044
19742,0.4354362952827399
19743,0.543269182870356
19744,-0.7297704291546795
19745,0.24206122801002058
19746,-0.04348085728906854
19747,-0.23927070332765812
19748,-0.07241454642631383
19749,0.637940944939509
19750,-0.6103801022031476
19751,0.4909881431271509
19752,-0.4764847501419698
19753,0.7561541071675059
19754,0.7942686413326172
19755,-0.5735590744774429
19756,-0.9869081009330736
19757,0.09024887866587837
19758,0.4887958366070181
19759,0.5754579770979957
19760,0.16246309481257426
19761,0.6195870675576703
19762,-0.10616455200452012
19763,-0.7954000970369671
19764,0.8615374486975703
19765,0.8415124236402527
19766,0.17927465986228325
19767,-0.11488096306230665
19768,-0.16466546559301432
19769,-0.42024314442081
19770,0.6165735743237131
19771,0.5290461432678925
19772,0.7288622958830514
19773,-0.13391863374173738
19774,-0.16826558126769245
19775,-0.1891818390344041
19776,-0.5200165750407029
19777,0.15081808757962356
19778,0.9133365754426704
19779,0.011589876251585451
19780,0.5588935048187754
19781,0.3865932875614938
19782,0.2607581359607665
19783,0.3935294475625476
19784,-0.10514839930965726
19785,-0.4415337999944737
19786,-0.5014840900114681
19787,0.43186008100348916
19788,-0.767794645754932
19789,-0.8002048349198779
19790,-0.07691518005060449
19791,0.2498641844906125
19792,0.28259443008017227
19793,0.15792448743353696
19794,-0.8549661058716609
19795,-0.5205658418327272
19796,-0.8887568742528744
19797,-0.5118187795480023
19798,0.6003454852709321
19799,0.3914979353423049
19800,0.24468443972595877
19801,0.3737958850408388
19802,0.07664248266516097
19803,-0.6759634895678059
19804,0.7759095136227933
19805,0.27673251244518704
19806,0.4905405619052014
19807,-0.4087323538266969
19808,0.9711803665531219
19809,-0.517078607534107
19810,0.47118345429403696
19811,-0.235580170316679
19812,-0.12566920339350948
19813,-0.12626837789105713
19814,-0.2484376372655434
19815,-0.4360834136089019
19816,-0.9520286783497919
19817,-0.057007028180136074
19818,-0.6492187031518004
19819,0.5474611372096724
19820,0.6215492291148549
19821,0.7365051157178545
19822,-0.22230877232501894
19823,-0.19404838780225314
19824,0.2913108811359247
19825,-0.2938519137793847
19826,-0.19874206845045772
19827,-0.4275466603247993
19828,-0.5469946280966552
19829,0.04559600924606497
19830,0.14174273852310249
19831,-0.5733853361340736
19832,-0.24864344980705344
19833,0.32775553625609405
19834,-0.253496007725948
19835,0.24492100573030218
19836,0.46087598601337
19837,-0.2105626734286185
19838,-0.9470057121184847
19839,0.7763963577228842
19840,-0.049209956137047775
19841,0.09705757091812742
19842,0.6376515628586265
19843,0.5796907196214062
19844,0.6531492669218808
19845,0.8235366105115333
19846,-0.051123817827850714
19847,0.24159460979793057
19848,-0.3501474824020918
19849,0.3152802949953307
19850,0.7919358309435682
19851,0.468337075815069
19852,0.6256581802926162
19853,0.1853014474127886
19854,-0.3869400266353258
19855,-0.7707678404891734
19856,0.26988030773081756
19857,0.33790316201278625
19858,-0.15138507903912074
19859,-0.31202221991813167
19860,0.929020139863668
19861,0.09811578714074892
19862,0.09762587417403158
19863,-0.07302382905684698
19864,0.011754436270985155
19865,0.13700163094092238
19866,0.7349567221048495
19867,-0.06690782675867595
19868,0.32451582302953735
19869,-0.1879329496911946
19870,0.7749125391434284
19871,0.3155417053993311
19872,-0.4023377653676244
19873,0.7188516840363972
19874,0.14970864507582307
19875,-0.09309947041047968
19876,0.8975015818045964
19877,0.025844579734449074
19878,0.7960029137533456
19879,-0.46821049753961386
19880,0.14493823409597736
19881,-0.05297921418465266
19882,0.8013170859621198
19883,-0.3072649194110812
19884,-0.20057630879366317
19885,-0.8228209025530087
19886,0.6122352799758672
19887,0.5654381375776999
19888,0.03111663728711644
19889,0.37747472383129893
19890,-0.8422740685693388
19891,0.01435605037679304
19892,-0.7886604807210253
19893,-0.08337960432710129
19894,0.9210543816481971
19895,-0.564909124263854
19896,-0.18987055585205956
19897,0.4475798457135952
19898,0.3516644441546062
19899,0.7241077359625955
19900,-0.05061123820691118
19901,-0.891575565180039
19902,0.3144637570759136
19903,-0.01608053365786642
19904,0.37915256396340974
19905,-0.11526998525881574
19906,-0.7381141451149555
19907,0.037000594919072
19908,-0.14742086725686185
19909,-0.31348020270147753
19910,-0.20026312674511199
19911,-0.016656227238047383
19912,0.7227443918117324
19913,-0.6425810743193844
19914,-0.5285879992308758
19915,-0.017686059843769024
19916,-0.6577395594577211
19917,0.5014488321113182
19918,-0.1799611200420494
19919,-0.41050477960225573
19920,-0.020244512467389567
19921,0.15189740102815708
19922,0.5585377769018967
19923,-0.21882916357687285
19924,0.9117621586283927
19925,-0.39483459434471757
19926,-0.4945666154381448
19927,-0.16885782239616962
19928,0.16226428904657048
19929,-0.5295507046888986
19930,-0.08233319932354763
19931,-0.3170518566868188
19932,0.9366615208535248
19933,0.5082039649453185
19934,0.3468961341683118
19935,0.024133150107220034
19936,0.2931966703998419
19937,-0.01716855410903985
19938,0.5900057350942014
19939,0.7790499270880441
19940,0.020082053245502392
19941,0.08202872143806098
19942,0.25606198805249547
19943,-0.2659076759440951
19944,0.8572058168086919
19945,0.935009655426312
19946,0.10273187341195497
19947,-0.21491553089540597
19948,0.8443490624457023
19949,-0.46681173103968826
19950,0.49252521831495216
19951,0.3313548814481339
19952,0.5520521226627176
19953,-0.1299327122785542
19954,-0.4299362921093015
19955,0.6558238256970114
19956,0.47842185729572917
19957,-0.318591950404155
19958,-0.6392872779198152
19959,0.15491112459584658
19960,-0.2723988878271382
19961,0.9061009603336363
19962,0.7686819176072986
19963,0.20547160706083306
19964,0.6297660008769019
19965,0.08804829464824764
19966,-0.3855314269003456
19967,-0.909982792525576
19968,-0.6549875712413069
19969,0.7976717640972604
19970,-0.2049722626134802
19971,-0.633054832906534
19972,0.21024223381659538
19973,0.13317644388502597
19974,-0.5545991652401733
19975,0.31696766975989416
19976,-0.6934950719917262
19977,-0.26906221455865137
19978,0.177110426325479
19979,-0.12028720371972264
19980,-0.07791226122746035
19981,-0.2655639796047787
19982,-0.6426079261253094
19983,0.46005653516963035
19984,0.015381538122893848
19985,-0.8389289438307774
19986,0.6716887785767011
19987,0.1320933044722596
19988,-0.21026684142233687
19989,0.5435318286978015
19990,0.7844916888163634
19991,0.21819471535840587
19992,-0.6053951945652379
19993,0.12338123470840878
19994,-0.8618487801981602
19995,0.16371480352745582
19996,0.5029825294594239
19997,0.41793927992222346
19998,-0.9593647648991431
19999,-0.10421545821509454
20000,0.16943669611671264
