epsilon,beta,gamma,L,state_term,dynamic_term,envelope
0.000009999999999999999,0,2,1,0.00000002070212204594611740852102992778273311636153449691879769167185129110322,0.000009999800001749991500052499475002999991750052499550001249998250030002569,0.00001002050212379593761746102050493078272486641403404692004768992188129367
0.00001096478196143185,0,2,1,0.00000002376923359889264663295104835513550691772543577751330147608214248358104,0.00001096454151085186496911984111168235314480181862946813017957984106339453,0.00001098831074445075761575279216003748865171954406524564348105592320587811
0.00001202264434617413,0,2,1,0.00000002729075328927116957209951571505931770601177488062678043466750349400679,0.00001202235526126111659507415302037437757066623727353823920512203084569879,0.00001204964601455038776464625253608943688837224904841886598555669834919279
0.000013182567385564074,0,2,1,0.00000003133400448136960878512544275879905152435360407698493982146225751325981,0.00001318221982940731986750495478723258931543723301135722143042088159011731,0.00001321355383388868947629008022999138836696158661543420637024234384763057
0.00001445439770745928,0,2,1,0.00000003597628503827449321454791935278562488552456367108851224910429059561867,0.00001445397985351799196391617145098476625259763231975185411150912025690767,0.00001448995613855626645713071937033755187748315688342294262375822454750329
0.00001584893192461114,0,2,1,0.00000004130634515729887194741758626432240512940432473795235282959038087267109,0.00001584842955429166624666179578234777212615502064600976327149936545076896,0.00001588973589944896511860921336861209453128442497074771562432895583164163
0.000017378008287493764,0,2,1,0.00000004742608417209849902937253781666344439929069027679259402919900045709774,0.00001737740430633374574986792142536263763691689753061669022903086341610913,0.00001742483039050584424889729396317930108131618822089348282306006241656623
0.000019054607179632484,0,2,1,0.00000005445249876736729358396478958964916626253328637308175723391856714097051,0.00001905388103562988691852725499828841050023185776200058829007383297473894,0.00001910833353439725421211121978787805966649439104837367004730775154187991
0.00002089296130854041,0,2,1,0.00000006251991986032187856974314887347279515848196019072511710934053150428015,0.00002089208829283597644646963155955993125765799125302937082043249016788676,0.00002095460821269629832503937470843340405281647321322009593754183069939104
0.000022908676527677746,0,2,1,0.00000007178258092422028649608770372053972203139944465621268194117871572966465,0.00002290762693379666749282173020239820801521403322254766578831894354118383,0.0000229794095147208877793178179061187477372454326672038784702601222569135
0.000025118864315095822,0,2,1,0.00000008241756686859516791535411278446125439871988384078810422369475867215355,0.0000251176024281421939003439244768744311411056821458664393263083033019266,0.00002520001999501078906825927858965889239550440202970722743053199806059875
0.00002754228703338169,0,2,1,0.00000009462819987007717115491320428533303268037602315776800208399975758762828,0.00002754076991479388234162557739054959741239508257718371727707468255028773,0.00002763539811466395951278049059483493044507545860034148527915868230787536
0.000030199517204020192,0,2,1,0.0000001086479269060134183437283406437147694291855097610787520422344263966599,0.00003019769323053985866561975005845992803476512778797640969695201927519684,0.0000303063411574458720839634783991036428041943132977374884489942537015935
0.000033113112148259076,0,2,1,0.0000001247447833406032683201529720090987627136946942366416380938928846358913,0.00003311091925540454752581953951131230353310248752104830793323365783751269,0.00003323566403874515079413969248332140229581618221528494957132755072214859
0.000036307805477010174,0,2,1,0.0000001432265179338017816318750208370899654834767004896924248670617783727344,0.00003630516904729202399374988038914542561905933465768905205266413838064273,0.00003644839556522582577538175540998251558454281135817874447753120015901547
0.000039810717055349695,0,2,1,0.0000001644464772978690865004762981281926093832147784247235243141519011480997,0.00003980754737938042415952908377256885195586549200349764681676218570834527,0.00003997199385667829324602956007069704456524870678192237034107633760949337
0.000043651583224016566,0,2,1,0.0000001888103623576807811432397894846624348101638584315970962064987609170468,0.00004364777244813657638837064490021720845229956951355418694412008205935036,0.00004383658281049425716951388468970187088710973337198578404032658082026741
0.000047863009232263804,0,2,1,0.0000002167839860571355288290598408170536341615172626674582330033733144619047,0.00004785842768883801676023092098746764194198478594100071041207267119100961,0.00004807521167489515228905998082828469557614630320366816864507604450547151
0.00005248074602497723,0,2,1,0.0000002489021807151814217125490066396207984285495321825975627501252215366393,0.00005247523782051682427183266001789331000635066988436158307458585377143039,0.00005272414000123200569354520902453293080477921941654418063733597899296703
0.000057543993733715664,0,2,1,0.0000002857790254383758447226180797208401109396420214381887450054192148234275,0.00005753737144473341432075684414522930709123082124724290745468557809344999,0.00005782315047017179016547946222495014720217046326868109619969099730827341
0.00006309573444801929,0,2,1,0.0000003281195892645880368402297240394451790556525574979921248463971743943369,0.00006308777274417645900403605276694608175472734370602075047534029217007055,0.00006341589233344104704087628249098552693378299626351874260018668934446489
0.00006918309709189363,0,2,1,0.0000003767334147291434362145470151477583485003657644044651627365010014345088,0.00006917352506950945852356105725179174335445013757636211078469079501298699,0.0000695502584842386019597756042669395017029505033407665759474272960144215
0.00007585775750291836,0,2,1,0.0000004325499998672669482563387841884315364236061806967150560316342109213258,0.00007584624946804948876668381504158565734183584518268320563558286734461757,0.00007627879946791675571494015382577408887825945136337992069161450155553889
0.00008317637711026709,0,2,1,0.0000004966365749348404322678533864094272977036950240399213513949992810945229,0.00008316254149783270485451555795131994864827186437538357061838459376058737,0.0000836591780727675452867834113377293759459755593994234919697795930416819
0.00009120108393559096,0,2,1,0.0000005702185140782021257079980631226654612490780528149033621856822604657988,0.00009118444998762777635201003549815117946305259664852466960431186757484245,0.00009175466850170597847771803356127384492430167470133957296649754983530824
0.0001,0,2,1,0.0000006547027726574515631965889789736679029008144705922678843902259575428107,0.00009998000174992500125000000000000000000000000000000000000000000000000115,0.000100634704522582452813196588978973667902900814470592267884390225957544
0.00010964781961431851,0,2,1,0.0000007517047988967493871646259550555695825001859678604898759169013941385684,0.0001096237766324670482100974295652729584055274905377125604951591908452166,0.0001103754814313637975972620555203285279880276765055730503710760922393551
0.00012022644346174131,0,2,1,0.0000008630794351144154620497155451217572871201805132578545287511391744831129,0.0001201975377073211476818762756297291908778197800045794478829633159567525,0.0001210606171424355631439259911748509481649399605178373024117144551312357
0.00013182567385564074,0,2,1,0.0000009909564002565387578418475956119765950706281830465672486304239351732714,0.0001317909218478576534158639146414813073075623570691549421938911613012631,0.0001327818782481141921737057622370932839026329852522015094425215852364363
0.0001445439770745928,0,2,1,0.000001137781033292981142939403586987098721647882305172850573218507450325783,0.0001445021964365638508984389916457812204371419168598120921799262762698892,0.000145639977469856832041378395232768319158789799164984942753144783720215
0.00015848931924611142,0,2,1,0.000001306361077926740253442684423497010720572782540674156265981367905409325,0.0001584390884838835075303143354350602838800268687192190802079205040998496,0.0001597454495618102477837570198585572946005996512598932364739018720052589
0.00017378008287493763,0,2,1,0.000001499920404962433653717815102855047284567134158963944688736034135393986,0.0001737196930239761556708054586787736631496732434220417692475019476251076,0.0001752196134289385893245232737816287104342403775810057139362379817605016
0.00019054607179632481,0,2,1,0.000001722160701814177383282590425471765205873295855403999659175538311527513,0.0001904734682914241195876595514650494975631125095924379534994864310962018,0.0001921956289932382969709421418905212627689858054478419531586619694077293
0.0002089296130854041,0,2,1,0.000001977332311579496010426547990121888947012302744510214116041637814195198,0.0002088423258777167096331180882572188463809762433244290117897320883248432,0.0002108196581892962056435446362473407353279885460689392259057737261390384
0.00022908676527677748,0,2,1,0.000002270315579821993928829136809132251383983426216552498717880522246620728,0.0002289818248222895384667131950816237963037843430047137841477488058148282,0.0002312521404021115323955423318907560476877677692212662828656293280614489
0.0002511886431509582,0,2,1,0.000002606714269093337336335600514573031576347382124943245486479565826549859,0.0002510624794147073504507208563195232928031804015957015067613991146992623,0.0002536691936838006877870564568340963243795277837206447522478786805258121
0.0002754228703338166,0,2,1,0.000002992962833197997104334505930317482995536705058633214030133708786054071,0.0002752711913771774518229680361870157467855296963029612420846796267309023,0.0002782641542103754489273025421173332297810664013615944561148133355169563
0.0003019951720402016,0,2,1,0.000003436449609764817725506130121706909859632431625498404505972400156681692,0.0003018128180650948121960073151290232470943866674045056498652656794967478,0.0003052492676748596299215134452507301569540190990300040543712380796534295
0.0003311311214825911,0,2,1,0.000003945658296018942677594626856153318109238148982451699822349944653144317,0.000330911889373005562131894525740003211135167293680982061226095619898598,0.0003348575476690245048094891525961565292444054426634337610484455645517424
0.0003630780547701014,0,2,1,0.000004530330424710111839875437535662386150817283675624566008231815151542243,0.000362814487169623557438845465068608645684306763608293045266531072626015,0.0003673448175943336692787209026042710318351240472839176112747628877775573
0.00039810717055349735,0,2,1,0.000005201651961814340837499408467188582623863479564905664560283347466495028,0.0003977903023137025129425226307552044629731124925246656138002741571210803,0.0004029919542755168537800220392223930455969759720895712783605575045875754
0.0004365158322401661,0,2,1,0.00000597246761279276514674680339147040722186292997514901889913409410468999,0.0004361348856280045203083374662874594770972490682245005796992978106886181,0.0004421073532407972854550842696789298843191119981996495985984319047933081
0.00047863009232263805,0,2,1,0.000006857526958971390819952300689863827757892329862263539013616491745553484,0.0004781721106364114013499053442574893985887907707499020682388408200581732,0.0004850296375953827921698576449473532263466831006121656072524573118037267
0.0005248074602497723,0,2,1,0.000007873767160493378254188341141171296221928181707439311202736293956210923,0.0005242568674041762060838376687021977297459647716955791876134950472318008,0.0005321306345646695843380260098433690259678929534030184988162313411880117
0.0005754399373371566,0,2,1,0.000009040637669387194041616639053897509303651778176688138686232451909316172,0.0005747780084675890843948706070227309573206665461407880497202568021708542,0.0005838186461369762784364872460766284666243183243174761884064892540801704
0.000630957344480193,0,2,1,0.00001038047320953804065976923534734200855810766213983238585759887870233069,0.0006301615696003570308694040443578815026833887020202673940417390947511722,0.0006405420428098950715291732797052235112414963641600997798993379734535029
0.0006918309709189362,0,2,1,0.00001191892221583407608844353940739770717357854148982105718343965293447948,0.0006908742900419582558488702386397724952089520679022403942989863052878556,0.0007027932122577923319373137780471702023825306093920614514824259582223351
0.0007585775750291835,0,2,1,0.00001368543900105110561306477793100695401203158120675806632810900007577323,0.0007574274588088986647134402881070612676438240003760656269829909355239976,0.0007711128978099497703265050660380682216558555815828236933110999355997708
0.0008317637711026709,0,2,1,0.00001571384915757491618350185913006240326972302978013381817378349779134063,0.000830381115821800561556737673422499775539917471143068702134662068738287,0.0008460949649793754777402395325525621788096405009232025203084455665296277
0.0009120108393559096,0,2,1,0.00001804299912660195365032137900983824412113682083636095015701675962980459,0.0009103486388056662010559627319868075674798298846106785264568235086738739,0.0009283916379322681547062841109966458116009667054470394766138402683036785
0.001,0,2,1,0.00002071750250862583029371963578616428965737507721607153680293683230338773,0.0009980017492501250000000000000000000000000000000000000000000000000000024,0.00101871925175875083029371963578616428965737507721607153680293683230339
0.0010964781961431851,0,2,1,0.00002378859757890721454869835037666797746721453782283322246357421476169732,0.001094075973139361031109979149555210572587814081437868545274219406282648,0.001117864570718268245658677499931878550055028619260701767737793621044345
0.001202264434617413,0,2,1,0.00002731513264854108506693409391059609069378998322482609757903574885862029,0.00119937659466071334359447107279189470091188798057177831844682369705621,0.00122669172730925442866140516670249079160567796379660441602585944591483
0.0013182567385564075,0,2,1,0.00003136469842003407852262070206388342559617786214682177843138398837343635,0.001314785143652834934235723589517708195424787371962849683188045827524683,0.00134614984207286901275834429158159162102096523410967146161942981589812
0.001445439770745928,0,2,1,0.0000360149293773940836572586640550665449664901566299109907514732647074123,0.00144126646012665057662491314067898850866011958940768667163348252150463,0.001477281389504044660282171804734055053626609746037597662384955786212043
0.001584893192461114,0,2,1,0.00004135499958424319894786645958450100707743161034700557468932619328066595,0.001579876381742649439121453005850479675014895583595617264709786768152877,0.001621231381326892638069319465434980682092327193942622839399112961433543
0.0017378008287493763,0,2,1,0.00004748734210862044713171845114319639828491838362552398185169421788985737,0.001731770102601026454167283666147569685827959649738174245070715070860501,0.001779257444709646901299002117290766084112878033363698226922409288750358
0.0019054607179632482,0,2,1,0.00005452962573039245438996195170610484516126679660677723893393057748483386,0.001898211254026051565671096503600715228951387283193668088252425879855821,0.001952740879756444020061058455306820074112654079800445327186356457340655
0.0020892961308540386,0,2,1,0.00006261702771012616667948289070667747740822556509831223935628160733527236,0.002080581760112944971338976294464331421080835499627923092689239525145424,0.002143198787823071138018459185171008898489061064726235332045521132480696
0.0022908676527677724,0,2,1,0.00007190484731589452813073655285746180645542035270869246099635105293413896,0.002280392522541554450447625589413551707093552843919468374141440940247491,0.00235229736985744897857836214227101351354897319662816083513779199318163
0.0025118864315095794,0,2,1,0.00008257151164387716239730730825868078414523231498666350696742004136303929,0.002499294990405305820106148316211608814666403209233086439827675985426061,0.002581866502049182982503455624470289598811635524219749946795096026789101
0.002754228703338166,0,2,1,0.00009482203317818470823799489542794897008658030619731417210775148486644988,0.00273909367138168813985956651935111716056476763395268233993328000924825,0.0028339157045598728480975614147790661306513479401499965120410314941147
0.003019951720402016,0,2,1,0.0001088919876885709062359367119342262771277261547124365372523410478841578,0.003001759640266321973153907851021473201803376189146098085829018645488199,0.003110651627954892879389844562955699478931102343858534623081359693372357
0.003311311214825911,0,2,1,0.00012505209166478282799051333466823882384836001469243199859506099225949,0.003289445099442562866733796964857383006390295740355471514362582120264979,0.003414497191107345694724310299525621830238655755047903512957643112524469
0.003630780547701014,0,2,1,0.0001436134707715141740894633089914032545231482293519695855054267248417179,0.003604499042939849823210303932435428899227493388268718609062721811391135,0.003748112513711363997299767241426832153750641617620688194568148536232853
0.003981071705534973,0,2,1,0.0001649337250582276691377778033227256993596051433860269824901549882937856,0.003949484070954552393097483864393458756529256289220984880595311125626879,0.004114417796012780062235261667716184455888861432607011863085466113920664
0.004365158322401661,0,2,1,0.0001894239132030033487731857234851831228391805324825090257395815364768515,0.00432719439459190957224455184887965705006062750892634535113609351452323,0.004516618307794912921017737572364840172899808041408854376875675051000081
0.004786300923226385,0,2,1,0.000217556597297625881592288369094466512219079698764490064504193454539843,0.004740675060563745183377836590323366229719262755131942622143075498475308,0.004958231657861371064970124959417832741938342453896432686647268953015151
0.005248074602497728,0,2,1,0.0002498751120515337838858262551067267263015759246411858051657247784074354,0.005193242411955297857400247924339166808245387933533357530565697438621899,0.005443117524006831641286074179445893534546963858174543335731422217029334
0.005754399373371573,0,2,1,0.0002870042483488066308189057317229711223121908275373624819752835441619189,0.005688505783130747838098283240167651153212924836182875683601956183766594,0.005975510031479554468917188971890622275525115663720238165577239727928513
0.006309573444801936,0,2,1,0.0003296625714805565725622091050241783146843087578953228180104785470393139,0.006230390403396856292783555318315364492476923456888717201070012540505633,0.006560052974877412865345764423339542807161232214784040019080491087544947
0.006918309709189363,0,2,1,0.0003786766298629576296523759620966763988604832351280689838744197929106665,0.006823161454017806831804486476269675536425919806458902636210551874738797,0.007201838083880764461456862438366351935286403041586971620084971667649463
0.007585775750291836,0,2,1,0.0004349973515548958901778606326896246427237762861586642365731398644004218,0.007471449185187271875081942470048957442984913155877200953808029504461678,0.0079064465367421677652598031027385820857086894420358651903811693688621
0.008317637711026709,0,2,1,0.0004997189745047273414183303096553764443297652175749450521163495617569398,0.008180274951983908974190471186174640196837267133422968469066972587276321,0.008679993926488636315608801495830016641167032350997913521183322149033261
0.009120108393559097,0,2,1,0.0005741009134973701618293897088062607938784880120032971201621121177207437,0.008955077969249548799523673171155878307548034032299517058826762986866484,0.009529178882746918961353062879962139101426522044302814178988875104587227
0.01,0,2,1,0.0006595930338221708248232275042178808253075660350542516170435616860513971,0.009801742512499999999999999999999999999999999999999999999999999999999997,0.01046133554632217082482322750421788082530756603505425161704356168605139
0.01096478196143185,0,2,1,0.0007578648806468194462790626057205559050341638257922308168744359742719442,0.01072662520281372544825191456024756794429516919920852443004456639573573,0.01148449008346054489453097716596812384932933302500075524691900237000767
0.012022644346174132,0,2,1,0.0008708395062728732660215643047502569692330106017963123149437329027020869,0.01173658190515285675400479473632647047989567694567525421479452826247937,0.01260742141142573002002635904107672744912868754747156652973826116518146
0.013182567385564075,0,2,1,0.001000732647669731464304104288326207835433479636333252302679354260053926,0.01283899363833203660725769991892535055024556628461239858304978761916619,0.01383972628600176807156180420725155838567904592094565088572914187922011
0.01445439770745928,0,2,1,0.001150098137355661706275601776286444009017782603950232131881677655497645,0.01404179073698142540241973828744806606531188694240995340680747228874041,0.01519188887433708710869534006373451007432966954636018553868914994423806
0.01584893192461114,0,2,1,0.001321880585999498851652176345504321000375597067441592713198163341807124,0.01535347431699307384554545875015933343064533627042993479875793744861866,0.01667535490299257269719763509566365443102093333787152751195610079042578
0.017378008287493762,0,2,1,0.001519476560190829850059443704638859550676589288320605588291932196804511,0.01678313387126642664711923981175345291372098991913080528654761391785942,0.01830261043145725649717868351639231246439757920745141087483954611466393
0.019054607179632484,0,2,1,0.001746805700000628090890377913251176287927075810545459934609306057940191,0.01834045955681377400689815147095387450091112117932387191512886868954843,0.02008726525681440209778852938420505078883819698986933184973817474748862
0.02089296130854041,0,2,1,0.002008393486064111875459153839108159053969620608437761677373885653648999,0.02003574742182892120055876415412381526834764881947885771323168194419666,0.02204414090789303307601791799323197432231726942791661939060556759784566
0.022908676527677724,0,2,1,0.002309467684702601667227404288928493058237387876225074082898782976964319,0.02187989545632791434302927325469039880533273199340536888696375567791062,0.02418936314103051601025667754361889186357011986963044296986253865487494
0.025118864315095794,0,2,1,0.002656070884221178464702611593494291387626169403605531400929812952030071,0.02388438792662556255543162815399850731928551324637396456358246302230358,0.02654045881084674102013423974749279870691168264997949596451227597433365
0.02754228703338166,0,2,1,0.00305519200122595702938160139529882207942428580543895183864476836653854,0.0260612649667767263388072994167237863336362557260107130340701127712494,0.02911645696800268336818890081202260841306054153144966487271488113778794
0.03019951720402016,0,2,1,0.003514920201822867945585814454406096615259601898031657157764493399503247,0.02842307384464647104292474647774690643164835941561217551255425308366081,0.03193799404646933898851056093215300304690796131364383267031874648316406
0.03311311214825911,0,2,1,0.004044625373242378444511169435568719786183650346777128975126073490132564,0.03098279769357117649542383553832878744031714541922723426413463521955083,0.03502742306681355493993500497389750722650079576600436323926070870968339
0.03630780547701014,0,2,1,0.00465517012780081043105783656964149944228833818780243778670522283554115,0.03375375680239903068035118678409103709530569643136246582677323858690377,0.03840892693019984111140902335373253653759403461916490361347846142244492
0.039810717055349734,0,2,1,0.005359159362891303783868995084519280746537908419181160595633985244027971,0.03674947679088790731481370497503440379133889573519916480348152827515409,0.04210863615377921109868270005955368453787680415438032539911551351918206
0.04365158322401661,0,2,1,0.006171234689097148798183101627277275482013682705839398693586099993858973,0.03998351717378721087969552928696460321373032873081357715959798350883337,0.04615475186288435967787863091424187869574401143665297585318408350269234
0.04786300923226385,0,2,1,0.007108422639938640089381414366506675149854058720760305029759476134575275,0.04346925295368187905561259378879172055324868065122002181529507394825386,0.05057767559362051914499400815529839570310273937198032684505455008282913
0.052480746024977286,0,2,1,0.008190547577902813991112332213479983863869552415430142512052285161648238,0.04721960100976508558138868881984249509324328237357160343721720196721645,0.05541014858766789957250102103332247895711283478900174594926948712886469
0.05754399373371572,0,2,1,0.009440722726291198353095192310008574108081897561380209254173023150925106,0.05124668221290444674819546654065672653189290190416212623965550552449321,0.06068740493919564510129065885066530063997479946554233549382852867541831
0.06309573444801936,0,2,1,0.01088593593618411112208982825068132847897569925306925387060571210525298,0.05556140946352012501185118308448757510100177862489633947531932126543219,0.06644734539970423613394101133516890357997747787796559334592503337068517
0.06918309709189363,0,2,1,0.01255775084442200335673131016046408503836622905345980026023957103954318,0.06017299131228870161471819907557519818051211663421626749220599747119231,0.07273074215671070497144950923603928321887834568767606775244556851073549
0.07585775750291836,0,2,1,0.01449314926421524969443562772726696016987158893512498899856737399075896,0.06508834061428826083970979630917486994957194827734727204096077035782335,0.07958148987850351053414542403644183011944353721247226103952814434858231
0.08317637711026708,0,2,1,0.01673554734531144792452043689362534002412740149191794225428035378007304,0.07031137795926737501813716737198513479025364881970777864610465888101822,0.08704692530457882294265760426561047481438105031162572090038501266109125
0.09120108393559097,0,2,1,0.01933602675475022487498353034073269257064336646965508741728455999972136,0.07584222064370030283904425585550935636856232124983010411636667326446643,0.09517824739845052771402778619624204893920568771948519153365123326418778
0.1,0,2,1,0.02235483356918694430907599554050109658759971494885372002747786427397224,0.08167625,0.1040310835691869443090759955405010965875997149488537200274778642739722
0.000009999999999999999,1/2,1,316,0.00000002070212204594611740852102992778273311636153449691879769167185129110322,0.003120816517914321607323433585928228126274692447980438934353787364140491,0.003120837220036367553440842106958155909007808809514935853151479035991782
0.00001096478196143185,1/2,1,301,0.00000002376923359889264663295104835513550691772543577751330147608214248358104,0.003241111958519678781319862978295156428328270510160338070654678961225422,0.003241135727753277673966495929343511563835188235596115583956155043367906
0.00001202264434617413,1/2,1,288,0.00000002729075328927116957209951571505931770601177488062678043466750349400679,0.003411353149331993265169274029894737205245879249271046523516441213371697,0.003411380440085282536338846129410452264563585261045927150296875880875191
0.000013182567385564074,1/2,1,275,0.00000003133400448136960878512544275879905152435360407698493982146225751325981,0.003568627375023315218234325777917322181005885948432137760128813074007704,0.003568658709027796587843110903360080980057410302036214745068634536265217
0.00001445439770745928,1/2,1,263,0.00000003597628503827449321454791935278562488552456367108851224910429059561867,0.003750625525957355028772904116348049426589655509612266668240413762765205,0.0037506615022423933032661186642674022122145410341759377567526628670558
0.00001584893192461114,1/2,1,251,0.00000004130634515729887194741758626432240512940432473795235282959038087267109,0.003917334418998852880027825763889169651783541155050044143138976035439479,0.003917375725344010178899773181475433974188670559374782095491805625820352
0.000017378008287493764,1/2,1,239,0.00000004742608417209849902937253781666344439929069027679259402919900045709774,0.004063481752638317817159392657764343494901465860972141826356064364817473,0.00406352917872248991565842203030216015834586515166241861895009356381793
0.000019054607179632484,1/2,1,229,0.00000005445249876736729358396478958964916626253328637308175723391856714097051,0.004294309787804226088692694960165542461341064241576724144890221127574106,0.004294364240302993455986278924955132110507326774863097226647455046141247
0.00002089296130854041,1/2,1,218,0.00000006251991986032187856974314887347279515848196019072511710934053150428015,0.004451103276813107232660696616951081279214924907193971669317830052415676,0.004451165796732967554539266360099954752010083389154162394434939392947181
0.000022908676527677746,1/2,1,208,0.00000007178258092422028649608770372053972203139944465621268194117871572966465,0.004644837456414722589604789781697802221460023541394606881832856118183812,0.004644909238995646809891285869401522761182054940839263094514797296899542
0.000025118864315095822,1/2,1,199,0.00000008241756686859516791535411278446125439871988384078810422369475867215355,0.004886376033454607396335935694647744347555271499856975491937914543250562,0.004886458451021475991503851048760528808809670219740816280042138238009234
0.00002754228703338169,1/2,1,190,0.00000009462819987007717115491320428533303268037602315776800208399975758762828,0.00510898549027192651882595489316064755574035163704666280024799491483528,0.005109080118471796595997109806364932888773032013069820568250078914592867
0.000030199517204020192,1/2,1,181,0.0000001086479269060134183437283406437147694291855097610787520422344263966599,0.005305886651803536551965185196184052686198021955903503787444953149388372,0.005305995299730442565383528924524696400967451141413264866196995383814769
0.000033113112148259076,1/2,1,173,0.0000001247447833406032683201529720090987627136946942366416380938928846358913,0.005564992814396953535379622401701610074292380940392073327220979675998459,0.005565117559180294138647942554673619173055094635086309968859073568883095
0.000036307805477010174,1/2,1,165,0.0000001432265179338017816318750208370899654834767004896924248670617783727344,0.005799396169787955070764191587895690809130787663779472711317056646002186,0.005799539396305888872545823462916527899096271140479962403741923707780559
0.000039810717055349695,1/2,1,158,0.0000001644464772978690865004762981281926093832147784247235243141519011480997,0.006115766647205272475293644200343683843077879036533369344290549355608959,0.006115931093682570344380144676641812035687262251311794067814863507510107
0.000043651583224016566,1/2,1,151,0.0000001888103623576807811432397894846624348101638584315970962064987609170468,0.006411452914054092537083577651241822824287908914049628596900984656725467,0.006411641724416450217864720891031307486722719077908060193997191155486384
0.000047863009232263804,1/2,1,144,0.0000002167839860571355288290598408170536341615172626674582330033733144619047,0.006678208770725497429908736371410821578189082476999645833354905573220846,0.006678425554711554565437565431251638631823243994262313291587908946535308
0.00005248074602497723,1/2,1,138,0.0000002489021807151814217125490066396207984285495321825975627501252215366393,0.007058013888396467451744286776106794923968675847067537060346296825008504,0.007058262790577182633165999325113434544767104396599719657909046950230041
0.000057543993733715664,1/2,1,131,0.0000002857790254383758447226180797208401109396420214381887450054192148234275,0.007251272876095327050219614301941607225450498618913967423730302058799326,0.00725155865512076542606433692002132806556143826093540561247530747801415
0.00006309573444801929,1/2,1,125,0.0000003281195892645880368402297240394451790556525574979921248463971743943369,0.007564948449647491461247853890191102661477144876064327422511630356630291,0.007565276569236756049284694119915142106656200528621825414636476753804686
0.00006918309709189363,1/2,1,120,0.0000003767334147291434362145470151477583485003657644044651627365010014345088,0.008035174499847433751269748153930737488965470657945101482188606575513981,0.008035551233262162894705962700945885247313971023709505947351343076515416
0.00007585775750291836,1/2,1,114,0.0000004325499998672669482563387841884315364236061806967150560316342109213258,0.008272694692236604451207370908858050268917706924719232949744152983394798,0.008273127242236471718155627247642238700454130530899929664800184617605719
0.00008317637711026709,1/2,1,109,0.0000004966365749348404322678533864094272977036950240399213513949992810945229,0.008681272812828924694487354578122077669402775089687746367512830578757462,0.008681769449403859534919622431508487096700478784711786288864225578038556
0.00009120108393559096,1/2,1,104,0.0000005702185140782021257079980631226654612490780528149033621856822604657988,0.009052647423539316284025364663863847614812904176355976767599749966742312,0.009053217642053394486151072661926970280274153254408791670961935649002778
0.0001,1/2,1,99,0.0000006547027726574515631965889789736679029008144705922678843902259575428107,0.009374733319054341582274076009204274371517214628465442118827581301855424,0.009375388021826999033837272598183248039420115442936034386711971527812967
0.00010964781961431851,1/2,1,95,0.0000007517047988967493871646259550555695825001859678604898759169013941385684,0.009941436707452791066217602464621122542110208200112430039504556115105745,0.009942188412251687815604767090576178111692708386080290529380473016499883
0.00012022644346174131,1/2,1,91,0.0000008630794351144154620497155451217572871201805132578545287511391744831129,0.01048617098309865668807215985308401398697604539995877056443700358580918,0.01048703406253377110353420956862913574426316558047202841896575472498366
0.00013182567385564074,1/2,1,87,0.0000009909564002565387578418475956119765950706281830465672486304239351732714,0.01099662717000409205169960851736779337680863559181861592873192330229876,0.01099761812640434859045745036496340535340370622000166249598055372623393
0.0001445439770745928,1/2,1,83,0.000001137781033292981142939403586987098721647882305172850573218507450325783,0.01145897554450503690605468844892305278156093642849534718876378690122033,0.01146011332553832988719762785251003988028258431080052003933700540867065
0.00015848931924611142,1/2,1,79,0.000001306361077926740253442684423497010720572782540674156265981367905409325,0.01185798286037203248529652673704062647803042723751120393972089917274439,0.0118592892214499592255499694214641234887510000200518780959868805406498
0.00017378008287493763,1/2,1,75,0.000001499920404962433653717815102855047284567134158963944688736034135393986,0.01217723024730871397618899619221648960466687342078905655596801133239364,0.01217873016771367640984271400731934465195144055494802050065674736652904
0.00019054607179632481,1/2,1,72,0.000001722160701814177383282590425471765205873295855403999659175538311527513,0.01292222788919667724050798409759356940344862638821215358012017304958153,0.01292395004989849141789126668801904116865449968406755757977934858789306
0.0002089296130854041,1/2,1,69,0.000001977332311579496010426547990121888947012302744510214116041637814195198,0.01364102829491524746459417009478949991319257429276074870060220909579627,0.01364300562722682696060459664277962180213958659550525891471825073361047
0.00022908676527677748,1/2,1,66,0.000002270315579821993928829136809132251383983426216552498717880522246620728,0.01431801675284559002838341214368774594114530762210982729619751989150856,0.01432028706842541202231224128049687819252929104832637979491540041375518
0.0002511886431509582,1/2,1,63,0.000002606714269093337336335600514573031576347382124943245486479565826549859,0.0149356165109729730456945304953581277718552539777715299968034965924173,0.01493822322524206638303086609587270080343160135989647324228997615824385
0.0002754228703338166,1/2,1,60,0.000002992962833197997104334505930317482995536705058633214030133708786054071,0.01547442291829885024519776411731319000355407992544124879571991469771352,0.01547741588113204824230209862324350748654961663049988200975004840649958
0.0003019951720402016,1/2,1,57,0.000003436449609764817725506130121706909859632431625498404505972400156681692,0.01591345988696391349381535729859189520542644836540625704787651139055102,0.0159168963365736783115408634287136021152860807970317554523824837907077
0.0003311311214825911,1/2,1,54,0.000003945658296018942677594626856153318109238148982451699822349944653144317,0.01623058848696124758233074380851594196974216562466639687197953721607335,0.01623453414525726652500833843537209528785140377364884857180188716072649
0.0003630780547701014,1/2,1,52,0.000004530330424710111839875437535662386150817283675624566008231815151542243,0.01736515288191422071852832623779740682039550902152777954867372290875784,0.01736968321233893083036820167533306920654632630520340411468195472390939
0.00039810717055349735,1/2,1,50,0.000005201651961814340837499408467188582623863479564905664560283347466495028,0.01849512372604730204101024724749149161109426636977191307805592745663977,0.01850032537800911638184774665595868019371812984933681874261621080410626
0.0004365158322401661,1/2,1,47,0.00000597246761279276514674680339147040722186292997514901889913409410468999,0.01843087166315674521427872041951842629850565861366929344617428971648389,0.01843684413076953797942546722290989670572752154364444246507342381058858
0.00047863009232263805,1/2,1,45,0.000006857526958971390819952300689863827757892329862263539013616491745553484,0.01938112434179478851480024042016201741694915766884168984601226833692235,0.01938798186875375990562019272085188124470704999870395338502588482866791
0.0005248074602497723,1/2,1,43,0.000007873767160493378254188341141171296221928181707439311202736293956210923,0.02025955132962548454600707161397644728375943901191992885213800772912534,0.02026742509678597792426125995511761857998136719362736816334074402308155
0.0005754399373371566,1/2,1,41,0.000009040637669387194041616639053897509303651778176688138686232451909316172,0.02104096702651423437890246991642466346329004031976347960050178864317714,0.02105000766418362157294408655547856097259369209794016773918802109508646
0.000630957344480193,1/2,1,39,0.00001038047320953804065976923534734200855810766213983238585759887870233069,0.02169798888078657379858018737504138107185808395701594817841027314461042,0.02170836935399611183923995661038872308041619161915578056426787202331275
0.0006918309709189362,1/2,1,38,0.00001191892221583407608844353940739770717357854148982105718343965293447948,0.02399327963381405018384720719698513824638547887436523053642592407487357,0.02400519855602988425993565073639253595355905741585505159360936372780805
0.0007585775750291835,1/2,1,36,0.00001368543900105110561306477793100695401203158120675806632810900007577323,0.02444327889182582919431322940118724685250353765877422171809774749474789,0.02445696433082688029992629417911825380651556923998097978442585649482366
0.0008317637711026709,1/2,1,34,0.00001571384915757491618350185913006240326972302978013381817378349779134063,0.02467621912811059528342720610010294727117341303178168595760567171259508,0.02469193297726817019961070795923300967444313606156181977577945521038642
0.0009120108393559096,1/2,1,33,0.00001804299912660195365032137900983824412113682083636095015701675962980459,0.02695953481572293019923936521194732165369138031517241496388637412809047,0.02697757781484953215288968659095715989781251713600877591404339088772028
0.001,1/2,1,31,0.00002071750250862583029371963578616428965737507721607153680293683230338773,0.02678907895012172512128406421127489737406494393222040913981773485087359,0.02680979645263035095157778384706106166372231900943648067662067168317698
0.0010964781961431851,1/2,1,30,0.00002378859757890721454869835037666797746721453782283322246357421476169732,0.02900428211459398594397260264447439629908746110927345411359550635958177,0.02902807071217289315852130099485106427655467564709628733605908057434347
0.001202264434617413,1/2,1,28,0.00002731513264854108506693409391059609069378998322482609757903574885862029,0.02828059873001789557950228728901369659954371787198173305728886718191637,0.02830791386266643666456922138292429269023750785520655915486790293077499
0.0013182567385564075,1/2,1,27,0.00003136469842003407852262070206388342559617786214682177843138398837343635,0.03028966540509269514376313574480029759954375691021276056305171635533556,0.030321030103512729222285756446864181025139934772359582341483100343709
0.001445439770745928,1/2,1,26,0.0000360149293773940836572586640550665449664901566299109907514732647074123,0.03230229484009645056599284739166902019772822271297115535252837548640677,0.03233830976947384464965010605572408674269471286960106634327984875111418
0.001584893192461114,1/2,1,25,0.00004135499958424319894786645958450100707743161034700557468932619328066595,0.03429064623054072751173656211979483063282312268406913318273321948736044,0.03433200123012497071068442857937933163990055429441613875742254568064111
0.0017378008287493763,1/2,1,23,0.00004748734210862044713171845114319639828491838362552398185169421788985737,0.03207132067617740150998468192356823732173207737883224562298860337543542,0.03211880801828602195711640037471143372001699576245776960484029759332528
0.0019054607179632482,1/2,1,22,0.00005452962573039245438996195170610484516126679660677723893393057748483386,0.03352730008262289353902790053540142131231516196044458626647797523026169,0.03358182970835328599341786248710752615747642875705136350541190580774653
0.0020892961308540386,1/2,1,21,0.00006261702771012616667948289070667747740822556509831223935628160733527236,0.03483305664256770951245060580601167899060350509759403445004868269869422,0.03489567367027783567913008869671835646801173066269234668940496430602949
0.0022908676527677724,1/2,1,20,0.00007190484731589452813073655285746180645542035270869246099635105293413896,0.03594673713388697591395974607258083123516071484707600785461336352143204,0.03601864198120287044209048262543829304161613519978470031560971457436617
0.0025118864315095794,1/2,1,19,0.00008257151164387716239730730825868078414523231498666350696742004136303929,0.03682395112843870601062000674711519271554404086355647425285679467587542,0.03690652264008258317301731405537387349968927317854313775982421471723846
0.002754228703338166,1/2,1,19,0.00009482203317818470823799489542794897008658030619731417210775148486644988,0.04359601692848666904363425744464196406789874749972455075177015226790025,0.0436908389616648537518722523400699130379853278059218649238779037527667
0.003019951720402016,1/2,1,18,0.0001088919876885709062359367119342262771277261547124365372523410478841578,0.04427521541400930659093712464987432355603073813699802920374590272178961,0.04438410740169787749717306136180854983315846429171046574099824376967377
0.003311311214825911,1/2,1,17,0.00012505209166478282799051333466823882384836001469243199859506099225949,0.04456630646077928019600268703402728181980822492534781336566427547871449,0.04469135855244406302399320036869552064365658494004024536425933647097398
0.003630780547701014,1/2,1,16,0.0001436134707715141740894633089914032545231482293519695855054267248417179,0.04441731926971970622881446822244326679649242880389038772632332502473983,0.04456093274049122040290393153143467005101557703324235731182875174958155
0.003981071705534973,1/2,1,15,0.0001649337250582276691377778033227256993596051433860269824901549882937856,0.0437804371951174188862327160616015958944087581225514777023853021137483,0.04394537092017564655537049386492432159376836326593750468487545710204208
0.004365158322401661,1/2,1,15,0.0001894239132030033487731857234851831228391805324825090257395815364768515,0.05164314810347773709636774009781583638915892684835156125639160145225339,0.05183257201668074044514092582130101951199810738083407028213118298873024
0.004786300923226385,1/2,1,14,0.000217556597297625881592288369094466512219079698764490064504193454539843,0.05024847708919925670185821539880776803199603095939532426316176256189933,0.05046603368649688258345050376790223454421511065815981432766595601643917
0.005248074602497728,1/2,1,13,0.0002498751120515337838858262551067267263015759246411858051657247784074354,0.04820104713166897564143424932735891120612417206676715785948742063090572,0.04845092224372050942532007558246563793242574799140834366465314540931316
0.005754399373371573,1/2,1,13,0.0002870042483488066308189057317229711223121908275373624819752835441619189,0.05671365626376147068009926308583209616532866211457341531531811771332623,0.05700066051211027731091816881755506728764085294211077779729340125748815
0.006309573444801936,1/2,1,12,0.0003296625714805565725622091050241783146843087578953228180104785470393139,0.05350597587360206916683127606665125722029071793907965599319379103957766,0.05383563844508262573939348517167543553497502669697497881120426958661697
0.006918309709189363,1/2,1,12,0.0003786766298629576296523759620966763988604832351280689838744197929106665,0.06281566651008768975294718568994701679472577746908241548286155188941443,0.0631943431399506473825995616520436931935862607042104844667359716823251
0.007585775750291836,1/2,1,11,0.0004349973515548958901778606326896246427237762861586642365731398644004218,0.05814057156223770207013113983272837106596408397303468289291608588942459,0.05857556891379259796030900046541799570868786025919334712948922575382501
0.008317637711026709,1/2,1,10,0.0004997189745047273414183303096553764443297652175749450521163495617569398,0.052617110296082864040768389156782361608714025064358582354215183095174,0.05311682927058759138218671946643773805304379028193352740633153265693094
0.009120108393559097,1/2,1,10,0.0005741009134973701618293897088062607938784880120032971201621121177207437,0.06164337261591275737331088009456722409021880497565047141700820488835805,0.06221747352941012753514026980337348488409729298765376853717031700607879
0.01,1/2,1,10,0.0006595930338221708248232275042178808253075660350542516170435616860513971,0.0720456517581926834030158104893690078992375038056730134151902030784256,0.072705244792014854227839037993586888724545069840727265032233764764477
0.01096478196143185,1/2,1,9,0.0007578648806468194462790626057205559050341638257922308168744359742719442,0.06350549041786707945844055598331932206201408203262897834160397342471466,0.0642633552985138989047196185890398779670482458584212091584784093989866
0.012022644346174132,1/2,1,9,0.0008708395062728732660215643047502569692330106017963123149437329027020869,0.07406734594498627994112853000253804135799695423744259770722948171902396,0.07493818545125915320715009430728829832722996483923891002217321462172605
0.013182567385564075,1/2,1,8,0.001000732647669731464304104288326207835433479636333252302679354260053926,0.06321403925068592677108402357885160452343310493006137980972880691612928,0.06421477189835565823538812786717781235886658456639463211240816117618321
0.01445439770745928,1/2,1,8,0.001150098137355661706275601776286444009017782603950232131881677655497645,0.07359355782205174282283759500868951742122717571223312223054368184474881,0.07474365595940740452911319678497596143024495831618335436242535950024646
0.01584893192461114,1/2,1,7,0.001321880585999498851652176345504321000375597067441592713198163341807124,0.06031800391781452234275890703203408618168127696727441963782316142535585,0.06163988450381402119441108337753840718205687403471601235102132476716297
0.017378008287493762,1/2,1,7,0.001519476560190829850059443704638859550676589288320605588291932196804511,0.07012610760098008439155540791689088476485001929031182720736393632752794,0.07164558416117091424161485162152974431552660857863243279565586852433245
0.019054607179632484,1/2,1,7,0.001746805700000628090890377913251176287927075810545459934609306057940191,0.08127995200378514047798717205601927256167987209051269459430143247268104,0.08302675770378576856887754996927044884960694790105815452891073853062123
0.02089296130854041,1/2,1,6,0.002008393486064111875459153839108159053969620608437761677373885653648999,0.06334410613873733759172129063288687923329329752112902417890386829089263,0.06535249962480144946718044447199503828726291812956678585627775394454163
0.022908676527677724,1/2,1,6,0.002309467684702601667227404288928493058237387876225074082898782976964319,0.07336557816924893060934940903351138924407589842530501709800575808644127,0.07567504585395153227657681332243988230231328630153009118090454106340559
0.025118864315095794,1/2,1,6,0.002656070884221178464702611593494291387626169403605531400929812952030071,0.08468519561091252841260333881250004334912632261611170499587576211391747,0.08734126649513370687730595040599433473675249201971723639680557506594754
0.02754228703338166,1/2,1,6,0.00305519200122595702938160139529882207942428580543895183864476836653854,0.09739329986060888966477078236922029280409230792799407660567955077421118,0.1004484918618348466941523837645191148835165937334330284443243191407497
0.03019951720402016,1/2,1,5,0.003514920201822867945585814454406096615259601898031657157764493399503247,0.07123411966642673530261426409200204086081325041396428635147626979773463,0.07474903986824960324820007854640813747607285231199594350924076319723788
0.03311311214825911,1/2,1,5,0.004044625373242378444511169435568719786183650346777128975126073490132564,0.08195940738569182133600552236869609607148836076531213112448925003665344,0.086004032758934199780516691804264815857672011112089260099615323526786
0.03630780547701014,1/2,1,5,0.00465517012780081043105783656964149944228833818780243778670522283554115,0.09392809926616581205736999188982214366909534942453386880028417303629145,0.0985832693939666224884278284594636431113836876123363065869893958718326
0.039810717055349734,1/2,1,5,0.005359159362891303783868995084519280746537908419181160595633985244027971,0.1071863807665357770900496335690046334988050055337429972541436799406473,0.1125455401294270808739186286535239142453429139529241578497776651846753
0.04365158322401661,1/2,1,4,0.006171234689097148798183101627277275482013682705839398693586099993858973,0.07175370776589070569234791240344089784382134955499370269574031562557612,0.07792494245498785449053101403071817332583503226083310138932641561943509
0.04786300923226385,1/2,1,4,0.007108422639938640089381414366506675149854058720760305029759476134575275,0.08210279608103502423202306428087126259227839055310400389941781775980793,0.08921121872097366432140447864737793774213244927386430892917729389438321
0.052480746024977286,1/2,1,4,0.008190547577902813991112332213479983863869552415430142512052285161648238,0.09353066854918190259296681956151411231183148715592881024124366293093046,0.1017212161270847165840791517749940961757010395713589527532959480925787
0.05754399373371572,1/2,1,4,0.009440722726291198353095192310008574108081897561380209254173023150925106,0.1060427069650040645329526559361809890800545518716882624073407913783487,0.1154834296912952628860478482461895631881364494330684716615138145292739
0.06309573444801936,1/2,1,3,0.01088593593618411112208982825068132847897569925306925387060571210525298,0.06178141425657409095804306516766641313160687961880292454233539165783946,0.07266735019275820208013289341834774161058257887187217841294110376309244
0.06918309709189363,1/2,1,3,0.01255775084442200335673131016046408503836622905345980026023957103954318,0.07052686732731530296537127891755707130190535979195505261833420964893618,0.08308461817173730632210258907802115634027158884541485287857378068847936
0.07585775750291836,1/2,1,3,0.01449314926421524969443562772726696016987158893512498899856737399075896,0.08013694003440161153412548152866810638198723521412116566175721819855536,0.09463008929861686122856110925593506655185882414924615466032459218931432
0.08317637711026708,1/2,1,3,0.01673554734531144792452043689362534002412740149191794225428035378007304,0.09060067745475597949747450160037372225932599618527002739101715353808195,0.107336224800067427421994938493999062283453397677187969645297507318155
0.09120108393559097,1/2,1,3,0.01933602675475022487498353034073269257064336646965508741728455999972136,0.1018783382328305461683964218357661059164068575293377001193365924492203,0.1212143649875807710433799521764987984870502239989927875366211524489416
0.1,1/2,1,3,0.02235483356918694430907599554050109658759971494885372002747786427397224,0.11389591347391970223875,0.1362507470431066465478259955405010965875997149488537200274778642739722
0.000009999999999999999,1/2,3/2,316,0.00000002070212204594611740852102992778273311636153449691879769167185129110322,0.9868888356084930506916130688184639643175358491796455285106126224388581,0.9868888563106150966377304773394938921002689655411800254294103141107094
0.00001096478196143185,1/2,3/2,301,0.00000002376923359889264663295104835513550691772543577751330147608214248358104,0.9788001635147052157061863237050624255098635899670147371112151066124791,0.9788001872839388145988329566561107806453705076924505146245165826946216
0.00001202264434617413,1/2,3/2,288,0.00000002729075328927116957209951571505931770601177488062678043466750349400679,0.9838449950963629177536607822059145779781783274984775541527353675587708,0.9838450223871162070248303543054302930374960335102524347795158022262743
0.000013182567385564074,1/2,3/2,275,0.00000003133400448136960878512544275879905152435360407698493982146225751325981,0.9828815947807549003422068532569582024955248651727563526524428355970597,0.9828816261147593817118156383824009612945763895263604296373826570593172
0.00001445439770745928,1/2,3/2,263,0.00000003597628503827449321454791935278562488552456367108851224910429059561867,0.9865150270511411172134166948228676140784146655130004896024546828303954,0.986515063027426155487909909370786966864039551037564160690966931934686
0.00001584893192461114,1/2,3/2,251,0.00000004130634515729887194741758626432240512940432473795235282959038087267109,0.9839899174768681264221862141623933034267179988704583415654605892958448,0.9839899587832132837210581615799795677491231282747830795178134188862257
0.000017378008287493764,1/2,3/2,239,0.00000004742608417209849902937253781666344439929069027679259402919900045709774,0.9747613794063808414076659024018045963086452834720305839766435894270495,0.9747614268324650135061649317743424129720896827627208607692376186260499
0.000019054607179632484,1/2,3/2,229,0.00000005445249876736729358396478958964916626253328637308175723391856714097051,0.9837695383844737818118229328558899082166816335317504911195660009619033,0.9837695928369725491791165168206794978658478960650368642013232348804705
0.00002089296130854041,1/2,3/2,218,0.00000006251991986032187856974314887347279515848196019072511710934053150428015,0.9737952933247814733239163722202065139930581169152349526633643173751741,0.9737953558447013336457949419633553874658532753971951433884814267157056
0.000022908676527677746,1/2,3/2,208,0.00000007178258092422028649608770372053972203139944465621268194117871572966465,0.9704440926133194869881260954953290848404075376655962351155553362591973,0.970444164395900411208412591583032805380129569065040891328237277437913
0.000025118864315095822,1/2,3/2,199,0.00000008241756686859516791535411278446125439871988384078810422369475867215355,0.9749601956319087376983321775566084857334894477572381504695945415154272,0.9749602780494756062935000929107212701947438464771219912576987652101859
0.00002754228703338169,1/2,3/2,190,0.00000009462819987007717115491320428533303268037602315776800208399975758762828,0.9734971160357353000455913951565021465208554174687637852406248151653566,0.9734972106639351701227625500697064318538880978447869430086268991651142
0.000030199517204020192,1/2,3/2,181,0.0000001086479269060134183437283406437147694291855097610787520422344263966599,0.9655126495974140905855242441931359497859582677537224035939720784136378,0.9655127582453409965989425879214765935007276969392321646727241206480642
0.000033113112148259076,1/2,3/2,173,0.0000001247447833406032683201529720090987627136946942366416380938928846358913,0.9670849124843350145322090329124043095071699216601226376804596925976195,0.9670850372291183551354773530653763186059326353548168743220977864905042
0.000036307805477010174,1/2,3/2,165,0.0000001432265179338017816318750208370899654834767004896924248670617783727344,0.962460195442362139944524097989348401327609421524496410720002585864312,0.9624603386688800737463057298643692384175749050011969004124274529260904
0.000039810717055349695,1/2,3/2,158,0.0000001644464772978690865004762981281926093832147784247235243141519011480997,0.9692836925836368307446096074622868868980402808274945667119678551025771,0.9692838570301141286136961079385850150906496640422729914354921692544783
0.000043651583224016566,1/2,3/2,151,0.0000001888103623576807811432397894846624348101638584315970962064987609170468,0.9704126676885680551894402785884743895213455738535712921478104624405094,0.9704128564989304128702214218282638741837803840174297237449066689392703
0.000047863009232263804,1/2,3/2,144,0.0000002167839860571355288290598408170536341615172626674582330033733144619047,0.9652948554550908455459427202201811016124226823861481454952288420945168,0.9652950722390769026814715492800219186660568439034108129534618454678312
0.00005248074602497723,1/2,3/2,138,0.0000002489021807151814217125490066396207984285495321825975627501252215366393,0.9742771310891108182378640964823296064675829607295887339805099331306506,0.9742773799912915334192858090313362460883813892791209165780726832558721
0.000057543993733715664,1/2,3/2,131,0.0000002857790254383758447226180797208401109396420214381887450054192148234275,0.9559039332023966150621321209496608131254998311110894760866871668431694,0.9559042189814220534379768435677405339656107707531109142754321722623843
0.00006309573444801929,1/2,3/2,125,0.0000003281195892645880368402297240394451790556525574979921248463971743943369,0.9523705842174117637419007070787491604386823808055488697063897485864471,0.9523709123370010283299375473084731998838614364581063676985145949836215
0.00006918309709189363,1/2,3/2,120,0.0000003767334147291434362145470151477583485003657644044651627365010014345088,0.9660404527111329771462121078153298650986953492571191859957508110753036,0.966040829444547706289648322362345012857043849622883590460913547576305
0.00007585775750291836,1/2,3/2,114,0.0000004325499998672669482563387841884315364236061806967150560316342109213258,0.9498324370429498347281204910214851022681612367976346944677021721161656,0.9498328695929497019950687473602692906996976604038153911827582037503765
0.00008317637711026709,1/2,3/2,109,0.0000004966365749348404322678533864094272977036950240399213513949992810945229,0.9518826354037533774933997662811980765732740373701349812516184378660671,0.9518831320403283123338320341345844860005717410651590211729698328653482
0.00009120108393559096,1/2,3/2,104,0.0000005702185140782021257079980631226654612490780528149033621856822604657988,0.9479285552627441550471553543803473579038006818684463734242860785869267,0.9479291254812582332492810623784104805692619309464991883276482642691872
0.0001,1/2,3/2,99,0.0000006547027726574515631965889789736679029008144705922678843902259575428107,0.937473331905434158227407600920427437151721462846544211882758130185537,0.9374739866082068156789707975094064108196243636610148041506425204114946
0.00010964781961431851,1/2,3/2,95,0.0000007517047988967493871646259550555695825001859678604898759169013941385684,0.9493998350018770174661530067715326681466187975200205382664210425165495,0.9494005867066759142155401713974877237162012977059883987562969594179436
0.00012022644346174131,1/2,3/2,91,0.0000008630794351144154620497155451217572871201805132578545287511391744831129,0.9563501599925390344033141708208585841803953298970901157356597986175054,0.9563510230719741488187762205364037059376824500776033735901885497566799
0.00013182567385564074,1/2,3/2,87,0.0000009909564002565387578418475956119765950706281830465672486304239351732714,0.9577661877395338390828632474644613291220891866154198642956197202157409,0.9577671786959340956216210893120569410986842572436029108628683506396761
0.0001445439770745928,1/2,3/2,83,0.000001137781033292981142939403586987098721647882305172850573218507450325783,0.953116071187079076511783000660980163197162260437027425621719720551194,0.9531172089681123694929259400645671502958839083193325984722929390586443
0.00015848931924611142,1/2,3/2,79,0.000001306361077926740253442684423497010720572782540674156265981367905409325,0.9419130592870100660571550788742584839421553143121104656777291430769993,0.9419143656480879927974085215586819809528758870946511398339951244449047
0.00017378008287493763,1/2,3/2,75,0.000001499920404962433653717815102855047284567134158963944688736034135393986,0.9237373791575469782095667613411818778585237649670770319922347465928886,0.923738879077951940643220479156284732905808332101235995936923482627024
0.00019054607179632481,1/2,3/2,72,0.000001722160701814177383282590425471765205873295855403999659175538311527513,0.9361326567218004942846243074712052825041247472349868454895653278809088,0.9361343788825023084620075900616307542693306205308422494892245034192203
0.0002089296130854041,1/2,3/2,69,0.000001977332311579496010426547990121888947012302744510214116041637814195198,0.9437285849603896923052324241462997776533790514328339839278457337120859,0.9437305622927012718012428506942898995423260637355784941419617753499001
0.00022908676527677748,1/2,3/2,66,0.000002270315579821993928829136809132251383983426216552498717880522246620728,0.9459819857068072813887499769812460540862979941356866865132433604910742,0.9459842560223871033826788061180551863376819775619032390119612410133208
0.0002511886431509582,1/2,3/2,63,0.000002606714269093337336335600514573031576347382124943245486479565826549859,0.9423736931938032610123840829027837455744846345805577466618480698247382,0.9423762999080723543497204185032983186060609819626826899073345493905647
0.0002754228703338166,1/2,3/2,60,0.000002992962833197997104334505930317482995536705058633214030133708786054071,0.9324261868389711011314030993091000390777340764708410329986478145568823,0.9324291798018042991285074338150303565607296131758996662126779482656683
0.0003019951720402016,1/2,3/2,57,0.000003436449609764817725506130121706909859632431625498404505972400156681692,0.9157240360171875085458072183366881079555117489197476458744117329303868,0.9157274724667972733635327244668098148653713813513731442789177053305434
0.0003311311214825911,1/2,3/2,54,0.000003945658296018942677594626856153318109238148982451699822349944653144317,0.8919371780348184218165316254812151231244988703704885779878907620383672,0.8919411236931144407592092201080712764426081085194710296877131119830204
0.0003630780547701014,1/2,3/2,52,0.000004530330424710111839875437535662386150817283675624566008231815151542243,0.9113361780806420730071690711823843953512821307603639834069173725705929,0.9113407084110667831190089466199200577374329480440396079729256043857444
0.00039810717055349735,1/2,3/2,50,0.000005201651961814340837499408467188582623863479564905664560283347466495028,0.9269519895851774702841535856658802702516641699920634391149747288233742,0.9269571912371392846249910850743474588342880334716283447795350121708407
0.0004365158322401661,1/2,3/2,47,0.00000597246761279276514674680339147040722186292997514901889913409410468999,0.8821569805723410543557290122814208979837069745370407508412313871838753,0.88216295303995384712087575908481236839092883746701589986013052127798
0.00047863009232263805,1/2,3/2,45,0.000006857526958971390819952300689863827757892329862263539013616491745553484,0.8858883038091769003664790727034462342433600860261077175991564733865807,0.8858951613361358717572990250041360980711179783559699811381700898783262
0.0005248074602497723,1/2,3/2,43,0.000007873767160493378254188341141171296221928181707439311202736293956210923,0.884361490946383188593307066619708199301632195489421281247775192344929,0.8843693647135436819715612549608493705978541236711287205589779286388852
0.0005754399373371566,1/2,3/2,41,0.000009040637669387194041616639053897509303651778176688138686232451909316172,0.8771334951962647721858621909026817469059633017044610723696298350397089,0.8771425358339341593799038075417356444152669534826377605083160674916182
0.000630957344480193,1/2,3/2,39,0.00001038047320953804065976923534734200855810766213983238585759887870233069,0.8638124960031189169149013582631812445906098869863780259336875681977568,0.8638228764763284549555611274985285865991679946485178583195451670764591
0.0006918309709189362,1/2,3/2,38,0.00001191892221583407608844353940739770717357854148982105718343965293447948,0.912199049973018123028757423253230110162730465650022399970123739816615,0.9122109688952339571048458667926375078699040441915122210273071794695494
0.0007585775750291835,1/2,3/2,36,0.00001368543900105110561306477793100695401203158120675806632810900007577323,0.8874818152247202031821034997644228407325787394815394689803515791428402,0.887495500663721254287716564542353847686590771062746227046679688142916
0.0008317637711026709,1/2,3/2,34,0.00001571384915757491618350185913006240326972302978013381817378349779134063,0.8556154501557584703799234936570958827263595553362886856862512637244951,0.8556311640049160452961069955162259451296292783660688195044250472222864
0.0009120108393559096,1/2,3/2,33,0.00001804299912660195365032137900983824412113682083636095015701675962980459,0.8927140998179294406432888451611126594883845052857797215314006080566489,0.8927321428170560425969391665401224977325056421066160824815576248162787
0.001,1/2,3/2,31,0.00002071750250862583029371963578616428965737507721607153680293683230338773,0.8471450590045691285018450323838285287844108669593617160392103404946818,0.8471657765070777543321387520196146930740682420365777875760132773269852
0.0010964781961431851,1/2,3/2,30,0.00002378859757890721454869835037666797746721453782283322246357421476169732,0.8759153167099353272365796692872099816745027595074093790491315681337961,0.8759391053075142344511283676375866496519699740452322122715951423485578
0.001202264434617413,1/2,3/2,28,0.00002731513264854108506693409391059609069378998322482609757903574885862029,0.8156213766465389126449400258850013197400957718389548361866304020016866,0.8156486917791874537300069599789119158307895618221796622842094377505452
0.0013182567385564075,1/2,3/2,27,0.00003136469842003407852262070206388342559617786214682177843138398837343635,0.8342466587321535932881594450256187281194534543288541956712085181073142,0.8342780234305736273666820657276826115450496321910010174496399020956877
0.001445439770745928,1/2,3/2,26,0.0000360149293773940836572586640550665449664901566299109907514732647074123,0.8496369218267303361877164724873590282365703766549308362106198927553894,0.8496729367561077302713737311514140947815368668115607472013713660200968
0.001584893192461114,1/2,3/2,25,0.00004135499958424319894786645958450100707743161034700557468932619328066595,0.8613420899419036855607221427757092344119392969270488414409706031667059,0.8613834449414879287596700092352937354190167285373958470156599293599865
0.0017378008287493763,1/2,3/2,23,0.00004748734210862044713171845114319639828491838362552398185169421788985737,0.7693373979444475635057897732956268933099604211742974530300983684766003,0.7693848852865561839529214917467700897082453395579229770119500626944902
0.0019054607179632482,1/2,3/2,22,0.00005452962573039245438996195170610484516126679660677723893393057748483386,0.7680660724391905091928766842436468737741433438257980102226158016062775,0.7681206020649209016472666461953529786193046106224047874615497321837624
0.0020892961308540386,1/2,3/2,21,0.00006261702771012616667948289070667747740822556509831223935628160733527236,0.762064245674706973412730188858354582973746963627820411502556023414846,0.7621268627024170995794096717490612604511551891929187237419123050221813
0.0022908676527677724,1/2,3/2,20,0.00007190484731589452813073655285746180645542035270869246099635105293413896,0.7510337881065729402084406628775363801363438678838875812298905193021764,0.7511056929538888347365713994303938419427992882365962736908868703551106
0.0025118864315095794,1/2,3/2,19,0.00008257151164387716239730730825868078414523231498666350696742004136303929,0.7347344197482950925118608961837895382359534624468159417065851145247195,0.7348169912599389696742582034920482190200986947618026052135525345660826
0.002754228703338166,1/2,3/2,19,0.00009482203317818470823799489542794897008658030619731417210775148486644988,0.8307049771689209336920852714345816620117522511248785304308370700317377,0.8307997992020991184003232663300096109818388314310758446029448215166042
0.003019951720402016,1/2,3/2,18,0.0001088919876885709062359367119342262771277261547124365372523410478841578,0.8056764750401471128266833292945762943442278470321215135456283057988328,0.805785367027835683732919266006510520621355573186833950082880646846717
0.003311311214825911,1/2,3/2,17,0.00012505209166478282799051333466823882384836001469243199859506099225949,0.7744736430184087869997119983931774523011653194804409995007133146399539,0.7745986951100735698277025117278456911250136794951334314993083756322134
0.003630780547701014,1/2,3/2,16,0.0001436134707715141740894633089914032545231482293519695855054267248417179,0.7371440152350089057092650781329252407641320883832526909030261459899391,0.7372876287057804198833545414419166440186552366126046604885315727147808
0.003981071705534973,1/2,3/2,15,0.0001649337250582276691377778033227256993596051433860269824901549882937856,0.6938731687351291852191307989517198625475217747712334514716720137067106,0.6940381024601874128882685767550425882468813799146194784541621686950044
0.004365158322401661,1/2,3/2,15,0.0001894239132030033487731857234851831228391805324825090257395815364768515,0.781650677166757477715231905066252745844137258391347732698051602255739,0.7818401010799604810640050907897379289669764389238302417237911837922158
0.004786300923226385,1/2,3/2,14,0.000217556597297625881592288369094466512219079698764490064504193454539843,0.7263114720414415274254380222038914928763064200319802170415559296012953,0.7265290286387391533070303105729859593885254997307447071060601230558351
0.005248074602497728,1/2,3/2,13,0.0002498751120515337838858262551067267263015759246411858051657247784074354,0.6653596699793785767101473682557139986074771116571245996038465705088953,0.6656095450914301104940331945108207253337786875817657854090122952873027
0.005754399373371573,1/2,3/2,13,0.0002870042483488066308189057317229711223121908275373624819752835441619189,0.7476315953787532104524694259928633563151285603521224171103095150040226,0.7479185996271020170832883317245863274374407511796597795922847985481846
0.006309573444801936,1/2,3/2,12,0.0003296625714805565725622091050241783146843087578953228180104785470393139,0.6736003271012324186392999321110215464367777500321699228986986171241535,0.6739299896727129752118621412160457247514620587900652457167090956711928
0.006918309709189363,1/2,3/2,12,0.0003786766298629576296523759620966763988604832351280689838744197929106665,0.7552104178186654503869348112418798673992138364013968972101692362575592,0.7555890944485284080165871872039765437980743196365249661940436560504699
0.007585775750291836,1/2,3/2,11,0.0004349973515548958901778606326896246427237762861586642365731398644004218,0.6675430779508189909396314207922661689301408818802074582796766447949068,0.6679780753023738868298092814249557935728646581663661225162497846593072
0.008317637711026709,1/2,3/2,10,0.0004997189745047273414183303096553764443297652175749450521163495617569398,0.5769351418371594994127653462423769673258115412481246220517018961977214,0.5774348608116642267541836765520323437701413064656995671038182457594783
0.009120108393559097,1/2,3/2,10,0.0005741009134973701618293897088062607938784880120032971201621121177207437,0.6454853526426130772089754231803883191500753379344710309378278101405714,0.6460594535561104473708048128891945799439538259464743280579899222582922
0.01,1/2,3/2,10,0.0006595930338221708248232275042178808253075660350542516170435616860513971,0.7204565175819268340301581048936900789923750380567301341519020307842561,0.7211161106157490048549813323979079598176826040917843857689455924703075
0.01096478196143185,1/2,3/2,9,0.0007578648806468194462790626057205559050341638257922308168744359742719442,0.6064727252071840367957218285634496672303467827399523185174827739908178,0.6072305900878308562420008911691702231353809465657445493343572099650897
0.012022644346174132,1/2,3/2,9,0.0008708395062728732660215643047502569692330106017963123149437329027020869,0.6755022234415146674344239174191349287176489126576868020737193809798027,0.6763730629477875407004454817238851856868819232594831143886631138825048
0.013182567385564075,1/2,3/2,8,0.001000732647669731464304104288326207835433479636333252302679354260053926,0.5505712656140199612849888707062864464141673720923930633486724971693381,0.551571998261689692749292974994612654249600851728726315651351851429392
0.01445439770745928,1/2,3/2,8,0.001150098137355661706275601776286444009017782603950232131881677655497645,0.6121245518293221886189534339379610291607360343488414881951808355421979,0.6132746499666778503252290357142474731697538169527917203270625131976956
0.01584893192461114,1/2,3/2,7,0.001321880585999498851652176345504321000375597067441592713198163341807124,0.4791229357412989736996171382504364185384221991176097313944068352006893,0.4804448163272984725512693145959407395387977961850513241076049985424964
0.017378008287493762,1/2,3/2,7,0.001519476560190829850059443704638859550676589288320605588291932196804511,0.5319609265018707292987533514253710257609576077254815495991444293873855,0.53348040306206155914881279513000988531163419701380215518743636158419
0.019054607179632484,1/2,3/2,7,0.001746805700000628090890377913251176287927075810545459934609306057940191,0.5888212006471118183357578994614042868880374536226847576951351453637127,0.5905680063471124464266482773746554631759645294332302176297444514216529
0.02089296130854041,1/2,3/2,6,0.002008393486064111875459153839108159053969620608437761677373885653648999,0.4382341445195480133397920310339674176416719995538729124325340396038658,0.4402425380056121252152511848730755766956416201623106741099079252575148
0.022908676527677724,1/2,3/2,6,0.002309467684702601667227404288928493058237387876225074082898782976964319,0.484721568057118957753553849667202127988678894093330692635997329953596,0.4870310357418215594207812539561306210469162819695557667188961129305603
0.025118864315095794,1/2,3/2,6,0.002656070884221178464702611593494291387626169403605531400929812952030071,0.5343274613944709316601519789763628543470932793569032419488051129055538,0.5369835322786921101248545905698571457347194487605087733497349258575838
0.02754228703338166,1/2,3/2,6,0.00305519200122595702938160139529882207942428580543895183864476836653854,0.5868526645042430139162651586543838797870885531274964323326306598504118,0.5899078565054689709456467600496827018665128389329353841712754282169504
0.03019951720402016,1/2,3/2,5,0.003514920201822867945585814454406096615259601898031657157764493399503247,0.409909573571161400281044856469025095106301361948334764603856743369262,0.4134244937729842682266306709234311917215609638463664217616212367687653
0.03311311214825911,1/2,3/2,5,0.004044625373242378444511169435568719786183650346777128975126073490132564,0.4504004435558613086742840578239405814569407162616863816807563761553898,0.4544450689291036871187952272595093012431243666084635106558824496455224
0.03630780547701014,1/2,3/2,5,0.00465517012780081043105783656964149944228833818780243778670522283554115,0.4929416722196500517834088902461306019262825245634599478795386500759562,0.4975968423474508622144667268157721013685708627512623856662438729114973
0.039810717055349734,1/2,3/2,5,0.005359159362891303783868995084519280746537908419181160595633985244027971,0.5372044565889952507942246076329868571790811584749396121527664867257848,0.5425636159518865545780936027175061379256190668941207727484004719698128
0.04365158322401661,1/2,3/2,4,0.006171234689097148798183101627277275482013682705839398693586099993858973,0.3434348377247987515759724884818114028945332492190728396284845857147631,0.3496060724138959003741555901090886783765469319249122383220706857086221
0.04786300923226385,1/2,3/2,4,0.007108422639938640089381414366506675149854058720760305029759476134575275,0.3752821842299954947427556469145802041268135505810879348165883389259548,0.3823906068699341348321370612810868792766676093018482398463478150605301
0.052480746024977286,1/2,3/2,4,0.008190547577902813991112332213479983863869552415430142512052285161648238,0.4082761762172524441343839490081345088378152823986507493316360963284973,0.4164667237951552581254962812216144927016848348140808918436883814901455
0.05754399373371572,1/2,3/2,4,0.009440722726291198353095192310008574108081897561380209254173023150925106,0.4420595787402667579115116726629890018524654996516230477584214407920469,0.4515003014665579562646068649729975759605473972130032570125944639429721
0.06309573444801936,1/2,3/2,3,0.01088593593618411112208982825068132847897569925306925387060571210525298,0.2459562402247820135356472797707510659341306992189790487074778867797087,0.2568421761609661246577371080214323944131063984720483025780835988849617
0.06918309709189363,1/2,3/2,3,0.01255775084442200335673131016046408503836622905345980026023957103954318,0.2681356711355231992125600550630271496158154644146154559586085756193073,0.2806934219799452025692913652234912346541816934680752562188481466588505
0.07585775750291836,1/2,3/2,3,0.01449314926421524969443562772726696016987158893512498899856737399075896,0.2909596430291879850834974525444123648221351032879045746049854911683659,0.3054527922934032347779330802716793249920066922230295636035528651591248
0.08317637711026708,1/2,3/2,3,0.01673554734531144792452043689362534002412740149191794225428035378007304,0.3141459354952778284708269095677147114119963084421596671500630311667548,0.3308814828405892763953473464613400514361237099340776094043433849468278
0.09120108393559097,1/2,3/2,3,0.01933602675475022487498353034073269257064336646965508741728455999972136,0.3373508839381991726822646351332779826017378163041788389950244735923932,0.3566869106929493975572481654740106751723811827738339264123090335921145
0.1,1/2,3/2,3,0.02235483356918694430907599554050109658759971494885372002747786427397224,0.360170502763046984851593489442045802892023578830847847545017465294333,0.3825253363322339291606694849825468994796232937797015675724953295683052
0.000009999999999999999,1,0,100000,0.00000002070212204594611740852102992778273311636153449691879769167185129110322,0.06707051545665857963190629475861617352835724272497087664252208547845534,0.06707053615878062557802370327964610131109035908650537356131977715030663
0.00001096478196143185,1,0,91201,0.00000002376923359889264663295104835513550691772543577751330147608214248358104,0.06707048697561416182004751741771775085112922363059744473690016882379222,0.0670705107448477607126941503687661059866361413560332222502016449059347
0.00001202264434617413,1,0,83176,0.00000002729075328927116957209951571505931770601177488062678043466750349400679,0.06707028637160309206615205562588881093587939921810205030569365546025538,0.06707031366235638133732162772540452599519710522987693093247409012775888
0.000013182567385564074,1,0,75857,0.00000003133400448136960878512544275879905152435360407698493982146225751325981,0.06706996952299858395148527453798292601005444947886358939556669021438612,0.06707000085700306532109405966342568480910597383246766638050651167664364
0.00001445439770745928,1,0,69183,0.00000003597628503827449321454791935278562488552456367108851224910429059561867,0.06707056903270757492780140361195844218091383543978440893677145820074247,0.06707060500899261320229461815987779496653872096434808002528370730503307
0.00001584893192461114,1,0,63095,0.00000004130634515729887194741758626432240512940432473795235282959038087267109,0.06706994863387567408496046170194438134367935322930437948059120310351445,0.06706998994022083138383240911953064566608448263362911743294403269389533
0.000017378008287493764,1,0,57543,0.00000004742608417209849902937253781666344439929069027679259402919900045709774,0.06706963228036984403701459796350180966637892219261717650078044029038721,0.06706967970645401613551362733603962632982332148330745329337446948938767
0.000019054607179632484,1,0,52480,0.00000005445249876736729358396478958964916626253328637308175723391856714097051,0.06706988540981919447870295142898139653631914636302364762511819094841439,0.06706993986231796184599653539377098618548540889631002070687542486698153
0.00002089296130854041,1,0,47863,0.00000006251991986032187856974314887347279515848196019072511710934053150428015,0.06707085712335657933656934315560172026904932277705522126878817884029636,0.06707091964327643965844791289875059374184448125901541199390528818082787
0.000022908676527677746,1,0,43651,0.00000007178258092422028649608770372053972203139944465621268194117871572966465,0.06707006629568479632801610004280664325102640775722340969084027518232152,0.06707013807826572054830259613051036379074843915666806590352221636103725
0.000025118864315095822,1,0,39810,0.00000008241756686859516791535411278446125439871988384078810422369475867215355,0.06706983570560000591442995175644207843504427509178827361478969762029584,0.06706991812316687450959786711055486289629867381167211440289392131505451
0.00002754228703338169,1,0,36307,0.00000009462819987007717115491320428533303268037602315776800208399975758762828,0.06706964311317482753081898922311029492911316259736507930441167122733453,0.06706973774137469760799014413631458026214584297338823707241375522709212
0.000030199517204020192,1,0,33113,0.0000001086479269060134183437283406437147694291855097610787520422344263966599,0.06707095203641478441172366358641129600016817517502944945044519839417307,0.06707106068434169042514200731475193971493760436053921052919724062859947
0.000033113112148259076,1,0,30199,0.0000001247447833406032683201529720090987627136946942366416380938928846358913,0.06707015324197565222870451548365381857699573287486327528020440217905948,0.06707027798675899283197283563662582767575844656955751192184249607194412
0.000036307805477010174,1,0,27542,0.0000001432265179338017816318750208370899654834767004896924248670617783727344,0.0670706931653704673532637121473126945616182897213882393947139825821408,0.06707083639188840115504534402233353165158377319808872908713884964391917
0.000039810717055349695,1,0,25118,0.0000001644464772978690865004762981281926093832147784247235243141519011480997,0.06706924703728121341302234726405227533705766654270055877296479499701211,0.06706941148375851128210884774035040352966704975747898349648910914891326
0.000043651583224016566,1,0,22908,0.0000001888103623576807811432397894846624348101638584315970962064987609170468,0.06706968914895207683788785935075011252334982377428626270204277519383397,0.06706987795931443451866900259053959718578463393814469429913898169259489
0.000047863009232263804,1,0,20892,0.0000002167839860571355288290598408170536341615172626674582330033733144619047,0.06706875432025933711799870666757187313888485178904408378200912911001991,0.06706897110424539425352753572741269019251901330630675124024213248333437
0.00005248074602497723,1,0,19054,0.0000002489021807151814217125490066396207984285495321825975627501252215366393,0.06706982448161227609645660896667288891993534345781401692360519878746789,0.06707007338379299127787832151567952854073377200734619952116794891268942
0.000057543993733715664,1,0,17378,0.0000002857790254383758447226180797208401109396420214381887450054192148234275,0.06707203047359713550738046525608812961131977068763236769525971654984551,0.06707231625262257388322518787416785045143071032965380588400472196906034
0.00006309573444801929,1,0,15848,0.0000003281195892645880368402297240394451790556525574979921248463971743943369,0.06706841787910531176765961788562279835188425469437444089644484400325752,0.06706874599869457635569645811534683779706331034693193888856969040043191
0.00006918309709189363,1,0,14454,0.0000003767334147291434362145470151477583485003657644044651627365010014345088,0.06707065056565365050142875763557485664594858438142471703037534798095565,0.06707102729906837964486497218259000440429708474718912149553808448195708
0.00007585775750291836,1,0,13182,0.0000004325499998672669482563387841884315364236061806967150560316342109213258,0.06706985786721873584224109809913724194487740063970619819804935484016752,0.06707029041721860310918935443792143037641382424588689491310538647437844
0.00008317637711026709,1,0,12022,0.0000004966365749348404322678533864094272977036950240399213513949992810945229,0.06706940947420161772838773760679706297561924084964447781098326972630657,0.06706990611077655256882000546018347240291694454466851773233466472558767
0.00009120108393559096,1,0,10964,0.0000005702185140782021257079980631226654612490780528149033621856822604657988,0.06706851786914502083092828568669246735071098347629365191763745110616008,0.06706908808765909903305399368475559001617223255434646682099963678842055
0.0001,1,0,9999,0.0000006547027726574515631965889789736679029008144705922678843902259575428107,0.06706693839042333075321041787907824231431706476736446329591785342333717,0.06706759309319598820477361446805721598221996558183505556380224364929471
0.00010964781961431851,1,0,9120,0.0000007517047988967493871646259550555695825001859678604898759169013941385684,0.06707298292400435985054366204684293324077216010671029689115255599911221,0.06707373462880325659993082667279798881035466029267815738102847290050635
0.00012022644346174131,1,0,8317,0.0000008630794351144154620497155451217572871201805132578545287511391744831129,0.06706911355303980257890956278274189312870933161329575323130900077786226,0.06706997663247491699437161249828701488599645179380901108583775191703674
0.00013182567385564074,1,0,7585,0.0000009909564002565387578418475956119765950706281830465672486304239351732714,0.0670678261286742938594734369101389954306292085642583144121313652224861,0.06706881708507455039823127875773460740722427919244136097937999564642127
0.0001445439770745928,1,0,6918,0.000001137781033292981142939403586987098721647882305172850573218507450325783,0.06707197928864620742061696466864696374163364729101059955720970782315846,0.06707311706967950040175990407223395084035529517331577240778292633060879
0.00015848931924611142,1,0,6309,0.000001306361077926740253442684423497010720572782540674156265981367905409325,0.06706943334647171367770365051028354702148733164756224890295932255029327,0.06707073970754964041795709319470704403220790443010292305922530391819867
0.00017378008287493763,1,0,5754,0.000001499920404962433653717815102855047284567134158963944688736034135393986,0.06707132778125649771338060977377196422655494290555127506936359397479848,0.06707282770166146014703432758887481927383951003971023901405233000893387
0.00019054607179632481,1,0,5248,0.000001722160701814177383282590425471765205873295855403999659175538311527513,0.06707546227930776770469244272737035438986936362376770637615608758739647,0.067077184440009581882075725317795826155075236919623110375815263125708
0.0002089296130854041,1,0,4786,0.000001977332311579496010426547990121888947012302744510214116041637814195198,0.06707289570865620533330142382033050617167366355327456923863271829803618,0.06707487304096778482931185036832062806062067585601907945274875993585038
0.00022908676527677748,1,0,4365,0.000002270315579821993928829136809132251383983426216552498717880522246620728,0.06707528140762153436152867976142789597828678432697477126369367211312771,0.06707755172320135635545750889823702822967076775319132376241155263537433
0.0002511886431509582,1,0,3981,0.000002606714269093337336335600514573031576347382124943245486479565826549859,0.06707718765194101701329006188751691399588272075130576119578204180201908,0.06707979436621011035062639748803148702745906813343070444126852136784563
0.0002754228703338166,1,0,3630,0.000002992962833197997104334505930317482995536705058633214030133708786054071,0.06706516467091990870796559536319470678658795511118655256745307967289038,0.06706815763375310670506992986912502426958349181624518578148321338167644
0.0003019951720402016,1,0,3311,0.000003436449609764817725506130121706909859632431625498404505972400156681692,0.06707389896370217108853251000117626375666490169538941186679549961270349,0.06707733541331193590625801613129797066652453412701491027130147201286018
0.0003311311214825911,1,0,3019,0.000003945658296018942677594626856153318109238148982451699822349944653144317,0.06706046080632063466770663995048983025905270262003176823129974927128087,0.06706440646461665361038423457734598357716194076901421993112209921593401
0.0003630780547701014,1,0,2754,0.000004530330424710111839875437535662386150817283675624566008231815151542243,0.06707659780842702903342510798004483510280000844930349339124808439402017,0.06708112813885173914526498341758049748895082573297911795725631620917171
0.00039810717055349735,1,0,2511,0.000005201651961814340837499408467188582623863479564905664560283347466495028,0.06706018344055161465111739620609329053537889162546106010163349346821798,0.06706538509251342899195489561456047911800275510502596576619377681568447
0.0004365158322401661,1,0,2290,0.00000597246761279276514674680339147040722186292997514901889913409410468999,0.06705975109951518065032012355190107931663957770453521529751205900127776,0.06706572356712797341546687035529254972386144063451036431641119309538245
0.00047863009232263805,1,0,2089,0.000006857526958971390819952300689863827757892329862263539013616491745553484,0.06707653860925016634073784717506694686828719999386620398573652605190693,0.06708339613620913773155779947575681069604509232372846752475014254365248
0.0005248074602497723,1,0,1905,0.000007873767160493378254188341141171296221928181707439311202736293956210923,0.06707153282565805046734577130040689046150849002969659190828827148684644,0.06707940659281854384559995964154806175773041821140403121949100778080265
0.0005754399373371566,1,0,1737,0.000009040637669387194041616639053897509303651778176688138686232451909316172,0.06705892985766555904823995137446624715939906142682545551999208123169267,0.06706797049533494624228156801352014466870271320500214365867831368360198
0.000630957344480193,1,0,1584,0.00001038047320953804065976923534734200855810766213983238585759887870233069,0.06705405112692509254957415550261906145277827954740628576533168263964261,0.06706443160013463059023392473796640346133638720954611815118928151834494
0.0006918309709189362,1,0,1445,0.00001191892221583407608844353940739770717357854148982105718343965293447948,0.06707290362815136315399667330275112762325957300872263450696687809244436,0.06708482255036719723008511684215852533043315155021245556415031774537884
0.0007585775750291835,1,0,1318,0.00001368543900105110561306477793100695401203158120675806632810900007577323,0.06708219771159797418625651167108105404272369594014748456864863633476608,0.06709588315059902529186957644901206099673572752135424263497674533484185
0.0008317637711026709,1,0,1202,0.00001571384915757491618350185913006240326972302978013381817378349779134063,0.06708294046715562887773523568933994735997152382484788604704801416601885,0.06709865431631320379391873754847000976324124685462801986522179766381019
0.0009120108393559096,1,0,1096,0.00001804299912660195365032137900983824412113682083636095015701675962980459,0.06707148859841687869751993593424222828670678982509266781706804497999877,0.06708953159754348065117025731325206653082792664592902876722506173962857
0.001,1,0,999,0.00002071750250862583029371963578616428965737507721607153680293683230338773,0.06703765396076984552677637085249158403322290199994187083453430048405996,0.06705837146327847135707009048827774832288027707715794237133723731636335
0.0010964781961431851,1,0,912,0.00002378859757890721454869835037666797746721453782283322246357421476169732,0.06710508746505303618796514659300283449300021718448260008499839460167137,0.06712887606263194340251384494337950247046743172230543330746196881643307
0.001202264434617413,1,0,831,0.00002731513264854108506693409391059609069378998322482609757903574885862029,0.06704955855393571235981161495573162927081500955437256668731693636065967,0.06707687368658425344487854904964222536150879953759739278489597210951829
0.0013182567385564075,1,0,758,0.00003136469842003407852262070206388342559617786214682177843138398837343635,0.06706354434701500867808530013291376095919105652787046205345791702949661,0.06709490904543504275660792083497764438478723439001728383188930101787005
0.001445439770745928,1,0,691,0.0000360149293773940836572586640550665449664901566299109907514732647074123,0.06703905918328366664576074188228990393111857210275989708868143951545275,0.06707507411266106072941800054634497047608506225938980807943291278016016
0.001584893192461114,1,0,630,0.00004135499958424319894786645958450100707743161034700557468932619328066595,0.06702300932398299086231689974168022392807916080971147025068674899500343,0.0670643643235672340612647662012647249351565924200584758253760751882841
0.0017378008287493763,1,0,575,0.00004748734210862044713171845114319639828491838362552398185169421788985737,0.06707700026831069484114397405594888653766537556963635100527304816228564,0.06712448761041931528827569250709208293595029395326187498712474238017549
0.0019054607179632482,1,0,524,0.00005452962573039245438996195170610484516126679660677723893393057748483386,0.06703206162122427537399332873083114609361447219705525760946415369932341,0.06708659124695466782838329068253725093877573899366203484839808427680824
0.0020892961308540386,1,0,478,0.00006261702771012616667948289070667747740822556509831223935628160733527236,0.06705251666194548895853881251890103712224430020692368609579496830357753,0.0671151336896556151252182954096077145996525257720219983351512499109128
0.0022908676527677724,1,0,436,0.00007190484731589452813073655285746180645542035270869246099635105293413896,0.06706785728664813246418074012586029439074836039951833930066528561337255,0.06713976213396402699231147667871775619720378075222703176166163666630669
0.0025118864315095794,1,0,398,0.00008257151164387716239730730825868078414523231498666350696742004136303929,0.06713444412681618281334572474258099753398993584698504838627129800433462,0.06721701563846005997574303205083967831813516816197171189323871804569766
0.002754228703338166,1,0,363,0.00009482203317818470823799489542794897008658030619731417210775148486644988,0.06714586817277565540583573023216434586163352887744374034065901953671849,0.06724069020595384011407372512759229483172010918364105451276677102158494
0.003019951720402016,1,0,331,0.0001088919876885709062359367119342262771277261547124365372523410478841578,0.06714275493321229138397028943988226011812064182361781617648614948858627,0.06725164692090086229020622615181648639524836797833025271373849053647043
0.003311311214825911,1,0,301,0.00012505209166478282799051333466823882384836001469243199859506099225949,0.06696334753511426727746592873658716536767230011899089339672264099545721,0.0670883996267790501054564420712554041915206601336833253953177019877167
0.003630780547701014,1,0,275,0.0001436134707715141740894633089914032545231482293519695855054267248417179,0.06708850463701034515263001353876873180157731585998475822155146503615092,0.06723211810778185932671947684776013505610046408933672780705689176099263
0.003981071705534973,1,0,251,0.0001649337250582276691377778033227256993596051433860269824901549882937856,0.06715099702464726192320662715944189827845248311202675599056707124954291,0.0673159307497054895923444049627646239778120882554127829730572262378367
0.004365158322401661,1,0,229,0.0001894239132030033487731857234851831228391805324825090257395815364768515,0.06718775075183075498195943970311422405636261177700244196281421401709741,0.06737717466503375833073262542659940717920179230948495098855379555357426
0.004786300923226385,1,0,208,0.000217556597297625881592288369094466512219079698764490064504193454539843,0.06693612378515726414755115757846460757567477511363448372150711324492887,0.06715368038245489002914344594755907408789385481239897378601130669946871
0.005248074602497728,1,0,190,0.0002498751120515337838858262551067267263015759246411858051657247784074354,0.06705457251703679710027007255410631561616132032437439888697347650730687,0.0673044476290883308841558988092130423424628962490155846921392012857143
0.005754399373371573,1,0,173,0.0002870042483488066308189057317229711223121908275373624819752835441619189,0.06696516403410877804226103232108372214737561785110438236957144293746781,0.06725216828245758467307993805280669326968780867864174485154672648162973
0.006309573444801936,1,0,158,0.0003296625714805565725622091050241783146843087578953228180104785470393139,0.06707480383202104924359540199301385358221666648349400347430639075898705,0.06740446640350160581615761109803803189690097524138932629231686930602637
0.006918309709189363,1,0,144,0.0003786766298629576296523759620966763988604832351280689838744197929106665,0.06705059324098327223672366696563698622799550652747490375102971667050726,0.06742926987084622986637604292773366262685598976260297273490413646341793
0.007585775750291836,1,0,131,0.0004349973515548958901778606326896246427237762861586642365731398644004218,0.06690901890792978510899258584916976856523152209930150757387713044226841,0.06734401625948468099917044648185939320795529838546017181045027030666883
0.008317637711026709,1,0,120,0.0004997189745047273414183303096553764443297652175749450521163495617569398,0.06721898458613333020533755395955189420697675302407663497090128774379559,0.06771870356063805754675588426920727065130651824165158002301763730555253
0.009120108393559097,1,0,109,0.0005741009134973701618293897088062607938784880120032971201621121177207437,0.06698250715339006069663914264866838612055317294824060633356436108201955,0.06755660806688743085846853235747464691443166096024390345372647319974029
0.01,1,0,100,0.0006595930338221708248232275042178808253075660350542516170435616860513971,0.06739668822713655566581844765085307676981401467280000319592803668855656,0.06805628126095872649064167515507095759512158070785425481297159837460796
0.01096478196143185,1,0,91,0.0007578648806468194462790626057205559050341638257922308168744359742719442,0.06728480905991155196537929306908542038695017310652567137416244927707267,0.06804267394055837141165835567480597629198433693231790219103688525134461
0.012022644346174132,1,0,83,0.0008708395062728732660215643047502569692330106017963123149437329027020869,0.0673250299248679764532957507688645849800842896417142870607394098676871,0.06819586943114084971931731507361484194931730024351059937568314277038919
0.013182567385564075,1,0,75,0.001000732647669731464304104288326207835433479636333252302679354260053926,0.0667616358934731274233464184045556506694495179458174846354036761204329,0.06776236854114285888765052269288185850488299758215073693808303038048683
0.01445439770745928,1,0,69,0.001150098137355661706275601776286444009017782603950232131881677655497645,0.06737068546870551543183952186158630951373852502621181022450908656517591,0.06852078360606117713811512363787275352275630763016204235639076422067355
0.01584893192461114,1,0,63,0.001321880585999498851652176345504321000375597067441592713198163341807124,0.06749017643818361204998145386725757167468380893167525110259770792718171,0.06881205702418311090163363021276189267505940599911684381579587126898884
0.017378008287493762,1,0,57,0.001519476560190829850059443704638859550676589288320605588291932196804511,0.0670216799003120804119714139549579305823048708880003414100808679461738,0.06854115646050291026203085765959679013298146017632094699837280014297831
0.019054607179632484,1,0,52,0.001746805700000628090890377913251176287927075810545459934609306057940191,0.0670962804233180990904605436367050527284589608403952618354604319195054,0.06884308612331872718135092154995622901638603665094072177006973797744559
0.02089296130854041,1,0,47,0.002008393486064111875459153839108159053969620608437761677373885653648999,0.06657217092278234138324190843617852784217023738104654134158635530584155,0.06858056440884645325870106227528668689613985798948430301896024095949055
0.022908676527677724,1,0,43,0.002309467684702601667227404288928493058237387876225074082898782976964319,0.06684423167177899798895147663889010747237006912381293415437814456810196,0.06915369935648159965617888092781860053060745700003800823727692754506628
0.025118864315095794,1,0,39,0.002656070884221178464702611593494291387626169403605531400929812952030071,0.0665575456137260445069883607180289170578582052919116618348798036210463,0.06921361649794722297169097231152320844548437469551719323580961657307638
0.02754228703338166,1,0,36,0.00305519200122595702938160139529882207942428580543895183864476836653854,0.0674225057613409623145499972050167466199133543346802252493818109345611,0.07047769776256691934393159860031556869933764014011917708802657930109964
0.03019951720402016,1,0,33,0.003514920201822867945585814454406096615259601898031657157764493399503247,0.06784202649094783062278739411240272345500583261826052382796057319392952,0.07135694669277069856837320856680882007026543451629218098572506659343277
0.03311311214825911,1,0,30,0.004044625373242378444511169435568719786183650346777128975126073490132564,0.06773085186431587185215255967092669488379055276037432370574613531565023,0.0717754772375582502966637291064954146699742031071514526808722088057828
0.03630780547701014,1,0,27,0.00465517012780081043105783656964149944228833818780243778670522283554115,0.06697582387224548753971349208790042507616765487763362168508295259564556,0.07163099400004629797077132865754192451845599306543605947178817543118671
0.039810717055349734,1,0,25,0.005359159362891303783868995084519280746537908419181160595633985244027971,0.06807785768194183639152352576447462343914854652024275957539764860338438,0.07343701704483314017539252084899390418568645493942392017103163384741235
0.04365158322401661,1,0,22,0.006171234689097148798183101627277275482013682705839398693586099993858973,0.06588366102272526012305910041619277426303355069363593680505186734039234,0.07205489571182240892124220204347004974504723339947533549863796733425131
0.04786300923226385,1,0,20,0.007108422639938640089381414366506675149854058720760305029759476134575275,0.06581747104114343771424778386497039927845431401167841548082332890968355,0.07292589368108207780362919823147707442830837273243872051058280504425883
0.052480746024977286,1,0,19,0.008190547577902813991112332213479983863869552415430142512052285161648238,0.06862759459451954279438383920557447309773319294464595998497635462251969,0.07681814217242235678549617141905445696160274536007610249702863978416793
0.05754399373371572,1,0,17,0.009440722726291198353095192310008574108081897561380209254173023150925106,0.06755750662229923559792092030788461329133855047666889070321675370081773,0.07699822934859043395101611261789318739942044803804909995738977685174284
0.06309573444801936,1,0,15,0.01088593593618411112208982825068132847897569925306925387060571210525298,0.06559724750952753533004134935275395811329458519116477642127579827633809,0.07648318344571164645213117760343528659227028444423403029188151038159107
0.06918309709189363,1,0,14,0.01255775084442200335673131016046408503836622905345980026023957103954318,0.06731020013754042925086762303103917298411262284427946740609522062699356,0.07986795098196243260759893319150325802247885189773926766633479166653674
0.07585775750291836,1,0,13,0.01449314926421524969443562772726696016987158893512498899856737399075896,0.0687104793279500059500647884727705220940987703894052351703551692682847,0.08320362859216525564450041620003748226397035932453022416892254325904366
0.08317637711026708,1,0,12,0.01673554734531144792452043689362534002412740149191794225428035378007304,0.06974741691377297664911667134878258607259010802750711552670772925799624,0.08648296425908442457363710824240792609671750951942505778098808303806928
0.09120108393559097,1,0,10,0.01933602675475022487498353034073269257064336646965508741728455999972136,0.06416424744554137835032352660989295582826083260548590168897707989316956,0.08350027420029160322530705695062564839890419907514098910626163989289092
0.1,1,0,9,0.02235483356918694430907599554050109658759971494885372002747786427397224,0.063613193516759322836872553997672978179534466339921683442929208875,0.08596802708594626714594854953817407476713418128877540347040707314897224
