s,a,x,Fdrive,Jrz,Jkin,J0,Sx2,C,Z,Wdrive,Wexact,energy_work_residual,energy_work_relative,max_r2_error,raw_f_min,raw_f_max,raw_f_mean
0.0,0.0,0.0,0.0,-2.1316282072803006e-14,2.1316282072803006e-14,0.0,0.0,0.8636330943939021,0.847038228788368,0.0,1.0996954602272632e-13,0.0,0.0,4.440892098500626e-16,-2.220446049250313e-16,2.220446049250313e-16,4.8166763046667784e-18
0.1,5.861130695334635e-18,-1.0112427353517678e-16,3.602883171749742e-89,0.0,2.1316282072803006e-14,2.1316282072803006e-14,4.551980383289851e-49,0.8636330943939021,0.847038228788368,-9.578726024883634e-76,1.2621660490195685e-13,1.6247058879230532e-14,3.009720985322344e-10,5.551115123125783e-16,-2.220446049250313e-16,2.220446049250313e-16,6.368088314112771e-18
0.2,1.3449343572591112e-17,-2.7445676369633307e-16,9.635936768776462e-46,0.0,2.1316282072803006e-14,2.1316282072803006e-14,-8.284316569738972e-49,0.8636330943939021,0.847038228788368,-1.2904831965815552e-56,1.1571479328936537e-13,5.745247266639055e-15,1.0642905520810382e-10,6.661338147750939e-16,-2.220446049250313e-16,2.220446049250313e-16,5.7577583929871584e-18
0.30000000000000004,1.1465307864006303e-16,-1.954650393189354e-15,2.87177137979044e-31,-7.105427357601002e-15,1.4210854715202004e-14,7.105427357601002e-15,3.821591419360777e-46,0.863633094393902,0.847038228788368,-6.201300532466578e-47,1.1215979930495558e-13,2.190253282229264e-15,4.0573812870977666e-11,6.661338147750939e-16,-2.220446049250313e-16,2.220446049250313e-16,4.892788370808416e-18
0.4,2.1120761280845795e-16,-1.0854018336888945e-15,4.944719916430449e-24,-7.105427357601002e-15,1.4210854715202004e-14,7.105427357601002e-15,-1.2956566017242608e-47,0.863633094393902,0.847038228788368,-8.440521151201722e-41,1.1727717155040993e-13,7.307625527683613e-15,1.3537166367792642e-10,6.661338147750939e-16,-2.220446049250313e-16,3.3306690738754696e-16,5.175848453124785e-18
0.5,3.328803413190447e-16,-1.04754170307538e-15,1.0834625704663723e-19,0.0,7.105427357601002e-15,7.105427357601002e-15,-1.3393896146755352e-46,0.8636330943939019,0.8470382287883681,-1.8159341653430466e-36,1.252321453606452e-13,1.5262599337918876e-14,2.827352683298511e-10,7.771561172376096e-16,-2.220446049250313e-16,2.7755575615628914e-16,5.973455227289321e-18
0.6000000000000001,4.75544284028162e-16,-1.3984836533546305e-15,8.468654723385366e-17,-1.3500311979441904e-13,7.105427357601002e-15,-1.2789769243681803e-13,-2.3813153045821702e-46,0.8636330943939017,0.8470382287883681,-3.2397620646926024e-33,1.155875425439256e-13,5.617996521199277e-15,1.0407177170347145e-10,6.661338147750939e-16,-2.220446049250313e-16,2.220446049250313e-16,5.627734146801994e-18
0.7000000000000001,6.621363601906157e-16,-2.0969327218463706e-15,9.852888378139132e-15,1.4210854715202004e-14,7.105427357601002e-15,2.1316282072803006e-14,6.850568136628152e-46,0.8636330943939018,0.8470382287883681,-4.571581139679108e-31,1.1551957281119077e-13,5.5500267884644505e-15,1.0281265192985957e-10,8.881784197001252e-16,-2.220446049250313e-16,3.3306690738754696e-16,5.31479224675373e-18
0.8,6.137606452190757e-16,9.881568734794155e-15,3.485549813167397e-13,-2.6290081223123707e-13,7.105427357601002e-15,-2.5579538487363607e-13,9.792399550973269e-45,0.8636330943939018,0.8470382287883681,3.108555124387325e-29,1.292513561840972e-13,1.9281810161370854e-14,3.5718999425715093e-10,8.881784197001252e-16,-3.3306690738754696e-16,3.3306690738754696e-16,6.7183898971573785e-18
0.9,-7.28488080801944e-15,2.4250113715030266e-13,5.575403715082619e-12,-2.7711166694643907e-13,3.836930773104541e-13,1.0658141036401503e-13,-1.0579521291768878e-41,0.8636330943939019,0.8470382287883681,2.4981439863660994e-26,1.1093679454049863e-13,9.672485177473301e-16,1.791800093497257e-11,8.881784197001252e-16,-2.220446049250313e-16,3.3306690738754696e-16,5.0860069337429495e-18
1.0,-1.147697420789319e-13,2.755748064704658e-12,5.1166027790846165e-11,-4.881428594671888e-12,6.0111915445304476e-12,1.1297629498585593e-12,-5.9469684753459845e-40,0.8636330943939019,0.8470382287883681,3.2205390846704243e-24,9.03961076225438e-14,-1.9573438403403062e-14,3.6259232366631576e-10,1.1102230246251565e-15,-3.3306690738754696e-16,3.3306690738754696e-16,2.7847249848658203e-18
1.1,-1.0171423638716034e-12,2.0255231124208794e-11,3.1346513163642446e-10,-4.2525982735241996e-11,5.342570830180193e-11,1.0899725566559937e-11,7.906821308347427e-38,0.8636330943939017,0.8470382287883681,1.743070623422422e-22,7.65979393954722e-14,-3.337160680156118e-14,6.181994295163249e-10,1.1102230246251565e-15,-2.220446049250313e-16,2.7755575615628914e-16,5.720141059465285e-19
1.2000000000000002,-6.382593819539715e-12,1.0818792259331051e-10,1.4182952726081885e-09,-2.813820287883573e-10,3.3523406273161527e-10,5.385203394325799e-11,7.035515982968171e-37,0.8636330943939017,0.8470382287883681,4.974929144917748e-21,1.0229425320859366e-13,-7.675297789061796e-15,1.4218268670071765e-10,1.1102230246251565e-15,-2.220446049250313e-16,3.3306690738754696e-16,3.025807061646421e-18
1.3,-3.0829713984458144e-11,4.5129469273339306e-10,5.0825748371144534e-09,-1.3637020401802147e-09,1.619227418814262e-09,2.5552537863404723e-10,1.0116482382217718e-34,0.8636330943939017,0.8470382287883681,8.663537248859905e-20,9.121046229144863e-14,-1.8759170366650178e-14,3.475082421958826e-10,1.1102230246251565e-15,-3.3306690738754696e-16,2.220446049250313e-16,2.2312255640506737e-18
1.4000000000000001,-1.2110442814897068e-10,1.5490533153030882e-09,1.5164679233538472e-08,-5.4512341307599854e-09,6.360579618558404e-09,9.093454877984186e-10,4.55117560294157e-33,0.8636330943939018,0.8470382287883681,1.0214950028530888e-18,9.416247774907367e-14,-1.5808089768655503e-14,2.9284032185913524e-10,1.1102230246251565e-15,-3.3306690738754696e-16,2.220446049250313e-16,2.5851562150105384e-18
1.5,-4.0267664410879085e-10,4.545544607844076e-09,3.907714142150844e-08,-1.8391830280961585e-08,2.114916242135223e-08,2.7573321403906448e-09,1.2894753521638386e-31,0.8636330943939017,0.8470382287883681,8.803643788870803e-18,1.0170259724515412e-13,-8.275752421361069e-15,1.5330593627467821e-10,1.1102230246251565e-15,-2.220446049250313e-16,2.7755575615628914e-16,3.7311989605886975e-18
1.6,-1.1679910435179345e-09,1.17360939610945e-08,8.938881570075466e-08,-5.3928232546240906e-08,6.134458629958317e-08,7.416353753342264e-09,2.5027670591065523e-30,0.8636330943939019,0.8470382287883681,5.874623240430701e-17,9.48222438356025e-14,-1.520604841952812e-14,2.8168767881174155e-10,1.3322676295501878e-15,-2.220446049250313e-16,3.3306690738754696e-16,3.4391379942613678e-18
1.7000000000000002,-3.024577786661819e-09,2.7256275495941123e-08,1.853692969145577e-07,-1.4078817400786647e-07,1.5885520809888476e-07,1.8067034091018286e-08,3.479375572118895e-29,0.8636330943939018,0.8470382287883681,3.1722633381332157e-16,1.1104113944013468e-13,7.543670835950454e-16,1.3974433520609927e-11,1.3322676295501878e-15,-3.3306690738754696e-16,3.885780586188048e-16,4.0110216308221025e-18
1.8,-7.120292965736256e-09,5.792907731899251e-08,3.5422768418961577e-07,-3.337435217076745e-07,3.739680636272169e-07,4.022454191954239e-08,3.706779460920107e-28,0.8636330943939016,0.8470382287883681,1.4348103241259331e-15,1.1939561069846825e-13,7.991254351615996e-15,1.4803569125888617e-10,1.3322676295501878e-15,-2.220446049250313e-16,3.3306690738754696e-16,5.184868593621442e-18
1.9000000000000001,-1.545914047733731e-08,1.1421895535013992e-07,6.31857520768947e-07,-7.288000816174645e-07,8.119363670289204e-07,8.31362854114559e-08,3.1240382037601684e-27,0.8636330943939018,0.8470382287883681,5.586086602593969e-15,1.2202087921457448e-13,6.465246589254191e-15,1.197668358292034e-10,1.3322676295501878e-15,-3.3306690738754696e-16,3.885780586188048e-16,5.042132337693868e-18
2.0,-3.131508321894947e-08,2.112256896597213e-07,1.0629900106330362e-06,-1.4837192097161278e-06,1.644713400139608e-06,1.6099419042348018e-07,2.1659931499213026e-26,0.8636330943939016,0.8470382287883681,1.913461717316244e-14,1.5576040140417116e-13,2.6656238208282407e-14,4.937991554137734e-10,1.3322676295501878e-15,-2.220446049250313e-16,3.3306690738754696e-16,6.579555253144457e-18
2.1,-5.974415147664676e-08,3.696442990961555e-07,1.7007491892274177e-06,-2.843244551797852e-06,3.1378491414102427e-06,2.9460458961239055e-07,1.265002276370444e-25,0.8636330943939018,0.8470382287883681,5.870222665303608e-14,1.5887481136627926e-13,-9.796961309483138e-15,1.8148589393761676e-10,1.4432899320127035e-15,-3.3306690738754696e-16,8.326672684688674e-16,5.05051851081529e-18
2.2,-1.0818800851999362e-07,6.166239641022871e-07,2.605676192987724e-06,-5.1693355374027306e-06,5.682190483469185e-06,5.128549460664544e-07,6.375383759138629e-25,0.8636330943939018,0.8470382287883681,1.6366334900171975e-13,2.7794934271671456e-13,4.3164476922685e-15,7.99609535364839e-11,1.5543122344752192e-15,-3.3306690738754696e-16,2.6645352591003757e-15,1.0119653659606881e-17
2.3000000000000003,-1.871559194254994e-07,9.864690158988626e-07,3.844336923090071e-06,-8.97558445700497e-06,9.829699273211645e-06,8.541148162066747e-07,2.8224584035436254e-24,0.8636330943939018,0.8470382287883681,4.1972405706728875e-13,5.147000512897253e-13,-1.499355180028979e-14,2.777512399831162e-10,1.3322676295501878e-15,-3.3306690738754696e-16,7.827072323607354e-15,1.9903921943483024e-17
2.4000000000000004,-3.109673121183903e-07,1.5211448187799264e-06,5.487648521162457e-06,-1.4965078946715948e-05,1.63324524820041e-05,1.3673735352881522e-06,1.115126069601703e-23,0.8636330943939017,0.8470382287883681,1.0001928817879308e-12,1.0884019482345042e-12,-2.1760479576152952e-14,4.031066331319135e-10,1.5543122344752192e-15,-3.3306690738754696e-16,2.1260770921571748e-14,4.8901143956239783e-17
2.5,-4.985341119403347e-07,2.270565422408762e-06,7.609060210562394e-06,-2.4070784981233828e-05,2.61837317481195e-05,2.1129467668856705e-06,3.983083347750954e-23,0.8636330943939016,0.8470382287883681,2.233634855536379e-12,2.3444109551632794e-12,8.065536041744632e-16,1.4941173823001623e-11,1.5543122344752192e-15,-3.3306690738754696e-16,5.390132784555135e-14,1.2512065954562238e-16
2.6,-7.741607564969437e-07,3.292659836079162e-06,1.0282709891672876e-05,-3.7497462656688185e-05,4.066004132141643e-05,3.162578664728244e-06,1.3007557829004019e-22,0.8636330943939019,0.8470382287883681,4.7085904408425085e-12,4.810218505172143e-12,-8.341481693091523e-15,1.5452355215178933e-10,1.3322676295501878e-15,-3.3306690738754696e-16,1.2784218128558678e-13,2.8852082849320216e-16
2.7,-1.1683400803602321e-06,4.653225707501563e-06,1.3581655766277557e-05,-5.6763849016761014e-05,6.136290882352569e-05,4.5990598067646715e-06,3.92052960044444e-22,0.8636330943939018,0.8470382287883681,9.427684911512585e-12,9.539068754422591e-12,1.41429688727952e-15,2.6199443559367692e-11,1.3322676295501878e-15,-4.440892098500626e-16,2.8660407380698416e-13,6.374686905262034e-16
2.8000000000000003,-1.7185247757967998e-06,6.425592045460365e-06,1.7576257270196692e-05,-8.37446628025873e-05,9.02594038194593e-05,6.514741016871994e-06,1.0996412896238198e-21,0.8636330943939017,0.8470382287883681,1.8024518742007334e-11,1.8120557287818463e-11,-1.3931000211596167e-14,2.5806777703606587e-10,1.3322676295501878e-15,-3.3306690738754696e-16,6.095124405192109e-13,1.3393017478369538e-15
2.9000000000000004,-2.4698566253537074e-06,8.69011603199933e-06,2.2332755241505076e-05,-0.00012071016500669884,0.00012972043795400623,9.010272947307385e-06,2.8906039626052328e-21,0.8636330943939017,0.8470382287883681,3.305703966779333e-11,3.315016344200687e-11,-1.6845771809185783e-14,3.1206308357060145e-10,1.3322676295501878e-15,-3.3306690738754696e-16,1.2360112933151868e-12,2.6929477173617787e-15
3.0,-3.4758386733379456e-06,1.1533550257648636e-05,2.7912079669487814e-05,-0.00017036388751989762,0.00018255606837414007,1.2192180854242451e-05,7.165625297957659e-21,0.8636330943939015,0.8470382287883681,5.83905519041227e-11,5.848896847907042e-11,-1.1552971074999708e-14,2.1401547040429904e-10,1.4432899320127035e-15,-3.3306690738754696e-16,2.4001356457858947e-12,5.1872232689238755e-15
3.1,-4.798938849042097e-06,1.5048312143439111e-05,3.4368895583906284e-05,-0.00023587804444957783,0.0002520472010019148,1.6169156552336972e-05,1.6841767208634697e-20,0.8636330943939015,0.8470382287883681,9.968210771394622e-11,9.978647512971747e-11,-5.602130251480833e-15,1.0377785361475554e-10,1.4432899320127035e-15,-3.3306690738754696e-16,4.4805825716309755e-12,9.60733513303194e-15
3.2,-6.511116929747911e-06,1.933168422054106e-05,4.175088391191842e-05,-0.00032092347022683043,0.0003419732672114151,2.1049796984584646e-05,3.771051004187587e-20,0.863633094393901,0.8470382287883681,1.649758213549536e-10,1.6507383615655065e-10,-1.1954744425701827e-14,2.2145820631077903e-10,1.5543122344752192e-15,-3.3306690738754696e-16,8.067102541531312e-12,1.7159488933719948e-14
3.3000000000000003,-8.694269782836692e-06,2.4484986078359308e-05,5.009824422495705e-05,-0.0004296972037778346,0.0004566356088915313,2.6938405113696717e-05,8.077934885649906e-20,0.8636330943939006,0.8470382287883682,2.654157749292828e-10,2.6550786812343466e-10,-1.787635187085054e-14,3.311542831637312e-10,1.5543122344752192e-15,-4.440892098500626e-16,1.4050205443538744e-11,2.965023967294565e-14
3.4000000000000004,-1.1440592820403956e-05,3.061272856972804e-05,5.94433997322087e-05,-0.0005669435593489425,0.0006008764621938667,3.393290284492423e-05,1.6615752533430806e-19,0.8636330943938998,0.8470382287883682,4.160798413901637e-10,4.1618174164293926e-10,-8.069293247183827e-15,1.4948133938146503e-10,1.7763568394002505e-15,-3.3306690738754696e-16,2.373312657510951e-11,4.969157174035731e-14
3.5,-1.4852857816119853e-05,3.782179282530939e-05,6.981088105681247e-05,-0.000737974991565693,0.0007800935491744099,4.2118557608716856e-05,3.292771077393217e-19,0.8636330943938982,0.8470382287883684,6.369341109333817e-10,6.370322336850276e-10,-1.1846794376776078e-14,2.1945846266466143e-10,1.7763568394002505e-15,-4.440892098500626e-16,3.8971992299963176e-11,8.095836557541564e-14
3.6,-1.904460954467798e-05,4.6220628769511664e-05,8.121736365427764e-05,-0.0009486822865838462,0.0010002504053971961,5.1568118813349884e-05,6.305373543518523e-19,0.863633094393896,0.8470382287883687,9.539039131197545e-10,9.539958642456004e-10,-1.8018420176883784e-14,3.3378605772179634e-10,1.9984014443252818e-15,-4.440892098500626e-16,6.234163185681041e-11,1.2849396804054375e-13
3.7,-2.4140284781857234e-05,5.591850475936263e-05,9.367183364892275e-05,-0.0012055455221116063,0.0012678826301595336,6.233710804792736e-05,1.1698246515010395e-18,0.8636330943938928,0.8470382287883689,1.4000537963685238e-09,1.4001489886820986e-09,-1.4777232447930274e-14,2.7374398612155697e-10,1.7763568394002505e-15,-3.3306690738754696e-16,9.733008843326729e-11,1.9905111784911778e-13
3.8000000000000003,-3.027525860886423e-05,6.702480625760961e-05,0.00010717585790034479,-0.0015156378208160959,0.0015901003182250406,7.446249740894473e-05,2.1077844719299627e-18,0.8636330943938878,0.8470382287883693,2.016865490105832e-09,2.016962116732433e-09,-1.3342919421343794e-14,2.4717374933145685e-10,1.7763568394002505e-15,-2.220446049250313e-16,1.485568335013454e-10,3.014755026588949e-13
3.9000000000000004,-3.75958233686583e-05,7.96483904900574e-05,0.0001217239358814493,-0.0018866258518386303,0.001974586954773372,8.796110293474158e-05,3.696245425662721e-18,0.8636330943938798,0.8470382287883701,2.8555998758497154e-09,2.855707037517419e-09,-2.8078783188550596e-15,5.2015139252637067e-11,1.7763568394002505e-15,-3.3306690738754696e-16,2.220135186803418e-10,4.471102370188984e-13
4.0,-4.6259105960403956e-05,9.389699752994742e-05,0.00013730391314942044,-0.0023267658768091337,0.0024295950716464176,0.00010282919483728392,6.3207386326521384e-18,0.8636330943938685,0.8470382287883711,3.9787264563720974e-09,3.9788151109072915e-09,-2.131501082855041e-14,3.948544525499956e-10,1.9984014443252818e-15,-3.3306690738754696e-16,3.25319382543654e-10,6.502258795969998e-13
4.1000000000000005,-5.6432929055243894e-05,0.00010987671852172589,0.00015389743859268808,-0.0028448971784840182,0.0029639389578406394,0.00011904177935662119,1.0558717062368232e-17,0.8636330943938525,0.8470382287883725,5.461401749355317e-09,5.461509196392795e-09,-2.5225085447940066e-15,4.6728746164801316e-11,1.9984014443252818e-15,-2.220446049250313e-16,4.679858167655482e-10,9.284677186189731e-13
4.2,-6.829562159779068e-05,0.00012769151128063486,0.00017148045007509815,-0.0034504302534230646,0.003586984707162344,0.00013655445373927932,1.7257750101271668e-17,0.8636330943938296,0.8470382287883746,7.392976476944186e-09,7.393073653544552e-09,-1.2792945656442368e-14,2.369856433246732e-10,1.9984014443252818e-15,-2.220446049250313e-16,6.616825976024643e-10,1.3032469368400684e-12
4.3,-8.203578337643723e-05,0.00014744276607576675,0.0001900236754588499,-0.004153333860514863,0.004308637853043251,0.00015530399252838833,2.763869246797833e-17,0.8636330943937975,0.8470382287883776,9.87851032045826e-09,9.878602163271072e-09,-1.8126733210963692e-14,3.3579252556362196e-10,1.9984014443252818e-15,-2.220446049250313e-16,9.204931816775286e-10,1.8001837267076304e-12
4.4,-9.785200801092138e-05,0.000169228905715153,0.00020949313819627806,-0.004964117613958763,0.005139328819190325,0.00017521120523156242,4.3429623578755404e-17,0.8636330943937532,0.8470382287883816,1.304027238707802e-08,1.3040350823719195e-08,-3.1532904847835793e-14,5.841380040176158e-10,2.220446049250313e-15,-3.3306690738754696e-16,1.2611529598416382e-09,2.449449740876779e-12
4.5,-0.00011595256795879125,0.00019314502590671447,0.0002298506586935939,-0.005893813262858316,0.006089996375976625,0.00019618311311830894,6.703701400349278e-17,0.8636330943936935,0.8470382287883872,1.7019205277113335e-08,1.7019287288418627e-08,-2.795824073206931e-14,5.179183781476401e-10,2.220446049250313e-15,-3.3306690738754696e-16,1.7032595889254765e-09,3.286110259645437e-12
4.6000000000000005,-0.00013655506463952256,0.00021928255665994552,0.00025105434444613206,-0.006953953202177843,0.007172069264328229,0.00021811606215038637,1.0176143890763244e-16,0.8636330943936127,0.8470382287883946,2.1976330777827216e-08,2.1976402910756808e-08,-3.7836616432413635e-14,7.009124502884847e-10,2.220446049250313e-15,-2.220446049250313e-16,2.269448517999706e-09,4.3503832143705956e-12
4.7,-0.00015988604615320342,0.0002477289506887177,0.0002730590635192519,-0.00815654681117195,0.008397446117676566,0.0002408993065046161,1.520657207614696e-16,0.8636330943935054,0.8470382287884044,2.809407563404848e-08,2.809414974227191e-08,-3.5861322592828655e-14,6.643206993422457e-10,1.9984014443252818e-15,-2.220446049250313e-16,2.9855245498033867e-09,5.687851348466337e-12
4.800000000000001,-0.00018618059459937826,0.00027856738791961556,0.00029581689730754984,-0.009514055993086856,0.009778473787541486,0.00026441779445463,2.239041898284806e-16,0.8636330943933647,0.8470382287884173,3.5577496554473347e-08,3.5577582926832724e-08,-2.35971866471457e-14,4.3713110400105966e-10,2.220446049250313e-15,-1.1102230246251565e-16,3.880547549961477e-09,7.349617072388727e-12
4.9,-0.00021568188470124747,0.0003118764943619236,0.00031927756966008047,-0.01103936707860953,0.011327924161626868,0.00028855708301733785,3.2512190354830927e-16,0.8636330943931806,0.8470382287884342,4.4655384585664754e-08,4.4655488038869146e-08,-6.5163416317067394e-15,1.207133568128379e-10,1.9984014443252818e-15,-1.1102230246251565e-16,4.9868691398557985e-09,9.392381176307293e-12
5.0,-0.00024864071503434706,0.0003477300783573437,0.00034338885042777505,-0.012745765602666381,0.013058969543486398,0.0003132039408200171,4.659335997870924e-16,0.8636330943929438,0.8470382287884559,5.558123011433064e-08,5.5581339346862254e-08,-7.370144119215055e-16,1.3652980262666572e-11,2.1094237467877974e-15,-1.1102230246251565e-16,6.340120983772124e-09,1.1878486378392649e-11
5.1000000000000005,-0.0002853150133169483,0.0003861968732652598,0.0003680969322899515,-0.014646904791106863,0.014985156669439448,0.00033825187833258497,6.594918703848004e-16,0.8636330943926402,0.8470382287884838,6.863403121482367e-08,6.863410617394792e-08,-3.501042176888239e-14,6.485580060123595e-10,1.9984014443252818e-15,-1.1102230246251565e-16,7.979159943882763e-09,1.487589315704051e-11
5.2,-0.0003259693168983276,0.00042734029936700884,0.00039334678036926024,-0.016756777297139536,0.017120379423204213,0.0003636021260646771,9.225539180178557e-16,0.8636330943922551,0.8470382287885191,8.411892952665921e-08,8.41190110233593e-08,-2.847284592116049e-14,5.274512914476802e-10,1.887379141862766e-15,-1.1102230246251565e-16,9.945974155378678e-09,1.845816088442047e-11
5.300000000000001,-0.00037087422997769687,0.00047121823723775963,0.0004190824546675761,-0.01908968405815159,0.01947885032821972,0.00038916627006813087,1.2762572125492029e-15,0.86363309439177,0.8470382287885636,1.0236765967325978e-07,1.0236774788195023e-07,-2.176085557374066e-14,4.03113598379215e-10,1.9984014443252818e-15,0.0,1.2285562955849372e-08,2.270434232255797e-11
5.4,-0.00042030585913763326,0.0005178828208783401,0.00044524740576724545,-0.021660203428027103,0.022075070901067306,0.00041486747304020355,1.7470118987441058e-15,0.863633094391164,0.8470382287886191,1.237388000921263e-07,1.237388943568328e-07,-1.5704839516168318e-14,2.909276405919567e-10,2.220446049250313e-15,0.0,1.5045797219226387e-08,2.7698941967238974e-11
5.5,-0.0004745452291353827,0.0005673802506651979,0.0004717847445592499,-0.02448315970234205,0.024923800967968646,0.00044064126562659567,2.3675191013723892e-15,0.8636330943904118,0.8470382287886881,1.4861781523350894e-07,1.48617910372491e-07,-1.483056395115729e-14,2.7473193689858235e-10,2.220446049250313e-15,0.0,1.8277277524791913e-08,3.353182375725428e-11
5.6000000000000005,-0.0005338776812196868,0.0006197506311512014,0.000498637486997281,-0.027573591054512292,0.028040027063418904,0.0004664360089066122,3.1779221153023406e-15,0.8636330943894842,0.8470382287887732,1.774168812824569e-07,1.7741699787524512e-07,6.623242205673467e-15,1.226936592368167e-10,1.9984014443252818e-15,1.6653345369377348e-16,2.203319782179136e-08,4.029817161111031e-11
5.7,-0.0005985922565818945,0.0006750278368873242,0.0005257487750476317,-0.030946717678546065,0.03143893004828868,0.0004922123697426173,4.227095483381055e-15,0.8636330943883487,0.8470382287888772,2.1057448986551806e-07,2.1057458269613309e-07,-1.7138930988011195e-14,3.174937731440764e-10,2.1094237467877974e-15,1.6653345369377348e-16,2.6369230743394922e-08,4.809843783714482e-11
5.800000000000001,-0.0006689810679316239,0.0007332394092561129,0.000553062075120965,-0.0346179095494179,0.03513585210402681,0.0005179425546089078,5.574079007764167e-15,0.863633094386966,0.8470382287890041,2.485548266150813e-07,2.4855493224725213e-07,-4.337375196165053e-15,8.034862953443568e-11,2.1094237467877974e-15,2.7755575615628914e-16,3.1343442064013516e-08,5.70383650959661e-11
5.9,-0.0007453386624868978,0.0007944064886639224,0.0005805213553434276,-0.03860265442880717,0.03914626327591719,0.000543608847110022,7.289655948655672e-15,0.8636330943852921,0.8470382287891576,2.918469239020781e-07,2.918470129789257e-07,-2.0892698418875226e-14,3.870312364761849e-10,2.1094237467877974e-15,2.7755575615628914e-16,3.7016243514820246e-08,6.722896772194763e-11
6.0,-0.0008279613799542358,0.0008585437824145908,0.0006080712430600143,-0.042916525884606926,0.04348572775339932,0.0005692018687923905,9.458078985277626e-15,0.8636330943832777,0.8470382287893423,3.4096358951147947e-07,3.40963686717999e-07,-1.276302648653703e-14,2.364313992968964e-10,2.1094237467877974e-15,4.440892098500626e-16,4.345038917552557e-08,7.878659762609289e-11
6.1000000000000005,-0.0009171467092580311,0.0009256595719101376,0.0006356571639698837,-0.04757515149347569,0.0481698700843225,0.00059471859084681,1.2178941264657338e-14,0.8636330943808657,0.8470382287895635,3.9644011544691874e-07,3.9644022090867315e-07,-4.507791607707718e-15,8.350554460365452e-11,1.9984014443252818e-15,5.551115123125783e-16,5.0711012389292875e-08,9.183296387367305e-11
6.2,-0.0010131926478905236,0.0009957557579918276,0.0006632254642777218,-0.0525941815781934,0.0532143415273012,0.0006201599491078014,1.5569189870574763e-14,0.8636330943779924,0.8470382287898269,4.588327733845276e-07,4.5883286748698366e-07,-1.58670899477643e-14,2.939332832284605e-10,2.220446049250313e-15,6.106226635438361e-16,5.886570508817357e-08,1.0649516976801972e-10
6.300000000000001,-0.0011163970677618513,0.0010688279453245023,0.0006907235172125357,-0.05798925815834366,0.05863478674515932,0.0006455285868156579,1.9765274835446148e-14,0.8636330943745865,0.8470382287901393,5.287171054934656e-07,5.287171796746893e-07,-3.578832236190619e-14,6.62968391034792e-10,2.1094237467877974e-15,7.771561172376096e-16,6.798462282020523e-08,1.2290571960361573e-10
6.4,-0.0012270570913314733,0.0011448655633363467,0.0007180998152196145,-0.06377598449581257,0.064446811038394,0.0006708265425814375,2.4925427203122653e-14,0.8636330943705673,0.8470382287905078,6.066860213556391e-07,6.066860998841212e-07,-3.144106403825213e-14,5.824366794026956e-10,2.220446049250313e-15,8.881784197001252e-16,7.814061075972489e-08,1.412024596939812e-10
6.5,-0.0013454684815985068,0.0012238520219954043,0.0007453040490766086,-0.06996989526001585,0.07066594830667583,0.0006960530466599835,3.123205288017078e-14,0.8636330943658462,0.8470382287909408,6.933477135083705e-07,6.933477990242951e-07,-2.4453621488060957e-14,4.5299631340556895e-10,2.3314683517128287e-15,1.0547118733938987e-15,8.940932599843521e-08,1.6152844833308166e-10
6.6000000000000005,-0.0014719250492355451,0.001305764898354812,0.0007722871751234087,-0.07658642733375132,0.07730762991051421,0.0007212025767628916,3.8894236382361266e-14,0.8636330943603249,0.8470382287914471,7.893234056743591e-07,7.893234878414059e-07,-2.780249933508267e-14,5.150333135074589e-10,2.220446049250313e-15,1.4432899320127035e-15,1.0186934218392452e-07,1.8403172049647163e-10
6.7,-0.0016067180797568186,0.0013905761497363949,0.0007990014717303609,-0.08364089135312014,0.08438715458544976,0.0007462632323296248,4.8150328826021006e-14,0.8636330943538937,0.8470382287920368,8.952449489928138e-07,8.952450477704914e-07,-1.1191868460806817e-14,2.0732614820838801e-10,2.1094237467877974e-15,1.4988010832439613e-15,1.1560220958273248e-07,2.088649525719817e-10
6.800000000000001,-0.0017501357831462363,0.0014782523488735362,0.0008254005860619952,-0.09114844396624022,0.09191965953553449,0.0007712155692942702,5.927061708818815e-14,0.8636330943464324,0.8470382287927211,1.011752282517226e-06,1.0117523832180508e-06,-9.268721129284752e-15,1.7170039634416657e-10,2.4424906541753444e-15,1.887379141862766e-15,1.306924509725249e-07,2.361849519710447e-10
6.9,-0.0019024627678498115,0.0015687549351879981,0.0008514395721255553,-0.09912406122829509,0.0999200928067907,0.0007960315784956151,7.256004224087797e-14,0.8636330943378097,0.8470382287935118,1.139490774893845e-06,1.1394908824526366e-06,-2.410754235465857e-15,4.4658529687558724e-11,2.3314683517128287e-15,2.0539125955565396e-15,1.4722746888296e-07,2.661520324726745e-10
7.0,-0.0020639795404820845,0.001662040476902149,0.0008770749210261574,-0.10758251253042062,0.10840318701092855,0.0008206744805079325,8.836096121918845e-14,0.863633094327881,0.8470382287944223,1.2791084644891236e-06,1.2791085696128817e-06,-4.8457878233318114e-15,8.976682740372984e-11,2.4424906541753444e-15,2.3869795029440866e-15,1.6529734725434508e-07,2.9892920111201335e-10
7.1000000000000005,-0.0022349620320073343,0.0017580609373328698,0.0009022645842845288,-0.11653833567176974,0.1173834344398017,0.0008450987680319599,1.0705591049081833e-13,0.8636330943164895,0.8470382287954669,1.4312532152933086e-06,1.4312533133086551e-06,-1.1954199489764227e-14,2.2144811152907583e-10,2.55351295663786e-15,2.6645352591003757e-15,1.84994528973359e-07,3.346812174577148e-10
7.2,-0.0024156811505888515,0.0018567639410432743,0.0009269679910092838,-0.12600581294526592,0.1268750635802931,0.0008692506350271856,1.2907037252634724e-13,0.8636330943034639,0.8470382287966614,1.5965698057450378e-06,1.596569904608946e-06,-1.110563785979837e-14,2.0572875109570902e-10,2.55351295663786e-15,3.1086244689504383e-15,2.0641335946036676e-07,3.7357349349945946e-10
7.300000000000001,-0.002606402360754226,0.0019580930332764672,0.0009511460596545061,-0.13599894797094692,0.13689201701139098,0.0008930690404440611,1.548754967905266e-13,0.8636330942886198,0.8470382287980226,1.775696967218647e-06,1.775697062409813e-06,-1.4778379918873067e-14,2.7376524269114436e-10,2.6645352591003757e-15,3.4416913763379853e-15,2.296494936993021e-07,4.157708706376303e-10
7.4,-0.0028073852880116635,0.0020619879286814203,0.0009747612050348745,-0.14653144375806448,0.14744793063820794,0.0009164868801434523,1.8499076491512544e-13,0.8636330942717565,0.8470382287995689,1.9692643883241323e-06,1.9692644754461165e-06,-2.2847561787376486e-14,4.2324451881455e-10,2.55351295663786e-15,3.83026943495679e-15,2.5479916682114023e-07,4.6143629661153446e-10
7.5,-0.0030188833476225848,0.0021683847452736308,0.0009977773412153778,-0.15761668159267828,0.15855611419434013,0.0009394326016618493,2.1998656126599303e-13,0.8636330942526591,0.8470382288013202,2.1778897004655707e-06,2.1778898052237794e-06,-5.21133717369714e-15,9.653852410984521e-11,2.7755575615628914e-15,4.274358644806853e-15,2.8195833967625816e-07,5.107294484563862e-10
7.6000000000000005,-0.003241143395865803,0.00227721621968023,0.0010201598808405083,-0.16926770091880172,0.17022953292587317,0.0009618320070714503,2.6048662564609395e-13,0.863633094231096,0.8470382288032976,2.4021754593020813e-06,2.4021755435793946e-06,-2.5692232578754118e-14,4.759412280514914e-10,2.55351295663786e-15,4.829470157119431e-15,3.112217387690741e-07,5.638052968179453e-10
7.7,-0.003474405401855608,0.002388411902673429,0.001041875731419053,-0.18149718018437966,0.1824807903547736,0.0009836101703939448,3.071703532260525e-13,0.8636330942068187,0.8470382288055238,2.6427061359266947e-06,2.6427062426220137e-06,-3.2742270334351793e-15,6.065411522473843e-11,2.6645352591003757e-15,5.162537064506978e-15,3.4268181253738206e-07,6.208127271635148e-10
7.800000000000001,-0.003718902137799314,0.0025018983324186107,0.0010628932890350332,-0.19431741862074858,0.19532211201056526,0.0010046933898166799,3.607749127934828e-13,0.8636330941795611,0.8470382288080234,2.9000451307611233e-06,2.9000452464023464e-06,5.67167713415675e-15,1.0506618963796671e-10,2.55351295663786e-15,5.88418203051333e-15,3.7642763811573943e-07,6.818931679424727e-10
7.9,-0.003974858885498626,0.0026175991860481304,0.0010831824299129319,-0.20774031888986144,0.2087653300154244,0.001025011125562969,4.2209714526816567e-13,0.863633094149041,0.8470382288108221,3.1747318223939947e-06,3.174731897977054e-06,-3.4386486645848584e-14,6.369997870926564e-10,2.55351295663786e-15,6.328271240363392e-15,4.1254381288879927e-07,7.47179342195174e-10
8.0,-0.004242493156917279,0.0027354354097090545,0.0011027145002260774,-0.22177737070508385,0.2228218684079053,0.0010444977028214453,4.919952143674252e-13,0.8636330941149563,0.8470382288139477,3.467278662903696e-06,3.467278767699346e-06,-5.173896199846132e-15,9.584494082472313e-11,2.4424906541753444e-15,7.049916206369744e-15,4.5110937102466053e-07,8.167941761092548e-10
8.1,-0.004522014426760585,0.0028553253286087775,0.0011214623045006783,-0.23643963478858154,0.23750272909767034,0.0010630943090887968,5.713899548582498e-13,0.863633094076987,0.8470382288174295,3.7781683306411304e-06,3.77816843144456e-06,-9.166116216735576e-15,1.697996698139563e-10,2.4424906541753444e-15,7.66053886991358e-15,4.921967662330218e-07,8.908498041252197e-10
8.200000000000001,-0.004813623875170882,0.002977184741151163,0.0011394000929344941,-0.2517377288967779,0.2528184783512728,0.0010807494544948781,6.612659243103839e-13,0.8636330940347944,0.8470382288212986,4.107850950949663e-06,4.107851048723028e-06,-1.2196181767959967e-14,2.2593076371970002e-10,2.3314683517128287e-15,8.43769498715119e-15,5.358709592728772e-07,9.69446851798378e-10
8.3,-0.005117514139003375,0.0031009269946829076,0.0011565035479182547,-0.267681812387643,0.2687792337287789,0.0010974213411358846,7.626720610785171e-13,0.86363309398802,0.8470382288255879,4.456741395072577e-06,4.456741485380133e-06,-1.9661990304398625e-14,3.6423272219442865e-10,2.4424906541753444e-15,9.159339953157541e-15,5.821886492340944e-07,1.0526738681569154e-09
8.4,-0.005433869070327277,0.0032264630569369,0.0011727497700196037,-0.28428157440926327,0.2853946514000114,0.0011130769907481408,8.767219790113355e-13,0.8636330939362854,0.8470382288303321,4.825216667129025e-06,4.825216743503964e-06,-3.35946074019218e-14,6.223304515778182e-10,2.4424906541753444e-15,9.825473767932635e-15,6.311976788464513e-07,1.140607014801064e-09
8.5,-0.005762863501362456,0.0033537015730032422,0.0011881172636633176,-0.30154621992339514,0.30267391379831565,0.00112769387492051,1.004593802610162e-12,0.8636330938791923,0.8470382288355676,5.2136133891653964e-06,5.213613478435034e-06,-2.069990890258026e-14,3.8345986606843157e-10,2.3314683517128287e-15,1.071365218763276e-14,6.829366399618841e-07,1.2333099430453968e-09
8.6,-0.006104663015266119,0.003482548925841681,0.0012025859227177524,-0.3194844584073593,0.320625717582125,0.0011412591747657075,1.147529575807324e-12,0.8636330938163234,0.8470382288413327,5.622225394069054e-06,5.622225462001385e-06,-4.2037215180167065e-14,7.787273354071322e-10,2.55351295663786e-15,1.1601830607332886e-14,7.374346955302258e-07,1.3308338743479952e-09
8.700000000000001,-0.006459423722730297,0.0036129092934991556,0.0012161370161756482,-0.3381044926303609,0.33925826190137087,0.0011537692710099634,1.3068341300323174e-12,0.8636330937472394,0.8470382288476678,6.0513014363546126e-06,6.0513015328918605e-06,-1.3432298452502583e-14,2.4882947020823825e-10,2.55351295663786e-15,1.2490009027033011e-14,7.947116222317696e-07,1.433217884170136e-09
8.8,-0.006827292044688927,0.0037446847138070103,0.001228753174097538,-0.35741400758110586,0.35857923698473826,0.0011652294036323951,1.483873502252287e-12,0.8636330936714822,0.8470382288546148,6.501043030864525e-06,6.501043120820595e-06,-2.0013475943224217e-14,3.7074389268427746e-10,2.4424906541753444e-15,1.3433698597964394e-14,8.547780744327937e-07,1.5404892787440733e-09
8.9,-0.007208404501784357,0.0038777751564012127,0.0012404183739677455,-0.37742016097767817,0.37859581308236656,0.001175652104688396,1.6800727404212846e-12,0.863633093588572,0.8470382288622178,6.9716024294973275e-06,6.971602512630882e-06,-2.683599175534344e-14,4.971290382362411e-10,2.4424906541753444e-15,1.4488410471358293e-14,9.176360484808299e-07,1.6526641219133338e-09
9.0,-0.007602887511621289,0.0040120786058080084,0.0012511179275963753,-0.3981295735152983,0.39931462981696697,0.0011850563016686522,1.896913196209992e-12,0.8636330934980095,0.8470382288705225,7.46308074619767e-06,7.463080837585803e-06,-1.858141343292737e-14,3.44215346061949e-10,2.6645352591003757e-15,1.554312234475219e-14,9.83279524857661e-07,1.7697477898316351e-09
9.1,-0.008010857195051,0.004147491159668497,0.0012608384686854256,-0.419548320407511,0.4207417860095717,0.0011934656020606838,2.1359292401309228e-12,0.8636330933992749,0.8470382288795766,7.97552624036271e-06,7.975526333443596e-06,-1.6888659592454065e-14,3.128575674355028e-10,2.55351295663786e-15,1.6542323066914832e-14,1.0516952526629098e-06,1.8917355309922868e-09
9.200000000000001,-0.008432419192975002,0.0042839071414330875,0.0012695679411633214,-0.4416819232905951,0.4428828300578118,0.0012009067672167362,2.3987043947836157e-12,0.863633093291829,0.8470382288894295,8.508932768758563e-06,8.508932862537652e-06,-1.6190457110295924e-14,2.999235670224075e-10,2.6645352591003757e-15,1.759703494030873e-14,1.1228636307980544e-06,2.018612999007916e-09
9.3,-0.008867668495260788,0.004421219230449814,0.0012772955883793287,-0.4645353433614261,0.4657427509500529,0.0012074075886268076,2.6868668942421166e-12,0.863633093175112,0.8470382289001326,9.063238415770807e-06,9.063238475071512e-06,-5.066884005465802e-14,9.386257066464696e-10,2.6645352591003757e-15,1.8818280267396403e-14,1.1967596382778112e-06,2.150356679118372e-09
9.4,-0.009316689283477175,0.004559318607035557,0.0012840119432376786,-0.488112973648235,0.4893259700057335,0.001212996357498497,3.0020846838392447e-12,0.8636330930485445,0.847038228911739,9.638324311512322e-06,9.638324401297293e-06,-2.018457490450369e-14,3.7391345179129825e-10,2.4424906541753444e-15,1.9984014443252818e-14,1.2733537572695575e-06,2.2869342171085454e-09
9.5,-0.009779554789021648,0.004698095115625003,0.0012897088193404085,-0.5124186343842361,0.5136363334237792,0.001217699039543163,3.3460598220304946e-12,0.8636330929115293,0.8470382289243035,1.023401364663993e-05,1.023401373266828e-05,-2.3941196518762614e-14,4.435037880508912e-10,2.6645352591003757e-15,2.1316282072803006e-14,1.3526128355700884e-06,2.428304514782868e-09
9.600000000000001,-0.010256327168279664,0.004837437442211351,0.001294379303197992,-0.5374555670756003,0.5386771057256965,0.001221538650096221,3.720522420502233e-12,0.8636330927634496,0.8470382289378826,1.0850070892257172e-05,1.0850070957861929e-05,-4.436478887438842e-14,8.218449694629647e-10,2.55351295663786e-15,2.2593038551121936e-14,1.434500834784913e-06,2.574417716645461e-09
9.700000000000001,-0.010747057396165943,0.004977233304187296,0.0012980177475575168,-0.5632264301577301,0.5644509641641271,0.0012245340063969934,4.127223992274981e-12,0.8636330926036706,0.8470382289525344,1.1486201232289636e-05,1.1486201291515342e-05,-5.0743839739939706e-14,9.400150542715554e-10,2.55351295663786e-15,2.3869795029440866e-14,1.5189794151937441e-06,2.725214949442867e-09
9.8,-0.011251785179242068,0.005117369651270648,0.0013006197658896022,-0.5897332955376307,0.5909599941596007,0.0012266986219700016,4.5679303591228975e-12,0.8636330924315413,0.8470382289683189,1.2142050214838406e-05,1.2142050275747426e-05,-4.906052608166355e-14,9.088321523084807e-10,2.6645352591003757e-15,2.525757381022231e-14,1.6060083137814374e-06,2.8806278604531095e-09
9.9,-0.01177053888933744,0.0052577328742632445,0.001302182228066977,-0.6169776456526712,0.6182056858140967,0.0012280401614255254,5.044414117316522e-12,0.8636330922463922,0.8470382289852973,1.2817203627939664e-05,1.2817203709504295e-05,-2.840491446112585e-14,5.261928806648448e-10,2.6645352591003757e-15,2.6700863742235015e-14,1.6955454884559629e-06,3.0405779671087934e-09
10.0,-0.012303335518289651,0.005398209018473133,0.0013027032572600135,-0.644960371384375,0.6461889315338318,0.0012285601494568255,5.558446614396687e-12,0.8636330920475392,0.8470382290035324,1.3511187603978876e-05,1.3511187674743049e-05,-3.9205372279259125e-14,7.262682591561426e-10,2.55351295663786e-15,2.8033131371785203e-14,1.787547001363965e-06,3.204975841402292e-09
10.100000000000001,-0.012850180654106536,0.005538683997695568,0.001302182228066977,-0.6736817707138449,0.6749100247771018,0.001228254063256884,6.11178971536864e-12,0.8636330918342833,0.8470382290230882,1.4223468955789785e-05,1.4223469033106366e-05,-3.2652964262590983e-14,6.048867829224918e-10,2.6645352591003757e-15,2.9531932455029164e-14,1.8819666409153335e-06,3.373720176791929e-09
10.200000000000001,-0.013411068478519325,0.005679043807507632,0.0013006197658896022,-0.7031415484324093,0.7043686599257484,0.0012271114933390947,6.7061870359108706e-12,0.8636330916059097,0.8470382290440304,1.4953455746203797e-05,1.4953455808802309e-05,-4.7371034165070124e-14,8.775347998848738e-10,2.6645352591003757e-15,3.1030733538273125e-14,1.9787552842931433e-06,3.546696731238258e-09
10.3,-0.013985981785587728,0.005819174733263839,0.001298017747557518,-0.7333388165879775,0.7345639332623506,0.0012251166743730835,7.343355099509208e-12,0.8636330913616928,0.8470382290664253,1.5700498091573973e-05,1.57004981791174e-05,-2.2426118850404214e-14,4.15437409472792e-10,2.886579864025407e-15,3.2529534621517087e-14,2.0778600258175572e-06,3.7237772777939825e-09
10.4,-0.014574892020723745,0.005958963548850088,0.001294379303197992,-0.7642720952000701,0.7654943450193663,0.001222249819296195,8.024974092173538e-12,0.8636330911008919,0.8470382290903411,1.6463889198580095e-05,1.6463889249481954e-05,-5.906768672271634e-14,1.09421192848059e-09,2.6645352591003757e-15,3.402833570476105e-14,2.1792231048589628e-06,3.904818535378897e-09
10.5,-0.015177759339195384,0.006098297708362368,0.0012897088193404085,-0.7959393149883311,0.7971578024521904,0.0012184874638592191,8.752678540965809e-12,0.8636330908227581,0.8470382291158464,1.724286663240582e-05,1.724286669978531e-05,-4.2590056644181e-14,7.889685647161866e-10,2.6645352591003757e-15,3.574918139293004e-14,2.2827806794856187e-06,4.089661255774863e-09
10.600000000000001,-0.01579453268303381,0.006237065521515952,0.0012840119432376775,-0.8283378195932372,0.8295516238779754,0.0012138042847382735,9.528047794037778e-12,0.8636330905265309,0.8470382291430107,1.8036613813408855e-05,1.803661388793165e-05,-3.544674997317879e-14,6.56640860655286e-10,2.6645352591003757e-15,3.7414515929867775e-14,2.388461506741546e-06,4.278129371095031e-09
10.700000000000001,-0.016425149875013072,0.0063751563193763326,0.0012772955883793287,-0.8614643692920119,0.8626725436118186,0.0012081743198066874,1.0352596431537188e-11,0.8636330902114409,0.8470382291719049,1.884426173831957e-05,1.88442618028171e-05,-4.547201509644619e-14,8.423560171596435e-10,2.886579864025407e-15,3.907985046680551e-14,2.4961855938920863e-06,4.470029421930101e-09
10.8,-0.017069537728324497,0.006512460603271951,0.0012695679411633214,-0.8953151455225168,0.8965167177267013,0.0012015722041844867,1.1227764604378411e-11,0.8636330898767121,0.8470382292026,1.9664890921226777e-05,1.9664890995250904e-05,-3.594541859801813e-14,6.65878553680572e-10,2.9976021664879227e-15,4.08006961549745e-14,2.605862891746913e-06,4.6651501977370595e-09
10.9,-0.01772761217050741,0.006648870180029564,0.0012608384686854256,-0.9298857557957518,0.9310797305625584,0.0011939747668066047,1.2154908429914715e-11,0.8636330895215616,0.8470382292351677,2.049753354885753e-05,2.0497533622340028e-05,-3.6487048733942207e-14,6.759120963573798e-10,2.9976021664879227e-15,4.2577052994374753e-14,2.7173921040013482e-06,4.8632626917558065e-09
11.0,-0.01839927838021151,0.006784278284275601,0.0012511179275963742,-0.9651712396399219,0.9663566019092364,0.0011853622693145383,1.313529038226582e-11,0.8636330891452024,0.8470382292696803,2.134117584404239e-05,2.1341175912730276e-05,-4.128165840308444e-14,7.647308631564218e-10,2.886579864025407e-15,4.4297898682543746e-14,2.8306596807081696e-06,5.064120385560848e-09
11.100000000000001,-0.019084430935463435,0.006918579685991155,0.0012404183739677455,-1.0011660751661609,1.002341794793491,0.0011757196273300963,1.41700697671926e-11,0.8636330887468431,0.8470382293062103,2.2194760630784786e-05,2.2194760714076503e-05,-2.6677827834201487e-14,4.941990970319882e-10,2.886579864025407e-15,4.6074255521943996e-14,2.9455390644361756e-06,5.2674598648404915e-09
11.200000000000001,-0.019782953972239174,0.007051670789742283,0.001228753174097537,-1.0378641863622988,1.039029223807539,0.0011650374452401024,1.5260293425059035e-11,0.8636330883256905,0.8470382293448305,2.3057190093949855e-05,2.3057190174330002e-05,-2.9589398558302685e-14,5.481351083046485e-10,3.1086244689504383e-15,4.785061236134425e-14,3.061890242794796e-06,5.4730017939064245e-09
11.3,-0.02049472135235209,0.007183449721606705,0.0012161370161756482,-1.075258950864896,1.0764122639266311,0.0011533130617351617,1.6406886616472844e-11,0.8636330878809514,0.8470382293856137,2.39273287263022e-05,2.3927328790663637e-05,-4.560810957414743e-14,8.448771282639279e-10,2.7755575615628914e-15,4.973799150320701e-14,3.179559651900199e-06,5.680452230145113e-09
11.4,-0.021219596839862992,0.007313816414376387,0.0012025859227177524,-1.1133432093335571,1.1144837597743873,0.001140550440830168,1.7610644146622553e-11,0.8636330874118329,0.8470382294286324,2.480400645533016e-05,2.4804006527355155e-05,-3.794454849067805e-14,7.029118606627692e-10,2.886579864025407e-15,5.1514348342607263e-14,3.2983804633124336e-06,5.889504237323469e-09
11.5,-0.021957434285570586,0.007442672682585533,0.0011881172636633176,-1.1521092735901846,1.1532360353125135,0.0011267617223289506,1.8872221837284124e-11,0.8636330869175446,0.8470382294739592,2.568602194218616e-05,2.56860220298006e-05,-2.2355106996238203e-14,4.1412193527356135e-10,2.886579864025407e-15,5.334621633323877e-14,3.4181732649907204e-06,6.099839772416247e-09
11.600000000000001,-0.022708077819282843,0.007569922305230611,0.0011727497700196037,-1.1915489379056048,1.192660903939295,0.001111966033690237,2.0192128409124666e-11,0.8636330863973002,0.8470382295216663,2.6572146044690737e-05,2.6572146119263708e-05,-3.539657512951523e-14,6.557113860898769e-10,2.9976021664879227e-15,5.523359547510154e-14,3.53874713648894e-06,6.311131785828887e-09
11.700000000000001,-0.023471362050044162,0.00769547110156682,0.0011565035479182547,-1.2316534886577095,1.2327496790054298,0.0010961903477202384,2.1570717934875205e-11,0.8636330858503194,0.8470382295718252,2.7461125436337068e-05,2.7461125521458777e-05,-2.4847836868581094e-14,4.6029904008556534e-10,2.886579864025407e-15,5.689893001203927e-14,3.659901094688056e-06,6.523046507365881e-09
11.8,-0.024247112274600437,0.00781922702143379,0.0011394000929344941,-1.2724137167013154,1.2734931847633995,0.0010794680620840325,2.3008182656751318e-11,0.8636330852758275,0.8470382296245067,2.8351686372736862e-05,2.8351686450332114e-05,-3.237429381107611e-14,5.997244928603455e-10,2.886579864025407e-15,5.88418203051333e-14,3.7814258733726014e-06,6.735245783129486e-09
11.9,-0.02503514469483248,0.007941100233835936,0.0011214623045006796,-1.3138199284336913,1.3148817677872096,0.0010618393535182236,2.4504546604968593e-11,0.8636330846730603,0.8470382296797813,2.9242538596808377e-05,2.9242538682207014e-05,-2.4570907916805773e-14,4.55169010805823e-10,3.1086244689504383e-15,6.061817714453355e-14,3.903105983416033e-06,6.947389475610571e-09
12.0,-0.025835266644959134,0.008061003234854102,0.0011027145002260774,-1.3558619596575099,1.356905308905386,0.0010433492478760797,2.605965995288594e-11,0.863633084041263,0.8470382297377178,3.013237937336488e-05,3.013237944274011e-05,-4.059431827144189e-14,7.519980846662586e-10,3.1086244689504383e-15,6.23945339839338e-14,4.024721987239133e-06,7.159137773848177e-09
12.100000000000001,-0.026647276829699085,0.008178850958567203,0.0010831824299129319,-1.3985291880108939,1.3995532357098917,0.0010240476989977765,2.7673194101019515e-11,0.8636330833796924,0.8470382297983847,3.101989764342738e-05,3.101989771272519e-05,-4.067173708282093e-14,7.534322459073685e-10,3.1086244689504383e-15,6.433742427702782e-14,4.1460529071057906e-06,7.370153440228802e-09
12.200000000000001,-0.027470965574564844,0.00829456090934077,0.0010628932890350323,-1.4418105482277888,1.4428145357017108,0.0010039874739220522,2.9344637680864156e-11,0.8636330826876197,0.8470382298618486,3.190377828772843e-05,3.190377834466786e-05,-5.303011718985062e-14,9.823676872644877e-10,2.9976021664879227e-15,6.611378111642807e-14,4.266878687708697e-06,7.580103823630468e-09
12.3,-0.028306115089737946,0.008408053301177516,0.001041875731419053,-1.485694546411981,1.4866777701502478,0.0009832237382667586,3.107329370795622e-11,0.8636330819643301,0.8470382299281751,3.2782706488291465e-05,3.278270656848314e-05,-2.977787694159392e-14,5.516266162119439e-10,3.219646771412954e-15,6.789013795582832e-14,4.386982620396829e-06,7.78866268976239e-09
12.4,-0.029152499748889338,0.008519251217161072,0.0010201598808405083,-1.5301692764658128,1.5311310887374887,0.0009618122716759103,3.2858277674913216e-11,0.8636330812091263,0.8470382299974283,3.3655372175936366e-05,3.3655372219088e-05,-6.681791621734878e-14,1.2377827035017745e-09,3.1086244689504383e-15,6.972200594645983e-14,4.506153643668576e-06,7.995511739053155e-09
12.5,-0.03000988638441623,0.008628080778336489,0.0009977773412153778,-1.5752224362330445,1.5761622450641077,0.0009398088310632602,3.469851679126568e-11,0.8636330804213291,0.8470382300696703,3.452047455070416e-05,3.4520474594886646e-05,-6.578706356801314e-14,1.2186864543003465e-09,2.9976021664879227e-15,7.149836278586008e-14,4.624188438717702e-06,8.200341881274575e-09
12.600000000000001,-0.030878034600413495,0.008734471329321992,0.0009747612050348736,-1.6208413454635213,1.6217586130876214,0.0009172676241000488,3.659275067882881e-11,0.8636330796002779,0.8470382301449617,3.537672666103088e-05,3.537672672219079e-05,-4.88096433930163e-14,9.041846225710155e-10,2.886579864025407e-15,7.316369732279782e-14,4.740893244259414e-06,8.402854139052528e-09
12.700000000000001,-0.031756697104660614,0.008838355632719768,0.0009511460596545052,-1.6670129637937876,1.6679072045588832,0.0008942407650955886,3.853953313067661e-11,0.8636330787453343,0.847038230223361,3.622286002645286e-05,3.622286007140974e-05,-6.501266539005179e-14,1.204340950510826e-09,3.219646771412954e-15,7.494005416219807e-14,4.856085327853421e-06,8.602760275491853e-09
12.8,-0.0326456200606702,0.008939670075465074,0.0009269679910092838,-1.7137239102537087,1.7145946875120401,0.0008707772583314011,4.053723539553549e-11,0.8636330778558818,0.847038230304925,3.705762928738236e-05,3.7057629356575306e-05,-4.077660653795459e-14,7.553749224384333e-10,2.886579864025407e-15,7.682743330406083e-14,4.969594072090633e-06,8.79978313467891e-09
12.9,-0.033544543460682995,0.0090383548812464,0.0009022645842845279,-1.760960483298927,1.7618074058553965,0.0008469225564695648,4.258405078562899e-11,0.8636330769313275,0.8470382303897077,3.787981686435105e-05,3.787981692611514e-05,-4.8205458179871596e-14,8.929922650585572e-10,2.886579864025407e-15,7.838174553853605e-14,5.08126163950573e-06,8.99365668996554e-09
13.0,-0.03445320152021471,0.009134354328324053,0.0008770749210261574,-1.808708681874517,1.8095314000933342,0.0008227182188171867,4.467800069976359e-11,0.8636330759711037,0.8470382304777614,3.8688237607903425e-05,3.868823766304835e-05,-5.482462086311285e-14,1.0156103523142198e-09,2.886579864025407e-15,8.004708007547379e-14,5.1909432118302234e-06,9.184125905294246e-09
13.100000000000001,-0.03537132309449685,0.009227616969498123,0.0008514395721255546,-1.856954227580502,1.8577524291988006,0.0007982016182985774,4.6816942226785865e-11,0.8636330749746696,0.8470382305691356,3.948174341918436e-05,3.948174348345079e-05,-4.5703112789511474e-14,8.466370355374823e-10,2.9976021664879227e-15,8.165690346118026e-14,5.298506809858772e-06,9.370946403156526e-09
13.200000000000001,-0.03629863211686977,0.009318095850252239,0.0008254005860619952,-1.905682587236754,1.9064559936384562,0.0007734064017022035,4.8998576769027034e-11,0.8636330739415099,0.8470382306638777,4.0259227820181206e-05,4.02592278606634e-05,-6.948735749127966e-14,1.2872333362652588e-09,2.886579864025407e-15,8.3322237998118e-14,5.403832723127611e-06,9.553884036701177e-09
13.3,-0.03723484805885208,0.009405748723980051,0.0007990014717303601,-1.954878997180625,1.9556273595363294,0.0007483623557043018,5.122046072973133e-11,0.8636330728711394,0.847038230762032,4.10196304515403e-05,4.1019630501909764e-05,-5.960008419951535e-14,1.1040744387993223e-09,3.1086244689504383e-15,8.482103908136196e-14,5.5068125963675385e-06,9.732714429288925e-09
13.4,-0.03817968641136365,0.009490538259146327,0.0007722871751234087,-2.0045284875475105,2.00525158394867,0.0007230964011597507,5.348001667014723e-11,0.8636330717631004,0.8470382308636405,4.1761941475010727e-05,4.176194151960451e-05,-6.537576469761719e-14,1.211067260877883e-09,3.1086244689504383e-15,8.643086246706844e-14,5.6073482355700754e-06,9.907222504165834e-09
13.5,-0.0391328591862302,0.009572432237446174,0.0007453040490766086,-2.054615908335091,2.0553135412036916,0.000697632868600806,5.577454649782403e-11,0.8636330706169667,0.8470382309687424,4.2485205856717195e-05,4.248520590414056e-05,-6.254618676281021e-14,1.1586501424732691e-09,3.1086244689504383e-15,8.781864124784988e-14,5.705350207219073e-06,1.0077202147780382e-08
13.600000000000001,-0.0400940754368858,0.009651403739105136,0.0007180998152196145,-2.1051259556185435,2.105797950249986,0.0006719946314426295,5.8101245420980835e-11,0.8636330694323414,0.8470382310773741,4.318852750683583e-05,4.318852755351554e-05,-6.328983425665444e-14,1.1724259986731043e-09,3.219646771412954e-15,8.93729534823251e-14,5.800736319949706e-06,1.0242455972600815e-08
13.700000000000001,-0.04106304179690129,0.009727431313796216,0.0006907235172125345,-2.156043199019795,2.156689402940959,0.0006462039211641013,6.045721709664545e-11,0.8636330682088587,0.8470382311895689,4.3871073250662975e-05,4.387107327374921e-05,-8.68833135861738e-14,1.6094884256801171e-09,3.219646771412954e-15,9.064970996064403e-14,5.893430074510597e-06,1.0402795310335782e-08
13.8,-0.04203946303478107,0.009800499134698895,0.0006632254642777218,-2.2073521098894027,2.207972393173815,0.0006202832844124373,6.283948983783662e-11,0.8636330669461847,0.8470382313053577,4.4532076605672326e-05,4.453207664879138e-05,-6.685049649263197e-14,1.2383862437422347e-09,3.3306690738754696e-15,9.198197759019422e-14,5.9833591788960305e-06,1.0558040421753666e-08
13.9,-0.04302304262328542,0.009870597134827358,0.0006356571639698826,-2.259037090017358,2.259631346791334,0.0005942567739758431,6.524503354849215e-11,0.8636330656440164,0.8470382314247681,4.517084133885895e-05,4.5170841384055496e-05,-6.477300249982387e-14,1.1999012643160274e-09,3.3306690738754696e-15,9.331424521974441e-14,6.070454213358278e-06,1.0708020957517962e-08
14.0,-0.044013483321382676,0.009937721123137132,0.0006080712430600143,-2.3110825014442575,2.3116506521469304,0.0005681507026729093,6.767077743021867e-11,0.863633064302084,0.847038231547825,4.5786744778494884e-05,4.578674484036446e-05,-4.8099972084752335e-14,8.91038165448898e-10,3.3306690738754696e-15,9.453549054683208e-14,6.154647530398627e-06,1.0852576732234426e-08
14.100000000000001,-0.045010487766850835,0.010001872881133347,0.0005805213553434265,-2.363472696514581,2.364014691229432,0.0005419947148510573,7.011362844212113e-11,0.8636330629201475,0.8470382316745503,4.6379240854380864e-05,4.637924090136446e-05,-6.298595271649748e-14,1.1667966804361178e-09,3.1086244689504383e-15,9.57012247226885e-14,6.235872459070535e-06,1.0991558711842765e-08
14.200000000000001,-0.046013759077451345,0.010063060237880887,0.0005530620751209646,-2.4161920487363275,2.416707871237513,0.0005158225011854256,7.257049003290464e-11,0.863633061498,0.847038231804963,4.6947862840713676e-05,4.6947862884241635e-05,-6.644158964327906e-14,1.2308113618224506e-09,3.219646771412954e-15,9.686695889854491e-14,6.314062867385228e-06,1.112483030997958e-08
14.3,-0.04702300145856948,0.0101212971237225,0.0005257487750476313,-2.469224984011209,2.469714656494233,0.0004896724830238952,7.503828113818682e-11,0.8636330600354649,0.8470382319390792,4.749222577584497e-05,4.749222582208729e-05,-6.37272285180894e-14,1.180528601718282e-09,3.3306690738754696e-15,9.797718192317006e-14,6.389153125840874e-06,1.125226887255997e-08
14.4,-0.04803792081518129,0.010176603603919306,0.000498637486997281,-2.5225560123965067,2.5230196005883023,0.0004635881917955942,7.751395566614906e-11,0.8636330585323967,0.8470382320769124,4.801202853343322e-05,4.801202858394247e-05,-5.946029665816407e-14,1.1014849147518078e-09,3.3306690738754696e-15,9.903189379656396e-14,6.4610784853980086e-06,1.1373767337927077e-08
14.5,-0.049058225366015944,0.010229005888453699,0.0004717847445592499,-2.5761697599856888,2.576607378631337,0.00043761864564828556,7.999452153304843e-11,0.86363305698868,0.8470382322184732,4.8507055519814706e-05,4.850705555674511e-05,-7.303914282196997e-14,1.3530291392139643e-09,3.219646771412954e-15,1.000310945187266e-13,6.529775873898025e-06,1.1489236035964222e-08
14.600000000000001,-0.05008362625776474,0.010278536323064483,0.000445247405767245,-2.630051001261954,2.630462819516847,0.0004118182548928928,8.24770601142513e-11,0.8636330554042283,0.8470382323637693,4.897717797280683e-05,4.897717801756025e-05,-6.521612948024585e-14,1.2081100643336323e-09,3.219646771412954e-15,1.010858063921205e-13,6.59518508500101e-06,1.1598604534117225e-08
14.700000000000001,-0.05111383817721367,0.010325233357080911,0.00041908245466757533,-2.684184691325097,2.6845709380705287,0.0003862467454318619,8.495874481520898e-11,0.8636330537789841,0.8470382325128063,4.942235483765315e-05,4.94223548762295e-05,-7.139320195139257e-14,1.3225385574071288e-09,3.3306690738754696e-15,1.0186296250935811e-13,6.657250320230013e-06,1.1701823452233919e-08
14.8,-0.052148579959150246,0.010369141489989435,0.00039334678036926024,-2.7385559981282377,2.738916966978614,0.0003609688503765085,8.743685975857469e-11,0.8636330521129169,0.8470382326655866,4.984263319639004e-05,4.984263324388441e-05,-6.247517829677598e-14,1.1573347310382065e-09,3.3306690738754696e-15,1.0275114092905824e-13,6.715922024169707e-06,1.179886623141464e-08
14.9,-0.053187575187861005,0.010410311198216607,0.0003680969322899515,-2.793150335133163,2.7934863883794243,0.000336053246261514,8.990881756255669e-11,0.8636330504060227,0.847038232822111,5.023814822760706e-05,5.023814826922238e-05,-6.835422391949716e-14,1.2662423623571952e-09,3.4416913763379853e-15,1.0352829704629585e-13,6.771158936880184e-06,1.1889730682513674e-08
15.0,-0.0542305527900185,0.010448798834984672,0.00034338885042777505,-2.8479533926579137,2.8482649650027163,0.0003115723448026131,9.237217645793533e-11,0.8636330486583215,0.8470382329823773,5.0609122674421886e-05,5.0609122738866437e-05,-4.552499870136284e-14,8.433375232204082e-10,3.4416913763379853e-15,1.042499420123022e-13,6.822930278538308e-06,1.1974440373941491e-08
15.100000000000001,-0.05527724761658674,0.010484666510401879,0.0003192775696600796,-2.902951169787304,2.903238770732372,0.0002876009450680783,9.482465657420107e-11,0.8636330468698573,0.8470382331463817,5.095586579946936e-05,5.095586585497863e-05,-5.4460281499312674e-14,1.0088610702616374e-09,3.3306690738754696e-15,1.0486056467584604e-13,6.871217967108212e-06,1.2053045658185411e-08
15.200000000000001,-0.05632740101130369,0.010517981943338852,0.00029581689730754957,-2.958130005111858,2.9583942204638056,0.00026421535194742773,9.726415508407686e-11,0.8636330450406962,0.8470382333141181,5.1278771806961325e-05,5.127877185543808e-05,-6.149279626081403e-14,1.1391363860256326e-09,3.4416913763379853e-15,1.0547118733938987e-13,6.91601877461645e-06,1.2125624427698429e-08
15.3,-0.057380761363068966,0.010548818285844242,0.00027305906351925163,-3.013476606737079,3.0137180991163603,0.00024149237928128287,9.96887600021656e-11,0.8636330431709227,0.8470382334855786,5.157831771336458e-05,5.15783177669688e-05,-5.6365333136586954e-14,1.0441516045881718e-09,3.4416913763379853e-15,1.0608181000293371e-13,6.957346317171265e-06,1.219228241717347e-08
15.4,-0.05843708463934047,0.010577253920624622,0.0002510543444461316,-3.06897808215529,3.0691975896479136,0.0002195074926234497,1.0209676302769156e-10,0.8636330412606416,0.8470382336607537,5.18550606501028e-05,5.185506071779765e-05,-4.2274702889786436e-14,7.831267270060098e-10,3.3306690738754696e-15,1.0658141036401503e-13,6.995232787132544e-06,1.2253153132066009e-08
15.5,-0.0594961348974433,0.010603372220078481,0.00022985065869359373,-3.1246219655215626,3.124820299909725,0.00019833438816263538,1.0448667004013913e-10,0.8636330393099723,0.8470382338396325,5.210963458398948e-05,5.210963465458631e-05,-3.937272057864816e-14,7.293683383290755e-10,3.3306690738754696e-15,1.071365218763276e-13,7.029730339003226e-06,1.2308397321948279e-08
15.600000000000001,-0.06055768477032297,0.010627261275293867,0.00020949313819627769,-3.1803962449990806,3.1805742881586703,0.0001780431595896914,1.0685721053723954e-10,0.8636330373190491,0.8470382340222027,5.234274644387952e-05,5.2342746511650335e-05,-4.219873419881309e-14,7.817194288288472e-10,3.219646771412954e-15,1.0758061108617767e-13,7.060912054157598e-06,1.2358202014868349e-08
15.700000000000001,-0.061621515923083264,0.010649013583377267,0.00019002367545884976,-3.23628938773442,3.2364480870353773,0.00015869930095746554,1.0920734466349479e-10,0.8636330352880189,0.8470382342084506,5.255517164548923e-05,5.255517171895475e-05,-3.650403005046876e-14,6.762266703679025e-10,3.4416913763379853e-15,1.0802470029602773e-13,7.088872426730397e-06,1.2402779120142223e-08
15.8,-0.06268741947630047,0.010668725693371415,0.000171480450075098,-3.2922903631296485,3.2924307257972245,0.00014036266757599947,1.1153626816758554e-10,0.8636330332170387,0.8470382343983621,5.274774901050127e-05,5.274774907488265e-05,-4.5588167030437277e-14,8.445076983704849e-10,3.219646771412954e-15,1.0835776720341528e-13,7.1137273280341695e-06,1.2442363587049703e-08
15.9,-0.06375519639182442,0.010686497812204149,0.00015389743859268792,-3.348388665060554,3.3485117505807125,0.0001230855201583836,1.1384341525142398e-10,0.8636330311062724,0.847038234591922,5.2921375081143e-05,5.292137515350183e-05,-3.761072264176976e-14,6.967278327081053e-10,3.219646771412954e-15,1.0869083411080283e-13,7.135613424968934e-06,1.2477211210105221e-08
16.0,-0.06482465781658116,0.010702433356820782,0.0001373039131494202,-3.404574329901884,3.4046812424590343,0.00010691255715045145,1.1612845853760402e-10,0.8636330289558902,0.8470382347891147,5.3076997837547234e-05,5.30769978954013e-05,-5.211548423714185e-14,9.65424374557263e-10,3.3306690738754696e-15,1.0896838986695911e-13,7.1546870548111485e-06,1.2507596040944471e-08
16.1,-0.06589562537952559,0.010716638464116664,0.00012172393588144919,-3.4608379537702163,3.460929833037632,9.187926741560659e-05,1.1839130670080766e-10,0.863633026766067,0.8470382349899241,5.321560983250126e-05,5.3215609883803065e-05,-5.866774487007717e-14,1.0868031205496016e-09,3.4416913763379853e-15,1.0930145677434666e-13,7.17112256937158e-06,1.2533807542231271e-08
16.2,-0.06696793143681908,0.01072922144691744,0.00010717585790034488,-3.5171707058923474,3.517248717331622,7.801143927466114e-05,1.2063209907317646e-10,0.863633024536977,0.8470382351943344,5.3338240766926304e-05,5.333824082684019e-05,-5.0055662739745266e-14,9.272667730318711e-10,3.4416913763379853e-15,1.0946799022804043e-13,7.185110188767663e-06,1.2556147474199415e-08
16.3,-0.06804141926009724,0.010740292197558121,9.367183364892268e-05,-3.573564338748522,3.5736296636534277,6.532490490585019e-05,1.228511975339152e-10,0.8636330222687957,0.8470382354023295,5.344594953971547e-05,5.344594960540714e-05,-4.427788159993423e-14,8.202350371690878e-10,3.552713678800501e-15,1.0963452368173421e-13,7.196853416380211e-06,1.2574926620849843e-08
16.400000000000002,-0.0691159431626493,0.010749961545364188,8.12173636542775e-05,-3.6300111958699333,3.630065020239897,5.382436996370643e-05,1.250491749787335e-10,0.8636330199616947,0.8470382356138935,5.35398158176314e-05,5.353981586610514e-05,-6.149581169810625e-14,1.1391922461352426e-09,3.552713678800501e-15,1.099120794378905e-13,7.206566086714883e-06,1.2590461429576904e-08
16.5,-0.07019136855849895,0.010758340556178744,6.981088105681266e-05,-3.6865042138645485,3.6865477183551043,4.35044905557902e-05,1.2722680114312884e-10,0.8636330176158413,0.8470382358290112,5.3620931184980955e-05,5.3620931213023804e-05,-8.19267003955397e-14,1.5176685901833218e-09,3.552713678800501e-15,1.1007861289158427e-13,7.214469125327305e-06,1.2603070617177706e-08
16.6,-0.07126757194950695,0.010765539792988665,5.944339973220849e-05,-3.743036922265002,3.7430712716126635,3.434934766133324e-05,1.2938502495453045e-10,0.8636330152313967,0.8470382360476677,5.369038994883554e-05,5.3690389984417477e-05,-7.438761249773523e-14,1.3780091525898607e-09,3.774758283725532e-15,1.1018963519404679e-13,7.220787111739124e-06,1.2613071825896523e-08
16.7,-0.07234444083621955,0.010771668533754148,5.0098244224957146e-05,-3.7996034383824373,3.7996297712933966,2.6332910959325773e-05,1.3152495423007724e-10,0.8636330128085138,0.8470382362698491,5.3749279693741776e-05,5.374927971721062e-05,-8.650070541576724e-14,1.6024007192331337e-09,3.774758283725532e-15,1.1024514634527804e-13,7.225744739880469e-06,1.2620778373456654e-08
16.8,-0.07342187354888122,0.010776833956267487,4.1750883911918274e-05,-3.8561984574638544,3.856217877469497,1.9420005642700744e-05,1.3364783206149608e-10,0.8636330103473358,0.8470382364955421,5.3798671700039884e-05,5.3798671705113374e-05,-1.0489605874446778e-13,1.9431693553127695e-09,3.774758283725532e-15,1.103006574965093e-13,7.2295632725372094e-06,1.2626496189552012e-08
16.900000000000002,-0.07449977899605915,0.01078114031020898,3.436889558390616e-05,-3.912817239741422,3.912830805801768,1.3566060346192899e-05,1.3575501118259544e-10,0.8636330078479958,0.8470382367247347,5.383961136184003e-05,5.383961138777814e-05,-8.40314349679315e-14,1.5566581935210617e-09,3.774758283725532e-15,1.1041167979897182e-13,7.232457084338506e-06,1.263052093132332e-08
17.0,-0.0755780763298218,0.010784688077968556,2.7912079669487814e-05,-3.969455591054931,3.9694643099542617,8.718899330517615e-06,1.3784792569089992e-10,0.8636330053106154,0.8470382369574156,5.387310876388221e-05,5.387310879245044e-05,-8.140131635154396e-14,1.5079360016925586e-09,3.774758283725532e-15,1.1046719095020308e-13,7.2346303821024804e-06,1.2633135324747649e-08
17.1,-0.07665669452802472,0.010787573158113078,2.2332755241504957e-05,-4.026109840798135,4.0261146596551995,4.818857064492477e-06,1.3992806151022655e-10,0.8636330027353027,0.847038237193575,5.390012960005127e-05,5.390012962677817e-05,-8.32426440061304e-14,1.5420460675454475e-09,3.774758283725532e-15,1.1041167979897182e-13,7.23627418502959e-06,1.2634606769316575e-08
17.2,-0.07773557189646375,0.010789886085841093,1.7576257270196692e-05,-4.082776815093101,4.082778614549063,1.7994559620149175e-06,1.419969256189242e-10,0.8636330001221542,0.8470382374332039,5.39215866389677e-05,5.392158666396769e-05,-8.496955445020174e-14,1.574036587441563e-09,3.6637359812630166e-15,1.1046719095020308e-13,7.237563633910593e-06,1.2635185161426909e-08
17.3,-0.07881465549601688,0.010791711314681035,1.3581655766277557e-05,-4.139453805613673,4.139453394109264,-4.115044092145581e-07,1.440560153068143e-10,0.8636329974712531,0.8470382376762948,5.393833196197815e-05,5.393833198154566e-05,-9.040203752686687e-14,1.6746717758764923e-09,3.552713678800501e-15,1.1046719095020308e-13,7.238655691688134e-06,1.2635100966190497e-08
17.400000000000002,-0.0798939005025205,0.010793126595637218,1.0282709891672822e-05,-4.196138535982829,4.196136644017866,-1.8919649633630797e-06,1.4610678840412274e-10,0.8636329947826695,0.8470382379228413,5.395115021359367e-05,5.3951150247202265e-05,-7.636095531934894e-14,1.4145647614886406e-09,3.4416913763379853e-15,1.1046719095020308e-13,7.23968728172375e-06,1.2634563537950272e-08
17.5,-0.08097326951000444,0.01079420246941399,7.609060210562394e-06,-4.252829123815982,4.252826399570335,-2.724245646845702e-06,1.481506349591544e-10,0.8636329920564618,0.8470382381728379,5.396075311085586e-05,5.396075316338882e-05,-5.743659264563841e-14,1.0639963792583735e-09,3.6637359812630166e-15,1.1046719095020308e-13,7.240773897798647e-06,1.2633759632740452e-08
17.6,-0.0820527317906188,0.010795001911014896,5.487648521162398e-06,-4.309524041556536,4.309521046805951,-2.994750584406347e-06,1.5018885232720552e-10,0.8636329892926755,0.8470382384262805,5.396777545251331e-05,5.396777549938932e-05,-6.309353945332594e-14,1.1687896938299996e-09,3.552713678800501e-15,1.1041167979897182e-13,7.242008710328651e-06,1.2632852206790756e-08
17.7,-0.08313226252728675,0.010795580146007925,3.844336923090064e-06,-4.366222075641836,4.366219282205453,-2.793436383541348e-06,1.5222262396033778e-10,0.8636329864913463,0.8470382386831659,5.3972772847082024e-05,5.397277289398326e-05,-6.306831142402491e-14,1.168322351834319e-09,3.774758283725532e-15,1.1052270210143433e-13,7.243462178563309e-06,1.2631979422304702e-08
17.8,-0.08421184203733012,0.010795984654477089,2.60567619298772e-06,-4.422922284243278,4.422920071914984,-2.2123282938935063e-06,1.542530037867507e-10,0.8636329836524995,0.8470382389434916,5.397622133657999e-05,5.397622137020697e-05,-7.634257131626174e-14,1.414224203112524e-09,3.774758283725532e-15,1.1035616864774056e-13,7.245182170767528e-06,1.263125394724997e-08
17.900000000000002,-0.08529145500682572,0.010796255383580788,1.7007491892273933e-06,-4.479623956511983,4.479622611533166,-1.3449788163200083e-06,1.5628090604853908e-10,0.8636329807761512,0.8470382392072563,5.397851902630072e-05,5.397851907201335e-05,-6.425692226572077e-14,1.1903410262308697e-09,3.774758283725532e-15,1.1035616864774056e-13,7.247194580950467e-06,1.2630762581409883e-08
18.0,-0.08637108975614818,0.010796425157767164,1.0629900106330326e-06,-4.536326572002757,4.536326287536763,-2.8446599387166316e-07,1.5830710198134986e-10,0.8636329778623119,0.847038239474459,5.39799897383502e-05,5.397998977632154e-05,-7.199821386869379e-14,1.3337462293766036e-09,3.9968028886505635e-15,1.1041167979897182e-13,7.249504429540643e-06,1.2630566244024483e-08
18.1,-0.0874507375564636,0.01079652028276886,6.318575207689449e-07,-4.593029763325177,4.5930306413815885,8.780564115795642e-07,1.6033222309431175e-10,0.8636329749109842,0.8470382397450994,5.3980888588707364e-05,5.398088863336952e-05,-6.530739219811482e-14,1.2098006799656032e-09,3.9968028886505635e-15,1.1024514634527804e-13,7.25209741930799e-06,1.2630700425455194e-08
18.2,-0.08853039201493822,0.010796561312111347,3.542276841896189e-07,-4.649733281986233,4.649735337213375,2.05522714225026e-06,1.6235677082420938e-10,0.8636329719221664,0.8470382400191777,5.398140924977399e-05,5.398140928635286e-05,-7.339068182387123e-14,1.3595412982394607e-09,3.9968028886505635e-15,1.1024514634527804e-13,7.2549419166678675e-06,1.2631176126979739e-08
18.3,-0.08961004854278451,0.010796563927366038,1.853692969145564e-07,-4.7064369678130795,4.7064401339283926,3.166115313035789e-06,1.643811317995534e-10,0.863632968895853,0.8470382402966944,5.398169251445367e-05,5.3981692549881724e-05,-7.454149466732882e-14,1.3808597755766758e-09,3.9968028886505635e-15,1.1024514634527804e-13,7.257991319176149e-06,1.2631981394587814e-08
18.400000000000002,-0.09068970391507815,0.010796539882653037,8.938881570075259e-08,-4.76314072374878,4.7631448620548085,4.13830602852272e-06,1.664055967247055e-10,0.8636329658320353,0.8470382405776502,5.3981835642635353e-05,5.398183569718928e-05,-5.54156194673347e-14,1.0265584316844285e-09,3.9968028886505635e-15,1.103006574965093e-13,7.261186759421889e-06,1.2633083453707856e-08
18.5,-0.09176935592496044,0.010796497936530433,3.9077141421508094e-08,-4.819844495011086,4.819849405590716,4.910579630035272e-06,1.6843038176105958e-10,0.8636329627307038,0.8470382408620462,5.398190187206855e-05,5.398190190852737e-05,-7.351073010941969e-14,1.3617651582436183e-09,3.9968028886505635e-15,1.1013412404281553e-13,7.264460087974545e-06,1.2634431465833493e-08
18.6,-0.09284900312780363,0.010796444706746422,1.516467923353831e-08,-4.876548253548737,4.876553688567629,5.435018891830623e-06,1.704556492807803e-10,0.8636329595918455,0.8470382411498834,5.398192944178941e-05,5.398192944576209e-05,-1.0599686953898305e-13,1.963561559057149e-09,3.9968028886505635e-15,1.1013412404281553e-13,7.267737065830282e-06,1.2635959927758681e-08
18.7,-0.09392864466423932,0.010796385385554476,5.082574837114525e-09,-4.933251986977631,4.933257665755509,5.678777878159735e-06,1.7248152648783785e-10,0.863632956415448,0.8470382414411629,5.398193953240182e-05,5.398193955184559e-05,-9.052577887606536e-14,1.67696404882388e-09,3.9968028886505635e-15,1.1013412404281553e-13,7.270940684533933e-06,1.2637592575166984e-08
18.8,-0.09500828014560621,0.01079632426676381,1.4182952726081633e-09,-4.9899556910315646,4.9899613166464505,5.625614885929053e-06,1.745081195431551e-10,0.8636329532014974,0.8470382417358862,5.3981942683798294e-05,5.398194272463873e-05,-6.912910998843613e-14,1.2805969041869223e-09,3.9968028886505635e-15,1.1007861289158427e-13,7.273994518663951e-06,1.2639246706042022e-08
18.900000000000002,-0.09608790958240349,0.010796265078609184,3.134651316364167e-10,-5.046659365372932,5.046664641696786,5.276323854275233e-06,1.7653552272422196e-10,0.8636329499499789,0.8470382420340544,5.3981943490833e-05,5.398194350326709e-05,-9.753545762930874e-14,1.8068163340948738e-09,3.9968028886505635e-15,1.1002310174035301e-13,7.2768260067079815e-06,1.2640837786056779e-08
19.0,-0.09716753333647143,0.010796211131581166,5.1166027790847263e-11,-5.103363011228215,5.103367659815806,4.648587591304931e-06,1.785638220534493e-10,0.8636329466608778,0.847038242335669,5.3981943651382055e-05,5.398194365799065e-05,-1.0336095721723629e-13,1.914732040501193e-09,3.9968028886505635e-15,1.099120794378905e-13,7.279369544477277e-06,1.2642284092219646e-08
19.1,-0.0982471520806709,0.010796165327901818,5.57540371508244e-12,-5.160066630414697,5.160070406247883,3.7758331856707628e-06,1.8059309494759597e-10,0.8636329433341776,0.8470382426407316,5.3981943674398224e-05,5.398194368939106e-05,-9.497671339718863e-14,1.7594163322315882e-09,4.218847493575595e-15,1.099120794378905e-13,7.281569280315203e-06,1.2643511160910841e-08
19.200000000000003,-0.09932676675495004,0.010796130091506444,3.485549813167001e-13,-5.216770225337953,5.216772930265083,2.704927130281476e-06,1.8262340692842263e-10,0.8636329399698633,0.8470382429492433,5.398194367653417e-05,5.39819436879119e-05,-9.85918161347521e-14,1.826385071953767e-09,3.9968028886505635e-15,1.099120794378905e-13,7.28338149597052e-06,1.264445582090579e-08
19.3,-0.10040637851335518,0.01079610726386155,9.852888378138467e-15,-5.273473798620827,5.273475292384067,1.4937632393241529e-06,1.84654807098068e-10,0.8636329365679177,0.847038243261206,5.398194367664368e-05,5.398194370470666e-05,-8.190656811644936e-14,1.517295645496465e-09,3.9968028886505635e-15,1.0980105713542798e-13,7.284776479488109e-06,1.2645069612633036e-08
19.400000000000002,-0.10148598866118705,0.010796098015403021,8.468654723384523e-17,-5.330177353438234,5.330177561065543,2.0762730912338156e-07,1.8668732390825994e-10,0.863632933128325,0.8470382435766209,5.398194367664611e-05,5.398194370170664e-05,-8.490901531139558e-14,1.5729151172859327e-09,3.9968028886505635e-15,1.099120794378905e-13,7.285739806517366e-06,1.2645321348753431e-08
19.5,-0.10256559858456918,0.01079610278591518,1.0834625704664107e-19,-5.386880893518555,5.3868798090150705,-1.0845034843498524e-06,1.8872096165446318e-10,0.8636329296510684,0.8470382438954897,5.398194367664612e-05,5.3981943732565955e-05,-5.404971446538315e-14,1.001255433899484e-09,4.218847493575595e-15,1.0969003483296547e-13,7.2862729779688e-06,1.2645198731863122e-08
19.6,-0.10364520967612724,0.010796121265480997,4.9447199164292905e-24,-5.443584423109858,5.4435821092796814,-2.3138301763481195e-06,1.907556983750123e-10,0.8636329261361313,0.8470382442178137,5.398194367664612e-05,5.3981943695068125e-05,-9.154754455594286e-14,1.695891964526461e-09,3.9968028886505635e-15,1.0969003483296547e-13,7.286393381489287e-06,1.2644708894938133e-08
19.700000000000003,-0.10472482326095525,0.010796152421211114,2.871771379789134e-31,-5.500287947293437,5.5002845313594975,-3.4159339392658694e-06,1.9279148525113024e-10,0.8636329225834989,0.8470382445435946,5.398194367664612e-05,5.398194370568678e-05,-8.092888880741056e-14,1.4991844171492155e-09,3.9968028886505635e-15,1.0980105713542798e-13,7.2861335805307625e-06,1.264387792811529e-08
19.8,-0.10580444052704698,0.01079619455827056,9.635936768777284e-46,-5.556991471427235,5.556987137553911,-4.333873324213755e-06,1.9482824725786672e-10,0.8636329189931564,0.8470382448728334,5.398194367664612e-05,5.398194371850034e-05,-6.811532674705356e-14,1.2618168608643876e-09,4.218847493575595e-15,1.0969003483296547e-13,7.2855399601001736e-06,1.2642749300432957e-08
19.900000000000002,-0.10688406246398861,0.010796245422237245,3.6028831717342804e-89,-5.613695001241229,5.613689979741785,-5.021499443813582e-06,1.968658857478961e-10,0.8636329153650901,0.8470382452055315,5.398194367664612e-05,5.398194370763866e-05,-7.897700641254848e-14,1.463026356491188e-09,4.218847493575595e-15,1.0969003483296547e-13,7.284670784701852e-06,1.2641381428348495e-08
20.0,-0.1079636898132091,0.010796302328399777,0.0,-5.670398542532485,5.670393096768478,-5.445764006850595e-06,1.989042818388402e-10,0.8636329116992875,0.8470382455416902,5.398194367664612e-05,5.398194370444827e-05,-8.216740005409506e-14,1.522127482213559e-09,4.440892098500626e-15,1.0957901253050295e-13,7.283593753459883e-06,1.2639844432743052e-08
20.1,-0.10904332303233147,0.010796362311223945,0.0,-5.727102100747487,5.727096512573439,-5.588174047943539e-06,2.009433013277772e-10,0.8636329079957382,0.8470382458813102,5.398194367664612e-05,5.3981943700520354e-05,-8.609531544721133e-14,1.5948909865198387e-09,4.440892098500626e-15,1.0957901253050295e-13,7.282383156503869e-06,1.2638216330080069e-08
20.200000000000003,-0.11012296227530112,0.010796422290732074,0.0,-5.783805680950842,5.783800235146813,-5.445804028170187e-06,2.0298280022010172e-10,0.8636329042544328,0.8470382462243925,5.398194367664612e-05,5.398194371934812e-05,-6.726754841080568e-14,1.2461120107221336e-09,4.440892098500626e-15,1.0957901253050295e-13,7.2811167521336095e-06,1.2636578853268176e-08
20.3,-0.11120260738907625,0.010796479235038839,0.0,-5.840509287086945,5.840504256355299,-5.030731646371578e-06,2.050226309302679e-10,0.8636329004753631,0.847038246570938,5.398194367664612e-05,5.39819437296949e-05,-5.692076990955128e-14,1.0544409112499916e-09,4.440892098500626e-15,1.0946799022804043e-13,7.279872500542961e-06,1.2635013161767477e-08
20.400000000000002,-0.11228225792665769,0.010796530321821205,0.0,-5.897212921843998,5.8972085526268465,-4.369217151634075e-06,2.0706264834012954e-10,0.8636328966585239,0.8470382469209468,5.398194367664612e-05,5.3981943722530715e-05,-6.408495424863742e-14,1.187155368114731e-09,4.440892098500626e-15,1.0946799022804043e-13,7.278725290660315e-06,1.2633595657979467e-08
20.5,-0.11336191317537633,0.01079657308268238,0.0,-5.953916586369957,5.953913086435996,-3.4999339604269153e-06,2.0910271609124172e-10,0.8636328928039106,0.8470382472744196,5.398194367664612e-05,5.398194371527595e-05,-7.133971690297114e-14,1.321547762249485e-09,4.218847493575595e-15,1.0935696792557792e-13,7.277743802491798e-06,1.2632394143979287e-08
20.6,-0.11444157219851946,0.010796605522714461,0.0,-6.010620279892521,6.01061780849049,-2.471402030579384e-06,2.111427118949764e-10,0.8636328889115202,0.8470382476313566,5.398194367664612e-05,5.3981943713678286e-05,-7.293738367181862e-14,1.3511440801892162e-09,3.9968028886505635e-15,1.0941247907680918e-13,7.276987633919596e-06,1.2631464519703962e-08
20.700000000000003,-0.1155212338876806,0.010796626216017659,0.0,-6.067323999932775,6.067322660480496,-1.3394522788701124e-06,2.131825323222082e-10,0.8636328849813513,0.847038247991758,5.398194367664612e-05,5.398194371776486e-05,-6.885080884328626e-14,1.275441455419099e-09,4.218847493575595e-15,1.0935696792557792e-13,7.276504816522422e-06,1.2630848171987572e-08
20.8,-0.11660089702275468,0.010796634361958421,0.0,-6.124027741786733,6.124027578229693,-1.6355703991166592e-07,2.1522209644009822e-10,0.8636328810134036,0.8470382483556237,5.398194367664612e-05,5.3981943713499365e-05,-7.311630413533304e-14,1.3544585303782986e-09,3.9968028886505635e-15,1.0930145677434666e-13,7.276329822614169e-06,1.263057018995052e-08
20.900000000000002,-0.11768056033612036,0.010796629811162754,0.0,-6.180731498911907,6.180732495066312,9.961544051861893e-07,2.1726134794789502e-10,0.863632877007678,0.8470382487229536,5.398194367664612e-05,5.3981943746545177e-05,-4.0070492768069094e-14,7.422943676928219e-10,4.218847493575595e-15,1.092459456231154e-13,7.276482146489904e-06,1.263063847999751e-08
21.0,-0.11876022257749241,0.010796613055503048,0.0,-6.237435263225102,6.237437345229004,2.082003902614815e-06,2.193002562733584e-10,0.863632872964176,0.8470382490937478,5.398194367664612e-05,5.398194372942384e-05,-5.719182722893623e-14,1.0594621702264148e-09,3.9968028886505635e-15,1.092459456231154e-13,7.276965519276146e-06,1.263104376499317e-08
21.1,-0.11983988257601011,0.010796585181358977,0.0,-6.294139025114415,6.294142067128021,3.042013606346927e-06,2.213388160373693e-10,0.863632868882899,0.847038249468006,5.398194367664612e-05,5.398194374314047e-05,-4.347519929779817e-14,8.053655781042593e-10,3.9968028886505635e-15,1.092459456231154e-13,7.277767785363043e-06,1.2631760499102739e-08
21.200000000000003,-0.12091953929637211,0.010796547799153853,0.0,-6.350842774250239,6.350846606293288,3.83204304910123e-06,2.2337704527274735e-10,0.8636328647638498,0.8470382498457278,5.398194367664612e-05,5.3981943722041286e-05,-6.457438343808811e-14,1.1962219032536054e-09,4.218847493575595e-15,1.0919043447188415e-13,7.278861445803031e-06,1.2632748548433492e-08
21.3,-0.12199919188633589,0.010796502942052177,0.0,-6.407546499743599,6.407550917869237,4.418125637783987e-06,2.2541498247420483e-10,0.8636328606070303,0.8470382502269134,5.398194367664612e-05,5.398194373137199e-05,-5.524367855530565e-14,1.0233732756816346e-09,4.218847493575595e-15,1.0913492332065289e-13,7.2802048410314235e-06,1.2633955594354906e-08
21.400000000000002,-0.12307883971341278,0.01079645295050746,0.0,-6.464250190839785,6.464254968542036,4.777702251601568e-06,2.2745268247219506e-10,0.8636328564124435,0.8470382506115621,5.398194367664612e-05,5.3981943731252335e-05,-5.5363333817566585e-14,1.0255898550422926e-09,4.218847493575595e-15,1.0907941216942163e-13,7.281743921783157e-06,1.263532002855069e-08
21.5,-0.12415848238929444,0.010796400346182445,0.0,-6.520953837656581,6.520958737822305,4.9001657238534335e-06,2.2949021177281236e-10,0.8636328521800902,0.8470382509996741,5.398194367664612e-05,5.3981943739893406e-05,-4.672226283164785e-14,8.655164973022892e-10,3.9968028886505635e-15,1.0913492332065289e-13,7.2834145298239505e-06,1.263677425672654e-08
21.6,-0.12523811978126442,0.010796347697476739,0.0,-6.577657431509856,6.577662218644679,4.7871348236583344e-06,2.3152764326485182e-10,0.8636328479099726,0.8470382513912492,5.398194367664612e-05,5.3981943724452e-05,-6.216366668383017e-14,1.1515640678946564e-09,4.218847493575595e-15,1.0907941216942163e-13,7.285145091795453e-06,1.2638248153661011e-08
21.700000000000003,-0.12631775201053555,0.01079629749381177,0.0,-6.6343609656738245,6.634365417280392,4.451606567812405e-06,2.3356505077125697e-10,0.8636328436020918,0.8470382517862872,5.398194367664612e-05,5.3981943735865094e-05,-5.075057534593627e-14,9.401398294377402e-10,4.218847493575595e-15,1.0896838986695911e-13,7.286859611099761e-06,1.2639672536219616e-08
21.8,-0.12739737943818774,0.010796252024758535,0.0,-6.6910644354851065,6.69106835259867,3.917113563289831e-06,2.3560250364553635e-10,0.8636328392564485,0.8470382521847881,5.398194367664612e-05,5.398194371061263e-05,-7.600303985342075e-14,1.4079344802987779e-09,3.9968028886505635e-15,1.0896838986695911e-13,7.28848083214606e-06,1.2640982431471747e-08
21.900000000000002,-0.12847700263994388,0.010796213277062663,0.0,-6.747767838933328,6.7477710547419285,3.2158086007427755e-06,2.37640061902859e-10,0.863632834873044,0.8470382525867517,5.398194367664612e-05,5.3981943726218575e-05,-6.03970947690366e-14,1.1188388306467498e-09,3.9968028886505635e-15,1.088573675644966e-13,7.289933443344054e-06,1.2642120058573166e-08
22.0,-0.12955662237156956,0.010796182853164712,0.0,-6.804471176904158,6.804473563308619,2.386404460708036e-06,2.3967777197797867e-10,0.8636328304518779,0.8470382529921782,5.398194367664612e-05,5.3981943717270695e-05,-6.9344974640978e-14,1.2845957348649787e-09,4.218847493575595e-15,1.088573675644966e-13,7.291147186894165e-06,1.2643037287420563e-08
22.1,-0.13063623952706144,0.010796161907433405,0.0,-6.8611744529366945,6.861175925157049,1.472220354514775e-06,2.4171566301258804e-10,0.8636328259929507,0.8470382534010673,5.398194367664612e-05,5.3981943748979055e-05,-3.763661474490143e-14,6.972074764807338e-10,4.218847493575595e-15,1.0874634526203408e-13,7.2920597461445524e-06,1.2643697580486687e-08
22.200000000000003,-0.13171585509200923,0.010796151113325552,0.0,-6.917877673310883,6.917878191956181,5.18645297375997e-07,2.437537445638851e-10,0.8636328214962633,0.847038253813419,5.398194367664612e-05,5.398194374619993e-05,-4.041573662110637e-14,7.486899108939864e-10,4.218847493575595e-15,1.0874634526203408e-13,7.292619291887625e-06,1.2644077265337128e-08
22.3,-0.132795470094661,0.010796150651343378,0.0,-6.974580846757156,6.974580417615261,-4.2914189535281366e-07,2.4579200500103607e-10,0.8636328169618163,0.8470382542292334,5.398194367664612e-05,5.398194371754749e-05,-6.906817782634245e-14,1.2794681533877924e-09,4.218847493575595e-15,1.0874634526203408e-13,7.292786586843292e-06,1.2644166176847814e-08
22.400000000000002,-0.13387508555716207,0.010796160222099086,0.0,-7.031283983802986,7.031282655723075,-1.328079910933866e-06,2.478304111612338e-10,0.8636328123896106,0.8470382546485103,5.398194367664612e-05,5.3981943755819666e-05,-3.0796003767930014e-14,5.704871231979843e-10,4.218847493575595e-15,1.0857981180834031e-13,7.292536558400897e-06,1.2643967631137823e-08
22.5,-0.1349547024492691,0.01079617908524323,0.0,-7.087987096746399,7.087984957116742,-2.1396296574494045e-06,2.498689091033523e-10,0.8636328077796483,0.8470382550712496,5.398194367664612e-05,5.3981943765143316e-05,-2.1472352975532294e-14,3.9776917062399986e-10,4.218847493575595e-15,1.0857981180834031e-13,7.291859284608293e-06,1.2643497732078477e-08
22.6,-0.13603432164661886,0.01079620610969154,0.0,-7.1446901985530324,7.144687367690196,-2.8308628365891764e-06,2.5190742570407367e-10,0.8636328031319324,0.8470382554974509,5.398194367664612e-05,5.398194376540474e-05,-2.1210931502955305e-14,3.929264129416562e-10,4.218847493575595e-15,1.0857981180834031e-13,7.290760350386893e-06,1.2642784207007906e-08
22.700000000000003,-0.1371139438952096,0.010796239845923298,0.0,-7.201393302405311,7.201389926528606,-3.3758767052916028e-06,2.5394587115695606e-10,0.8636327984464666,0.8470382559271139,5.398194367664612e-05,5.398194375891813e-05,-2.769753691808305e-14,5.130889148845317e-10,4.107825191113079e-15,1.0852430065710905e-13,7.289260565090938e-06,1.2641864702738567e-08
22.8,-0.1381935697833996,0.010796278605012578,0.0,-7.258096420848901,7.258092664437719,-3.7564111821097868e-06,2.55984142107731e-10,0.8636327937232557,0.8470382563602382,5.398194367664612e-05,5.3981943778970106e-05,-7.645563327406124e-15,1.4163186434020573e-10,4.218847493575595e-15,1.0852430065710905e-13,7.287395056121415e-06,1.2640784742652182e-08
22.900000000000002,-0.13927319972224592,0.010796320543702564,0.0,-7.314799565260184,7.314795602911257,-3.962348927188941e-06,2.5802212537735944e-10,0.8636327889623068,0.8470382567968231,5.398194367664612e-05,5.3981943776215284e-05,-1.040038552242023e-14,1.926641541398374e-10,4.218847493575595e-15,1.0852430065710905e-13,7.285211779062273e-06,1.2639595420883517e-08
23.0,-0.14035283393457051,0.01079636375549013,0.0,-7.371502745349133,7.371498753556736,-3.991792397073368e-06,2.600597018306698e-10,0.8636327841636268,0.847038257236868,5.398194367664612e-05,5.398194376526568e-05,-2.134998720784015e-14,3.95502379928861e-10,4.218847493575595e-15,1.084687895058778e-13,7.2827695071775445e-06,1.2638350982731432e-08
23.1,-0.14143247245272658,0.01079640635176813,0.0,-7.428205968226884,7.428202117978024,-3.85024885929397e-06,2.6209675045472414e-10,0.8636327793272252,0.847038257680372,5.398194367664612e-05,5.398194376917194e-05,-1.744372875311928e-14,3.231400641850836e-10,4.218847493575595e-15,1.0841327835464654e-13,7.280135386644737e-06,1.2637106369780116e-08
23.200000000000003,-0.14251211512459996,0.01079644654379785,0.0,-7.484909238363365,7.484905688090684,-3.5502726802860707e-06,2.641331523052468e-10,0.8636327744531123,0.8470382581273341,5.398194367664612e-05,5.398194376331831e-05,-2.3297356611159253e-14,4.3157683871497787e-10,4.3298697960381105e-15,1.0835776720341528e-13,7.277382157666601e-06,1.2635914852473151e-08
23.3,-0.14359176162710285,0.01079648271211891,0.0,-7.541612557295604,7.541609446830705,-3.1104648989810357e-06,2.66168794207658e-10,0.8636327695413003,0.8470382585777534,5.398194367664612e-05,5.398194377109768e-05,-1.5517989183141262e-14,2.8746629184812405e-10,4.218847493575595e-15,1.0824674490095276e-13,7.274585159255942e-06,1.2634825861412922e-08
23.400000000000002,-0.14467141148612334,0.01079651346351982,0.0,-7.598315923153557,7.598313369202039,-2.553951517825226e-06,2.6820357194701803e-10,0.8636327645918018,0.8470382590316285,5.398194367664612e-05,5.3981943750123654e-05,-3.6492015735144906e-14,6.760041086278161e-10,4.218847493575595e-15,1.0835776720341528e-13,7.271819237042454e-06,1.2633883065271436e-08
23.5,-0.14575106410167638,0.01079653768069417,0.0,-7.655019331451676,7.655017423597872,-1.9078538038286297e-06,2.702373933326092e-10,0.8636327596046318,0.8470382594889583,5.398194367664612e-05,5.398194377470477e-05,-1.1910895989127035e-14,2.2064592661933636e-10,4.3298697960381105e-15,1.0824674490095276e-13,7.269155683942152e-06,1.2633122797256992e-08
23.6,-0.14683071877695902,0.010796554549431975,0.0,-7.711722774759259,7.711721573326383,-1.2014328767406823e-06,2.722701799871277e-10,0.8636327545798053,0.847038259949741,5.398194367664612e-05,5.398194376031092e-05,-2.6304750478517436e-14,4.872879461898732e-10,4.218847493575595e-15,1.0824674490095276e-13,7.266659337756831e-06,1.2632572822806118e-08
23.700000000000003,-0.14791037474987814,0.010796563578995859,0.0,-7.768426243075222,7.76842577826676,-4.648084619418569e-07,2.7430186931003297e-10,0.8636327495173386,0.8470382604139755,5.398194367664612e-05,5.398194374140535e-05,-4.521032257332608e-14,8.375082383438517e-10,4.218847493575595e-15,1.0824674490095276e-13,7.264385950278562e-06,1.2632251538491683e-08
23.8,-0.14899003122568988,0.010796564607299653,0.0,-7.825129724678657,7.825129996583417,2.7190476004079756e-07,2.7633241519989065e-10,0.8636327444172487,0.84703826088166,5.398194367664612e-05,5.398194378362276e-05,-2.992906215828345e-15,5.544272789209506e-11,4.218847493575595e-15,1.0813572259849025e-13,7.26237993858847e-06,1.2632167547958753e-08
23.900000000000002,-0.15006968740946103,0.010796557789963402,0.0,-7.881833206551718,7.881834186430755,9.798790365778132e-07,2.7836178827003516e-10,0.8636327392795539,0.847038261352793,5.398194367664612e-05,5.3981943773172335e-05,-1.3443334444772359e-14,2.490339087947855e-10,4.440892098500626e-15,1.0813572259849025e-13,7.260672603870422e-06,1.2632319629318088e-08
24.0,-0.15114934253715212,0.010796543585296631,0.0,-7.93853667507738,7.938538307585851,1.632508471516303e-06,2.8038997575816386e-10,0.8636327341042721,0.8470382618273727,5.398194367664612e-05,5.398194376939747e-05,-1.721820114871514e-14,3.1896223009960284e-10,4.218847493575595e-15,1.0813572259849025e-13,7.259280892957243e-06,1.2632697107192619e-08
24.1,-0.1522289959042973,0.010796522721589307,0.0,-7.995240116557724,7.995242322954617,2.206396892745488e-06,2.824169804753302e-10,0.8636327288914218,0.8470382623053976,5.398194367664612e-05,5.398194377844585e-05,-8.169822511647912e-15,1.513436151271593e-10,4.3298697960381105e-15,1.0813572259849025e-13,7.258206747517981e-06,1.263328053281898e-08
24.200000000000003,-0.15330864689138968,0.01079649616225208,0.0,-8.051943518230253,8.05194619990516,2.6816749070235346e-06,2.8444281944532236e-10,0.8636327236410214,0.8470382627868658,5.398194367664612e-05,5.398194378019184e-05,-6.4238301093408334e-15,1.1899960743629863e-10,4.440892098500626e-15,1.0802470029602773e-13,7.257437065755212e-06,1.263404266422723e-08
24.3,-0.15438829498529288,0.010796465063994488,0.0,-8.108646868678072,8.108649911392188,3.0427141162192584e-06,2.864675223756524e-10,0.8636327183530899,0.8470382632717757,5.398194367664612e-05,5.3981943793275415e-05,6.659745725810101e-15,1.233698764611773e-10,4.218847493575595e-15,1.0791367799356522e-13,7.25694428010959e-06,1.2634949719507148e-08
24.400000000000002,-0.15546793979614615,0.01079643072737788,0.0,-8.165350158437676,8.165353436844981,3.2784073056291163e-06,2.8849112917237754e-10,0.8636327130276454,0.8470382637601255,5.398194367664612e-05,5.398194377192504e-05,-1.4690627729053995e-14,2.7213965858284723e-10,4.3298697960381105e-15,1.0791367799356522e-13,7.2566875199409075e-06,1.263596279147103e-08
24.5,-0.1565475810694024,0.01079639455004536,0.0,-8.222053380607075,8.222056762799514,3.3821924390053937e-06,2.9051368797084987e-10,0.8636327076647068,0.8470382642519136,5.398194367664612e-05,5.398194378096217e-05,-5.6534976895263045e-15,1.0472942064849932e-10,4.3298697960381105e-15,1.0791367799356522e-13,7.256614314388177e-06,1.2637039434480247e-08
24.6,-0.1576272186928225,0.010796357972336511,0.0,-8.278756530891535,8.278759883265998,3.3523744633612296e-06,2.925352522789117e-10,0.863632702264292,0.8470382647471383,5.398194367664612e-05,5.398194378595504e-05,-6.6063148874973e-16,1.2238008553022316e-11,4.218847493575595e-15,1.0791367799356522e-13,7.256662763299726e-06,1.2638135306970877e-08
24.700000000000003,-0.1587068526983509,0.010796322427875683,0.0,-8.335459607743008,8.335462799827116,3.192084108150084e-06,2.945558782953284e-10,0.8636326968264185,0.8470382652457981,5.398194367664612e-05,5.398194377033507e-05,-1.6280596662476832e-14,3.015933763326529e-10,4.3298697960381105e-15,1.0791367799356522e-13,7.256764087248957e-06,1.2639205868456466e-08
24.8,-0.15978648325895542,0.010796289296321709,0.0,-8.392162613056676,8.39216552147214,2.9084154640202087e-06,2.965756225252975e-10,0.8636326913511044,0.8470382657478911,5.398194367664612e-05,5.3981943777035246e-05,-9.580423748160177e-15,1.774745978176934e-10,4.107825191113079e-15,1.078026556911027e-13,7.256845451941718e-06,1.2640208044449903e-08
24.900000000000002,-0.16086611068066886,0.010796259851736885,0.0,-8.448865551097214,8.448868064179166,2.513081952315588e-06,2.9859453864944377e-10,0.8636326858383669,0.8470382662534159,5.398194367664612e-05,5.398194377069978e-05,-1.5915891380443442e-14,2.9483731574991566e-10,4.3298697960381105e-15,1.0769163338864018e-13,7.25683295127455e-06,1.264110181067301e-08
25.0,-0.16194573539008789,0.010796235224193268,0.0,-8.505568428846523,8.505570450258173,2.021411649621996e-06,3.006126752007716e-10,0.8636326802882219,0.8470382667623712,5.398194367664612e-05,5.398194377990419e-05,-6.711482498228394e-15,1.243282853080809e-10,4.218847493575595e-15,1.0769163338864018e-13,7.256654628751136e-06,1.2641851671637673e-08
25.1,-0.16302535791779485,0.010796216358293993,0.0,-8.562271255462946,8.562272707480496,1.4520175497523269e-06,3.0263007303707853e-10,0.8636326747006869,0.847038267274755,5.398194367664612e-05,5.3981943747842384e-05,-3.8773285526271656e-14,7.18263976180295e-10,3.9968028886505635e-15,1.0769163338864018e-13,7.2562434125234e-06,1.264242795232275e-08
25.200000000000003,-0.16410497887819886,0.010796203979529963,0.0,-8.618974041491683,8.618974868020139,8.265284563435671e-07,3.046467629474117e-10,0.8636326690757782,0.8470382677905661,5.398194367664612e-05,5.398194376481108e-05,-2.1804586402499743e-14,4.039236994196562e-10,3.9968028886505635e-15,1.0763612223740893e-13,7.255539846373615e-06,1.2642807919152144e-08
25.3,-0.16518459894639048,0.010796198572640952,0.0,-8.675676798919326,8.675676967238061,1.6831873494993488e-07,3.066627641543056e-10,0.8636326634135117,0.8470382683098029,5.398194367664612e-05,5.398194376180775e-05,-2.4807921287974682e-14,4.5955961542116646e-10,4.218847493575595e-15,1.0758061108617767e-13,7.254494505393172e-06,1.264297660902059e-08
25.400000000000002,-0.16626421883275008,0.010796200357066892,0.0,-8.732379540081688,8.732379042348605,-4.977330831934523e-07,3.0867808217074216e-10,0.8636326577139043,0.8470382688324639,5.398194367664612e-05,5.398194374800942e-05,-3.860625062907311e-14,7.151697026929114e-10,4.218847493575595e-15,1.0758061108617767e-13,7.2530699977146895e-06,1.26429274340788e-08
25.5,-0.1673438392560512,0.010796209279534284,0.0,-8.789082277145742,8.789081131006935,-1.1461388069733403e-06,3.1069270808783766e-10,0.8636326519769723,0.8470382693585478,5.398194367664612e-05,5.3981943771767236e-05,-1.484843335525926e-14,2.7506296247632345e-10,4.218847493575595e-15,1.0752509993494641e-13,7.251242472083863e-06,1.2642662475727102e-08
25.6,-0.1684234609159394,0.01079622501155663,0.0,-8.845785021404122,8.845783269863379,-1.7515407435553243e-06,3.127066177387512e-10,0.8636326462027321,0.8470382698880526,5.398194367664612e-05,5.3981943764735494e-05,-2.1880175622712716e-14,4.053239680099915e-10,3.9968028886505635e-15,1.0758061108617767e-13,7.249002570708374e-06,1.2642192443100196e-08
25.700000000000003,-0.1695030844656859,0.010796246955493478,0.0,-8.90248778300301,8.902485493132968,-2.289870042915254e-06,3.147197715467364e-10,0.8636326403912017,0.8470382704209772,5.398194367664612e-05,5.3981943759012614e-05,-2.7603055475014515e-14,5.113386732928649e-10,4.440892098500626e-15,1.0758061108617767e-13,7.246355787915437e-06,1.2641536360104465e-08
25.8,-0.17058271048617876,0.010796274265423114,0.0,-8.959190570507634,8.959187831228792,-2.7392788410907087e-06,3.167321152295515e-10,0.8636326345423984,0.8470382709573198,5.398194367664612e-05,5.398194373753965e-05,-4.907601831426883e-14,9.09119141467123e-10,4.218847493575595e-15,1.074140776324839e-13,7.2433222215173565e-06,1.2640720891362604e-08
25.900000000000002,-0.17166233946213308,0.010796305869491393,0.0,-9.015893389906921,9.015890309513065,-3.0803938564361033e-06,3.187435805255635e-10,0.8636326286563405,0.8470382714970786,5.398194367664612e-05,5.3981943773448346e-05,-1.3167323676711862e-14,2.439208886045986e-10,4.218847493575595e-15,1.074140776324839e-13,7.239935727543223e-06,1.2639779406251424e-08
26.0,-0.17274197176142958,0.01079634050907069,0.0,-9.072596245069576,9.07259294721166,-3.297857915640634e-06,3.207540872144676e-10,0.8636326227330476,0.8470382720402518,5.398194367664612e-05,5.3981943756234536e-05,-3.0381133806628435e-14,5.628017763423424e-10,3.9968028886505635e-15,1.0746958878371515e-13,7.2362425134198105e-06,1.263875071006697e-08
26.1,-0.1738216076185178,0.01079637678264382,0.0,-9.129299137404377,9.1292957565427,-3.3808616777264433e-06,3.227635452819324e-10,0.8636326167725399,0.8470382725868377,5.398194367664612e-05,5.398194375480573e-05,-3.18099360871113e-14,5.892699281439156e-10,4.218847493575595e-15,1.0730305533002138e-13,7.232299226556105e-06,1.2637677596315954e-08
26.200000000000003,-0.17490124712266797,0.010796413196547344,0.0,-9.186002065488776,9.185998742099404,-3.3233893717010687e-06,3.2477185769878935e-10,0.863632610774838,0.8470382731368344,5.398194367664612e-05,5.398194372418086e-05,-6.243481209464163e-14,1.15658695873945e-09,4.440892098500626e-15,1.0735856648125264e-13,7.228170618767127e-06,1.2636605157585436e-08
26.3,-0.17598089021171215,0.01079644822651222,0.0,-9.242705025927549,9.242701900521315,-3.1254062342611633e-06,3.267789240106707e-10,0.8636326047399638,0.8470382736902398,5.398194367664612e-05,5.398194372945238e-05,-5.716329238300913e-14,1.0589335704026673e-09,4.218847493575595e-15,1.0730305533002138e-13,7.223926880517428e-06,1.2635578971556157e-08
26.400000000000002,-0.17706053667180174,0.010796480374174414,0.0,-9.299408012915418,9.299405220481791,-2.7924336265527927e-06,3.2878464372217986e-10,0.8636325986679411,0.8470382742470518,5.398194367664612e-05,5.398194374921656e-05,-3.7399106706491325e-14,6.928077082968476e-10,4.218847493575595e-15,1.0730305533002138e-13,7.219640756894741e-06,1.2634643221170479e-08
26.5,-0.17814018614340207,0.01079650823317716,0.0,-9.356111018586503,9.356108683002656,-2.3355838472127743e-06,3.3078892037359736e-10,0.8636325925587932,0.8470382748072682,5.398194367664612e-05,5.398194374319622e-05,-4.341945097734168e-14,8.04332856482324e-10,4.218847493575595e-15,1.0735856648125264e-13,7.215384561720661e-06,1.2633838808851775e-08
26.6,-0.1792198381335501,0.01079653055257161,0.0,-9.412814034190664,9.412812262098118,-1.7720925455932957e-06,3.3279166570070885e-10,0.8636325864125457,0.8470382753708867,5.398194367664612e-05,5.398194376403075e-05,-2.258492058735545e-14,4.1837916603168997e-10,4.218847493575595e-15,1.0724754417879012e-13,7.2112272119784215e-06,1.2633201574675207e-08
26.700000000000003,-0.18029949203415752,0.010796546289289709,0.0,-9.469517049549165,9.469515925735962,-1.1238132024971037e-06,3.3479280323641084e-10,0.8636325802292235,0.847038275937905,5.398194367664612e-05,5.3981943774293156e-05,-1.2322513343911157e-14,2.282710198736012e-10,4.440892098500626e-15,1.0724754417879012e-13,7.207231409844805e-06,1.2632760647384879e-08
26.8,-0.18137914714576342,0.01079655466664483,0.0,-9.526220054202533,9.526219637085156,-4.171173770828318e-07,3.3679227237134805e-10,0.8636325740088545,0.8470382765083205,5.398194367664612e-05,5.398194375792337e-05,-2.869229918760208e-14,5.315166001673471e-10,4.440892098500626e-15,1.0724754417879012e-13,7.203451079240697e-06,1.263253705409782e-08
26.900000000000002,-0.1824588027059795,0.01079655521025162,0.0,-9.582923037856947,9.582923356009683,3.1815273615620754e-07,3.3879003109285506e-10,0.8636325677514646,0.847038277082131,5.398194367664612e-05,5.398194376900108e-05,-1.7614592239239418e-14,3.2630526118242135e-10,3.9968028886505635e-15,1.0724754417879012e-13,7.199929170920161e-06,1.2632542646646718e-08
27.0,-0.18353845792153922,0.010796547779015645,0.0,-9.639625990256928,9.63962704075185,1.0504949230494276e-06,3.4078605867634413e-10,0.863632561457081,0.8470382776593337,5.398194367664612e-05,5.398194375055059e-05,-3.606507724841085e-14,6.68095195805398e-10,4.218847493575595e-15,1.0708101072509635e-13,7.1966959211411385e-06,1.2632779373908299e-08
27.1,-0.18461811200263484,0.010796532585106768,0.0,-9.696328902688258,9.696330649735742,1.7470474844571982e-06,3.427803576097111e-10,0.863632555125732,0.8470382782399263,5.398194367664612e-05,5.398194373878393e-05,-4.783174046727942e-14,8.860692517886712e-10,4.218847493575595e-15,1.0708101072509635e-13,7.193767636470838e-06,1.2633238998544566e-08
27.200000000000003,-0.1856977641981304,0.01079651018934207,0.0,-9.753031767600962,9.75303414341645,2.375815487454247e-06,3.4477295390529726e-10,0.863632548757444,0.8470382788239061,5.398194367664612e-05,5.3981943752806586e-05,-3.3809082920430167e-14,6.263035489469533e-10,4.218847493575595e-15,1.0708101072509635e-13,7.1911460554074935e-06,1.263390324963977e-08
27.3,-0.1867774138300208,0.010796481489047506,0.0,-9.809734579083514,9.809737486089983,2.9070064684333374e-06,3.4676389717306e-10,0.8636325423522446,0.8470382794112709,5.398194367664612e-05,5.3981943769981806e-05,-1.66338636115905e-14,3.0813754508388077e-10,3.9968028886505635e-15,1.0696998842263383e-13,7.1888183119095395e-06,1.2634744426021611e-08
27.400000000000002,-0.18785706032554472,0.01079644768560751,0.0,-9.866437332893636,9.86644064757989,3.3146862534749744e-06,3.4875325915035394e-10,0.8636325359101601,0.847038280002018,5.398194367664612e-05,5.3981943762798275e-05,-2.3817394183191926e-14,4.412103853484775e-10,3.9968028886505635e-15,1.0696998842263383e-13,7.186757500166063e-06,1.2635726453368808e-08
27.5,-0.18893670324534567,0.010796410235898822,0.0,-9.923140027246635,9.923143604716053,3.577469417592738e-06,3.507411311537853e-10,0.8636325294312156,0.8470382805961452,5.398194367664612e-05,5.398194374425654e-05,-4.235912835770517e-14,7.846906845467526e-10,3.9968028886505635e-15,1.0696998842263383e-13,7.184923819458788e-06,1.2636806369863174e-08
27.6,-0.19001634230625136,0.010796370795777494,0.0,-9.97984266200973,9.979846342531243,3.680521512450241e-06,3.527276208358684e-10,0.8636325229154366,0.8470382811936502,5.398194367664612e-05,5.3981943739753314e-05,-4.686235530486013e-14,8.68111670124933e-10,4.218847493575595e-15,1.0696998842263383e-13,7.183266248378395e-06,1.2637936139716696e-08
27.700000000000003,-0.19109597739737966,0.010796331142995113,0.0,-10.036545239084276,10.036548855106961,3.6160226848380717e-06,3.5471284757971025e-10,0.8636325163628458,0.8470382817945309,5.398194367664612e-05,5.398194372709291e-05,-5.95227602558264e-14,1.1026420349549194e-09,4.218847493575595e-15,1.0691447727140257e-13,7.181724679172774e-06,1.2639064761847314e-08
27.8,-0.19217560858859323,0.01079629310047053,0.0,-10.093247762342514,10.09325114601748,3.383674965107275e-06,3.566969376177168e-10,0.8636325097734664,0.8470382823987851,5.398194367664612e-05,5.3981943734308186e-05,-5.230748288936188e-14,9.689810944352155e-10,4.218847493575595e-15,1.0685896612017132e-13,7.180232422798749e-06,1.2640140588902846e-08
27.900000000000002,-0.19325523613067178,0.010796258449534623,0.0,-10.149950236972344,10.149953228338717,2.9913663723846184e-06,3.58680018422468e-10,0.8636325031473193,0.8470382830064109,5.398194367664612e-05,5.3981943729679754e-05,-5.693591485864818e-14,1.0547214670814034e-09,3.9968028886505635e-15,1.067479438177088e-13,7.178718980649368e-06,1.264111369571601e-08
28.0,-0.19433486044691592,0.010796228844338989,0.0,-10.206652669431023,10.206655124207494,2.4547764709836883e-06,3.606622127708146e-10,0.863632496484424,0.8470382836174067,5.398194367664612e-05,5.39819437245865e-05,-6.202917140433334e-14,1.1490725814777155e-09,3.9968028886505635e-15,1.0685896612017132e-13,7.177112966383348e-06,1.264193826175029e-08
28.1,-0.1954144821163456,0.010796205732781472,0.0,-10.263355067688941,10.263356863938984,1.7962500429291595e-06,3.626436331667374e-10,0.8636324897847996,0.8470382842317705,5.398194367664612e-05,5.398194376801998e-05,-1.859568678512155e-14,3.444797558111169e-10,3.9968028886505635e-15,1.067479438177088e-13,7.175345057675031e-06,1.264257479835617e-08
28.200000000000003,-0.19649410184911656,0.01079619027852333,0.0,-10.32005743939089,10.32005848473544,1.0453445504765568e-06,3.6462437628432056e-10,0.8636324830484636,0.8470382848495009,5.398194367664612e-05,5.398194376209535e-05,-2.4520316332932168e-14,4.542318162477376e-10,3.9968028886505635e-15,1.067479438177088e-13,7.1733508542060065e-06,1.264299209259526e-08
28.3,-0.1975737204550668,0.010796183301628667,0.0,-10.376759792854742,10.37676002903455,2.3617980815515693e-07,3.6660451819942135e-10,0.8636324762754327,0.8470382854705962,5.398194367664612e-05,5.3981943756051536e-05,-3.056413358081683e-14,5.661917945898183e-10,3.9968028886505635e-15,1.067479438177088e-13,7.1710735244367996e-06,1.2643168860775944e-08
28.400000000000002,-0.19865333880683084,0.01079618523196943,0.0,-10.43346213619617,10.433461542571923,-5.936242466475505e-07,3.6858411053722903e-10,0.8636324694657238,0.8470382860950549,5.398194367664612e-05,5.3981943761340484e-05,-2.5275185319261623e-14,4.682155473723236e-10,3.9968028886505635e-15,1.0663692151524629e-13,7.1684661297477525e-06,1.2643094898931731e-08
28.5,-0.19973295779916667,0.010796196078480695,0.0,-10.490164476732794,10.490163072245036,-1.4044877580943194e-06,3.705631775282983e-10,0.8636324626193514,0.8470382867228757,5.398194367664612e-05,5.398194375488133e-05,-3.173434009063475e-14,5.878695340252441e-10,4.218847493575595e-15,1.067479438177088e-13,7.165493534522227e-06,1.2642771747733231e-08
28.6,-0.20081257830639493,0.010796215424745046,0.0,-10.546866821102032,10.546864663877969,-2.157224063381591e-06,3.725417149862297e-10,0.8636324557363312,0.8470382873540573,5.398194367664612e-05,5.398194377393303e-05,-1.2682637871765795e-14,2.3494222330106574e-10,3.9968028886505635e-15,1.0652589921278377e-13,7.162133818183758e-06,1.264221279646578e-08
28.700000000000003,-0.20189220114004144,0.010796242435499287,0.0,-10.60356917466066,10.603566359996758,-2.814663901062886e-06,3.745196897284615e-10,0.8636324488166783,0.8470382879885979,5.398194367664612e-05,5.398194376208752e-05,-2.4528149693628376e-14,4.543769270043873e-10,3.774758283725532e-15,1.0652589921278377e-13,7.158379136840143e-06,1.2641442805646533e-08
28.8,-0.2029718270087597,0.010796275893847443,0.0,-10.660271541027434,10.660268197724587,-3.343302847014229e-06,3.7649704137808403e-10,0.863632441860409,0.8470382886264964,5.398194367664612e-05,5.3981943770285294e-05,-1.6330375094721072e-14,3.02515507490394e-10,3.9968028886505635e-15,1.0652589921278377e-13,7.15423599900733e-06,1.2640496889466337e-08
28.900000000000002,-0.20405145648257378,0.01079631425571792,0.0,-10.716973923220575,10.716970206903696,-3.7163168791209955e-06,3.784736854856181e-10,0.8636324348675389,0.8470382892677513,5.398194367664612e-05,5.3981943765408e-05,-2.120767212017427e-14,3.9286603381194295e-10,3.9968028886505635e-15,1.0652589921278377e-13,7.14972494403332e-06,1.2639418922241051e-08
29.0,-0.20513108996339147,0.010796355716281068,0.0,-10.773676321784556,10.773672408546926,-3.913237630825961e-06,3.8044951735901636e-10,0.8636324278380852,0.8470382899123609,5.398194367664612e-05,5.398194378882538e-05,2.2097124477427066e-15,4.0934288322184026e-11,4.218847493575595e-15,1.0652589921278377e-13,7.144879641318713e-06,1.2638259549115641e-08
29.1,-0.2062107276633116,0.010796398298726416,0.0,-10.83037873610714,10.830374813698313,-3.9224088261846646e-06,3.8242441815125076e-10,0.863632420772066,0.8470382905603235,5.398194367664612e-05,5.398194378480081e-05,-1.814859569050642e-15,3.361975217168337e-11,4.218847493575595e-15,1.0641487691032125e-13,7.139745449025181e-06,1.2637073767810283e-08
29.200000000000003,-0.207290369592053,0.01079643994994515,0.0,-10.887081164280772,10.887077422772908,-3.741507864418736e-06,3.843982609344518e-10,0.863632413669499,0.8470382912116378,5.398194367664612e-05,5.39819437646905e-05,-2.1925170012870865e-14,4.0615747616237394e-10,4.218847493575595e-15,1.0630385460785874e-13,7.134377493334121e-06,1.2635918308786528e-08
29.3,-0.20837001555430065,0.010796478637834415,0.0,-10.943783602650715,10.943780225417417,-3.3772332983517117e-06,3.863709177671528e-10,0.8636324065304055,0.8470382918663015,5.398194367664612e-05,5.398194377704429e-05,-9.571377436283501e-15,1.773070174888635e-10,4.218847493575595e-15,1.0641487691032125e-13,7.128838352465916e-06,1.2634848866535532e-08
29.400000000000002,-0.20944966515723623,0.010796512461551446,0.0,-11.000486046969833,11.000483200905833,-2.846063999584203e-06,3.883422676494202e-10,0.863632399354805,0.847038292524313,5.398194367664612e-05,5.398194379967006e-05,1.305439046792034e-14,2.4182883335345316e-10,4.218847493575595e-15,1.0630385460785874e-13,7.123195441050001e-06,1.2633917334684763e-08
29.5,-0.21052931782809015,0.010796539739907648,0.0,-11.057188491911234,11.057186319060982,-2.172850251724867e-06,3.903122030978306e-10,0.8636323921427199,0.84703829318567,5.398194367664612e-05,5.398194378565977e-05,-9.55900397899001e-16,1.7707780274695832e-11,4.218847493575595e-15,1.0624834345662748e-13,7.1175182063676345e-06,1.2633169222064526e-08
29.6,-0.21160897284089214,0.010796559101934678,0.0,-11.113890931308191,11.113889541659859,-1.3896483324060682e-06,3.922806371828902e-10,0.8636323848941719,0.8470382938503709,5.398194367664612e-05,5.3981943777785e-05,-8.830670840832139e-15,1.6358564058694008e-10,4.440892098500626e-15,1.0619283230539622e-13,7.1118752553167575e-06,1.2632641359650674e-08
29.700000000000003,-0.21268862935117328,0.0107965695595441,0.0,-11.170593358714388,11.170592824255852,-5.34458536094462e-07,3.9424750947864934e-10,0.8636323776091848,0.8470382945184132,5.398194367664612e-05,5.398194380021195e-05,1.3596281489992174e-14,2.518672088712048e-10,4.440892098500626e-15,1.0619283230539622e-13,7.106331529616039e-06,1.2632360004476476e-08
29.8,-0.21376828643692786,0.010796570556869863,0.0,-11.227295767466437,11.227296118330216,3.5086377891957454e-07,3.962127904489153e-10,0.8636323702877808,0.847038295189795,5.398194367664612e-05,5.3981943779127654e-05,-7.488015199216824e-15,1.387133305235052e-10,4.440892098500626e-15,1.0619283230539622e-13,7.1009456479864674e-06,1.263233945815757e-08
29.900000000000002,-0.21484794314376995,0.010796562005744881,0.0,-11.283998151365402,11.28399937366381,1.2222984082654875e-06,3.981764848961987e-10,0.863632362929983,0.8470382958645142,5.398194367664612e-05,5.39819437885948e-05,1.979129750709352e-15,3.666281009789646e-11,4.440892098500626e-15,1.0619283230539622e-13,7.095767525000518e-06,1.2632581301680482e-08
30.0,-0.21592759853205856,0.010796544288967905,0.0,-11.340700503868021,11.340702540811762,2.0369437407907753e-06,4.001386330729735e-10,0.8636323555358149,0.8470382965425685,5.398194367664612e-05,5.398194378504802e-05,-1.5676479211967909e-15,2.9040227410355667e-11,4.440892098500626e-15,1.0608181000293371e-13,7.0908363644650585e-06,1.2633074223283627e-08
30.1,-0.2170072517235502,0.010796518246078654,0.0,-11.397402819619504,11.397405573553968,2.7539344635840735e-06,4.020993106485215e-10,0.8636323481052974,0.8470382972239562,5.398194367664612e-05,5.398194377798888e-05,-8.62678662229624e-15,1.5980874400728908e-10,4.440892098500626e-15,1.0608181000293371e-13,7.086179106718937e-06,1.2633794524402887e-08
30.200000000000003,-0.21808690194529312,0.010796485135323585,0.0,-11.454105094008842,11.45410843120019,3.3371913481516913e-06,4.04058626731511e-10,0.8636323406384518,0.8470382979086751,5.398194367664612e-05,5.398194379029092e-05,3.675248853082097e-15,6.808292923430914e-11,4.440892098500626e-15,1.0608181000293371e-13,7.0818093936275694e-06,1.263470722640997e-08
30.3,-0.21916654856851073,0.010796446570165876,0.0,-11.510807323489374,11.510811080632415,3.7571430411276197e-06,4.0601671977036275e-10,0.8636323331352974,0.8470382985967236,5.398194367664612e-05,5.39819437859821e-05,-6.335670920190606e-16,1.1736648378230835e-11,4.440892098500626e-15,1.0608181000293371e-13,7.077727090798458e-06,1.263576775244091e-08
30.400000000000002,-0.22024619114050845,0.010796404444876149,0.0,-11.567509505830643,11.567513497980247,3.992149604670203e-06,4.0797375276785934e-10,0.8636323255958519,0.8470382992881001,5.398194367664612e-05,5.398194379114512e-05,4.529451087201958e-15,8.390678023928275e-11,4.440892098500626e-15,1.0608181000293371e-13,7.073918381339528e-06,1.2636924107066826e-08
30.5,-0.22132582940798554,0.010796360837130335,0.0,-11.624211640249303,11.624215669845508,4.029596205157304e-06,4.0992990633785834e-10,0.8636323180201311,0.8470382999828031,5.398194367664612e-05,5.398194379498875e-05,8.373083313934632e-15,1.551089630998797e-10,4.440892098500626e-15,1.0608181000293371e-13,7.070356426663871e-06,1.2638119426103834e-08
30.6,-0.22240546333052763,0.01079631790727722,0.0,-11.680913726832742,11.68091759401078,3.867178037353369e-06,4.1188537142551867e-10,0.8636323104081493,0.8470383006808313,5.398194367664612e-05,5.398194376590916e-05,-2.0706506442206424e-14,3.835820835947664e-10,4.440892098500626e-15,1.0597078770047119e-13,7.067002558869273e-06,1.2639294789782792e-08
30.700000000000003,-0.22348509308350015,0.010796277793866963,0.0,-11.737615767923785,11.737619279591218,3.5116674332869025e-06,4.138403412829666e-10,0.8636323027599184,0.8470383013821835,5.398194367664612e-05,5.398194381326754e-05,2.6651871356565826e-14,4.937182607401657e-10,4.440892098500626e-15,1.0597078770047119e-13,7.063807956564361e-06,1.264039216755947e-08
30.8,-0.22456471905018374,0.010796242499135023,0.0,-11.794317766216313,11.794320746621644,2.980405330532676e-06,4.1579500267573423e-10,0.8636322950754477,0.8470383020868589,5.398194367664612e-05,5.398194379172539e-05,5.109722866179778e-15,9.465614825328349e-11,4.6629367034256575e-15,1.0591527654923993e-13,7.060715725981659e-06,1.2641357301420402e-08
30.900000000000002,-0.22564434180333798,0.010796213793460727,0.0,-11.851019725609287,11.851022025088188,2.299478900624763e-06,4.177495281954786e-10,0.8636322873547462,0.8470383027948568,5.398194367664612e-05,5.398194378657838e-05,-3.728977846992332e-17,6.907824341205618e-13,4.884981308350689e-15,1.0580425424677742e-13,7.057663301668349e-06,1.2642142473462715e-08
31.0,-0.2267239620770807,0.010796193120903552,0.0,-11.907721650912734,11.907723153451375,1.5025386410627561e-06,4.197040683356358e-10,0.8636322795978189,0.8470383035061767,5.398194367664612e-05,5.3981943779937845e-05,-6.677824797036297e-15,1.237047860621647e-10,4.6629367034256575e-15,1.0580425424677742e-13,7.054585064114605e-06,1.2642708910196982e-08
31.1,-0.22780358073039012,0.010796181521519272,0.0,-11.96442354667997,11.964424176729214,6.300492430000304e-07,4.216587448683933e-10,0.8636322718046707,0.847038304220818,5.398194367664612e-05,5.3981943796283026e-05,9.66735643360278e-15,1.7908500084283108e-10,4.884981308350689e-15,1.056932319443149e-13,7.051415062853117e-06,1.2643028783209294e-08
31.200000000000003,-0.2288831987039518,0.010796179582529942,0.0,-12.021125418389655,12.021125144231068,-2.741585873877739e-07,4.236136461008903e-10,0.8636322639753055,0.8470383049387805,5.398194367664612e-05,5.3981943785234064e-05,-1.3816056046618563e-15,2.559384693992499e-11,4.884981308350689e-15,1.056932319443149e-13,7.0480897330638115e-06,1.2643086633429011e-08
31.3,-0.22996281697258783,0.010796187397449093,0.0,-12.077827271225374,12.077826107058858,-1.164166516076648e-06,4.2556882260363284e-10,0.8636322561097254,0.8470383056600639,5.398194367664612e-05,5.398194377741272e-05,-9.202951985545771e-15,1.704820418495513e-10,5.10702591327572e-15,1.056932319443149e-13,7.0445504932736824e-06,1.2642880205202755e-08
31.400000000000002,-0.23104243649563572,0.010796204562585366,0.0,-12.134529109714126,12.134527115501324,-1.9942128020034033e-06,4.275242862349419e-10,0.8636322482079317,0.8470383063846681,5.398194367664612e-05,5.398194378026709e-05,-6.348579702306761e-15,1.176056152627735e-10,5.10702591327572e-15,1.0558220964185239e-13,7.040746116016017e-06,1.2642420581642503e-08
31.5,-0.2321220581678799,0.010796230196573718,0.0,-12.191230938184667,12.191228216456775,-2.7217278919522414e-06,4.294800103462429e-10,0.8636322402699262,0.8470383071125931,5.398194367664612e-05,5.398194376484223e-05,-2.1773442695095097e-14,4.0334677118647105e-10,5.10702591327572e-15,1.0547118733938987e-13,7.036634778190276e-06,1.2641731623788056e-08
31.6,-0.23320168277366474,0.010796262980762809,0.0,-12.247932760560929,12.247929451023229,-3.309537699891507e-06,4.314359323238514e-10,0.8636322322957108,0.8470383078438385,5.398194367664612e-05,5.398194377145349e-05,-1.516218113518583e-14,2.808750499708203e-10,4.884981308350689e-15,1.0558220964185239e-13,7.032185706634664e-06,1.2640848777245342e-08
31.700000000000003,-0.23428131094664803,0.010796301233381395,0.0,-12.304634579953085,12.304630852384676,-3.727568408606885e-06,4.333919584465183e-10,0.8636322242852874,0.8470383085784042,5.398194367664612e-05,5.398194377852662e-05,-8.089049449797742e-15,1.4984731735962939e-10,4.884981308350689e-15,1.0547118733938987e-13,7.027380357349511e-06,1.2639817226280343e-08
31.8,-0.23536094313739853,0.01079634299143897,0.0,-12.361336398609087,12.36133244410933,-3.954499756986252e-06,4.3534796985342986e-10,0.8636322162386588,0.84703830931629,5.398194367664612e-05,5.3981943774484626e-05,-1.2131043240250217e-14,2.2472409120587258e-10,5.10702591327572e-15,1.0558220964185239e-13,7.022213081464557e-06,1.2638689564884114e-08
31.900000000000002,-0.23644057959059048,0.010796386117226206,0.0,-12.418038218309253,12.418034238951957,-3.979357295236241e-06,4.3730383050468645e-10,0.8636322081558283,0.8470383100574956,5.398194367664612e-05,5.398194376428201e-05,-2.2333656733881935e-14,4.1372457532531334e-10,5.329070518200751e-15,1.0536016503692736e-13,7.016691257910601e-06,1.2637523084506211e-08
32.0,-0.2375202203330675,0.010796428411338186,0.0,-12.474740039872326,12.474736238226956,-3.801645370060669e-06,4.392593962361933e-10,0.8636322000368009,0.8470383108020204,5.398194367664612e-05,5.398194377450951e-05,-1.2106160800391674e-14,2.2426315115533819e-10,5.329070518200751e-15,1.0547118733938987e-13,7.01083489013099e-06,1.2636376804262016e-08
32.1,-0.2385998651733758,0.010796467726105489,0.0,-12.531441863277525,12.53143843178393,-3.4314935959400827e-06,4.412145235968477e-10,0.863632191881582,0.8470383115498641,5.398194367664612e-05,5.3981943755044834e-05,-3.157083562676036e-14,5.848406608010218e-10,5.551115123125783e-15,1.0547118733938987e-13,7.004675691202333e-06,1.2635308411659262e-08
32.2,-0.2396795137127356,0.010796502081453382,0.0,-12.588143688026339,12.588140798583858,-2.889442480835669e-06,4.4316907967418593e-10,0.8636321836901782,0.847038312301026,5.398194367664612e-05,5.398194376337217e-05,-2.3243498868241036e-14,4.3057913949884303e-10,5.329070518200751e-15,1.0547118733938987e-13,6.9982556970549226e-06,1.263437132736864e-08
32.300000000000004,-0.2407591653668064,0.010796529762471795,0.0,-12.644845511968892,12.64484330784217,-2.204126722915589e-06,4.4512295035494234e-10,0.8636321754625972,0.8470383130555053,5.398194367664612e-05,5.3981943776322023e-05,-1.0293645818539032e-14,1.9068683178798078e-10,5.551115123125783e-15,1.0536016503692736e-13,6.991625472851926e-06,1.2633611968726187e-08
32.4,-0.24183881939690025,0.01079654940840501,0.0,-12.701547332295917,12.701545920668302,-1.4116276148001816e-06,4.470760482427208e-10,0.8636321671988471,0.8470383138133014,5.398194367664612e-05,5.3981943764616015e-05,-2.199965470212062e-14,4.075372836339082e-10,5.329070518200751e-15,1.0524914273446484e-13,6.98484198624616e-06,1.263306742691048e-08
32.5,-0.24291847494890512,0.01079656008177837,0.0,-12.758249145660503,12.758248592109599,-5.535509046694642e-07,4.490283190916538e-10,0.8636321588989357,0.8470383145744136,5.398194367664612e-05,5.398194376082971e-05,-2.5785959738983122e-14,4.776774967702348e-10,5.329070518200751e-15,1.0524914273446484e-13,6.9779662408286924e-06,1.2632763647772315e-08
32.6,-0.24399813109775248,0.01079656130617567,0.0,-12.814950947248242,12.814951273487008,3.2623876577986266e-07,4.509797456928229e-10,0.8636321505628725,0.8470383153388409,5.398194367664612e-05,5.398194378186008e-05,-4.755588555328122e-15,8.809591187502169e-11,5.329070518200751e-15,1.0508260928077107e-13,6.971060767080317e-06,1.2632714192651813e-08
32.7,-0.2450777868949647,0.010796553090540922,0.0,-12.871652731800175,12.871653914892018,1.1830918431599002e-06,4.529303510311413e-10,0.8636321421906652,0.8470383161065826,5.398194367664612e-05,5.398194376851001e-05,-1.8105661284475993e-14,3.354021741786567e-10,5.329070518200751e-15,1.0508260928077107e-13,6.9696483378511864e-06,1.2632919649786587e-08
32.800000000000004,-0.2461574414168302,0.010796535919275905,0.0,-12.928354494041926,12.928356467717002,1.9736750758170274e-06,4.548801980991248e-10,0.8636321337823207,0.8470383168776382,5.398194367664612e-05,5.3981943787438165e-05,8.224960968382378e-16,1.523650391988364e-11,5.329070518200751e-15,1.0508260928077107e-13,6.975538206888121e-06,1.2633367738329802e-08
32.9,-0.2472370938107625,0.010796510721442878,0.0,-12.985056227595255,12.98505888708971,2.659494455770073e-06,4.568293884371622e-10,0.8636321253378467,0.8470383176520069,5.398194367664612e-05,5.398194378563227e-05,-9.833984754986647e-16,1.8217174263004253e-11,5.329070518200751e-15,1.0508260928077107e-13,6.98132947901664e-06,1.263403400782787e-08
33.0,-0.24831674333750267,0.010796478825363588,0.0,-13.041757927572831,13.041761134089946,3.2065171140516213e-06,4.587780589986435e-10,0.8636321168572473,0.8470383184296884,5.398194367664612e-05,5.398194378244867e-05,-4.167002300940054e-15,7.719252059250088e-11,5.329070518200751e-15,1.0497158697830855e-13,6.987004012026787e-06,1.2634883188686791e-08
33.1,-0.24939638940729758,0.010796441880889138,0.0,-13.098459589254603,13.0984631776494,3.5883947973047725e-06,4.6072637634977115e-10,0.8636321083405257,0.8470383192106823,5.398194367664612e-05,5.398194379216096e-05,5.545287536448673e-15,1.0272485864768681e-10,5.329070518200751e-15,1.0497158697830855e-13,6.992546308315362e-06,1.2635871032139735e-08
33.2,-0.25047603160831944,0.010796401780490506,0.0,-13.155161208850355,13.155164996044324,3.7871939682077027e-06,4.626745304343089e-10,0.8636320997876837,0.8470383199949885,5.398194367664612e-05,5.398194379110051e-05,4.484842944067757e-15,8.308042720206384e-11,5.329070518200751e-15,1.0497158697830855e-13,6.997944221709407e-06,1.2636946582856957e-08
33.300000000000004,-0.2515556697261415,0.010796360564387285,0.0,-13.211862783939015,13.211866577918311,3.7939792960628438e-06,4.6462272696925336e-10,0.8636320911987204,0.847038320782607,5.398194367664612e-05,5.3981943784651474e-05,-1.964194865783364e-15,3.6386145644906874e-11,5.329070518200751e-15,1.0497158697830855e-13,7.003189539722676e-06,1.2638054766881008e-08
33.4,-0.25263530375345944,0.01079632031646087,0.0,-13.268564313851154,13.268567922792858,3.6089417037032945e-06,4.665711785393634e-10,0.8636320825736324,0.8470383215735383,5.398194367664612e-05,5.398194376677437e-05,-1.9841299556035835e-14,3.675543745718005e-10,5.551115123125783e-15,1.0486056467584604e-13,7.008278416265057e-06,1.2639139162929821e-08
33.5,-0.2537149338896877,0.01079628307062301,0.0,-13.325265799143946,13.325269041046088,3.2419021422924743e-06,4.685200966672943e-10,0.8636320739124143,0.8470383223677826,5.398194367664612e-05,5.398194380454224e-05,1.7926571414372122e-14,3.320845857811695e-10,5.551115123125783e-15,1.0486056467584604e-13,7.013211628992266e-06,1.2640144815474482e-08
33.6,-0.2547945605304922,0.010796250703341505,0.0,-13.381967241913888,13.38196995336304,2.7114491523150264e-06,4.704696823331656e-10,0.8636320652150591,0.8470383231653409,5.398194367664612e-05,5.398194377975031e-05,-6.865357891558399e-15,1.2717878276655986e-10,5.773159728050814e-15,1.0486056467584604e-13,7.017994648250703e-06,1.2641020969950737e-08
33.7,-0.2558741842477329,0.010796224846353055,0.0,-13.438668645499025,13.43867068968239,2.0441833648021657e-06,4.724201178087776e-10,0.8636320564815566,0.8470383239662139,5.398194367664612e-05,5.3981943812407775e-05,2.57921058100484e-14,4.777913509711702e-10,5.773159728050814e-15,1.0491607582707729e-13,7.022637508735663e-06,1.2641723645292286e-08
33.800000000000004,-0.25695380576071813,0.010796206804821159,0.0,-13.495370013957587,13.495371287686353,1.2737287669040143e-06,4.743715591487002e-10,0.8636320477118954,0.8470383247704026,5.398194367664612e-05,5.3981943776402404e-05,-1.0213265779976388e-14,1.891978146639506e-10,5.773159728050814e-15,1.0474954237338352e-13,7.027154483529863e-06,1.2642217801090065e-08
33.9,-0.25803342590002754,0.010796197488515694,0.0,-13.55207135173442,13.552071790901177,4.391667580705416e-07,4.763241293261907e-10,0.8636320389060621,0.8470383255779085,5.398194367664612e-05,5.398194377212038e-05,-1.4495288378889998e-14,2.6852105323514716e-10,5.773159728050814e-15,1.0474954237338352e-13,7.031563571846533e-06,1.2642479166479833e-08
34.0,-0.25911304556551046,0.010796197367448147,0.0,-13.608772663989729,13.608772246490833,-4.1749889589937084e-07,4.782779135145554e-10,0.8636320300640424,0.8470383263887327,5.398194367664612e-05,5.398194379379076e-05,7.175087347183196e-15,1.329164319576888e-10,5.551115123125783e-15,1.0474954237338352e-13,7.035885814188347e-06,1.264249546742732e-08
34.1,-0.26019266568044896,0.010796206437813054,0.0,-13.66547395450186,13.665472702849986,-1.2516518737015758e-06,4.80232955118009e-10,0.8636320211858208,0.8470383272028765,5.398194367664612e-05,5.3981943769473206e-05,-1.714246285070345e-14,3.1755919988587114e-10,5.551115123125783e-15,1.0474954237338352e-13,7.040144464121045e-06,1.2642267105058374e-08
34.2,-0.2612722871439622,0.010796224219840715,0.0,-13.722175226943772,13.722173207104127,-2.0198396448734e-06,4.821892547408096e-10,0.8636320122713814,0.8470383280203416,5.398194367664612e-05,5.3981943786375505e-05,-2.401643337326953e-16,4.44897529167744e-12,5.773159728050814e-15,1.04638520070921e-13,7.04436404547204e-06,1.264180719813001e-08
34.300000000000004,-0.2623519107840862,0.010796249777568852,0.0,-13.778876484243515,13.778873802645577,-2.6815979374816834e-06,4.841467708751725e-10,0.8636320033207084,0.8470383288411294,5.398194367664612e-05,5.3981943766347865e-05,-2.02678043619009e-14,3.7545525358070145e-10,5.551115123125783e-15,1.04638520070921e-13,7.04856933303466e-06,1.2641140936039797e-08
34.4,-0.2634315373139256,0.01079628175709027,0.0,-13.835577727895288,13.835574526830424,-3.201064863844749e-06,4.86105422383553e-10,0.8636319943337858,0.8470383296652414,5.398194367664612e-05,5.398194377766691e-05,-8.948760786206544e-15,1.6577322290193538e-10,5.773159728050814e-15,1.04638520070921e-13,7.052784300909387e-06,1.2640304346170074e-08
34.5,-0.26451116729322127,0.010796318458012414,0.0,-13.892278958541098,13.892275408960248,-3.549580849693257e-06,4.880650942295792e-10,0.8636319853105984,0.8470383304926787,5.398194367664612e-05,5.398194378447493e-05,-2.1407368607818944e-15,3.9656535387982105e-11,5.773159728050814e-15,1.0452749776845849e-13,7.057031080726084e-06,1.2639342422340383e-08
34.6,-0.26559080109756994,0.010796357914913223,0.0,-13.948980176501426,13.948976468665588,-3.7078358374742493e-06,4.900256440237889e-10,0.8636319762511321,0.8470383313234431,5.398194367664612e-05,5.398194376364661e-05,-2.2969060193330643e-14,4.25495241882655e-10,5.773159728050814e-15,1.0447198661722723e-13,7.0613289759879905e-06,1.2638306774690863e-08
34.7,-0.26667043889719594,0.010796398001656689,0.0,-14.005681380285548,14.00567771479098,-3.6654945674285955e-06,4.919869111628241e-10,0.8636319671553738,0.8470383321575353,5.398194367664612e-05,5.398194375922047e-05,-2.7395200366021888e-14,5.074882171081994e-10,5.773159728050814e-15,1.0436096431476471e-13,7.065693576280285e-06,1.2637252894530024e-08
34.800000000000004,-0.2677500806466269,0.010796436551836704,0.0,-14.062382569487603,14.06237914485288,-3.424634723359077e-06,4.939487273272387e-10,0.8636319580233119,0.8470383329949567,5.398194367664612e-05,5.398194376660728e-05,-2.0008388663343007e-14,3.7064965228587366e-10,5.773159728050814e-15,1.0436096431476471e-13,7.070136014142303e-06,1.2636237135505063e-08
34.9,-0.2688297260862916,0.010796471470466341,0.0,-14.119083742873656,14.119080745123533,-2.99775012280179e-06,4.959109267450572e-10,0.8636319488549352,0.8470383338357081,5.398194367664612e-05,5.398194375986668e-05,-2.6748988766166215e-14,4.955173328546152e-10,5.551115123125783e-15,1.0436096431476471e-13,7.074662397188458e-06,1.2635313638016757e-08
35.0,-0.26990937475611354,0.010796500860848714,0.0,-14.175784899452427,14.175782491344904,-2.4081075231663363e-06,4.978733580363181e-10,0.8636319396502344,0.8470383346797906,5.398194367664612e-05,5.3981943778842536e-05,-7.7731332655262e-15,1.4399506079754786e-10,5.773159728050814e-15,1.042499420123022e-13,7.079273448284962e-06,1.2634531325491782e-08
35.1,-0.27098902602068103,0.010796523131849768,0.0,-14.232486038721984,14.232484350050683,-1.6886713005703768e-06,4.998358944749225e-10,0.863631930409202,0.8470383355272048,5.398194367664612e-05,5.3981943774146673e-05,-1.2468995833677526e-14,2.309845659172836e-10,5.773159728050814e-15,1.042499420123022e-13,7.08396437137937e-06,1.2633931161153083e-08
35.2,-0.2720686791047427,0.01079653708965028,0.0,-14.289187160477653,14.289186280430343,-8.800473096925998e-07,5.017984431349127e-10,0.8636319211318298,0.8470383363779512,5.398194367664612e-05,5.398194376382378e-05,-2.2791888005819355e-14,4.2221317800431297e-10,5.773159728050814e-15,1.042499420123022e-13,7.088724956638703e-06,1.2633543853879588e-08
35.300000000000004,-0.2731483331370994,0.010796542019506698,0.0,-14.34588826520866,14.345888236634423,-2.857423808677595e-08,5.037609532880562e-10,0.8636319118181108,0.8470383372320308,5.398194367664612e-05,5.398194376273071e-05,-2.3884960307328507e-14,4.424620283887494e-10,5.551115123125783e-15,1.0430545316353346e-13,7.093539923064274e-06,1.2633388100270299e-08
35.4,-0.2742279872004304,0.01079653772054952,0.0,-14.402589353749935,14.40259017039132,8.166413856258714e-07,5.057234206609799e-10,0.8636319024680388,0.847038338089444,5.398194367664612e-05,5.398194377252867e-05,-1.4086998169522691e-14,2.609575943939576e-10,5.329070518200751e-15,1.042499420123022e-13,7.098389491255741e-06,1.2633469566767128e-08
35.5,-0.27530764038406874,0.010796524524829145,0.0,-14.459290426844095,14.45929203377898,1.6069348838243513e-06,5.076858901530778e-10,0.8636318930816049,0.8470383389501915,5.398194367664612e-05,5.39819437582724e-05,-2.834326740322468e-14,5.250508866262455e-10,5.329070518200751e-15,1.042499420123022e-13,7.103250163509323e-06,1.2633780591913251e-08
35.6,-0.27638729183651917,0.010796503278449908,0.0,-14.515991485098166,14.515993781982981,2.296884815677913e-06,5.096484551213014e-10,0.8636318836588016,0.8470383398142742,5.398194367664612e-05,5.39819437623126e-05,-2.4303069322620385e-14,4.502073777890959e-10,5.551115123125783e-15,1.0419443086107094e-13,7.108095681607196e-06,1.2634300711290689e-08
35.7,-0.2774669408144622,0.010796475286854101,0.0,-14.572692528741573,14.572695375870158,2.8471285844489103e-06,5.116112532177009e-10,0.8636318741996194,0.847038340681693,5.398194367664612e-05,5.398194376741166e-05,-1.9204012295312434e-14,3.557488111369946e-10,5.329070518200751e-15,1.0419443086107094e-13,7.112898121941491e-06,1.2634997930629828e-08
35.800000000000004,-0.27854658672512833,0.010796442240528946,0.0,-14.6293935576426,14.629396784214265,3.226571664072253e-06,5.135744602776079e-10,0.8636318647040468,0.8470383415524487,5.398194367664612e-05,5.3981943756474104e-05,-3.014156578409061e-14,5.583638475442508e-10,5.329070518200751e-15,1.0419443086107094e-13,7.117629082897814e-06,1.2635830688011088e-08
35.9,-0.2796262291593854,0.01079640610323308,0.0,-14.686094569864593,14.686097985433246,3.415568652798129e-06,5.155382802694593e-10,0.8636318551720701,0.8470383424265429,5.398194367664612e-05,5.3981943771760656e-05,-1.4855013107193532e-14,2.7518485049077574e-10,5.551115123125783e-15,1.0402789740737717e-13,7.122260909597777e-06,1.2636750418098646e-08
36.0,-0.28070586791334734,0.010796368993669236,0.0,-14.742795562927363,14.74279896872449,3.4057971269874088e-06,5.175029345427028e-10,0.8636318456036747,0.8470383433039765,5.398194367664612e-05,5.398194377458297e-05,-1.2032699326942203e-14,2.2290229846257043e-10,5.329070518200751e-15,1.0402789740737717e-13,7.126767905041298e-06,1.263770447571275e-08
36.1,-0.28178550299721994,0.01079633305304185,0.0,-14.799496533151288,14.799499734529025,3.2013777371275864e-06,5.194686493265144e-10,0.8636318359988423,0.8470383441847515,5.398194367664612e-05,5.3981943767353964e-05,-1.926170540341582e-14,3.5681755939141996e-10,5.551115123125783e-15,1.0391687510491465e-13,7.131127468917864e-06,1.2638639317818565e-08
36.2,-0.282865134630838,0.010796300310357096,0.0,-14.856197475667852,14.856200294297356,2.8186295040200093e-06,5.214356428128085e-10,0.8636318263575534,0.8470383450688697,5.398194367664612e-05,5.3981943761881264e-05,-2.4734405604416587e-14,4.5819775850170907e-10,5.551115123125783e-15,1.0391687510491465e-13,7.135321113793669e-06,1.2639503692890887e-08
36.300000000000004,-0.2839447632262783,0.010796272563138044,0.0,-14.912898385517053,14.912900669576157,2.284059103629943e-06,5.234041132905137e-10,0.8636318166797858,0.8470383459563329,5.398194367664612e-05,5.398194378090947e-05,-5.706196691372678e-15,1.0570565451914362e-10,5.773159728050814e-15,1.0391687510491465e-13,7.139335310490935e-06,1.264025162756849e-08
36.4,-0.2850243893588767,0.010796251263413742,0.0,-14.969599256614242,14.969600890486266,1.6338720243425087e-06,5.253742276118566e-10,0.8636318069655149,0.8470383468471435,5.398194367664612e-05,5.3981943772993455e-05,-1.3622214250705311e-14,2.523476058138505e-10,5.662137425588298e-15,1.0391687510491465e-13,7.143162121470148e-06,1.264084504002366e-08
36.5,-0.2861040137286279,0.010796237438515245,0.0,-15.026300083184406,15.026300993695177,9.105107707796378e-07,5.273461125582835e-10,0.8636317972147156,0.8470383477413039,5.398194367664612e-05,5.3981943781343275e-05,-5.272393849634072e-15,9.766958149215287e-11,5.440092820663267e-15,1.0391687510491465e-13,7.146799591795094e-06,1.2641255812459182e-08
36.6,-0.28718363711471584,0.01079623164009819,0.0,-15.083000860949056,15.08300102002929,1.590802334305863e-07,5.293198493369446e-10,0.8636317874273615,0.8470383486388164,5.398194367664612e-05,5.398194379464324e-05,8.027568410354236e-15,1.4870839876526706e-10,5.551115123125783e-15,1.0375034165122088e-13,7.150251877863223e-06,1.264146717267487e-08
36.7,-0.2882632603263419,0.010796233916205001,0.0,-15.139701585844339,15.139701011891528,-5.739528106118996e-07,5.312954694703882e-10,0.8636317776034246,0.8470383495396836,5.398194367664612e-05,5.3981943771614255e-05,-1.5001414281796965e-14,2.7789689019442373e-10,5.551115123125783e-15,1.0380585280245214e-13,7.15352910546363e-06,1.2641474339711657e-08
36.800000000000004,-0.28934288415310444,0.01079624383116405,0.0,-15.196402255826126,15.196401010654963,-1.2451711626226825e-06,5.332729560310799e-10,0.8636317677428779,0.8470383504439079,5.398194367664612e-05,5.398194379329406e-05,6.678394003176852e-15,1.2371533044240568e-10,5.773159728050814e-15,1.0391687510491465e-13,7.156646962491742e-06,1.2641284404825289e-08
36.9,-0.29042250931830865,0.010796260506108993,0.0,-15.25310287140745,15.253101054211204,-1.8171962459234692e-06,5.35252246497358e-10,0.8636317578456937,0.8470383513514919,5.398194367664612e-05,5.398194378479809e-05,-1.8175768507454337e-15,3.367008903450044e-11,5.773159728050814e-15,1.0380585280245214e-13,7.159626042363421e-06,1.2640915436376323e-08
37.0,-0.2915021364382314,0.01079628269096393,0.0,-15.30980343399797,15.309801174830795,-2.2591671751115427e-06,5.372332390613136e-10,0.8636317479118457,0.8470383522624381,5.398194367664612e-05,5.39819437827084e-05,-3.907268117993995e-15,7.238101946587157e-11,5.551115123125783e-15,1.0369483049998962e-13,7.16249096827104e-06,1.2640394958705484e-08
37.1,-0.2925817659897651,0.010796308866909542,0.0,-15.366503948848965,15.36650139746391,-2.551385055227229e-06,5.392158021880038e-10,0.8636317379413072,0.8470383531767488,5.398194367664612e-05,5.398194378090698e-05,-5.708690356369395e-15,1.0575184894686603e-10,5.551115123125783e-15,1.0369483049998962e-13,7.1652693350854335e-06,1.2639757867911426e-08
37.2,-0.2936613982884489,0.010796337345840479,0.0,-15.423204422524808,15.423201738586815,-2.683937992742358e-06,5.411997838930074e-10,0.8636317279340541,0.8470383540944263,5.398194367664612e-05,5.398194378538577e-05,-1.2298986156768221e-15,2.2783518549030723e-11,5.773159728050814e-15,1.035838081975271e-13,7.167990519474365e-06,1.263904399386908e-08
37.300000000000004,-0.29474103347780006,0.010796366393111914,0.0,-15.479904863130965,15.479902205641398,-2.65748956707057e-06,5.43185023957309e-10,0.8636317178900632,0.8470383550154726,5.398194367664612e-05,5.3981943767407856e-05,-1.920781377917971e-14,3.5581923253360407e-10,5.551115123125783e-15,1.035838081975271e-13,7.170684408475125e-06,1.2638295441312117e-08
37.4,-0.29582067153020764,0.010796394340902368,0.0,-15.53660528034176,15.536602797082281,-2.4832594789359064e-06,5.451713650076382e-10,0.8636317078093126,0.84703835593989,5.398194367664612e-05,5.3981943805377896e-05,1.8762227015078903e-14,3.4756486572995773e-10,5.551115123125783e-15,1.0369483049998962e-13,7.173380106306748e-06,1.2637553957625874e-08
37.5,-0.29690031225877317,0.010796419684888607,0.0,-15.593305683903882,15.59330350299848,-2.180905401161226e-06,5.471586627536053e-10,0.8636316976917812,0.84703835686768,5.398194367664612e-05,5.39819438088406e-05,2.2224931584772373e-14,4.1171047317094946e-10,5.551115123125783e-15,1.035838081975271e-13,7.176104675044037e-06,1.2636858430863621e-08
37.6,-0.29797995533863486,0.01079644118307974,0.0,-15.650006083606907,15.650004306233516,-1.7773733915760204e-06,5.4914679603586e-10,0.8636316875374498,0.8470383577988448,5.398194367664612e-05,5.398194378021802e-05,-6.3976466268753085e-15,1.1851456594521342e-10,5.551115123125783e-15,1.0369483049998962e-13,7.178881967440098e-06,1.2636242756524032e-08
37.7,-0.29905960033583007,0.010796457906430914,0.0,-15.706706488266203,15.706705183901274,-1.3043649289556924e-06,5.511356728961648e-10,0.8636316773463003,0.8470383587333858,5.398194367664612e-05,5.398194378125522e-05,-5.360451394830629e-15,9.930082222110012e-11,5.773159728050814e-15,1.035838081975271e-13,7.181731600691688e-06,1.2635734171895455e-08
37.800000000000004,-0.30013924674117637,0.010796469281044826,0.0,-15.76340690431826,15.76340610916506,-7.951531983962923e-07,5.531252351184433e-10,0.8636316671183148,0.8470383596713048,5.398194367664612e-05,5.398194376718581e-05,-1.9429858384104742e-14,3.599325450542769e-10,5.773159728050814e-15,1.0341727474383333e-13,7.184668117721227e-06,1.2635352092978871e-08
37.9,-0.30121889400646445,0.010796475100325307,0.0,-15.820107336298879,15.820107053138862,-2.831600163233361e-07,5.551154605829823e-10,0.8636316568534755,0.8470383606126032,5.398194367664612e-05,5.3981943776217886e-05,-1.0397783437206265e-14,1.9261595125873579e-10,5.773159728050814e-15,1.0347278589506459e-13,7.187700370558936e-06,1.2635107594088569e-08
38.0,-0.30229854158028985,0.010796475501965396,0.0,-15.87680778579264,15.876807986768764,2.0097612463132464e-07,5.571063613321019e-10,0.8636316465517647,0.8470383615572828,5.398194367664612e-05,5.398194378544256e-05,-1.1731067506293158e-15,2.1731465563320306e-11,5.995204332975845e-15,1.0336176359260207e-13,7.190831151360211e-06,1.263500344527434e-08
38.1,-0.30337818894096463,0.010796470934197775,0.0,-15.933508251431142,15.933508882561604,6.311304616701818e-07,5.590979809494424e-10,0.8636316362131647,0.8470383625053453,5.398194367664612e-05,5.398194377825361e-05,-8.36205833309317e-15,1.5490472849687878e-10,5.995204332975845e-15,1.0336176359260207e-13,7.194057084158878e-06,1.263503469549059e-08
38.2,-0.30445783562442796,0.010796462091032064,0.0,-15.990208728028573,15.990209716050732,9.880221583102866e-07,5.610903883294516e-10,0.8636316258376571,0.8470383634567922,5.398194367664612e-05,5.398194380345985e-05,1.6844178504261953e-14,3.1203356805458766e-10,5.88418203051333e-15,1.0336176359260207e-13,7.197368780464952e-06,1.263518971552505e-08
38.300000000000004,-0.3055374812455091,0.010796449842206084,0.0,-16.046909208287666,16.046910466912617,1.2586249518165005e-06,5.630836710325746e-10,0.8636316154252226,0.8470383644116253,5.398194367664612e-05,5.39819437960653e-05,9.449628308576957e-15,1.7505164987231903e-10,5.88418203051333e-15,1.0330625244137082e-13,7.200751248492843e-06,1.2635451560385214e-08
38.400000000000006,-0.30661712551167175,0.010796435157806048,0.0,-16.103609681958467,16.10361111968888,1.4377304111690137e-06,5.650779274893186e-10,0.8636316049758416,0.8470383653698464,5.398194367664612e-05,5.398194377311519e-05,-1.3500478675525923e-14,2.5009248925397846e-10,5.995204332975845e-15,1.0325074129013956e-13,7.204184537146219e-06,1.263579955292909e-08
38.5,-0.3076967682289098,0.01079641902624954,0.0,-16.16031013728181,16.16031166409564,1.5268138291446576e-06,5.670732588137221e-10,0.8636315944894931,0.8470383663314576,5.398194367664612e-05,5.39819437778839e-05,-8.731771273910727e-15,1.6175355452006937e-10,5.995204332975845e-15,1.031952301389083e-13,7.207644582452044e-06,1.2636210928210263e-08
38.6,-0.3087764093002036,0.01079640238807656,0.0,-16.217010561907326,16.217012094942596,1.5330352702846994e-06,5.690697616844106e-10,0.8636315839661551,0.8470383672964606,5.398194367664612e-05,5.398194379693162e-05,1.0315953278237922e-14,1.9110007107075834e-10,5.995204332975845e-15,1.031952301389083e-13,7.21110421986193e-06,1.2636662396251784e-08
38.7,-0.30985604871753,0.010796386074632274,0.0,-16.273710942630842,16.273712411713337,1.4690824947649617e-06,5.710675220192854e-10,0.8636315734058041,0.8470383682648579,5.398194367664612e-05,5.3981943782554444e-05,-4.061224826486937e-15,7.523302326438496e-11,5.773159728050814e-15,1.0308420783644578e-13,7.214534319732735e-06,1.2637131549256473e-08
38.800000000000004,-0.31093568654878745,0.01079637076592245,0.0,-16.330411267745344,16.330412617878732,1.3501333882004474e-06,5.730666098625072e-10,0.8636315628084182,0.8470383692366513,5.398194367664612e-05,5.398194376880973e-05,-1.7805940370155954e-14,3.2984993034009836e-10,5.662137425588298e-15,1.0308420783644578e-13,7.2179049921961e-06,1.2637597978614223e-08
38.900000000000006,-0.31201532292143014,0.010796356971496964,0.0,-16.387111527718805,16.387112720037326,1.1923185212481258e-06,5.750670774520591e-10,0.8636315521739724,0.8470383702118431,5.398194367664612e-05,5.398194377696775e-05,-9.647922109660978e-15,1.7872498557460324e-10,5.773159728050814e-15,1.0313971898767704e-13,7.221186818007208e-06,1.2638044075788203e-08
39.0,-0.31309495800466997,0.010796345018339685,0.0,-16.443811714640802,16.44381272698075,1.0123399469819105e-06,5.770689573642906e-10,0.8636315415024426,0.8470383711904357,5.398194367664612e-05,5.398194377348651e-05,-1.3129159760240372e-14,2.4321391301510795e-10,5.662137425588298e-15,1.0308420783644578e-13,7.22435204869587e-06,1.2638455471197695e-08
39.1,-0.3141745919919878,0.01079633506698713,0.0,-16.500511824090072,16.500512648775096,8.246850242699111e-07,5.790722638848502e-10,0.8636315307938042,0.847038372172431,5.398194367664612e-05,5.398194376817982e-05,-1.8435848279842876e-14,3.4151879341678e-10,5.662137425588298e-15,1.0297318553398327e-13,7.22737573161103e-06,1.2638821152351866e-08
39.2,-0.31525422508560474,0.010796327138060597,0.0,-16.557211855579393,16.557212495945464,6.403660712805959e-07,5.810769956368697e-10,0.8636315200480331,0.8470383731578315,5.398194367664612e-05,5.398194378606593e-05,-5.49737935295197e-16,1.0183737331073744e-11,5.551115123125783e-15,1.0297318553398327e-13,7.230236713007265e-06,1.2639133269225807e-08
39.300000000000004,-0.31633385748415854,0.010796321144537095,0.0,-16.613911811124158,16.613912278828792,4.6770463413281504e-07,5.83083138610234e-10,0.8636315092651043,0.8470383741466394,5.398194367664612e-05,5.39819437652299e-05,-2.1385772655795748e-14,3.9616529507234467e-10,5.773159728050814e-15,1.0286216323152075e-13,7.232918483257578e-06,1.2639386723224855e-08
39.400000000000006,-0.3174134893742847,0.010796316941534437,0.0,-16.670611696837653,16.670612007131602,3.1029394875758953e-07,5.850906715810786e-10,0.8636314984449944,0.8470383751388568,5.398194367664612e-05,5.398194378118316e-05,-5.4325101817194466e-15,1.0063569054827403e-10,5.551115123125783e-15,1.0286216323152075e-13,7.235409828387773e-06,1.2639578629655192e-08
39.5,-0.31849312092648363,0.010796314359373033,0.0,-16.727311521840466,16.727311689713062,1.6787259582429215e-07,5.870995693925704e-10,0.8636314875876792,0.8470383761344862,5.398194367664612e-05,5.398194378695425e-05,3.3858278594006697e-16,6.27214884667781e-12,5.773159728050814e-15,1.0286216323152075e-13,7.237705269391714e-06,1.2639707687395806e-08
39.6,-0.31957275229499854,0.010796313245290184,0.0,-16.784011296439452,16.784011334578544,3.813909188465914e-08,5.891098075768005e-10,0.863631476693135,0.8470383771335293,5.398194367664612e-05,5.3981943747517726e-05,-3.909794309055886e-14,7.242781642960774e-10,5.773159728050814e-15,1.0275114092905824e-13,7.239805268344224e-06,1.2639773636852077e-08
39.7,-0.32065238362098025,0.010796313496162158,0.0,-16.84071103374304,16.840710949045796,-8.469724477322416e-08,5.911213659018268e-10,0.8636314657613388,0.8470383781359885,5.398194367664612e-05,5.3981943751310414e-05,-3.530525481340585e-14,6.540197034670483e-10,5.773159728050814e-15,1.0275114092905824e-13,7.241716200034887e-06,1.2639776814429922e-08
39.800000000000004,-0.32173201503801685,0.010796315064736876,0.0,-16.897410746708303,16.897410540035352,-2.0667295075327274e-07,5.931342293686615e-10,0.8636314547922679,0.8470383791418659,5.398194367664612e-05,5.3981943728271965e-05,-5.834370394577557e-14,1.0808003555124136e-09,5.995204332975845e-15,1.0269562977782698e-13,7.243450088345593e-06,1.2639717857241582e-08
39.900000000000006,-0.3228116466786219,0.010796317975641402,0.0,-16.95411044785402,16.954110114411364,-3.334426565970716e-07,5.951483897840695e-10,0.8636314437858988,0.8470383801511635,5.398194367664612e-05,5.3981943752878455e-05,-3.3737213868921534e-14,6.24972195413193e-10,5.773159728050814e-15,1.0269562977782698e-13,7.245024121083077e-06,1.2639597656718918e-08
40.0,-0.3238912786803941,0.010796322304782098,0.0,-17.010810148532496,17.010809679305,-4.6922749419309184e-07,5.971638438842241e-10,0.8636314327422097,0.8470383811638835,5.398194367664612e-05,5.398194374690821e-05,-3.970746122313948e-14,7.355693126091267e-10,5.773159728050814e-15,1.0275114092905824e-13,7.246459961973706e-06,1.2639417473949833e-08
