case,tau,C_full,C_reduced,C_wrong,wrong_invariant_residual
coupled_mixed,0.0,1.734723475976807e-18,1.734723475976807e-18,1.734723475976807e-18,0.0
coupled_mixed,0.025,5.204170427930421e-18,0.0,7.054743578760458e-07,5.2648391627775105e-18
coupled_mixed,0.05,1.214306433183765e-17,6.938893903907228e-18,1.3802607295842345e-06,1.2197274440461925e-17
coupled_mixed,0.07500000000000001,1.734723475976807e-17,1.214306433183765e-17,2.025067276855211e-06,1.642015719899824e-17
coupled_mixed,0.1,1.734723475976807e-17,1.214306433183765e-17,2.640587335631453e-06,1.6881366638778206e-17
coupled_mixed,0.125,4.163336342344337e-17,3.9898639947466563e-17,3.2274997250336668e-06,5.475686839172787e-17
coupled_mixed,0.15000000000000002,9.540979117872439e-17,8.326672684688674e-17,3.786469050033603e-06,1.2360243579513652e-16
coupled_mixed,0.17500000000000002,1.3010426069826053e-16,1.0755285551056204e-16,4.318145998180242e-06,1.7850541737026576e-16
coupled_mixed,0.2,8.847089727481716e-17,6.938893903907228e-17,4.823167630391492e-06,1.367534693342068e-16
coupled_mixed,0.225,-4.5102810375396984e-17,-5.377642775528102e-17,5.302157666019561e-06,-3.323503175141698e-17
coupled_mixed,0.25,-2.1510571102112408e-16,-1.9081958235744878e-16,5.7557267621796e-06,-2.6196442069617923e-16
coupled_mixed,0.275,-2.8102520310824275e-16,-2.203098814490545e-16,6.184472787447437e-06,-3.744520901574448e-16
coupled_mixed,0.30000000000000004,-1.3704315460216776e-16,-7.112366251504909e-17,6.588981089961088e-06,-2.1148125703982293e-16
coupled_mixed,0.325,8.673617379884035e-18,8.673617379884035e-18,6.969824759922583e-06,1.4645199658026853e-18
coupled_mixed,0.35000000000000003,1.9081958235744878e-17,1.734723475976807e-17,7.327564887521856e-06,1.8719428134320037e-17
coupled_mixed,0.375,1.9081958235744878e-17,1.5612511283791264e-17,7.662750815760552e-06,2.461138931542095e-17
coupled_mixed,0.4,2.42861286636753e-17,2.2551405187698492e-17,7.975920387212967e-06,1.8714345936636512e-17
coupled_mixed,0.42500000000000004,5.898059818321144e-17,6.765421556309548e-17,8.26760018662713e-06,6.791848984263882e-17
coupled_mixed,0.45,1.3530843112619095e-16,1.43982048506075e-16,8.538305778292218e-06,1.7419571373463588e-16
coupled_mixed,0.47500000000000003,2.1684043449710089e-16,2.1510571102112408e-16,8.78854193876212e-06,2.961244124259979e-16
coupled_mixed,0.5,2.3418766925686896e-16,1.9949319973733282e-16,9.018802884853613e-06,3.368395921346176e-16
coupled_mixed,0.525,1.0928757898653885e-16,5.724587470723463e-17,9.229572497089153e-06,1.8791934154605006e-16
coupled_mixed,0.55,-1.491862189340054e-16,-1.9949319973733282e-16,9.421324538698775e-06,-1.3775296821196686e-16
coupled_mixed,0.5750000000000001,-4.388850394221322e-16,-4.49293380277993e-16,9.594522870045794e-06,-5.316893572551024e-16
coupled_mixed,0.6000000000000001,-5.551115123125783e-16,-5.0133508455729725e-16,9.749621658778143e-06,-7.303897341538051e-16
coupled_mixed,0.625,-3.5561831257524545e-16,-2.445960101127298e-16,9.887065585490254e-06,-5.086941068030426e-16
coupled_mixed,0.65,-1.214306433183765e-17,5.204170427930421e-18,1.0007290045056794e-05,-4.136908914390003e-17
coupled_mixed,0.675,5.204170427930421e-18,1.0408340855860843e-17,1.0110721344104914e-05,1.1131706992816015e-17
coupled_mixed,0.7000000000000001,1.3877787807814457e-17,1.3877787807814457e-17,1.0197776895828903e-05,1.5671803590099065e-17
coupled_mixed,0.7250000000000001,1.214306433183765e-17,1.3877787807814457e-17,1.0268865408358599e-05,1.3657559241528339e-17
coupled_mixed,0.75,2.42861286636753e-17,2.6020852139652106e-17,1.0324387070693997e-05,2.893125734641788e-17
coupled_mixed,0.775,5.724587470723463e-17,6.071532165918825e-17,1.0364733734575388e-05,8.180813611171484e-17
coupled_mixed,0.8,1.0755285551056204e-16,1.0581813203458523e-16,1.0390289092578747e-05,1.6214751709289071e-16
coupled_mixed,0.8250000000000001,1.3704315460216776e-16,1.231653667943533e-16,1.0401428852550854e-05,2.1246635635747968e-16
coupled_mixed,0.8500000000000001,9.367506770274758e-17,6.591949208711867e-17,1.0398520908493428e-05,1.700604988861404e-16
coupled_mixed,0.875,-3.122502256758253e-17,-6.418476861114186e-17,1.038192550789803e-05,-9.764595815947574e-18
coupled_mixed,0.9,-2.1510571102112408e-16,-2.2724877535296173e-16,1.0351995415663548e-05,-2.6980032249122876e-16
coupled_mixed,0.925,-3.452099717193846e-16,-3.174543961037557e-16,1.0309076074525164e-05,-4.711146430651583e-16
coupled_mixed,0.9500000000000001,-2.896988204881268e-16,-2.237793284010081e-16,1.0253505762128357e-05,-4.3460074677491994e-16
coupled_mixed,0.9750000000000001,-6.071532165918825e-17,-1.3877787807814457e-17,1.0185615744713258e-05,-1.248780674137015e-16
coupled_mixed,1.0,5.204170427930421e-18,1.734723475976807e-18,1.0105730427454468e-05,-1.4873898553785514e-18
coupled_mixed,1.0250000000000001,5.204170427930421e-18,6.938893903907228e-18,1.001416750275215e-05,5.625992835663063e-18
coupled_mixed,1.05,8.673617379884035e-18,5.204170427930421e-18,9.91123809420194e-06,6.615327318056086e-18
coupled_mixed,1.075,8.673617379884035e-18,8.673617379884035e-18,9.797246897808379e-06,5.620910637979537e-18
coupled_mixed,1.1,1.9081958235744878e-17,1.5612511283791264e-17,9.672492320438389e-06,2.5260216553017745e-17
coupled_mixed,1.125,4.163336342344337e-17,3.469446951953614e-17,9.53726661521645e-06,6.462183761192508e-17
coupled_mixed,1.1500000000000001,6.591949208711867e-17,5.0306980803327406e-17,9.391856014090427e-06,1.084896739502253e-16
coupled_mixed,1.175,5.898059818321144e-17,4.163336342344337e-17,9.2365408575594e-06,1.0722420672702737e-16
coupled_mixed,1.2000000000000002,6.938893903907228e-18,-1.214306433183765e-17,9.071595721697051e-06,3.066428675650018e-17
coupled_mixed,1.225,-9.194034422677078e-17,-9.8879238130678e-17,8.897289542437667e-06,-1.1344651075755746e-16
coupled_mixed,1.25,-1.9081958235744878e-16,-1.717376241217039e-16,8.713885737195864e-06,-2.7175019233580816e-16
coupled_mixed,1.2750000000000001,-2.0296264668928643e-16,-1.5959455978986625e-16,8.521642323898113e-06,-3.1200797425291055e-16
coupled_mixed,1.3,-8.673617379884035e-17,-4.683753385137379e-17,8.320812037330635e-06,-1.562335330551612e-16
coupled_mixed,1.3250000000000002,-1.734723475976807e-18,3.469446951953614e-18,8.111642442912986e-06,-4.682398132421772e-18
coupled_mixed,1.35,1.734723475976807e-18,3.469446951953614e-18,7.894376048428117e-06,-9.876404164985142e-19
coupled_mixed,1.375,1.734723475976807e-18,-1.734723475976807e-18,7.669250413256182e-06,-1.878719077010038e-18
coupled_mixed,1.4000000000000001,1.734723475976807e-18,0.0,7.4364982547460434e-06,-8.954832318372463e-18
coupled_mixed,1.425,0.0,-5.204170427930421e-18,7.196347552715018e-06,-6.725441601199145e-19
coupled_mixed,1.4500000000000002,5.204170427930421e-18,0.0,6.949021651504392e-06,1.1179140837862256e-17
coupled_mixed,1.475,1.5612511283791264e-17,6.938893903907228e-18,6.694739359882143e-06,3.674598331778606e-17
coupled_mixed,1.5,2.2551405187698492e-17,1.214306433183765e-17,6.433715048669714e-06,4.68002644016946e-17
coupled_mixed,1.5250000000000001,1.0408340855860843e-17,-5.204170427930421e-18,6.1661587463061884e-06,2.848571801616212e-17
coupled_mixed,1.55,-2.949029909160572e-17,-3.469446951953614e-17,5.892276232251012e-06,-3.581255300991182e-17
coupled_mixed,1.5750000000000002,-8.326672684688674e-17,-7.45931094670027e-17,5.612269128367486e-06,-1.2672629330461038e-16
coupled_mixed,1.6,-1.0928757898653885e-16,-9.194034422677078e-17,5.326334988254092e-06,-1.85397724462074e-16
coupled_mixed,1.625,-7.632783294297951e-17,-5.204170427930421e-17,5.034667384573935e-06,-1.3629014231205869e-16
coupled_mixed,1.6500000000000001,1.734723475976807e-18,0.0,4.737455994363246e-06,-1.9603730531253527e-17
coupled_mixed,1.675,1.734723475976807e-18,-1.734723475976807e-18,4.434886682511477e-06,-1.2219297297090537e-17
coupled_mixed,1.7000000000000002,-1.734723475976807e-18,-6.938893903907228e-18,4.127141583673208e-06,-1.0954677106839866e-17
coupled_mixed,1.725,3.469446951953614e-18,-3.469446951953614e-18,3.814399181796546e-06,-1.4706186030229162e-17
coupled_mixed,1.75,0.0,-6.938893903907228e-18,3.49683438819956e-06,-1.0460009865643355e-17
coupled_mixed,1.7750000000000001,-5.204170427930421e-18,-1.5612511283791264e-17,3.1746186177853547e-06,-1.10597091922994e-17
coupled_mixed,1.8,-1.214306433183765e-17,-1.9081958235744878e-17,2.8479198635900788e-06,-8.581290788633317e-18
coupled_mixed,1.8250000000000002,-5.204170427930421e-18,-1.9081958235744878e-17,2.5169027695892687e-06,-4.101333530605322e-18
coupled_mixed,1.85,-5.204170427930421e-18,-1.214306433183765e-17,2.1817287018770226e-06,2.603355763386092e-18
coupled_mixed,1.875,-8.673617379884035e-18,-1.3877787807814457e-17,1.8425558182006557e-06,-1.2412420809064517e-17
coupled_mixed,1.9000000000000001,-2.7755575615628914e-17,-2.2551405187698492e-17,1.4995391359583915e-06,-4.7547347461172895e-17
coupled_mixed,1.925,-4.683753385137379e-17,-3.2959746043559335e-17,1.1528305986028414e-06,-8.478143351481424e-17
coupled_mixed,1.9500000000000002,-4.336808689942018e-17,-2.7755575615628914e-17,8.025791405335408e-07,-8.126434095957757e-17
coupled_mixed,1.975,-1.214306433183765e-17,-5.204170427930421e-18,4.4893075045425446e-07,-2.8314829119053565e-17
coupled_mixed,2.0,1.734723475976807e-18,-6.938893903907228e-18,9.202853327137939e-08,-8.744397570538973e-18
coupled_mixed,2.025,-5.204170427930421e-18,-8.673617379884035e-18,-2.6798722928787766e-07,-1.533198455957248e-17
coupled_mixed,2.0500000000000003,-6.938893903907228e-18,-6.938893903907228e-18,-6.309790196099008e-07,-1.3461259356002155e-17
coupled_mixed,2.075,-5.204170427930421e-18,-8.673617379884035e-18,-9.96812026509905e-07,-1.492408525591033e-17
coupled_mixed,2.1,-1.0408340855860843e-17,-1.734723475976807e-17,-1.3653540888031168e-06,-2.163322147287483e-17
coupled_mixed,2.125,-1.9081958235744878e-17,-2.6020852139652106e-17,-1.7364756402255682e-06,-2.4447488440127244e-17
coupled_mixed,2.15,-2.0816681711721685e-17,-2.949029909160572e-17,-2.1100496556576698e-06,-2.8085071432110836e-17
coupled_mixed,2.1750000000000003,-1.734723475976807e-17,-2.2551405187698492e-17,-2.485951598574232e-06,-2.5540584458558918e-17
coupled_mixed,2.2,-1.3877787807814457e-17,-1.0408340855860843e-17,-2.864059369755631e-06,-2.0278815790215204e-17
coupled_mixed,2.225,-1.214306433183765e-17,-1.734723475976807e-18,-3.244253257180321e-06,-1.1794933790516132e-17
coupled_mixed,2.25,-8.673617379884035e-18,0.0,-3.62641588712298e-06,-2.5658322038227266e-17
coupled_mixed,2.275,-1.214306433183765e-17,-1.734723475976807e-18,-4.010432176336856e-06,-3.250573638383103e-17
coupled_mixed,2.3000000000000003,-8.673617379884035e-18,-6.938893903907228e-18,-4.39618928546083e-06,-2.4610542282473696e-17
coupled_mixed,2.325,1.734723475976807e-18,-1.734723475976807e-18,-4.783576573475987e-06,-6.422203806082105e-18
coupled_mixed,2.35,-5.204170427930421e-18,-8.673617379884035e-18,-5.172485553265466e-06,-1.86330307737001e-17
coupled_mixed,2.375,-1.734723475976807e-18,-8.673617379884035e-18,-5.56280984813709e-06,-1.348645858618297e-17
coupled_mixed,2.4000000000000004,-5.204170427930421e-18,-1.0408340855860843e-17,-5.954445149549889e-06,-1.8302687924270922e-17
coupled_mixed,2.4250000000000003,-8.673617379884035e-18,-1.5612511283791264e-17,-6.347289175683696e-06,-2.1687431581499106e-17
coupled_mixed,2.45,-1.734723475976807e-17,-2.42861286636753e-17,-6.74124163109642e-06,-3.0720190931018965e-17
coupled_mixed,2.475,-2.0816681711721685e-17,-2.949029909160572e-17,-7.1362041672920484e-06,-3.7840349885638613e-17
coupled_mixed,2.5,-2.42861286636753e-17,-2.7755575615628914e-17,-7.5320803442583545e-06,-3.332566427677319e-17
coupled_mixed,2.5250000000000004,-1.734723475976807e-17,-1.9081958235744878e-17,-7.928775592929219e-06,-2.4736750191614587e-17
coupled_mixed,2.5500000000000003,-1.734723475976807e-18,-1.734723475976807e-18,-8.326197178517777e-06,-7.121853020514157e-18
coupled_mixed,2.575,8.673617379884035e-18,8.673617379884035e-18,-8.724254164765508e-06,3.215337067777324e-18
coupled_mixed,2.6,5.204170427930421e-18,1.0408340855860843e-17,-9.122857379008364e-06,6.556035011748285e-18
coupled_mixed,2.625,5.204170427930421e-18,3.469446951953614e-18,-9.521919378115487e-06,-6.335806445462167e-19
coupled_mixed,2.6500000000000004,1.734723475976807e-18,-3.469446951953614e-18,-9.921354415222405e-06,-2.605473345754228e-18
coupled_mixed,2.6750000000000003,-1.734723475976807e-18,-3.469446951953614e-18,-1.032107840730559e-05,-1.0360907010814602e-17
coupled_mixed,2.7,-5.204170427930421e-18,-6.938893903907228e-18,-1.0721008903487317e-05,-1.1163894244811678e-17
coupled_mixed,2.725,-3.469446951953614e-18,-8.673617379884035e-18,-1.1121065054154125e-05,-1.927508174771886e-17
coupled_mixed,2.75,-1.734723475976807e-18,-1.214306433183765e-17,-1.1521167580762215e-05,-1.4026865606531214e-17
coupled_mixed,2.7750000000000004,-1.3877787807814457e-17,-1.5612511283791264e-17,-1.192123874644603e-05,-1.6385005331687186e-17
coupled_mixed,2.8000000000000003,-1.9081958235744878e-17,-2.2551405187698492e-17,-1.2321202327260014e-05,-2.568881522432842e-17
coupled_mixed,2.825,-2.0816681711721685e-17,-2.2551405187698492e-17,-1.2720983584157616e-05,-3.3688194378198033e-17
coupled_mixed,2.85,-1.5612511283791264e-17,-1.5612511283791264e-17,-1.3120509235639913e-05,-2.551940863487756e-17
coupled_mixed,2.875,-6.938893903907228e-18,-5.204170427930421e-18,-1.351970743108423e-05,-1.6822074332470405e-17
coupled_mixed,2.9000000000000004,1.734723475976807e-18,8.673617379884035e-18,-1.391850772467125e-05,-6.5052130349130266e-18
coupled_mixed,2.9250000000000003,1.214306433183765e-17,1.734723475976807e-17,-1.4316841049974785e-05,8.009543549236664e-18
coupled_mixed,2.95,8.673617379884035e-18,6.938893903907228e-18,-1.4714639695172574e-05,4.0657581468206416e-19
coupled_mixed,2.975,-1.734723475976807e-18,0.0,-1.511183727879832e-05,-8.263653433412954e-18
coupled_mixed,3.0,0.0,-3.469446951953614e-18,-1.5508368726149455e-05,-7.619908393499686e-18
coupled_mixed,3.0250000000000004,-5.204170427930421e-18,-6.938893903907228e-18,-1.5904170246246532e-05,-1.5598958756635195e-17
coupled_mixed,3.0500000000000003,-5.204170427930421e-18,-5.204170427930421e-18,-1.629917930930265e-05,-2.150108433310316e-17
coupled_mixed,3.075,-6.938893903907228e-18,-1.0408340855860843e-17,-1.669333462478266e-05,-1.6385005331687186e-17
coupled_mixed,3.1,-5.204170427930421e-18,-5.204170427930421e-18,-1.7086576119986277e-05,-1.7909664636744926e-17
coupled_mixed,3.125,-1.0408340855860843e-17,-1.214306433183765e-17,-1.7478844919108227e-05,-2.316126890972159e-17
coupled_mixed,3.1500000000000004,-1.214306433183765e-17,-1.3877787807814457e-17,-1.7870083322830965e-05,-2.0443987214929793e-17
coupled_mixed,3.1750000000000003,-1.214306433183765e-17,-1.214306433183765e-17,-1.826023478841872e-05,-2.613604862047869e-17
coupled_mixed,3.2,-1.214306433183765e-17,-5.204170427930421e-18,-1.8649243910238283e-05,-2.4638494369733088e-17
coupled_mixed,3.225,-5.204170427930421e-18,1.734723475976807e-18,-1.9037056400800223e-05,-1.917682592583736e-17
coupled_mixed,3.25,1.734723475976807e-18,5.204170427930421e-18,-1.942361907221815e-05,-1.6520530603247874e-17
coupled_mixed,3.2750000000000004,5.204170427930421e-18,8.673617379884035e-18,-1.980887981810689e-05,-8.809142651444724e-18
coupled_mixed,3.3000000000000003,0.0,1.734723475976807e-18,-2.019278759593686e-05,-1.066583887182615e-17
coupled_mixed,3.325,-1.734723475976807e-18,-1.734723475976807e-18,-2.057529240976491e-05,-1.3816801435612147e-17
coupled_mixed,3.35,-1.734723475976807e-18,-1.734723475976807e-18,-2.0956345293414447e-05,-2.1067403464108958e-17
coupled_mixed,3.375,-5.204170427930421e-18,-5.204170427930421e-18,-2.1335898294019828e-05,-1.8600843521704435e-17
coupled_mixed,3.4000000000000004,-8.673617379884035e-18,-6.938893903907228e-18,-2.17139044559906e-05,-2.2876665839444144e-17
coupled_mixed,3.4250000000000003,-5.204170427930421e-18,-1.734723475976807e-18,-2.2090317805301823e-05,-2.1738253558334364e-17
coupled_mixed,3.45,-5.204170427930421e-18,1.734723475976807e-18,-2.246509333419383e-05,-6.938893903907228e-18
coupled_mixed,3.475,-1.734723475976807e-18,1.734723475976807e-18,-2.2838186986227568e-05,-6.661067097207818e-18
coupled_mixed,3.5,-5.204170427930421e-18,-1.734723475976807e-18,-2.320955564163313e-05,-6.999880276109538e-18
coupled_mixed,3.5250000000000004,-8.673617379884035e-18,-3.469446951953614e-18,-2.3579157103065934e-05,-2.054563116860031e-17
coupled_mixed,3.5500000000000003,-1.214306433183765e-17,-1.0408340855860843e-17,-2.3946950081633542e-05,-3.5609265102570786e-17
coupled_mixed,3.575,-1.214306433183765e-17,-1.0408340855860843e-17,-2.4312894183276326e-05,-3.865180744910823e-17
coupled_mixed,3.6,-6.938893903907228e-18,-5.204170427930421e-18,-2.4676949895458683e-05,-3.878733272066892e-17
coupled_mixed,3.625,-1.734723475976807e-18,-1.734723475976807e-18,-2.503907857413258e-05,-2.9680034471790684e-17
coupled_mixed,3.6500000000000004,-1.734723475976807e-18,-1.734723475976807e-18,-2.5399242431023775e-05,-1.4474099002681484e-17
coupled_mixed,3.6750000000000003,-3.469446951953614e-18,1.734723475976807e-18,-2.575740452119904e-05,-2.00712927181379e-17
coupled_mixed,3.7,-5.204170427930421e-18,-5.204170427930421e-18,-2.6113528730869334e-05,-1.5287250632045613e-17
coupled_mixed,3.725,-8.673617379884035e-18,-5.204170427930421e-18,-2.6467579765548574e-05,-2.671880728818965e-17
coupled_mixed,3.75,-5.204170427930421e-18,1.734723475976807e-18,-2.6819523138368537e-05,-1.6459544231045564e-17
coupled_mixed,3.7750000000000004,1.734723475976807e-18,6.938893903907228e-18,-2.7169325158756322e-05,2.72405795836983e-18
coupled_mixed,3.8000000000000003,8.673617379884035e-18,1.214306433183765e-17,-2.7516952921283547e-05,1.8905775382715984e-17
coupled_mixed,3.825,5.204170427930421e-18,1.214306433183765e-17,-2.7862374294775755e-05,3.0926866970149014e-17
coupled_mixed,3.85,1.734723475976807e-18,5.204170427930421e-18,-2.820555791167509e-05,1.4934884925987824e-17
coupled_mixed,3.875,-1.214306433183765e-17,-8.673617379884035e-18,-2.8546473157592053e-05,-2.314771638256552e-17
coupled_mixed,3.9000000000000004,-2.2551405187698492e-17,-1.9081958235744878e-17,-2.888509016110534e-05,-5.603969979034451e-17
coupled_mixed,3.9250000000000003,-2.6020852139652106e-17,-2.0816681711721685e-17,-2.92213797837889e-05,-7.315654158845941e-17
coupled_mixed,3.95,-1.9081958235744878e-17,-1.214306433183765e-17,-2.955531361042117e-05,-5.998348519276053e-17
coupled_mixed,3.975,-8.673617379884035e-18,3.469446951953614e-18,-2.9886863939416336e-05,-2.303929616531697e-17
coupled_mixed,4.0,-5.204170427930421e-18,-1.734723475976807e-18,-3.0216003773448144e-05,-6.5187655620690954e-18
pure_electric,0.0,1.734723475976807e-18,1.734723475976807e-18,1.734723475976807e-18,0.0
pure_electric,0.025,0.0,3.469446951953614e-18,1.6143720209162854e-06,-1.918741383767804e-18
pure_electric,0.05,3.469446951953614e-18,1.734723475976807e-18,3.1621019420963875e-06,1.266314256145179e-18
pure_electric,0.07500000000000001,5.204170427930421e-18,5.204170427930421e-18,4.644494543569119e-06,-4.997494388800372e-20
pure_electric,0.1,5.204170427930421e-18,6.938893903907228e-18,6.0628349468332815e-06,1.0672615135404184e-18
pure_electric,0.125,1.214306433183765e-17,1.214306433183765e-17,7.418388897638406e-06,1.2883371127737908e-17
pure_electric,0.15000000000000002,2.949029909160572e-17,2.2551405187698492e-17,8.7124030440245e-06,3.749306637726435e-17
pure_electric,0.17500000000000002,3.9898639947466563e-17,2.949029909160572e-17,9.946105209707526e-06,5.5441694529582974e-17
pure_electric,0.2,3.122502256758253e-17,2.0816681711721685e-17,1.1120704662947664e-05,4.502318927835508e-17
pure_electric,0.225,-1.214306433183765e-17,-1.0408340855860843e-17,1.223739238094719e-05,-1.1753429176100672e-17
pure_electric,0.25,-7.112366251504909e-17,-5.724587470723463e-17,1.3297341309906341e-05,-9.819991770698006e-17
pure_electric,0.275,-1.0234868508263162e-16,-7.112366251504909e-17,1.4301706620789209e-05,-1.459912106569622e-16
pure_electric,0.30000000000000004,-5.724587470723463e-17,-2.7755575615628914e-17,1.5251625960825688e-05,-9.819144737750751e-17
pure_electric,0.325,3.469446951953614e-18,3.469446951953614e-18,1.6148219700883037e-05,-3.940397270627005e-18
pure_electric,0.35000000000000003,5.204170427930421e-18,3.469446951953614e-18,1.6992591178934327e-05,-1.1858461261560205e-18
pure_electric,0.375,8.673617379884035e-18,6.938893903907228e-18,1.778582693987528e-05,1.866860615748478e-18
pure_electric,0.4,8.673617379884035e-18,6.938893903907228e-18,1.8528996970867267e-05,-7.623296525288703e-19
pure_electric,0.42500000000000004,8.673617379884035e-18,1.214306433183765e-17,1.9223154933337497e-05,7.582638943820497e-18
pure_electric,0.45,3.122502256758253e-17,2.7755575615628914e-17,1.986933839113851e-05,3.657149453065167e-17
pure_electric,0.47500000000000003,5.377642775528102e-17,4.683753385137379e-17,2.0468569035097736e-05,7.178096008211843e-17
pure_electric,0.5,6.071532165918825e-17,5.0306980803327406e-17,2.1021852904047275e-05,8.880293419014085e-17
pure_electric,0.525,2.949029909160572e-17,2.2551405187698492e-17,2.1530180602366902e-05,5.598210154993122e-17
pure_electric,0.55,-4.336808689942018e-17,-4.683753385137379e-17,2.1994527514142617e-05,-3.850950591396951e-17
pure_electric,0.5750000000000001,-1.3877787807814457e-16,-1.231653667943533e-16,2.241585401397718e-05,-1.7101256391885422e-16
pure_electric,0.6000000000000001,-1.8908485888147197e-16,-1.491862189340054e-16,2.2795105674535895e-05,-2.6010348931106153e-16
pure_electric,0.625,-1.3704315460216776e-16,-8.500145032286355e-17,2.313321347082939e-05,-2.104233128887023e-16
pure_electric,0.65,-1.214306433183765e-17,3.469446951953614e-18,2.3431093981287135e-05,-3.672057232936843e-17
pure_electric,0.675,-1.734723475976807e-18,5.204170427930421e-18,2.368964958574145e-05,-7.599579602765583e-18
pure_electric,0.7000000000000001,0.0,1.734723475976807e-18,2.3909768661083478e-05,-7.816420037262684e-18
pure_electric,0.7250000000000001,1.734723475976807e-18,5.204170427930421e-18,2.4092325772983106e-05,-3.550762114890027e-18
pure_electric,0.75,1.734723475976807e-18,3.469446951953614e-18,2.4238181865161162e-05,-6.928729508540177e-18
pure_electric,0.775,1.734723475976807e-18,3.469446951953614e-18,2.4348184445853113e-05,-4.445228907190568e-18
pure_electric,0.8,8.673617379884035e-18,8.673617379884035e-18,2.4423167771401785e-05,1.4575742956352e-17
pure_electric,0.8250000000000001,2.2551405187698492e-17,1.3877787807814457e-17,2.4463953027119636e-05,2.702035101741218e-17
pure_electric,0.8500000000000001,1.734723475976807e-17,8.673617379884035e-18,2.4471348505550675e-05,3.352556405232521e-17
pure_electric,0.875,-1.214306433183765e-17,-1.214306433183765e-17,2.444614978200539e-05,-7.464054331204895e-18
pure_electric,0.9,-6.418476861114186e-17,-5.551115123125783e-17,2.438913988766188e-05,-8.146424073512959e-17
pure_electric,0.925,-1.1102230246251565e-16,-9.194034422677078e-17,2.4301089480033636e-05,-1.5261500830449082e-16
pure_electric,0.9500000000000001,-1.0234868508263162e-16,-7.112366251504909e-17,2.4182757010994885e-05,-1.6278279180333144e-16
pure_electric,0.9750000000000001,-3.122502256758253e-17,-1.214306433183765e-17,2.4034888892352987e-05,-6.507584727165339e-17
pure_electric,1.0,-1.734723475976807e-18,-1.734723475976807e-18,2.3858219658917657e-05,-1.2126123672892564e-17
pure_electric,1.0250000000000001,-5.204170427930421e-18,-1.734723475976807e-18,2.3653472129660236e-05,-1.8007920458626425e-17
pure_electric,1.05,0.0,-1.734723475976807e-18,2.342135756626569e-05,-1.3356015512305808e-17
pure_electric,1.075,-1.734723475976807e-18,-1.734723475976807e-18,2.316257582934446e-05,-1.685256751857156e-17
pure_electric,1.1,-5.204170427930421e-18,-1.0408340855860843e-17,2.287781553267365e-05,-2.181618058948176e-17
pure_electric,1.125,-1.214306433183765e-17,-1.9081958235744878e-17,2.256775419515883e-05,-2.7399821777782107e-17
pure_electric,1.1500000000000001,-1.214306433183765e-17,-1.5612511283791264e-17,2.2233058390710644e-05,-2.2256637722053996e-17
pure_electric,1.175,-5.204170427930421e-18,-8.673617379884035e-18,2.1874383896001645e-05,-1.4497815925204605e-17
pure_electric,1.2000000000000002,-6.938893903907228e-18,-8.673617379884035e-18,2.1492375836217742e-05,-1.2322635316655561e-17
pure_electric,1.225,-2.2551405187698492e-17,-1.734723475976807e-17,2.1087668828785253e-05,-2.7491301336085572e-17
pure_electric,1.25,-4.683753385137379e-17,-2.949029909160572e-17,2.0660887125139443e-05,-6.473364596096265e-17
pure_electric,1.2750000000000001,-5.551115123125783e-17,-3.469446951953614e-17,2.02126447505762e-05,-8.95618757108807e-17
pure_electric,1.3,-3.469446951953614e-17,-1.5612511283791264e-17,1.9743545642157342e-05,-5.86180680817866e-17
pure_electric,1.3250000000000002,0.0,-1.734723475976807e-18,1.9254183784704268e-05,-1.4304692413230624e-17
pure_electric,1.35,-5.204170427930421e-18,-6.938893903907228e-18,1.8745143345074225e-05,-1.9081958235744878e-17
pure_electric,1.375,-3.469446951953614e-18,-3.469446951953614e-18,1.8216998804686246e-05,-1.934623251528822e-17
pure_electric,1.4000000000000001,-5.204170427930421e-18,-8.673617379884035e-18,1.7670315090057356e-05,-2.277163375398461e-17
pure_electric,1.425,-1.3877787807814457e-17,-1.5612511283791264e-17,1.7105647701780996e-05,-2.5068787106938273e-17
pure_electric,1.4500000000000002,-2.2551405187698492e-17,-2.7755575615628914e-17,1.6523542841722152e-05,-4.475383280112821e-17
pure_electric,1.475,-2.949029909160572e-17,-3.642919299551295e-17,1.592453753861134e-05,-5.3068308211376425e-17
pure_electric,1.5,-2.949029909160572e-17,-3.122502256758253e-17,1.5309159771879563e-05,-5.1289539022142394e-17
pure_electric,1.5250000000000001,-1.734723475976807e-17,-1.5612511283791264e-17,1.4677928593959805e-05,-3.0225523689822453e-17
pure_electric,1.55,-1.214306433183765e-17,-1.734723475976807e-18,1.4031354250933561e-05,-1.4270811095340452e-17
pure_electric,1.5750000000000002,-1.214306433183765e-17,5.204170427930421e-18,1.3369938301685536e-05,-4.086086937554745e-18
pure_electric,1.6,-1.214306433183765e-17,-1.734723475976807e-18,1.2694173735448497e-05,-1.646293236283458e-17
pure_electric,1.625,-1.5612511283791264e-17,-5.204170427930421e-18,1.200454508790659e-05,-2.4777407773082794e-17
pure_electric,1.6500000000000001,-5.204170427930421e-18,1.734723475976807e-18,1.1301528555725249e-05,-1.817055078449925e-17
pure_electric,1.675,-5.204170427930421e-18,-6.938893903907228e-18,1.0585592109643022e-05,-1.9363173174233306e-17
pure_electric,1.7000000000000002,-5.204170427930421e-18,-3.469446951953614e-18,9.857195606158276e-06,-2.169420784507714e-17
pure_electric,1.725,-8.673617379884035e-18,-3.469446951953614e-18,9.116790897763932e-06,-1.9535967895473183e-17
pure_electric,1.75,-1.214306433183765e-17,-1.214306433183765e-17,8.364821941777081e-06,-2.4755384916454182e-17
pure_electric,1.7750000000000001,-2.42861286636753e-17,-2.7755575615628914e-17,7.601724907825916e-06,-4.5992194970014e-17
pure_electric,1.8,-3.642919299551295e-17,-4.336808689942018e-17,6.827928283983584e-06,-6.606856988583543e-17
pure_electric,1.8250000000000002,-4.336808689942018e-17,-4.336808689942018e-17,6.043852981533343e-06,-6.993442825710405e-17
pure_electric,1.85,-3.469446951953614e-17,-2.7755575615628914e-17,5.249912438436144e-06,-5.1857051096802775e-17
pure_electric,1.875,-1.0408340855860843e-17,1.734723475976807e-18,4.446512721507576e-06,-2.0903079072341624e-17
pure_electric,1.9000000000000001,1.0408340855860843e-17,2.2551405187698492e-17,3.6340526273371393e-06,1.4186107800615022e-17
pure_electric,1.925,1.5612511283791264e-17,2.949029909160572e-17,2.8129237819342345e-06,2.907440591450386e-17
pure_electric,1.9500000000000002,1.214306433183765e-17,1.5612511283791264e-17,1.983510739173716e-06,1.6554411921138046e-17
pure_electric,1.975,-1.734723475976807e-18,1.734723475976807e-18,1.146191078008063e-06,-8.35343892582191e-18
pure_electric,2.0,-5.204170427930421e-18,-3.469446951953614e-18,3.0133549847218e-07,-1.7883936010972077e-17
pure_electric,2.025,-6.938893903907228e-18,-1.0408340855860843e-17,-5.506920835434553e-07,-2.2894347652218077e-17
pure_electric,2.0500000000000003,-5.204170427930421e-18,-5.204170427930421e-18,-1.409534442593438e-06,-2.3480176814362833e-17
pure_electric,2.075,-1.214306433183765e-17,-1.214306433183765e-17,-2.2748409511715723e-06,-2.2127888714071342e-17
pure_electric,2.1,-1.9081958235744878e-17,-2.6020852139652106e-17,-3.1462674883429853e-06,-4.0296745432676084e-17
pure_electric,2.125,-3.642919299551295e-17,-4.336808689942018e-17,-4.0234763494430975e-06,-6.21527365706788e-17
pure_electric,2.15,-5.0306980803327406e-17,-5.0306980803327406e-17,-4.90613615694753e-06,-8.301431102860496e-17
pure_electric,2.1750000000000003,-4.336808689942018e-17,-3.8163916471489756e-17,-5.793921772375907e-06,-7.59110927329304e-17
pure_electric,2.2,-1.9081958235744878e-17,-1.214306433183765e-17,-6.68651420932323e-06,-4.54009659728305e-17
pure_electric,2.225,8.673617379884035e-18,1.9081958235744878e-17,-7.583600547490452e-06,8.526233647061787e-18
pure_electric,2.25,3.122502256758253e-17,3.9898639947466563e-17,-8.484873847811394e-06,4.1165801236558996e-17
pure_electric,2.275,3.2959746043559335e-17,3.642919299551295e-17,-9.39003306851989e-06,5.2959887994127874e-17
pure_electric,2.3000000000000003,1.214306433183765e-17,8.673617379884035e-18,-1.0298782982332347e-05,1.921409537551655e-17
pure_electric,2.325,-1.734723475976807e-18,-1.734723475976807e-18,-1.1210834094532371e-05,-2.3127387591831416e-17
pure_electric,2.35,-5.204170427930421e-18,-8.673617379884035e-18,-1.2125902562143062e-05,-2.3943927352984562e-17
pure_electric,2.375,-6.938893903907228e-18,-8.673617379884035e-18,-1.3043710114119325e-05,-3.372546382787722e-17
pure_electric,2.4000000000000004,-8.673617379884035e-18,-8.673617379884035e-18,-1.396398397230346e-05,-3.0344108302438055e-17
pure_electric,2.4250000000000003,-1.5612511283791264e-17,-1.9081958235744878e-17,-1.488645677353434e-05,-3.9387032047324966e-17
pure_electric,2.45,-2.949029909160572e-17,-3.2959746043559335e-17,-1.581086649257192e-05,-5.969210585890505e-17
pure_electric,2.475,-4.336808689942018e-17,-5.0306980803327406e-17,-1.673695636600532e-05,-7.337338202295651e-17
pure_electric,2.5,-4.683753385137379e-17,-4.336808689942018e-17,-1.7664474817094197e-05,-7.863176255951121e-17
pure_electric,2.5250000000000004,-2.949029909160572e-17,-2.2551405187698492e-17,-1.8593175381479213e-05,-5.773376568485311e-17
pure_electric,2.5500000000000003,1.734723475976807e-18,1.214306433183765e-17,-1.952281663383272e-05,-1.7618285302889447e-17
pure_electric,2.575,2.949029909160572e-17,3.9898639947466563e-17,-2.0453162115361204e-05,2.642742795433417e-17
pure_electric,2.6,3.9898639947466563e-17,4.336808689942018e-17,-2.1383980262190683e-05,5.336307567702092e-17
pure_electric,2.625,2.6020852139652106e-17,1.9081958235744878e-17,-2.231504433461949e-05,3.4050724479622874e-17
pure_electric,2.6500000000000004,1.734723475976807e-18,0.0,-2.324613234719504e-05,-1.9651164376299768e-17
pure_electric,2.6750000000000003,-5.204170427930421e-18,-8.673617379884035e-18,-2.4177026999654475e-05,-3.061515884555943e-17
pure_electric,2.7,-8.673617379884035e-18,-8.673617379884035e-18,-2.5107515608838518e-05,-3.5697356529085233e-17
pure_electric,2.725,-5.204170427930421e-18,-8.673617379884035e-18,-2.6037390041208988e-05,-3.764892043955914e-17
pure_electric,2.75,-8.673617379884035e-18,-1.3877787807814457e-17,-2.6966446646308276e-05,-3.854338723185968e-17
pure_electric,2.7750000000000004,-2.2551405187698492e-17,-2.6020852139652106e-17,-2.7894486191009857e-05,-5.114046122342564e-17
pure_electric,2.8000000000000003,-3.2959746043559335e-17,-3.8163916471489756e-17,-2.882131379454249e-05,-6.381207411434997e-17
pure_electric,2.825,-3.9898639947466563e-17,-3.8163916471489756e-17,-2.9746738864343605e-05,-7.054768011091617e-17
pure_electric,2.85,-3.122502256758253e-17,-2.949029909160572e-17,-3.067057503267426e-05,-6.433384640985862e-17
pure_electric,2.875,-8.673617379884035e-18,-3.469446951953614e-18,-3.159264009401121e-05,-3.582610553706789e-17
pure_electric,2.9000000000000004,1.9081958235744878e-17,2.42861286636753e-17,-3.251275594321791e-05,2.7172816947917955e-18
pure_electric,2.9250000000000003,3.9898639947466563e-17,3.9898639947466563e-17,-3.3430748514447564e-05,3.7283002206345284e-17
pure_electric,2.95,3.2959746043559335e-17,2.949029909160572e-17,-3.434644772081809e-05,2.8893987896738693e-17
pure_electric,2.975,1.0408340855860843e-17,1.734723475976807e-18,-3.52596873947706e-05,-6.938893903907228e-18
pure_electric,3.0,-5.204170427930421e-18,-5.204170427930421e-18,-3.6170305229218935e-05,-2.6698478497455547e-17
pure_electric,3.0250000000000004,-5.204170427930421e-18,-1.0408340855860843e-17,-3.707814271946587e-05,-3.174001859951314e-17
pure_electric,3.0500000000000003,-5.204170427930421e-18,-8.673617379884035e-18,-3.798304510576299e-05,-3.707971429900425e-17
pure_electric,3.075,-8.673617379884035e-18,-1.0408340855860843e-17,-3.8884861316583474e-05,-3.926167117113133e-17
pure_electric,3.1,-1.3877787807814457e-17,-1.9081958235744878e-17,-3.978344391263218e-05,-4.153849573335089e-17
pure_electric,3.125,-2.2551405187698492e-17,-2.2551405187698492e-17,-4.06786490315305e-05,-4.2812433286021356e-17
pure_electric,3.1500000000000004,-2.7755575615628914e-17,-2.949029909160572e-17,-4.15703363332038e-05,-5.079487178094588e-17
pure_electric,3.1750000000000003,-2.7755575615628914e-17,-2.7755575615628914e-17,-4.245836894592632e-05,-4.8287654257073154e-17
pure_electric,3.2,-1.3877787807814457e-17,-1.214306433183765e-17,-4.3342613413085984e-05,-4.5102810375396984e-17
pure_electric,3.225,8.673617379884035e-18,1.214306433183765e-17,-4.422293964056155e-05,-2.4990860075790877e-17
pure_electric,3.25,2.7755575615628914e-17,2.949029909160572e-17,-4.5099220844816226e-05,1.8973538018496328e-19
pure_electric,3.2750000000000004,3.2959746043559335e-17,2.7755575615628914e-17,-4.597133350160536e-05,1.1384122811097797e-17
pure_electric,3.3000000000000003,1.734723475976807e-17,8.673617379884035e-18,-4.683915729533465e-05,-4.363913744254155e-18
pure_electric,3.325,1.734723475976807e-18,-3.469446951953614e-18,-4.77025750690533e-05,-3.061515884555943e-17
pure_electric,3.35,-1.734723475976807e-18,-3.469446951953614e-18,-4.856147277510631e-05,-3.244475001162872e-17
pure_electric,3.375,-5.204170427930421e-18,-8.673617379884035e-18,-4.9415739426451194e-05,-3.573801411055344e-17
pure_electric,3.4000000000000004,-3.469446951953614e-18,-8.673617379884035e-18,-5.026526704849689e-05,-3.973600962159374e-17
pure_electric,3.4250000000000003,-5.204170427930421e-18,-8.673617379884035e-18,-5.110995063162087e-05,-3.117081245895825e-17
pure_electric,3.45,-1.0408340855860843e-17,-1.214306433183765e-17,-5.19496880843056e-05,-2.6576505753050927e-17
pure_electric,3.475,-1.214306433183765e-17,-1.5612511283791264e-17,-5.27843801868353e-05,-2.804017868590636e-17
pure_electric,3.5,-2.0816681711721685e-17,-1.5612511283791264e-17,-5.361393054561722e-05,-3.327145416814892e-17
pure_electric,3.5250000000000004,-1.5612511283791264e-17,-1.3877787807814457e-17,-5.443824554808921e-05,-3.644274552266902e-17
pure_electric,3.5500000000000003,-5.204170427930421e-18,-1.734723475976807e-18,-5.525723431821887e-05,-4.369334755116583e-17
pure_electric,3.575,8.673617379884035e-18,8.673617379884035e-18,-5.607080867255955e-05,-4.399150314859934e-17
pure_electric,3.6,1.5612511283791264e-17,1.734723475976807e-17,-5.687888307690479e-05,-3.438276139494656e-17
pure_electric,3.625,1.214306433183765e-17,8.673617379884035e-18,-5.768137460349966e-05,-2.587177434093535e-17
pure_electric,3.6500000000000004,0.0,-1.734723475976807e-18,-5.8478202888803676e-05,-3.1712913545201005e-17
pure_electric,3.6750000000000003,-3.469446951953614e-18,-1.734723475976807e-18,-5.926929009180022e-05,-3.369158250998705e-17
pure_electric,3.7,-6.938893903907228e-18,-5.204170427930421e-18,-6.0054560852907876e-05,-3.65376132127615e-17
pure_electric,3.725,-5.204170427930421e-18,-3.469446951953614e-18,-6.083394225338094e-05,-4.380176776841438e-17
pure_electric,3.75,-6.938893903907228e-18,-3.469446951953614e-18,-6.16073637752599e-05,-3.781155076543197e-17
pure_electric,3.7750000000000004,-1.734723475976807e-18,-3.469446951953614e-18,-6.23747572618804e-05,-1.8512752095189988e-17
pure_electric,3.8000000000000003,-1.734723475976807e-18,-1.734723475976807e-18,-6.313605687889058e-05,-2.5478751053409354e-18
pure_electric,3.825,-5.204170427930421e-18,-5.204170427930421e-18,-6.389119907577838e-05,4.960224939121183e-18
pure_electric,3.85,-6.938893903907228e-18,-8.673617379884035e-18,-6.464012254794003e-05,-1.5233040523421337e-17
pure_electric,3.875,-1.214306433183765e-17,-1.0408340855860843e-17,-6.538276819922223e-05,-4.03594258707729e-17
pure_electric,3.9000000000000004,-6.938893903907228e-18,-8.673617379884035e-18,-6.611907910502278e-05,-6.575686176124584e-17
pure_electric,3.9250000000000003,0.0,-1.734723475976807e-18,-6.684900047585103e-05,-7.819808169051701e-17
pure_electric,3.95,1.734723475976807e-18,-1.734723475976807e-18,-6.757247962140174e-05,-7.03376159399971e-17
pure_electric,3.975,0.0,-1.734723475976807e-18,-6.82894659151112e-05,-4.1687573532067645e-17
pure_electric,4.0,-1.734723475976807e-18,-1.734723475976807e-18,-6.899991075920951e-05,-2.6590058280206996e-17
pure_magnetic,0.0,1.734723475976807e-18,1.734723475976807e-18,1.734723475976807e-18,0.0
pure_magnetic,0.025,1.734723475976807e-18,1.734723475976807e-18,-1.6150881591153743e-06,-8.627030567785049e-19
pure_magnetic,0.05,5.204170427930421e-18,0.0,-3.164866968613164e-06,4.608282749537021e-18
pure_magnetic,0.07500000000000001,3.469446951953614e-18,-1.734723475976807e-18,-4.650497580563698e-06,3.06287113727155e-18
pure_magnetic,0.1,5.204170427930421e-18,3.469446951953614e-18,-6.0731288628324e-06,2.3928680759933985e-18
pure_magnetic,0.125,1.3877787807814457e-17,1.0408340855860843e-17,-7.433897467382794e-06,1.1895730711239394e-17
pure_magnetic,0.15000000000000002,3.642919299551295e-17,2.7755575615628914e-17,-8.733927897706939e-06,2.6773017396813925e-17
pure_magnetic,0.17500000000000002,5.204170427930421e-17,3.642919299551295e-17,-9.97433257541279e-06,4.493001565415711e-17
pure_magnetic,0.2,4.85722573273506e-17,2.949029909160572e-17,-1.1156211906100319e-05,3.5575383784680614e-17
pure_magnetic,0.225,-1.734723475976807e-18,-1.214306433183765e-17,-1.2280654344448347e-05,-5.858079863210741e-18
pure_magnetic,0.25,-7.45931094670027e-17,-6.071532165918825e-17,-1.334873645870635e-05,-6.500639056997853e-17
pure_magnetic,0.275,-1.1102230246251565e-16,-7.979727989493313e-17,-1.4361522994563516e-05,-9.918416999168955e-17
pure_magnetic,0.30000000000000004,-6.765421556309548e-17,-3.2959746043559335e-17,-1.5320066938495636e-05,-6.740010567891919e-17
pure_magnetic,0.325,3.469446951953614e-18,-1.734723475976807e-18,-1.6225409580633218e-05,1.497554250745603e-18
pure_magnetic,0.35000000000000003,5.204170427930421e-18,-1.734723475976807e-18,-1.7078580577114394e-05,-1.2400562347802957e-18
pure_magnetic,0.375,5.204170427930421e-18,1.734723475976807e-18,-1.788059801176127e-05,3.3440860757599777e-18
pure_magnetic,0.4,6.938893903907228e-18,1.734723475976807e-18,-1.8632468457867313e-05,5.397293939904402e-18
pure_magnetic,0.42500000000000004,1.214306433183765e-17,8.673617379884035e-18,-1.9335187039299512e-05,1.0106797126638312e-17
pure_magnetic,0.45,3.642919299551295e-17,1.9081958235744878e-17,-1.9989737491401052e-05,2.8321393624394786e-17
pure_magnetic,0.47500000000000003,6.938893903907228e-17,3.642919299551295e-17,-2.059709222164592e-05,5.049671618351237e-17
pure_magnetic,0.5,8.500145032286355e-17,5.0306980803327406e-17,-2.1158212370022897e-05,6.822003357186135e-17
pure_magnetic,0.525,6.418476861114186e-17,2.42861286636753e-17,-2.1674047869268617e-05,4.967001202699217e-17
pure_magnetic,0.55,-1.9081958235744878e-17,-3.2959746043559335e-17,-2.214553750488034e-05,-1.7391280473025295e-17
pure_magnetic,0.5750000000000001,-1.249000902703301e-16,-1.1622647289044608e-16,-2.2573608975029816e-05,-1.1362438767648086e-16
pure_magnetic,0.6000000000000001,-1.9255430583342559e-16,-1.5265566588595902e-16,-2.295917895038177e-05,-1.7729754838748113e-16
pure_magnetic,0.625,-1.457167719820518e-16,-9.020562075079397e-17,-2.3303153133888074e-05,-1.4199999140949993e-16
pure_magnetic,0.65,-1.214306433183765e-17,-3.469446951953614e-18,-2.360642632058367e-05,-2.1951705861042448e-17
pure_magnetic,0.675,1.734723475976807e-18,-5.204170427930421e-18,-2.3869882457373814e-05,-1.1350241493207625e-18
pure_magnetic,0.7000000000000001,-1.734723475976807e-18,-1.734723475976807e-18,-2.4094394702392843e-05,-5.5124904207309866e-18
pure_magnetic,0.7250000000000001,1.734723475976807e-18,-5.204170427930421e-18,-2.4280825485020405e-05,1.9142944607947188e-18
pure_magnetic,0.75,-1.734723475976807e-18,-8.673617379884035e-18,-2.4430026565725946e-05,-3.4558944247975454e-19
pure_magnetic,0.775,3.469446951953614e-18,-1.5612511283791264e-17,-2.4542839095897592e-05,1.0808140406964872e-18
pure_magnetic,0.8,1.3877787807814457e-17,-1.3877787807814457e-17,-2.4620093677891336e-05,1.3830353962768216e-17
pure_magnetic,0.8250000000000001,2.949029909160572e-17,-5.204170427930421e-18,-2.466261042518604e-05,2.004757579561478e-17
pure_magnetic,0.8500000000000001,3.122502256758253e-17,1.734723475976807e-18,-2.467119902262345e-05,2.466221129225621e-17
pure_magnetic,0.875,1.3877787807814457e-17,0.0,-2.4646658786887585e-05,9.449499559568975e-18
pure_magnetic,0.9,-3.642919299551295e-17,-2.6020852139652106e-17,-2.4589778727096903e-05,-3.7753952525018675e-17
pure_magnetic,0.925,-8.673617379884035e-17,-5.551115123125783e-17,-2.4501337605587273e-05,-9.200133059897309e-17
pure_magnetic,0.9500000000000001,-9.194034422677078e-17,-5.551115123125783e-17,-2.438210399893087e-05,-9.53521929383111e-17
pure_magnetic,0.9750000000000001,-2.6020852139652106e-17,-1.214306433183765e-17,-2.423283635923784e-05,-3.8130035153599584e-17
pure_magnetic,1.0,-1.734723475976807e-18,-8.673617379884035e-18,-2.405428307565398e-05,2.439454888092385e-18
pure_magnetic,1.0250000000000001,-5.204170427930421e-18,-1.214306433183765e-17,-2.3847182535948613e-05,-2.0972535774016476e-18
pure_magnetic,1.05,-6.938893903907228e-18,-8.673617379884035e-18,-2.361226318845118e-05,-3.1204693776848424e-18
pure_magnetic,1.075,-5.204170427930421e-18,-1.5612511283791264e-17,-2.3350243604372892e-05,6.844026213814747e-19
pure_magnetic,1.1,-1.214306433183765e-17,-2.7755575615628914e-17,-2.30618325402724e-05,-1.1753429176100672e-17
pure_magnetic,1.125,-1.5612511283791264e-17,-3.9898639947466563e-17,-2.2747729000769518e-05,-2.052191424607719e-17
pure_magnetic,1.1500000000000001,-1.214306433183765e-17,-3.9898639947466563e-17,-2.2408622301633638e-05,-1.7171051906739176e-17
pure_magnetic,1.175,-1.734723475976807e-18,-2.42861286636753e-17,-2.2045192133118494e-05,-6.159623592433272e-18
pure_magnetic,1.2000000000000002,8.673617379884035e-18,-1.734723475976807e-18,-2.1658108623577935e-05,7.724940478959219e-18
pure_magnetic,1.225,6.938893903907228e-18,1.5612511283791264e-17,-2.124803240340263e-05,3.2526065174565133e-19
pure_magnetic,1.25,-1.214306433183765e-17,1.214306433183765e-17,-2.0815614669196167e-05,-1.3457659465976324e-17
pure_magnetic,1.2750000000000001,-2.7755575615628914e-17,-1.734723475976807e-18,-2.036149724834145e-05,-3.4047336347833856e-17
pure_magnetic,1.3,-1.9081958235744878e-17,-8.673617379884035e-18,-1.98863126637909e-05,-2.6793346187548028e-17
pure_magnetic,1.3250000000000002,-1.734723475976807e-18,-8.673617379884035e-18,-1.9390684199262556e-05,-9.859463506040056e-19
pure_magnetic,1.35,-8.673617379884035e-18,-1.214306433183765e-17,-1.8875225964663442e-05,-4.526544070126981e-18
pure_magnetic,1.375,-1.0408340855860843e-17,-1.214306433183765e-17,-1.8340542961724562e-05,-7.640237184233789e-18
pure_magnetic,1.4000000000000001,-6.938893903907228e-18,-1.214306433183765e-17,-1.7787231150128563e-05,-2.2971533529536625e-18
pure_magnetic,1.425,-1.5612511283791264e-17,-2.949029909160572e-17,-1.7215877513850758e-05,-1.6544247525770994e-17
pure_magnetic,1.4500000000000002,-2.6020852139652106e-17,-5.0306980803327406e-17,-1.6627060127732615e-05,-3.4789337209628624e-17
pure_magnetic,1.475,-3.469446951953614e-17,-6.071532165918825e-17,-1.602134822444208e-05,-4.42591655599317e-17
pure_magnetic,1.5,-2.6020852139652106e-17,-5.0306980803327406e-17,-1.539930226169238e-05,-4.248378450248669e-17
pure_magnetic,1.5250000000000001,-1.0408340855860843e-17,-2.2551405187698492e-17,-1.4761473989727963e-05,-2.2344729148568443e-17
pure_magnetic,1.55,1.3877787807814457e-17,1.734723475976807e-17,-1.4108406519119238e-05,2.0769247866675444e-18
pure_magnetic,1.5750000000000002,2.42861286636753e-17,3.9898639947466563e-17,-1.3440634388794948e-05,1.906840570858881e-17
pure_magnetic,1.6,2.2551405187698492e-17,4.163336342344337e-17,-1.2758683634360793e-05,1.903113625890962e-17
pure_magnetic,1.625,6.938893903907228e-18,1.3877787807814457e-17,-1.2063071856671312e-05,7.816420037262684e-18
pure_magnetic,1.6500000000000001,-1.734723475976807e-18,-8.673617379884035e-18,-1.1354308290675852e-05,-3.3068166260807885e-18
pure_magnetic,1.675,-8.673617379884035e-18,-1.5612511283791264e-17,-1.0632893874507401e-05,-6.074920297707842e-18
pure_magnetic,1.7000000000000002,-1.0408340855860843e-17,-1.9081958235744878e-17,-9.899321318786528e-06,-1.2327717514339087e-17
pure_magnetic,1.725,-6.938893903907228e-18,-1.9081958235744878e-17,-9.154075176156032e-06,-8.034954537654293e-18
pure_magnetic,1.75,-1.5612511283791264e-17,-2.6020852139652106e-17,-8.397631911087958e-06,-1.3313663864943093e-17
pure_magnetic,1.7750000000000001,-2.6020852139652106e-17,-4.5102810375396984e-17,-7.630459969829376e-06,-3.258874561266195e-17
pure_magnetic,1.8,-3.8163916471489756e-17,-6.071532165918825e-17,-6.853019850585826e-06,-5.32411029326163e-17
pure_magnetic,1.8250000000000002,-3.9898639947466563e-17,-6.418476861114186e-17,-6.0657641739094575e-06,-6.306160292308266e-17
pure_magnetic,1.85,-2.949029909160572e-17,-3.9898639947466563e-17,-5.269137753257172e-06,-5.059497200539387e-17
pure_magnetic,1.875,5.204170427930421e-18,0.0,-4.4635776657222376e-06,-7.945169045245337e-18
pure_magnetic,1.9000000000000001,3.122502256758253e-17,4.336808689942018e-17,-3.6495133229463156e-06,3.8744981073306206e-17
pure_magnetic,1.925,4.683753385137379e-17,5.898059818321144e-17,-2.8273665421355704e-06,6.892984718166045e-17
pure_magnetic,1.9500000000000002,3.2959746043559335e-17,3.642919299551295e-17,-1.99755161725719e-06,5.002280124952359e-17
pure_magnetic,1.975,5.204170427930421e-18,-8.673617379884035e-18,-1.1604753903035614e-06,1.5282803709072527e-17
pure_magnetic,2.0,-1.734723475976807e-18,-1.5612511283791264e-17,-3.1653732277328595e-07,-3.236301133221868e-18
pure_magnetic,2.025,-6.938893903907228e-18,-2.0816681711721685e-17,5.338704327940286e-07,-1.0224428827188253e-17
pure_magnetic,2.0500000000000003,-8.673617379884035e-18,-1.9081958235744878e-17,1.3903629612118523e-06,-7.70545872117237e-18
pure_magnetic,2.075,-1.214306433183765e-17,-2.0816681711721685e-17,2.2525625129245913e-06,-8.624912985416913e-18
pure_magnetic,2.1,-1.734723475976807e-17,-3.642919299551295e-17,3.120098432242077e-06,-2.57337079705329e-17
pure_magnetic,2.125,-3.2959746043559335e-17,-5.204170427930421e-17,3.992607085516811e-06,-5.528160530255191e-17
pure_magnetic,2.15,-3.9898639947466563e-17,-5.898059818321144e-17,4.8697317892726355e-06,-6.902132673996392e-17
pure_magnetic,2.1750000000000003,-3.2959746043559335e-17,-4.683753385137379e-17,5.751122738267486e-06,-6.136753702857406e-17
pure_magnetic,2.2,-1.0408340855860843e-17,-1.5612511283791264e-17,6.636436933580431e-06,-3.0623629175031974e-17
pure_magnetic,2.225,1.9081958235744878e-17,2.7755575615628914e-17,7.525338110684829e-06,2.7936840666341334e-17
pure_magnetic,2.25,5.0306980803327406e-17,5.724587470723463e-17,8.417496667493737e-06,7.597885536871074e-17
pure_magnetic,2.275,5.0306980803327406e-17,4.683753385137379e-17,9.312589592485113e-06,8.385287364638672e-17
pure_magnetic,2.3000000000000003,1.9081958235744878e-17,8.673617379884035e-18,1.0210300392828747e-05,3.9180356008194916e-17
pure_magnetic,2.325,-1.734723475976807e-18,-1.0408340855860843e-17,1.1110319022582596e-05,1.4941661189565858e-18
pure_magnetic,2.35,-5.204170427930421e-18,-1.9081958235744878e-17,1.2012341810857877e-05,-8.924339132271308e-18
pure_magnetic,2.375,-6.938893903907228e-18,-1.9081958235744878e-17,1.2916071390133357e-05,-8.429671891074797e-18
pure_magnetic,2.4000000000000004,-8.673617379884035e-18,-2.0816681711721685e-17,1.3821216624644236e-05,-5.8987374446789476e-18
pure_magnetic,2.4250000000000003,-1.214306433183765e-17,-2.42861286636753e-17,1.4727492538852555e-05,-2.159595202319564e-17
pure_magnetic,2.45,-2.2551405187698492e-17,-3.2959746043559335e-17,1.5634620246056385e-05,-4.3490059643824797e-17
pure_magnetic,2.475,-2.7755575615628914e-17,-4.336808689942018e-17,1.6542326877073618e-05,-6.049170496111311e-17
pure_magnetic,2.5,-2.7755575615628914e-17,-4.336808689942018e-17,1.7450345509076662e-05,-6.852157730108388e-17
pure_magnetic,2.5250000000000004,-1.734723475976807e-17,-2.6020852139652106e-17,1.835841509459195e-05,-4.5258664437691776e-17
pure_magnetic,2.5500000000000003,6.938893903907228e-18,5.204170427930421e-18,1.9266280390617396e-05,8.34158046456035e-18
pure_magnetic,2.575,2.949029909160572e-17,3.2959746043559335e-17,2.017369188793243e-05,6.395437564948869e-17
pure_magnetic,2.6,4.336808689942018e-17,3.9898639947466563e-17,2.1080405740605754e-05,9.057831524758586e-17
pure_magnetic,2.625,2.949029909160572e-17,1.3877787807814457e-17,2.1986183695687014e-05,6.545870616381233e-17
pure_magnetic,2.6500000000000004,-1.734723475976807e-18,-1.3877787807814457e-17,2.2890793023115294e-05,8.74138001566438e-18
pure_magnetic,2.6750000000000003,-5.204170427930421e-18,-1.5612511283791264e-17,2.3794006445832308e-05,-6.979551485375435e-18
pure_magnetic,2.7,-5.204170427930421e-18,-1.9081958235744878e-17,2.469560207005346e-05,-1.3572855946802909e-17
pure_magnetic,2.725,-8.673617379884035e-18,-1.9081958235744878e-17,2.5595363315910127e-05,-1.106563842293018e-17
pure_magnetic,2.75,-1.214306433183765e-17,-2.2551405187698492e-17,2.649307884825848e-05,-1.406752318799942e-17
pure_magnetic,2.7750000000000004,-8.673617379884035e-18,-2.2551405187698492e-17,2.7388542507790145e-05,-2.3974420539085717e-17
pure_magnetic,2.8000000000000003,-1.3877787807814457e-17,-2.7755575615628914e-17,2.8281553242392662e-05,-4.216868824610809e-17
pure_magnetic,2.825,-1.5612511283791264e-17,-3.122502256758253e-17,2.917191503881353e-05,-5.13098678128765e-17
pure_magnetic,2.85,-1.3877787807814457e-17,-2.6020852139652106e-17,3.005943685459138e-05,-4.6580035835408484e-17
pure_magnetic,2.875,-6.938893903907228e-18,-1.3877787807814457e-17,3.094393255032371e-05,-1.214306433183765e-17
pure_magnetic,2.9000000000000004,5.204170427930421e-18,1.734723475976807e-18,3.1825220822213895e-05,3.789286592836838e-17
pure_magnetic,2.9250000000000003,1.734723475976807e-17,1.214306433183765e-17,3.2703125134975544e-05,7.693092040142457e-17
pure_magnetic,2.95,1.9081958235744878e-17,1.0408340855860843e-17,3.3577473655063e-05,6.914499355026305e-17
pure_magnetic,2.975,3.469446951953614e-18,-1.214306433183765e-17,3.4448099184273065e-05,2.542454094478508e-17
pure_magnetic,3.0,-5.204170427930421e-18,-1.734723475976807e-17,3.531483909366591e-05,-8.944667923005412e-19
pure_magnetic,3.0250000000000004,-5.204170427930421e-18,-1.734723475976807e-17,3.617753525782079e-05,-6.952446431063297e-18
pure_magnetic,3.0500000000000003,-8.673617379884035e-18,-2.0816681711721685e-17,3.70360339895133e-05,-7.684282897491013e-18
pure_magnetic,3.075,-1.0408340855860843e-17,-1.734723475976807e-17,3.7890185974769064e-05,-1.2522535092207576e-17
pure_magnetic,3.1,-5.204170427930421e-18,-1.3877787807814457e-17,3.873984620830426e-05,-1.5680273919571608e-17
pure_magnetic,3.125,1.734723475976807e-18,-1.214306433183765e-17,3.958487392934258e-05,-2.2388774861825667e-17
pure_magnetic,3.1500000000000004,5.204170427930421e-18,-1.0408340855860843e-17,4.0425132557864174e-05,-2.6806898714704097e-17
pure_magnetic,3.1750000000000003,0.0,-1.3877787807814457e-17,4.126048963124483e-05,-3.438276139494656e-17
pure_magnetic,3.2,-5.204170427930421e-18,-1.9081958235744878e-17,4.209081674135147e-05,-1.7889335846010823e-17
pure_magnetic,3.225,-8.673617379884035e-18,-1.3877787807814457e-17,4.2915989472003604e-05,8.416119363918728e-18
pure_magnetic,3.25,-8.673617379884035e-18,-1.3877787807814457e-17,4.373588733693791e-05,4.4194791055940374e-17
pure_magnetic,3.2750000000000004,-3.469446951953614e-18,-8.673617379884035e-18,4.4550393718157874e-05,5.074066167232161e-17
pure_magnetic,3.3000000000000003,-5.204170427930421e-18,-1.0408340855860843e-17,4.535939580479868e-05,2.949029909160572e-17
pure_magnetic,3.325,-5.204170427930421e-18,-1.214306433183765e-17,4.616278453239281e-05,-1.4094628242311558e-18
pure_magnetic,3.35,-1.734723475976807e-18,-1.734723475976807e-17,4.6960454522621334e-05,1.0299920638612292e-18
pure_magnetic,3.375,-8.673617379884035e-18,-1.9081958235744878e-17,4.77523040234764e-05,-5.6107462426124854e-18
pure_magnetic,3.4000000000000004,-1.0408340855860843e-17,-1.5612511283791264e-17,4.853823485000304e-05,-1.3823577699190182e-17
pure_magnetic,3.4250000000000003,-1.734723475976807e-18,-8.673617379884035e-18,4.9318152325441775e-05,-1.0408340855860843e-17
pure_magnetic,3.45,8.673617379884035e-18,3.469446951953614e-18,5.0091965222856874e-05,-1.0069527676959122e-17
pure_magnetic,3.475,1.734723475976807e-17,8.673617379884035e-18,5.085958570729722e-05,-2.087089182034596e-18
pure_magnetic,3.5,1.5612511283791264e-17,5.204170427930421e-18,5.1620929278394304e-05,-1.1600963245594897e-17
pure_magnetic,3.5250000000000004,5.204170427930421e-18,-1.0408340855860843e-17,5.237591471352922e-05,-1.7672495411513722e-17
pure_magnetic,3.5500000000000003,-1.214306433183765e-17,-2.949029909160572e-17,5.312446401142985e-05,-1.7320129705455933e-17
pure_magnetic,3.575,-2.6020852139652106e-17,-4.163336342344337e-17,5.386650233631628e-05,-4.7704895589362195e-18
pure_magnetic,3.6,-2.7755575615628914e-17,-3.9898639947466563e-17,5.4601957962535294e-05,7.49454751730605e-18
pure_magnetic,3.625,-1.734723475976807e-17,-2.7755575615628914e-17,5.533076221972584e-05,4.187730891225261e-18
pure_magnetic,3.6500000000000004,-5.204170427930421e-18,-1.9081958235744878e-17,5.605284943850479e-05,-8.199278929421627e-18
pure_magnetic,3.6750000000000003,-3.469446951953614e-18,-1.734723475976807e-17,5.676815689666104e-05,-4.553649124439119e-18
pure_magnetic,3.7,-5.204170427930421e-18,-1.9081958235744878e-17,5.747662476585265e-05,-1.0869126779167182e-17
pure_magnetic,3.725,-8.673617379884035e-18,-1.9081958235744878e-17,5.817819605888515e-05,-1.9705374484924043e-17
pure_magnetic,3.75,-1.734723475976807e-18,-1.0408340855860843e-17,5.887281657747899e-05,-9.134403303190375e-18
pure_magnetic,3.7750000000000004,1.214306433183765e-17,3.469446951953614e-18,5.956043486055225e-05,8.05020113070487e-18
pure_magnetic,3.8000000000000003,2.7755575615628914e-17,1.9081958235744878e-17,6.0241002133075774e-05,1.8919327909872052e-17
pure_magnetic,3.825,3.469446951953614e-17,1.9081958235744878e-17,6.091447225545395e-05,2.4015078120553923e-17
pure_magnetic,3.85,2.0816681711721685e-17,5.204170427930421e-18,6.158080167342588e-05,1.5802246663976227e-17
pure_magnetic,3.875,-5.204170427930421e-18,-2.949029909160572e-17,6.223994936851822e-05,-1.4474099002681484e-17
pure_magnetic,3.9000000000000004,-3.642919299551295e-17,-5.724587470723463e-17,6.289187680905313e-05,-3.480288973678469e-17
pure_magnetic,3.9250000000000003,-5.377642775528102e-17,-6.765421556309548e-17,6.353654790164538e-05,-4.187730891225261e-17
pure_magnetic,3.95,-3.9898639947466563e-17,-5.0306980803327406e-17,6.417392894328584e-05,-3.233632979438017e-17
pure_magnetic,3.975,-1.214306433183765e-17,-2.0816681711721685e-17,6.480398857394883e-05,-1.2332799712022613e-17
pure_magnetic,4.0,-3.469446951953614e-18,-1.5612511283791264e-17,6.542669772974415e-05,-1.8973538018496328e-18
c0,0.0,-1.734723475976807e-18,-1.734723475976807e-18,-1.734723475976807e-18,0.0
c0,0.025,-6.938893903907228e-18,-6.938893903907228e-18,-6.938893903907228e-18,-5.2211306562888626e-18
c0,0.05,-1.734723475976807e-18,-3.469446951953614e-18,-5.204170427930421e-18,-3.5189526074239215e-18
c0,0.07500000000000001,-1.734723475976807e-18,-5.204170427930421e-18,-5.204170427930421e-18,-3.5576968603087904e-18
c0,0.1,1.734723475976807e-18,1.734723475976807e-18,1.734723475976807e-18,3.49896776590942e-18
c0,0.125,1.9081958235744878e-17,1.214306433183765e-17,1.5612511283791264e-17,1.7758954280538188e-17
c0,0.15000000000000002,4.683753385137379e-17,3.642919299551295e-17,4.683753385137379e-17,5.008354706606659e-17
c0,0.17500000000000002,7.112366251504909e-17,5.377642775528102e-17,6.938893903907228e-17,7.373532149180199e-17
c0,0.2,5.377642775528102e-17,3.2959746043559335e-17,5.898059818321144e-17,6.321360265662918e-17
c0,0.225,-1.5612511283791264e-17,-2.7755575615628914e-17,-1.214306433183765e-17,-1.1170157346924745e-17
c0,0.25,-1.1622647289044608e-16,-1.0581813203458523e-16,-1.1622647289044608e-16,-1.2113692612923747e-16
c0,0.275,-1.5959455978986625e-16,-1.249000902703301e-16,-1.717376241217039e-16,-1.80711340596653e-16
c0,0.30000000000000004,-8.847089727481716e-17,-5.0306980803327406e-17,-1.0755285551056204e-16,-1.1317404435671535e-16
c0,0.325,-3.469446951953614e-18,-1.734723475976807e-18,-5.204170427930421e-18,-3.961815799922125e-18
c0,0.35000000000000003,1.734723475976807e-18,1.734723475976807e-18,-1.734723475976807e-18,-2.423358501582958e-19
c0,0.375,1.734723475976807e-18,5.204170427930421e-18,3.469446951953614e-18,5.390040616303115e-18
c0,0.4,5.204170427930421e-18,5.204170427930421e-18,1.734723475976807e-18,3.517574347645842e-18
c0,0.42500000000000004,1.734723475976807e-17,2.2551405187698492e-17,1.214306433183765e-17,1.4967178410974773e-17
c0,0.45,6.418476861114186e-17,5.724587470723463e-17,5.377642775528102e-17,6.101889142389483e-17
c0,0.47500000000000003,1.0755285551056204e-16,8.847089727481716e-17,1.0234868508263162e-16,1.1534165737695019e-16
c0,0.5,1.231653667943533e-16,9.540979117872439e-17,1.231653667943533e-16,1.394102472878738e-16
c0,0.525,7.112366251504909e-17,3.469446951953614e-17,7.45931094670027e-17,8.606585593091315e-17
c0,0.55,-6.591949208711867e-17,-9.194034422677078e-17,-5.204170427930421e-17,-5.577712493577632e-17
c0,0.5750000000000001,-2.203098814490545e-16,-2.185751579730777e-16,-2.0643209364124004e-16,-2.306801759102996e-16
c0,0.6000000000000001,-3.0010716134398763e-16,-2.5673907444456745e-16,-3.0184188481996443e-16,-3.405275417394675e-16
c0,0.625,-2.0990154059319366e-16,-1.43982048506075e-16,-2.3071822230491534e-16,-2.612113930070695e-16
c0,0.65,-2.0816681711721685e-17,-6.938893903907228e-18,-3.2959746043559335e-17,-3.542250689406782e-17
c0,0.675,-5.204170427930421e-18,-5.204170427930421e-18,-5.204170427930421e-18,-3.562206386919377e-18
c0,0.7000000000000001,-3.469446951953614e-18,-1.734723475976807e-18,-3.469446951953614e-18,-1.583702198342873e-18
c0,0.7250000000000001,-1.734723475976807e-18,0.0,-1.734723475976807e-18,4.182680261049174e-19
c0,0.75,0.0,-1.734723475976807e-18,-1.734723475976807e-18,4.1484474278683385e-19
c0,0.775,1.5612511283791264e-17,8.673617379884035e-18,1.3877787807814457e-17,1.8874041704804463e-17
c0,0.8,4.163336342344337e-17,2.949029909160572e-17,3.642919299551295e-17,4.5802640892503786e-17
c0,0.8250000000000001,6.071532165918825e-17,3.642919299551295e-17,5.898059818321144e-17,7.305480786441568e-17
c0,0.8500000000000001,5.0306980803327406e-17,2.2551405187698492e-17,5.377642775528102e-17,6.731778149502714e-17
c0,0.875,-8.673617379884035e-18,-2.949029909160572e-17,-1.734723475976807e-18,8.344392427316498e-19
c0,0.9,-1.0061396160665481e-16,-1.0234868508263162e-16,-9.367506770274758e-17,-1.1056957717916467e-16
c0,0.925,-1.7867651802561113e-16,-1.5092094240998222e-16,-1.7694179454963432e-16,-2.1265695770610973e-16
c0,0.9500000000000001,-1.6479873021779667e-16,-1.196959198423997e-16,-1.682681771697503e-16,-2.032415689623947e-16
c0,0.9750000000000001,-5.204170427930421e-17,-2.0816681711721685e-17,-6.245004513516506e-17,-7.409309194605286e-17
c0,1.0,-6.938893903907228e-18,-6.938893903907228e-18,-5.204170427930421e-18,-3.646660793612073e-18
c0,1.0250000000000001,-1.0408340855860843e-17,-1.214306433183765e-17,-5.204170427930421e-18,-3.685407308499789e-18
c0,1.05,-6.938893903907228e-18,-8.673617379884035e-18,-6.938893903907228e-18,-5.892514540304652e-18
c0,1.075,-6.938893903907228e-18,-6.938893903907228e-18,-8.673617379884035e-18,-8.131970802753689e-18
c0,1.1,-5.204170427930421e-18,-1.214306433183765e-17,-6.938893903907228e-18,-6.04379383412927e-18
c0,1.125,-1.734723475976807e-18,-8.673617379884035e-18,1.734723475976807e-18,4.8252209931097985e-18
c0,1.1500000000000001,1.0408340855860843e-17,-5.204170427930421e-18,1.214306433183765e-17,1.7951596667180702e-17
c0,1.175,1.9081958235744878e-17,0.0,1.5612511283791264e-17,2.2242149396374377e-17
c0,1.2000000000000002,1.734723475976807e-18,-6.938893903907228e-18,6.938893903907228e-18,1.0880763893635047e-17
c0,1.225,-3.469446951953614e-17,-3.2959746043559335e-17,-3.122502256758253e-17,-3.883314785744123e-17
c0,1.25,-8.326672684688674e-17,-6.418476861114186e-17,-7.806255641895632e-17,-1.002616075996123e-16
c0,1.2750000000000001,-9.71445146547012e-17,-6.765421556309548e-17,-1.0061396160665481e-16,-1.3030190462672014e-16
c0,1.3,-5.204170427930421e-17,-2.6020852139652106e-17,-6.071532165918825e-17,-7.816598966171094e-17
c0,1.3250000000000002,-5.204170427930421e-18,-8.673617379884035e-18,-5.204170427930421e-18,-4.846366607515881e-18
c0,1.35,-1.0408340855860843e-17,-8.673617379884035e-18,-1.214306433183765e-17,-1.4123952336828993e-17
c0,1.375,-8.673617379884035e-18,-6.938893903907228e-18,-1.214306433183765e-17,-1.4210759151741248e-17
c0,1.4000000000000001,-6.938893903907228e-18,-6.938893903907228e-18,-1.214306433183765e-17,-1.4303227640664454e-17
c0,1.425,-1.3877787807814457e-17,-1.5612511283791264e-17,-1.3877787807814457e-17,-1.6715337019678636e-17
c0,1.4500000000000002,-1.734723475976807e-17,-2.7755575615628914e-17,-1.5612511283791264e-17,-1.9083745243882057e-17
c0,1.475,-1.734723475976807e-17,-3.2959746043559335e-17,-1.734723475976807e-17,-2.1384712394064424e-17
c0,1.5,-1.214306433183765e-17,-2.7755575615628914e-17,-1.0408340855860843e-17,-1.1700846315678055e-17
c0,1.5250000000000001,-5.204170427930421e-18,-1.3877787807814457e-17,-6.938893903907228e-18,-6.670665715835302e-18
c0,1.55,-8.673617379884035e-18,-8.673617379884035e-18,-6.938893903907228e-18,-6.442962285980142e-18
c0,1.5750000000000002,-2.6020852139652106e-17,-8.673617379884035e-18,-2.42861286636753e-17,-3.055767593851768e-17
c0,1.6,-3.642919299551295e-17,-1.9081958235744878e-17,-3.642919299551295e-17,-4.780618699481093e-17
c0,1.625,-3.2959746043559335e-17,-1.9081958235744878e-17,-3.642919299551295e-17,-4.8280751928586846e-17
c0,1.6500000000000001,-6.938893903907228e-18,-8.673617379884035e-18,-8.673617379884035e-18,-9.42500710061001e-18
c0,1.675,-1.0408340855860843e-17,-1.214306433183765e-17,-1.0408340855860843e-17,-1.1989561058776328e-17
c0,1.7000000000000002,-1.0408340855860843e-17,-1.5612511283791264e-17,-1.3877787807814457e-17,-1.70339505688828e-17
c0,1.725,-1.214306433183765e-17,-1.5612511283791264e-17,-8.673617379884035e-18,-9.639550681189855e-18
c0,1.75,-1.3877787807814457e-17,-1.9081958235744878e-17,-1.3877787807814457e-17,-1.7239326477294297e-17
c0,1.7750000000000001,-2.42861286636753e-17,-3.642919299551295e-17,-2.2551405187698492e-17,-2.996452556994189e-17
c0,1.8,-2.949029909160572e-17,-4.683753385137379e-17,-3.122502256758253e-17,-4.281103037428258e-17
c0,1.8250000000000002,-3.122502256758253e-17,-4.5102810375396984e-17,-3.2959746043559335e-17,-4.5571183629709623e-17
c0,1.85,-2.2551405187698492e-17,-2.7755575615628914e-17,-2.6020852139652106e-17,-3.552356519985655e-17
c0,1.875,-1.214306433183765e-17,-5.204170427930421e-18,-1.0408340855860843e-17,-1.2478575677696058e-17
c0,1.9000000000000001,-1.734723475976807e-18,1.5612511283791264e-17,1.734723475976807e-18,5.61651992187392e-18
c0,1.925,-1.734723475976807e-18,1.734723475976807e-17,3.469446951953614e-18,8.249052150745776e-18
c0,1.9500000000000002,-8.673617379884035e-18,6.938893903907228e-18,-5.204170427930421e-18,-4.833957757331994e-18
c0,1.975,-1.214306433183765e-17,-8.673617379884035e-18,-8.673617379884035e-18,-1.0188682786158725e-17
c0,2.0,-1.214306433183765e-17,-1.214306433183765e-17,-5.204170427930421e-18,-4.98406338957463e-18
c0,2.025,-1.5612511283791264e-17,-1.5612511283791264e-17,-1.5612511283791264e-17,-2.0959370912856576e-17
c0,2.0500000000000003,-1.5612511283791264e-17,-1.214306433183765e-17,-1.214306433183765e-17,-1.5741202186469853e-17
c0,2.075,-1.5612511283791264e-17,-1.5612511283791264e-17,-1.734723475976807e-17,-2.389914075170896e-17
c0,2.1,-2.42861286636753e-17,-2.949029909160572e-17,-2.0816681711721685e-17,-2.944531029142364e-17
c0,2.125,-3.8163916471489756e-17,-4.336808689942018e-17,-2.7755575615628914e-17,-4.0467299973228785e-17
c0,2.15,-4.5102810375396984e-17,-4.85722573273506e-17,-3.9898639947466563e-17,-5.976851567570003e-17
c0,2.1750000000000003,-3.642919299551295e-17,-3.642919299551295e-17,-3.642919299551295e-17,-5.45976337138653e-17
c0,2.2,-1.9081958235744878e-17,-1.5612511283791264e-17,-2.0816681711721685e-17,-3.008867293023378e-17
c0,2.225,1.734723475976807e-18,1.734723475976807e-17,5.204170427930421e-18,1.1278419303515272e-17
c0,2.25,1.214306433183765e-17,3.2959746043559335e-17,1.9081958235744878e-17,3.358695877065263e-17
c0,2.275,1.3877787807814457e-17,3.122502256758253e-17,2.2551405187698492e-17,3.933071257710993e-17
c0,2.3000000000000003,-1.734723475976807e-18,1.734723475976807e-18,5.204170427930421e-18,1.1396518210774452e-17
c0,2.325,-8.673617379884035e-18,-8.673617379884035e-18,-5.204170427930421e-18,-5.517276110305428e-18
c0,2.35,-1.5612511283791264e-17,-1.214306433183765e-17,-1.0408340855860843e-17,-1.4075206134408833e-17
c0,2.375,-2.0816681711721685e-17,-1.214306433183765e-17,-1.214306433183765e-17,-1.7013792981646507e-17
c0,2.4000000000000004,-1.9081958235744878e-17,-1.3877787807814457e-17,-1.214306433183765e-17,-1.7110857185772242e-17
c0,2.4250000000000003,-2.2551405187698492e-17,-2.0816681711721685e-17,-1.5612511283791264e-17,-2.2984854597894412e-17
c0,2.45,-3.469446951953614e-17,-3.642919299551295e-17,-2.6020852139652106e-17,-4.0540157017973555e-17
c0,2.475,-4.336808689942018e-17,-4.5102810375396984e-17,-3.2959746043559335e-17,-5.250259134584276e-17
c0,2.5,-3.9898639947466563e-17,-4.163336342344337e-17,-3.642919299551295e-17,-5.878686146219248e-17
c0,2.5250000000000004,-2.7755575615628914e-17,-2.2551405187698492e-17,-2.2551405187698492e-17,-3.5755200878474514e-17
c0,2.5500000000000003,-3.469446951953614e-18,1.734723475976807e-18,-1.734723475976807e-18,-6.520338846077653e-19
c0,2.575,1.5612511283791264e-17,2.949029909160572e-17,2.2551405187698492e-17,4.0820968123378405e-17
c0,2.6,2.42861286636753e-17,3.469446951953614e-17,2.949029909160572e-17,5.2976791936884503e-17
c0,2.625,1.0408340855860843e-17,1.214306433183765e-17,2.0816681711721685e-17,3.837063994330963e-17
c0,2.6500000000000004,-8.673617379884035e-18,-1.214306433183765e-17,-3.469446951953614e-18,-3.5057409009094435e-18
c0,2.6750000000000003,-1.3877787807814457e-17,-1.5612511283791264e-17,-5.204170427930421e-18,-6.5449004117050055e-18
c0,2.7,-1.5612511283791264e-17,-1.5612511283791264e-17,-1.0408340855860843e-17,-1.5720796600637093e-17
c0,2.725,-1.9081958235744878e-17,-1.214306433183765e-17,-1.214306433183765e-17,-1.887036304833907e-17
c0,2.75,-1.9081958235744878e-17,-1.734723475976807e-17,-1.5612511283791264e-17,-2.5136668943251603e-17
c0,2.7750000000000004,-2.2551405187698492e-17,-2.6020852139652106e-17,-1.5612511283791264e-17,-2.528569924825834e-17
c0,2.8000000000000003,-2.949029909160572e-17,-3.2959746043559335e-17,-2.2551405187698492e-17,-3.78689602751218e-17
c0,2.825,-3.2959746043559335e-17,-3.2959746043559335e-17,-2.949029909160572e-17,-5.0573513643035956e-17
c0,2.85,-2.7755575615628914e-17,-2.6020852139652106e-17,-2.2551405187698492e-17,-3.82814819948185e-17
c0,2.875,-1.5612511283791264e-17,-8.673617379884035e-18,-1.0408340855860843e-17,-1.6392729420039574e-17
c0,2.9000000000000004,5.204170427930421e-18,1.5612511283791264e-17,5.204170427930421e-18,1.2061033334173986e-17
c0,2.9250000000000003,1.9081958235744878e-17,2.2551405187698492e-17,2.0816681711721685e-17,4.079715404185899e-17
c0,2.95,1.9081958235744878e-17,1.5612511283791264e-17,2.0816681711721685e-17,4.098732520272318e-17
c0,2.975,-3.469446951953614e-18,-5.204170427930421e-18,3.469446951953614e-18,8.983826361429616e-18
c0,3.0,-8.673617379884035e-18,-8.673617379884035e-18,-5.204170427930421e-18,-7.15957957130799e-18
c0,3.0250000000000004,-1.3877787807814457e-17,-1.3877787807814457e-17,-8.673617379884035e-18,-1.3715227074894069e-17
c0,3.0500000000000003,-1.5612511283791264e-17,-1.214306433183765e-17,-1.214306433183765e-17,-2.0332845235281566e-17
c0,3.075,-1.3877787807814457e-17,-1.214306433183765e-17,-8.673617379884035e-18,-1.3873392814852088e-17
c0,3.1,-1.9081958235744878e-17,-1.3877787807814457e-17,-8.673617379884035e-18,-1.394422545772797e-17
c0,3.125,-1.5612511283791264e-17,-1.9081958235744878e-17,-1.0408340855860843e-17,-1.7332890597491206e-17
c0,3.1500000000000004,-2.42861286636753e-17,-2.2551405187698492e-17,-1.214306433183765e-17,-2.076086794866372e-17
c0,3.1750000000000003,-2.2551405187698492e-17,-2.2551405187698492e-17,-1.734723475976807e-17,-3.092956646659128e-17
c0,3.2,-1.734723475976807e-17,-1.3877787807814457e-17,-1.0408340855860843e-17,-1.764165235734601e-17
c0,3.225,-8.673617379884035e-18,-1.734723475976807e-18,-1.734723475976807e-18,-8.398576266991992e-19
c0,3.25,0.0,8.673617379884035e-18,1.214306433183765e-17,2.6332228613297302e-17
c0,3.2750000000000004,5.204170427930421e-18,1.0408340855860843e-17,1.3877787807814457e-17,2.9865714553219394e-17
c0,3.3000000000000003,-1.734723475976807e-18,-1.734723475976807e-18,3.469446951953614e-18,9.406435290846187e-18
c0,3.325,-1.214306433183765e-17,-8.673617379884035e-18,-5.204170427930421e-18,-7.806421562142924e-18
c0,3.35,-1.214306433183765e-17,-8.673617379884035e-18,-5.204170427930421e-18,-7.862711334419964e-18
c0,3.375,-1.214306433183765e-17,-1.214306433183765e-17,-8.673617379884035e-18,-1.4882388724596182e-17
c0,3.4000000000000004,-1.5612511283791264e-17,-1.214306433183765e-17,-8.673617379884035e-18,-1.4967222425523584e-17
c0,3.4250000000000003,-1.214306433183765e-17,-8.673617379884035e-18,-8.673617379884035e-18,-1.5086347070386512e-17
c0,3.45,-1.0408340855860843e-17,-5.204170427930421e-18,-1.734723475976807e-18,-1.1322587446995668e-18
c0,3.475,-8.673617379884035e-18,-5.204170427930421e-18,-1.734723475976807e-18,-1.354190590188598e-18
c0,3.5,-8.673617379884035e-18,-1.0408340855860843e-17,-1.734723475976807e-18,-1.6683377916871175e-18
c0,3.5250000000000004,-8.673617379884035e-18,-1.5612511283791264e-17,-5.204170427930421e-18,-9.207950014859729e-18
c0,3.5500000000000003,-1.3877787807814457e-17,-1.3877787807814457e-17,-1.214306433183765e-17,-2.399779434020636e-17
c0,3.575,-1.214306433183765e-17,-1.5612511283791264e-17,-8.673617379884035e-18,-1.7047851631183915e-17
c0,3.6,-1.0408340855860843e-17,-8.673617379884035e-18,-6.938893903907228e-18,-1.3459475087730987e-17
c0,3.625,-8.673617379884035e-18,-8.673617379884035e-18,-3.469446951953614e-18,-5.969351025227987e-18
c0,3.6500000000000004,-8.673617379884035e-18,-8.673617379884035e-18,-1.734723475976807e-18,-2.0541449254306574e-18
c0,3.6750000000000003,-8.673617379884035e-18,-1.0408340855860843e-17,-3.469446951953614e-18,-5.742837646206882e-18
c0,3.7,-1.3877787807814457e-17,-1.214306433183765e-17,-8.673617379884035e-18,-1.6924613465620818e-17
c0,3.725,-1.214306433183765e-17,-1.214306433183765e-17,-5.204170427930421e-18,-9.545051517556287e-18
c0,3.75,-1.0408340855860843e-17,-8.673617379884035e-18,-5.204170427930421e-18,-9.596723777354825e-18
c0,3.7750000000000004,-5.204170427930421e-18,-1.734723475976807e-18,1.734723475976807e-18,5.4146640027996134e-18
c0,3.8000000000000003,3.469446951953614e-18,6.938893903907228e-18,1.0408340855860843e-17,2.4330817352356405e-17
c0,3.825,5.204170427930421e-18,5.204170427930421e-18,1.214306433183765e-17,2.816654717561882e-17
c0,3.85,-3.469446951953614e-18,-5.204170427930421e-18,6.938893903907228e-18,1.6705909226892432e-17
c0,3.875,-1.5612511283791264e-17,-1.734723475976807e-17,-8.673617379884035e-18,-1.793891149337499e-17
c0,3.9000000000000004,-2.949029909160572e-17,-2.949029909160572e-17,-1.9081958235744878e-17,-4.13018087285409e-17
c0,3.9250000000000003,-3.2959746043559335e-17,-3.2959746043559335e-17,-2.6020852139652106e-17,-5.705444576207153e-17
c0,3.95,-2.42861286636753e-17,-2.2551405187698492e-17,-2.2551405187698492e-17,-4.9461446843243867e-17
c0,3.975,-1.3877787807814457e-17,-1.0408340855860843e-17,-6.938893903907228e-18,-1.4302309002913e-17
c0,4.0,-1.214306433183765e-17,-1.0408340855860843e-17,-1.734723475976807e-18,-2.5170335442647653e-18
minkowski,0.0,0.0,0.0,0.0,0.0
minkowski,0.00625,0.0,0.0,0.0,0.0
minkowski,0.0125,0.0,0.0,0.0,0.0
minkowski,0.018750000000000003,0.0,0.0,0.0,0.0
minkowski,0.025,0.0,0.0,0.0,0.0
minkowski,0.03125,0.0,0.0,0.0,0.0
minkowski,0.037500000000000006,0.0,0.0,0.0,0.0
minkowski,0.043750000000000004,0.0,0.0,0.0,0.0
minkowski,0.05,0.0,0.0,0.0,0.0
minkowski,0.05625,0.0,0.0,0.0,0.0
minkowski,0.0625,0.0,0.0,0.0,0.0
minkowski,0.06875,0.0,0.0,0.0,0.0
minkowski,0.07500000000000001,0.0,0.0,0.0,0.0
minkowski,0.08125,0.0,0.0,0.0,0.0
minkowski,0.08750000000000001,0.0,0.0,0.0,0.0
minkowski,0.09375,0.0,0.0,0.0,0.0
minkowski,0.1,0.0,0.0,0.0,0.0
minkowski,0.10625000000000001,0.0,0.0,0.0,0.0
minkowski,0.1125,0.0,0.0,0.0,0.0
minkowski,0.11875000000000001,0.0,0.0,0.0,0.0
minkowski,0.125,0.0,0.0,0.0,0.0
minkowski,0.13125,0.0,0.0,0.0,0.0
minkowski,0.1375,0.0,0.0,0.0,0.0
minkowski,0.14375000000000002,0.0,0.0,0.0,0.0
minkowski,0.15000000000000002,0.0,0.0,0.0,0.0
minkowski,0.15625,0.0,0.0,0.0,0.0
minkowski,0.1625,0.0,0.0,0.0,0.0
minkowski,0.16875,0.0,0.0,0.0,0.0
minkowski,0.17500000000000002,0.0,0.0,0.0,0.0
minkowski,0.18125000000000002,0.0,0.0,0.0,0.0
minkowski,0.1875,0.0,0.0,0.0,0.0
minkowski,0.19375,0.0,0.0,0.0,0.0
minkowski,0.2,0.0,0.0,0.0,0.0
minkowski,0.20625000000000002,0.0,0.0,0.0,0.0
minkowski,0.21250000000000002,0.0,0.0,0.0,0.0
minkowski,0.21875,0.0,0.0,0.0,0.0
minkowski,0.225,0.0,0.0,0.0,0.0
minkowski,0.23125,0.0,0.0,0.0,0.0
minkowski,0.23750000000000002,0.0,0.0,0.0,0.0
minkowski,0.24375000000000002,0.0,0.0,0.0,0.0
minkowski,0.25,0.0,0.0,0.0,0.0
minkowski,0.25625000000000003,0.0,0.0,0.0,0.0
minkowski,0.2625,0.0,0.0,0.0,0.0
minkowski,0.26875,0.0,0.0,0.0,0.0
minkowski,0.275,0.0,0.0,0.0,0.0
minkowski,0.28125,0.0,0.0,0.0,0.0
minkowski,0.28750000000000003,0.0,0.0,0.0,0.0
minkowski,0.29375,0.0,0.0,0.0,0.0
minkowski,0.30000000000000004,0.0,0.0,0.0,0.0
minkowski,0.30625,0.0,0.0,0.0,0.0
minkowski,0.3125,0.0,0.0,0.0,0.0
minkowski,0.31875000000000003,0.0,0.0,0.0,0.0
minkowski,0.325,0.0,0.0,0.0,0.0
minkowski,0.33125000000000004,0.0,0.0,0.0,0.0
minkowski,0.3375,0.0,0.0,0.0,0.0
minkowski,0.34375,0.0,0.0,0.0,0.0
minkowski,0.35000000000000003,0.0,0.0,0.0,0.0
minkowski,0.35625,0.0,0.0,0.0,0.0
minkowski,0.36250000000000004,0.0,0.0,0.0,0.0
minkowski,0.36875,0.0,0.0,0.0,0.0
minkowski,0.375,0.0,0.0,0.0,0.0
minkowski,0.38125000000000003,0.0,0.0,0.0,0.0
minkowski,0.3875,0.0,0.0,0.0,0.0
minkowski,0.39375000000000004,0.0,0.0,0.0,0.0
minkowski,0.4,0.0,0.0,0.0,0.0
minkowski,0.40625,0.0,0.0,0.0,0.0
minkowski,0.41250000000000003,0.0,0.0,0.0,0.0
minkowski,0.41875,0.0,0.0,0.0,0.0
minkowski,0.42500000000000004,0.0,0.0,0.0,0.0
minkowski,0.43125,0.0,0.0,0.0,0.0
minkowski,0.4375,0.0,0.0,0.0,0.0
minkowski,0.44375000000000003,0.0,0.0,0.0,0.0
minkowski,0.45,0.0,0.0,0.0,0.0
minkowski,0.45625000000000004,0.0,0.0,0.0,0.0
minkowski,0.4625,0.0,0.0,0.0,0.0
minkowski,0.46875,0.0,0.0,0.0,0.0
minkowski,0.47500000000000003,0.0,0.0,0.0,0.0
minkowski,0.48125,0.0,0.0,0.0,0.0
minkowski,0.48750000000000004,0.0,0.0,0.0,0.0
minkowski,0.49375,0.0,0.0,0.0,0.0
minkowski,0.5,0.0,0.0,0.0,0.0
minkowski,0.50625,0.0,0.0,0.0,0.0
minkowski,0.5125000000000001,0.0,0.0,0.0,0.0
minkowski,0.51875,0.0,0.0,0.0,0.0
minkowski,0.525,0.0,0.0,0.0,0.0
minkowski,0.53125,0.0,0.0,0.0,0.0
minkowski,0.5375,0.0,0.0,0.0,0.0
minkowski,0.5437500000000001,0.0,0.0,0.0,0.0
minkowski,0.55,0.0,0.0,0.0,0.0
minkowski,0.55625,0.0,0.0,0.0,0.0
minkowski,0.5625,0.0,0.0,0.0,0.0
minkowski,0.56875,0.0,0.0,0.0,0.0
minkowski,0.5750000000000001,0.0,0.0,0.0,0.0
minkowski,0.58125,0.0,0.0,0.0,0.0
minkowski,0.5875,0.0,0.0,0.0,0.0
minkowski,0.59375,0.0,0.0,0.0,0.0
minkowski,0.6000000000000001,0.0,0.0,0.0,0.0
minkowski,0.6062500000000001,0.0,0.0,0.0,0.0
minkowski,0.6125,0.0,0.0,0.0,0.0
minkowski,0.61875,0.0,0.0,0.0,0.0
minkowski,0.625,0.0,0.0,0.0,0.0
minkowski,0.6312500000000001,0.0,0.0,0.0,0.0
minkowski,0.6375000000000001,0.0,0.0,0.0,0.0
minkowski,0.64375,0.0,0.0,0.0,0.0
minkowski,0.65,0.0,0.0,0.0,0.0
minkowski,0.65625,0.0,0.0,0.0,0.0
minkowski,0.6625000000000001,0.0,0.0,0.0,0.0
minkowski,0.6687500000000001,0.0,0.0,0.0,0.0
minkowski,0.675,0.0,0.0,0.0,0.0
minkowski,0.68125,0.0,0.0,0.0,0.0
minkowski,0.6875,0.0,0.0,0.0,0.0
minkowski,0.6937500000000001,0.0,0.0,0.0,0.0
minkowski,0.7000000000000001,0.0,0.0,0.0,0.0
minkowski,0.70625,0.0,0.0,0.0,0.0
minkowski,0.7125,0.0,0.0,0.0,0.0
minkowski,0.71875,0.0,0.0,0.0,0.0
minkowski,0.7250000000000001,0.0,0.0,0.0,0.0
minkowski,0.7312500000000001,0.0,0.0,0.0,0.0
minkowski,0.7375,0.0,0.0,0.0,0.0
minkowski,0.74375,0.0,0.0,0.0,0.0
minkowski,0.75,0.0,0.0,0.0,0.0
minkowski,0.7562500000000001,0.0,0.0,0.0,0.0
minkowski,0.7625000000000001,0.0,0.0,0.0,0.0
minkowski,0.76875,0.0,0.0,0.0,0.0
minkowski,0.775,0.0,0.0,0.0,0.0
minkowski,0.78125,0.0,0.0,0.0,0.0
minkowski,0.7875000000000001,0.0,0.0,0.0,0.0
minkowski,0.7937500000000001,0.0,0.0,0.0,0.0
minkowski,0.8,0.0,0.0,0.0,0.0
minkowski,0.80625,0.0,0.0,0.0,0.0
minkowski,0.8125,0.0,0.0,0.0,0.0
minkowski,0.8187500000000001,0.0,0.0,0.0,0.0
minkowski,0.8250000000000001,0.0,0.0,0.0,0.0
minkowski,0.83125,0.0,0.0,0.0,0.0
minkowski,0.8375,0.0,0.0,0.0,0.0
minkowski,0.84375,0.0,0.0,0.0,0.0
minkowski,0.8500000000000001,0.0,0.0,0.0,0.0
minkowski,0.8562500000000001,0.0,0.0,0.0,0.0
minkowski,0.8625,0.0,0.0,0.0,0.0
minkowski,0.86875,0.0,0.0,0.0,0.0
minkowski,0.875,0.0,0.0,0.0,0.0
minkowski,0.8812500000000001,0.0,0.0,0.0,0.0
minkowski,0.8875000000000001,0.0,0.0,0.0,0.0
minkowski,0.89375,0.0,0.0,0.0,0.0
minkowski,0.9,0.0,0.0,0.0,0.0
minkowski,0.90625,0.0,0.0,0.0,0.0
minkowski,0.9125000000000001,0.0,0.0,0.0,0.0
minkowski,0.9187500000000001,0.0,0.0,0.0,0.0
minkowski,0.925,0.0,0.0,0.0,0.0
minkowski,0.93125,0.0,0.0,0.0,0.0
minkowski,0.9375,0.0,0.0,0.0,0.0
minkowski,0.9437500000000001,0.0,0.0,0.0,0.0
minkowski,0.9500000000000001,0.0,0.0,0.0,0.0
minkowski,0.95625,0.0,0.0,0.0,0.0
minkowski,0.9625,0.0,0.0,0.0,0.0
minkowski,0.96875,0.0,0.0,0.0,0.0
minkowski,0.9750000000000001,0.0,0.0,0.0,0.0
minkowski,0.9812500000000001,0.0,0.0,0.0,0.0
minkowski,0.9875,0.0,0.0,0.0,0.0
minkowski,0.99375,0.0,0.0,0.0,0.0
minkowski,1.0,0.0,0.0,0.0,0.0
pure_de_sitter,0.0,6.938893903907228e-18,6.938893903907228e-18,6.938893903907228e-18,0.0
pure_de_sitter,0.0125,6.938893903907228e-18,6.938893903907228e-18,6.938893903907228e-18,2.6069702281003365e-20
pure_de_sitter,0.025,6.938893903907228e-18,6.938893903907228e-18,6.938893903907228e-18,5.2237349477498234e-20
pure_de_sitter,0.037500000000000006,6.938893903907228e-18,6.938893903907228e-18,6.938893903907228e-18,7.850330957245401e-20
pure_de_sitter,0.05,6.938893903907228e-18,6.938893903907228e-18,6.938893903907228e-18,1.0486795193136812e-19
pure_de_sitter,0.0625,6.938893903907228e-18,6.938893903907228e-18,6.938893903907228e-18,1.3133164730745682e-19
pure_de_sitter,0.07500000000000001,6.938893903907228e-18,6.938893903907228e-18,6.938893903907228e-18,1.5789476784687366e-19
pure_de_sitter,0.08750000000000001,6.938893903907228e-18,6.938893903907228e-18,6.938893903907228e-18,1.8455768709393877e-19
pure_de_sitter,0.1,6.938893903907228e-18,6.938893903907228e-18,6.938893903907228e-18,2.1132077999639284e-19
pure_de_sitter,0.1125,6.938893903907228e-18,6.938893903907228e-18,6.938893903907228e-18,2.3818442291067103e-19
pure_de_sitter,0.125,6.938893903907228e-18,6.938893903907228e-18,6.938893903907228e-18,2.6514899360719544e-19
pure_de_sitter,0.1375,6.938893903907228e-18,6.938893903907228e-18,6.938893903907228e-18,2.922148712756861e-19
pure_de_sitter,0.15000000000000002,6.938893903907228e-18,6.938893903907228e-18,6.938893903907228e-18,3.193824365304919e-19
pure_de_sitter,0.1625,6.938893903907228e-18,6.938893903907228e-18,6.938893903907228e-18,3.466520714159477e-19
pure_de_sitter,0.17500000000000002,6.938893903907228e-18,6.938893903907228e-18,6.938893903907228e-18,3.74024159411744e-19
pure_de_sitter,0.1875,6.938893903907228e-18,6.938893903907228e-18,6.938893903907228e-18,4.0149908543831783e-19
pure_de_sitter,0.2,6.938893903907228e-18,6.938893903907228e-18,6.938893903907228e-18,4.290772358622716e-19
pure_de_sitter,0.21250000000000002,6.938893903907228e-18,6.938893903907228e-18,6.938893903907228e-18,4.56758998501798e-19
pure_de_sitter,0.225,6.938893903907228e-18,6.938893903907228e-18,6.938893903907228e-18,4.845447626321407e-19
pure_de_sitter,0.23750000000000002,6.938893903907228e-18,6.938893903907228e-18,6.938893903907228e-18,5.124349189910681e-19
pure_de_sitter,0.25,6.938893903907228e-18,6.938893903907228e-18,6.938893903907228e-18,5.404298597843604e-19
pure_de_sitter,0.2625,6.938893903907228e-18,6.938893903907228e-18,6.938893903907228e-18,5.685299786913344e-19
pure_de_sitter,0.275,6.938893903907228e-18,6.938893903907228e-18,6.938893903907228e-18,5.967356708703764e-19
pure_de_sitter,0.28750000000000003,6.938893903907228e-18,6.938893903907228e-18,6.938893903907228e-18,6.250473329644981e-19
pure_de_sitter,0.30000000000000004,6.938893903907228e-18,6.938893903907228e-18,6.938893903907228e-18,6.534653631069128e-19
pure_de_sitter,0.3125,6.938893903907228e-18,6.938893903907228e-18,6.938893903907228e-18,6.819901609266388e-19
pure_de_sitter,0.325,6.938893903907228e-18,6.938893903907228e-18,6.938893903907228e-18,7.106221275541137e-19
pure_de_sitter,0.3375,6.938893903907228e-18,6.938893903907228e-18,6.938893903907228e-18,7.393616656268417e-19
pure_de_sitter,0.35000000000000003,6.938893903907228e-18,6.938893903907228e-18,6.938893903907228e-18,7.682091792950511e-19
pure_de_sitter,0.36250000000000004,6.938893903907228e-18,6.938893903907228e-18,6.938893903907228e-18,7.971650742273762e-19
pure_de_sitter,0.375,6.938893903907228e-18,6.938893903907228e-18,6.938893903907228e-18,8.262297576165676e-19
pure_de_sitter,0.3875,6.938893903907228e-18,6.938893903907228e-18,6.938893903907228e-18,8.554036381852146e-19
pure_de_sitter,0.4,6.938893903907228e-18,6.938893903907228e-18,6.938893903907228e-18,8.846871261914934e-19
pure_de_sitter,0.41250000000000003,6.938893903907228e-18,6.938893903907228e-18,6.938893903907228e-18,9.140806334349376e-19
pure_de_sitter,0.42500000000000004,6.938893903907228e-18,6.938893903907228e-18,6.938893903907228e-18,9.435845732622249e-19
pure_de_sitter,0.4375,6.938893903907228e-18,6.938893903907228e-18,6.938893903907228e-18,9.731993605729979e-19
pure_de_sitter,0.45,6.938893903907228e-18,6.938893903907228e-18,6.938893903907228e-18,1.0029254118256888e-18
pure_de_sitter,0.4625,6.938893903907228e-18,6.938893903907228e-18,6.938893903907228e-18,1.0327631450433841e-18
pure_de_sitter,0.47500000000000003,6.938893903907228e-18,6.938893903907228e-18,6.938893903907228e-18,1.0627129798197004e-18
pure_de_sitter,0.48750000000000004,6.938893903907228e-18,6.938893903907228e-18,6.938893903907228e-18,1.0927753373246814e-18
pure_de_sitter,0.5,6.938893903907228e-18,6.938893903907228e-18,6.938893903907228e-18,1.122950640310726e-18
pure_de_sitter,0.5125000000000001,6.938893903907228e-18,6.938893903907228e-18,6.938893903907228e-18,1.1532393131185274e-18
pure_de_sitter,0.525,6.938893903907228e-18,6.938893903907228e-18,6.938893903907228e-18,1.183641781683048e-18
pure_de_sitter,0.5375,6.938893903907228e-18,6.938893903907228e-18,6.938893903907228e-18,1.2141584735395024e-18
pure_de_sitter,0.55,6.938893903907228e-18,6.938893903907228e-18,6.938893903907228e-18,1.2447898178293727e-18
pure_de_sitter,0.5625,6.938893903907228e-18,6.938893903907228e-18,6.938893903907228e-18,1.2755362453064443e-18
pure_de_sitter,0.5750000000000001,6.938893903907228e-18,6.938893903907228e-18,6.938893903907228e-18,1.3063981883428573e-18
pure_de_sitter,0.5875,6.938893903907228e-18,6.938893903907228e-18,6.938893903907228e-18,1.3373760809351965e-18
pure_de_sitter,0.6000000000000001,6.938893903907228e-18,6.938893903907228e-18,6.938893903907228e-18,1.3684703587105852e-18
pure_de_sitter,0.6125,6.938893903907228e-18,6.938893903907228e-18,6.938893903907228e-18,1.399681458932819e-18
pure_de_sitter,0.625,6.938893903907228e-18,6.938893903907228e-18,6.938893903907228e-18,1.4310098205085085e-18
pure_de_sitter,0.6375000000000001,6.938893903907228e-18,6.938893903907228e-18,6.938893903907228e-18,1.462455883993255e-18
pure_de_sitter,0.65,6.938893903907228e-18,6.938893903907228e-18,6.938893903907228e-18,1.4940200915978438e-18
pure_de_sitter,0.6625000000000001,6.938893903907228e-18,6.938893903907228e-18,6.938893903907228e-18,1.5257028871944648e-18
pure_de_sitter,0.675,6.938893903907228e-18,6.938893903907228e-18,6.938893903907228e-18,1.5575047163229517e-18
pure_de_sitter,0.6875,6.938893903907228e-18,6.938893903907228e-18,6.938893903907228e-18,1.589426026197052e-18
pure_de_sitter,0.7000000000000001,6.938893903907228e-18,6.938893903907228e-18,6.938893903907228e-18,1.621467265710713e-18
pure_de_sitter,0.7125,6.938893903907228e-18,6.938893903907228e-18,6.938893903907228e-18,1.653628885444391e-18
pure_de_sitter,0.7250000000000001,6.938893903907228e-18,6.938893903907228e-18,6.938893903907228e-18,1.6859113376713963e-18
pure_de_sitter,0.7375,6.938893903907228e-18,6.938893903907228e-18,6.938893903907228e-18,1.7183150763642424e-18
pure_de_sitter,0.75,6.938893903907228e-18,6.938893903907228e-18,6.938893903907228e-18,1.75084055720104e-18
pure_de_sitter,0.7625000000000001,6.938893903907228e-18,6.938893903907228e-18,6.938893903907228e-18,1.7834882375719e-18
pure_de_sitter,0.775,6.938893903907228e-18,6.938893903907228e-18,6.938893903907228e-18,1.816258576585365e-18
pure_de_sitter,0.7875000000000001,6.938893903907228e-18,6.938893903907228e-18,6.938893903907228e-18,1.849152035074868e-18
pure_de_sitter,0.8,6.938893903907228e-18,6.938893903907228e-18,6.938893903907228e-18,1.882169075605209e-18
pure_de_sitter,0.8125,6.938893903907228e-18,6.938893903907228e-18,6.938893903907228e-18,1.9153101624790666e-18
pure_de_sitter,0.8250000000000001,6.938893903907228e-18,6.938893903907228e-18,6.938893903907228e-18,1.9485757617435224e-18
pure_de_sitter,0.8375,6.938893903907228e-18,6.938893903907228e-18,6.938893903907228e-18,1.9819663411966107e-18
pure_de_sitter,0.8500000000000001,6.938893903907228e-18,6.938893903907228e-18,6.938893903907228e-18,2.015482370393908e-18
pure_de_sitter,0.8625,6.938893903907228e-18,6.938893903907228e-18,6.938893903907228e-18,2.0491243206551253e-18
pure_de_sitter,0.875,6.938893903907228e-18,6.938893903907228e-18,6.938893903907228e-18,2.082892665070745e-18
pure_de_sitter,0.8875000000000001,6.938893903907228e-18,6.938893903907228e-18,6.938893903907228e-18,2.1167878785086635e-18
pure_de_sitter,0.9,6.938893903907228e-18,6.938893903907228e-18,6.938893903907228e-18,2.150810437620882e-18
pure_de_sitter,0.9125000000000001,6.938893903907228e-18,6.938893903907228e-18,6.938893903907228e-18,2.1849608208501962e-18
pure_de_sitter,0.925,6.938893903907228e-18,6.938893903907228e-18,6.938893903907228e-18,2.2192395084369333e-18
pure_de_sitter,0.9375,6.938893903907228e-18,6.938893903907228e-18,6.938893903907228e-18,2.253646982425703e-18
pure_de_sitter,0.9500000000000001,6.938893903907228e-18,6.938893903907228e-18,6.938893903907228e-18,2.2881837266721764e-18
pure_de_sitter,0.9625,6.938893903907228e-18,6.938893903907228e-18,6.938893903907228e-18,2.3228502268498878e-18
pure_de_sitter,0.9750000000000001,6.938893903907228e-18,6.938893903907228e-18,6.938893903907228e-18,2.3576469704570657e-18
pure_de_sitter,0.9875,6.938893903907228e-18,6.938893903907228e-18,6.938893903907228e-18,2.392574446823492e-18
pure_de_sitter,1.0,6.938893903907228e-18,6.938893903907228e-18,6.938893903907228e-18,2.427633147117379e-18
pure_de_sitter,1.0125,6.938893903907228e-18,6.938893903907228e-18,6.938893903907228e-18,2.4628235643522765e-18
pure_de_sitter,1.0250000000000001,6.938893903907228e-18,6.938893903907228e-18,6.938893903907228e-18,2.498146193394007e-18
pure_de_sitter,1.0375,6.938893903907228e-18,6.938893903907228e-18,6.938893903907228e-18,2.5336015309676225e-18
pure_de_sitter,1.05,6.938893903907228e-18,6.938893903907228e-18,6.938893903907228e-18,2.5691900756643938e-18
pure_de_sitter,1.0625,6.938893903907228e-18,6.938893903907228e-18,6.938893903907228e-18,2.6049123279488156e-18
pure_de_sitter,1.075,6.938893903907228e-18,6.938893903907228e-18,6.938893903907228e-18,2.6407687901656496e-18
pure_de_sitter,1.0875000000000001,6.938893903907228e-18,6.938893903907228e-18,6.938893903907228e-18,2.6767599665469888e-18
pure_de_sitter,1.1,6.938893903907228e-18,6.938893903907228e-18,6.938893903907228e-18,2.7128863632193415e-18
pure_de_sitter,1.1125,6.938893903907228e-18,6.938893903907228e-18,6.938893903907228e-18,2.7491484882107562e-18
pure_de_sitter,1.125,6.938893903907228e-18,6.938893903907228e-18,6.938893903907228e-18,2.785546851457966e-18
pure_de_sitter,1.1375,6.938893903907228e-18,6.938893903907228e-18,6.938893903907228e-18,2.8220819648135505e-18
pure_de_sitter,1.1500000000000001,6.938893903907228e-18,6.938893903907228e-18,6.938893903907228e-18,2.8587543420531468e-18
pure_de_sitter,1.1625,6.938893903907228e-18,6.938893903907228e-18,6.938893903907228e-18,2.8955644988826616e-18
pure_de_sitter,1.175,6.938893903907228e-18,6.938893903907228e-18,6.938893903907228e-18,2.932512952945532e-18
pure_de_sitter,1.1875,6.938893903907228e-18,6.938893903907228e-18,6.938893903907228e-18,2.969600223830002e-18
pure_de_sitter,1.2000000000000002,6.938893903907228e-18,6.938893903907228e-18,6.938893903907228e-18,3.0068268330764323e-18
pure_de_sitter,1.2125000000000001,6.938893903907228e-18,6.938893903907228e-18,6.938893903907228e-18,3.0441933041846263e-18
pure_de_sitter,1.225,6.938893903907228e-18,6.938893903907228e-18,6.938893903907228e-18,3.081700162621199e-18
pure_de_sitter,1.2375,6.938893903907228e-18,6.938893903907228e-18,6.938893903907228e-18,3.1193479358269678e-18
pure_de_sitter,1.25,6.938893903907228e-18,6.938893903907228e-18,6.938893903907228e-18,3.1571371532243613e-18
pure_de_sitter,1.2625000000000002,6.938893903907228e-18,6.938893903907228e-18,6.938893903907228e-18,3.195068346224874e-18
pure_de_sitter,1.2750000000000001,6.938893903907228e-18,6.938893903907228e-18,6.938893903907228e-18,3.233142048236533e-18
pure_de_sitter,1.2875,6.938893903907228e-18,6.938893903907228e-18,6.938893903907228e-18,3.2713587946713972e-18
pure_de_sitter,1.3,6.938893903907228e-18,6.938893903907228e-18,6.938893903907228e-18,3.3097191229530965e-18
pure_de_sitter,1.3125,6.938893903907228e-18,6.938893903907228e-18,6.938893903907228e-18,3.3482235725243777e-18
pure_de_sitter,1.3250000000000002,6.938893903907228e-18,6.938893903907228e-18,6.938893903907228e-18,3.3868726848546977e-18
pure_de_sitter,1.3375000000000001,6.938893903907228e-18,6.938893903907228e-18,6.938893903907228e-18,3.425667003447836e-18
pure_de_sitter,1.35,6.938893903907228e-18,6.938893903907228e-18,6.938893903907228e-18,3.464607073849536e-18
pure_de_sitter,1.3625,6.938893903907228e-18,6.938893903907228e-18,6.938893903907228e-18,3.503693443655182e-18
pure_de_sitter,1.375,6.938893903907228e-18,6.938893903907228e-18,6.938893903907228e-18,3.542926662517489e-18
pure_de_sitter,1.3875000000000002,6.938893903907228e-18,6.938893903907228e-18,6.938893903907228e-18,3.582307282154249e-18
pure_de_sitter,1.4000000000000001,6.938893903907228e-18,6.938893903907228e-18,6.938893903907228e-18,3.621835856356071e-18
pure_de_sitter,1.4125,6.938893903907228e-18,6.938893903907228e-18,6.938893903907228e-18,3.661512940994181e-18
pure_de_sitter,1.425,6.938893903907228e-18,6.938893903907228e-18,6.938893903907228e-18,3.701339094028237e-18
pure_de_sitter,1.4375,6.938893903907228e-18,6.938893903907228e-18,6.938893903907228e-18,3.741314875514172e-18
pure_de_sitter,1.4500000000000002,6.938893903907228e-18,6.938893903907228e-18,6.938893903907228e-18,3.7814408476120756e-18
pure_de_sitter,1.4625000000000001,6.938893903907228e-18,6.938893903907228e-18,6.938893903907228e-18,3.821717574594085e-18
pure_de_sitter,1.475,6.938893903907228e-18,6.938893903907228e-18,6.938893903907228e-18,3.8621456228523415e-18
pure_de_sitter,1.4875,6.938893903907228e-18,6.938893903907228e-18,6.938893903907228e-18,3.902725560906937e-18
pure_de_sitter,1.5,6.938893903907228e-18,6.938893903907228e-18,6.938893903907228e-18,3.943457959413924e-18
pure_de_sitter,1.5125000000000002,6.938893903907228e-18,6.938893903907228e-18,6.938893903907228e-18,3.984343391173323e-18
pure_de_sitter,1.5250000000000001,6.938893903907228e-18,6.938893903907228e-18,6.938893903907228e-18,4.025382431137193e-18
pure_de_sitter,1.5375,6.938893903907228e-18,6.938893903907228e-18,6.938893903907228e-18,4.0665756564177115e-18
pure_de_sitter,1.55,6.938893903907228e-18,6.938893903907228e-18,6.938893903907228e-18,4.107923646295287e-18
pure_de_sitter,1.5625,6.938893903907228e-18,6.938893903907228e-18,6.938893903907228e-18,4.149426982226706e-18
pure_de_sitter,1.5750000000000002,6.938893903907228e-18,6.938893903907228e-18,6.938893903907228e-18,4.1910862478533186e-18
pure_de_sitter,1.5875000000000001,6.938893903907228e-18,6.938893903907228e-18,6.938893903907228e-18,4.232902029009231e-18
pure_de_sitter,1.6,6.938893903907228e-18,6.938893903907228e-18,6.938893903907228e-18,4.274874913729555e-18
pure_de_sitter,1.6125,6.938893903907228e-18,6.938893903907228e-18,6.938893903907228e-18,4.317005492258674e-18
pure_de_sitter,1.625,6.938893903907228e-18,6.938893903907228e-18,6.938893903907228e-18,4.359294357058544e-18
pure_de_sitter,1.6375000000000002,6.938893903907228e-18,6.938893903907228e-18,6.938893903907228e-18,4.401742102817024e-18
pure_de_sitter,1.6500000000000001,6.938893903907228e-18,6.938893903907228e-18,6.938893903907228e-18,4.444349326456235e-18
pure_de_sitter,1.6625,6.938893903907228e-18,6.938893903907228e-18,6.938893903907228e-18,4.4871166271409635e-18
pure_de_sitter,1.675,6.938893903907228e-18,6.938893903907228e-18,6.938893903907228e-18,4.5300446062870774e-18
pure_de_sitter,1.6875,6.938893903907228e-18,6.938893903907228e-18,6.938893903907228e-18,4.573133867569997e-18
pure_de_sitter,1.7000000000000002,6.938893903907228e-18,6.938893903907228e-18,6.938893903907228e-18,4.6163850169331635e-18
pure_de_sitter,1.7125000000000001,6.938893903907228e-18,6.938893903907228e-18,6.938893903907228e-18,4.6597986625965805e-18
pure_de_sitter,1.725,6.938893903907228e-18,6.938893903907228e-18,6.938893903907228e-18,4.7033754150653535e-18
pure_de_sitter,1.7375,6.938893903907228e-18,6.938893903907228e-18,6.938893903907228e-18,4.747115887138283e-18
pure_de_sitter,1.75,6.938893903907228e-18,6.938893903907228e-18,6.938893903907228e-18,4.791020693916478e-18
pure_de_sitter,1.7625000000000002,6.938893903907228e-18,6.938893903907228e-18,6.938893903907228e-18,4.83509045281201e-18
pure_de_sitter,1.7750000000000001,6.938893903907228e-18,6.938893903907228e-18,6.938893903907228e-18,4.8793257835565876e-18
pure_de_sitter,1.7875,6.938893903907228e-18,6.938893903907228e-18,6.938893903907228e-18,4.923727308210278e-18
pure_de_sitter,1.8,6.938893903907228e-18,6.938893903907228e-18,6.938893903907228e-18,4.968295651170252e-18
pure_de_sitter,1.8125,6.938893903907228e-18,6.938893903907228e-18,6.938893903907228e-18,5.013031439179572e-18
pure_de_sitter,1.8250000000000002,6.938893903907228e-18,6.938893903907228e-18,6.938893903907228e-18,5.057935301335991e-18
pure_de_sitter,1.8375000000000001,6.938893903907228e-18,6.938893903907228e-18,6.938893903907228e-18,5.10300786910081e-18
pure_de_sitter,1.85,6.938893903907228e-18,6.938893903907228e-18,6.938893903907228e-18,5.148249776307755e-18
pure_de_sitter,1.8625,6.938893903907228e-18,6.938893903907228e-18,6.938893903907228e-18,5.193661659171893e-18
pure_de_sitter,1.875,6.938893903907228e-18,6.938893903907228e-18,6.938893903907228e-18,5.239244156298577e-18
pure_de_sitter,1.8875000000000002,6.938893903907228e-18,6.938893903907228e-18,6.938893903907228e-18,5.2849979086924196e-18
pure_de_sitter,1.9000000000000001,6.938893903907228e-18,6.938893903907228e-18,6.938893903907228e-18,5.330923559766322e-18
pure_de_sitter,1.9125,6.938893903907228e-18,6.938893903907228e-18,6.938893903907228e-18,5.3770217553505074e-18
pure_de_sitter,1.925,6.938893903907228e-18,6.938893903907228e-18,6.938893903907228e-18,5.4232931437016125e-18
pure_de_sitter,1.9375,6.938893903907228e-18,6.938893903907228e-18,6.938893903907228e-18,5.469738375511796e-18
pure_de_sitter,1.9500000000000002,6.938893903907228e-18,6.938893903907228e-18,6.938893903907228e-18,5.516358103917898e-18
pure_de_sitter,1.9625000000000001,6.938893903907228e-18,6.938893903907228e-18,6.938893903907228e-18,5.5631529845106156e-18
pure_de_sitter,1.975,6.938893903907228e-18,6.938893903907228e-18,6.938893903907228e-18,5.610123675343729e-18
pure_de_sitter,1.9875,6.938893903907228e-18,6.938893903907228e-18,6.938893903907228e-18,5.6572708369433525e-18
pure_de_sitter,2.0,6.938893903907228e-18,6.938893903907228e-18,6.938893903907228e-18,5.704595132317221e-18
nonzero_scalar,0.0,-4.336808689942018e-18,-4.336808689942018e-18,-4.336808689942018e-18,0.0
nonzero_scalar,0.01875,-2.6020852139652106e-18,-2.6020852139652106e-18,-2.6020852139652106e-18,1.6157406884163277e-18
nonzero_scalar,0.0375,-1.6393136847980827e-16,-1.8474805019152996e-16,-1.5872719805187785e-16,-1.5582601346895895e-16
nonzero_scalar,0.056249999999999994,-5.004677228193088e-16,-5.004677228193088e-16,-5.039371697712625e-16,-5.061355767289974e-16
nonzero_scalar,0.075,-3.2873009869760494e-16,-3.235259282696745e-16,-3.2526065174565133e-16,-3.2656659003991535e-16
nonzero_scalar,0.09375,-6.062858548538941e-16,-6.375108774214766e-16,-5.941427905220564e-16,-6.026088154602575e-16
nonzero_scalar,0.11249999999999999,-2.0304938286308527e-15,-2.091209150290041e-15,-2.011411870395108e-15,-2.058960964840232e-15
nonzero_scalar,0.13125,-4.138182851942673e-15,-4.205837067505769e-15,-4.115631446754975e-15,-4.235313110395666e-15
nonzero_scalar,0.15,-5.553717208339748e-15,-5.572799166575493e-15,-5.546778314435841e-15,-5.733831002977799e-15
nonzero_scalar,0.16874999999999998,-4.83554168928535e-15,-4.7921736023859296e-15,-4.8650319883769555e-15,-5.049964653056873e-15
nonzero_scalar,0.1875,-1.4927295510780425e-15,-1.3643600138557588e-15,-1.5447712553573467e-15,-1.6074633622243324e-15
nonzero_scalar,0.20625,3.458171249359765e-15,3.603888021341817e-15,3.404394821604484e-15,3.570986339764807e-15
nonzero_scalar,0.22499999999999998,7.486199160577911e-15,7.567731163948821e-15,7.446300520630444e-15,7.838851875075734e-15
nonzero_scalar,0.24375,7.680488189887313e-15,7.631915932559963e-15,7.696100701171105e-15,8.136058342748482e-15
nonzero_scalar,0.2625,3.3263322651855276e-15,3.180615493203476e-15,3.385312863368739e-15,3.596371471736167e-15
nonzero_scalar,0.28125,-9.454242944073599e-17,-1.0321604682062002e-16,-1.0321604682062002e-16,-1.0579256416842061e-16
nonzero_scalar,0.3,-4.518954654919582e-16,-4.536301889679351e-16,-4.518954654919582e-16,-4.793839907836236e-16
nonzero_scalar,0.31875,-4.36282954208167e-16,-4.3107878378023656e-16,-4.3107878378023656e-16,-4.590641546461948e-16
nonzero_scalar,0.33749999999999997,-4.397524011601206e-16,-4.484260185400046e-16,-4.432218481120742e-16,-4.741389949323548e-16
nonzero_scalar,0.35625,-1.0694570229397016e-15,-1.0954778750793537e-15,-1.0642528525117712e-15,-1.1492304641807714e-15
nonzero_scalar,0.375,-2.2230481344642783e-15,-2.2577426039838144e-15,-2.2109050701324406e-15,-2.4020776520960577e-15
nonzero_scalar,0.39375,-3.1667377053956614e-15,-3.178880769727499e-15,-3.1650029819196845e-15,-3.4549902038596453e-15
nonzero_scalar,0.4125,-3.144186300207963e-15,-3.1268390654481948e-15,-3.1476557471599165e-15,-3.4503969992043103e-15
nonzero_scalar,0.43124999999999997,-1.8084492237058214e-15,-1.7546727959505404e-15,-1.83100062889352e-15,-2.0134061144283453e-15
nonzero_scalar,0.44999999999999996,3.8077180297690916e-16,4.588343593958655e-16,3.5648567431323386e-16,3.998236020256474e-16
nonzero_scalar,0.46875,2.360091289066446e-15,2.4208066107256343e-15,2.3375398838787476e-15,2.603967865186062e-15
nonzero_scalar,0.4875,2.918672248330978e-15,2.927345865710862e-15,2.925611142234885e-15,3.2714894331202805e-15
nonzero_scalar,0.50625,1.6332421526321639e-15,1.6002824065886045e-15,1.6575282812958392e-15,1.8634350609281215e-15
nonzero_scalar,0.525,-1.2576745200831851e-16,-1.3791051634015616e-16,-1.1882855810441129e-16,-1.2890140752526322e-16
nonzero_scalar,0.54375,-3.929148673087468e-16,-3.877106968808164e-16,-3.859759734048396e-16,-4.315423164545829e-16
nonzero_scalar,0.5625,-4.779163176316104e-16,-4.623038063478191e-16,-4.744468706796567e-16,-5.338547460086217e-16
nonzero_scalar,0.5812499999999999,-4.380176776841438e-16,-4.2934406030425976e-16,-4.36282954208167e-16,-4.926218271348252e-16
nonzero_scalar,0.6,-6.201636426617085e-16,-6.184289191857317e-16,-6.166941957097549e-16,-7.013204990649639e-16
nonzero_scalar,0.61875,-1.0278236595162582e-15,-1.029558382992235e-15,-1.0260889360402814e-15,-1.1750984540486038e-15
nonzero_scalar,0.6375,-1.3851766955674805e-15,-1.388646142519434e-15,-1.3834419720915037e-15,-1.5927642950815182e-15
nonzero_scalar,0.65625,-1.4302795059428774e-15,-1.4233406120389702e-15,-1.4233406120389702e-15,-1.6457594246694995e-15
nonzero_scalar,0.6749999999999999,-1.1319070680748666e-15,-1.119764003743029e-15,-1.137111238502797e-15,-1.3193264772412066e-15
nonzero_scalar,0.69375,-7.502679033599691e-16,-7.346553920761778e-16,-7.520026268359459e-16,-8.744477188085922e-16
nonzero_scalar,0.7125,-6.028164079019405e-16,-5.958775139980332e-16,-6.114900252818245e-16,-7.130967977776121e-16
nonzero_scalar,0.73125,-7.606762442158299e-16,-7.554720737878995e-16,-7.606762442158299e-16,-8.921191690196468e-16
nonzero_scalar,0.75,-8.803721640582296e-16,-8.699638232023688e-16,-8.8557633448616e-16,-1.0439100431148209e-15
nonzero_scalar,0.7687499999999999,-5.646524914304507e-16,-5.490399801466594e-16,-5.785302792382652e-16,-6.83134309163655e-16
nonzero_scalar,0.7875,-4.102621020685149e-16,-4.119968255444917e-16,-4.189357194483989e-16,-4.954066958922281e-16
nonzero_scalar,0.80625,-4.744468706796567e-16,-4.727121472036799e-16,-4.796510411075872e-16,-5.703852030891818e-16
nonzero_scalar,0.825,-4.657732532997727e-16,-4.640385298237959e-16,-4.761815941556335e-16,-5.686454979727703e-16
nonzero_scalar,0.84375,-4.727121472036799e-16,-4.744468706796567e-16,-4.796510411075872e-16,-5.752749868235646e-16
nonzero_scalar,0.8624999999999999,-4.623038063478191e-16,-4.570996359198887e-16,-4.640385298237959e-16,-5.587973502201305e-16
nonzero_scalar,0.88125,-3.46077333457373e-16,-3.46077333457373e-16,-3.5301622736128024e-16,-4.258137532979228e-16
nonzero_scalar,0.8999999999999999,-1.8821749714348357e-16,-1.8821749714348357e-16,-1.986258379993444e-16,-2.3862333146806424e-16
nonzero_scalar,0.91875,-2.2985086056692694e-16,-2.3158558404290375e-16,-2.3158558404290375e-16,-2.804344489231314e-16
nonzero_scalar,0.9375,-7.311859451242242e-16,-7.467984564080155e-16,-7.277164981722706e-16,-8.949659068402308e-16
nonzero_scalar,0.9562499999999999,-1.721713049906981e-15,-1.7459991785706563e-15,-1.7165088794790506e-15,-2.1260199662592147e-15
nonzero_scalar,0.975,-2.7417304537813436e-15,-2.755608241589158e-15,-2.7417304537813436e-15,-3.412754033065559e-15
nonzero_scalar,0.9937499999999999,-2.9152028013790243e-15,-2.8891819492393722e-15,-2.9238764187589084e-15,-3.655072087046187e-15
nonzero_scalar,1.0125,-1.6696713456276768e-15,-1.6124254709204422e-15,-1.695692197767329e-15,-2.1267775044235165e-15
nonzero_scalar,1.03125,-5.35162192338845e-16,-5.26488574958961e-16,-5.421010862427522e-16,-6.797239862780978e-16
nonzero_scalar,1.05,-4.952635523913784e-16,-4.90059381963448e-16,-4.917941054394248e-16,-6.188648206355339e-16
nonzero_scalar,1.0687499999999999,-4.98732999343332e-16,-4.90059381963448e-16,-5.004677228193088e-16,-6.325399428035081e-16
nonzero_scalar,1.0875,-4.98732999343332e-16,-4.90059381963448e-16,-5.004677228193088e-16,-6.3522278591518395e-16
nonzero_scalar,1.10625,-3.217912047936977e-16,-3.0964814046186007e-16,-3.2699537522162814e-16,-4.152488772742894e-16
nonzero_scalar,1.125,6.678685382510707e-17,7.719519468096792e-17,5.4643789493269423e-17,7.491509027061555e-17
nonzero_scalar,1.14375,4.536301889679351e-16,4.623038063478191e-16,4.501607420159814e-16,5.871801907974355e-16
nonzero_scalar,1.1624999999999999,4.518954654919582e-16,4.432218481120742e-16,4.553649124439119e-16,5.963993492183026e-16
nonzero_scalar,1.18125,-2.975050761300224e-16,-3.2699537522162814e-16,-2.8189256484623115e-16,-3.634928453213188e-16
nonzero_scalar,1.2,-1.7598769663784708e-15,-1.803245053277891e-15,-1.7459991785706563e-15,-2.2842718901543055e-15
nonzero_scalar,1.21875,-3.3471489468972493e-15,-3.3731697990369014e-15,-3.3298017121374812e-15,-4.378774124127823e-15
nonzero_scalar,1.2375,-3.9751188452008535e-15,-3.9664452278209694e-15,-3.980323015628784e-15,-5.257139123007597e-15
nonzero_scalar,1.2562499999999999,-2.7955068815366246e-15,-2.739995730305367e-15,-2.8232624571522535e-15,-3.743300131809942e-15
nonzero_scalar,1.275,-7.849623728795052e-16,-7.502679033599691e-16,-7.988401606873197e-16,-1.0604060562790166e-15
nonzero_scalar,1.29375,-5.646524914304507e-16,-5.525094270986131e-16,-5.681219383824043e-16,-7.560520605663415e-16
nonzero_scalar,1.3125,-5.230191280070073e-16,-5.178149575790769e-16,-5.230191280070073e-16,-6.986130438947343e-16
nonzero_scalar,1.33125,-5.542441505745899e-16,-5.577135975265435e-16,-5.646524914304507e-16,-7.57730518739249e-16
nonzero_scalar,1.3499999999999999,-3.8424124992886277e-16,-3.7556763254897874e-16,-3.894454203567932e-16,-5.235074406600637e-16
nonzero_scalar,1.36875,9.627715291671279e-17,1.1535911115245767e-16,8.760353553682876e-17,1.2325480006480986e-16
nonzero_scalar,1.3875,6.565928356572215e-16,6.635317295611287e-16,6.531233887052679e-16,8.959169382057867e-16
nonzero_scalar,1.40625,8.196568423990414e-16,8.144526719711109e-16,8.265957363029486e-16,1.1364339964156522e-15
nonzero_scalar,1.425,1.6393136847980827e-16,1.3444106938820255e-16,1.7607443281164592e-16,2.428811578938167e-16
nonzero_scalar,1.4437499999999999,-1.362625290379782e-15,-1.4129322711831094e-15,-1.3418086086680603e-15,-1.8586315737037596e-15
nonzero_scalar,1.4625,-3.1996974514392207e-15,-3.2482697087665713e-15,-3.1840849401554294e-15,-4.428028258301392e-15
nonzero_scalar,1.48125,-4.2891037943526555e-15,-4.292573241304609e-15,-4.278695453496795e-15,-5.974343491887848e-15
nonzero_scalar,1.5,-3.593479680485956e-15,-3.548376870110559e-15,-3.610826915245724e-15,-5.062259473523991e-15
nonzero_scalar,1.51875,-1.4111975477071326e-15,-1.353951672999898e-15,-1.433748952894831e-15,-2.018021207342443e-15
nonzero_scalar,1.5374999999999999,-6.548581121812447e-16,-6.548581121812447e-16,-6.635317295611287e-16,-9.375485036988423e-16
nonzero_scalar,1.55625,-5.421010862427522e-16,-5.473052566706826e-16,-5.43835809718729e-16,-7.715751286210398e-16
nonzero_scalar,1.575,-5.9761223747401e-16,-6.045511313779173e-16,-5.993469609499869e-16,-8.538911166194212e-16
nonzero_scalar,1.59375,-5.056718932472393e-16,-5.039371697712625e-16,-5.091413401991929e-16,-7.283606082502693e-16
nonzero_scalar,1.6125,-4.423544863740858e-17,-3.0357660829594124e-17,-5.117434254131581e-17,-7.33063397647081e-17
nonzero_scalar,1.6312499999999999,6.114900252818245e-16,6.323067069935462e-16,6.097553018058477e-16,8.801243788018871e-16
nonzero_scalar,1.65,9.792514021889076e-16,9.827208491408612e-16,9.861902960928148e-16,1.4294256879223124e-15
nonzero_scalar,1.66875,5.455705331947058e-16,5.195496810550537e-16,5.629177679544739e-16,8.20027022348006e-16
nonzero_scalar,1.6875,-8.422082475867398e-16,-8.94249951866044e-16,-8.161873954470877e-16,-1.190576011477334e-15
nonzero_scalar,1.70625,-2.7677513059209957e-15,-2.8232624571522535e-15,-2.7434651772573204e-15,-4.021867197336785e-15
nonzero_scalar,1.7249999999999999,-4.228388472693467e-15,-4.250939877881166e-15,-4.214510684885653e-15,-6.204747149702721e-15
nonzero_scalar,1.74375,-4.113896723278998e-15,-4.0826717007114155e-15,-4.124305064134859e-15,-6.097011396920078e-15
nonzero_scalar,1.7625,-2.1762106006129045e-15,-2.110291108525786e-15,-2.198762005800603e-15,-3.2632428366043234e-15
nonzero_scalar,1.78125,-7.138387103644561e-16,-7.138387103644561e-16,-7.103692634125025e-16,-1.0577248495258359e-15
nonzero_scalar,1.7999999999999998,-5.646524914304507e-16,-5.646524914304507e-16,-5.681219383824043e-16,-8.490892039311496e-16
nonzero_scalar,1.8187499999999999,-6.062858548538941e-16,-6.080205783298709e-16,-6.028164079019405e-16,-9.047009992696113e-16
nonzero_scalar,1.8375,-6.028164079019405e-16,-6.028164079019405e-16,-6.045511313779173e-16,-9.110308998480218e-16
nonzero_scalar,1.85625,-2.3158558404290375e-16,-2.211772431870429e-16,-2.3505503099485736e-16,-3.5483851114895953e-16
nonzero_scalar,1.875,4.570996359198887e-16,4.796510411075872e-16,4.553649124439119e-16,6.94204671380024e-16
nonzero_scalar,1.8937499999999998,1.0191500421363742e-15,1.0260889360402814e-15,1.0174153186603974e-15,1.5556375784791196e-15
nonzero_scalar,1.9124999999999999,8.716985466783456e-16,8.508818649666239e-16,8.786374405822528e-16,1.3489385649644946e-15
nonzero_scalar,1.93125,-2.8362728832220796e-16,-3.3393426912553537e-16,-2.697495005143935e-16,-4.145382951281583e-16
nonzero_scalar,1.95,-2.198762005800603e-15,-2.2577426039838144e-15,-2.1779453240888813e-15,-3.3673592244023965e-15
nonzero_scalar,1.96875,-3.990731356484645e-15,-4.0288952729561345e-15,-3.980323015628784e-15,-6.179699539225897e-15
nonzero_scalar,1.9874999999999998,-4.479923376710104e-15,-4.467780312378267e-15,-4.483392823662058e-15,-6.988943708712188e-15
nonzero_scalar,2.00625,-2.979387569990166e-15,-2.916937524855001e-15,-3.007143145605795e-15,-4.706230895537039e-15
nonzero_scalar,2.025,-8.213915658750182e-16,-7.919012667834124e-16,-8.352693536828326e-16,-1.311714577526326e-15
nonzero_scalar,2.0437499999999997,-5.785302792382652e-16,-5.733261088103347e-16,-5.80265002714242e-16,-9.146237846538133e-16
nonzero_scalar,2.0625,-5.715913853343579e-16,-5.733261088103347e-16,-5.715913853343579e-16,-9.045849992093838e-16
nonzero_scalar,2.08125,-6.409803243734302e-16,-6.444497713253838e-16,-6.444497713253838e-16,-1.024115839856086e-15
nonzero_scalar,2.1,-3.9811903773667723e-16,-3.877106968808164e-16,-4.0158848468863084e-16,-6.403617485937289e-16
nonzero_scalar,2.11875,2.5413698923060224e-16,2.697495005143935e-16,2.402592014227878e-16,3.8620282156766776e-16
nonzero_scalar,2.1374999999999997,9.497611030973019e-16,9.619041674291395e-16,9.39352762241441e-16,1.5130821869255163e-15
nonzero_scalar,2.15625,1.1076209394111913e-15,1.1006820455072841e-15,1.1076209394111913e-15,1.7909389490027044e-15
nonzero_scalar,2.175,2.749536709423239e-16,2.3505503099485736e-16,2.8536201179818477e-16,4.636429616464998e-16
nonzero_scalar,2.19375,-1.5118115093137874e-15,-1.5707921074969988e-15,-1.4944642745540193e-15,-2.434211657549876e-15
nonzero_scalar,2.2125,-3.5449074231586053e-15,-3.595214403961933e-15,-3.5275601883988372e-15,-5.769238345383439e-15
nonzero_scalar,2.2312499999999997,-4.627374872168133e-15,-4.63431376607204e-15,-4.625640148692156e-15,-7.595179859855161e-15
nonzero_scalar,2.25,-3.7496047933238685e-15,-3.697563089044564e-15,-3.773890921987544e-15,-6.220973883170426e-15
nonzero_scalar,2.26875,-1.362625290379782e-15,-1.3019099687205937e-15,-1.388646142519434e-15,-2.297742129419103e-15
nonzero_scalar,2.2875,-5.767955557622884e-16,-5.698566618583811e-16,-5.80265002714242e-16,-9.636081900665856e-16
nonzero_scalar,2.30625,-5.126107871511465e-16,-5.195496810550537e-16,-5.160802341031001e-16,-8.603454932966668e-16
nonzero_scalar,2.3249999999999997,-6.080205783298709e-16,-6.166941957097549e-16,-6.166941957097549e-16,-1.0322225498047551e-15
nonzero_scalar,2.34375,-5.039371697712625e-16,-5.004677228193088e-16,-5.126107871511465e-16,-8.612730710586986e-16
nonzero_scalar,2.3625,2.5153490401663703e-17,4.2500725161431774e-17,1.1275702593849246e-17,1.9624095941004854e-17
nonzero_scalar,2.38125,7.676151381197371e-16,7.86697096355482e-16,7.537373503119227e-16,1.277878378119783e-15
nonzero_scalar,2.4,1.1874182193061245e-15,1.1891529427821013e-15,1.1787446019262404e-15,2.006130395623876e-15
nonzero_scalar,2.4187499999999997,7.398595625041082e-16,7.068998164605489e-16,7.433290094560618e-16,1.2709614054025668e-15
nonzero_scalar,2.4375,-7.572067972638763e-16,-8.127179484951341e-16,-7.41594285980085e-16,-1.2689216908403899e-15
nonzero_scalar,2.45625,-2.8249971806282304e-15,-2.882243055335465e-15,-2.8076499458684623e-15,-4.8286163128436746e-15
nonzero_scalar,2.475,-4.391452479435287e-15,-4.419208055050916e-15,-4.391452479435287e-15,-7.58302253917619e-15
nonzero_scalar,2.49375,-4.2544093248331194e-15,-4.22144957878956e-15,-4.2717565595928875e-15,-7.404932494411554e-15
nonzero_scalar,2.5124999999999997,-2.1328425137134843e-15,-2.0617188511984352e-15,-2.171006430184974e-15,-3.777030185458169e-15
nonzero_scalar,2.53125,-5.403663627667754e-16,-5.43835809718729e-16,-5.43835809718729e-16,-9.484335672720711e-16
nonzero_scalar,2.55,-4.553649124439119e-16,-4.588343593958655e-16,-4.605690828718423e-16,-8.060195134452248e-16
nonzero_scalar,2.56875,-5.368969158148218e-16,-5.421010862427522e-16,-5.386316392907986e-16,-9.465671324070426e-16
nonzero_scalar,2.5875,-5.421010862427522e-16,-5.334274688628682e-16,-5.473052566706826e-16,-9.655363197430368e-16
nonzero_scalar,2.6062499999999997,-1.7954387976359953e-16,-1.691355389077387e-16,-1.8995222061946038e-16,-3.3528156484153393e-16
nonzero_scalar,2.625,4.865899350114944e-16,5.039371697712625e-16,4.761815941556335e-16,8.49545673222177e-16
nonzero_scalar,2.64375,1.0521097881799335e-15,1.057313958607864e-15,1.0434361708000495e-15,1.866323651059909e-15
nonzero_scalar,2.6625,9.636388909051163e-16,9.48026379621325e-16,9.688430613330468e-16,1.7386631364399622e-15
nonzero_scalar,2.68125,-9.107298248878237e-17,-1.3791051634015616e-16,-7.546047120499111e-17,-1.3696731144311165e-16
nonzero_scalar,2.6999999999999997,-1.9177368026923602e-15,-1.9784521243515485e-15,-1.893450674028685e-15,-3.425660447194281e-15
nonzero_scalar,2.71875,-3.68888947166468e-15,-3.730522835088124e-15,-3.675011683856866e-15,-6.672598046273679e-15
nonzero_scalar,2.7375,-4.224919025741514e-15,-4.2093065144577224e-15,-4.2266537492174905e-15,-7.70252670002966e-15
nonzero_scalar,2.75625,-2.7798943702528334e-15,-2.719179048593645e-15,-2.811119392820416e-15,-5.142121216770924e-15
nonzero_scalar,2.775,-6.114900252818245e-16,-5.767955557622884e-16,-6.2363308961366215e-16,-1.145429216212978e-15
nonzero_scalar,2.7937499999999997,-4.484260185400046e-16,-4.501607420159814e-16,-4.484260185400046e-16,-8.268643398556764e-16
nonzero_scalar,2.8125,-4.657732532997727e-16,-4.692427002517263e-16,-4.675079767757495e-16,-8.652305880694598e-16
nonzero_scalar,2.83125,-4.692427002517263e-16,-4.675079767757495e-16,-4.709774237277031e-16,-8.74872764534071e-16
nonzero_scalar,2.85,-3.2873009869760494e-16,-3.2526065174565133e-16,-3.37403716077489e-16,-6.292337289607736e-16
nonzero_scalar,2.86875,-8.933825901280557e-17,-7.719519468096792e-17,-9.974659986866641e-17,-1.870970538782014e-16
nonzero_scalar,2.8874999999999997,4.7704895589362195e-17,5.637851296924623e-17,4.0766001685454967e-17,7.603648143738256e-17
nonzero_scalar,2.90625,-1.3964523981613297e-16,-1.3791051634015616e-16,-1.4137996329210978e-16,-2.666648486273031e-16
nonzero_scalar,2.925,-6.87817858224804e-16,-6.999609225566417e-16,-6.87817858224804e-16,-1.3006565968895232e-15
nonzero_scalar,2.94375,-1.349614864309956e-15,-1.3660947373317356e-15,-1.3444106938820255e-15,-2.5513272987471036e-15
nonzero_scalar,2.9625,-1.6020171300645814e-15,-1.6237011735142914e-15,-1.5976803213746393e-15,-3.043075367776098e-15
nonzero_scalar,2.9812499999999997,-1.0902737046514233e-15,-1.1032841307212493e-15,-1.0902737046514233e-15,-2.0843900303315463e-15
nonzero_scalar,3.0,-4.380176776841438e-16,-4.36282954208167e-16,-4.414871246360974e-16,-8.473771447306381e-16
early_contraction,0.0,-3.469446951953614e-18,-3.469446951953614e-18,-3.469446951953614e-18,0.0
early_contraction,0.0021874999999999998,0.0,0.0,9.969351733030152e-13,1.6075085400733603e-18
early_contraction,0.0043749999999999995,0.0,0.0,3.991144220671927e-12,2.304503772773069e-18
early_contraction,0.006562499999999999,0.0,0.0,8.987723759679156e-12,-8.021688357161835e-20
early_contraction,0.008749999999999999,3.469446951953614e-18,3.469446951953614e-18,1.5991794694025785e-11,4.533492952727923e-18
early_contraction,0.0109375,0.0,0.0,2.500846404962509e-11,3.832751142566614e-18
early_contraction,0.013124999999999998,0.0,0.0,3.604285966907206e-11,-2.2576874414801124e-18
early_contraction,0.015312499999999998,0.0,0.0,4.910013715053729e-11,5.292112464333772e-18
early_contraction,0.017499999999999998,-3.469446951953614e-18,-3.469446951953614e-18,6.418541392827493e-11,-1.077894093134175e-18
early_contraction,0.019687499999999997,-3.469446951953614e-18,-3.469446951953614e-18,8.130386294769032e-11,-2.1872376448564045e-18
early_contraction,0.021875,0.0,0.0,1.0046064674584798e-10,2.185892028794934e-18
early_contraction,0.024062499999999997,0.0,0.0,1.2166092439036547e-10,2.417642910821186e-19
early_contraction,0.026249999999999996,0.0,0.0,1.4490988270443594e-10,-7.995922521186118e-19
early_contraction,0.028437499999999998,0.0,3.469446951953614e-18,1.7021270851125259e-10,-2.3215351218941224e-18
early_contraction,0.030624999999999996,3.469446951953614e-18,3.469446951953614e-18,1.9757460251179637e-10,-5.261621171700738e-19
early_contraction,0.032812499999999994,0.0,0.0,2.2700076540704828e-10,-2.1884877732559135e-19
early_contraction,0.034999999999999996,0.0,-3.469446951953614e-18,2.584964117757771e-10,-1.0462725292799213e-18
early_contraction,0.0371875,0.0,-3.469446951953614e-18,2.9206676660509245e-10,-9.581919078122256e-19
early_contraction,0.03937499999999999,0.0,0.0,3.277170618209979e-10,3.414686871619568e-19
early_contraction,0.041562499999999995,3.469446951953614e-18,3.469446951953614e-18,3.654525362883909e-10,1.3881420371474483e-18
early_contraction,0.04375,0.0,0.0,4.052784358110628e-10,-1.0499371461886844e-18
early_contraction,0.04593749999999999,0.0,0.0,4.472000270094867e-10,1.74073971566827e-18
early_contraction,0.048124999999999994,0.0,6.938893903907228e-18,4.912225660957947e-10,-4.765695633696168e-19
early_contraction,0.050312499999999996,0.0,3.469446951953614e-18,5.373513370376948e-10,8.374521278094049e-19
early_contraction,0.05249999999999999,0.0,3.469446951953614e-18,5.855916203334477e-10,2.11732170284522e-18
early_contraction,0.05468749999999999,0.0,0.0,6.359487068896552e-10,1.4026248322999096e-18
early_contraction,0.056874999999999995,3.469446951953614e-18,3.469446951953614e-18,6.884279014907069e-10,1.741385381835156e-18
early_contraction,0.0590625,0.0,3.469446951953614e-18,7.430345123904392e-10,9.084761299498924e-19
early_contraction,0.06124999999999999,0.0,0.0,7.997738582510294e-10,-1.7503681496971756e-18
early_contraction,0.0634375,0.0,3.469446951953614e-18,8.586512750818898e-10,1.489187835837512e-18
early_contraction,0.06562499999999999,-3.469446951953614e-18,3.469446951953614e-18,9.196720850146445e-10,-4.021402344231287e-18
early_contraction,0.0678125,0.0,3.469446951953614e-18,9.828416518142813e-10,-6.761062066327209e-19
early_contraction,0.06999999999999999,-3.469446951953614e-18,3.469446951953614e-18,1.0481653149596593e-09,-3.488951043617002e-18
early_contraction,0.07218749999999999,-3.469446951953614e-18,3.469446951953614e-18,1.115648448624107e-09,-2.0921591788040867e-18
early_contraction,0.074375,0.0,3.469446951953614e-18,1.185296423511506e-09,1.7226282342649036e-18
early_contraction,0.07656249999999999,0.0,0.0,1.257114617264632e-09,4.236641874050368e-18
early_contraction,0.07874999999999999,3.469446951953614e-18,6.938893903907228e-18,1.3311084179346011e-09,3.1993089958430372e-18
early_contraction,0.0809375,0.0,3.469446951953614e-18,1.4072832309197647e-09,4.612366126630889e-18
early_contraction,0.08312499999999999,0.0,6.938893903907228e-18,1.4856444616184739e-09,5.7057413185193e-18
early_contraction,0.08531249999999999,0.0,0.0,1.5661975188985267e-09,-1.6537433211884782e-18
early_contraction,0.0875,0.0,6.938893903907228e-18,1.6489478497916377e-09,2.983819967671695e-18
early_contraction,0.08968749999999999,0.0,0.0,1.7339008701044989e-09,7.1096587239239005e-19
early_contraction,0.09187499999999998,0.0,6.938893903907228e-18,1.8210620372771658e-09,4.5606983576192955e-18
early_contraction,0.0940625,3.469446951953614e-18,3.469446951953614e-18,1.910436787933012e-09,-1.5878807192751685e-18
early_contraction,0.09624999999999999,0.0,3.469446951953614e-18,2.0020306037982216e-09,1.4076765276983475e-18
early_contraction,0.09843749999999998,0.0,6.938893903907228e-18,2.09584894231285e-09,1.451941857408204e-19
early_contraction,0.10062499999999999,0.0,3.469446951953614e-18,2.1918972886725285e-09,-4.97433746755195e-19
early_contraction,0.10281249999999999,0.0,6.938893903907228e-18,2.2901811350117818e-09,2.2883583550906925e-18
early_contraction,0.10499999999999998,-6.938893903907228e-18,1.0408340855860843e-17,2.390705973465135e-09,2.4768173955904864e-18
early_contraction,0.10718749999999999,0.0,3.469446951953614e-18,2.4934773135143473e-09,2.108104119086812e-18
early_contraction,0.10937499999999999,0.0,3.469446951953614e-18,2.598500671580073e-09,1.1269190200886616e-18
early_contraction,0.1115625,0.0,1.0408340855860843e-17,2.705781574491306e-09,7.498288855216627e-19
early_contraction,0.11374999999999999,3.469446951953614e-18,6.938893903907228e-18,2.815325556015935e-09,7.721400145937492e-20
early_contraction,0.11593749999999999,-3.469446951953614e-18,3.469446951953614e-18,2.9271381637996363e-09,2.82664448434835e-18
early_contraction,0.118125,-3.469446951953614e-18,6.938893903907228e-18,3.0412249454880858e-09,3.836143562123884e-18
early_contraction,0.12031249999999999,-3.469446951953614e-18,3.469446951953614e-18,3.1575914660741944e-09,5.915340613934112e-18
early_contraction,0.12249999999999998,0.0,6.938893903907228e-18,3.276243290550873e-09,2.980743269383304e-18
early_contraction,0.12468749999999999,0.0,6.938893903907228e-18,3.3971860081971617e-09,3.610065174545791e-18
early_contraction,0.126875,0.0,3.469446951953614e-18,3.5204252048226525e-09,4.10258670923334e-18
early_contraction,0.1290625,-3.469446951953614e-18,6.938893903907228e-18,3.6459664801147262e-09,5.296520593828598e-18
early_contraction,0.13124999999999998,-3.469446951953614e-18,3.469446951953614e-18,3.77381543723021e-09,2.472790266778272e-18
early_contraction,0.1334375,0.0,0.0,3.9039777001426135e-09,2.13562565883737e-18
early_contraction,0.135625,-3.469446951953614e-18,0.0,4.036458892825445e-09,1.8482002483098942e-18
early_contraction,0.13781249999999998,-3.469446951953614e-18,3.469446951953614e-18,4.1712646496605554e-09,3.0052712424970325e-19
early_contraction,0.13999999999999999,0.0,3.469446951953614e-18,4.308400618907582e-09,6.443844505267717e-19
early_contraction,0.1421875,-3.469446951953614e-18,3.469446951953614e-18,4.447872452295609e-09,4.2481845591130864e-19
early_contraction,0.14437499999999998,-3.469446951953614e-18,0.0,4.589685811962063e-09,-1.723934559247278e-18
early_contraction,0.14656249999999998,0.0,3.469446951953614e-18,4.733846377391604e-09,5.955038665891757e-19
early_contraction,0.14875,0.0,3.469446951953614e-18,4.880359824599445e-09,1.4550214508287389e-18
early_contraction,0.15093749999999997,0.0,0.0,5.029231846948035e-09,2.6671901184374218e-18
early_contraction,0.15312499999999998,0.0,3.469446951953614e-18,5.180468141269268e-09,3.9621951341290026e-19
early_contraction,0.1553125,-3.469446951953614e-18,3.469446951953614e-18,5.334074421742274e-09,-1.4899309542203143e-18
early_contraction,0.15749999999999997,0.0,0.0,5.490056412954525e-09,1.876819043143004e-18
early_contraction,0.15968749999999998,-3.469446951953614e-18,0.0,5.648419836024043e-09,3.0160808387418755e-18
early_contraction,0.161875,-3.469446951953614e-18,3.469446951953614e-18,5.809170429416088e-09,2.1107167690515607e-18
early_contraction,0.16406249999999997,-3.469446951953614e-18,3.469446951953614e-18,5.972313945473706e-09,3.644031692039056e-18
early_contraction,0.16624999999999998,-3.469446951953614e-18,0.0,6.137856133070496e-09,-2.640434961524394e-19
early_contraction,0.1684375,0.0,6.938893903907228e-18,6.30580277230508e-09,3.4265319945937506e-18
early_contraction,0.17062499999999997,0.0,3.469446951953614e-18,6.476159625928846e-09,2.0655427814388148e-18
early_contraction,0.17281249999999998,0.0,3.469446951953614e-18,6.648932484448755e-09,5.634845322578605e-19
early_contraction,0.175,3.469446951953614e-18,6.938893903907228e-18,6.8241271487801125e-09,4.727651529373323e-18
early_contraction,0.17718749999999997,0.0,6.938893903907228e-18,7.0017494094298804e-09,1.3354326409494974e-18
early_contraction,0.17937499999999998,-3.469446951953614e-18,3.469446951953614e-18,7.181805091599491e-09,1.2964873233492758e-18
early_contraction,0.1815625,0.0,3.469446951953614e-18,7.3643000135514836e-09,-2.0984414087612738e-19
early_contraction,0.18374999999999997,0.0,6.938893903907228e-18,7.54924001089563e-09,-5.08895574913036e-19
early_contraction,0.18593749999999998,0.0,3.469446951953614e-18,7.736630929650046e-09,3.913511419177194e-18
early_contraction,0.188125,0.0,3.469446951953614e-18,7.926478612363397e-09,4.157499094197673e-18
early_contraction,0.19031249999999997,0.0,3.469446951953614e-18,8.11878892587048e-09,5.3950423542770324e-18
early_contraction,0.19249999999999998,0.0,3.469446951953614e-18,8.313567737006089e-09,3.67607005152446e-18
early_contraction,0.19468749999999999,3.469446951953614e-18,6.938893903907228e-18,8.510820929952256e-09,2.4631900085889816e-18
early_contraction,0.19687499999999997,-3.469446951953614e-18,3.469446951953614e-18,8.710554395829906e-09,2.691519981794444e-18
early_contraction,0.19906249999999998,-3.469446951953614e-18,3.469446951953614e-18,8.912774032698856e-09,2.7633275307701723e-18
early_contraction,0.20124999999999998,-3.469446951953614e-18,3.469446951953614e-18,9.117485749027265e-09,1.8415852849513076e-18
early_contraction,0.20343749999999997,-3.469446951953614e-18,3.469446951953614e-18,9.324695463691635e-09,-1.6456427414497464e-19
early_contraction,0.20562499999999997,-3.469446951953614e-18,3.469446951953614e-18,9.534409112915698e-09,3.9768875161691694e-18
early_contraction,0.20781249999999998,0.0,3.469446951953614e-18,9.746632625984297e-09,5.735916867265235e-18
early_contraction,0.20999999999999996,-3.469446951953614e-18,3.469446951953614e-18,9.961371949529507e-09,3.891371930082212e-18
early_contraction,0.21218749999999997,0.0,3.469446951953614e-18,1.0178633044061192e-08,1.209159384540215e-18
early_contraction,0.21437499999999998,0.0,3.469446951953614e-18,1.0398421883967002e-08,4.419341462740109e-18
early_contraction,0.2165625,3.469446951953614e-18,6.938893903907228e-18,1.0620744436695695e-08,4.4752919593731954e-18
early_contraction,0.21874999999999997,0.0,6.938893903907228e-18,1.084560669051271e-08,2.860832272655473e-18
early_contraction,0.22093749999999998,0.0,6.938893903907228e-18,1.1073014644091828e-08,1.701060533768349e-18
early_contraction,0.223125,-3.469446951953614e-18,6.938893903907228e-18,1.1302974306515168e-08,3.7483772175901704e-18
early_contraction,0.22531249999999997,3.469446951953614e-18,3.469446951953614e-18,1.1535491683395405e-08,-7.479731058174e-19
early_contraction,0.22749999999999998,0.0,3.469446951953614e-18,1.1770572815039682e-08,2.030541460999246e-18
early_contraction,0.2296875,0.0,6.938893903907228e-18,1.2008223727877354e-08,3.537601671344308e-18
early_contraction,0.23187499999999997,0.0,6.938893903907228e-18,1.224845046915446e-08,5.648209252555012e-18
early_contraction,0.23406249999999998,0.0,6.938893903907228e-18,1.2491259089586482e-08,4.25822984047193e-18
early_contraction,0.23625,0.0,6.938893903907228e-18,1.273665565723614e-08,2.369912159633827e-18
early_contraction,0.23843749999999997,0.0,6.938893903907228e-18,1.2984646247105047e-08,2.5470049113365296e-19
early_contraction,0.24062499999999998,-3.469446951953614e-18,3.469446951953614e-18,1.3235236948072604e-08,1.981142234817579e-18
early_contraction,0.2428125,-3.469446951953614e-18,3.469446951953614e-18,1.3488433849018211e-08,2.3332994913610047e-18
early_contraction,0.24499999999999997,0.0,3.469446951953614e-18,1.3744243056168504e-08,3.1388294785610695e-18
early_contraction,0.24718749999999998,3.469446951953614e-18,6.938893903907228e-18,1.4002670682689011e-08,3.4539422785519202e-18
early_contraction,0.24937499999999999,-3.469446951953614e-18,6.938893903907228e-18,1.4263722848684157e-08,-4.412297192643607e-19
early_contraction,0.25156249999999997,0.0,6.938893903907228e-18,1.4527405698544493e-08,1.2407808449968921e-18
early_contraction,0.25375,-3.469446951953614e-18,3.469446951953614e-18,1.479372536625223e-08,-8.128538443436092e-19
early_contraction,0.2559375,0.0,3.469446951953614e-18,1.5062688013545156e-08,8.191569606112633e-19
early_contraction,0.258125,0.0,6.938893903907228e-18,1.5334299802161055e-08,4.215800438131635e-18
early_contraction,0.26031249999999995,0.0,3.469446951953614e-18,1.560856690077661e-08,4.627671863095264e-18
early_contraction,0.26249999999999996,-3.469446951953614e-18,6.938893903907228e-18,1.588549549194629e-08,9.693663424059927e-19
early_contraction,0.26468749999999996,0.0,3.469446951953614e-18,1.6165091775571794e-08,-9.543745209840816e-19
early_contraction,0.266875,0.0,3.469446951953614e-18,1.6447361958493723e-08,1.7846322454158066e-18
early_contraction,0.2690625,0.0,6.938893903907228e-18,1.6732312247552672e-08,2.745869056761628e-18
early_contraction,0.27125,0.0,3.469446951953614e-18,1.7019948866936474e-08,2.3421718306112485e-18
early_contraction,0.27343749999999994,0.0,3.469446951953614e-18,1.7310278054710748e-08,4.568290221281307e-18
early_contraction,0.27562499999999995,0.0,3.469446951953614e-18,1.7603306045471667e-08,7.880218823547673e-19
early_contraction,0.27781249999999996,-3.469446951953614e-18,3.469446951953614e-18,1.7899039105040426e-08,2.1186543942096196e-18
early_contraction,0.27999999999999997,0.0,3.469446951953614e-18,1.819748348882988e-08,5.504225232050357e-19
early_contraction,0.2821875,0.0,3.469446951953614e-18,1.849864547653901e-08,1.313688544187316e-18
early_contraction,0.284375,0.0,6.938893903907228e-18,1.8802531347866802e-08,2.1417029547977971e-19
early_contraction,0.2865625,0.0,3.469446951953614e-18,1.9109147399859472e-08,-2.0688448864441265e-19
early_contraction,0.28874999999999995,3.469446951953614e-18,0.0,1.941849993650213e-08,-3.842386294206822e-19
early_contraction,0.29093749999999996,0.0,0.0,1.9730595272188234e-08,-5.051426564738829e-19
early_contraction,0.29312499999999997,0.0,3.469446951953614e-18,2.0045439731719572e-08,-5.246972061546365e-19
early_contraction,0.2953125,-3.469446951953614e-18,0.0,2.036303965030628e-08,-1.926933780554529e-19
early_contraction,0.2975,0.0,0.0,2.0683401373566834e-08,9.49762161888486e-19
early_contraction,0.2996875,-3.469446951953614e-18,0.0,2.1006531250589155e-08,-2.884028071392685e-18
early_contraction,0.30187499999999995,0.0,3.469446951953614e-18,2.133243566168619e-08,2.0121565447046424e-18
early_contraction,0.30406249999999996,-3.469446951953614e-18,3.469446951953614e-18,2.166112096288475e-08,-2.6688486155655906e-18
early_contraction,0.30624999999999997,0.0,0.0,2.199259356225336e-08,3.519547627294726e-18
early_contraction,0.3084375,-6.938893903907228e-18,0.0,2.232685983316607e-08,-6.285844736463964e-19
early_contraction,0.310625,-3.469446951953614e-18,0.0,2.266392620103863e-08,2.373442566488203e-18
early_contraction,0.3128125,-3.469446951953614e-18,3.469446951953614e-18,2.3003799073939568e-08,4.4267331486938825e-18
early_contraction,0.31499999999999995,-3.469446951953614e-18,3.469446951953614e-18,2.3346484877284635e-08,3.966476620979577e-18
early_contraction,0.31718749999999996,-3.469446951953614e-18,0.0,2.3691990050367373e-08,2.7269100771219127e-18
early_contraction,0.31937499999999996,-3.469446951953614e-18,0.0,2.4040321046359114e-08,5.71954034549791e-18
early_contraction,0.3215625,0.0,3.469446951953614e-18,2.4391484308022848e-08,-1.1951568711309174e-18
early_contraction,0.32375,-3.469446951953614e-18,0.0,2.4745486323224375e-08,-7.85192924659836e-20
early_contraction,0.3259375,0.0,0.0,2.510233356248226e-08,1.430135722100081e-18
early_contraction,0.32812499999999994,0.0,0.0,2.5462032513662303e-08,2.1277897768946552e-18
early_contraction,0.33031249999999995,-3.469446951953614e-18,0.0,2.5824589675038645e-08,8.299367783540544e-19
early_contraction,0.33249999999999996,-3.469446951953614e-18,-3.469446951953614e-18,2.6190011562232662e-08,2.7424081330787063e-18
early_contraction,0.33468749999999997,-3.469446951953614e-18,-3.469446951953614e-18,2.655830469086573e-08,3.479088569173532e-18
early_contraction,0.336875,-3.469446951953614e-18,-3.469446951953614e-18,2.692947559390646e-08,5.019110272567608e-18
early_contraction,0.3390625,-6.938893903907228e-18,0.0,2.730353080432346e-08,-2.578851364919821e-19
early_contraction,0.34124999999999994,-6.938893903907228e-18,0.0,2.7680476889779815e-08,2.2938975700626538e-18
early_contraction,0.34343749999999995,-3.469446951953614e-18,3.469446951953614e-18,2.8060320404060812e-08,4.944455567923472e-18
early_contraction,0.34562499999999996,-3.469446951953614e-18,0.0,2.8443067911360087e-08,-9.145639724631295e-20
early_contraction,0.34781249999999997,0.0,0.0,2.8828726010565742e-08,1.5926899473565518e-18
early_contraction,0.35,-3.469446951953614e-18,0.0,2.9217301290157538e-08,5.2048288636980135e-18
